Shareholder - Name	Issuer - Name	Security - Market Value - Amount	Security - Report Date	Security - Market Value - Currency Code	Data Source URL
Metal and Technology Pension Fund	AAC Technologies Holdings Inc	1.380.165	2025-12-31	EUR	https://www.pmt.nl/over-pmt/zo-beleggen-we/waar-beleggen-we-in/aandelen-en-obligaties/#
Metal and Technology Pension Fund	ABB India Ltd	1.150.578	2025-12-31	EUR	https://www.pmt.nl/over-pmt/zo-beleggen-we/waar-beleggen-we-in/aandelen-en-obligaties/#
Metal and Technology Pension Fund	ABB Ltd	40.190.237	2025-12-31	EUR	https://www.pmt.nl/over-pmt/zo-beleggen-we/waar-beleggen-we-in/aandelen-en-obligaties/#
Metal and Technology Pension Fund	Abbott Laboratories	72.585.737	2025-12-31	EUR	https://www.pmt.nl/over-pmt/zo-beleggen-we/waar-beleggen-we-in/aandelen-en-obligaties/#
Metal and Technology Pension Fund	AbbVie Inc	135.188.960	2025-12-31	EUR	https://www.pmt.nl/over-pmt/zo-beleggen-we/waar-beleggen-we-in/aandelen-en-obligaties/#
Metal and Technology Pension Fund	ABN AMRO Bank NV	5.429.823	2025-12-31	EUR	https://www.pmt.nl/over-pmt/zo-beleggen-we/waar-beleggen-we-in/aandelen-en-obligaties/#
Metal and Technology Pension Fund	Absa Group Ltd	5.030.156	2025-12-31	EUR	https://www.pmt.nl/over-pmt/zo-beleggen-we/waar-beleggen-we-in/aandelen-en-obligaties/#
Metal and Technology Pension Fund	Abu Dhabi Islamic Bank PJSC	3.239.077	2025-12-31	EUR	https://www.pmt.nl/over-pmt/zo-beleggen-we/waar-beleggen-we-in/aandelen-en-obligaties/#
Metal and Technology Pension Fund	Accenture PLC	56.116.494	2025-12-31	EUR	https://www.pmt.nl/over-pmt/zo-beleggen-we/waar-beleggen-we-in/aandelen-en-obligaties/#
Metal and Technology Pension Fund	Acciona SA	1.779.807	2025-12-31	EUR	https://www.pmt.nl/over-pmt/zo-beleggen-we/waar-beleggen-we-in/aandelen-en-obligaties/#
Metal and Technology Pension Fund	Accor SA	3.769.888	2025-12-31	EUR	https://www.pmt.nl/over-pmt/zo-beleggen-we/waar-beleggen-we-in/aandelen-en-obligaties/#
Metal and Technology Pension Fund	Accton Technology Corp	7.193.145	2025-12-31	EUR	https://www.pmt.nl/over-pmt/zo-beleggen-we/waar-beleggen-we-in/aandelen-en-obligaties/#
Metal and Technology Pension Fund	ACM Research Shanghai Inc	329.459	2025-12-31	EUR	https://www.pmt.nl/over-pmt/zo-beleggen-we/waar-beleggen-we-in/aandelen-en-obligaties/#
Metal and Technology Pension Fund	ACS Actividades de Construccion y Servicios SA	6.124.897	2025-12-31	EUR	https://www.pmt.nl/over-pmt/zo-beleggen-we/waar-beleggen-we-in/aandelen-en-obligaties/#
Metal and Technology Pension Fund	AddTech AB	3.142.671	2025-12-31	EUR	https://www.pmt.nl/over-pmt/zo-beleggen-we/waar-beleggen-we-in/aandelen-en-obligaties/#
Metal and Technology Pension Fund	adidas AG	11.472.747	2025-12-31	EUR	https://www.pmt.nl/over-pmt/zo-beleggen-we/waar-beleggen-we-in/aandelen-en-obligaties/#
Metal and Technology Pension Fund	Admiral Group PLC	3.739.289	2025-12-31	EUR	https://www.pmt.nl/over-pmt/zo-beleggen-we/waar-beleggen-we-in/aandelen-en-obligaties/#
Metal and Technology Pension Fund	Adobe Inc	49.980.521	2025-12-31	EUR	https://www.pmt.nl/over-pmt/zo-beleggen-we/waar-beleggen-we-in/aandelen-en-obligaties/#
Metal and Technology Pension Fund	Advanced Info Service PCL	4.335.566	2025-12-31	EUR	https://www.pmt.nl/over-pmt/zo-beleggen-we/waar-beleggen-we-in/aandelen-en-obligaties/#
Metal and Technology Pension Fund	Advanced Micro Devices Inc	116.390.749	2025-12-31	EUR	https://www.pmt.nl/over-pmt/zo-beleggen-we/waar-beleggen-we-in/aandelen-en-obligaties/#
Metal and Technology Pension Fund	Advantest Corp	33.171.347	2025-12-31	EUR	https://www.pmt.nl/over-pmt/zo-beleggen-we/waar-beleggen-we-in/aandelen-en-obligaties/#
Metal and Technology Pension Fund	Adyen NV	13.750.000	2025-12-31	EUR	https://www.pmt.nl/over-pmt/zo-beleggen-we/waar-beleggen-we-in/aandelen-en-obligaties/#
Metal and Technology Pension Fund	AECOM	4.176.517	2025-12-31	EUR	https://www.pmt.nl/over-pmt/zo-beleggen-we/waar-beleggen-we-in/aandelen-en-obligaties/#
Metal and Technology Pension Fund	Aegon Ltd	3.503.496	2025-12-31	EUR	https://www.pmt.nl/over-pmt/zo-beleggen-we/waar-beleggen-we-in/aandelen-en-obligaties/#
Metal and Technology Pension Fund	Aena SME SA	7.092.048	2025-12-31	EUR	https://www.pmt.nl/over-pmt/zo-beleggen-we/waar-beleggen-we-in/aandelen-en-obligaties/#
Metal and Technology Pension Fund	Aeon Co Ltd	10.753.585	2025-12-31	EUR	https://www.pmt.nl/over-pmt/zo-beleggen-we/waar-beleggen-we-in/aandelen-en-obligaties/#
Metal and Technology Pension Fund	AerCap Holdings NV	8.950.833	2025-12-31	EUR	https://www.pmt.nl/over-pmt/zo-beleggen-we/waar-beleggen-we-in/aandelen-en-obligaties/#
Metal and Technology Pension Fund	Aeroports de Paris SA	1.496.548	2025-12-31	EUR	https://www.pmt.nl/over-pmt/zo-beleggen-we/waar-beleggen-we-in/aandelen-en-obligaties/#
Metal and Technology Pension Fund	Aflac Inc	19.294.926	2025-12-31	EUR	https://www.pmt.nl/over-pmt/zo-beleggen-we/waar-beleggen-we-in/aandelen-en-obligaties/#
Metal and Technology Pension Fund	AGC Inc	2.256.733	2025-12-31	EUR	https://www.pmt.nl/over-pmt/zo-beleggen-we/waar-beleggen-we-in/aandelen-en-obligaties/#
Metal and Technology Pension Fund	Ageas SA/NV	3.560.791	2025-12-31	EUR	https://www.pmt.nl/over-pmt/zo-beleggen-we/waar-beleggen-we-in/aandelen-en-obligaties/#
Metal and Technology Pension Fund	Agilent Technologies Inc	12.940.814	2025-12-31	EUR	https://www.pmt.nl/over-pmt/zo-beleggen-we/waar-beleggen-we-in/aandelen-en-obligaties/#
Metal and Technology Pension Fund	Agnico Eagle Mines Ltd	28.541.040	2025-12-31	EUR	https://www.pmt.nl/over-pmt/zo-beleggen-we/waar-beleggen-we-in/aandelen-en-obligaties/#
Metal and Technology Pension Fund	AIA Group Ltd	38.051.115	2025-12-31	EUR	https://www.pmt.nl/over-pmt/zo-beleggen-we/waar-beleggen-we-in/aandelen-en-obligaties/#
Metal and Technology Pension Fund	AIB Group PLC	7.612.117	2025-12-31	EUR	https://www.pmt.nl/over-pmt/zo-beleggen-we/waar-beleggen-we-in/aandelen-en-obligaties/#
Metal and Technology Pension Fund	Aier Eye Hospital Group Co Ltd	317.336	2025-12-31	EUR	https://www.pmt.nl/over-pmt/zo-beleggen-we/waar-beleggen-we-in/aandelen-en-obligaties/#
Metal and Technology Pension Fund	Airbnb Inc	19.697.514	2025-12-31	EUR	https://www.pmt.nl/over-pmt/zo-beleggen-we/waar-beleggen-we-in/aandelen-en-obligaties/#
Metal and Technology Pension Fund	Airports of Thailand PCL	2.847.685	2025-12-31	EUR	https://www.pmt.nl/over-pmt/zo-beleggen-we/waar-beleggen-we-in/aandelen-en-obligaties/#
Metal and Technology Pension Fund	Airtac International Group	1.789.344	2025-12-31	EUR	https://www.pmt.nl/over-pmt/zo-beleggen-we/waar-beleggen-we-in/aandelen-en-obligaties/#
Metal and Technology Pension Fund	Aisin Corp	3.377.575	2025-12-31	EUR	https://www.pmt.nl/over-pmt/zo-beleggen-we/waar-beleggen-we-in/aandelen-en-obligaties/#
Metal and Technology Pension Fund	Ajinomoto Co Inc	6.623.580	2025-12-31	EUR	https://www.pmt.nl/over-pmt/zo-beleggen-we/waar-beleggen-we-in/aandelen-en-obligaties/#
Metal and Technology Pension Fund	Akbank TAS	1.797.183	2025-12-31	EUR	https://www.pmt.nl/over-pmt/zo-beleggen-we/waar-beleggen-we-in/aandelen-en-obligaties/#
Metal and Technology Pension Fund	Aker BP ASA	2.705.750	2025-12-31	EUR	https://www.pmt.nl/over-pmt/zo-beleggen-we/waar-beleggen-we-in/aandelen-en-obligaties/#
Metal and Technology Pension Fund	Akzo Nobel NV	4.033.000	2025-12-31	EUR	https://www.pmt.nl/over-pmt/zo-beleggen-we/waar-beleggen-we-in/aandelen-en-obligaties/#
Metal and Technology Pension Fund	Al Rajhi Bank	19.141.660	2025-12-31	EUR	https://www.pmt.nl/over-pmt/zo-beleggen-we/waar-beleggen-we-in/aandelen-en-obligaties/#
Metal and Technology Pension Fund	Alamos Gold Inc	5.364.427	2025-12-31	EUR	https://www.pmt.nl/over-pmt/zo-beleggen-we/waar-beleggen-we-in/aandelen-en-obligaties/#
Metal and Technology Pension Fund	Alcon AG	13.494.111	2025-12-31	EUR	https://www.pmt.nl/over-pmt/zo-beleggen-we/waar-beleggen-we-in/aandelen-en-obligaties/#
Metal and Technology Pension Fund	Alfa Laval AB	4.953.358	2025-12-31	EUR	https://www.pmt.nl/over-pmt/zo-beleggen-we/waar-beleggen-we-in/aandelen-en-obligaties/#
Metal and Technology Pension Fund	Alibaba Health Information Technology Ltd	1.496.002	2025-12-31	EUR	https://www.pmt.nl/over-pmt/zo-beleggen-we/waar-beleggen-we-in/aandelen-en-obligaties/#
Metal and Technology Pension Fund	Allegion plc	4.522.203	2025-12-31	EUR	https://www.pmt.nl/over-pmt/zo-beleggen-we/waar-beleggen-we-in/aandelen-en-obligaties/#
Metal and Technology Pension Fund	Allegro.eu SA	2.217.051	2025-12-31	EUR	https://www.pmt.nl/over-pmt/zo-beleggen-we/waar-beleggen-we-in/aandelen-en-obligaties/#
Metal and Technology Pension Fund	Alliant Energy Corp	5.509.341	2025-12-31	EUR	https://www.pmt.nl/over-pmt/zo-beleggen-we/waar-beleggen-we-in/aandelen-en-obligaties/#
Metal and Technology Pension Fund	Allianz SE	60.158.087	2025-12-31	EUR	https://www.pmt.nl/over-pmt/zo-beleggen-we/waar-beleggen-we-in/aandelen-en-obligaties/#
Metal and Technology Pension Fund	Allstate Corp/The	18.366.010	2025-12-31	EUR	https://www.pmt.nl/over-pmt/zo-beleggen-we/waar-beleggen-we-in/aandelen-en-obligaties/#
Metal and Technology Pension Fund	Alpha Bank SA	3.386.147	2025-12-31	EUR	https://www.pmt.nl/over-pmt/zo-beleggen-we/waar-beleggen-we-in/aandelen-en-obligaties/#
Metal and Technology Pension Fund	Alphabet Inc	951.758.303	2025-12-31	EUR	https://www.pmt.nl/over-pmt/zo-beleggen-we/waar-beleggen-we-in/aandelen-en-obligaties/#
Metal and Technology Pension Fund	Alstom SA	3.480.860	2025-12-31	EUR	https://www.pmt.nl/over-pmt/zo-beleggen-we/waar-beleggen-we-in/aandelen-en-obligaties/#
Metal and Technology Pension Fund	AltaGas Ltd	2.992.305	2025-12-31	EUR	https://www.pmt.nl/over-pmt/zo-beleggen-we/waar-beleggen-we-in/aandelen-en-obligaties/#
Metal and Technology Pension Fund	Amadeus IT Group SA	11.226.680	2025-12-31	EUR	https://www.pmt.nl/over-pmt/zo-beleggen-we/waar-beleggen-we-in/aandelen-en-obligaties/#
Metal and Technology Pension Fund	Amazon.com Inc	565.399.039	2025-12-31	EUR	https://www.pmt.nl/over-pmt/zo-beleggen-we/waar-beleggen-we-in/aandelen-en-obligaties/#
Metal and Technology Pension Fund	Ambev SA	4.531.570	2025-12-31	EUR	https://www.pmt.nl/over-pmt/zo-beleggen-we/waar-beleggen-we-in/aandelen-en-obligaties/#
Metal and Technology Pension Fund	Amcor PLC	6.309.917	2025-12-31	EUR	https://www.pmt.nl/over-pmt/zo-beleggen-we/waar-beleggen-we-in/aandelen-en-obligaties/#
Metal and Technology Pension Fund	Ameren Corp	9.043.645	2025-12-31	EUR	https://www.pmt.nl/over-pmt/zo-beleggen-we/waar-beleggen-we-in/aandelen-en-obligaties/#
Metal and Technology Pension Fund	America Movil SAB de CV	7.277.205	2025-12-31	EUR	https://www.pmt.nl/over-pmt/zo-beleggen-we/waar-beleggen-we-in/aandelen-en-obligaties/#
Metal and Technology Pension Fund	American Electric Power Co Inc	20.707.003	2025-12-31	EUR	https://www.pmt.nl/over-pmt/zo-beleggen-we/waar-beleggen-we-in/aandelen-en-obligaties/#
Metal and Technology Pension Fund	American Express Co	69.216.198	2025-12-31	EUR	https://www.pmt.nl/over-pmt/zo-beleggen-we/waar-beleggen-we-in/aandelen-en-obligaties/#
Metal and Technology Pension Fund	American Financial Group Inc/OH	3.266.262	2025-12-31	EUR	https://www.pmt.nl/over-pmt/zo-beleggen-we/waar-beleggen-we-in/aandelen-en-obligaties/#
Metal and Technology Pension Fund	American Homes 4 Rent	43.398.861	2025-12-31	EUR	https://www.pmt.nl/over-pmt/zo-beleggen-we/waar-beleggen-we-in/aandelen-en-obligaties/#
Metal and Technology Pension Fund	American International Group Inc	16.480.349	2025-12-31	EUR	https://www.pmt.nl/over-pmt/zo-beleggen-we/waar-beleggen-we-in/aandelen-en-obligaties/#
Metal and Technology Pension Fund	Ameriprise Financial Inc	15.516.613	2025-12-31	EUR	https://www.pmt.nl/over-pmt/zo-beleggen-we/waar-beleggen-we-in/aandelen-en-obligaties/#
Metal and Technology Pension Fund	AMETEK Inc	15.792.848	2025-12-31	EUR	https://www.pmt.nl/over-pmt/zo-beleggen-we/waar-beleggen-we-in/aandelen-en-obligaties/#
Metal and Technology Pension Fund	Amgen Inc	58.788.716	2025-12-31	EUR	https://www.pmt.nl/over-pmt/zo-beleggen-we/waar-beleggen-we-in/aandelen-en-obligaties/#
Metal and Technology Pension Fund	Amman Mineral Internasional PT	2.109.127	2025-12-31	EUR	https://www.pmt.nl/over-pmt/zo-beleggen-we/waar-beleggen-we-in/aandelen-en-obligaties/#
Metal and Technology Pension Fund	AMMB Holdings Bhd	1.354.976	2025-12-31	EUR	https://www.pmt.nl/over-pmt/zo-beleggen-we/waar-beleggen-we-in/aandelen-en-obligaties/#
Metal and Technology Pension Fund	Amorepacific Corp	933.692	2025-12-31	EUR	https://www.pmt.nl/over-pmt/zo-beleggen-we/waar-beleggen-we-in/aandelen-en-obligaties/#
Metal and Technology Pension Fund	Amphenol Corp	54.703.020	2025-12-31	EUR	https://www.pmt.nl/over-pmt/zo-beleggen-we/waar-beleggen-we-in/aandelen-en-obligaties/#
Metal and Technology Pension Fund	Amundi SA	1.687.411	2025-12-31	EUR	https://www.pmt.nl/over-pmt/zo-beleggen-we/waar-beleggen-we-in/aandelen-en-obligaties/#
Metal and Technology Pension Fund	ANA Holdings Inc	1.102.020	2025-12-31	EUR	https://www.pmt.nl/over-pmt/zo-beleggen-we/waar-beleggen-we-in/aandelen-en-obligaties/#
Metal and Technology Pension Fund	Analog Devices Inc	44.942.374	2025-12-31	EUR	https://www.pmt.nl/over-pmt/zo-beleggen-we/waar-beleggen-we-in/aandelen-en-obligaties/#
Metal and Technology Pension Fund	Anheuser-Busch InBev SA/NV	21.537.599	2025-12-31	EUR	https://www.pmt.nl/over-pmt/zo-beleggen-we/waar-beleggen-we-in/aandelen-en-obligaties/#
Metal and Technology Pension Fund	ANTA Sports Products Ltd	4.971.537	2025-12-31	EUR	https://www.pmt.nl/over-pmt/zo-beleggen-we/waar-beleggen-we-in/aandelen-en-obligaties/#
Metal and Technology Pension Fund	ANZ Group Holdings Ltd	24.887.618	2025-12-31	EUR	https://www.pmt.nl/over-pmt/zo-beleggen-we/waar-beleggen-we-in/aandelen-en-obligaties/#
Metal and Technology Pension Fund	Aon PLC	23.140.840	2025-12-31	EUR	https://www.pmt.nl/over-pmt/zo-beleggen-we/waar-beleggen-we-in/aandelen-en-obligaties/#
Metal and Technology Pension Fund	AP Moller - Maersk A/S	5.596.091	2025-12-31	EUR	https://www.pmt.nl/over-pmt/zo-beleggen-we/waar-beleggen-we-in/aandelen-en-obligaties/#
Metal and Technology Pension Fund	APA Group	2.696.027	2025-12-31	EUR	https://www.pmt.nl/over-pmt/zo-beleggen-we/waar-beleggen-we-in/aandelen-en-obligaties/#
Metal and Technology Pension Fund	Apollo Global Management Inc	19.535.728	2025-12-31	EUR	https://www.pmt.nl/over-pmt/zo-beleggen-we/waar-beleggen-we-in/aandelen-en-obligaties/#
Metal and Technology Pension Fund	Apollo Hospitals Enterprise Ltd	3.257.625	2025-12-31	EUR	https://www.pmt.nl/over-pmt/zo-beleggen-we/waar-beleggen-we-in/aandelen-en-obligaties/#
Metal and Technology Pension Fund	Apple Inc	657.202.135	2025-12-31	EUR	https://www.pmt.nl/over-pmt/zo-beleggen-we/waar-beleggen-we-in/aandelen-en-obligaties/#
Metal and Technology Pension Fund	Applied Materials Inc	69.897.035	2025-12-31	EUR	https://www.pmt.nl/over-pmt/zo-beleggen-we/waar-beleggen-we-in/aandelen-en-obligaties/#
Metal and Technology Pension Fund	AppLovin Corp	52.366.276	2025-12-31	EUR	https://www.pmt.nl/over-pmt/zo-beleggen-we/waar-beleggen-we-in/aandelen-en-obligaties/#
Metal and Technology Pension Fund	Aptiv PLC	5.764.816	2025-12-31	EUR	https://www.pmt.nl/over-pmt/zo-beleggen-we/waar-beleggen-we-in/aandelen-en-obligaties/#
Metal and Technology Pension Fund	Arab National Bank	1.874.272	2025-12-31	EUR	https://www.pmt.nl/over-pmt/zo-beleggen-we/waar-beleggen-we-in/aandelen-en-obligaties/#
Metal and Technology Pension Fund	Arca Continental SAB de CV	2.209.736	2025-12-31	EUR	https://www.pmt.nl/over-pmt/zo-beleggen-we/waar-beleggen-we-in/aandelen-en-obligaties/#
Metal and Technology Pension Fund	Arch Capital Group Ltd	11.892.708	2025-12-31	EUR	https://www.pmt.nl/over-pmt/zo-beleggen-we/waar-beleggen-we-in/aandelen-en-obligaties/#
Metal and Technology Pension Fund	Archer-Daniels-Midland Co	9.266.686	2025-12-31	EUR	https://www.pmt.nl/over-pmt/zo-beleggen-we/waar-beleggen-we-in/aandelen-en-obligaties/#
Metal and Technology Pension Fund	Ares Management Corp	11.051.586	2025-12-31	EUR	https://www.pmt.nl/over-pmt/zo-beleggen-we/waar-beleggen-we-in/aandelen-en-obligaties/#
Metal and Technology Pension Fund	Arista Networks Inc	46.926.022	2025-12-31	EUR	https://www.pmt.nl/over-pmt/zo-beleggen-we/waar-beleggen-we-in/aandelen-en-obligaties/#
Metal and Technology Pension Fund	Aristocrat Leisure Ltd	7.564.721	2025-12-31	EUR	https://www.pmt.nl/over-pmt/zo-beleggen-we/waar-beleggen-we-in/aandelen-en-obligaties/#
Metal and Technology Pension Fund	Arthur J Gallagher & Co	22.141.865	2025-12-31	EUR	https://www.pmt.nl/over-pmt/zo-beleggen-we/waar-beleggen-we-in/aandelen-en-obligaties/#
Metal and Technology Pension Fund	Asahi Group Holdings Ltd	5.249.203	2025-12-31	EUR	https://www.pmt.nl/over-pmt/zo-beleggen-we/waar-beleggen-we-in/aandelen-en-obligaties/#
Metal and Technology Pension Fund	Asahi Kasei Corp	3.737.920	2025-12-31	EUR	https://www.pmt.nl/over-pmt/zo-beleggen-we/waar-beleggen-we-in/aandelen-en-obligaties/#
Metal and Technology Pension Fund	ASE Technology Holding Co Ltd	10.121.336	2025-12-31	EUR	https://www.pmt.nl/over-pmt/zo-beleggen-we/waar-beleggen-we-in/aandelen-en-obligaties/#
Metal and Technology Pension Fund	Aselsan Elektronik Sanayi Ve Ticaret AS	2.885.194	2025-12-31	EUR	https://www.pmt.nl/over-pmt/zo-beleggen-we/waar-beleggen-we-in/aandelen-en-obligaties/#
Metal and Technology Pension Fund	Ashok Leyland Ltd	2.178.340	2025-12-31	EUR	https://www.pmt.nl/over-pmt/zo-beleggen-we/waar-beleggen-we-in/aandelen-en-obligaties/#
Metal and Technology Pension Fund	Ashtead Group PLC	9.984.206	2025-12-31	EUR	https://www.pmt.nl/over-pmt/zo-beleggen-we/waar-beleggen-we-in/aandelen-en-obligaties/#
Metal and Technology Pension Fund	Asia Cement Corp	761.101	2025-12-31	EUR	https://www.pmt.nl/over-pmt/zo-beleggen-we/waar-beleggen-we-in/aandelen-en-obligaties/#
Metal and Technology Pension Fund	Asia Vital Components Co Ltd	6.096.993	2025-12-31	EUR	https://www.pmt.nl/over-pmt/zo-beleggen-we/waar-beleggen-we-in/aandelen-en-obligaties/#
Metal and Technology Pension Fund	Asian Paints Ltd	4.550.284	2025-12-31	EUR	https://www.pmt.nl/over-pmt/zo-beleggen-we/waar-beleggen-we-in/aandelen-en-obligaties/#
Metal and Technology Pension Fund	Asics Corp	5.464.551	2025-12-31	EUR	https://www.pmt.nl/over-pmt/zo-beleggen-we/waar-beleggen-we-in/aandelen-en-obligaties/#
Metal and Technology Pension Fund	ASM International NV	9.620.114	2025-12-31	EUR	https://www.pmt.nl/over-pmt/zo-beleggen-we/waar-beleggen-we-in/aandelen-en-obligaties/#
Metal and Technology Pension Fund	ASML Holding NV	144.579.638	2025-12-31	EUR	https://www.pmt.nl/over-pmt/zo-beleggen-we/waar-beleggen-we-in/aandelen-en-obligaties/#
Metal and Technology Pension Fund	ASPEED Technology Inc	2.557.599	2025-12-31	EUR	https://www.pmt.nl/over-pmt/zo-beleggen-we/waar-beleggen-we-in/aandelen-en-obligaties/#
Metal and Technology Pension Fund	ASR Nederland NV	3.579.308	2025-12-31	EUR	https://www.pmt.nl/over-pmt/zo-beleggen-we/waar-beleggen-we-in/aandelen-en-obligaties/#
Metal and Technology Pension Fund	Assa Abloy AB	13.193.876	2025-12-31	EUR	https://www.pmt.nl/over-pmt/zo-beleggen-we/waar-beleggen-we-in/aandelen-en-obligaties/#
Metal and Technology Pension Fund	Astellas Pharma Inc	8.329.289	2025-12-31	EUR	https://www.pmt.nl/over-pmt/zo-beleggen-we/waar-beleggen-we-in/aandelen-en-obligaties/#
Metal and Technology Pension Fund	Astra International Tbk PT	3.219.114	2025-12-31	EUR	https://www.pmt.nl/over-pmt/zo-beleggen-we/waar-beleggen-we-in/aandelen-en-obligaties/#
Metal and Technology Pension Fund	Astral Ltd	649.456	2025-12-31	EUR	https://www.pmt.nl/over-pmt/zo-beleggen-we/waar-beleggen-we-in/aandelen-en-obligaties/#
Metal and Technology Pension Fund	AstraZeneca PLC	97.639.012	2025-12-31	EUR	https://www.pmt.nl/over-pmt/zo-beleggen-we/waar-beleggen-we-in/aandelen-en-obligaties/#
Metal and Technology Pension Fund	Asustek Computer Inc	4.856.023	2025-12-31	EUR	https://www.pmt.nl/over-pmt/zo-beleggen-we/waar-beleggen-we-in/aandelen-en-obligaties/#
Metal and Technology Pension Fund	ASX Ltd	2.306.447	2025-12-31	EUR	https://www.pmt.nl/over-pmt/zo-beleggen-we/waar-beleggen-we-in/aandelen-en-obligaties/#
Metal and Technology Pension Fund	AT&T Inc	59.565.747	2025-12-31	EUR	https://www.pmt.nl/over-pmt/zo-beleggen-we/waar-beleggen-we-in/aandelen-en-obligaties/#
Metal and Technology Pension Fund	Atlas Copco AB	24.904.452	2025-12-31	EUR	https://www.pmt.nl/over-pmt/zo-beleggen-we/waar-beleggen-we-in/aandelen-en-obligaties/#
Metal and Technology Pension Fund	Atlassian Corp	8.779.264	2025-12-31	EUR	https://www.pmt.nl/over-pmt/zo-beleggen-we/waar-beleggen-we-in/aandelen-en-obligaties/#
Metal and Technology Pension Fund	Atmos Energy Corp	8.783.073	2025-12-31	EUR	https://www.pmt.nl/over-pmt/zo-beleggen-we/waar-beleggen-we-in/aandelen-en-obligaties/#
Metal and Technology Pension Fund	Atrium Ljungberg AB	1.299.042	2025-12-31	EUR	https://www.pmt.nl/over-pmt/zo-beleggen-we/waar-beleggen-we-in/aandelen-en-obligaties/#
Metal and Technology Pension Fund	AU Small Finance Bank Ltd	1.513.228	2025-12-31	EUR	https://www.pmt.nl/over-pmt/zo-beleggen-we/waar-beleggen-we-in/aandelen-en-obligaties/#
Metal and Technology Pension Fund	Auckland International Airport Ltd	2.723.786	2025-12-31	EUR	https://www.pmt.nl/over-pmt/zo-beleggen-we/waar-beleggen-we-in/aandelen-en-obligaties/#
Metal and Technology Pension Fund	Aurobindo Pharma Ltd	1.371.044	2025-12-31	EUR	https://www.pmt.nl/over-pmt/zo-beleggen-we/waar-beleggen-we-in/aandelen-en-obligaties/#
Metal and Technology Pension Fund	Auto Trader Group PLC	2.331.423	2025-12-31	EUR	https://www.pmt.nl/over-pmt/zo-beleggen-we/waar-beleggen-we-in/aandelen-en-obligaties/#
Metal and Technology Pension Fund	Autodesk Inc	21.251.121	2025-12-31	EUR	https://www.pmt.nl/over-pmt/zo-beleggen-we/waar-beleggen-we-in/aandelen-en-obligaties/#
Metal and Technology Pension Fund	Autohome Inc	623.572	2025-12-31	EUR	https://www.pmt.nl/over-pmt/zo-beleggen-we/waar-beleggen-we-in/aandelen-en-obligaties/#
Metal and Technology Pension Fund	Automatic Data Processing Inc	34.954.544	2025-12-31	EUR	https://www.pmt.nl/over-pmt/zo-beleggen-we/waar-beleggen-we-in/aandelen-en-obligaties/#
Metal and Technology Pension Fund	AutoZone Inc	18.989.743	2025-12-31	EUR	https://www.pmt.nl/over-pmt/zo-beleggen-we/waar-beleggen-we-in/aandelen-en-obligaties/#
Metal and Technology Pension Fund	Avenue Supermarts Ltd	2.510.017	2025-12-31	EUR	https://www.pmt.nl/over-pmt/zo-beleggen-we/waar-beleggen-we-in/aandelen-en-obligaties/#
Metal and Technology Pension Fund	Aviva PLC	8.328.540	2025-12-31	EUR	https://www.pmt.nl/over-pmt/zo-beleggen-we/waar-beleggen-we-in/aandelen-en-obligaties/#
Metal and Technology Pension Fund	Avolta AG	1.727.234	2025-12-31	EUR	https://www.pmt.nl/over-pmt/zo-beleggen-we/waar-beleggen-we-in/aandelen-en-obligaties/#
Metal and Technology Pension Fund	AXA SA	28.800.123	2025-12-31	EUR	https://www.pmt.nl/over-pmt/zo-beleggen-we/waar-beleggen-we-in/aandelen-en-obligaties/#
Metal and Technology Pension Fund	Axiata Group Bhd	581.203	2025-12-31	EUR	https://www.pmt.nl/over-pmt/zo-beleggen-we/waar-beleggen-we-in/aandelen-en-obligaties/#
Metal and Technology Pension Fund	Axis Bank Ltd	12.471.293	2025-12-31	EUR	https://www.pmt.nl/over-pmt/zo-beleggen-we/waar-beleggen-we-in/aandelen-en-obligaties/#
Metal and Technology Pension Fund	Axon Enterprise Inc	13.816.592	2025-12-31	EUR	https://www.pmt.nl/over-pmt/zo-beleggen-we/waar-beleggen-we-in/aandelen-en-obligaties/#
Metal and Technology Pension Fund	Ayala Corp	923.797	2025-12-31	EUR	https://www.pmt.nl/over-pmt/zo-beleggen-we/waar-beleggen-we-in/aandelen-en-obligaties/#
Metal and Technology Pension Fund	B3 SA - Brasil Bolsa Balcao	4.980.533	2025-12-31	EUR	https://www.pmt.nl/over-pmt/zo-beleggen-we/waar-beleggen-we-in/aandelen-en-obligaties/#
Metal and Technology Pension Fund	Baidu Inc	14.531.273	2025-12-31	EUR	https://www.pmt.nl/over-pmt/zo-beleggen-we/waar-beleggen-we-in/aandelen-en-obligaties/#
Metal and Technology Pension Fund	Bajaj Auto Ltd	2.592.366	2025-12-31	EUR	https://www.pmt.nl/over-pmt/zo-beleggen-we/waar-beleggen-we-in/aandelen-en-obligaties/#
Metal and Technology Pension Fund	Bajaj Finance Ltd	11.773.047	2025-12-31	EUR	https://www.pmt.nl/over-pmt/zo-beleggen-we/waar-beleggen-we-in/aandelen-en-obligaties/#
Metal and Technology Pension Fund	Balkrishna Industries Ltd	742.725	2025-12-31	EUR	https://www.pmt.nl/over-pmt/zo-beleggen-we/waar-beleggen-we-in/aandelen-en-obligaties/#
Metal and Technology Pension Fund	Ball Corp	4.673.105	2025-12-31	EUR	https://www.pmt.nl/over-pmt/zo-beleggen-we/waar-beleggen-we-in/aandelen-en-obligaties/#
Metal and Technology Pension Fund	Banca Mediolanum SpA	1.688.555	2025-12-31	EUR	https://www.pmt.nl/over-pmt/zo-beleggen-we/waar-beleggen-we-in/aandelen-en-obligaties/#
Metal and Technology Pension Fund	Banco Bilbao Vizcaya Argentaria SA	46.131.000	2025-12-31	EUR	https://www.pmt.nl/over-pmt/zo-beleggen-we/waar-beleggen-we-in/aandelen-en-obligaties/#
Metal and Technology Pension Fund	Banco BPM SpA	5.879.559	2025-12-31	EUR	https://www.pmt.nl/over-pmt/zo-beleggen-we/waar-beleggen-we-in/aandelen-en-obligaties/#
Metal and Technology Pension Fund	Banco Bradesco SA	8.247.035	2025-12-31	EUR	https://www.pmt.nl/over-pmt/zo-beleggen-we/waar-beleggen-we-in/aandelen-en-obligaties/#
Metal and Technology Pension Fund	Banco BTG Pactual SA	4.214.309	2025-12-31	EUR	https://www.pmt.nl/over-pmt/zo-beleggen-we/waar-beleggen-we-in/aandelen-en-obligaties/#
Metal and Technology Pension Fund	Banco de Chile	3.756.162	2025-12-31	EUR	https://www.pmt.nl/over-pmt/zo-beleggen-we/waar-beleggen-we-in/aandelen-en-obligaties/#
Metal and Technology Pension Fund	Banco de Credito e Inversiones	2.148.411	2025-12-31	EUR	https://www.pmt.nl/over-pmt/zo-beleggen-we/waar-beleggen-we-in/aandelen-en-obligaties/#
Metal and Technology Pension Fund	Banco de Sabadell SA	7.197.436	2025-12-31	EUR	https://www.pmt.nl/over-pmt/zo-beleggen-we/waar-beleggen-we-in/aandelen-en-obligaties/#
Metal and Technology Pension Fund	Banco do Brasil SA	2.683.840	2025-12-31	EUR	https://www.pmt.nl/over-pmt/zo-beleggen-we/waar-beleggen-we-in/aandelen-en-obligaties/#
Metal and Technology Pension Fund	Banco Santander Chile	1.804.611	2025-12-31	EUR	https://www.pmt.nl/over-pmt/zo-beleggen-we/waar-beleggen-we-in/aandelen-en-obligaties/#
Metal and Technology Pension Fund	Bandai Namco Holdings Inc	5.484.430	2025-12-31	EUR	https://www.pmt.nl/over-pmt/zo-beleggen-we/waar-beleggen-we-in/aandelen-en-obligaties/#
Metal and Technology Pension Fund	Bangkok Dusit Medical Services PCL	2.517.674	2025-12-31	EUR	https://www.pmt.nl/over-pmt/zo-beleggen-we/waar-beleggen-we-in/aandelen-en-obligaties/#
Metal and Technology Pension Fund	Bank Al-Jazira	748.420	2025-12-31	EUR	https://www.pmt.nl/over-pmt/zo-beleggen-we/waar-beleggen-we-in/aandelen-en-obligaties/#
Metal and Technology Pension Fund	Bank AlBilad	2.037.836	2025-12-31	EUR	https://www.pmt.nl/over-pmt/zo-beleggen-we/waar-beleggen-we-in/aandelen-en-obligaties/#
Metal and Technology Pension Fund	Bank Central Asia Tbk PT	10.367.930	2025-12-31	EUR	https://www.pmt.nl/over-pmt/zo-beleggen-we/waar-beleggen-we-in/aandelen-en-obligaties/#
Metal and Technology Pension Fund	Bank Mandiri Persero Tbk PT	4.610.714	2025-12-31	EUR	https://www.pmt.nl/over-pmt/zo-beleggen-we/waar-beleggen-we-in/aandelen-en-obligaties/#
Metal and Technology Pension Fund	Bank Millennium SA	692.541	2025-12-31	EUR	https://www.pmt.nl/over-pmt/zo-beleggen-we/waar-beleggen-we-in/aandelen-en-obligaties/#
Metal and Technology Pension Fund	Bank Negara Indonesia Persero Tbk PT	1.644.355	2025-12-31	EUR	https://www.pmt.nl/over-pmt/zo-beleggen-we/waar-beleggen-we-in/aandelen-en-obligaties/#
Metal and Technology Pension Fund	Bank of Baroda	1.457.464	2025-12-31	EUR	https://www.pmt.nl/over-pmt/zo-beleggen-we/waar-beleggen-we-in/aandelen-en-obligaties/#
Metal and Technology Pension Fund	Bank of Ireland Group PLC	6.369.105	2025-12-31	EUR	https://www.pmt.nl/over-pmt/zo-beleggen-we/waar-beleggen-we-in/aandelen-en-obligaties/#
Metal and Technology Pension Fund	Bank of New York Mellon Corp/The	27.839.261	2025-12-31	EUR	https://www.pmt.nl/over-pmt/zo-beleggen-we/waar-beleggen-we-in/aandelen-en-obligaties/#
Metal and Technology Pension Fund	Bank of the Philippine Islands	1.507.796	2025-12-31	EUR	https://www.pmt.nl/over-pmt/zo-beleggen-we/waar-beleggen-we-in/aandelen-en-obligaties/#
Metal and Technology Pension Fund	Bank Polska Kasa Opieki SA	4.226.204	2025-12-31	EUR	https://www.pmt.nl/over-pmt/zo-beleggen-we/waar-beleggen-we-in/aandelen-en-obligaties/#
Metal and Technology Pension Fund	Bank Rakyat Indonesia Persero Tbk PT	5.525.314	2025-12-31	EUR	https://www.pmt.nl/over-pmt/zo-beleggen-we/waar-beleggen-we-in/aandelen-en-obligaties/#
Metal and Technology Pension Fund	Bankinter SA	3.806.846	2025-12-31	EUR	https://www.pmt.nl/over-pmt/zo-beleggen-we/waar-beleggen-we-in/aandelen-en-obligaties/#
Metal and Technology Pension Fund	Banque Cantonale Vaudoise	1.260.584	2025-12-31	EUR	https://www.pmt.nl/over-pmt/zo-beleggen-we/waar-beleggen-we-in/aandelen-en-obligaties/#
Metal and Technology Pension Fund	Banque Saudi Fransi	2.244.543	2025-12-31	EUR	https://www.pmt.nl/over-pmt/zo-beleggen-we/waar-beleggen-we-in/aandelen-en-obligaties/#
Metal and Technology Pension Fund	Barito Pacific Tbk PT	1.847.027	2025-12-31	EUR	https://www.pmt.nl/over-pmt/zo-beleggen-we/waar-beleggen-we-in/aandelen-en-obligaties/#
Metal and Technology Pension Fund	Barratt Redrow PLC	2.366.578	2025-12-31	EUR	https://www.pmt.nl/over-pmt/zo-beleggen-we/waar-beleggen-we-in/aandelen-en-obligaties/#
Metal and Technology Pension Fund	Baxter International Inc	3.506.903	2025-12-31	EUR	https://www.pmt.nl/over-pmt/zo-beleggen-we/waar-beleggen-we-in/aandelen-en-obligaties/#
Metal and Technology Pension Fund	Bayer AG	14.434.862	2025-12-31	EUR	https://www.pmt.nl/over-pmt/zo-beleggen-we/waar-beleggen-we-in/aandelen-en-obligaties/#
Metal and Technology Pension Fund	Bayerische Motoren Werke AG	12.716.474	2025-12-31	EUR	https://www.pmt.nl/over-pmt/zo-beleggen-we/waar-beleggen-we-in/aandelen-en-obligaties/#
Metal and Technology Pension Fund	BB Seguridade Participacoes SA	1.879.961	2025-12-31	EUR	https://www.pmt.nl/over-pmt/zo-beleggen-we/waar-beleggen-we-in/aandelen-en-obligaties/#
Metal and Technology Pension Fund	BCE Inc	628.688	2025-12-31	EUR	https://www.pmt.nl/over-pmt/zo-beleggen-we/waar-beleggen-we-in/aandelen-en-obligaties/#
Metal and Technology Pension Fund	BDO Unibank Inc	2.058.984	2025-12-31	EUR	https://www.pmt.nl/over-pmt/zo-beleggen-we/waar-beleggen-we-in/aandelen-en-obligaties/#
Metal and Technology Pension Fund	BE Semiconductor Industries NV	4.322.934	2025-12-31	EUR	https://www.pmt.nl/over-pmt/zo-beleggen-we/waar-beleggen-we-in/aandelen-en-obligaties/#
Metal and Technology Pension Fund	Becton Dickinson & Co	18.786.677	2025-12-31	EUR	https://www.pmt.nl/over-pmt/zo-beleggen-we/waar-beleggen-we-in/aandelen-en-obligaties/#
Metal and Technology Pension Fund	Beiersdorf AG	3.707.573	2025-12-31	EUR	https://www.pmt.nl/over-pmt/zo-beleggen-we/waar-beleggen-we-in/aandelen-en-obligaties/#
Metal and Technology Pension Fund	Beijer Ref AB	2.092.853	2025-12-31	EUR	https://www.pmt.nl/over-pmt/zo-beleggen-we/waar-beleggen-we-in/aandelen-en-obligaties/#
Metal and Technology Pension Fund	Beijing Kingsoft Office Software Inc	478.382	2025-12-31	EUR	https://www.pmt.nl/over-pmt/zo-beleggen-we/waar-beleggen-we-in/aandelen-en-obligaties/#
Metal and Technology Pension Fund	Bentley Systems Inc	2.188.480	2025-12-31	EUR	https://www.pmt.nl/over-pmt/zo-beleggen-we/waar-beleggen-we-in/aandelen-en-obligaties/#
Metal and Technology Pension Fund	BeOne Medicines Ltd	7.461.271	2025-12-31	EUR	https://www.pmt.nl/over-pmt/zo-beleggen-we/waar-beleggen-we-in/aandelen-en-obligaties/#
Metal and Technology Pension Fund	Best Buy Co Inc	4.431.758	2025-12-31	EUR	https://www.pmt.nl/over-pmt/zo-beleggen-we/waar-beleggen-we-in/aandelen-en-obligaties/#
Metal and Technology Pension Fund	Bharti Airtel Ltd	22.818.941	2025-12-31	EUR	https://www.pmt.nl/over-pmt/zo-beleggen-we/waar-beleggen-we-in/aandelen-en-obligaties/#
Metal and Technology Pension Fund	Bidvest Group Ltd	1.740.628	2025-12-31	EUR	https://www.pmt.nl/over-pmt/zo-beleggen-we/waar-beleggen-we-in/aandelen-en-obligaties/#
Metal and Technology Pension Fund	Bilibili Inc	2.208.117	2025-12-31	EUR	https://www.pmt.nl/over-pmt/zo-beleggen-we/waar-beleggen-we-in/aandelen-en-obligaties/#
Metal and Technology Pension Fund	Biogen Inc	8.666.509	2025-12-31	EUR	https://www.pmt.nl/over-pmt/zo-beleggen-we/waar-beleggen-we-in/aandelen-en-obligaties/#
Metal and Technology Pension Fund	BioMerieux	1.772.190	2025-12-31	EUR	https://www.pmt.nl/over-pmt/zo-beleggen-we/waar-beleggen-we-in/aandelen-en-obligaties/#
Metal and Technology Pension Fund	BKW AG	1.482.572	2025-12-31	EUR	https://www.pmt.nl/over-pmt/zo-beleggen-we/waar-beleggen-we-in/aandelen-en-obligaties/#
Metal and Technology Pension Fund	Blackrock Inc	52.694.503	2025-12-31	EUR	https://www.pmt.nl/over-pmt/zo-beleggen-we/waar-beleggen-we-in/aandelen-en-obligaties/#
Metal and Technology Pension Fund	Block Inc	12.182.740	2025-12-31	EUR	https://www.pmt.nl/over-pmt/zo-beleggen-we/waar-beleggen-we-in/aandelen-en-obligaties/#
Metal and Technology Pension Fund	BOC Hong Kong Holdings Ltd	6.658.186	2025-12-31	EUR	https://www.pmt.nl/over-pmt/zo-beleggen-we/waar-beleggen-we-in/aandelen-en-obligaties/#
Metal and Technology Pension Fund	Boliden AB	5.340.007	2025-12-31	EUR	https://www.pmt.nl/over-pmt/zo-beleggen-we/waar-beleggen-we-in/aandelen-en-obligaties/#
Metal and Technology Pension Fund	Bollore SE	1.315.843	2025-12-31	EUR	https://www.pmt.nl/over-pmt/zo-beleggen-we/waar-beleggen-we-in/aandelen-en-obligaties/#
Metal and Technology Pension Fund	Booking Holdings Inc	58.758.383	2025-12-31	EUR	https://www.pmt.nl/over-pmt/zo-beleggen-we/waar-beleggen-we-in/aandelen-en-obligaties/#
Metal and Technology Pension Fund	Booz Allen Hamilton Holding Corp	3.522.225	2025-12-31	EUR	https://www.pmt.nl/over-pmt/zo-beleggen-we/waar-beleggen-we-in/aandelen-en-obligaties/#
Metal and Technology Pension Fund	Bosch Ltd	1.129.762	2025-12-31	EUR	https://www.pmt.nl/over-pmt/zo-beleggen-we/waar-beleggen-we-in/aandelen-en-obligaties/#
Metal and Technology Pension Fund	Boston Scientific Corp	47.114.242	2025-12-31	EUR	https://www.pmt.nl/over-pmt/zo-beleggen-we/waar-beleggen-we-in/aandelen-en-obligaties/#
Metal and Technology Pension Fund	Boubyan Bank KSCP	1.198.694	2025-12-31	EUR	https://www.pmt.nl/over-pmt/zo-beleggen-we/waar-beleggen-we-in/aandelen-en-obligaties/#
Metal and Technology Pension Fund	Bouygues SA	3.356.940	2025-12-31	EUR	https://www.pmt.nl/over-pmt/zo-beleggen-we/waar-beleggen-we-in/aandelen-en-obligaties/#
Metal and Technology Pension Fund	BPER Banca SPA	4.599.098	2025-12-31	EUR	https://www.pmt.nl/over-pmt/zo-beleggen-we/waar-beleggen-we-in/aandelen-en-obligaties/#
Metal and Technology Pension Fund	Brambles Ltd	7.287.962	2025-12-31	EUR	https://www.pmt.nl/over-pmt/zo-beleggen-we/waar-beleggen-we-in/aandelen-en-obligaties/#
Metal and Technology Pension Fund	Brenntag SE	2.438.996	2025-12-31	EUR	https://www.pmt.nl/over-pmt/zo-beleggen-we/waar-beleggen-we-in/aandelen-en-obligaties/#
Metal and Technology Pension Fund	Bridgestone Corp	8.826.558	2025-12-31	EUR	https://www.pmt.nl/over-pmt/zo-beleggen-we/waar-beleggen-we-in/aandelen-en-obligaties/#
Metal and Technology Pension Fund	Bristol-Myers Squibb Co	36.663.998	2025-12-31	EUR	https://www.pmt.nl/over-pmt/zo-beleggen-we/waar-beleggen-we-in/aandelen-en-obligaties/#
Metal and Technology Pension Fund	Broadcom Inc	516.508.094	2025-12-31	EUR	https://www.pmt.nl/over-pmt/zo-beleggen-we/waar-beleggen-we-in/aandelen-en-obligaties/#
Metal and Technology Pension Fund	Broadridge Financial Solutions Inc	8.768.513	2025-12-31	EUR	https://www.pmt.nl/over-pmt/zo-beleggen-we/waar-beleggen-we-in/aandelen-en-obligaties/#
Metal and Technology Pension Fund	Brookfield Asset Management Ltd	7.086.118	2025-12-31	EUR	https://www.pmt.nl/over-pmt/zo-beleggen-we/waar-beleggen-we-in/aandelen-en-obligaties/#
Metal and Technology Pension Fund	Brookfield Renewable Corp	1.756.461	2025-12-31	EUR	https://www.pmt.nl/over-pmt/zo-beleggen-we/waar-beleggen-we-in/aandelen-en-obligaties/#
Metal and Technology Pension Fund	Brown & Brown Inc	6.410.542	2025-12-31	EUR	https://www.pmt.nl/over-pmt/zo-beleggen-we/waar-beleggen-we-in/aandelen-en-obligaties/#
Metal and Technology Pension Fund	Brown-Forman Corp	1.706.897	2025-12-31	EUR	https://www.pmt.nl/over-pmt/zo-beleggen-we/waar-beleggen-we-in/aandelen-en-obligaties/#
Metal and Technology Pension Fund	BT Group PLC	5.010.892	2025-12-31	EUR	https://www.pmt.nl/over-pmt/zo-beleggen-we/waar-beleggen-we-in/aandelen-en-obligaties/#
Metal and Technology Pension Fund	Budimex SA	825.799	2025-12-31	EUR	https://www.pmt.nl/over-pmt/zo-beleggen-we/waar-beleggen-we-in/aandelen-en-obligaties/#
Metal and Technology Pension Fund	Bumrungrad Hospital PCL	1.287.173	2025-12-31	EUR	https://www.pmt.nl/over-pmt/zo-beleggen-we/waar-beleggen-we-in/aandelen-en-obligaties/#
Metal and Technology Pension Fund	Bupa Arabia for Cooperative Insurance Co	1.210.878	2025-12-31	EUR	https://www.pmt.nl/over-pmt/zo-beleggen-we/waar-beleggen-we-in/aandelen-en-obligaties/#
Metal and Technology Pension Fund	Bureau Veritas SA	3.409.486	2025-12-31	EUR	https://www.pmt.nl/over-pmt/zo-beleggen-we/waar-beleggen-we-in/aandelen-en-obligaties/#
Metal and Technology Pension Fund	BYD Co Ltd	18.859.396	2025-12-31	EUR	https://www.pmt.nl/over-pmt/zo-beleggen-we/waar-beleggen-we-in/aandelen-en-obligaties/#
Metal and Technology Pension Fund	Cadence Design Systems Inc	28.646.269	2025-12-31	EUR	https://www.pmt.nl/over-pmt/zo-beleggen-we/waar-beleggen-we-in/aandelen-en-obligaties/#
Metal and Technology Pension Fund	CAE Inc	3.051.176	2025-12-31	EUR	https://www.pmt.nl/over-pmt/zo-beleggen-we/waar-beleggen-we-in/aandelen-en-obligaties/#
Metal and Technology Pension Fund	CaixaBank SA	16.352.776	2025-12-31	EUR	https://www.pmt.nl/over-pmt/zo-beleggen-we/waar-beleggen-we-in/aandelen-en-obligaties/#
Metal and Technology Pension Fund	Canadian National Railway Co	17.577.513	2025-12-31	EUR	https://www.pmt.nl/over-pmt/zo-beleggen-we/waar-beleggen-we-in/aandelen-en-obligaties/#
Metal and Technology Pension Fund	Canadian Pacific Kansas City Ltd	23.172.895	2025-12-31	EUR	https://www.pmt.nl/over-pmt/zo-beleggen-we/waar-beleggen-we-in/aandelen-en-obligaties/#
Metal and Technology Pension Fund	Canadian Utilities Ltd	1.488.264	2025-12-31	EUR	https://www.pmt.nl/over-pmt/zo-beleggen-we/waar-beleggen-we-in/aandelen-en-obligaties/#
Metal and Technology Pension Fund	Canara Bank	1.231.655	2025-12-31	EUR	https://www.pmt.nl/over-pmt/zo-beleggen-we/waar-beleggen-we-in/aandelen-en-obligaties/#
Metal and Technology Pension Fund	Canon Inc	9.503.117	2025-12-31	EUR	https://www.pmt.nl/over-pmt/zo-beleggen-we/waar-beleggen-we-in/aandelen-en-obligaties/#
Metal and Technology Pension Fund	Capcom Co Ltd	2.780.556	2025-12-31	EUR	https://www.pmt.nl/over-pmt/zo-beleggen-we/waar-beleggen-we-in/aandelen-en-obligaties/#
Metal and Technology Pension Fund	Capgemini SE	9.188.781	2025-12-31	EUR	https://www.pmt.nl/over-pmt/zo-beleggen-we/waar-beleggen-we-in/aandelen-en-obligaties/#
Metal and Technology Pension Fund	Capital One Financial Corp	51.773.560	2025-12-31	EUR	https://www.pmt.nl/over-pmt/zo-beleggen-we/waar-beleggen-we-in/aandelen-en-obligaties/#
Metal and Technology Pension Fund	Capitec Bank Holdings Ltd	8.059.783	2025-12-31	EUR	https://www.pmt.nl/over-pmt/zo-beleggen-we/waar-beleggen-we-in/aandelen-en-obligaties/#
Metal and Technology Pension Fund	CAR Group Ltd	2.672.864	2025-12-31	EUR	https://www.pmt.nl/over-pmt/zo-beleggen-we/waar-beleggen-we-in/aandelen-en-obligaties/#
Metal and Technology Pension Fund	Cardinal Health Inc	16.514.540	2025-12-31	EUR	https://www.pmt.nl/over-pmt/zo-beleggen-we/waar-beleggen-we-in/aandelen-en-obligaties/#
Metal and Technology Pension Fund	Carlisle Cos Inc	4.654.168	2025-12-31	EUR	https://www.pmt.nl/over-pmt/zo-beleggen-we/waar-beleggen-we-in/aandelen-en-obligaties/#
Metal and Technology Pension Fund	Carlsberg AS	4.256.065	2025-12-31	EUR	https://www.pmt.nl/over-pmt/zo-beleggen-we/waar-beleggen-we-in/aandelen-en-obligaties/#
Metal and Technology Pension Fund	Carrefour SA	3.047.298	2025-12-31	EUR	https://www.pmt.nl/over-pmt/zo-beleggen-we/waar-beleggen-we-in/aandelen-en-obligaties/#
Metal and Technology Pension Fund	Carrier Global Corp	13.713.565	2025-12-31	EUR	https://www.pmt.nl/over-pmt/zo-beleggen-we/waar-beleggen-we-in/aandelen-en-obligaties/#
Metal and Technology Pension Fund	Carvana Co	17.286.848	2025-12-31	EUR	https://www.pmt.nl/over-pmt/zo-beleggen-we/waar-beleggen-we-in/aandelen-en-obligaties/#
Metal and Technology Pension Fund	Cathay Financial Holding Co Ltd	8.842.565	2025-12-31	EUR	https://www.pmt.nl/over-pmt/zo-beleggen-we/waar-beleggen-we-in/aandelen-en-obligaties/#
Metal and Technology Pension Fund	Cboe Global Markets Inc	8.670.715	2025-12-31	EUR	https://www.pmt.nl/over-pmt/zo-beleggen-we/waar-beleggen-we-in/aandelen-en-obligaties/#
Metal and Technology Pension Fund	CCC SA	640.516	2025-12-31	EUR	https://www.pmt.nl/over-pmt/zo-beleggen-we/waar-beleggen-we-in/aandelen-en-obligaties/#
Metal and Technology Pension Fund	CD Projekt SA	1.890.832	2025-12-31	EUR	https://www.pmt.nl/over-pmt/zo-beleggen-we/waar-beleggen-we-in/aandelen-en-obligaties/#
Metal and Technology Pension Fund	CELCOMDIGI BHD	1.167.783	2025-12-31	EUR	https://www.pmt.nl/over-pmt/zo-beleggen-we/waar-beleggen-we-in/aandelen-en-obligaties/#
Metal and Technology Pension Fund	Celestica Inc	11.320.817	2025-12-31	EUR	https://www.pmt.nl/over-pmt/zo-beleggen-we/waar-beleggen-we-in/aandelen-en-obligaties/#
Metal and Technology Pension Fund	Cellnex Telecom SA	5.395.673	2025-12-31	EUR	https://www.pmt.nl/over-pmt/zo-beleggen-we/waar-beleggen-we-in/aandelen-en-obligaties/#
Metal and Technology Pension Fund	Celltrion Inc	7.305.885	2025-12-31	EUR	https://www.pmt.nl/over-pmt/zo-beleggen-we/waar-beleggen-we-in/aandelen-en-obligaties/#
Metal and Technology Pension Fund	Cemex SAB de CV	6.665.266	2025-12-31	EUR	https://www.pmt.nl/over-pmt/zo-beleggen-we/waar-beleggen-we-in/aandelen-en-obligaties/#
Metal and Technology Pension Fund	Cencora Inc	20.957.208	2025-12-31	EUR	https://www.pmt.nl/over-pmt/zo-beleggen-we/waar-beleggen-we-in/aandelen-en-obligaties/#
Metal and Technology Pension Fund	Cencosud SA	1.654.663	2025-12-31	EUR	https://www.pmt.nl/over-pmt/zo-beleggen-we/waar-beleggen-we-in/aandelen-en-obligaties/#
Metal and Technology Pension Fund	Centene Corp	6.738.831	2025-12-31	EUR	https://www.pmt.nl/over-pmt/zo-beleggen-we/waar-beleggen-we-in/aandelen-en-obligaties/#
Metal and Technology Pension Fund	Central Japan Railway Co	7.414.092	2025-12-31	EUR	https://www.pmt.nl/over-pmt/zo-beleggen-we/waar-beleggen-we-in/aandelen-en-obligaties/#
Metal and Technology Pension Fund	Centrica PLC	3.891.362	2025-12-31	EUR	https://www.pmt.nl/over-pmt/zo-beleggen-we/waar-beleggen-we-in/aandelen-en-obligaties/#
Metal and Technology Pension Fund	CGI Inc	6.289.545	2025-12-31	EUR	https://www.pmt.nl/over-pmt/zo-beleggen-we/waar-beleggen-we-in/aandelen-en-obligaties/#
Metal and Technology Pension Fund	CH Robinson Worldwide Inc	6.263.953	2025-12-31	EUR	https://www.pmt.nl/over-pmt/zo-beleggen-we/waar-beleggen-we-in/aandelen-en-obligaties/#
Metal and Technology Pension Fund	Chailease Holding Co Ltd	1.809.951	2025-12-31	EUR	https://www.pmt.nl/over-pmt/zo-beleggen-we/waar-beleggen-we-in/aandelen-en-obligaties/#
Metal and Technology Pension Fund	Chandra Asri Pacific Tbk PT	1.247.629	2025-12-31	EUR	https://www.pmt.nl/over-pmt/zo-beleggen-we/waar-beleggen-we-in/aandelen-en-obligaties/#
Metal and Technology Pension Fund	Changzhou Xingyu Automotive Lighting Systems Co Ltd	129.274	2025-12-31	EUR	https://www.pmt.nl/over-pmt/zo-beleggen-we/waar-beleggen-we-in/aandelen-en-obligaties/#
Metal and Technology Pension Fund	Charles Schwab Corp/The	57.504.162	2025-12-31	EUR	https://www.pmt.nl/over-pmt/zo-beleggen-we/waar-beleggen-we-in/aandelen-en-obligaties/#
Metal and Technology Pension Fund	Charter Communications Inc	6.362.303	2025-12-31	EUR	https://www.pmt.nl/over-pmt/zo-beleggen-we/waar-beleggen-we-in/aandelen-en-obligaties/#
Metal and Technology Pension Fund	Cheng Shin Rubber Industry Co Ltd	620.349	2025-12-31	EUR	https://www.pmt.nl/over-pmt/zo-beleggen-we/waar-beleggen-we-in/aandelen-en-obligaties/#
Metal and Technology Pension Fund	Chiba Bank Ltd/The	2.199.135	2025-12-31	EUR	https://www.pmt.nl/over-pmt/zo-beleggen-we/waar-beleggen-we-in/aandelen-en-obligaties/#
Metal and Technology Pension Fund	China Literature Ltd	624.150	2025-12-31	EUR	https://www.pmt.nl/over-pmt/zo-beleggen-we/waar-beleggen-we-in/aandelen-en-obligaties/#
Metal and Technology Pension Fund	China Minsheng Banking Corp Ltd	1.706.591	2025-12-31	EUR	https://www.pmt.nl/over-pmt/zo-beleggen-we/waar-beleggen-we-in/aandelen-en-obligaties/#
Metal and Technology Pension Fund	China Ruyi Holdings Ltd	1.078.074	2025-12-31	EUR	https://www.pmt.nl/over-pmt/zo-beleggen-we/waar-beleggen-we-in/aandelen-en-obligaties/#
Metal and Technology Pension Fund	Chipotle Mexican Grill Inc	16.733.470	2025-12-31	EUR	https://www.pmt.nl/over-pmt/zo-beleggen-we/waar-beleggen-we-in/aandelen-en-obligaties/#
Metal and Technology Pension Fund	Cholamandalam Investment and Finance Co Ltd	3.281.834	2025-12-31	EUR	https://www.pmt.nl/over-pmt/zo-beleggen-we/waar-beleggen-we-in/aandelen-en-obligaties/#
Metal and Technology Pension Fund	Chongqing Zhifei Biological Products Co Ltd	168.071	2025-12-31	EUR	https://www.pmt.nl/over-pmt/zo-beleggen-we/waar-beleggen-we-in/aandelen-en-obligaties/#
Metal and Technology Pension Fund	Chow Tai Fook Jewellery Group Ltd	1.165.362	2025-12-31	EUR	https://www.pmt.nl/over-pmt/zo-beleggen-we/waar-beleggen-we-in/aandelen-en-obligaties/#
Metal and Technology Pension Fund	Chubb Ltd	39.688.365	2025-12-31	EUR	https://www.pmt.nl/over-pmt/zo-beleggen-we/waar-beleggen-we-in/aandelen-en-obligaties/#
Metal and Technology Pension Fund	Chubu Electric Power Co Inc	3.403.990	2025-12-31	EUR	https://www.pmt.nl/over-pmt/zo-beleggen-we/waar-beleggen-we-in/aandelen-en-obligaties/#
Metal and Technology Pension Fund	Chugai Pharmaceutical Co Ltd	12.242.091	2025-12-31	EUR	https://www.pmt.nl/over-pmt/zo-beleggen-we/waar-beleggen-we-in/aandelen-en-obligaties/#
Metal and Technology Pension Fund	Church & Dwight Co Inc	6.807.739	2025-12-31	EUR	https://www.pmt.nl/over-pmt/zo-beleggen-we/waar-beleggen-we-in/aandelen-en-obligaties/#
Metal and Technology Pension Fund	Cia de Saneamento Basico do Estado de Sao Paulo	4.532.839	2025-12-31	EUR	https://www.pmt.nl/over-pmt/zo-beleggen-we/waar-beleggen-we-in/aandelen-en-obligaties/#
Metal and Technology Pension Fund	Cia Energetica de Minas Gerais	1.294.384	2025-12-31	EUR	https://www.pmt.nl/over-pmt/zo-beleggen-we/waar-beleggen-we-in/aandelen-en-obligaties/#
Metal and Technology Pension Fund	Cia Paranaense de Energia - Copel	47.645	2025-12-31	EUR	https://www.pmt.nl/over-pmt/zo-beleggen-we/waar-beleggen-we-in/aandelen-en-obligaties/#
Metal and Technology Pension Fund	Cie de Saint-Gobain SA	15.501.664	2025-12-31	EUR	https://www.pmt.nl/over-pmt/zo-beleggen-we/waar-beleggen-we-in/aandelen-en-obligaties/#
Metal and Technology Pension Fund	Cie Generale des Etablissements Michelin	7.536.660	2025-12-31	EUR	https://www.pmt.nl/over-pmt/zo-beleggen-we/waar-beleggen-we-in/aandelen-en-obligaties/#
Metal and Technology Pension Fund	Cigna Group/The	24.923.846	2025-12-31	EUR	https://www.pmt.nl/over-pmt/zo-beleggen-we/waar-beleggen-we-in/aandelen-en-obligaties/#
Metal and Technology Pension Fund	CIMB Group Holdings Bhd	6.259.349	2025-12-31	EUR	https://www.pmt.nl/over-pmt/zo-beleggen-we/waar-beleggen-we-in/aandelen-en-obligaties/#
Metal and Technology Pension Fund	Cincinnati Financial Corp	8.476.314	2025-12-31	EUR	https://www.pmt.nl/over-pmt/zo-beleggen-we/waar-beleggen-we-in/aandelen-en-obligaties/#
Metal and Technology Pension Fund	Cintas Corp	22.973.380	2025-12-31	EUR	https://www.pmt.nl/over-pmt/zo-beleggen-we/waar-beleggen-we-in/aandelen-en-obligaties/#
Metal and Technology Pension Fund	Cipla Ltd/India	3.557.177	2025-12-31	EUR	https://www.pmt.nl/over-pmt/zo-beleggen-we/waar-beleggen-we-in/aandelen-en-obligaties/#
Metal and Technology Pension Fund	Cisco Systems Inc	102.528.114	2025-12-31	EUR	https://www.pmt.nl/over-pmt/zo-beleggen-we/waar-beleggen-we-in/aandelen-en-obligaties/#
Metal and Technology Pension Fund	Citizens Financial Group Inc	8.440.890	2025-12-31	EUR	https://www.pmt.nl/over-pmt/zo-beleggen-we/waar-beleggen-we-in/aandelen-en-obligaties/#
Metal and Technology Pension Fund	CK Hutchison Holdings Ltd	6.325.293	2025-12-31	EUR	https://www.pmt.nl/over-pmt/zo-beleggen-we/waar-beleggen-we-in/aandelen-en-obligaties/#
Metal and Technology Pension Fund	Clicks Group Ltd	1.684.372	2025-12-31	EUR	https://www.pmt.nl/over-pmt/zo-beleggen-we/waar-beleggen-we-in/aandelen-en-obligaties/#
Metal and Technology Pension Fund	Clorox Co/The	4.100.595	2025-12-31	EUR	https://www.pmt.nl/over-pmt/zo-beleggen-we/waar-beleggen-we-in/aandelen-en-obligaties/#
Metal and Technology Pension Fund	Cloud Music Inc	649.076	2025-12-31	EUR	https://www.pmt.nl/over-pmt/zo-beleggen-we/waar-beleggen-we-in/aandelen-en-obligaties/#
Metal and Technology Pension Fund	Cloudflare Inc	20.488.526	2025-12-31	EUR	https://www.pmt.nl/over-pmt/zo-beleggen-we/waar-beleggen-we-in/aandelen-en-obligaties/#
Metal and Technology Pension Fund	CLP Holdings Ltd	5.127.892	2025-12-31	EUR	https://www.pmt.nl/over-pmt/zo-beleggen-we/waar-beleggen-we-in/aandelen-en-obligaties/#
Metal and Technology Pension Fund	CME Group Inc	32.971.425	2025-12-31	EUR	https://www.pmt.nl/over-pmt/zo-beleggen-we/waar-beleggen-we-in/aandelen-en-obligaties/#
Metal and Technology Pension Fund	CMS Energy Corp	6.910.414	2025-12-31	EUR	https://www.pmt.nl/over-pmt/zo-beleggen-we/waar-beleggen-we-in/aandelen-en-obligaties/#
Metal and Technology Pension Fund	CNH Industrial NV	2.880.115	2025-12-31	EUR	https://www.pmt.nl/over-pmt/zo-beleggen-we/waar-beleggen-we-in/aandelen-en-obligaties/#
Metal and Technology Pension Fund	Coca-Cola Co/The	95.479.815	2025-12-31	EUR	https://www.pmt.nl/over-pmt/zo-beleggen-we/waar-beleggen-we-in/aandelen-en-obligaties/#
Metal and Technology Pension Fund	Coca-Cola Europacific Partners PLC	7.064.012	2025-12-31	EUR	https://www.pmt.nl/over-pmt/zo-beleggen-we/waar-beleggen-we-in/aandelen-en-obligaties/#
Metal and Technology Pension Fund	Coca-Cola Femsa SAB de CV	1.798.321	2025-12-31	EUR	https://www.pmt.nl/over-pmt/zo-beleggen-we/waar-beleggen-we-in/aandelen-en-obligaties/#
Metal and Technology Pension Fund	Coca-Cola HBC AG	3.787.394	2025-12-31	EUR	https://www.pmt.nl/over-pmt/zo-beleggen-we/waar-beleggen-we-in/aandelen-en-obligaties/#
Metal and Technology Pension Fund	Cochlear Ltd	3.888.292	2025-12-31	EUR	https://www.pmt.nl/over-pmt/zo-beleggen-we/waar-beleggen-we-in/aandelen-en-obligaties/#
Metal and Technology Pension Fund	Cognizant Technology Solutions Corp	13.539.152	2025-12-31	EUR	https://www.pmt.nl/over-pmt/zo-beleggen-we/waar-beleggen-we-in/aandelen-en-obligaties/#
Metal and Technology Pension Fund	Coinbase Global Inc	15.237.806	2025-12-31	EUR	https://www.pmt.nl/over-pmt/zo-beleggen-we/waar-beleggen-we-in/aandelen-en-obligaties/#
Metal and Technology Pension Fund	Coles Group Ltd	6.629.296	2025-12-31	EUR	https://www.pmt.nl/over-pmt/zo-beleggen-we/waar-beleggen-we-in/aandelen-en-obligaties/#
Metal and Technology Pension Fund	Colgate-Palmolive Co	20.504.225	2025-12-31	EUR	https://www.pmt.nl/over-pmt/zo-beleggen-we/waar-beleggen-we-in/aandelen-en-obligaties/#
Metal and Technology Pension Fund	Colgate-Palmolive India Ltd	1.172.638	2025-12-31	EUR	https://www.pmt.nl/over-pmt/zo-beleggen-we/waar-beleggen-we-in/aandelen-en-obligaties/#
Metal and Technology Pension Fund	Coloplast A/S	3.677.684	2025-12-31	EUR	https://www.pmt.nl/over-pmt/zo-beleggen-we/waar-beleggen-we-in/aandelen-en-obligaties/#
Metal and Technology Pension Fund	Comcast Corp	37.659.313	2025-12-31	EUR	https://www.pmt.nl/over-pmt/zo-beleggen-we/waar-beleggen-we-in/aandelen-en-obligaties/#
Metal and Technology Pension Fund	Commercial International Bank Egypt SAE	2.369.057	2025-12-31	EUR	https://www.pmt.nl/over-pmt/zo-beleggen-we/waar-beleggen-we-in/aandelen-en-obligaties/#
Metal and Technology Pension Fund	Commerzbank AG	12.727.849	2025-12-31	EUR	https://www.pmt.nl/over-pmt/zo-beleggen-we/waar-beleggen-we-in/aandelen-en-obligaties/#
Metal and Technology Pension Fund	Commonwealth Bank of Australia	61.974.440	2025-12-31	EUR	https://www.pmt.nl/over-pmt/zo-beleggen-we/waar-beleggen-we-in/aandelen-en-obligaties/#
Metal and Technology Pension Fund	Compal Electronics Inc	1.766.244	2025-12-31	EUR	https://www.pmt.nl/over-pmt/zo-beleggen-we/waar-beleggen-we-in/aandelen-en-obligaties/#
Metal and Technology Pension Fund	Computershare Ltd	4.191.086	2025-12-31	EUR	https://www.pmt.nl/over-pmt/zo-beleggen-we/waar-beleggen-we-in/aandelen-en-obligaties/#
Metal and Technology Pension Fund	Consolidated Edison Inc	11.979.542	2025-12-31	EUR	https://www.pmt.nl/over-pmt/zo-beleggen-we/waar-beleggen-we-in/aandelen-en-obligaties/#
Metal and Technology Pension Fund	Constellation Brands Inc	7.410.336	2025-12-31	EUR	https://www.pmt.nl/over-pmt/zo-beleggen-we/waar-beleggen-we-in/aandelen-en-obligaties/#
Metal and Technology Pension Fund	Constellation Software Inc/Canada	15.997.404	2025-12-31	EUR	https://www.pmt.nl/over-pmt/zo-beleggen-we/waar-beleggen-we-in/aandelen-en-obligaties/#
Metal and Technology Pension Fund	Contact Energy Ltd	1.513.280	2025-12-31	EUR	https://www.pmt.nl/over-pmt/zo-beleggen-we/waar-beleggen-we-in/aandelen-en-obligaties/#
Metal and Technology Pension Fund	Contemporary Amperex Technology Co Ltd	6.901.985	2025-12-31	EUR	https://www.pmt.nl/over-pmt/zo-beleggen-we/waar-beleggen-we-in/aandelen-en-obligaties/#
Metal and Technology Pension Fund	Continental AG	2.990.920	2025-12-31	EUR	https://www.pmt.nl/over-pmt/zo-beleggen-we/waar-beleggen-we-in/aandelen-en-obligaties/#
Metal and Technology Pension Fund	Cooper Cos Inc/The	5.407.915	2025-12-31	EUR	https://www.pmt.nl/over-pmt/zo-beleggen-we/waar-beleggen-we-in/aandelen-en-obligaties/#
Metal and Technology Pension Fund	Copart Inc	11.998.244	2025-12-31	EUR	https://www.pmt.nl/over-pmt/zo-beleggen-we/waar-beleggen-we-in/aandelen-en-obligaties/#
Metal and Technology Pension Fund	Corebridge Financial Inc	1.022.407	2025-12-31	EUR	https://www.pmt.nl/over-pmt/zo-beleggen-we/waar-beleggen-we-in/aandelen-en-obligaties/#
Metal and Technology Pension Fund	Corpay Inc	6.799.078	2025-12-31	EUR	https://www.pmt.nl/over-pmt/zo-beleggen-we/waar-beleggen-we-in/aandelen-en-obligaties/#
Metal and Technology Pension Fund	Costco Wholesale Corp	127.946.747	2025-12-31	EUR	https://www.pmt.nl/over-pmt/zo-beleggen-we/waar-beleggen-we-in/aandelen-en-obligaties/#
Metal and Technology Pension Fund	CP ALL PCL	2.827.452	2025-12-31	EUR	https://www.pmt.nl/over-pmt/zo-beleggen-we/waar-beleggen-we-in/aandelen-en-obligaties/#
Metal and Technology Pension Fund	CP AXTRA PCL	397.072	2025-12-31	EUR	https://www.pmt.nl/over-pmt/zo-beleggen-we/waar-beleggen-we-in/aandelen-en-obligaties/#
Metal and Technology Pension Fund	CPFL Energia SA	861.987	2025-12-31	EUR	https://www.pmt.nl/over-pmt/zo-beleggen-we/waar-beleggen-we-in/aandelen-en-obligaties/#
Metal and Technology Pension Fund	Credicorp Ltd	7.419.064	2025-12-31	EUR	https://www.pmt.nl/over-pmt/zo-beleggen-we/waar-beleggen-we-in/aandelen-en-obligaties/#
Metal and Technology Pension Fund	CRH PLC	28.259.663	2025-12-31	EUR	https://www.pmt.nl/over-pmt/zo-beleggen-we/waar-beleggen-we-in/aandelen-en-obligaties/#
Metal and Technology Pension Fund	Crowdstrike Holdings Inc	38.829.110	2025-12-31	EUR	https://www.pmt.nl/over-pmt/zo-beleggen-we/waar-beleggen-we-in/aandelen-en-obligaties/#
Metal and Technology Pension Fund	CSL Ltd	19.293.432	2025-12-31	EUR	https://www.pmt.nl/over-pmt/zo-beleggen-we/waar-beleggen-we-in/aandelen-en-obligaties/#
Metal and Technology Pension Fund	CSPC Pharmaceutical Group Ltd	3.216.962	2025-12-31	EUR	https://www.pmt.nl/over-pmt/zo-beleggen-we/waar-beleggen-we-in/aandelen-en-obligaties/#
Metal and Technology Pension Fund	CSX Corp	23.079.439	2025-12-31	EUR	https://www.pmt.nl/over-pmt/zo-beleggen-we/waar-beleggen-we-in/aandelen-en-obligaties/#
Metal and Technology Pension Fund	CTBC Financial Holding Co Ltd	10.205.475	2025-12-31	EUR	https://www.pmt.nl/over-pmt/zo-beleggen-we/waar-beleggen-we-in/aandelen-en-obligaties/#
Metal and Technology Pension Fund	CTS Eventim AG & Co KGaA	1.934.005	2025-12-31	EUR	https://www.pmt.nl/over-pmt/zo-beleggen-we/waar-beleggen-we-in/aandelen-en-obligaties/#
Metal and Technology Pension Fund	Cummins Inc	23.639.035	2025-12-31	EUR	https://www.pmt.nl/over-pmt/zo-beleggen-we/waar-beleggen-we-in/aandelen-en-obligaties/#
Metal and Technology Pension Fund	Cummins India Ltd	2.491.836	2025-12-31	EUR	https://www.pmt.nl/over-pmt/zo-beleggen-we/waar-beleggen-we-in/aandelen-en-obligaties/#
Metal and Technology Pension Fund	CVS Health Corp	33.464.452	2025-12-31	EUR	https://www.pmt.nl/over-pmt/zo-beleggen-we/waar-beleggen-we-in/aandelen-en-obligaties/#
Metal and Technology Pension Fund	D'ieteren Group	1.320.154	2025-12-31	EUR	https://www.pmt.nl/over-pmt/zo-beleggen-we/waar-beleggen-we-in/aandelen-en-obligaties/#
Metal and Technology Pension Fund	Dabur India Ltd	828.640	2025-12-31	EUR	https://www.pmt.nl/over-pmt/zo-beleggen-we/waar-beleggen-we-in/aandelen-en-obligaties/#
Metal and Technology Pension Fund	Dai Nippon Printing Co Ltd	2.354.645	2025-12-31	EUR	https://www.pmt.nl/over-pmt/zo-beleggen-we/waar-beleggen-we-in/aandelen-en-obligaties/#
Metal and Technology Pension Fund	Dai-ichi Life Holdings Inc	10.079.531	2025-12-31	EUR	https://www.pmt.nl/over-pmt/zo-beleggen-we/waar-beleggen-we-in/aandelen-en-obligaties/#
Metal and Technology Pension Fund	Daifuku Co Ltd	3.485.407	2025-12-31	EUR	https://www.pmt.nl/over-pmt/zo-beleggen-we/waar-beleggen-we-in/aandelen-en-obligaties/#
Metal and Technology Pension Fund	Daiichi Sankyo Co Ltd	12.692.596	2025-12-31	EUR	https://www.pmt.nl/over-pmt/zo-beleggen-we/waar-beleggen-we-in/aandelen-en-obligaties/#
Metal and Technology Pension Fund	Daimler Truck Holding AG	7.040.642	2025-12-31	EUR	https://www.pmt.nl/over-pmt/zo-beleggen-we/waar-beleggen-we-in/aandelen-en-obligaties/#
Metal and Technology Pension Fund	Dallah Healthcare Co	335.894	2025-12-31	EUR	https://www.pmt.nl/over-pmt/zo-beleggen-we/waar-beleggen-we-in/aandelen-en-obligaties/#
Metal and Technology Pension Fund	Danaher Corp	49.237.730	2025-12-31	EUR	https://www.pmt.nl/over-pmt/zo-beleggen-we/waar-beleggen-we-in/aandelen-en-obligaties/#
Metal and Technology Pension Fund	Danone SA	19.663.358	2025-12-31	EUR	https://www.pmt.nl/over-pmt/zo-beleggen-we/waar-beleggen-we-in/aandelen-en-obligaties/#
Metal and Technology Pension Fund	Danske Bank A/S	11.700.627	2025-12-31	EUR	https://www.pmt.nl/over-pmt/zo-beleggen-we/waar-beleggen-we-in/aandelen-en-obligaties/#
Metal and Technology Pension Fund	Dassault Systemes SE	6.345.684	2025-12-31	EUR	https://www.pmt.nl/over-pmt/zo-beleggen-we/waar-beleggen-we-in/aandelen-en-obligaties/#
Metal and Technology Pension Fund	Datadog Inc	13.017.038	2025-12-31	EUR	https://www.pmt.nl/over-pmt/zo-beleggen-we/waar-beleggen-we-in/aandelen-en-obligaties/#
Metal and Technology Pension Fund	DB Insurance Co Ltd	1.474.692	2025-12-31	EUR	https://www.pmt.nl/over-pmt/zo-beleggen-we/waar-beleggen-we-in/aandelen-en-obligaties/#
Metal and Technology Pension Fund	DBS Group Holdings Ltd	32.279.706	2025-12-31	EUR	https://www.pmt.nl/over-pmt/zo-beleggen-we/waar-beleggen-we-in/aandelen-en-obligaties/#
Metal and Technology Pension Fund	DCC PLC	2.106.951	2025-12-31	EUR	https://www.pmt.nl/over-pmt/zo-beleggen-we/waar-beleggen-we-in/aandelen-en-obligaties/#
Metal and Technology Pension Fund	Deere & Co	40.112.476	2025-12-31	EUR	https://www.pmt.nl/over-pmt/zo-beleggen-we/waar-beleggen-we-in/aandelen-en-obligaties/#
Metal and Technology Pension Fund	Delivery Hero SE	1.682.666	2025-12-31	EUR	https://www.pmt.nl/over-pmt/zo-beleggen-we/waar-beleggen-we-in/aandelen-en-obligaties/#
Metal and Technology Pension Fund	Dell Technologies Inc	13.568.823	2025-12-31	EUR	https://www.pmt.nl/over-pmt/zo-beleggen-we/waar-beleggen-we-in/aandelen-en-obligaties/#
Metal and Technology Pension Fund	Delta Air Lines Inc	3.759.696	2025-12-31	EUR	https://www.pmt.nl/over-pmt/zo-beleggen-we/waar-beleggen-we-in/aandelen-en-obligaties/#
Metal and Technology Pension Fund	Delta Electronics Inc	22.834.252	2025-12-31	EUR	https://www.pmt.nl/over-pmt/zo-beleggen-we/waar-beleggen-we-in/aandelen-en-obligaties/#
Metal and Technology Pension Fund	Delta Electronics Thailand PCL	6.476.467	2025-12-31	EUR	https://www.pmt.nl/over-pmt/zo-beleggen-we/waar-beleggen-we-in/aandelen-en-obligaties/#
Metal and Technology Pension Fund	Demant A/S	955.622	2025-12-31	EUR	https://www.pmt.nl/over-pmt/zo-beleggen-we/waar-beleggen-we-in/aandelen-en-obligaties/#
Metal and Technology Pension Fund	Denso Corp	8.992.392	2025-12-31	EUR	https://www.pmt.nl/over-pmt/zo-beleggen-we/waar-beleggen-we-in/aandelen-en-obligaties/#
Metal and Technology Pension Fund	Descartes Systems Group Inc/The	2.476.935	2025-12-31	EUR	https://www.pmt.nl/over-pmt/zo-beleggen-we/waar-beleggen-we-in/aandelen-en-obligaties/#
Metal and Technology Pension Fund	Deutsche Boerse AG	16.717.325	2025-12-31	EUR	https://www.pmt.nl/over-pmt/zo-beleggen-we/waar-beleggen-we-in/aandelen-en-obligaties/#
Metal and Technology Pension Fund	Deutsche Lufthansa AG	1.953.386	2025-12-31	EUR	https://www.pmt.nl/over-pmt/zo-beleggen-we/waar-beleggen-we-in/aandelen-en-obligaties/#
Metal and Technology Pension Fund	Deutsche Post AG	17.806.934	2025-12-31	EUR	https://www.pmt.nl/over-pmt/zo-beleggen-we/waar-beleggen-we-in/aandelen-en-obligaties/#
Metal and Technology Pension Fund	Deutsche Telekom AG	38.539.093	2025-12-31	EUR	https://www.pmt.nl/over-pmt/zo-beleggen-we/waar-beleggen-we-in/aandelen-en-obligaties/#
Metal and Technology Pension Fund	DexCom Inc	8.741.151	2025-12-31	EUR	https://www.pmt.nl/over-pmt/zo-beleggen-we/waar-beleggen-we-in/aandelen-en-obligaties/#
Metal and Technology Pension Fund	Diageo PLC	16.215.560	2025-12-31	EUR	https://www.pmt.nl/over-pmt/zo-beleggen-we/waar-beleggen-we-in/aandelen-en-obligaties/#
Metal and Technology Pension Fund	Dick's Sporting Goods Inc	3.669.638	2025-12-31	EUR	https://www.pmt.nl/over-pmt/zo-beleggen-we/waar-beleggen-we-in/aandelen-en-obligaties/#
Metal and Technology Pension Fund	Dino Polska SA	2.322.627	2025-12-31	EUR	https://www.pmt.nl/over-pmt/zo-beleggen-we/waar-beleggen-we-in/aandelen-en-obligaties/#
Metal and Technology Pension Fund	Disco Corp	9.786.335	2025-12-31	EUR	https://www.pmt.nl/over-pmt/zo-beleggen-we/waar-beleggen-we-in/aandelen-en-obligaties/#
Metal and Technology Pension Fund	Discovery Ltd	2.960.554	2025-12-31	EUR	https://www.pmt.nl/over-pmt/zo-beleggen-we/waar-beleggen-we-in/aandelen-en-obligaties/#
Metal and Technology Pension Fund	Divi's Laboratories Ltd	3.372.087	2025-12-31	EUR	https://www.pmt.nl/over-pmt/zo-beleggen-we/waar-beleggen-we-in/aandelen-en-obligaties/#
Metal and Technology Pension Fund	Dixon Technologies India Ltd	1.744.583	2025-12-31	EUR	https://www.pmt.nl/over-pmt/zo-beleggen-we/waar-beleggen-we-in/aandelen-en-obligaties/#
Metal and Technology Pension Fund	DNB Bank ASA	8.453.079	2025-12-31	EUR	https://www.pmt.nl/over-pmt/zo-beleggen-we/waar-beleggen-we-in/aandelen-en-obligaties/#
Metal and Technology Pension Fund	DocuSign Inc	4.573.240	2025-12-31	EUR	https://www.pmt.nl/over-pmt/zo-beleggen-we/waar-beleggen-we-in/aandelen-en-obligaties/#
Metal and Technology Pension Fund	Dollar Tree Inc	8.444.114	2025-12-31	EUR	https://www.pmt.nl/over-pmt/zo-beleggen-we/waar-beleggen-we-in/aandelen-en-obligaties/#
Metal and Technology Pension Fund	Dominion Energy Inc	16.650.844	2025-12-31	EUR	https://www.pmt.nl/over-pmt/zo-beleggen-we/waar-beleggen-we-in/aandelen-en-obligaties/#
Metal and Technology Pension Fund	DoorDash Inc	27.252.036	2025-12-31	EUR	https://www.pmt.nl/over-pmt/zo-beleggen-we/waar-beleggen-we-in/aandelen-en-obligaties/#
Metal and Technology Pension Fund	Doosan Bobcat Inc	811.860	2025-12-31	EUR	https://www.pmt.nl/over-pmt/zo-beleggen-we/waar-beleggen-we-in/aandelen-en-obligaties/#
Metal and Technology Pension Fund	Doosan Co Ltd	1.518.281	2025-12-31	EUR	https://www.pmt.nl/over-pmt/zo-beleggen-we/waar-beleggen-we-in/aandelen-en-obligaties/#
Metal and Technology Pension Fund	Doosan Enerbility Co Ltd	8.759.365	2025-12-31	EUR	https://www.pmt.nl/over-pmt/zo-beleggen-we/waar-beleggen-we-in/aandelen-en-obligaties/#
Metal and Technology Pension Fund	Dover Corp	8.986.410	2025-12-31	EUR	https://www.pmt.nl/over-pmt/zo-beleggen-we/waar-beleggen-we-in/aandelen-en-obligaties/#
Metal and Technology Pension Fund	Dow Inc	5.438.306	2025-12-31	EUR	https://www.pmt.nl/over-pmt/zo-beleggen-we/waar-beleggen-we-in/aandelen-en-obligaties/#
Metal and Technology Pension Fund	DR Horton Inc	13.639.590	2025-12-31	EUR	https://www.pmt.nl/over-pmt/zo-beleggen-we/waar-beleggen-we-in/aandelen-en-obligaties/#
Metal and Technology Pension Fund	Dr Ing hc F Porsche AG	2.051.121	2025-12-31	EUR	https://www.pmt.nl/over-pmt/zo-beleggen-we/waar-beleggen-we-in/aandelen-en-obligaties/#
Metal and Technology Pension Fund	Dr Reddy's Laboratories Ltd	2.996.145	2025-12-31	EUR	https://www.pmt.nl/over-pmt/zo-beleggen-we/waar-beleggen-we-in/aandelen-en-obligaties/#
Metal and Technology Pension Fund	Dr Sulaiman Al Habib Medical Services Group Co	2.501.215	2025-12-31	EUR	https://www.pmt.nl/over-pmt/zo-beleggen-we/waar-beleggen-we-in/aandelen-en-obligaties/#
Metal and Technology Pension Fund	DraftKings Inc	5.118.694	2025-12-31	EUR	https://www.pmt.nl/over-pmt/zo-beleggen-we/waar-beleggen-we-in/aandelen-en-obligaties/#
Metal and Technology Pension Fund	DSV A/S	17.539.043	2025-12-31	EUR	https://www.pmt.nl/over-pmt/zo-beleggen-we/waar-beleggen-we-in/aandelen-en-obligaties/#
Metal and Technology Pension Fund	DTE Energy Co	8.832.184	2025-12-31	EUR	https://www.pmt.nl/over-pmt/zo-beleggen-we/waar-beleggen-we-in/aandelen-en-obligaties/#
Metal and Technology Pension Fund	Duke Energy Corp	30.426.197	2025-12-31	EUR	https://www.pmt.nl/over-pmt/zo-beleggen-we/waar-beleggen-we-in/aandelen-en-obligaties/#
Metal and Technology Pension Fund	Dynatrace Inc	4.283.370	2025-12-31	EUR	https://www.pmt.nl/over-pmt/zo-beleggen-we/waar-beleggen-we-in/aandelen-en-obligaties/#
Metal and Technology Pension Fund	E Ink Holdings Inc	1.942.344	2025-12-31	EUR	https://www.pmt.nl/over-pmt/zo-beleggen-we/waar-beleggen-we-in/aandelen-en-obligaties/#
Metal and Technology Pension Fund	E.ON SE	14.370.100	2025-12-31	EUR	https://www.pmt.nl/over-pmt/zo-beleggen-we/waar-beleggen-we-in/aandelen-en-obligaties/#
Metal and Technology Pension Fund	E.Sun Financial Holding Co Ltd	6.088.909	2025-12-31	EUR	https://www.pmt.nl/over-pmt/zo-beleggen-we/waar-beleggen-we-in/aandelen-en-obligaties/#
Metal and Technology Pension Fund	East Japan Railway Co	8.264.487	2025-12-31	EUR	https://www.pmt.nl/over-pmt/zo-beleggen-we/waar-beleggen-we-in/aandelen-en-obligaties/#
Metal and Technology Pension Fund	East Money Information Co Ltd	1.097.253	2025-12-31	EUR	https://www.pmt.nl/over-pmt/zo-beleggen-we/waar-beleggen-we-in/aandelen-en-obligaties/#
Metal and Technology Pension Fund	Eaton Corp PLC	41.709.094	2025-12-31	EUR	https://www.pmt.nl/over-pmt/zo-beleggen-we/waar-beleggen-we-in/aandelen-en-obligaties/#
Metal and Technology Pension Fund	eBay Inc	13.558.365	2025-12-31	EUR	https://www.pmt.nl/over-pmt/zo-beleggen-we/waar-beleggen-we-in/aandelen-en-obligaties/#
Metal and Technology Pension Fund	Ecolab Inc	22.390.590	2025-12-31	EUR	https://www.pmt.nl/over-pmt/zo-beleggen-we/waar-beleggen-we-in/aandelen-en-obligaties/#
Metal and Technology Pension Fund	Edenred SE	1.771.375	2025-12-31	EUR	https://www.pmt.nl/over-pmt/zo-beleggen-we/waar-beleggen-we-in/aandelen-en-obligaties/#
Metal and Technology Pension Fund	Edison International	7.626.621	2025-12-31	EUR	https://www.pmt.nl/over-pmt/zo-beleggen-we/waar-beleggen-we-in/aandelen-en-obligaties/#
Metal and Technology Pension Fund	EDP Renovaveis SA	1.472.901	2025-12-31	EUR	https://www.pmt.nl/over-pmt/zo-beleggen-we/waar-beleggen-we-in/aandelen-en-obligaties/#
Metal and Technology Pension Fund	EDP SA	4.883.708	2025-12-31	EUR	https://www.pmt.nl/over-pmt/zo-beleggen-we/waar-beleggen-we-in/aandelen-en-obligaties/#
Metal and Technology Pension Fund	Edwards Lifesciences Corp	16.625.583	2025-12-31	EUR	https://www.pmt.nl/over-pmt/zo-beleggen-we/waar-beleggen-we-in/aandelen-en-obligaties/#
Metal and Technology Pension Fund	Eicher Motors Ltd	4.421.146	2025-12-31	EUR	https://www.pmt.nl/over-pmt/zo-beleggen-we/waar-beleggen-we-in/aandelen-en-obligaties/#
Metal and Technology Pension Fund	Eiffage SA	3.353.638	2025-12-31	EUR	https://www.pmt.nl/over-pmt/zo-beleggen-we/waar-beleggen-we-in/aandelen-en-obligaties/#
Metal and Technology Pension Fund	Eisai Co Ltd	2.693.391	2025-12-31	EUR	https://www.pmt.nl/over-pmt/zo-beleggen-we/waar-beleggen-we-in/aandelen-en-obligaties/#
Metal and Technology Pension Fund	Electronic Arts Inc	16.848.330	2025-12-31	EUR	https://www.pmt.nl/over-pmt/zo-beleggen-we/waar-beleggen-we-in/aandelen-en-obligaties/#
Metal and Technology Pension Fund	Element Fleet Management Corp	3.486.923	2025-12-31	EUR	https://www.pmt.nl/over-pmt/zo-beleggen-we/waar-beleggen-we-in/aandelen-en-obligaties/#
Metal and Technology Pension Fund	Elevance Health Inc	26.533.392	2025-12-31	EUR	https://www.pmt.nl/over-pmt/zo-beleggen-we/waar-beleggen-we-in/aandelen-en-obligaties/#
Metal and Technology Pension Fund	Eli Lilly & Co	289.412.802	2025-12-31	EUR	https://www.pmt.nl/over-pmt/zo-beleggen-we/waar-beleggen-we-in/aandelen-en-obligaties/#
Metal and Technology Pension Fund	Elia Group SA/NV	2.125.876	2025-12-31	EUR	https://www.pmt.nl/over-pmt/zo-beleggen-we/waar-beleggen-we-in/aandelen-en-obligaties/#
Metal and Technology Pension Fund	Elisa Oyj	2.119.441	2025-12-31	EUR	https://www.pmt.nl/over-pmt/zo-beleggen-we/waar-beleggen-we-in/aandelen-en-obligaties/#
Metal and Technology Pension Fund	Embraer SA	4.402.673	2025-12-31	EUR	https://www.pmt.nl/over-pmt/zo-beleggen-we/waar-beleggen-we-in/aandelen-en-obligaties/#
Metal and Technology Pension Fund	EMCOR Group Inc	9.320.753	2025-12-31	EUR	https://www.pmt.nl/over-pmt/zo-beleggen-we/waar-beleggen-we-in/aandelen-en-obligaties/#
Metal and Technology Pension Fund	eMemory Technology Inc	1.265.792	2025-12-31	EUR	https://www.pmt.nl/over-pmt/zo-beleggen-we/waar-beleggen-we-in/aandelen-en-obligaties/#
Metal and Technology Pension Fund	Emerson Electric Co	25.001.580	2025-12-31	EUR	https://www.pmt.nl/over-pmt/zo-beleggen-we/waar-beleggen-we-in/aandelen-en-obligaties/#
Metal and Technology Pension Fund	Empire Co Ltd	1.475.203	2025-12-31	EUR	https://www.pmt.nl/over-pmt/zo-beleggen-we/waar-beleggen-we-in/aandelen-en-obligaties/#
Metal and Technology Pension Fund	EMS-Chemie Holding AG	1.644.071	2025-12-31	EUR	https://www.pmt.nl/over-pmt/zo-beleggen-we/waar-beleggen-we-in/aandelen-en-obligaties/#
Metal and Technology Pension Fund	Endesa SA	3.878.769	2025-12-31	EUR	https://www.pmt.nl/over-pmt/zo-beleggen-we/waar-beleggen-we-in/aandelen-en-obligaties/#
Metal and Technology Pension Fund	Enel Americas SA	658.652	2025-12-31	EUR	https://www.pmt.nl/over-pmt/zo-beleggen-we/waar-beleggen-we-in/aandelen-en-obligaties/#
Metal and Technology Pension Fund	Enel Chile SA	834.998	2025-12-31	EUR	https://www.pmt.nl/over-pmt/zo-beleggen-we/waar-beleggen-we-in/aandelen-en-obligaties/#
Metal and Technology Pension Fund	Enel SpA	28.691.449	2025-12-31	EUR	https://www.pmt.nl/over-pmt/zo-beleggen-we/waar-beleggen-we-in/aandelen-en-obligaties/#
Metal and Technology Pension Fund	Energisa S/A	1.064.007	2025-12-31	EUR	https://www.pmt.nl/over-pmt/zo-beleggen-we/waar-beleggen-we-in/aandelen-en-obligaties/#
Metal and Technology Pension Fund	Eneva SA	1.103.430	2025-12-31	EUR	https://www.pmt.nl/over-pmt/zo-beleggen-we/waar-beleggen-we-in/aandelen-en-obligaties/#
Metal and Technology Pension Fund	Engie Brasil Energia SA	906.721	2025-12-31	EUR	https://www.pmt.nl/over-pmt/zo-beleggen-we/waar-beleggen-we-in/aandelen-en-obligaties/#
Metal and Technology Pension Fund	Engie SA	16.245.547	2025-12-31	EUR	https://www.pmt.nl/over-pmt/zo-beleggen-we/waar-beleggen-we-in/aandelen-en-obligaties/#
Metal and Technology Pension Fund	Eni SpA	14.111.864	2025-12-31	EUR	https://www.pmt.nl/over-pmt/zo-beleggen-we/waar-beleggen-we-in/aandelen-en-obligaties/#
Metal and Technology Pension Fund	ENN Energy Holdings Ltd	2.774.419	2025-12-31	EUR	https://www.pmt.nl/over-pmt/zo-beleggen-we/waar-beleggen-we-in/aandelen-en-obligaties/#
Metal and Technology Pension Fund	ENN Natural Gas Co Ltd	275.206	2025-12-31	EUR	https://www.pmt.nl/over-pmt/zo-beleggen-we/waar-beleggen-we-in/aandelen-en-obligaties/#
Metal and Technology Pension Fund	Entain PLC	2.106.172	2025-12-31	EUR	https://www.pmt.nl/over-pmt/zo-beleggen-we/waar-beleggen-we-in/aandelen-en-obligaties/#
Metal and Technology Pension Fund	Entegris Inc	4.213.038	2025-12-31	EUR	https://www.pmt.nl/over-pmt/zo-beleggen-we/waar-beleggen-we-in/aandelen-en-obligaties/#
Metal and Technology Pension Fund	Epiroc AB	7.740.507	2025-12-31	EUR	https://www.pmt.nl/over-pmt/zo-beleggen-we/waar-beleggen-we-in/aandelen-en-obligaties/#
Metal and Technology Pension Fund	Equatorial SA	3.363.158	2025-12-31	EUR	https://www.pmt.nl/over-pmt/zo-beleggen-we/waar-beleggen-we-in/aandelen-en-obligaties/#
Metal and Technology Pension Fund	Equifax Inc	8.933.601	2025-12-31	EUR	https://www.pmt.nl/over-pmt/zo-beleggen-we/waar-beleggen-we-in/aandelen-en-obligaties/#
Metal and Technology Pension Fund	Equinor ASA	6.654.225	2025-12-31	EUR	https://www.pmt.nl/over-pmt/zo-beleggen-we/waar-beleggen-we-in/aandelen-en-obligaties/#
Metal and Technology Pension Fund	Equitable Holdings Inc	4.744.592	2025-12-31	EUR	https://www.pmt.nl/over-pmt/zo-beleggen-we/waar-beleggen-we-in/aandelen-en-obligaties/#
Metal and Technology Pension Fund	Erste Group Bank AG	12.595.577	2025-12-31	EUR	https://www.pmt.nl/over-pmt/zo-beleggen-we/waar-beleggen-we-in/aandelen-en-obligaties/#
Metal and Technology Pension Fund	Essential Utilities Inc	3.334.506	2025-12-31	EUR	https://www.pmt.nl/over-pmt/zo-beleggen-we/waar-beleggen-we-in/aandelen-en-obligaties/#
Metal and Technology Pension Fund	EssilorLuxottica SA	32.048.196	2025-12-31	EUR	https://www.pmt.nl/over-pmt/zo-beleggen-we/waar-beleggen-we-in/aandelen-en-obligaties/#
Metal and Technology Pension Fund	Essity AB	5.863.744	2025-12-31	EUR	https://www.pmt.nl/over-pmt/zo-beleggen-we/waar-beleggen-we-in/aandelen-en-obligaties/#
Metal and Technology Pension Fund	Estee Lauder Cos Inc/The	8.089.597	2025-12-31	EUR	https://www.pmt.nl/over-pmt/zo-beleggen-we/waar-beleggen-we-in/aandelen-en-obligaties/#
Metal and Technology Pension Fund	Eternal Ltd	3.188.267	2025-12-31	EUR	https://www.pmt.nl/over-pmt/zo-beleggen-we/waar-beleggen-we-in/aandelen-en-obligaties/#
Metal and Technology Pension Fund	Etihad Etisalat Co	2.432.865	2025-12-31	EUR	https://www.pmt.nl/over-pmt/zo-beleggen-we/waar-beleggen-we-in/aandelen-en-obligaties/#
Metal and Technology Pension Fund	Eurobank SA	4.119.559	2025-12-31	EUR	https://www.pmt.nl/over-pmt/zo-beleggen-we/waar-beleggen-we-in/aandelen-en-obligaties/#
Metal and Technology Pension Fund	Eurofins Scientific SE	2.917.200	2025-12-31	EUR	https://www.pmt.nl/over-pmt/zo-beleggen-we/waar-beleggen-we-in/aandelen-en-obligaties/#
Metal and Technology Pension Fund	Euronext NV	3.988.864	2025-12-31	EUR	https://www.pmt.nl/over-pmt/zo-beleggen-we/waar-beleggen-we-in/aandelen-en-obligaties/#
Metal and Technology Pension Fund	Eva Airways Corp	1.101.399	2025-12-31	EUR	https://www.pmt.nl/over-pmt/zo-beleggen-we/waar-beleggen-we-in/aandelen-en-obligaties/#
Metal and Technology Pension Fund	Eve Energy Co Ltd	386.199	2025-12-31	EUR	https://www.pmt.nl/over-pmt/zo-beleggen-we/waar-beleggen-we-in/aandelen-en-obligaties/#
Metal and Technology Pension Fund	Everest Group Ltd	4.813.225	2025-12-31	EUR	https://www.pmt.nl/over-pmt/zo-beleggen-we/waar-beleggen-we-in/aandelen-en-obligaties/#
Metal and Technology Pension Fund	Evergreen Marine Corp Taiwan Ltd	2.486.871	2025-12-31	EUR	https://www.pmt.nl/over-pmt/zo-beleggen-we/waar-beleggen-we-in/aandelen-en-obligaties/#
Metal and Technology Pension Fund	Eversource Energy	8.314.993	2025-12-31	EUR	https://www.pmt.nl/over-pmt/zo-beleggen-we/waar-beleggen-we-in/aandelen-en-obligaties/#
Metal and Technology Pension Fund	Evolution AB	3.442.639	2025-12-31	EUR	https://www.pmt.nl/over-pmt/zo-beleggen-we/waar-beleggen-we-in/aandelen-en-obligaties/#
Metal and Technology Pension Fund	Evonik Industries AG	1.322.159	2025-12-31	EUR	https://www.pmt.nl/over-pmt/zo-beleggen-we/waar-beleggen-we-in/aandelen-en-obligaties/#
Metal and Technology Pension Fund	Exelon Corp	14.664.679	2025-12-31	EUR	https://www.pmt.nl/over-pmt/zo-beleggen-we/waar-beleggen-we-in/aandelen-en-obligaties/#
Metal and Technology Pension Fund	Expedia Group Inc	11.709.680	2025-12-31	EUR	https://www.pmt.nl/over-pmt/zo-beleggen-we/waar-beleggen-we-in/aandelen-en-obligaties/#
Metal and Technology Pension Fund	Expeditors International of Washington Inc	6.918.444	2025-12-31	EUR	https://www.pmt.nl/over-pmt/zo-beleggen-we/waar-beleggen-we-in/aandelen-en-obligaties/#
Metal and Technology Pension Fund	Experian PLC	14.033.125	2025-12-31	EUR	https://www.pmt.nl/over-pmt/zo-beleggen-we/waar-beleggen-we-in/aandelen-en-obligaties/#
Metal and Technology Pension Fund	F&G Annuities & Life Inc	159.366	2025-12-31	EUR	https://www.pmt.nl/over-pmt/zo-beleggen-we/waar-beleggen-we-in/aandelen-en-obligaties/#
Metal and Technology Pension Fund	F5 Inc	4.866.339	2025-12-31	EUR	https://www.pmt.nl/over-pmt/zo-beleggen-we/waar-beleggen-we-in/aandelen-en-obligaties/#
Metal and Technology Pension Fund	Fabege AB	5.046.804	2025-12-31	EUR	https://www.pmt.nl/over-pmt/zo-beleggen-we/waar-beleggen-we-in/aandelen-en-obligaties/#
Metal and Technology Pension Fund	Fair Isaac Corp	13.800.480	2025-12-31	EUR	https://www.pmt.nl/over-pmt/zo-beleggen-we/waar-beleggen-we-in/aandelen-en-obligaties/#
Metal and Technology Pension Fund	Fairfax Financial Holdings Ltd	12.719.540	2025-12-31	EUR	https://www.pmt.nl/over-pmt/zo-beleggen-we/waar-beleggen-we-in/aandelen-en-obligaties/#
Metal and Technology Pension Fund	FANUC Corp	12.661.150	2025-12-31	EUR	https://www.pmt.nl/over-pmt/zo-beleggen-we/waar-beleggen-we-in/aandelen-en-obligaties/#
Metal and Technology Pension Fund	Far Eastern New Century Corp	1.218.168	2025-12-31	EUR	https://www.pmt.nl/over-pmt/zo-beleggen-we/waar-beleggen-we-in/aandelen-en-obligaties/#
Metal and Technology Pension Fund	Far EasTone Telecommunications Co Ltd	1.998.019	2025-12-31	EUR	https://www.pmt.nl/over-pmt/zo-beleggen-we/waar-beleggen-we-in/aandelen-en-obligaties/#
Metal and Technology Pension Fund	Fastenal Co	15.340.666	2025-12-31	EUR	https://www.pmt.nl/over-pmt/zo-beleggen-we/waar-beleggen-we-in/aandelen-en-obligaties/#
Metal and Technology Pension Fund	FDJ UNITED	1.018.353	2025-12-31	EUR	https://www.pmt.nl/over-pmt/zo-beleggen-we/waar-beleggen-we-in/aandelen-en-obligaties/#
Metal and Technology Pension Fund	FedEx Corp	22.124.248	2025-12-31	EUR	https://www.pmt.nl/over-pmt/zo-beleggen-we/waar-beleggen-we-in/aandelen-en-obligaties/#
Metal and Technology Pension Fund	Feng TAY Enterprise Co Ltd	734.754	2025-12-31	EUR	https://www.pmt.nl/over-pmt/zo-beleggen-we/waar-beleggen-we-in/aandelen-en-obligaties/#
Metal and Technology Pension Fund	Ferguson Enterprises Inc	14.741.596	2025-12-31	EUR	https://www.pmt.nl/over-pmt/zo-beleggen-we/waar-beleggen-we-in/aandelen-en-obligaties/#
Metal and Technology Pension Fund	Ferrari NV	15.939.781	2025-12-31	EUR	https://www.pmt.nl/over-pmt/zo-beleggen-we/waar-beleggen-we-in/aandelen-en-obligaties/#
Metal and Technology Pension Fund	Ferrovial SE	11.288.475	2025-12-31	EUR	https://www.pmt.nl/over-pmt/zo-beleggen-we/waar-beleggen-we-in/aandelen-en-obligaties/#
Metal and Technology Pension Fund	Fidelity National Financial Inc	4.700.750	2025-12-31	EUR	https://www.pmt.nl/over-pmt/zo-beleggen-we/waar-beleggen-we-in/aandelen-en-obligaties/#
Metal and Technology Pension Fund	Fidelity National Information Services Inc	11.775.323	2025-12-31	EUR	https://www.pmt.nl/over-pmt/zo-beleggen-we/waar-beleggen-we-in/aandelen-en-obligaties/#
Metal and Technology Pension Fund	Fifth Third Bancorp	10.346.507	2025-12-31	EUR	https://www.pmt.nl/over-pmt/zo-beleggen-we/waar-beleggen-we-in/aandelen-en-obligaties/#
Metal and Technology Pension Fund	FinecoBank Banca Fineco SpA	5.399.773	2025-12-31	EUR	https://www.pmt.nl/over-pmt/zo-beleggen-we/waar-beleggen-we-in/aandelen-en-obligaties/#
Metal and Technology Pension Fund	First Citizens BancShares Inc/NC	6.686.426	2025-12-31	EUR	https://www.pmt.nl/over-pmt/zo-beleggen-we/waar-beleggen-we-in/aandelen-en-obligaties/#
Metal and Technology Pension Fund	First Solar Inc	8.937.805	2025-12-31	EUR	https://www.pmt.nl/over-pmt/zo-beleggen-we/waar-beleggen-we-in/aandelen-en-obligaties/#
Metal and Technology Pension Fund	FirstEnergy Corp	8.244.054	2025-12-31	EUR	https://www.pmt.nl/over-pmt/zo-beleggen-we/waar-beleggen-we-in/aandelen-en-obligaties/#
Metal and Technology Pension Fund	FirstRand Ltd	10.508.088	2025-12-31	EUR	https://www.pmt.nl/over-pmt/zo-beleggen-we/waar-beleggen-we-in/aandelen-en-obligaties/#
Metal and Technology Pension Fund	Fiserv Inc	12.464.069	2025-12-31	EUR	https://www.pmt.nl/over-pmt/zo-beleggen-we/waar-beleggen-we-in/aandelen-en-obligaties/#
Metal and Technology Pension Fund	Fisher & Paykel Healthcare Corp Ltd	4.464.771	2025-12-31	EUR	https://www.pmt.nl/over-pmt/zo-beleggen-we/waar-beleggen-we-in/aandelen-en-obligaties/#
Metal and Technology Pension Fund	Flat Glass Group Co Ltd	90.309	2025-12-31	EUR	https://www.pmt.nl/over-pmt/zo-beleggen-we/waar-beleggen-we-in/aandelen-en-obligaties/#
Metal and Technology Pension Fund	Flutter Entertainment PLC	12.712.893	2025-12-31	EUR	https://www.pmt.nl/over-pmt/zo-beleggen-we/waar-beleggen-we-in/aandelen-en-obligaties/#
Metal and Technology Pension Fund	Focus Media Information Technology Co Ltd	443.067	2025-12-31	EUR	https://www.pmt.nl/over-pmt/zo-beleggen-we/waar-beleggen-we-in/aandelen-en-obligaties/#
Metal and Technology Pension Fund	Fomento Economico Mexicano SAB de CV	6.892.104	2025-12-31	EUR	https://www.pmt.nl/over-pmt/zo-beleggen-we/waar-beleggen-we-in/aandelen-en-obligaties/#
Metal and Technology Pension Fund	Ford Motor Co	17.325.974	2025-12-31	EUR	https://www.pmt.nl/over-pmt/zo-beleggen-we/waar-beleggen-we-in/aandelen-en-obligaties/#
Metal and Technology Pension Fund	Fortinet Inc	17.550.661	2025-12-31	EUR	https://www.pmt.nl/over-pmt/zo-beleggen-we/waar-beleggen-we-in/aandelen-en-obligaties/#
Metal and Technology Pension Fund	Fortis Healthcare Ltd	1.759.754	2025-12-31	EUR	https://www.pmt.nl/over-pmt/zo-beleggen-we/waar-beleggen-we-in/aandelen-en-obligaties/#
Metal and Technology Pension Fund	Fortis Inc/Canada	8.723.039	2025-12-31	EUR	https://www.pmt.nl/over-pmt/zo-beleggen-we/waar-beleggen-we-in/aandelen-en-obligaties/#
Metal and Technology Pension Fund	Fortive Corp	6.187.685	2025-12-31	EUR	https://www.pmt.nl/over-pmt/zo-beleggen-we/waar-beleggen-we-in/aandelen-en-obligaties/#
Metal and Technology Pension Fund	Fortum OYJ	3.220.278	2025-12-31	EUR	https://www.pmt.nl/over-pmt/zo-beleggen-we/waar-beleggen-we-in/aandelen-en-obligaties/#
Metal and Technology Pension Fund	Fortune Electric Co Ltd	1.585.898	2025-12-31	EUR	https://www.pmt.nl/over-pmt/zo-beleggen-we/waar-beleggen-we-in/aandelen-en-obligaties/#
Metal and Technology Pension Fund	Foxconn Industrial Internet Co Ltd	2.600.774	2025-12-31	EUR	https://www.pmt.nl/over-pmt/zo-beleggen-we/waar-beleggen-we-in/aandelen-en-obligaties/#
Metal and Technology Pension Fund	Fresenius Medical Care AG	3.579.665	2025-12-31	EUR	https://www.pmt.nl/over-pmt/zo-beleggen-we/waar-beleggen-we-in/aandelen-en-obligaties/#
Metal and Technology Pension Fund	Fresenius SE & Co KGaA	8.206.550	2025-12-31	EUR	https://www.pmt.nl/over-pmt/zo-beleggen-we/waar-beleggen-we-in/aandelen-en-obligaties/#
Metal and Technology Pension Fund	FSN E-Commerce Ventures Ltd	927.520	2025-12-31	EUR	https://www.pmt.nl/over-pmt/zo-beleggen-we/waar-beleggen-we-in/aandelen-en-obligaties/#
Metal and Technology Pension Fund	Fuji Electric Co Ltd	3.501.782	2025-12-31	EUR	https://www.pmt.nl/over-pmt/zo-beleggen-we/waar-beleggen-we-in/aandelen-en-obligaties/#
Metal and Technology Pension Fund	FUJIFILM Holdings Corp	8.239.695	2025-12-31	EUR	https://www.pmt.nl/over-pmt/zo-beleggen-we/waar-beleggen-we-in/aandelen-en-obligaties/#
Metal and Technology Pension Fund	Fujikura Ltd	9.663.144	2025-12-31	EUR	https://www.pmt.nl/over-pmt/zo-beleggen-we/waar-beleggen-we-in/aandelen-en-obligaties/#
Metal and Technology Pension Fund	Fujitsu Ltd	16.811.431	2025-12-31	EUR	https://www.pmt.nl/over-pmt/zo-beleggen-we/waar-beleggen-we-in/aandelen-en-obligaties/#
Metal and Technology Pension Fund	Futu Holdings Ltd	3.470.019	2025-12-31	EUR	https://www.pmt.nl/over-pmt/zo-beleggen-we/waar-beleggen-we-in/aandelen-en-obligaties/#
Metal and Technology Pension Fund	Fuyao Glass Industry Group Co Ltd	2.440.563	2025-12-31	EUR	https://www.pmt.nl/over-pmt/zo-beleggen-we/waar-beleggen-we-in/aandelen-en-obligaties/#
Metal and Technology Pension Fund	Galaxy Entertainment Group Ltd	3.789.535	2025-12-31	EUR	https://www.pmt.nl/over-pmt/zo-beleggen-we/waar-beleggen-we-in/aandelen-en-obligaties/#
Metal and Technology Pension Fund	Gamuda Bhd	2.222.075	2025-12-31	EUR	https://www.pmt.nl/over-pmt/zo-beleggen-we/waar-beleggen-we-in/aandelen-en-obligaties/#
Metal and Technology Pension Fund	Ganfeng Lithium Group Co Ltd	1.398.386	2025-12-31	EUR	https://www.pmt.nl/over-pmt/zo-beleggen-we/waar-beleggen-we-in/aandelen-en-obligaties/#
Metal and Technology Pension Fund	Garmin Ltd	10.472.480	2025-12-31	EUR	https://www.pmt.nl/over-pmt/zo-beleggen-we/waar-beleggen-we-in/aandelen-en-obligaties/#
Metal and Technology Pension Fund	Gartner Inc	6.392.439	2025-12-31	EUR	https://www.pmt.nl/over-pmt/zo-beleggen-we/waar-beleggen-we-in/aandelen-en-obligaties/#
Metal and Technology Pension Fund	GDS Holdings Ltd	1.730.474	2025-12-31	EUR	https://www.pmt.nl/over-pmt/zo-beleggen-we/waar-beleggen-we-in/aandelen-en-obligaties/#
Metal and Technology Pension Fund	GE HealthCare Technologies Inc	12.575.539	2025-12-31	EUR	https://www.pmt.nl/over-pmt/zo-beleggen-we/waar-beleggen-we-in/aandelen-en-obligaties/#
Metal and Technology Pension Fund	GE Vernova Inc	59.695.268	2025-12-31	EUR	https://www.pmt.nl/over-pmt/zo-beleggen-we/waar-beleggen-we-in/aandelen-en-obligaties/#
Metal and Technology Pension Fund	GEA Group AG	3.379.797	2025-12-31	EUR	https://www.pmt.nl/over-pmt/zo-beleggen-we/waar-beleggen-we-in/aandelen-en-obligaties/#
Metal and Technology Pension Fund	Geberit AG	8.832.879	2025-12-31	EUR	https://www.pmt.nl/over-pmt/zo-beleggen-we/waar-beleggen-we-in/aandelen-en-obligaties/#
Metal and Technology Pension Fund	Geely Automobile Holdings Ltd	5.204.752	2025-12-31	EUR	https://www.pmt.nl/over-pmt/zo-beleggen-we/waar-beleggen-we-in/aandelen-en-obligaties/#
Metal and Technology Pension Fund	Gen Digital Inc	4.703.480	2025-12-31	EUR	https://www.pmt.nl/over-pmt/zo-beleggen-we/waar-beleggen-we-in/aandelen-en-obligaties/#
Metal and Technology Pension Fund	General Mills Inc	8.415.849	2025-12-31	EUR	https://www.pmt.nl/over-pmt/zo-beleggen-we/waar-beleggen-we-in/aandelen-en-obligaties/#
Metal and Technology Pension Fund	General Motors Co	26.471.774	2025-12-31	EUR	https://www.pmt.nl/over-pmt/zo-beleggen-we/waar-beleggen-we-in/aandelen-en-obligaties/#
Metal and Technology Pension Fund	Generali	12.244.947	2025-12-31	EUR	https://www.pmt.nl/over-pmt/zo-beleggen-we/waar-beleggen-we-in/aandelen-en-obligaties/#
Metal and Technology Pension Fund	Genscript Biotech Corp	739.116	2025-12-31	EUR	https://www.pmt.nl/over-pmt/zo-beleggen-we/waar-beleggen-we-in/aandelen-en-obligaties/#
Metal and Technology Pension Fund	Genuine Parts Co	5.636.509	2025-12-31	EUR	https://www.pmt.nl/over-pmt/zo-beleggen-we/waar-beleggen-we-in/aandelen-en-obligaties/#
Metal and Technology Pension Fund	George Weston Ltd	4.123.329	2025-12-31	EUR	https://www.pmt.nl/over-pmt/zo-beleggen-we/waar-beleggen-we-in/aandelen-en-obligaties/#
Metal and Technology Pension Fund	Gerdau SA	1.814.085	2025-12-31	EUR	https://www.pmt.nl/over-pmt/zo-beleggen-we/waar-beleggen-we-in/aandelen-en-obligaties/#
Metal and Technology Pension Fund	Getlink SE	1.845.475	2025-12-31	EUR	https://www.pmt.nl/over-pmt/zo-beleggen-we/waar-beleggen-we-in/aandelen-en-obligaties/#
Metal and Technology Pension Fund	GFL Environmental Inc	2.977.445	2025-12-31	EUR	https://www.pmt.nl/over-pmt/zo-beleggen-we/waar-beleggen-we-in/aandelen-en-obligaties/#
Metal and Technology Pension Fund	Giant Network Group Co Ltd	365.530	2025-12-31	EUR	https://www.pmt.nl/over-pmt/zo-beleggen-we/waar-beleggen-we-in/aandelen-en-obligaties/#
Metal and Technology Pension Fund	Gigabyte Technology Co Ltd	1.460.417	2025-12-31	EUR	https://www.pmt.nl/over-pmt/zo-beleggen-we/waar-beleggen-we-in/aandelen-en-obligaties/#
Metal and Technology Pension Fund	GigaDevice Semiconductor Inc	506.436	2025-12-31	EUR	https://www.pmt.nl/over-pmt/zo-beleggen-we/waar-beleggen-we-in/aandelen-en-obligaties/#
Metal and Technology Pension Fund	Gildan Activewear Inc	2.980.189	2025-12-31	EUR	https://www.pmt.nl/over-pmt/zo-beleggen-we/waar-beleggen-we-in/aandelen-en-obligaties/#
Metal and Technology Pension Fund	Gilead Sciences Inc	51.110.610	2025-12-31	EUR	https://www.pmt.nl/over-pmt/zo-beleggen-we/waar-beleggen-we-in/aandelen-en-obligaties/#
Metal and Technology Pension Fund	Givaudan SA	12.384.522	2025-12-31	EUR	https://www.pmt.nl/over-pmt/zo-beleggen-we/waar-beleggen-we-in/aandelen-en-obligaties/#
Metal and Technology Pension Fund	Gjensidige Forsikring ASA	1.977.423	2025-12-31	EUR	https://www.pmt.nl/over-pmt/zo-beleggen-we/waar-beleggen-we-in/aandelen-en-obligaties/#
Metal and Technology Pension Fund	Global Payments Inc	6.450.604	2025-12-31	EUR	https://www.pmt.nl/over-pmt/zo-beleggen-we/waar-beleggen-we-in/aandelen-en-obligaties/#
Metal and Technology Pension Fund	Global Unichip Corp	2.130.655	2025-12-31	EUR	https://www.pmt.nl/over-pmt/zo-beleggen-we/waar-beleggen-we-in/aandelen-en-obligaties/#
Metal and Technology Pension Fund	Globalwafers Co Ltd	1.342.265	2025-12-31	EUR	https://www.pmt.nl/over-pmt/zo-beleggen-we/waar-beleggen-we-in/aandelen-en-obligaties/#
Metal and Technology Pension Fund	GMR Airports Ltd	1.179.984	2025-12-31	EUR	https://www.pmt.nl/over-pmt/zo-beleggen-we/waar-beleggen-we-in/aandelen-en-obligaties/#
Metal and Technology Pension Fund	GoDaddy Inc	5.791.703	2025-12-31	EUR	https://www.pmt.nl/over-pmt/zo-beleggen-we/waar-beleggen-we-in/aandelen-en-obligaties/#
Metal and Technology Pension Fund	GoerTek Inc	242.239	2025-12-31	EUR	https://www.pmt.nl/over-pmt/zo-beleggen-we/waar-beleggen-we-in/aandelen-en-obligaties/#
Metal and Technology Pension Fund	Gotion High-tech Co Ltd	297.355	2025-12-31	EUR	https://www.pmt.nl/over-pmt/zo-beleggen-we/waar-beleggen-we-in/aandelen-en-obligaties/#
Metal and Technology Pension Fund	GoTo Gojek Tokopedia Tbk PT	1.206.538	2025-12-31	EUR	https://www.pmt.nl/over-pmt/zo-beleggen-we/waar-beleggen-we-in/aandelen-en-obligaties/#
Metal and Technology Pension Fund	Grab Holdings Ltd	4.137.657	2025-12-31	EUR	https://www.pmt.nl/over-pmt/zo-beleggen-we/waar-beleggen-we-in/aandelen-en-obligaties/#
Metal and Technology Pension Fund	Graco Inc	4.530.981	2025-12-31	EUR	https://www.pmt.nl/over-pmt/zo-beleggen-we/waar-beleggen-we-in/aandelen-en-obligaties/#
Metal and Technology Pension Fund	Grasim Industries Ltd	3.313.204	2025-12-31	EUR	https://www.pmt.nl/over-pmt/zo-beleggen-we/waar-beleggen-we-in/aandelen-en-obligaties/#
Metal and Technology Pension Fund	Great Wall Motor Co Ltd	1.818.187	2025-12-31	EUR	https://www.pmt.nl/over-pmt/zo-beleggen-we/waar-beleggen-we-in/aandelen-en-obligaties/#
Metal and Technology Pension Fund	Great-West Lifeco Inc	4.623.262	2025-12-31	EUR	https://www.pmt.nl/over-pmt/zo-beleggen-we/waar-beleggen-we-in/aandelen-en-obligaties/#
Metal and Technology Pension Fund	Gree Electric Appliances Inc of Zhuhai	476.333	2025-12-31	EUR	https://www.pmt.nl/over-pmt/zo-beleggen-we/waar-beleggen-we-in/aandelen-en-obligaties/#
Metal and Technology Pension Fund	Grifols SA	1.237.883	2025-12-31	EUR	https://www.pmt.nl/over-pmt/zo-beleggen-we/waar-beleggen-we-in/aandelen-en-obligaties/#
Metal and Technology Pension Fund	Grupo Aeroportuario del Centro Norte SAB de CV	1.386.259	2025-12-31	EUR	https://www.pmt.nl/over-pmt/zo-beleggen-we/waar-beleggen-we-in/aandelen-en-obligaties/#
Metal and Technology Pension Fund	Grupo Aeroportuario del Pacifico SAB de CV	4.040.581	2025-12-31	EUR	https://www.pmt.nl/over-pmt/zo-beleggen-we/waar-beleggen-we-in/aandelen-en-obligaties/#
Metal and Technology Pension Fund	Grupo Aeroportuario del Sureste SAB de CV	2.166.270	2025-12-31	EUR	https://www.pmt.nl/over-pmt/zo-beleggen-we/waar-beleggen-we-in/aandelen-en-obligaties/#
Metal and Technology Pension Fund	Grupo Bimbo SAB de CV	1.625.264	2025-12-31	EUR	https://www.pmt.nl/over-pmt/zo-beleggen-we/waar-beleggen-we-in/aandelen-en-obligaties/#
Metal and Technology Pension Fund	Grupo Cibest SA	3.906.358	2025-12-31	EUR	https://www.pmt.nl/over-pmt/zo-beleggen-we/waar-beleggen-we-in/aandelen-en-obligaties/#
Metal and Technology Pension Fund	Grupo Financiero Banorte SAB de CV	9.077.108	2025-12-31	EUR	https://www.pmt.nl/over-pmt/zo-beleggen-we/waar-beleggen-we-in/aandelen-en-obligaties/#
Metal and Technology Pension Fund	GSK PLC	34.230.788	2025-12-31	EUR	https://www.pmt.nl/over-pmt/zo-beleggen-we/waar-beleggen-we-in/aandelen-en-obligaties/#
Metal and Technology Pension Fund	Gulf Bank KSCP	895.144	2025-12-31	EUR	https://www.pmt.nl/over-pmt/zo-beleggen-we/waar-beleggen-we-in/aandelen-en-obligaties/#
Metal and Technology Pension Fund	Gulf Development PCL	1.885.272	2025-12-31	EUR	https://www.pmt.nl/over-pmt/zo-beleggen-we/waar-beleggen-we-in/aandelen-en-obligaties/#
Metal and Technology Pension Fund	H & M Hennes & Mauritz AB	3.879.536	2025-12-31	EUR	https://www.pmt.nl/over-pmt/zo-beleggen-we/waar-beleggen-we-in/aandelen-en-obligaties/#
Metal and Technology Pension Fund	Haci Omer Sabanci Holding AS	849.259	2025-12-31	EUR	https://www.pmt.nl/over-pmt/zo-beleggen-we/waar-beleggen-we-in/aandelen-en-obligaties/#
Metal and Technology Pension Fund	Haier Smart Home Co Ltd	3.539.499	2025-12-31	EUR	https://www.pmt.nl/over-pmt/zo-beleggen-we/waar-beleggen-we-in/aandelen-en-obligaties/#
Metal and Technology Pension Fund	Haitian International Holdings Ltd	705.431	2025-12-31	EUR	https://www.pmt.nl/over-pmt/zo-beleggen-we/waar-beleggen-we-in/aandelen-en-obligaties/#
Metal and Technology Pension Fund	Hana Financial Group Inc	7.024.070	2025-12-31	EUR	https://www.pmt.nl/over-pmt/zo-beleggen-we/waar-beleggen-we-in/aandelen-en-obligaties/#
Metal and Technology Pension Fund	Hang Seng Bank Ltd	5.076.198	2025-12-31	EUR	https://www.pmt.nl/over-pmt/zo-beleggen-we/waar-beleggen-we-in/aandelen-en-obligaties/#
Metal and Technology Pension Fund	Hangzhou First Applied Material Co Ltd	149.356	2025-12-31	EUR	https://www.pmt.nl/over-pmt/zo-beleggen-we/waar-beleggen-we-in/aandelen-en-obligaties/#
Metal and Technology Pension Fund	Hangzhou Tigermed Consulting Co Ltd	24.180	2025-12-31	EUR	https://www.pmt.nl/over-pmt/zo-beleggen-we/waar-beleggen-we-in/aandelen-en-obligaties/#
Metal and Technology Pension Fund	Hanjin Kal Corp	690.341	2025-12-31	EUR	https://www.pmt.nl/over-pmt/zo-beleggen-we/waar-beleggen-we-in/aandelen-en-obligaties/#
Metal and Technology Pension Fund	Hankook Tire & Technology Co Ltd	1.166.204	2025-12-31	EUR	https://www.pmt.nl/over-pmt/zo-beleggen-we/waar-beleggen-we-in/aandelen-en-obligaties/#
Metal and Technology Pension Fund	Hankyu Hanshin Holdings Inc	2.002.674	2025-12-31	EUR	https://www.pmt.nl/over-pmt/zo-beleggen-we/waar-beleggen-we-in/aandelen-en-obligaties/#
Metal and Technology Pension Fund	Hannover Rueck SE	6.376.022	2025-12-31	EUR	https://www.pmt.nl/over-pmt/zo-beleggen-we/waar-beleggen-we-in/aandelen-en-obligaties/#
Metal and Technology Pension Fund	Hansoh Pharmaceutical Group Co Ltd	2.549.712	2025-12-31	EUR	https://www.pmt.nl/over-pmt/zo-beleggen-we/waar-beleggen-we-in/aandelen-en-obligaties/#
Metal and Technology Pension Fund	Hanwha Systems Co Ltd	1.049.734	2025-12-31	EUR	https://www.pmt.nl/over-pmt/zo-beleggen-we/waar-beleggen-we-in/aandelen-en-obligaties/#
Metal and Technology Pension Fund	Hartford Insurance Group Inc/The	13.113.205	2025-12-31	EUR	https://www.pmt.nl/over-pmt/zo-beleggen-we/waar-beleggen-we-in/aandelen-en-obligaties/#
Metal and Technology Pension Fund	Havells India Ltd	1.432.218	2025-12-31	EUR	https://www.pmt.nl/over-pmt/zo-beleggen-we/waar-beleggen-we-in/aandelen-en-obligaties/#
Metal and Technology Pension Fund	HCA Healthcare Inc	28.809.410	2025-12-31	EUR	https://www.pmt.nl/over-pmt/zo-beleggen-we/waar-beleggen-we-in/aandelen-en-obligaties/#
Metal and Technology Pension Fund	HCL Technologies Ltd	6.516.599	2025-12-31	EUR	https://www.pmt.nl/over-pmt/zo-beleggen-we/waar-beleggen-we-in/aandelen-en-obligaties/#
Metal and Technology Pension Fund	HD Hyundai Electric Co Ltd	4.697.927	2025-12-31	EUR	https://www.pmt.nl/over-pmt/zo-beleggen-we/waar-beleggen-we-in/aandelen-en-obligaties/#
Metal and Technology Pension Fund	HD Hyundai Heavy Industries Co Ltd	3.554.583	2025-12-31	EUR	https://www.pmt.nl/over-pmt/zo-beleggen-we/waar-beleggen-we-in/aandelen-en-obligaties/#
Metal and Technology Pension Fund	HD Korea Shipbuilding & Offshore Engineering Co Ltd	4.643.857	2025-12-31	EUR	https://www.pmt.nl/over-pmt/zo-beleggen-we/waar-beleggen-we-in/aandelen-en-obligaties/#
Metal and Technology Pension Fund	HDFC Asset Management Co Ltd	2.246.232	2025-12-31	EUR	https://www.pmt.nl/over-pmt/zo-beleggen-we/waar-beleggen-we-in/aandelen-en-obligaties/#
Metal and Technology Pension Fund	HDFC Bank Ltd	47.600.391	2025-12-31	EUR	https://www.pmt.nl/over-pmt/zo-beleggen-we/waar-beleggen-we-in/aandelen-en-obligaties/#
Metal and Technology Pension Fund	HDFC Life Insurance Co Ltd	3.235.429	2025-12-31	EUR	https://www.pmt.nl/over-pmt/zo-beleggen-we/waar-beleggen-we-in/aandelen-en-obligaties/#
Metal and Technology Pension Fund	HEICO Corp	11.169.603	2025-12-31	EUR	https://www.pmt.nl/over-pmt/zo-beleggen-we/waar-beleggen-we-in/aandelen-en-obligaties/#
Metal and Technology Pension Fund	Heidelberg Materials AG	11.845.091	2025-12-31	EUR	https://www.pmt.nl/over-pmt/zo-beleggen-we/waar-beleggen-we-in/aandelen-en-obligaties/#
Metal and Technology Pension Fund	Heineken Holding NV	3.231.259	2025-12-31	EUR	https://www.pmt.nl/over-pmt/zo-beleggen-we/waar-beleggen-we-in/aandelen-en-obligaties/#
Metal and Technology Pension Fund	Heineken NV	7.975.955	2025-12-31	EUR	https://www.pmt.nl/over-pmt/zo-beleggen-we/waar-beleggen-we-in/aandelen-en-obligaties/#
Metal and Technology Pension Fund	Hellenic Telecommunications Organization SA	1.191.125	2025-12-31	EUR	https://www.pmt.nl/over-pmt/zo-beleggen-we/waar-beleggen-we-in/aandelen-en-obligaties/#
Metal and Technology Pension Fund	Helvetia Baloise Holding AG	7.071.657	2025-12-31	EUR	https://www.pmt.nl/over-pmt/zo-beleggen-we/waar-beleggen-we-in/aandelen-en-obligaties/#
Metal and Technology Pension Fund	Hengan International Group Co Ltd	865.265	2025-12-31	EUR	https://www.pmt.nl/over-pmt/zo-beleggen-we/waar-beleggen-we-in/aandelen-en-obligaties/#
Metal and Technology Pension Fund	Henkel AG & Co KGaA	7.353.093	2025-12-31	EUR	https://www.pmt.nl/over-pmt/zo-beleggen-we/waar-beleggen-we-in/aandelen-en-obligaties/#
Metal and Technology Pension Fund	Hero MotoCorp Ltd	3.021.771	2025-12-31	EUR	https://www.pmt.nl/over-pmt/zo-beleggen-we/waar-beleggen-we-in/aandelen-en-obligaties/#
Metal and Technology Pension Fund	Hershey Co/The	9.044.845	2025-12-31	EUR	https://www.pmt.nl/over-pmt/zo-beleggen-we/waar-beleggen-we-in/aandelen-en-obligaties/#
Metal and Technology Pension Fund	Hewlett Packard Enterprise Co	10.576.920	2025-12-31	EUR	https://www.pmt.nl/over-pmt/zo-beleggen-we/waar-beleggen-we-in/aandelen-en-obligaties/#
Metal and Technology Pension Fund	Hexagon AB	8.329.454	2025-12-31	EUR	https://www.pmt.nl/over-pmt/zo-beleggen-we/waar-beleggen-we-in/aandelen-en-obligaties/#
Metal and Technology Pension Fund	Hikari Tsushin Inc	1.663.596	2025-12-31	EUR	https://www.pmt.nl/over-pmt/zo-beleggen-we/waar-beleggen-we-in/aandelen-en-obligaties/#
Metal and Technology Pension Fund	Hikma Pharmaceuticals PLC	1.145.738	2025-12-31	EUR	https://www.pmt.nl/over-pmt/zo-beleggen-we/waar-beleggen-we-in/aandelen-en-obligaties/#
Metal and Technology Pension Fund	Hilton Worldwide Holdings Inc	23.200.369	2025-12-31	EUR	https://www.pmt.nl/over-pmt/zo-beleggen-we/waar-beleggen-we-in/aandelen-en-obligaties/#
Metal and Technology Pension Fund	Hindalco Industries Ltd	5.016.789	2025-12-31	EUR	https://www.pmt.nl/over-pmt/zo-beleggen-we/waar-beleggen-we-in/aandelen-en-obligaties/#
Metal and Technology Pension Fund	Hitachi Ltd	49.579.423	2025-12-31	EUR	https://www.pmt.nl/over-pmt/zo-beleggen-we/waar-beleggen-we-in/aandelen-en-obligaties/#
Metal and Technology Pension Fund	HKT Trust & HKT Ltd	1.957.933	2025-12-31	EUR	https://www.pmt.nl/over-pmt/zo-beleggen-we/waar-beleggen-we-in/aandelen-en-obligaties/#
Metal and Technology Pension Fund	HLB Inc	1.747.707	2025-12-31	EUR	https://www.pmt.nl/over-pmt/zo-beleggen-we/waar-beleggen-we-in/aandelen-en-obligaties/#
Metal and Technology Pension Fund	Holcim AG	17.284.448	2025-12-31	EUR	https://www.pmt.nl/over-pmt/zo-beleggen-we/waar-beleggen-we-in/aandelen-en-obligaties/#
Metal and Technology Pension Fund	Holmen AB	967.685	2025-12-31	EUR	https://www.pmt.nl/over-pmt/zo-beleggen-we/waar-beleggen-we-in/aandelen-en-obligaties/#
Metal and Technology Pension Fund	Hologic Inc	5.513.890	2025-12-31	EUR	https://www.pmt.nl/over-pmt/zo-beleggen-we/waar-beleggen-we-in/aandelen-en-obligaties/#
Metal and Technology Pension Fund	Home Depot Inc/The	114.403.398	2025-12-31	EUR	https://www.pmt.nl/over-pmt/zo-beleggen-we/waar-beleggen-we-in/aandelen-en-obligaties/#
Metal and Technology Pension Fund	Hon Hai Precision Industry Co Ltd	35.054.279	2025-12-31	EUR	https://www.pmt.nl/over-pmt/zo-beleggen-we/waar-beleggen-we-in/aandelen-en-obligaties/#
Metal and Technology Pension Fund	Honda Motor Co Ltd	14.308.754	2025-12-31	EUR	https://www.pmt.nl/over-pmt/zo-beleggen-we/waar-beleggen-we-in/aandelen-en-obligaties/#
Metal and Technology Pension Fund	Hong Kong & China Gas Co Ltd	3.550.244	2025-12-31	EUR	https://www.pmt.nl/over-pmt/zo-beleggen-we/waar-beleggen-we-in/aandelen-en-obligaties/#
Metal and Technology Pension Fund	Hong Kong Exchanges & Clearing Ltd	21.126.194	2025-12-31	EUR	https://www.pmt.nl/over-pmt/zo-beleggen-we/waar-beleggen-we-in/aandelen-en-obligaties/#
Metal and Technology Pension Fund	Hong Leong Bank Bhd	1.200.850	2025-12-31	EUR	https://www.pmt.nl/over-pmt/zo-beleggen-we/waar-beleggen-we-in/aandelen-en-obligaties/#
Metal and Technology Pension Fund	Horizon Robotics	2.057.073	2025-12-31	EUR	https://www.pmt.nl/over-pmt/zo-beleggen-we/waar-beleggen-we-in/aandelen-en-obligaties/#
Metal and Technology Pension Fund	Hotai Motor Co Ltd	2.041.906	2025-12-31	EUR	https://www.pmt.nl/over-pmt/zo-beleggen-we/waar-beleggen-we-in/aandelen-en-obligaties/#
Metal and Technology Pension Fund	Howmet Aerospace Inc	26.345.973	2025-12-31	EUR	https://www.pmt.nl/over-pmt/zo-beleggen-we/waar-beleggen-we-in/aandelen-en-obligaties/#
Metal and Technology Pension Fund	Hoya Corp	18.051.067	2025-12-31	EUR	https://www.pmt.nl/over-pmt/zo-beleggen-we/waar-beleggen-we-in/aandelen-en-obligaties/#
Metal and Technology Pension Fund	HP Inc	6.937.143	2025-12-31	EUR	https://www.pmt.nl/over-pmt/zo-beleggen-we/waar-beleggen-we-in/aandelen-en-obligaties/#
Metal and Technology Pension Fund	Huaqin Technology Co Ltd	312.887	2025-12-31	EUR	https://www.pmt.nl/over-pmt/zo-beleggen-we/waar-beleggen-we-in/aandelen-en-obligaties/#
Metal and Technology Pension Fund	Hubbell Inc	7.847.979	2025-12-31	EUR	https://www.pmt.nl/over-pmt/zo-beleggen-we/waar-beleggen-we-in/aandelen-en-obligaties/#
Metal and Technology Pension Fund	HubSpot Inc	6.575.176	2025-12-31	EUR	https://www.pmt.nl/over-pmt/zo-beleggen-we/waar-beleggen-we-in/aandelen-en-obligaties/#
Metal and Technology Pension Fund	Humana Inc	10.378.886	2025-12-31	EUR	https://www.pmt.nl/over-pmt/zo-beleggen-we/waar-beleggen-we-in/aandelen-en-obligaties/#
Metal and Technology Pension Fund	Hundsun Technologies Inc	184.046	2025-12-31	EUR	https://www.pmt.nl/over-pmt/zo-beleggen-we/waar-beleggen-we-in/aandelen-en-obligaties/#
Metal and Technology Pension Fund	Huntington Bancshares Inc/OH	8.529.162	2025-12-31	EUR	https://www.pmt.nl/over-pmt/zo-beleggen-we/waar-beleggen-we-in/aandelen-en-obligaties/#
Metal and Technology Pension Fund	HYBE Co Ltd	1.970.808	2025-12-31	EUR	https://www.pmt.nl/over-pmt/zo-beleggen-we/waar-beleggen-we-in/aandelen-en-obligaties/#
Metal and Technology Pension Fund	Hyosung Heavy Industries Corp	2.575.936	2025-12-31	EUR	https://www.pmt.nl/over-pmt/zo-beleggen-we/waar-beleggen-we-in/aandelen-en-obligaties/#
Metal and Technology Pension Fund	Hyundai Rotem Co Ltd	3.924.917	2025-12-31	EUR	https://www.pmt.nl/over-pmt/zo-beleggen-we/waar-beleggen-we-in/aandelen-en-obligaties/#
Metal and Technology Pension Fund	iA Financial Corp Inc	4.063.944	2025-12-31	EUR	https://www.pmt.nl/over-pmt/zo-beleggen-we/waar-beleggen-we-in/aandelen-en-obligaties/#
Metal and Technology Pension Fund	Iberdrola SA	43.804.833	2025-12-31	EUR	https://www.pmt.nl/over-pmt/zo-beleggen-we/waar-beleggen-we-in/aandelen-en-obligaties/#
Metal and Technology Pension Fund	ICICI Bank Ltd	30.030.019	2025-12-31	EUR	https://www.pmt.nl/over-pmt/zo-beleggen-we/waar-beleggen-we-in/aandelen-en-obligaties/#
Metal and Technology Pension Fund	ICICI Lombard General Insurance Co Ltd	1.972.828	2025-12-31	EUR	https://www.pmt.nl/over-pmt/zo-beleggen-we/waar-beleggen-we-in/aandelen-en-obligaties/#
Metal and Technology Pension Fund	ICICI Prudential Life Insurance Co Ltd	1.056.778	2025-12-31	EUR	https://www.pmt.nl/over-pmt/zo-beleggen-we/waar-beleggen-we-in/aandelen-en-obligaties/#
Metal and Technology Pension Fund	IDEX Corp	4.431.948	2025-12-31	EUR	https://www.pmt.nl/over-pmt/zo-beleggen-we/waar-beleggen-we-in/aandelen-en-obligaties/#
Metal and Technology Pension Fund	IDEXX Laboratories Inc	18.519.105	2025-12-31	EUR	https://www.pmt.nl/over-pmt/zo-beleggen-we/waar-beleggen-we-in/aandelen-en-obligaties/#
Metal and Technology Pension Fund	IDFC First Bank Ltd	1.488.835	2025-12-31	EUR	https://www.pmt.nl/over-pmt/zo-beleggen-we/waar-beleggen-we-in/aandelen-en-obligaties/#
Metal and Technology Pension Fund	IGM Financial Inc	1.361.786	2025-12-31	EUR	https://www.pmt.nl/over-pmt/zo-beleggen-we/waar-beleggen-we-in/aandelen-en-obligaties/#
Metal and Technology Pension Fund	IHH Healthcare Bhd	1.785.636	2025-12-31	EUR	https://www.pmt.nl/over-pmt/zo-beleggen-we/waar-beleggen-we-in/aandelen-en-obligaties/#
Metal and Technology Pension Fund	IHI Corp	6.260.460	2025-12-31	EUR	https://www.pmt.nl/over-pmt/zo-beleggen-we/waar-beleggen-we-in/aandelen-en-obligaties/#
Metal and Technology Pension Fund	Illinois Tool Works Inc	23.099.499	2025-12-31	EUR	https://www.pmt.nl/over-pmt/zo-beleggen-we/waar-beleggen-we-in/aandelen-en-obligaties/#
Metal and Technology Pension Fund	Illumina Inc	6.858.916	2025-12-31	EUR	https://www.pmt.nl/over-pmt/zo-beleggen-we/waar-beleggen-we-in/aandelen-en-obligaties/#
Metal and Technology Pension Fund	IMCD NV	1.773.020	2025-12-31	EUR	https://www.pmt.nl/over-pmt/zo-beleggen-we/waar-beleggen-we-in/aandelen-en-obligaties/#
Metal and Technology Pension Fund	Incyte Corp	5.354.159	2025-12-31	EUR	https://www.pmt.nl/over-pmt/zo-beleggen-we/waar-beleggen-we-in/aandelen-en-obligaties/#
Metal and Technology Pension Fund	Indofood Sukses Makmur Tbk PT	299.036	2025-12-31	EUR	https://www.pmt.nl/over-pmt/zo-beleggen-we/waar-beleggen-we-in/aandelen-en-obligaties/#
Metal and Technology Pension Fund	IndusInd Bank Ltd	2.063.836	2025-12-31	EUR	https://www.pmt.nl/over-pmt/zo-beleggen-we/waar-beleggen-we-in/aandelen-en-obligaties/#
Metal and Technology Pension Fund	Industria de Diseno Textil SA	24.384.008	2025-12-31	EUR	https://www.pmt.nl/over-pmt/zo-beleggen-we/waar-beleggen-we-in/aandelen-en-obligaties/#
Metal and Technology Pension Fund	Indutrade AB	2.395.429	2025-12-31	EUR	https://www.pmt.nl/over-pmt/zo-beleggen-we/waar-beleggen-we-in/aandelen-en-obligaties/#
Metal and Technology Pension Fund	Infineon Technologies AG	19.547.309	2025-12-31	EUR	https://www.pmt.nl/over-pmt/zo-beleggen-we/waar-beleggen-we-in/aandelen-en-obligaties/#
Metal and Technology Pension Fund	Info Edge India Ltd	1.987.599	2025-12-31	EUR	https://www.pmt.nl/over-pmt/zo-beleggen-we/waar-beleggen-we-in/aandelen-en-obligaties/#
Metal and Technology Pension Fund	Informa PLC	5.308.657	2025-12-31	EUR	https://www.pmt.nl/over-pmt/zo-beleggen-we/waar-beleggen-we-in/aandelen-en-obligaties/#
Metal and Technology Pension Fund	Infosys Ltd	22.725.678	2025-12-31	EUR	https://www.pmt.nl/over-pmt/zo-beleggen-we/waar-beleggen-we-in/aandelen-en-obligaties/#
Metal and Technology Pension Fund	Infrastrutture Wireless Italiane SpA	854.963	2025-12-31	EUR	https://www.pmt.nl/over-pmt/zo-beleggen-we/waar-beleggen-we-in/aandelen-en-obligaties/#
Metal and Technology Pension Fund	ING Groep NV	30.029.619	2025-12-31	EUR	https://www.pmt.nl/over-pmt/zo-beleggen-we/waar-beleggen-we-in/aandelen-en-obligaties/#
Metal and Technology Pension Fund	Ingersoll Rand Inc	10.708.410	2025-12-31	EUR	https://www.pmt.nl/over-pmt/zo-beleggen-we/waar-beleggen-we-in/aandelen-en-obligaties/#
Metal and Technology Pension Fund	Inner Mongolia Yili Industrial Group Co Ltd	582.646	2025-12-31	EUR	https://www.pmt.nl/over-pmt/zo-beleggen-we/waar-beleggen-we-in/aandelen-en-obligaties/#
Metal and Technology Pension Fund	Innolux Corp	1.541.663	2025-12-31	EUR	https://www.pmt.nl/over-pmt/zo-beleggen-we/waar-beleggen-we-in/aandelen-en-obligaties/#
Metal and Technology Pension Fund	Innovent Biologics Inc	5.421.822	2025-12-31	EUR	https://www.pmt.nl/over-pmt/zo-beleggen-we/waar-beleggen-we-in/aandelen-en-obligaties/#
Metal and Technology Pension Fund	InPost SA	940.059	2025-12-31	EUR	https://www.pmt.nl/over-pmt/zo-beleggen-we/waar-beleggen-we-in/aandelen-en-obligaties/#
Metal and Technology Pension Fund	Insulet Corp	6.598.182	2025-12-31	EUR	https://www.pmt.nl/over-pmt/zo-beleggen-we/waar-beleggen-we-in/aandelen-en-obligaties/#
Metal and Technology Pension Fund	Insurance Australia Group Ltd	4.304.755	2025-12-31	EUR	https://www.pmt.nl/over-pmt/zo-beleggen-we/waar-beleggen-we-in/aandelen-en-obligaties/#
Metal and Technology Pension Fund	Intact Financial Corp	12.261.241	2025-12-31	EUR	https://www.pmt.nl/over-pmt/zo-beleggen-we/waar-beleggen-we-in/aandelen-en-obligaties/#
Metal and Technology Pension Fund	Intel Corp	53.753.068	2025-12-31	EUR	https://www.pmt.nl/over-pmt/zo-beleggen-we/waar-beleggen-we-in/aandelen-en-obligaties/#
Metal and Technology Pension Fund	Interconexion Electrica SA ESP	1.167.833	2025-12-31	EUR	https://www.pmt.nl/over-pmt/zo-beleggen-we/waar-beleggen-we-in/aandelen-en-obligaties/#
Metal and Technology Pension Fund	Intercontinental Exchange Inc	31.079.027	2025-12-31	EUR	https://www.pmt.nl/over-pmt/zo-beleggen-we/waar-beleggen-we-in/aandelen-en-obligaties/#
Metal and Technology Pension Fund	InterGlobe Aviation Ltd	4.084.982	2025-12-31	EUR	https://www.pmt.nl/over-pmt/zo-beleggen-we/waar-beleggen-we-in/aandelen-en-obligaties/#
Metal and Technology Pension Fund	International Business Machines Corp	91.806.058	2025-12-31	EUR	https://www.pmt.nl/over-pmt/zo-beleggen-we/waar-beleggen-we-in/aandelen-en-obligaties/#
Metal and Technology Pension Fund	International Consolidated Airlines Group SA	2.370.767	2025-12-31	EUR	https://www.pmt.nl/over-pmt/zo-beleggen-we/waar-beleggen-we-in/aandelen-en-obligaties/#
Metal and Technology Pension Fund	International Flavors & Fragrances Inc	5.674.830	2025-12-31	EUR	https://www.pmt.nl/over-pmt/zo-beleggen-we/waar-beleggen-we-in/aandelen-en-obligaties/#
Metal and Technology Pension Fund	International Games System Co Ltd	1.992.911	2025-12-31	EUR	https://www.pmt.nl/over-pmt/zo-beleggen-we/waar-beleggen-we-in/aandelen-en-obligaties/#
Metal and Technology Pension Fund	International Paper Co	6.515.575	2025-12-31	EUR	https://www.pmt.nl/over-pmt/zo-beleggen-we/waar-beleggen-we-in/aandelen-en-obligaties/#
Metal and Technology Pension Fund	Intertek Group PLC	3.387.367	2025-12-31	EUR	https://www.pmt.nl/over-pmt/zo-beleggen-we/waar-beleggen-we-in/aandelen-en-obligaties/#
Metal and Technology Pension Fund	Intesa Sanpaolo SpA	35.778.430	2025-12-31	EUR	https://www.pmt.nl/over-pmt/zo-beleggen-we/waar-beleggen-we-in/aandelen-en-obligaties/#
Metal and Technology Pension Fund	Intuit Inc	61.824.551	2025-12-31	EUR	https://www.pmt.nl/over-pmt/zo-beleggen-we/waar-beleggen-we-in/aandelen-en-obligaties/#
Metal and Technology Pension Fund	Intuitive Surgical Inc	67.801.652	2025-12-31	EUR	https://www.pmt.nl/over-pmt/zo-beleggen-we/waar-beleggen-we-in/aandelen-en-obligaties/#
Metal and Technology Pension Fund	Inventec Corp	1.583.386	2025-12-31	EUR	https://www.pmt.nl/over-pmt/zo-beleggen-we/waar-beleggen-we-in/aandelen-en-obligaties/#
Metal and Technology Pension Fund	Investment AB Latour	1.195.492	2025-12-31	EUR	https://www.pmt.nl/over-pmt/zo-beleggen-we/waar-beleggen-we-in/aandelen-en-obligaties/#
Metal and Technology Pension Fund	Ipsen SA	1.740.732	2025-12-31	EUR	https://www.pmt.nl/over-pmt/zo-beleggen-we/waar-beleggen-we-in/aandelen-en-obligaties/#
Metal and Technology Pension Fund	IQVIA Holdings Inc	13.268.376	2025-12-31	EUR	https://www.pmt.nl/over-pmt/zo-beleggen-we/waar-beleggen-we-in/aandelen-en-obligaties/#
Metal and Technology Pension Fund	Isoftstone Information Technology Group Co Ltd	149.677	2025-12-31	EUR	https://www.pmt.nl/over-pmt/zo-beleggen-we/waar-beleggen-we-in/aandelen-en-obligaties/#
Metal and Technology Pension Fund	Itau Unibanco Holding SA	15.105.936	2025-12-31	EUR	https://www.pmt.nl/over-pmt/zo-beleggen-we/waar-beleggen-we-in/aandelen-en-obligaties/#
Metal and Technology Pension Fund	Itausa SA	4.562.189	2025-12-31	EUR	https://www.pmt.nl/over-pmt/zo-beleggen-we/waar-beleggen-we-in/aandelen-en-obligaties/#
Metal and Technology Pension Fund	J M Smucker Co/The	3.432.365	2025-12-31	EUR	https://www.pmt.nl/over-pmt/zo-beleggen-we/waar-beleggen-we-in/aandelen-en-obligaties/#
Metal and Technology Pension Fund	J Sainsbury PLC	2.583.507	2025-12-31	EUR	https://www.pmt.nl/over-pmt/zo-beleggen-we/waar-beleggen-we-in/aandelen-en-obligaties/#
Metal and Technology Pension Fund	Jabil Inc	8.087.143	2025-12-31	EUR	https://www.pmt.nl/over-pmt/zo-beleggen-we/waar-beleggen-we-in/aandelen-en-obligaties/#
Metal and Technology Pension Fund	Jack Henry & Associates Inc	4.548.288	2025-12-31	EUR	https://www.pmt.nl/over-pmt/zo-beleggen-we/waar-beleggen-we-in/aandelen-en-obligaties/#
Metal and Technology Pension Fund	Jacobs Solutions Inc	5.358.289	2025-12-31	EUR	https://www.pmt.nl/over-pmt/zo-beleggen-we/waar-beleggen-we-in/aandelen-en-obligaties/#
Metal and Technology Pension Fund	Japan Airlines Co Ltd	894.749	2025-12-31	EUR	https://www.pmt.nl/over-pmt/zo-beleggen-we/waar-beleggen-we-in/aandelen-en-obligaties/#
Metal and Technology Pension Fund	Japan Exchange Group Inc	3.717.279	2025-12-31	EUR	https://www.pmt.nl/over-pmt/zo-beleggen-we/waar-beleggen-we-in/aandelen-en-obligaties/#
Metal and Technology Pension Fund	Japan Post Bank Co Ltd	8.769.323	2025-12-31	EUR	https://www.pmt.nl/over-pmt/zo-beleggen-we/waar-beleggen-we-in/aandelen-en-obligaties/#
Metal and Technology Pension Fund	Japan Post Holdings Co Ltd	6.507.352	2025-12-31	EUR	https://www.pmt.nl/over-pmt/zo-beleggen-we/waar-beleggen-we-in/aandelen-en-obligaties/#
Metal and Technology Pension Fund	Japan Post Insurance Co Ltd	2.022.107	2025-12-31	EUR	https://www.pmt.nl/over-pmt/zo-beleggen-we/waar-beleggen-we-in/aandelen-en-obligaties/#
Metal and Technology Pension Fund	Jardine Matheson Holdings Ltd	3.854.926	2025-12-31	EUR	https://www.pmt.nl/over-pmt/zo-beleggen-we/waar-beleggen-we-in/aandelen-en-obligaties/#
Metal and Technology Pension Fund	Jarir Marketing Co	685.474	2025-12-31	EUR	https://www.pmt.nl/over-pmt/zo-beleggen-we/waar-beleggen-we-in/aandelen-en-obligaties/#
Metal and Technology Pension Fund	JD Health International Inc	3.152.547	2025-12-31	EUR	https://www.pmt.nl/over-pmt/zo-beleggen-we/waar-beleggen-we-in/aandelen-en-obligaties/#
Metal and Technology Pension Fund	JD Sports Fashion PLC	986.438	2025-12-31	EUR	https://www.pmt.nl/over-pmt/zo-beleggen-we/waar-beleggen-we-in/aandelen-en-obligaties/#
Metal and Technology Pension Fund	Jeronimo Martins SGPS SA	2.265.250	2025-12-31	EUR	https://www.pmt.nl/over-pmt/zo-beleggen-we/waar-beleggen-we-in/aandelen-en-obligaties/#
Metal and Technology Pension Fund	JFE Holdings Inc	2.547.749	2025-12-31	EUR	https://www.pmt.nl/over-pmt/zo-beleggen-we/waar-beleggen-we-in/aandelen-en-obligaties/#
Metal and Technology Pension Fund	Jiangsu Hengrui Pharmaceuticals Co Ltd	1.334.786	2025-12-31	EUR	https://www.pmt.nl/over-pmt/zo-beleggen-we/waar-beleggen-we-in/aandelen-en-obligaties/#
Metal and Technology Pension Fund	Jinko Solar Co Ltd	129.448	2025-12-31	EUR	https://www.pmt.nl/over-pmt/zo-beleggen-we/waar-beleggen-we-in/aandelen-en-obligaties/#
Metal and Technology Pension Fund	Jio Financial Services Ltd	3.658.317	2025-12-31	EUR	https://www.pmt.nl/over-pmt/zo-beleggen-we/waar-beleggen-we-in/aandelen-en-obligaties/#
Metal and Technology Pension Fund	Johnson & Johnson	166.769.330	2025-12-31	EUR	https://www.pmt.nl/over-pmt/zo-beleggen-we/waar-beleggen-we-in/aandelen-en-obligaties/#
Metal and Technology Pension Fund	Johnson Controls International plc	26.404.342	2025-12-31	EUR	https://www.pmt.nl/over-pmt/zo-beleggen-we/waar-beleggen-we-in/aandelen-en-obligaties/#
Metal and Technology Pension Fund	Jollibee Foods Corp	356.739	2025-12-31	EUR	https://www.pmt.nl/over-pmt/zo-beleggen-we/waar-beleggen-we-in/aandelen-en-obligaties/#
Metal and Technology Pension Fund	Julius Baer Group Ltd	5.494.017	2025-12-31	EUR	https://www.pmt.nl/over-pmt/zo-beleggen-we/waar-beleggen-we-in/aandelen-en-obligaties/#
Metal and Technology Pension Fund	JUMBO SA	1.458.417	2025-12-31	EUR	https://www.pmt.nl/over-pmt/zo-beleggen-we/waar-beleggen-we-in/aandelen-en-obligaties/#
Metal and Technology Pension Fund	Kajima Corp	5.461.324	2025-12-31	EUR	https://www.pmt.nl/over-pmt/zo-beleggen-we/waar-beleggen-we-in/aandelen-en-obligaties/#
Metal and Technology Pension Fund	Kakao Corp	4.794.774	2025-12-31	EUR	https://www.pmt.nl/over-pmt/zo-beleggen-we/waar-beleggen-we-in/aandelen-en-obligaties/#
Metal and Technology Pension Fund	KakaoBank Corp	1.022.309	2025-12-31	EUR	https://www.pmt.nl/over-pmt/zo-beleggen-we/waar-beleggen-we-in/aandelen-en-obligaties/#
Metal and Technology Pension Fund	Kanzhun Ltd	2.849.330	2025-12-31	EUR	https://www.pmt.nl/over-pmt/zo-beleggen-we/waar-beleggen-we-in/aandelen-en-obligaties/#
Metal and Technology Pension Fund	Kao Corp	6.445.027	2025-12-31	EUR	https://www.pmt.nl/over-pmt/zo-beleggen-we/waar-beleggen-we-in/aandelen-en-obligaties/#
Metal and Technology Pension Fund	Kasikornbank PCL	1.380.736	2025-12-31	EUR	https://www.pmt.nl/over-pmt/zo-beleggen-we/waar-beleggen-we-in/aandelen-en-obligaties/#
Metal and Technology Pension Fund	KB Financial Group Inc	12.177.210	2025-12-31	EUR	https://www.pmt.nl/over-pmt/zo-beleggen-we/waar-beleggen-we-in/aandelen-en-obligaties/#
Metal and Technology Pension Fund	KBC Group NV	10.145.110	2025-12-31	EUR	https://www.pmt.nl/over-pmt/zo-beleggen-we/waar-beleggen-we-in/aandelen-en-obligaties/#
Metal and Technology Pension Fund	KDDI Corp	18.277.935	2025-12-31	EUR	https://www.pmt.nl/over-pmt/zo-beleggen-we/waar-beleggen-we-in/aandelen-en-obligaties/#
Metal and Technology Pension Fund	Keppel Ltd	4.011.580	2025-12-31	EUR	https://www.pmt.nl/over-pmt/zo-beleggen-we/waar-beleggen-we-in/aandelen-en-obligaties/#
Metal and Technology Pension Fund	Kerry Group PLC	5.083.104	2025-12-31	EUR	https://www.pmt.nl/over-pmt/zo-beleggen-we/waar-beleggen-we-in/aandelen-en-obligaties/#
Metal and Technology Pension Fund	Kesko OYJ	2.075.920	2025-12-31	EUR	https://www.pmt.nl/over-pmt/zo-beleggen-we/waar-beleggen-we-in/aandelen-en-obligaties/#
Metal and Technology Pension Fund	Keurig Dr Pepper Inc	12.065.776	2025-12-31	EUR	https://www.pmt.nl/over-pmt/zo-beleggen-we/waar-beleggen-we-in/aandelen-en-obligaties/#
Metal and Technology Pension Fund	KeyCorp	6.336.126	2025-12-31	EUR	https://www.pmt.nl/over-pmt/zo-beleggen-we/waar-beleggen-we-in/aandelen-en-obligaties/#
Metal and Technology Pension Fund	Keyence Corp	24.354.439	2025-12-31	EUR	https://www.pmt.nl/over-pmt/zo-beleggen-we/waar-beleggen-we-in/aandelen-en-obligaties/#
Metal and Technology Pension Fund	Keysight Technologies Inc	11.784.484	2025-12-31	EUR	https://www.pmt.nl/over-pmt/zo-beleggen-we/waar-beleggen-we-in/aandelen-en-obligaties/#
Metal and Technology Pension Fund	KGHM Polska Miedz SA	4.435.382	2025-12-31	EUR	https://www.pmt.nl/over-pmt/zo-beleggen-we/waar-beleggen-we-in/aandelen-en-obligaties/#
Metal and Technology Pension Fund	KGI Financial Holding Co Ltd	3.118.429	2025-12-31	EUR	https://www.pmt.nl/over-pmt/zo-beleggen-we/waar-beleggen-we-in/aandelen-en-obligaties/#
Metal and Technology Pension Fund	Kimberly-Clark de Mexico SAB de CV	1.147.305	2025-12-31	EUR	https://www.pmt.nl/over-pmt/zo-beleggen-we/waar-beleggen-we-in/aandelen-en-obligaties/#
Metal and Technology Pension Fund	King Slide Works Co Ltd	2.743.769	2025-12-31	EUR	https://www.pmt.nl/over-pmt/zo-beleggen-we/waar-beleggen-we-in/aandelen-en-obligaties/#
Metal and Technology Pension Fund	King Yuan Electronics Co Ltd	3.232.769	2025-12-31	EUR	https://www.pmt.nl/over-pmt/zo-beleggen-we/waar-beleggen-we-in/aandelen-en-obligaties/#
Metal and Technology Pension Fund	Kingdee International Software Group Co Ltd	1.852.194	2025-12-31	EUR	https://www.pmt.nl/over-pmt/zo-beleggen-we/waar-beleggen-we-in/aandelen-en-obligaties/#
Metal and Technology Pension Fund	Kingfisher PLC	2.521.447	2025-12-31	EUR	https://www.pmt.nl/over-pmt/zo-beleggen-we/waar-beleggen-we-in/aandelen-en-obligaties/#
Metal and Technology Pension Fund	Kingsoft Corp Ltd	1.567.400	2025-12-31	EUR	https://www.pmt.nl/over-pmt/zo-beleggen-we/waar-beleggen-we-in/aandelen-en-obligaties/#
Metal and Technology Pension Fund	Kingspan Group PLC	4.529.675	2025-12-31	EUR	https://www.pmt.nl/over-pmt/zo-beleggen-we/waar-beleggen-we-in/aandelen-en-obligaties/#
Metal and Technology Pension Fund	Kirin Holdings Co Ltd	3.976.912	2025-12-31	EUR	https://www.pmt.nl/over-pmt/zo-beleggen-we/waar-beleggen-we-in/aandelen-en-obligaties/#
Metal and Technology Pension Fund	KLA Corp	53.913.776	2025-12-31	EUR	https://www.pmt.nl/over-pmt/zo-beleggen-we/waar-beleggen-we-in/aandelen-en-obligaties/#
Metal and Technology Pension Fund	Knorr-Bremse AG	2.766.296	2025-12-31	EUR	https://www.pmt.nl/over-pmt/zo-beleggen-we/waar-beleggen-we-in/aandelen-en-obligaties/#
Metal and Technology Pension Fund	KOC Holding AS	1.049.573	2025-12-31	EUR	https://www.pmt.nl/over-pmt/zo-beleggen-we/waar-beleggen-we-in/aandelen-en-obligaties/#
Metal and Technology Pension Fund	Komatsu Ltd	9.932.688	2025-12-31	EUR	https://www.pmt.nl/over-pmt/zo-beleggen-we/waar-beleggen-we-in/aandelen-en-obligaties/#
Metal and Technology Pension Fund	Komercni banka as	1.624.454	2025-12-31	EUR	https://www.pmt.nl/over-pmt/zo-beleggen-we/waar-beleggen-we-in/aandelen-en-obligaties/#
Metal and Technology Pension Fund	Konami Group Corp	4.750.579	2025-12-31	EUR	https://www.pmt.nl/over-pmt/zo-beleggen-we/waar-beleggen-we-in/aandelen-en-obligaties/#
Metal and Technology Pension Fund	Kone OYJ	8.169.302	2025-12-31	EUR	https://www.pmt.nl/over-pmt/zo-beleggen-we/waar-beleggen-we-in/aandelen-en-obligaties/#
Metal and Technology Pension Fund	Koninklijke Ahold Delhaize NV	12.643.165	2025-12-31	EUR	https://www.pmt.nl/over-pmt/zo-beleggen-we/waar-beleggen-we-in/aandelen-en-obligaties/#
Metal and Technology Pension Fund	Koninklijke KPN NV	6.140.920	2025-12-31	EUR	https://www.pmt.nl/over-pmt/zo-beleggen-we/waar-beleggen-we-in/aandelen-en-obligaties/#
Metal and Technology Pension Fund	Korea Investment Holdings Co Ltd	1.569.638	2025-12-31	EUR	https://www.pmt.nl/over-pmt/zo-beleggen-we/waar-beleggen-we-in/aandelen-en-obligaties/#
Metal and Technology Pension Fund	Korea Zinc Co Ltd	1.277.221	2025-12-31	EUR	https://www.pmt.nl/over-pmt/zo-beleggen-we/waar-beleggen-we-in/aandelen-en-obligaties/#
Metal and Technology Pension Fund	Kotak Mahindra Bank Ltd	10.374.037	2025-12-31	EUR	https://www.pmt.nl/over-pmt/zo-beleggen-we/waar-beleggen-we-in/aandelen-en-obligaties/#
Metal and Technology Pension Fund	Kraft Heinz Co/The	7.165.504	2025-12-31	EUR	https://www.pmt.nl/over-pmt/zo-beleggen-we/waar-beleggen-we-in/aandelen-en-obligaties/#
Metal and Technology Pension Fund	Krafton Inc	1.785.980	2025-12-31	EUR	https://www.pmt.nl/over-pmt/zo-beleggen-we/waar-beleggen-we-in/aandelen-en-obligaties/#
Metal and Technology Pension Fund	Kroger Co/The	13.079.331	2025-12-31	EUR	https://www.pmt.nl/over-pmt/zo-beleggen-we/waar-beleggen-we-in/aandelen-en-obligaties/#
Metal and Technology Pension Fund	Krung Thai Bank PCL	1.315.339	2025-12-31	EUR	https://www.pmt.nl/over-pmt/zo-beleggen-we/waar-beleggen-we-in/aandelen-en-obligaties/#
Metal and Technology Pension Fund	Kuaishou Technology	8.330.507	2025-12-31	EUR	https://www.pmt.nl/over-pmt/zo-beleggen-we/waar-beleggen-we-in/aandelen-en-obligaties/#
Metal and Technology Pension Fund	Kuala Lumpur Kepong Bhd	847.042	2025-12-31	EUR	https://www.pmt.nl/over-pmt/zo-beleggen-we/waar-beleggen-we-in/aandelen-en-obligaties/#
Metal and Technology Pension Fund	Kuang-Chi Technologies Co Ltd	488.952	2025-12-31	EUR	https://www.pmt.nl/over-pmt/zo-beleggen-we/waar-beleggen-we-in/aandelen-en-obligaties/#
Metal and Technology Pension Fund	Kubota Corp	4.808.921	2025-12-31	EUR	https://www.pmt.nl/over-pmt/zo-beleggen-we/waar-beleggen-we-in/aandelen-en-obligaties/#
Metal and Technology Pension Fund	Kuehne + Nagel International AG	3.547.939	2025-12-31	EUR	https://www.pmt.nl/over-pmt/zo-beleggen-we/waar-beleggen-we-in/aandelen-en-obligaties/#
Metal and Technology Pension Fund	Kunlun Energy Co Ltd	1.154.168	2025-12-31	EUR	https://www.pmt.nl/over-pmt/zo-beleggen-we/waar-beleggen-we-in/aandelen-en-obligaties/#
Metal and Technology Pension Fund	Kyocera Corp	6.221.198	2025-12-31	EUR	https://www.pmt.nl/over-pmt/zo-beleggen-we/waar-beleggen-we-in/aandelen-en-obligaties/#
Metal and Technology Pension Fund	Kyowa Kirin Co Ltd	1.276.615	2025-12-31	EUR	https://www.pmt.nl/over-pmt/zo-beleggen-we/waar-beleggen-we-in/aandelen-en-obligaties/#
Metal and Technology Pension Fund	L'Oreal SA	35.184.068	2025-12-31	EUR	https://www.pmt.nl/over-pmt/zo-beleggen-we/waar-beleggen-we-in/aandelen-en-obligaties/#
Metal and Technology Pension Fund	Labcorp Holdings Inc	6.929.026	2025-12-31	EUR	https://www.pmt.nl/over-pmt/zo-beleggen-we/waar-beleggen-we-in/aandelen-en-obligaties/#
Metal and Technology Pension Fund	Lam Research Corp	73.567.099	2025-12-31	EUR	https://www.pmt.nl/over-pmt/zo-beleggen-we/waar-beleggen-we-in/aandelen-en-obligaties/#
Metal and Technology Pension Fund	Las Vegas Sands Corp	7.590.720	2025-12-31	EUR	https://www.pmt.nl/over-pmt/zo-beleggen-we/waar-beleggen-we-in/aandelen-en-obligaties/#
Metal and Technology Pension Fund	Lasertec Corp	5.281.984	2025-12-31	EUR	https://www.pmt.nl/over-pmt/zo-beleggen-we/waar-beleggen-we-in/aandelen-en-obligaties/#
Metal and Technology Pension Fund	Latam Airlines Group SA	3.207.566	2025-12-31	EUR	https://www.pmt.nl/over-pmt/zo-beleggen-we/waar-beleggen-we-in/aandelen-en-obligaties/#
Metal and Technology Pension Fund	Legal & General Group PLC	6.954.698	2025-12-31	EUR	https://www.pmt.nl/over-pmt/zo-beleggen-we/waar-beleggen-we-in/aandelen-en-obligaties/#
Metal and Technology Pension Fund	Legrand SA	13.239.981	2025-12-31	EUR	https://www.pmt.nl/over-pmt/zo-beleggen-we/waar-beleggen-we-in/aandelen-en-obligaties/#
Metal and Technology Pension Fund	Lennar Corp	8.004.737	2025-12-31	EUR	https://www.pmt.nl/over-pmt/zo-beleggen-we/waar-beleggen-we-in/aandelen-en-obligaties/#
Metal and Technology Pension Fund	Lennox International Inc	5.116.482	2025-12-31	EUR	https://www.pmt.nl/over-pmt/zo-beleggen-we/waar-beleggen-we-in/aandelen-en-obligaties/#
Metal and Technology Pension Fund	Lenovo Group Ltd	3.583.941	2025-12-31	EUR	https://www.pmt.nl/over-pmt/zo-beleggen-we/waar-beleggen-we-in/aandelen-en-obligaties/#
Metal and Technology Pension Fund	LG Chem Ltd	4.238.047	2025-12-31	EUR	https://www.pmt.nl/over-pmt/zo-beleggen-we/waar-beleggen-we-in/aandelen-en-obligaties/#
Metal and Technology Pension Fund	LG Corp	1.951.277	2025-12-31	EUR	https://www.pmt.nl/over-pmt/zo-beleggen-we/waar-beleggen-we-in/aandelen-en-obligaties/#
Metal and Technology Pension Fund	LG Display Co Ltd	961.795	2025-12-31	EUR	https://www.pmt.nl/over-pmt/zo-beleggen-we/waar-beleggen-we-in/aandelen-en-obligaties/#
Metal and Technology Pension Fund	LG Electronics Inc	2.753.924	2025-12-31	EUR	https://www.pmt.nl/over-pmt/zo-beleggen-we/waar-beleggen-we-in/aandelen-en-obligaties/#
Metal and Technology Pension Fund	LG Energy Solution Ltd	4.499.486	2025-12-31	EUR	https://www.pmt.nl/over-pmt/zo-beleggen-we/waar-beleggen-we-in/aandelen-en-obligaties/#
Metal and Technology Pension Fund	LG Uplus Corp	839.547	2025-12-31	EUR	https://www.pmt.nl/over-pmt/zo-beleggen-we/waar-beleggen-we-in/aandelen-en-obligaties/#
Metal and Technology Pension Fund	Li Auto Inc	4.154.350	2025-12-31	EUR	https://www.pmt.nl/over-pmt/zo-beleggen-we/waar-beleggen-we-in/aandelen-en-obligaties/#
Metal and Technology Pension Fund	Liberty Media Corp-Liberty Formula One	6.896.832	2025-12-31	EUR	https://www.pmt.nl/over-pmt/zo-beleggen-we/waar-beleggen-we-in/aandelen-en-obligaties/#
Metal and Technology Pension Fund	Lifco AB	3.030.315	2025-12-31	EUR	https://www.pmt.nl/over-pmt/zo-beleggen-we/waar-beleggen-we-in/aandelen-en-obligaties/#
Metal and Technology Pension Fund	Linde PLC	67.538.767	2025-12-31	EUR	https://www.pmt.nl/over-pmt/zo-beleggen-we/waar-beleggen-we-in/aandelen-en-obligaties/#
Metal and Technology Pension Fund	Lingyi iTech Guangdong Co	295.757	2025-12-31	EUR	https://www.pmt.nl/over-pmt/zo-beleggen-we/waar-beleggen-we-in/aandelen-en-obligaties/#
Metal and Technology Pension Fund	Live Nation Entertainment Inc	7.605.662	2025-12-31	EUR	https://www.pmt.nl/over-pmt/zo-beleggen-we/waar-beleggen-we-in/aandelen-en-obligaties/#
Metal and Technology Pension Fund	Lloyds Banking Group PLC	26.853.361	2025-12-31	EUR	https://www.pmt.nl/over-pmt/zo-beleggen-we/waar-beleggen-we-in/aandelen-en-obligaties/#
Metal and Technology Pension Fund	Loblaw Cos Ltd	9.127.582	2025-12-31	EUR	https://www.pmt.nl/over-pmt/zo-beleggen-we/waar-beleggen-we-in/aandelen-en-obligaties/#
Metal and Technology Pension Fund	Localiza Rent a Car SA	3.169.350	2025-12-31	EUR	https://www.pmt.nl/over-pmt/zo-beleggen-we/waar-beleggen-we-in/aandelen-en-obligaties/#
Metal and Technology Pension Fund	Loews Corp	6.196.204	2025-12-31	EUR	https://www.pmt.nl/over-pmt/zo-beleggen-we/waar-beleggen-we-in/aandelen-en-obligaties/#
Metal and Technology Pension Fund	Logitech International SA	5.296.639	2025-12-31	EUR	https://www.pmt.nl/over-pmt/zo-beleggen-we/waar-beleggen-we-in/aandelen-en-obligaties/#
Metal and Technology Pension Fund	London Stock Exchange Group PLC	19.390.105	2025-12-31	EUR	https://www.pmt.nl/over-pmt/zo-beleggen-we/waar-beleggen-we-in/aandelen-en-obligaties/#
Metal and Technology Pension Fund	LONGi Green Energy Technology Co Ltd	549.953	2025-12-31	EUR	https://www.pmt.nl/over-pmt/zo-beleggen-we/waar-beleggen-we-in/aandelen-en-obligaties/#
Metal and Technology Pension Fund	Lonza Group AG	16.570.366	2025-12-31	EUR	https://www.pmt.nl/over-pmt/zo-beleggen-we/waar-beleggen-we-in/aandelen-en-obligaties/#
Metal and Technology Pension Fund	Lotes Co Ltd	1.158.074	2025-12-31	EUR	https://www.pmt.nl/over-pmt/zo-beleggen-we/waar-beleggen-we-in/aandelen-en-obligaties/#
Metal and Technology Pension Fund	Lottery Corp Ltd/The	2.646.038	2025-12-31	EUR	https://www.pmt.nl/over-pmt/zo-beleggen-we/waar-beleggen-we-in/aandelen-en-obligaties/#
Metal and Technology Pension Fund	Lowe's Cos Inc	45.091.345	2025-12-31	EUR	https://www.pmt.nl/over-pmt/zo-beleggen-we/waar-beleggen-we-in/aandelen-en-obligaties/#
Metal and Technology Pension Fund	LPL Financial Holdings Inc	9.575.422	2025-12-31	EUR	https://www.pmt.nl/over-pmt/zo-beleggen-we/waar-beleggen-we-in/aandelen-en-obligaties/#
Metal and Technology Pension Fund	LPP SA	2.291.742	2025-12-31	EUR	https://www.pmt.nl/over-pmt/zo-beleggen-we/waar-beleggen-we-in/aandelen-en-obligaties/#
Metal and Technology Pension Fund	LS Electric Co Ltd	1.871.698	2025-12-31	EUR	https://www.pmt.nl/over-pmt/zo-beleggen-we/waar-beleggen-we-in/aandelen-en-obligaties/#
Metal and Technology Pension Fund	Lupin Ltd	1.950.949	2025-12-31	EUR	https://www.pmt.nl/over-pmt/zo-beleggen-we/waar-beleggen-we-in/aandelen-en-obligaties/#
Metal and Technology Pension Fund	LY Corp	2.631.166	2025-12-31	EUR	https://www.pmt.nl/over-pmt/zo-beleggen-we/waar-beleggen-we-in/aandelen-en-obligaties/#
Metal and Technology Pension Fund	M&G PLC	2.997.821	2025-12-31	EUR	https://www.pmt.nl/over-pmt/zo-beleggen-we/waar-beleggen-we-in/aandelen-en-obligaties/#
Metal and Technology Pension Fund	M&T Bank Corp	10.989.148	2025-12-31	EUR	https://www.pmt.nl/over-pmt/zo-beleggen-we/waar-beleggen-we-in/aandelen-en-obligaties/#
Metal and Technology Pension Fund	M3 Inc	2.062.449	2025-12-31	EUR	https://www.pmt.nl/over-pmt/zo-beleggen-we/waar-beleggen-we-in/aandelen-en-obligaties/#
Metal and Technology Pension Fund	Magna International Inc	4.704.941	2025-12-31	EUR	https://www.pmt.nl/over-pmt/zo-beleggen-we/waar-beleggen-we-in/aandelen-en-obligaties/#
Metal and Technology Pension Fund	Magnum Ice Cream Co NV/The	2.696.764	2025-12-31	EUR	https://www.pmt.nl/over-pmt/zo-beleggen-we/waar-beleggen-we-in/aandelen-en-obligaties/#
Metal and Technology Pension Fund	Makita Corp	2.498.587	2025-12-31	EUR	https://www.pmt.nl/over-pmt/zo-beleggen-we/waar-beleggen-we-in/aandelen-en-obligaties/#
Metal and Technology Pension Fund	Malayan Banking Bhd	5.876.032	2025-12-31	EUR	https://www.pmt.nl/over-pmt/zo-beleggen-we/waar-beleggen-we-in/aandelen-en-obligaties/#
Metal and Technology Pension Fund	Manila Electric Co	1.213.946	2025-12-31	EUR	https://www.pmt.nl/over-pmt/zo-beleggen-we/waar-beleggen-we-in/aandelen-en-obligaties/#
Metal and Technology Pension Fund	Manulife Financial Corp	21.025.273	2025-12-31	EUR	https://www.pmt.nl/over-pmt/zo-beleggen-we/waar-beleggen-we-in/aandelen-en-obligaties/#
Metal and Technology Pension Fund	Marico Ltd	1.516.640	2025-12-31	EUR	https://www.pmt.nl/over-pmt/zo-beleggen-we/waar-beleggen-we-in/aandelen-en-obligaties/#
Metal and Technology Pension Fund	Markel Group Inc	9.047.401	2025-12-31	EUR	https://www.pmt.nl/over-pmt/zo-beleggen-we/waar-beleggen-we-in/aandelen-en-obligaties/#
Metal and Technology Pension Fund	Marriott International Inc/MD	24.250.204	2025-12-31	EUR	https://www.pmt.nl/over-pmt/zo-beleggen-we/waar-beleggen-we-in/aandelen-en-obligaties/#
Metal and Technology Pension Fund	Marsh & McLennan Cos Inc	30.546.943	2025-12-31	EUR	https://www.pmt.nl/over-pmt/zo-beleggen-we/waar-beleggen-we-in/aandelen-en-obligaties/#
Metal and Technology Pension Fund	Martin Marietta Materials Inc	12.693.368	2025-12-31	EUR	https://www.pmt.nl/over-pmt/zo-beleggen-we/waar-beleggen-we-in/aandelen-en-obligaties/#
Metal and Technology Pension Fund	Marubeni Corp	13.570.527	2025-12-31	EUR	https://www.pmt.nl/over-pmt/zo-beleggen-we/waar-beleggen-we-in/aandelen-en-obligaties/#
Metal and Technology Pension Fund	Marvell Technology Inc	24.788.878	2025-12-31	EUR	https://www.pmt.nl/over-pmt/zo-beleggen-we/waar-beleggen-we-in/aandelen-en-obligaties/#
Metal and Technology Pension Fund	Masco Corp	4.432.015	2025-12-31	EUR	https://www.pmt.nl/over-pmt/zo-beleggen-we/waar-beleggen-we-in/aandelen-en-obligaties/#
Metal and Technology Pension Fund	Mastercard Inc	155.470.682	2025-12-31	EUR	https://www.pmt.nl/over-pmt/zo-beleggen-we/waar-beleggen-we-in/aandelen-en-obligaties/#
Metal and Technology Pension Fund	MatsukiyoCocokara & Co	2.003.551	2025-12-31	EUR	https://www.pmt.nl/over-pmt/zo-beleggen-we/waar-beleggen-we-in/aandelen-en-obligaties/#
Metal and Technology Pension Fund	Max Healthcare Institute Ltd	3.594.229	2025-12-31	EUR	https://www.pmt.nl/over-pmt/zo-beleggen-we/waar-beleggen-we-in/aandelen-en-obligaties/#
Metal and Technology Pension Fund	Maxis Bhd	937.411	2025-12-31	EUR	https://www.pmt.nl/over-pmt/zo-beleggen-we/waar-beleggen-we-in/aandelen-en-obligaties/#
Metal and Technology Pension Fund	mBank SA	1.830.424	2025-12-31	EUR	https://www.pmt.nl/over-pmt/zo-beleggen-we/waar-beleggen-we-in/aandelen-en-obligaties/#
Metal and Technology Pension Fund	McCormick & Co Inc/MD	5.682.744	2025-12-31	EUR	https://www.pmt.nl/over-pmt/zo-beleggen-we/waar-beleggen-we-in/aandelen-en-obligaties/#
Metal and Technology Pension Fund	McDonald's Corp	73.009.775	2025-12-31	EUR	https://www.pmt.nl/over-pmt/zo-beleggen-we/waar-beleggen-we-in/aandelen-en-obligaties/#
Metal and Technology Pension Fund	McKesson Corp	34.337.705	2025-12-31	EUR	https://www.pmt.nl/over-pmt/zo-beleggen-we/waar-beleggen-we-in/aandelen-en-obligaties/#
Metal and Technology Pension Fund	MediaTek Inc	26.273.515	2025-12-31	EUR	https://www.pmt.nl/over-pmt/zo-beleggen-we/waar-beleggen-we-in/aandelen-en-obligaties/#
Metal and Technology Pension Fund	Medibank Pvt Ltd	3.029.835	2025-12-31	EUR	https://www.pmt.nl/over-pmt/zo-beleggen-we/waar-beleggen-we-in/aandelen-en-obligaties/#
Metal and Technology Pension Fund	Medtronic PLC	41.157.471	2025-12-31	EUR	https://www.pmt.nl/over-pmt/zo-beleggen-we/waar-beleggen-we-in/aandelen-en-obligaties/#
Metal and Technology Pension Fund	Meitu Inc	1.157.822	2025-12-31	EUR	https://www.pmt.nl/over-pmt/zo-beleggen-we/waar-beleggen-we-in/aandelen-en-obligaties/#
Metal and Technology Pension Fund	Meituan	25.261.281	2025-12-31	EUR	https://www.pmt.nl/over-pmt/zo-beleggen-we/waar-beleggen-we-in/aandelen-en-obligaties/#
Metal and Technology Pension Fund	MercadoLibre Inc	30.648.241	2025-12-31	EUR	https://www.pmt.nl/over-pmt/zo-beleggen-we/waar-beleggen-we-in/aandelen-en-obligaties/#
Metal and Technology Pension Fund	Mercedes-Benz Group AG	17.226.094	2025-12-31	EUR	https://www.pmt.nl/over-pmt/zo-beleggen-we/waar-beleggen-we-in/aandelen-en-obligaties/#
Metal and Technology Pension Fund	Merck & Co Inc	88.481.944	2025-12-31	EUR	https://www.pmt.nl/over-pmt/zo-beleggen-we/waar-beleggen-we-in/aandelen-en-obligaties/#
Metal and Technology Pension Fund	Merck KGaA	6.296.491	2025-12-31	EUR	https://www.pmt.nl/over-pmt/zo-beleggen-we/waar-beleggen-we-in/aandelen-en-obligaties/#
Metal and Technology Pension Fund	Meridian Energy Ltd	1.491.069	2025-12-31	EUR	https://www.pmt.nl/over-pmt/zo-beleggen-we/waar-beleggen-we-in/aandelen-en-obligaties/#
Metal and Technology Pension Fund	Meritz Financial Group Inc	2.789.640	2025-12-31	EUR	https://www.pmt.nl/over-pmt/zo-beleggen-we/waar-beleggen-we-in/aandelen-en-obligaties/#
Metal and Technology Pension Fund	MetLife Inc	15.251.091	2025-12-31	EUR	https://www.pmt.nl/over-pmt/zo-beleggen-we/waar-beleggen-we-in/aandelen-en-obligaties/#
Metal and Technology Pension Fund	Metro Inc/CN	4.936.739	2025-12-31	EUR	https://www.pmt.nl/over-pmt/zo-beleggen-we/waar-beleggen-we-in/aandelen-en-obligaties/#
Metal and Technology Pension Fund	Metropolitan Bank & Trust Co	851.007	2025-12-31	EUR	https://www.pmt.nl/over-pmt/zo-beleggen-we/waar-beleggen-we-in/aandelen-en-obligaties/#
Metal and Technology Pension Fund	Metso Oyj	3.715.265	2025-12-31	EUR	https://www.pmt.nl/over-pmt/zo-beleggen-we/waar-beleggen-we-in/aandelen-en-obligaties/#
Metal and Technology Pension Fund	Mettler-Toledo International Inc	9.800.700	2025-12-31	EUR	https://www.pmt.nl/over-pmt/zo-beleggen-we/waar-beleggen-we-in/aandelen-en-obligaties/#
Metal and Technology Pension Fund	Microchip Technology Inc	11.507.416	2025-12-31	EUR	https://www.pmt.nl/over-pmt/zo-beleggen-we/waar-beleggen-we-in/aandelen-en-obligaties/#
Metal and Technology Pension Fund	Micron Technology Inc	106.556.388	2025-12-31	EUR	https://www.pmt.nl/over-pmt/zo-beleggen-we/waar-beleggen-we-in/aandelen-en-obligaties/#
Metal and Technology Pension Fund	Microsoft Corp	527.655.795	2025-12-31	EUR	https://www.pmt.nl/over-pmt/zo-beleggen-we/waar-beleggen-we-in/aandelen-en-obligaties/#
Metal and Technology Pension Fund	MINEBEA MITSUMI Inc	2.526.939	2025-12-31	EUR	https://www.pmt.nl/over-pmt/zo-beleggen-we/waar-beleggen-we-in/aandelen-en-obligaties/#
Metal and Technology Pension Fund	MINISO Group Holding Ltd	914.251	2025-12-31	EUR	https://www.pmt.nl/over-pmt/zo-beleggen-we/waar-beleggen-we-in/aandelen-en-obligaties/#
Metal and Technology Pension Fund	Minor International PCL	873.031	2025-12-31	EUR	https://www.pmt.nl/over-pmt/zo-beleggen-we/waar-beleggen-we-in/aandelen-en-obligaties/#
Metal and Technology Pension Fund	Mirae Asset Securities Co Ltd	1.582.154	2025-12-31	EUR	https://www.pmt.nl/over-pmt/zo-beleggen-we/waar-beleggen-we-in/aandelen-en-obligaties/#
Metal and Technology Pension Fund	Mitsubishi Chemical Group Corp	2.739.000	2025-12-31	EUR	https://www.pmt.nl/over-pmt/zo-beleggen-we/waar-beleggen-we-in/aandelen-en-obligaties/#
Metal and Technology Pension Fund	Mitsubishi Corp	27.088.460	2025-12-31	EUR	https://www.pmt.nl/over-pmt/zo-beleggen-we/waar-beleggen-we-in/aandelen-en-obligaties/#
Metal and Technology Pension Fund	Mitsubishi Electric Corp	19.280.053	2025-12-31	EUR	https://www.pmt.nl/over-pmt/zo-beleggen-we/waar-beleggen-we-in/aandelen-en-obligaties/#
Metal and Technology Pension Fund	Mitsubishi HC Capital Inc	2.555.212	2025-12-31	EUR	https://www.pmt.nl/over-pmt/zo-beleggen-we/waar-beleggen-we-in/aandelen-en-obligaties/#
Metal and Technology Pension Fund	Mitsubishi Heavy Industries Ltd	27.169.445	2025-12-31	EUR	https://www.pmt.nl/over-pmt/zo-beleggen-we/waar-beleggen-we-in/aandelen-en-obligaties/#
Metal and Technology Pension Fund	Moneta Money Bank AS	1.015.350	2025-12-31	EUR	https://www.pmt.nl/over-pmt/zo-beleggen-we/waar-beleggen-we-in/aandelen-en-obligaties/#
Metal and Technology Pension Fund	MongoDB Inc	11.436.280	2025-12-31	EUR	https://www.pmt.nl/over-pmt/zo-beleggen-we/waar-beleggen-we-in/aandelen-en-obligaties/#
Metal and Technology Pension Fund	Monolithic Power Systems Inc	14.466.106	2025-12-31	EUR	https://www.pmt.nl/over-pmt/zo-beleggen-we/waar-beleggen-we-in/aandelen-en-obligaties/#
Metal and Technology Pension Fund	MonotaRO Co Ltd	1.427.583	2025-12-31	EUR	https://www.pmt.nl/over-pmt/zo-beleggen-we/waar-beleggen-we-in/aandelen-en-obligaties/#
Metal and Technology Pension Fund	Montage Technology Co Ltd	361.527	2025-12-31	EUR	https://www.pmt.nl/over-pmt/zo-beleggen-we/waar-beleggen-we-in/aandelen-en-obligaties/#
Metal and Technology Pension Fund	Moody's Corp	27.832.832	2025-12-31	EUR	https://www.pmt.nl/over-pmt/zo-beleggen-we/waar-beleggen-we-in/aandelen-en-obligaties/#
Metal and Technology Pension Fund	Motiva Infraestrutura de Mobilidade SA	942.682	2025-12-31	EUR	https://www.pmt.nl/over-pmt/zo-beleggen-we/waar-beleggen-we-in/aandelen-en-obligaties/#
Metal and Technology Pension Fund	Mouwasat Medical Services Co	516.378	2025-12-31	EUR	https://www.pmt.nl/over-pmt/zo-beleggen-we/waar-beleggen-we-in/aandelen-en-obligaties/#
Metal and Technology Pension Fund	Mowi ASA	3.812.285	2025-12-31	EUR	https://www.pmt.nl/over-pmt/zo-beleggen-we/waar-beleggen-we-in/aandelen-en-obligaties/#
Metal and Technology Pension Fund	Mphasis Ltd	1.103.403	2025-12-31	EUR	https://www.pmt.nl/over-pmt/zo-beleggen-we/waar-beleggen-we-in/aandelen-en-obligaties/#
Metal and Technology Pension Fund	MRF Ltd	1.116.450	2025-12-31	EUR	https://www.pmt.nl/over-pmt/zo-beleggen-we/waar-beleggen-we-in/aandelen-en-obligaties/#
Metal and Technology Pension Fund	MS&AD Insurance Group Holdings Inc	10.505.471	2025-12-31	EUR	https://www.pmt.nl/over-pmt/zo-beleggen-we/waar-beleggen-we-in/aandelen-en-obligaties/#
Metal and Technology Pension Fund	MTN Group Ltd	6.839.288	2025-12-31	EUR	https://www.pmt.nl/over-pmt/zo-beleggen-we/waar-beleggen-we-in/aandelen-en-obligaties/#
Metal and Technology Pension Fund	MTR Corp Ltd	2.076.576	2025-12-31	EUR	https://www.pmt.nl/over-pmt/zo-beleggen-we/waar-beleggen-we-in/aandelen-en-obligaties/#
Metal and Technology Pension Fund	MTU Aero Engines AG	7.584.589	2025-12-31	EUR	https://www.pmt.nl/over-pmt/zo-beleggen-we/waar-beleggen-we-in/aandelen-en-obligaties/#
Metal and Technology Pension Fund	Muenchener Rueckversicherungs-Gesellschaft AG in Muenchen	29.882.617	2025-12-31	EUR	https://www.pmt.nl/over-pmt/zo-beleggen-we/waar-beleggen-we-in/aandelen-en-obligaties/#
Metal and Technology Pension Fund	Multiply Group PJSC	663.660	2025-12-31	EUR	https://www.pmt.nl/over-pmt/zo-beleggen-we/waar-beleggen-we-in/aandelen-en-obligaties/#
Metal and Technology Pension Fund	Murata Manufacturing Co Ltd	11.983.224	2025-12-31	EUR	https://www.pmt.nl/over-pmt/zo-beleggen-we/waar-beleggen-we-in/aandelen-en-obligaties/#
Metal and Technology Pension Fund	Nan Ya Plastics Corp	3.879.366	2025-12-31	EUR	https://www.pmt.nl/over-pmt/zo-beleggen-we/waar-beleggen-we-in/aandelen-en-obligaties/#
Metal and Technology Pension Fund	Nasdaq Inc	13.989.300	2025-12-31	EUR	https://www.pmt.nl/over-pmt/zo-beleggen-we/waar-beleggen-we-in/aandelen-en-obligaties/#
Metal and Technology Pension Fund	Naspers Ltd	20.226.723	2025-12-31	EUR	https://www.pmt.nl/over-pmt/zo-beleggen-we/waar-beleggen-we-in/aandelen-en-obligaties/#
Metal and Technology Pension Fund	National Australia Bank Ltd	29.889.473	2025-12-31	EUR	https://www.pmt.nl/over-pmt/zo-beleggen-we/waar-beleggen-we-in/aandelen-en-obligaties/#
Metal and Technology Pension Fund	National Bank of Canada	16.235.569	2025-12-31	EUR	https://www.pmt.nl/over-pmt/zo-beleggen-we/waar-beleggen-we-in/aandelen-en-obligaties/#
Metal and Technology Pension Fund	National Bank of Greece SA	4.875.416	2025-12-31	EUR	https://www.pmt.nl/over-pmt/zo-beleggen-we/waar-beleggen-we-in/aandelen-en-obligaties/#
Metal and Technology Pension Fund	National Bank of Kuwait SAKP	10.496.497	2025-12-31	EUR	https://www.pmt.nl/over-pmt/zo-beleggen-we/waar-beleggen-we-in/aandelen-en-obligaties/#
Metal and Technology Pension Fund	National Grid PLC	25.407.046	2025-12-31	EUR	https://www.pmt.nl/over-pmt/zo-beleggen-we/waar-beleggen-we-in/aandelen-en-obligaties/#
Metal and Technology Pension Fund	NAVER Corp	9.107.005	2025-12-31	EUR	https://www.pmt.nl/over-pmt/zo-beleggen-we/waar-beleggen-we-in/aandelen-en-obligaties/#
Metal and Technology Pension Fund	NEC Corp	14.367.555	2025-12-31	EUR	https://www.pmt.nl/over-pmt/zo-beleggen-we/waar-beleggen-we-in/aandelen-en-obligaties/#
Metal and Technology Pension Fund	Nedbank Group Ltd	2.572.559	2025-12-31	EUR	https://www.pmt.nl/over-pmt/zo-beleggen-we/waar-beleggen-we-in/aandelen-en-obligaties/#
Metal and Technology Pension Fund	Nemetschek SE	2.115.933	2025-12-31	EUR	https://www.pmt.nl/over-pmt/zo-beleggen-we/waar-beleggen-we-in/aandelen-en-obligaties/#
Metal and Technology Pension Fund	Neste Oyj	3.283.337	2025-12-31	EUR	https://www.pmt.nl/over-pmt/zo-beleggen-we/waar-beleggen-we-in/aandelen-en-obligaties/#
Metal and Technology Pension Fund	Nestle Malaysia Bhd	825.229	2025-12-31	EUR	https://www.pmt.nl/over-pmt/zo-beleggen-we/waar-beleggen-we-in/aandelen-en-obligaties/#
Metal and Technology Pension Fund	NetApp Inc	7.297.475	2025-12-31	EUR	https://www.pmt.nl/over-pmt/zo-beleggen-we/waar-beleggen-we-in/aandelen-en-obligaties/#
Metal and Technology Pension Fund	NetEase Inc	18.639.843	2025-12-31	EUR	https://www.pmt.nl/over-pmt/zo-beleggen-we/waar-beleggen-we-in/aandelen-en-obligaties/#
Metal and Technology Pension Fund	Netflix Inc	134.143.820	2025-12-31	EUR	https://www.pmt.nl/over-pmt/zo-beleggen-we/waar-beleggen-we-in/aandelen-en-obligaties/#
Metal and Technology Pension Fund	New Oriental Education & Technology Group Inc	2.925.420	2025-12-31	EUR	https://www.pmt.nl/over-pmt/zo-beleggen-we/waar-beleggen-we-in/aandelen-en-obligaties/#
Metal and Technology Pension Fund	Newmont Corp	37.603.096	2025-12-31	EUR	https://www.pmt.nl/over-pmt/zo-beleggen-we/waar-beleggen-we-in/aandelen-en-obligaties/#
Metal and Technology Pension Fund	News Corp	3.279.762	2025-12-31	EUR	https://www.pmt.nl/over-pmt/zo-beleggen-we/waar-beleggen-we-in/aandelen-en-obligaties/#
Metal and Technology Pension Fund	Nexi SpA	805.569	2025-12-31	EUR	https://www.pmt.nl/over-pmt/zo-beleggen-we/waar-beleggen-we-in/aandelen-en-obligaties/#
Metal and Technology Pension Fund	Nexon Co Ltd	2.779.468	2025-12-31	EUR	https://www.pmt.nl/over-pmt/zo-beleggen-we/waar-beleggen-we-in/aandelen-en-obligaties/#
Metal and Technology Pension Fund	Next PLC	7.256.518	2025-12-31	EUR	https://www.pmt.nl/over-pmt/zo-beleggen-we/waar-beleggen-we-in/aandelen-en-obligaties/#
Metal and Technology Pension Fund	NextEra Energy Inc	55.208.811	2025-12-31	EUR	https://www.pmt.nl/over-pmt/zo-beleggen-we/waar-beleggen-we-in/aandelen-en-obligaties/#
Metal and Technology Pension Fund	NH Investment & Securities Co Ltd	748.404	2025-12-31	EUR	https://www.pmt.nl/over-pmt/zo-beleggen-we/waar-beleggen-we-in/aandelen-en-obligaties/#
Metal and Technology Pension Fund	NHPC Ltd	731.414	2025-12-31	EUR	https://www.pmt.nl/over-pmt/zo-beleggen-we/waar-beleggen-we-in/aandelen-en-obligaties/#
Metal and Technology Pension Fund	Nibe Industrier AB	1.933.728	2025-12-31	EUR	https://www.pmt.nl/over-pmt/zo-beleggen-we/waar-beleggen-we-in/aandelen-en-obligaties/#
Metal and Technology Pension Fund	Nidec Corp	3.889.016	2025-12-31	EUR	https://www.pmt.nl/over-pmt/zo-beleggen-we/waar-beleggen-we-in/aandelen-en-obligaties/#
Metal and Technology Pension Fund	Nien Made Enterprise Co Ltd	841.314	2025-12-31	EUR	https://www.pmt.nl/over-pmt/zo-beleggen-we/waar-beleggen-we-in/aandelen-en-obligaties/#
Metal and Technology Pension Fund	Ningbo Deye Technology Co Ltd	338.194	2025-12-31	EUR	https://www.pmt.nl/over-pmt/zo-beleggen-we/waar-beleggen-we-in/aandelen-en-obligaties/#
Metal and Technology Pension Fund	Nintendo Co Ltd	25.835.827	2025-12-31	EUR	https://www.pmt.nl/over-pmt/zo-beleggen-we/waar-beleggen-we-in/aandelen-en-obligaties/#
Metal and Technology Pension Fund	NIO Inc	3.652.270	2025-12-31	EUR	https://www.pmt.nl/over-pmt/zo-beleggen-we/waar-beleggen-we-in/aandelen-en-obligaties/#
Metal and Technology Pension Fund	Nippon Paint Holdings Co Ltd	2.211.772	2025-12-31	EUR	https://www.pmt.nl/over-pmt/zo-beleggen-we/waar-beleggen-we-in/aandelen-en-obligaties/#
Metal and Technology Pension Fund	Nippon Sanso Holdings Corp	1.810.510	2025-12-31	EUR	https://www.pmt.nl/over-pmt/zo-beleggen-we/waar-beleggen-we-in/aandelen-en-obligaties/#
Metal and Technology Pension Fund	Nippon Steel Corp	6.802.575	2025-12-31	EUR	https://www.pmt.nl/over-pmt/zo-beleggen-we/waar-beleggen-we-in/aandelen-en-obligaties/#
Metal and Technology Pension Fund	Nippon Yusen KK	4.849.348	2025-12-31	EUR	https://www.pmt.nl/over-pmt/zo-beleggen-we/waar-beleggen-we-in/aandelen-en-obligaties/#
Metal and Technology Pension Fund	Nissan Motor Co Ltd	1.945.529	2025-12-31	EUR	https://www.pmt.nl/over-pmt/zo-beleggen-we/waar-beleggen-we-in/aandelen-en-obligaties/#
Metal and Technology Pension Fund	Nitto Denko Corp	5.813.985	2025-12-31	EUR	https://www.pmt.nl/over-pmt/zo-beleggen-we/waar-beleggen-we-in/aandelen-en-obligaties/#
Metal and Technology Pension Fund	NN Group NV	7.028.658	2025-12-31	EUR	https://www.pmt.nl/over-pmt/zo-beleggen-we/waar-beleggen-we-in/aandelen-en-obligaties/#
Metal and Technology Pension Fund	Nokia OYJ	11.774.071	2025-12-31	EUR	https://www.pmt.nl/over-pmt/zo-beleggen-we/waar-beleggen-we-in/aandelen-en-obligaties/#
Metal and Technology Pension Fund	Nomura Research Institute Ltd	5.040.145	2025-12-31	EUR	https://www.pmt.nl/over-pmt/zo-beleggen-we/waar-beleggen-we-in/aandelen-en-obligaties/#
Metal and Technology Pension Fund	Nongfu Spring Co Ltd	4.634.144	2025-12-31	EUR	https://www.pmt.nl/over-pmt/zo-beleggen-we/waar-beleggen-we-in/aandelen-en-obligaties/#
Metal and Technology Pension Fund	Nordea Bank Abp	20.088.878	2025-12-31	EUR	https://www.pmt.nl/over-pmt/zo-beleggen-we/waar-beleggen-we-in/aandelen-en-obligaties/#
Metal and Technology Pension Fund	Nordson Corp	4.318.507	2025-12-31	EUR	https://www.pmt.nl/over-pmt/zo-beleggen-we/waar-beleggen-we-in/aandelen-en-obligaties/#
Metal and Technology Pension Fund	Northern Trust Corp	8.813.076	2025-12-31	EUR	https://www.pmt.nl/over-pmt/zo-beleggen-we/waar-beleggen-we-in/aandelen-en-obligaties/#
Metal and Technology Pension Fund	Novartis AG	89.287.310	2025-12-31	EUR	https://www.pmt.nl/over-pmt/zo-beleggen-we/waar-beleggen-we-in/aandelen-en-obligaties/#
Metal and Technology Pension Fund	Novatek Microelectronics Corp	2.726.317	2025-12-31	EUR	https://www.pmt.nl/over-pmt/zo-beleggen-we/waar-beleggen-we-in/aandelen-en-obligaties/#
Metal and Technology Pension Fund	Novo Nordisk A/S	55.946.876	2025-12-31	EUR	https://www.pmt.nl/over-pmt/zo-beleggen-we/waar-beleggen-we-in/aandelen-en-obligaties/#
Metal and Technology Pension Fund	Novonesis Novozymes B	7.633.433	2025-12-31	EUR	https://www.pmt.nl/over-pmt/zo-beleggen-we/waar-beleggen-we-in/aandelen-en-obligaties/#
Metal and Technology Pension Fund	NTT Inc	10.423.976	2025-12-31	EUR	https://www.pmt.nl/over-pmt/zo-beleggen-we/waar-beleggen-we-in/aandelen-en-obligaties/#
Metal and Technology Pension Fund	NU Holdings Ltd/Cayman Islands	21.591.172	2025-12-31	EUR	https://www.pmt.nl/over-pmt/zo-beleggen-we/waar-beleggen-we-in/aandelen-en-obligaties/#
Metal and Technology Pension Fund	Nucor Corp	12.574.240	2025-12-31	EUR	https://www.pmt.nl/over-pmt/zo-beleggen-we/waar-beleggen-we-in/aandelen-en-obligaties/#
Metal and Technology Pension Fund	Nutanix Inc	4.322.692	2025-12-31	EUR	https://www.pmt.nl/over-pmt/zo-beleggen-we/waar-beleggen-we-in/aandelen-en-obligaties/#
Metal and Technology Pension Fund	Nutrien Ltd	10.126.616	2025-12-31	EUR	https://www.pmt.nl/over-pmt/zo-beleggen-we/waar-beleggen-we-in/aandelen-en-obligaties/#
Metal and Technology Pension Fund	NVIDIA Corp	694.027.407	2025-12-31	EUR	https://www.pmt.nl/over-pmt/zo-beleggen-we/waar-beleggen-we-in/aandelen-en-obligaties/#
Metal and Technology Pension Fund	NVR Inc	7.140.947	2025-12-31	EUR	https://www.pmt.nl/over-pmt/zo-beleggen-we/waar-beleggen-we-in/aandelen-en-obligaties/#
Metal and Technology Pension Fund	NXP Semiconductors NV	18.438.965	2025-12-31	EUR	https://www.pmt.nl/over-pmt/zo-beleggen-we/waar-beleggen-we-in/aandelen-en-obligaties/#
Metal and Technology Pension Fund	O'Reilly Automotive Inc	26.158.620	2025-12-31	EUR	https://www.pmt.nl/over-pmt/zo-beleggen-we/waar-beleggen-we-in/aandelen-en-obligaties/#
Metal and Technology Pension Fund	Obayashi Corp	4.627.657	2025-12-31	EUR	https://www.pmt.nl/over-pmt/zo-beleggen-we/waar-beleggen-we-in/aandelen-en-obligaties/#
Metal and Technology Pension Fund	Obic Co Ltd	3.486.511	2025-12-31	EUR	https://www.pmt.nl/over-pmt/zo-beleggen-we/waar-beleggen-we-in/aandelen-en-obligaties/#
Metal and Technology Pension Fund	Okta Inc	4.735.032	2025-12-31	EUR	https://www.pmt.nl/over-pmt/zo-beleggen-we/waar-beleggen-we-in/aandelen-en-obligaties/#
Metal and Technology Pension Fund	Olympus Corp	5.012.748	2025-12-31	EUR	https://www.pmt.nl/over-pmt/zo-beleggen-we/waar-beleggen-we-in/aandelen-en-obligaties/#
Metal and Technology Pension Fund	Omnicom Group Inc	5.186.096	2025-12-31	EUR	https://www.pmt.nl/over-pmt/zo-beleggen-we/waar-beleggen-we-in/aandelen-en-obligaties/#
Metal and Technology Pension Fund	OmniVision Integrated Circuits Group Inc	662.692	2025-12-31	EUR	https://www.pmt.nl/over-pmt/zo-beleggen-we/waar-beleggen-we-in/aandelen-en-obligaties/#
Metal and Technology Pension Fund	OMV AG	2.798.928	2025-12-31	EUR	https://www.pmt.nl/over-pmt/zo-beleggen-we/waar-beleggen-we-in/aandelen-en-obligaties/#
Metal and Technology Pension Fund	ON Semiconductor Corp	7.543.146	2025-12-31	EUR	https://www.pmt.nl/over-pmt/zo-beleggen-we/waar-beleggen-we-in/aandelen-en-obligaties/#
Metal and Technology Pension Fund	One 97 Communications Ltd	2.035.577	2025-12-31	EUR	https://www.pmt.nl/over-pmt/zo-beleggen-we/waar-beleggen-we-in/aandelen-en-obligaties/#
Metal and Technology Pension Fund	OPAP SA	1.401.711	2025-12-31	EUR	https://www.pmt.nl/over-pmt/zo-beleggen-we/waar-beleggen-we-in/aandelen-en-obligaties/#
Metal and Technology Pension Fund	Open Text Corp	2.787.648	2025-12-31	EUR	https://www.pmt.nl/over-pmt/zo-beleggen-we/waar-beleggen-we-in/aandelen-en-obligaties/#
Metal and Technology Pension Fund	Oracle Corp	109.721.825	2025-12-31	EUR	https://www.pmt.nl/over-pmt/zo-beleggen-we/waar-beleggen-we-in/aandelen-en-obligaties/#
Metal and Technology Pension Fund	Oracle Corp Japan	1.081.916	2025-12-31	EUR	https://www.pmt.nl/over-pmt/zo-beleggen-we/waar-beleggen-we-in/aandelen-en-obligaties/#
Metal and Technology Pension Fund	Oracle Financial Services Software Ltd	749.847	2025-12-31	EUR	https://www.pmt.nl/over-pmt/zo-beleggen-we/waar-beleggen-we-in/aandelen-en-obligaties/#
Metal and Technology Pension Fund	Orange SA	10.486.558	2025-12-31	EUR	https://www.pmt.nl/over-pmt/zo-beleggen-we/waar-beleggen-we-in/aandelen-en-obligaties/#
Metal and Technology Pension Fund	Oriental Land Co Ltd/Japan	6.912.094	2025-12-31	EUR	https://www.pmt.nl/over-pmt/zo-beleggen-we/waar-beleggen-we-in/aandelen-en-obligaties/#
Metal and Technology Pension Fund	ORIX Corp	11.619.445	2025-12-31	EUR	https://www.pmt.nl/over-pmt/zo-beleggen-we/waar-beleggen-we-in/aandelen-en-obligaties/#
Metal and Technology Pension Fund	Orkla ASA	2.628.406	2025-12-31	EUR	https://www.pmt.nl/over-pmt/zo-beleggen-we/waar-beleggen-we-in/aandelen-en-obligaties/#
Metal and Technology Pension Fund	Orsted AS	1.066.471	2025-12-31	EUR	https://www.pmt.nl/over-pmt/zo-beleggen-we/waar-beleggen-we-in/aandelen-en-obligaties/#
Metal and Technology Pension Fund	Osaka Gas Co Ltd	4.309.450	2025-12-31	EUR	https://www.pmt.nl/over-pmt/zo-beleggen-we/waar-beleggen-we-in/aandelen-en-obligaties/#
Metal and Technology Pension Fund	Otis Worldwide Corp	11.558.358	2025-12-31	EUR	https://www.pmt.nl/over-pmt/zo-beleggen-we/waar-beleggen-we-in/aandelen-en-obligaties/#
Metal and Technology Pension Fund	OTP Bank Nyrt	8.827.567	2025-12-31	EUR	https://www.pmt.nl/over-pmt/zo-beleggen-we/waar-beleggen-we-in/aandelen-en-obligaties/#
Metal and Technology Pension Fund	Otsuka Corp	1.659.109	2025-12-31	EUR	https://www.pmt.nl/over-pmt/zo-beleggen-we/waar-beleggen-we-in/aandelen-en-obligaties/#
Metal and Technology Pension Fund	Otsuka Holdings Co Ltd	8.637.346	2025-12-31	EUR	https://www.pmt.nl/over-pmt/zo-beleggen-we/waar-beleggen-we-in/aandelen-en-obligaties/#
Metal and Technology Pension Fund	OUTsurance Group Ltd	1.308.071	2025-12-31	EUR	https://www.pmt.nl/over-pmt/zo-beleggen-we/waar-beleggen-we-in/aandelen-en-obligaties/#
Metal and Technology Pension Fund	Oversea-Chinese Banking Corp Ltd	17.991.824	2025-12-31	EUR	https://www.pmt.nl/over-pmt/zo-beleggen-we/waar-beleggen-we-in/aandelen-en-obligaties/#
Metal and Technology Pension Fund	PACCAR Inc	19.430.764	2025-12-31	EUR	https://www.pmt.nl/over-pmt/zo-beleggen-we/waar-beleggen-we-in/aandelen-en-obligaties/#
Metal and Technology Pension Fund	Palo Alto Networks Inc	40.750.319	2025-12-31	EUR	https://www.pmt.nl/over-pmt/zo-beleggen-we/waar-beleggen-we-in/aandelen-en-obligaties/#
Metal and Technology Pension Fund	Pan Pacific International Holdings Corp	3.884.897	2025-12-31	EUR	https://www.pmt.nl/over-pmt/zo-beleggen-we/waar-beleggen-we-in/aandelen-en-obligaties/#
Metal and Technology Pension Fund	Panasonic Holdings Corp	10.372.011	2025-12-31	EUR	https://www.pmt.nl/over-pmt/zo-beleggen-we/waar-beleggen-we-in/aandelen-en-obligaties/#
Metal and Technology Pension Fund	Pandora A/S	3.104.762	2025-12-31	EUR	https://www.pmt.nl/over-pmt/zo-beleggen-we/waar-beleggen-we-in/aandelen-en-obligaties/#
Metal and Technology Pension Fund	Parker-Hannifin Corp	37.818.219	2025-12-31	EUR	https://www.pmt.nl/over-pmt/zo-beleggen-we/waar-beleggen-we-in/aandelen-en-obligaties/#
Metal and Technology Pension Fund	Paychex Inc	12.001.526	2025-12-31	EUR	https://www.pmt.nl/over-pmt/zo-beleggen-we/waar-beleggen-we-in/aandelen-en-obligaties/#
Metal and Technology Pension Fund	Paycom Software Inc	2.739.562	2025-12-31	EUR	https://www.pmt.nl/over-pmt/zo-beleggen-we/waar-beleggen-we-in/aandelen-en-obligaties/#
Metal and Technology Pension Fund	PayPal Holdings Inc	18.509.360	2025-12-31	EUR	https://www.pmt.nl/over-pmt/zo-beleggen-we/waar-beleggen-we-in/aandelen-en-obligaties/#
Metal and Technology Pension Fund	PB Fintech Ltd	2.687.463	2025-12-31	EUR	https://www.pmt.nl/over-pmt/zo-beleggen-we/waar-beleggen-we-in/aandelen-en-obligaties/#
Metal and Technology Pension Fund	Pearson PLC	2.835.523	2025-12-31	EUR	https://www.pmt.nl/over-pmt/zo-beleggen-we/waar-beleggen-we-in/aandelen-en-obligaties/#
Metal and Technology Pension Fund	Pentair PLC	5.673.721	2025-12-31	EUR	https://www.pmt.nl/over-pmt/zo-beleggen-we/waar-beleggen-we-in/aandelen-en-obligaties/#
Metal and Technology Pension Fund	PepsiCo Inc	65.742.657	2025-12-31	EUR	https://www.pmt.nl/over-pmt/zo-beleggen-we/waar-beleggen-we-in/aandelen-en-obligaties/#
Metal and Technology Pension Fund	Pernod Ricard SA	5.858.746	2025-12-31	EUR	https://www.pmt.nl/over-pmt/zo-beleggen-we/waar-beleggen-we-in/aandelen-en-obligaties/#
Metal and Technology Pension Fund	Persistent Systems Ltd	3.019.042	2025-12-31	EUR	https://www.pmt.nl/over-pmt/zo-beleggen-we/waar-beleggen-we-in/aandelen-en-obligaties/#
Metal and Technology Pension Fund	Petronas Gas Bhd	1.084.377	2025-12-31	EUR	https://www.pmt.nl/over-pmt/zo-beleggen-we/waar-beleggen-we-in/aandelen-en-obligaties/#
Metal and Technology Pension Fund	Pfizer Inc	47.175.117	2025-12-31	EUR	https://www.pmt.nl/over-pmt/zo-beleggen-we/waar-beleggen-we-in/aandelen-en-obligaties/#
Metal and Technology Pension Fund	PG&E Corp	11.831.814	2025-12-31	EUR	https://www.pmt.nl/over-pmt/zo-beleggen-we/waar-beleggen-we-in/aandelen-en-obligaties/#
Metal and Technology Pension Fund	PharmaEssentia Corp	1.777.010	2025-12-31	EUR	https://www.pmt.nl/over-pmt/zo-beleggen-we/waar-beleggen-we-in/aandelen-en-obligaties/#
Metal and Technology Pension Fund	Pharmaron Beijing Co Ltd	157.959	2025-12-31	EUR	https://www.pmt.nl/over-pmt/zo-beleggen-we/waar-beleggen-we-in/aandelen-en-obligaties/#
Metal and Technology Pension Fund	Phoenix Group Holdings PLC	2.340.303	2025-12-31	EUR	https://www.pmt.nl/over-pmt/zo-beleggen-we/waar-beleggen-we-in/aandelen-en-obligaties/#
Metal and Technology Pension Fund	PI Industries Ltd	1.037.426	2025-12-31	EUR	https://www.pmt.nl/over-pmt/zo-beleggen-we/waar-beleggen-we-in/aandelen-en-obligaties/#
Metal and Technology Pension Fund	Pidilite Industries Ltd	1.915.513	2025-12-31	EUR	https://www.pmt.nl/over-pmt/zo-beleggen-we/waar-beleggen-we-in/aandelen-en-obligaties/#
Metal and Technology Pension Fund	Ping An Bank Co Ltd	706.378	2025-12-31	EUR	https://www.pmt.nl/over-pmt/zo-beleggen-we/waar-beleggen-we-in/aandelen-en-obligaties/#
Metal and Technology Pension Fund	Ping An Insurance Group Co of China Ltd	23.347.146	2025-12-31	EUR	https://www.pmt.nl/over-pmt/zo-beleggen-we/waar-beleggen-we-in/aandelen-en-obligaties/#
Metal and Technology Pension Fund	Pinterest Inc	5.072.319	2025-12-31	EUR	https://www.pmt.nl/over-pmt/zo-beleggen-we/waar-beleggen-we-in/aandelen-en-obligaties/#
Metal and Technology Pension Fund	Piraeus Bank SA	3.322.579	2025-12-31	EUR	https://www.pmt.nl/over-pmt/zo-beleggen-we/waar-beleggen-we-in/aandelen-en-obligaties/#
Metal and Technology Pension Fund	PLDT Inc	427.715	2025-12-31	EUR	https://www.pmt.nl/over-pmt/zo-beleggen-we/waar-beleggen-we-in/aandelen-en-obligaties/#
Metal and Technology Pension Fund	PNC Financial Services Group Inc/The	27.602.230	2025-12-31	EUR	https://www.pmt.nl/over-pmt/zo-beleggen-we/waar-beleggen-we-in/aandelen-en-obligaties/#
Metal and Technology Pension Fund	Pop Mart International Group Ltd	4.854.045	2025-12-31	EUR	https://www.pmt.nl/over-pmt/zo-beleggen-we/waar-beleggen-we-in/aandelen-en-obligaties/#
Metal and Technology Pension Fund	Porto Seguro SA	425.311	2025-12-31	EUR	https://www.pmt.nl/over-pmt/zo-beleggen-we/waar-beleggen-we-in/aandelen-en-obligaties/#
Metal and Technology Pension Fund	POSCO Future M Co Ltd	1.655.513	2025-12-31	EUR	https://www.pmt.nl/over-pmt/zo-beleggen-we/waar-beleggen-we-in/aandelen-en-obligaties/#
Metal and Technology Pension Fund	POSCO Holdings Inc	5.713.475	2025-12-31	EUR	https://www.pmt.nl/over-pmt/zo-beleggen-we/waar-beleggen-we-in/aandelen-en-obligaties/#
Metal and Technology Pension Fund	Posco International Corp	904.047	2025-12-31	EUR	https://www.pmt.nl/over-pmt/zo-beleggen-we/waar-beleggen-we-in/aandelen-en-obligaties/#
Metal and Technology Pension Fund	Poste Italiane SpA	3.916.728	2025-12-31	EUR	https://www.pmt.nl/over-pmt/zo-beleggen-we/waar-beleggen-we-in/aandelen-en-obligaties/#
Metal and Technology Pension Fund	Power Corp of Canada	9.891.819	2025-12-31	EUR	https://www.pmt.nl/over-pmt/zo-beleggen-we/waar-beleggen-we-in/aandelen-en-obligaties/#
Metal and Technology Pension Fund	Power Grid Corp of India Ltd	5.432.238	2025-12-31	EUR	https://www.pmt.nl/over-pmt/zo-beleggen-we/waar-beleggen-we-in/aandelen-en-obligaties/#
Metal and Technology Pension Fund	Powszechna Kasa Oszczednosci Bank Polski SA	7.844.607	2025-12-31	EUR	https://www.pmt.nl/over-pmt/zo-beleggen-we/waar-beleggen-we-in/aandelen-en-obligaties/#
Metal and Technology Pension Fund	Powszechny Zaklad Ubezpieczen SA	4.457.279	2025-12-31	EUR	https://www.pmt.nl/over-pmt/zo-beleggen-we/waar-beleggen-we-in/aandelen-en-obligaties/#
Metal and Technology Pension Fund	PPG Industries Inc	7.688.709	2025-12-31	EUR	https://www.pmt.nl/over-pmt/zo-beleggen-we/waar-beleggen-we-in/aandelen-en-obligaties/#
Metal and Technology Pension Fund	President Chain Store Corp	1.566.631	2025-12-31	EUR	https://www.pmt.nl/over-pmt/zo-beleggen-we/waar-beleggen-we-in/aandelen-en-obligaties/#
Metal and Technology Pension Fund	Press Metal Aluminium Holdings Bhd	2.517.423	2025-12-31	EUR	https://www.pmt.nl/over-pmt/zo-beleggen-we/waar-beleggen-we-in/aandelen-en-obligaties/#
Metal and Technology Pension Fund	Principal Financial Group Inc	6.653.022	2025-12-31	EUR	https://www.pmt.nl/over-pmt/zo-beleggen-we/waar-beleggen-we-in/aandelen-en-obligaties/#
Metal and Technology Pension Fund	Pro Medicus Ltd	2.908.230	2025-12-31	EUR	https://www.pmt.nl/over-pmt/zo-beleggen-we/waar-beleggen-we-in/aandelen-en-obligaties/#
Metal and Technology Pension Fund	Procter & Gamble Co/The	112.419.249	2025-12-31	EUR	https://www.pmt.nl/over-pmt/zo-beleggen-we/waar-beleggen-we-in/aandelen-en-obligaties/#
Metal and Technology Pension Fund	Progressive Corp/The	44.586.934	2025-12-31	EUR	https://www.pmt.nl/over-pmt/zo-beleggen-we/waar-beleggen-we-in/aandelen-en-obligaties/#
Metal and Technology Pension Fund	Prosus NV	27.438.663	2025-12-31	EUR	https://www.pmt.nl/over-pmt/zo-beleggen-we/waar-beleggen-we-in/aandelen-en-obligaties/#
Metal and Technology Pension Fund	Prudential Financial Inc	13.364.619	2025-12-31	EUR	https://www.pmt.nl/over-pmt/zo-beleggen-we/waar-beleggen-we-in/aandelen-en-obligaties/#
Metal and Technology Pension Fund	Prudential PLC	13.571.346	2025-12-31	EUR	https://www.pmt.nl/over-pmt/zo-beleggen-we/waar-beleggen-we-in/aandelen-en-obligaties/#
Metal and Technology Pension Fund	Prysmian SpA	9.631.197	2025-12-31	EUR	https://www.pmt.nl/over-pmt/zo-beleggen-we/waar-beleggen-we-in/aandelen-en-obligaties/#
Metal and Technology Pension Fund	PTC Inc	6.912.033	2025-12-31	EUR	https://www.pmt.nl/over-pmt/zo-beleggen-we/waar-beleggen-we-in/aandelen-en-obligaties/#
Metal and Technology Pension Fund	Public Bank Bhd	5.904.539	2025-12-31	EUR	https://www.pmt.nl/over-pmt/zo-beleggen-we/waar-beleggen-we-in/aandelen-en-obligaties/#
Metal and Technology Pension Fund	Public Power Corp SA	1.896.040	2025-12-31	EUR	https://www.pmt.nl/over-pmt/zo-beleggen-we/waar-beleggen-we-in/aandelen-en-obligaties/#
Metal and Technology Pension Fund	Public Service Enterprise Group Inc	13.224.732	2025-12-31	EUR	https://www.pmt.nl/over-pmt/zo-beleggen-we/waar-beleggen-we-in/aandelen-en-obligaties/#
Metal and Technology Pension Fund	Publicis Groupe SA	8.050.684	2025-12-31	EUR	https://www.pmt.nl/over-pmt/zo-beleggen-we/waar-beleggen-we-in/aandelen-en-obligaties/#
Metal and Technology Pension Fund	PulteGroup Inc	7.805.585	2025-12-31	EUR	https://www.pmt.nl/over-pmt/zo-beleggen-we/waar-beleggen-we-in/aandelen-en-obligaties/#
Metal and Technology Pension Fund	Punjab National Bank	1.233.101	2025-12-31	EUR	https://www.pmt.nl/over-pmt/zo-beleggen-we/waar-beleggen-we-in/aandelen-en-obligaties/#
Metal and Technology Pension Fund	Pure Storage Inc	6.847.464	2025-12-31	EUR	https://www.pmt.nl/over-pmt/zo-beleggen-we/waar-beleggen-we-in/aandelen-en-obligaties/#
Metal and Technology Pension Fund	Qantas Airways Ltd	1.808.832	2025-12-31	EUR	https://www.pmt.nl/over-pmt/zo-beleggen-we/waar-beleggen-we-in/aandelen-en-obligaties/#
Metal and Technology Pension Fund	QBE Insurance Group Ltd	6.937.626	2025-12-31	EUR	https://www.pmt.nl/over-pmt/zo-beleggen-we/waar-beleggen-we-in/aandelen-en-obligaties/#
Metal and Technology Pension Fund	Qfin Holdings Inc	810.539	2025-12-31	EUR	https://www.pmt.nl/over-pmt/zo-beleggen-we/waar-beleggen-we-in/aandelen-en-obligaties/#
Metal and Technology Pension Fund	QIAGEN NV	3.351.516	2025-12-31	EUR	https://www.pmt.nl/over-pmt/zo-beleggen-we/waar-beleggen-we-in/aandelen-en-obligaties/#
Metal and Technology Pension Fund	QUALCOMM Inc	63.194.488	2025-12-31	EUR	https://www.pmt.nl/over-pmt/zo-beleggen-we/waar-beleggen-we-in/aandelen-en-obligaties/#
Metal and Technology Pension Fund	Quanta Computer Inc	8.845.097	2025-12-31	EUR	https://www.pmt.nl/over-pmt/zo-beleggen-we/waar-beleggen-we-in/aandelen-en-obligaties/#
Metal and Technology Pension Fund	Quanta Services Inc	21.061.134	2025-12-31	EUR	https://www.pmt.nl/over-pmt/zo-beleggen-we/waar-beleggen-we-in/aandelen-en-obligaties/#
Metal and Technology Pension Fund	Quest Diagnostics Inc	6.388.895	2025-12-31	EUR	https://www.pmt.nl/over-pmt/zo-beleggen-we/waar-beleggen-we-in/aandelen-en-obligaties/#
Metal and Technology Pension Fund	Raia Drogasil SA	2.076.872	2025-12-31	EUR	https://www.pmt.nl/over-pmt/zo-beleggen-we/waar-beleggen-we-in/aandelen-en-obligaties/#
Metal and Technology Pension Fund	Rakuten Group Inc	3.327.957	2025-12-31	EUR	https://www.pmt.nl/over-pmt/zo-beleggen-we/waar-beleggen-we-in/aandelen-en-obligaties/#
Metal and Technology Pension Fund	Randstad NV	1.362.421	2025-12-31	EUR	https://www.pmt.nl/over-pmt/zo-beleggen-we/waar-beleggen-we-in/aandelen-en-obligaties/#
Metal and Technology Pension Fund	Rational AG	1.313.078	2025-12-31	EUR	https://www.pmt.nl/over-pmt/zo-beleggen-we/waar-beleggen-we-in/aandelen-en-obligaties/#
Metal and Technology Pension Fund	Raymond James Financial Inc	10.480.841	2025-12-31	EUR	https://www.pmt.nl/over-pmt/zo-beleggen-we/waar-beleggen-we-in/aandelen-en-obligaties/#
Metal and Technology Pension Fund	RB Global Inc	6.296.059	2025-12-31	EUR	https://www.pmt.nl/over-pmt/zo-beleggen-we/waar-beleggen-we-in/aandelen-en-obligaties/#
Metal and Technology Pension Fund	REA Group Ltd	2.242.602	2025-12-31	EUR	https://www.pmt.nl/over-pmt/zo-beleggen-we/waar-beleggen-we-in/aandelen-en-obligaties/#
Metal and Technology Pension Fund	Realtek Semiconductor Corp	2.928.556	2025-12-31	EUR	https://www.pmt.nl/over-pmt/zo-beleggen-we/waar-beleggen-we-in/aandelen-en-obligaties/#
Metal and Technology Pension Fund	REC Ltd	1.650.904	2025-12-31	EUR	https://www.pmt.nl/over-pmt/zo-beleggen-we/waar-beleggen-we-in/aandelen-en-obligaties/#
Metal and Technology Pension Fund	Reckitt Benckiser Group PLC	18.596.061	2025-12-31	EUR	https://www.pmt.nl/over-pmt/zo-beleggen-we/waar-beleggen-we-in/aandelen-en-obligaties/#
Metal and Technology Pension Fund	Recruit Holdings Co Ltd	27.436.448	2025-12-31	EUR	https://www.pmt.nl/over-pmt/zo-beleggen-we/waar-beleggen-we-in/aandelen-en-obligaties/#
Metal and Technology Pension Fund	Reddit Inc	5.253.277	2025-12-31	EUR	https://www.pmt.nl/over-pmt/zo-beleggen-we/waar-beleggen-we-in/aandelen-en-obligaties/#
Metal and Technology Pension Fund	Rede D'Or Sao Luiz SA	2.438.859	2025-12-31	EUR	https://www.pmt.nl/over-pmt/zo-beleggen-we/waar-beleggen-we-in/aandelen-en-obligaties/#
Metal and Technology Pension Fund	Redeia Corp SA	2.422.831	2025-12-31	EUR	https://www.pmt.nl/over-pmt/zo-beleggen-we/waar-beleggen-we-in/aandelen-en-obligaties/#
Metal and Technology Pension Fund	Regeneron Pharmaceuticals Inc	27.548.618	2025-12-31	EUR	https://www.pmt.nl/over-pmt/zo-beleggen-we/waar-beleggen-we-in/aandelen-en-obligaties/#
Metal and Technology Pension Fund	Regions Financial Corp	8.102.518	2025-12-31	EUR	https://www.pmt.nl/over-pmt/zo-beleggen-we/waar-beleggen-we-in/aandelen-en-obligaties/#
Metal and Technology Pension Fund	Reinet Investments SCA	1.738.635	2025-12-31	EUR	https://www.pmt.nl/over-pmt/zo-beleggen-we/waar-beleggen-we-in/aandelen-en-obligaties/#
Metal and Technology Pension Fund	Reliance Inc	5.036.317	2025-12-31	EUR	https://www.pmt.nl/over-pmt/zo-beleggen-we/waar-beleggen-we-in/aandelen-en-obligaties/#
Metal and Technology Pension Fund	RELX PLC	25.391.174	2025-12-31	EUR	https://www.pmt.nl/over-pmt/zo-beleggen-we/waar-beleggen-we-in/aandelen-en-obligaties/#
Metal and Technology Pension Fund	Renesas Electronics Corp	7.938.578	2025-12-31	EUR	https://www.pmt.nl/over-pmt/zo-beleggen-we/waar-beleggen-we-in/aandelen-en-obligaties/#
Metal and Technology Pension Fund	Rentokil Initial PLC	5.148.139	2025-12-31	EUR	https://www.pmt.nl/over-pmt/zo-beleggen-we/waar-beleggen-we-in/aandelen-en-obligaties/#
Metal and Technology Pension Fund	Republic Services Inc	15.438.977	2025-12-31	EUR	https://www.pmt.nl/over-pmt/zo-beleggen-we/waar-beleggen-we-in/aandelen-en-obligaties/#
Metal and Technology Pension Fund	ResMed Inc	11.677.514	2025-12-31	EUR	https://www.pmt.nl/over-pmt/zo-beleggen-we/waar-beleggen-we-in/aandelen-en-obligaties/#
Metal and Technology Pension Fund	Resona Holdings Inc	6.836.899	2025-12-31	EUR	https://www.pmt.nl/over-pmt/zo-beleggen-we/waar-beleggen-we-in/aandelen-en-obligaties/#
Metal and Technology Pension Fund	Restaurant Brands International Inc	7.014.057	2025-12-31	EUR	https://www.pmt.nl/over-pmt/zo-beleggen-we/waar-beleggen-we-in/aandelen-en-obligaties/#
Metal and Technology Pension Fund	Rexel SA	2.966.467	2025-12-31	EUR	https://www.pmt.nl/over-pmt/zo-beleggen-we/waar-beleggen-we-in/aandelen-en-obligaties/#
Metal and Technology Pension Fund	RHB Bank Bhd	1.033.254	2025-12-31	EUR	https://www.pmt.nl/over-pmt/zo-beleggen-we/waar-beleggen-we-in/aandelen-en-obligaties/#
Metal and Technology Pension Fund	Rheinmetall AG	27.724.921	2025-12-31	EUR	https://www.pmt.nl/over-pmt/zo-beleggen-we/waar-beleggen-we-in/aandelen-en-obligaties/#
Metal and Technology Pension Fund	Richter Gedeon Nyrt	1.481.343	2025-12-31	EUR	https://www.pmt.nl/over-pmt/zo-beleggen-we/waar-beleggen-we-in/aandelen-en-obligaties/#
Metal and Technology Pension Fund	Rivian Automotive Inc	5.146.350	2025-12-31	EUR	https://www.pmt.nl/over-pmt/zo-beleggen-we/waar-beleggen-we-in/aandelen-en-obligaties/#
Metal and Technology Pension Fund	Robinhood Markets Inc	27.627.524	2025-12-31	EUR	https://www.pmt.nl/over-pmt/zo-beleggen-we/waar-beleggen-we-in/aandelen-en-obligaties/#
Metal and Technology Pension Fund	ROBLOX Corp	14.448.792	2025-12-31	EUR	https://www.pmt.nl/over-pmt/zo-beleggen-we/waar-beleggen-we-in/aandelen-en-obligaties/#
Metal and Technology Pension Fund	Roche Holding AG	103.369.729	2025-12-31	EUR	https://www.pmt.nl/over-pmt/zo-beleggen-we/waar-beleggen-we-in/aandelen-en-obligaties/#
Metal and Technology Pension Fund	Rockwell Automation Inc	14.688.225	2025-12-31	EUR	https://www.pmt.nl/over-pmt/zo-beleggen-we/waar-beleggen-we-in/aandelen-en-obligaties/#
Metal and Technology Pension Fund	ROCKWOOL A/S	1.098.512	2025-12-31	EUR	https://www.pmt.nl/over-pmt/zo-beleggen-we/waar-beleggen-we-in/aandelen-en-obligaties/#
Metal and Technology Pension Fund	Rogers Communications Inc	4.505.208	2025-12-31	EUR	https://www.pmt.nl/over-pmt/zo-beleggen-we/waar-beleggen-we-in/aandelen-en-obligaties/#
Metal and Technology Pension Fund	Rollins Inc	5.750.462	2025-12-31	EUR	https://www.pmt.nl/over-pmt/zo-beleggen-we/waar-beleggen-we-in/aandelen-en-obligaties/#
Metal and Technology Pension Fund	Rongsheng Petrochemical Co Ltd	342.286	2025-12-31	EUR	https://www.pmt.nl/over-pmt/zo-beleggen-we/waar-beleggen-we-in/aandelen-en-obligaties/#
Metal and Technology Pension Fund	Roper Technologies Inc	16.163.322	2025-12-31	EUR	https://www.pmt.nl/over-pmt/zo-beleggen-we/waar-beleggen-we-in/aandelen-en-obligaties/#
Metal and Technology Pension Fund	Royal Caribbean Cruises Ltd	23.832.823	2025-12-31	EUR	https://www.pmt.nl/over-pmt/zo-beleggen-we/waar-beleggen-we-in/aandelen-en-obligaties/#
Metal and Technology Pension Fund	Royalty Pharma PLC	4.704.443	2025-12-31	EUR	https://www.pmt.nl/over-pmt/zo-beleggen-we/waar-beleggen-we-in/aandelen-en-obligaties/#
Metal and Technology Pension Fund	RPM International Inc	4.415.119	2025-12-31	EUR	https://www.pmt.nl/over-pmt/zo-beleggen-we/waar-beleggen-we-in/aandelen-en-obligaties/#
Metal and Technology Pension Fund	Rumo SA	1.310.252	2025-12-31	EUR	https://www.pmt.nl/over-pmt/zo-beleggen-we/waar-beleggen-we-in/aandelen-en-obligaties/#
Metal and Technology Pension Fund	RWE AG	11.359.219	2025-12-31	EUR	https://www.pmt.nl/over-pmt/zo-beleggen-we/waar-beleggen-we-in/aandelen-en-obligaties/#
Metal and Technology Pension Fund	Ryanair Holdings PLC	9.960.093	2025-12-31	EUR	https://www.pmt.nl/over-pmt/zo-beleggen-we/waar-beleggen-we-in/aandelen-en-obligaties/#
Metal and Technology Pension Fund	S&P Global Inc	54.781.066	2025-12-31	EUR	https://www.pmt.nl/over-pmt/zo-beleggen-we/waar-beleggen-we-in/aandelen-en-obligaties/#
Metal and Technology Pension Fund	Saab AB	6.319.965	2025-12-31	EUR	https://www.pmt.nl/over-pmt/zo-beleggen-we/waar-beleggen-we-in/aandelen-en-obligaties/#
Metal and Technology Pension Fund	Sagax AB	31.883.135	2025-12-31	EUR	https://www.pmt.nl/over-pmt/zo-beleggen-we/waar-beleggen-we-in/aandelen-en-obligaties/#
Metal and Technology Pension Fund	Sage Group PLC/The	4.846.157	2025-12-31	EUR	https://www.pmt.nl/over-pmt/zo-beleggen-we/waar-beleggen-we-in/aandelen-en-obligaties/#
Metal and Technology Pension Fund	Sailun Group Co Ltd	302.417	2025-12-31	EUR	https://www.pmt.nl/over-pmt/zo-beleggen-we/waar-beleggen-we-in/aandelen-en-obligaties/#
Metal and Technology Pension Fund	Salesforce Inc	85.034.430	2025-12-31	EUR	https://www.pmt.nl/over-pmt/zo-beleggen-we/waar-beleggen-we-in/aandelen-en-obligaties/#
Metal and Technology Pension Fund	Salik Co PJSC	1.275.520	2025-12-31	EUR	https://www.pmt.nl/over-pmt/zo-beleggen-we/waar-beleggen-we-in/aandelen-en-obligaties/#
Metal and Technology Pension Fund	Sampo Oyj	9.914.517	2025-12-31	EUR	https://www.pmt.nl/over-pmt/zo-beleggen-we/waar-beleggen-we-in/aandelen-en-obligaties/#
Metal and Technology Pension Fund	Samsara Inc	3.353.661	2025-12-31	EUR	https://www.pmt.nl/over-pmt/zo-beleggen-we/waar-beleggen-we-in/aandelen-en-obligaties/#
Metal and Technology Pension Fund	Samsung Biologics Co Ltd	5.123.509	2025-12-31	EUR	https://www.pmt.nl/over-pmt/zo-beleggen-we/waar-beleggen-we-in/aandelen-en-obligaties/#
Metal and Technology Pension Fund	Samsung Electro-Mechanics Co Ltd	3.636.777	2025-12-31	EUR	https://www.pmt.nl/over-pmt/zo-beleggen-we/waar-beleggen-we-in/aandelen-en-obligaties/#
Metal and Technology Pension Fund	Samsung Electronics Co Ltd	120.492.956	2025-12-31	EUR	https://www.pmt.nl/over-pmt/zo-beleggen-we/waar-beleggen-we-in/aandelen-en-obligaties/#
Metal and Technology Pension Fund	Samsung Fire & Marine Insurance Co Ltd	4.071.228	2025-12-31	EUR	https://www.pmt.nl/over-pmt/zo-beleggen-we/waar-beleggen-we-in/aandelen-en-obligaties/#
Metal and Technology Pension Fund	Samsung Heavy Industries Co Ltd	4.436.634	2025-12-31	EUR	https://www.pmt.nl/over-pmt/zo-beleggen-we/waar-beleggen-we-in/aandelen-en-obligaties/#
Metal and Technology Pension Fund	Samsung Life Insurance Co Ltd	3.170.809	2025-12-31	EUR	https://www.pmt.nl/over-pmt/zo-beleggen-we/waar-beleggen-we-in/aandelen-en-obligaties/#
Metal and Technology Pension Fund	Samsung SDI Co Ltd	4.177.610	2025-12-31	EUR	https://www.pmt.nl/over-pmt/zo-beleggen-we/waar-beleggen-we-in/aandelen-en-obligaties/#
Metal and Technology Pension Fund	Samsung SDS Co Ltd	1.832.532	2025-12-31	EUR	https://www.pmt.nl/over-pmt/zo-beleggen-we/waar-beleggen-we-in/aandelen-en-obligaties/#
Metal and Technology Pension Fund	Samvardhana Motherson International Ltd	2.378.517	2025-12-31	EUR	https://www.pmt.nl/over-pmt/zo-beleggen-we/waar-beleggen-we-in/aandelen-en-obligaties/#
Metal and Technology Pension Fund	Sandoz Group AG	10.309.071	2025-12-31	EUR	https://www.pmt.nl/over-pmt/zo-beleggen-we/waar-beleggen-we-in/aandelen-en-obligaties/#
Metal and Technology Pension Fund	Sands China Ltd	2.126.962	2025-12-31	EUR	https://www.pmt.nl/over-pmt/zo-beleggen-we/waar-beleggen-we-in/aandelen-en-obligaties/#
Metal and Technology Pension Fund	Sandvik AB	11.767.656	2025-12-31	EUR	https://www.pmt.nl/over-pmt/zo-beleggen-we/waar-beleggen-we-in/aandelen-en-obligaties/#
Metal and Technology Pension Fund	Sanlam Ltd	3.835.288	2025-12-31	EUR	https://www.pmt.nl/over-pmt/zo-beleggen-we/waar-beleggen-we-in/aandelen-en-obligaties/#
Metal and Technology Pension Fund	Sanofi SA	36.661.421	2025-12-31	EUR	https://www.pmt.nl/over-pmt/zo-beleggen-we/waar-beleggen-we-in/aandelen-en-obligaties/#
Metal and Technology Pension Fund	Sanrio Co Ltd	1.952.493	2025-12-31	EUR	https://www.pmt.nl/over-pmt/zo-beleggen-we/waar-beleggen-we-in/aandelen-en-obligaties/#
Metal and Technology Pension Fund	Santander Bank Polska SA	2.146.647	2025-12-31	EUR	https://www.pmt.nl/over-pmt/zo-beleggen-we/waar-beleggen-we-in/aandelen-en-obligaties/#
Metal and Technology Pension Fund	Sany Heavy Industry Co Ltd	646.213	2025-12-31	EUR	https://www.pmt.nl/over-pmt/zo-beleggen-we/waar-beleggen-we-in/aandelen-en-obligaties/#
Metal and Technology Pension Fund	SAP SE	86.745.897	2025-12-31	EUR	https://www.pmt.nl/over-pmt/zo-beleggen-we/waar-beleggen-we-in/aandelen-en-obligaties/#
Metal and Technology Pension Fund	Saputo Inc	2.488.505	2025-12-31	EUR	https://www.pmt.nl/over-pmt/zo-beleggen-we/waar-beleggen-we-in/aandelen-en-obligaties/#
Metal and Technology Pension Fund	Sartorius AG	2.558.026	2025-12-31	EUR	https://www.pmt.nl/over-pmt/zo-beleggen-we/waar-beleggen-we-in/aandelen-en-obligaties/#
Metal and Technology Pension Fund	Sartorius Stedim Biotech	2.421.090	2025-12-31	EUR	https://www.pmt.nl/over-pmt/zo-beleggen-we/waar-beleggen-we-in/aandelen-en-obligaties/#
Metal and Technology Pension Fund	Satellite Chemical Co Ltd	307.619	2025-12-31	EUR	https://www.pmt.nl/over-pmt/zo-beleggen-we/waar-beleggen-we-in/aandelen-en-obligaties/#
Metal and Technology Pension Fund	Saudi Awwal Bank	3.484.222	2025-12-31	EUR	https://www.pmt.nl/over-pmt/zo-beleggen-we/waar-beleggen-we-in/aandelen-en-obligaties/#
Metal and Technology Pension Fund	SBI Cards & Payment Services Ltd	1.015.194	2025-12-31	EUR	https://www.pmt.nl/over-pmt/zo-beleggen-we/waar-beleggen-we-in/aandelen-en-obligaties/#
Metal and Technology Pension Fund	SBI Life Insurance Co Ltd	3.834.236	2025-12-31	EUR	https://www.pmt.nl/over-pmt/zo-beleggen-we/waar-beleggen-we-in/aandelen-en-obligaties/#
Metal and Technology Pension Fund	SCB X PCL	1.413.774	2025-12-31	EUR	https://www.pmt.nl/over-pmt/zo-beleggen-we/waar-beleggen-we-in/aandelen-en-obligaties/#
Metal and Technology Pension Fund	Schindler Holding AG	8.009.945	2025-12-31	EUR	https://www.pmt.nl/over-pmt/zo-beleggen-we/waar-beleggen-we-in/aandelen-en-obligaties/#
Metal and Technology Pension Fund	Schneider Electric SE	51.235.918	2025-12-31	EUR	https://www.pmt.nl/over-pmt/zo-beleggen-we/waar-beleggen-we-in/aandelen-en-obligaties/#
Metal and Technology Pension Fund	Schroders PLC	1.310.343	2025-12-31	EUR	https://www.pmt.nl/over-pmt/zo-beleggen-we/waar-beleggen-we-in/aandelen-en-obligaties/#
Metal and Technology Pension Fund	Scout24 SE	2.576.746	2025-12-31	EUR	https://www.pmt.nl/over-pmt/zo-beleggen-we/waar-beleggen-we-in/aandelen-en-obligaties/#
Metal and Technology Pension Fund	SCREEN Holdings Co Ltd	2.756.773	2025-12-31	EUR	https://www.pmt.nl/over-pmt/zo-beleggen-we/waar-beleggen-we-in/aandelen-en-obligaties/#
Metal and Technology Pension Fund	Secom Co Ltd	5.101.064	2025-12-31	EUR	https://www.pmt.nl/over-pmt/zo-beleggen-we/waar-beleggen-we-in/aandelen-en-obligaties/#
Metal and Technology Pension Fund	Securitas AB	2.640.015	2025-12-31	EUR	https://www.pmt.nl/over-pmt/zo-beleggen-we/waar-beleggen-we-in/aandelen-en-obligaties/#
Metal and Technology Pension Fund	Sekisui Chemical Co Ltd	2.211.469	2025-12-31	EUR	https://www.pmt.nl/over-pmt/zo-beleggen-we/waar-beleggen-we-in/aandelen-en-obligaties/#
Metal and Technology Pension Fund	Sekisui House Ltd	4.545.198	2025-12-31	EUR	https://www.pmt.nl/over-pmt/zo-beleggen-we/waar-beleggen-we-in/aandelen-en-obligaties/#
Metal and Technology Pension Fund	Sembcorp Industries Ltd	1.480.736	2025-12-31	EUR	https://www.pmt.nl/over-pmt/zo-beleggen-we/waar-beleggen-we-in/aandelen-en-obligaties/#
Metal and Technology Pension Fund	Sempra	19.382.679	2025-12-31	EUR	https://www.pmt.nl/over-pmt/zo-beleggen-we/waar-beleggen-we-in/aandelen-en-obligaties/#
Metal and Technology Pension Fund	ServiceNow Inc	52.974.431	2025-12-31	EUR	https://www.pmt.nl/over-pmt/zo-beleggen-we/waar-beleggen-we-in/aandelen-en-obligaties/#
Metal and Technology Pension Fund	Seven & i Holdings Co Ltd	10.946.314	2025-12-31	EUR	https://www.pmt.nl/over-pmt/zo-beleggen-we/waar-beleggen-we-in/aandelen-en-obligaties/#
Metal and Technology Pension Fund	Severn Trent PLC	3.445.852	2025-12-31	EUR	https://www.pmt.nl/over-pmt/zo-beleggen-we/waar-beleggen-we-in/aandelen-en-obligaties/#
Metal and Technology Pension Fund	SF Holding Co Ltd	568.222	2025-12-31	EUR	https://www.pmt.nl/over-pmt/zo-beleggen-we/waar-beleggen-we-in/aandelen-en-obligaties/#
Metal and Technology Pension Fund	SG Holdings Co Ltd	1.021.653	2025-12-31	EUR	https://www.pmt.nl/over-pmt/zo-beleggen-we/waar-beleggen-we-in/aandelen-en-obligaties/#
Metal and Technology Pension Fund	SG Micro Corp	156.562	2025-12-31	EUR	https://www.pmt.nl/over-pmt/zo-beleggen-we/waar-beleggen-we-in/aandelen-en-obligaties/#
Metal and Technology Pension Fund	SGH Ltd	2.195.720	2025-12-31	EUR	https://www.pmt.nl/over-pmt/zo-beleggen-we/waar-beleggen-we-in/aandelen-en-obligaties/#
Metal and Technology Pension Fund	SGS SA	6.247.418	2025-12-31	EUR	https://www.pmt.nl/over-pmt/zo-beleggen-we/waar-beleggen-we-in/aandelen-en-obligaties/#
Metal and Technology Pension Fund	Shandong Weigao Group Medical Polymer Co Ltd	620.546	2025-12-31	EUR	https://www.pmt.nl/over-pmt/zo-beleggen-we/waar-beleggen-we-in/aandelen-en-obligaties/#
Metal and Technology Pension Fund	Shanghai Commercial & Savings Bank Ltd/The	1.913.609	2025-12-31	EUR	https://www.pmt.nl/over-pmt/zo-beleggen-we/waar-beleggen-we-in/aandelen-en-obligaties/#
Metal and Technology Pension Fund	Shanghai Fosun Pharmaceutical Group Co Ltd	264.020	2025-12-31	EUR	https://www.pmt.nl/over-pmt/zo-beleggen-we/waar-beleggen-we-in/aandelen-en-obligaties/#
Metal and Technology Pension Fund	Shanghai Putailai New Energy Technology Co Ltd	232.431	2025-12-31	EUR	https://www.pmt.nl/over-pmt/zo-beleggen-we/waar-beleggen-we-in/aandelen-en-obligaties/#
Metal and Technology Pension Fund	Shanghai United Imaging Healthcare Co Ltd	377.957	2025-12-31	EUR	https://www.pmt.nl/over-pmt/zo-beleggen-we/waar-beleggen-we-in/aandelen-en-obligaties/#
Metal and Technology Pension Fund	Shell PLC	74.889.976	2025-12-31	EUR	https://www.pmt.nl/over-pmt/zo-beleggen-we/waar-beleggen-we-in/aandelen-en-obligaties/#
Metal and Technology Pension Fund	Shenzhen Inovance Technology Co Ltd	441.484	2025-12-31	EUR	https://www.pmt.nl/over-pmt/zo-beleggen-we/waar-beleggen-we-in/aandelen-en-obligaties/#
Metal and Technology Pension Fund	Shenzhen Mindray Bio-Medical Electronics Co Ltd	779.691	2025-12-31	EUR	https://www.pmt.nl/over-pmt/zo-beleggen-we/waar-beleggen-we-in/aandelen-en-obligaties/#
Metal and Technology Pension Fund	Shenzhen New Industries Biomedical Engineering Co Ltd	151.467	2025-12-31	EUR	https://www.pmt.nl/over-pmt/zo-beleggen-we/waar-beleggen-we-in/aandelen-en-obligaties/#
Metal and Technology Pension Fund	Shenzhen Salubris Pharmaceuticals Co Ltd	286.774	2025-12-31	EUR	https://www.pmt.nl/over-pmt/zo-beleggen-we/waar-beleggen-we-in/aandelen-en-obligaties/#
Metal and Technology Pension Fund	Sherwin-Williams Co/The	25.866.944	2025-12-31	EUR	https://www.pmt.nl/over-pmt/zo-beleggen-we/waar-beleggen-we-in/aandelen-en-obligaties/#
Metal and Technology Pension Fund	Shimadzu Corp	2.189.404	2025-12-31	EUR	https://www.pmt.nl/over-pmt/zo-beleggen-we/waar-beleggen-we-in/aandelen-en-obligaties/#
Metal and Technology Pension Fund	Shimano Inc	2.775.457	2025-12-31	EUR	https://www.pmt.nl/over-pmt/zo-beleggen-we/waar-beleggen-we-in/aandelen-en-obligaties/#
Metal and Technology Pension Fund	Shin-Etsu Chemical Co Ltd	19.405.795	2025-12-31	EUR	https://www.pmt.nl/over-pmt/zo-beleggen-we/waar-beleggen-we-in/aandelen-en-obligaties/#
Metal and Technology Pension Fund	Shinhan Financial Group Co Ltd	8.966.487	2025-12-31	EUR	https://www.pmt.nl/over-pmt/zo-beleggen-we/waar-beleggen-we-in/aandelen-en-obligaties/#
Metal and Technology Pension Fund	Shionogi & Co Ltd	4.765.630	2025-12-31	EUR	https://www.pmt.nl/over-pmt/zo-beleggen-we/waar-beleggen-we-in/aandelen-en-obligaties/#
Metal and Technology Pension Fund	Shiseido Co Ltd	2.026.933	2025-12-31	EUR	https://www.pmt.nl/over-pmt/zo-beleggen-we/waar-beleggen-we-in/aandelen-en-obligaties/#
Metal and Technology Pension Fund	Shopify Inc	65.747.466	2025-12-31	EUR	https://www.pmt.nl/over-pmt/zo-beleggen-we/waar-beleggen-we-in/aandelen-en-obligaties/#
Metal and Technology Pension Fund	Shoprite Holdings Ltd	3.181.006	2025-12-31	EUR	https://www.pmt.nl/over-pmt/zo-beleggen-we/waar-beleggen-we-in/aandelen-en-obligaties/#
Metal and Technology Pension Fund	Shriram Finance Ltd	6.112.493	2025-12-31	EUR	https://www.pmt.nl/over-pmt/zo-beleggen-we/waar-beleggen-we-in/aandelen-en-obligaties/#
Metal and Technology Pension Fund	Shurgard Self Storage Ltd	15.852.238	2025-12-31	EUR	https://www.pmt.nl/over-pmt/zo-beleggen-we/waar-beleggen-we-in/aandelen-en-obligaties/#
Metal and Technology Pension Fund	Siam Cement PCL/The	1.977.048	2025-12-31	EUR	https://www.pmt.nl/over-pmt/zo-beleggen-we/waar-beleggen-we-in/aandelen-en-obligaties/#
Metal and Technology Pension Fund	Sichuan Biokin Pharmaceutical Co Ltd	259.393	2025-12-31	EUR	https://www.pmt.nl/over-pmt/zo-beleggen-we/waar-beleggen-we-in/aandelen-en-obligaties/#
Metal and Technology Pension Fund	Sichuan Kelun Pharmaceutical Co Ltd	200.977	2025-12-31	EUR	https://www.pmt.nl/over-pmt/zo-beleggen-we/waar-beleggen-we-in/aandelen-en-obligaties/#
Metal and Technology Pension Fund	Sichuan Kelun-Biotech Biopharmaceutical Co Ltd	879.536	2025-12-31	EUR	https://www.pmt.nl/over-pmt/zo-beleggen-we/waar-beleggen-we-in/aandelen-en-obligaties/#
Metal and Technology Pension Fund	Siemens AG	72.475.603	2025-12-31	EUR	https://www.pmt.nl/over-pmt/zo-beleggen-we/waar-beleggen-we-in/aandelen-en-obligaties/#
Metal and Technology Pension Fund	Siemens Energy AG	32.491.746	2025-12-31	EUR	https://www.pmt.nl/over-pmt/zo-beleggen-we/waar-beleggen-we-in/aandelen-en-obligaties/#
Metal and Technology Pension Fund	Siemens Healthineers AG	6.041.291	2025-12-31	EUR	https://www.pmt.nl/over-pmt/zo-beleggen-we/waar-beleggen-we-in/aandelen-en-obligaties/#
Metal and Technology Pension Fund	Siemens Ltd	1.133.776	2025-12-31	EUR	https://www.pmt.nl/over-pmt/zo-beleggen-we/waar-beleggen-we-in/aandelen-en-obligaties/#
Metal and Technology Pension Fund	Sigma Healthcare Ltd	3.116.457	2025-12-31	EUR	https://www.pmt.nl/over-pmt/zo-beleggen-we/waar-beleggen-we-in/aandelen-en-obligaties/#
Metal and Technology Pension Fund	Sika AG	10.592.503	2025-12-31	EUR	https://www.pmt.nl/over-pmt/zo-beleggen-we/waar-beleggen-we-in/aandelen-en-obligaties/#
Metal and Technology Pension Fund	Singapore Airlines Ltd	2.564.068	2025-12-31	EUR	https://www.pmt.nl/over-pmt/zo-beleggen-we/waar-beleggen-we-in/aandelen-en-obligaties/#
Metal and Technology Pension Fund	Singapore Exchange Ltd	3.786.481	2025-12-31	EUR	https://www.pmt.nl/over-pmt/zo-beleggen-we/waar-beleggen-we-in/aandelen-en-obligaties/#
Metal and Technology Pension Fund	Singapore Technologies Engineering Ltd	3.504.361	2025-12-31	EUR	https://www.pmt.nl/over-pmt/zo-beleggen-we/waar-beleggen-we-in/aandelen-en-obligaties/#
Metal and Technology Pension Fund	Singapore Telecommunications Ltd	9.146.996	2025-12-31	EUR	https://www.pmt.nl/over-pmt/zo-beleggen-we/waar-beleggen-we-in/aandelen-en-obligaties/#
Metal and Technology Pension Fund	Sino Biopharmaceutical Ltd	3.195.363	2025-12-31	EUR	https://www.pmt.nl/over-pmt/zo-beleggen-we/waar-beleggen-we-in/aandelen-en-obligaties/#
Metal and Technology Pension Fund	SinoPac Financial Holdings Co Ltd	4.279.830	2025-12-31	EUR	https://www.pmt.nl/over-pmt/zo-beleggen-we/waar-beleggen-we-in/aandelen-en-obligaties/#
Metal and Technology Pension Fund	Sirius Real Estate Ltd	4.411.613	2025-12-31	EUR	https://www.pmt.nl/over-pmt/zo-beleggen-we/waar-beleggen-we-in/aandelen-en-obligaties/#
Metal and Technology Pension Fund	SK Biopharmaceuticals Co Ltd	998.285	2025-12-31	EUR	https://www.pmt.nl/over-pmt/zo-beleggen-we/waar-beleggen-we-in/aandelen-en-obligaties/#
Metal and Technology Pension Fund	SK Hynix Inc	93.709.763	2025-12-31	EUR	https://www.pmt.nl/over-pmt/zo-beleggen-we/waar-beleggen-we-in/aandelen-en-obligaties/#
Metal and Technology Pension Fund	SK Inc	2.448.028	2025-12-31	EUR	https://www.pmt.nl/over-pmt/zo-beleggen-we/waar-beleggen-we-in/aandelen-en-obligaties/#
Metal and Technology Pension Fund	SK Square Co Ltd	9.063.108	2025-12-31	EUR	https://www.pmt.nl/over-pmt/zo-beleggen-we/waar-beleggen-we-in/aandelen-en-obligaties/#
Metal and Technology Pension Fund	SK Telecom Co Ltd	1.460.562	2025-12-31	EUR	https://www.pmt.nl/over-pmt/zo-beleggen-we/waar-beleggen-we-in/aandelen-en-obligaties/#
Metal and Technology Pension Fund	Skandinaviska Enskilda Banken AB	11.371.481	2025-12-31	EUR	https://www.pmt.nl/over-pmt/zo-beleggen-we/waar-beleggen-we-in/aandelen-en-obligaties/#
Metal and Technology Pension Fund	Skanska AB	3.169.631	2025-12-31	EUR	https://www.pmt.nl/over-pmt/zo-beleggen-we/waar-beleggen-we-in/aandelen-en-obligaties/#
Metal and Technology Pension Fund	SKF AB	3.057.823	2025-12-31	EUR	https://www.pmt.nl/over-pmt/zo-beleggen-we/waar-beleggen-we-in/aandelen-en-obligaties/#
Metal and Technology Pension Fund	SMC Corp	6.892.954	2025-12-31	EUR	https://www.pmt.nl/over-pmt/zo-beleggen-we/waar-beleggen-we-in/aandelen-en-obligaties/#
Metal and Technology Pension Fund	Smith & Nephew PLC	4.697.208	2025-12-31	EUR	https://www.pmt.nl/over-pmt/zo-beleggen-we/waar-beleggen-we-in/aandelen-en-obligaties/#
Metal and Technology Pension Fund	Smiths Group PLC	3.569.847	2025-12-31	EUR	https://www.pmt.nl/over-pmt/zo-beleggen-we/waar-beleggen-we-in/aandelen-en-obligaties/#
Metal and Technology Pension Fund	Snam SpA	4.539.704	2025-12-31	EUR	https://www.pmt.nl/over-pmt/zo-beleggen-we/waar-beleggen-we-in/aandelen-en-obligaties/#
Metal and Technology Pension Fund	Snap Inc	3.120.636	2025-12-31	EUR	https://www.pmt.nl/over-pmt/zo-beleggen-we/waar-beleggen-we-in/aandelen-en-obligaties/#
Metal and Technology Pension Fund	Snap-on Inc	5.969.507	2025-12-31	EUR	https://www.pmt.nl/over-pmt/zo-beleggen-we/waar-beleggen-we-in/aandelen-en-obligaties/#
Metal and Technology Pension Fund	Snowflake Inc	23.431.335	2025-12-31	EUR	https://www.pmt.nl/over-pmt/zo-beleggen-we/waar-beleggen-we-in/aandelen-en-obligaties/#
Metal and Technology Pension Fund	Sociedad Quimica y Minera de Chile SA	4.003.260	2025-12-31	EUR	https://www.pmt.nl/over-pmt/zo-beleggen-we/waar-beleggen-we-in/aandelen-en-obligaties/#
Metal and Technology Pension Fund	SoftBank Corp	13.504.027	2025-12-31	EUR	https://www.pmt.nl/over-pmt/zo-beleggen-we/waar-beleggen-we-in/aandelen-en-obligaties/#
Metal and Technology Pension Fund	SoftBank Group Corp	37.056.828	2025-12-31	EUR	https://www.pmt.nl/over-pmt/zo-beleggen-we/waar-beleggen-we-in/aandelen-en-obligaties/#
Metal and Technology Pension Fund	Solventum Corp	3.867.104	2025-12-31	EUR	https://www.pmt.nl/over-pmt/zo-beleggen-we/waar-beleggen-we-in/aandelen-en-obligaties/#
Metal and Technology Pension Fund	Sompo Holdings Inc	10.461.032	2025-12-31	EUR	https://www.pmt.nl/over-pmt/zo-beleggen-we/waar-beleggen-we-in/aandelen-en-obligaties/#
Metal and Technology Pension Fund	Sonic Healthcare Ltd	2.388.005	2025-12-31	EUR	https://www.pmt.nl/over-pmt/zo-beleggen-we/waar-beleggen-we-in/aandelen-en-obligaties/#
Metal and Technology Pension Fund	Sonova Holding AG	4.492.768	2025-12-31	EUR	https://www.pmt.nl/over-pmt/zo-beleggen-we/waar-beleggen-we-in/aandelen-en-obligaties/#
Metal and Technology Pension Fund	Sony Financial Group Inc	2.268.139	2025-12-31	EUR	https://www.pmt.nl/over-pmt/zo-beleggen-we/waar-beleggen-we-in/aandelen-en-obligaties/#
Metal and Technology Pension Fund	Sony Group Corp	54.603.718	2025-12-31	EUR	https://www.pmt.nl/over-pmt/zo-beleggen-we/waar-beleggen-we-in/aandelen-en-obligaties/#
Metal and Technology Pension Fund	Spirax Group PLC	2.270.209	2025-12-31	EUR	https://www.pmt.nl/over-pmt/zo-beleggen-we/waar-beleggen-we-in/aandelen-en-obligaties/#
Metal and Technology Pension Fund	Spotify Technology SA	30.148.760	2025-12-31	EUR	https://www.pmt.nl/over-pmt/zo-beleggen-we/waar-beleggen-we-in/aandelen-en-obligaties/#
Metal and Technology Pension Fund	Spring Airlines Co Ltd	326.961	2025-12-31	EUR	https://www.pmt.nl/over-pmt/zo-beleggen-we/waar-beleggen-we-in/aandelen-en-obligaties/#
Metal and Technology Pension Fund	SSE PLC	10.956.191	2025-12-31	EUR	https://www.pmt.nl/over-pmt/zo-beleggen-we/waar-beleggen-we-in/aandelen-en-obligaties/#
Metal and Technology Pension Fund	Standard Bank Group Ltd	8.909.335	2025-12-31	EUR	https://www.pmt.nl/over-pmt/zo-beleggen-we/waar-beleggen-we-in/aandelen-en-obligaties/#
Metal and Technology Pension Fund	Stantec Inc	3.551.723	2025-12-31	EUR	https://www.pmt.nl/over-pmt/zo-beleggen-we/waar-beleggen-we-in/aandelen-en-obligaties/#
Metal and Technology Pension Fund	Starbucks Corp	32.058.380	2025-12-31	EUR	https://www.pmt.nl/over-pmt/zo-beleggen-we/waar-beleggen-we-in/aandelen-en-obligaties/#
Metal and Technology Pension Fund	State Bank of India	7.796.600	2025-12-31	EUR	https://www.pmt.nl/over-pmt/zo-beleggen-we/waar-beleggen-we-in/aandelen-en-obligaties/#
Metal and Technology Pension Fund	State Street Corp	12.466.554	2025-12-31	EUR	https://www.pmt.nl/over-pmt/zo-beleggen-we/waar-beleggen-we-in/aandelen-en-obligaties/#
Metal and Technology Pension Fund	Steel Dynamics Inc	7.961.820	2025-12-31	EUR	https://www.pmt.nl/over-pmt/zo-beleggen-we/waar-beleggen-we-in/aandelen-en-obligaties/#
Metal and Technology Pension Fund	Stellantis NV	7.572.934	2025-12-31	EUR	https://www.pmt.nl/over-pmt/zo-beleggen-we/waar-beleggen-we-in/aandelen-en-obligaties/#
Metal and Technology Pension Fund	STERIS PLC	8.221.348	2025-12-31	EUR	https://www.pmt.nl/over-pmt/zo-beleggen-we/waar-beleggen-we-in/aandelen-en-obligaties/#
Metal and Technology Pension Fund	STMicroelectronics NV	6.041.117	2025-12-31	EUR	https://www.pmt.nl/over-pmt/zo-beleggen-we/waar-beleggen-we-in/aandelen-en-obligaties/#
Metal and Technology Pension Fund	StoneCo Ltd	1.210.200	2025-12-31	EUR	https://www.pmt.nl/over-pmt/zo-beleggen-we/waar-beleggen-we-in/aandelen-en-obligaties/#
Metal and Technology Pension Fund	Stora Enso OYJ	2.501.395	2025-12-31	EUR	https://www.pmt.nl/over-pmt/zo-beleggen-we/waar-beleggen-we-in/aandelen-en-obligaties/#
Metal and Technology Pension Fund	Strategy Inc	12.529.519	2025-12-31	EUR	https://www.pmt.nl/over-pmt/zo-beleggen-we/waar-beleggen-we-in/aandelen-en-obligaties/#
Metal and Technology Pension Fund	Straumann Holding AG	4.461.874	2025-12-31	EUR	https://www.pmt.nl/over-pmt/zo-beleggen-we/waar-beleggen-we-in/aandelen-en-obligaties/#
Metal and Technology Pension Fund	Stryker Corp	40.337.426	2025-12-31	EUR	https://www.pmt.nl/over-pmt/zo-beleggen-we/waar-beleggen-we-in/aandelen-en-obligaties/#
Metal and Technology Pension Fund	Subaru Corp	4.431.649	2025-12-31	EUR	https://www.pmt.nl/over-pmt/zo-beleggen-we/waar-beleggen-we-in/aandelen-en-obligaties/#
Metal and Technology Pension Fund	Sumitomo Corp	13.035.428	2025-12-31	EUR	https://www.pmt.nl/over-pmt/zo-beleggen-we/waar-beleggen-we-in/aandelen-en-obligaties/#
Metal and Technology Pension Fund	Sumitomo Electric Industries Ltd	9.939.872	2025-12-31	EUR	https://www.pmt.nl/over-pmt/zo-beleggen-we/waar-beleggen-we-in/aandelen-en-obligaties/#
Metal and Technology Pension Fund	Sumitomo Metal Mining Co Ltd	3.463.578	2025-12-31	EUR	https://www.pmt.nl/over-pmt/zo-beleggen-we/waar-beleggen-we-in/aandelen-en-obligaties/#
Metal and Technology Pension Fund	Sumitomo Mitsui Trust Group Inc	6.746.840	2025-12-31	EUR	https://www.pmt.nl/over-pmt/zo-beleggen-we/waar-beleggen-we-in/aandelen-en-obligaties/#
Metal and Technology Pension Fund	Sun Life Financial Inc	11.859.753	2025-12-31	EUR	https://www.pmt.nl/over-pmt/zo-beleggen-we/waar-beleggen-we-in/aandelen-en-obligaties/#
Metal and Technology Pension Fund	Sun Pharmaceutical Industries Ltd	6.992.475	2025-12-31	EUR	https://www.pmt.nl/over-pmt/zo-beleggen-we/waar-beleggen-we-in/aandelen-en-obligaties/#
Metal and Technology Pension Fund	Suncorp Group Ltd	4.459.261	2025-12-31	EUR	https://www.pmt.nl/over-pmt/zo-beleggen-we/waar-beleggen-we-in/aandelen-en-obligaties/#
Metal and Technology Pension Fund	Sundaram Finance Ltd	1.248.048	2025-12-31	EUR	https://www.pmt.nl/over-pmt/zo-beleggen-we/waar-beleggen-we-in/aandelen-en-obligaties/#
Metal and Technology Pension Fund	Sungrow Power Supply Co Ltd	1.292.504	2025-12-31	EUR	https://www.pmt.nl/over-pmt/zo-beleggen-we/waar-beleggen-we-in/aandelen-en-obligaties/#
Metal and Technology Pension Fund	Sunny Optical Technology Group Co Ltd	2.373.519	2025-12-31	EUR	https://www.pmt.nl/over-pmt/zo-beleggen-we/waar-beleggen-we-in/aandelen-en-obligaties/#
Metal and Technology Pension Fund	Suntory Beverage & Food Ltd	1.463.633	2025-12-31	EUR	https://www.pmt.nl/over-pmt/zo-beleggen-we/waar-beleggen-we-in/aandelen-en-obligaties/#
Metal and Technology Pension Fund	Sunway Bhd	1.409.849	2025-12-31	EUR	https://www.pmt.nl/over-pmt/zo-beleggen-we/waar-beleggen-we-in/aandelen-en-obligaties/#
Metal and Technology Pension Fund	Sunwoda Electronic Co Ltd	255.534	2025-12-31	EUR	https://www.pmt.nl/over-pmt/zo-beleggen-we/waar-beleggen-we-in/aandelen-en-obligaties/#
Metal and Technology Pension Fund	Supreme Industries Ltd	849.675	2025-12-31	EUR	https://www.pmt.nl/over-pmt/zo-beleggen-we/waar-beleggen-we-in/aandelen-en-obligaties/#
Metal and Technology Pension Fund	Suzhou Dongshan Precision Manufacturing Co Ltd	497.137	2025-12-31	EUR	https://www.pmt.nl/over-pmt/zo-beleggen-we/waar-beleggen-we-in/aandelen-en-obligaties/#
Metal and Technology Pension Fund	Suzlon Energy Ltd	2.355.781	2025-12-31	EUR	https://www.pmt.nl/over-pmt/zo-beleggen-we/waar-beleggen-we-in/aandelen-en-obligaties/#
Metal and Technology Pension Fund	Suzuki Motor Corp	8.080.560	2025-12-31	EUR	https://www.pmt.nl/over-pmt/zo-beleggen-we/waar-beleggen-we-in/aandelen-en-obligaties/#
Metal and Technology Pension Fund	Svenska Cellulosa AB SCA	2.753.999	2025-12-31	EUR	https://www.pmt.nl/over-pmt/zo-beleggen-we/waar-beleggen-we-in/aandelen-en-obligaties/#
Metal and Technology Pension Fund	Svenska Handelsbanken AB	7.186.428	2025-12-31	EUR	https://www.pmt.nl/over-pmt/zo-beleggen-we/waar-beleggen-we-in/aandelen-en-obligaties/#
Metal and Technology Pension Fund	Swatch Group AG/The	2.065.832	2025-12-31	EUR	https://www.pmt.nl/over-pmt/zo-beleggen-we/waar-beleggen-we-in/aandelen-en-obligaties/#
Metal and Technology Pension Fund	Swedbank AB	9.990.045	2025-12-31	EUR	https://www.pmt.nl/over-pmt/zo-beleggen-we/waar-beleggen-we-in/aandelen-en-obligaties/#
Metal and Technology Pension Fund	Swedish Orphan Biovitrum AB	2.376.291	2025-12-31	EUR	https://www.pmt.nl/over-pmt/zo-beleggen-we/waar-beleggen-we-in/aandelen-en-obligaties/#
Metal and Technology Pension Fund	Swiggy Ltd	1.354.232	2025-12-31	EUR	https://www.pmt.nl/over-pmt/zo-beleggen-we/waar-beleggen-we-in/aandelen-en-obligaties/#
Metal and Technology Pension Fund	Swiss Life Holding AG	11.215.405	2025-12-31	EUR	https://www.pmt.nl/over-pmt/zo-beleggen-we/waar-beleggen-we-in/aandelen-en-obligaties/#
Metal and Technology Pension Fund	Swiss Re AG	17.086.038	2025-12-31	EUR	https://www.pmt.nl/over-pmt/zo-beleggen-we/waar-beleggen-we-in/aandelen-en-obligaties/#
Metal and Technology Pension Fund	Swisscom AG	6.361.115	2025-12-31	EUR	https://www.pmt.nl/over-pmt/zo-beleggen-we/waar-beleggen-we-in/aandelen-en-obligaties/#
Metal and Technology Pension Fund	Syensqo SA	1.977.613	2025-12-31	EUR	https://www.pmt.nl/over-pmt/zo-beleggen-we/waar-beleggen-we-in/aandelen-en-obligaties/#
Metal and Technology Pension Fund	Symrise AG	3.647.058	2025-12-31	EUR	https://www.pmt.nl/over-pmt/zo-beleggen-we/waar-beleggen-we-in/aandelen-en-obligaties/#
Metal and Technology Pension Fund	Synchrony Financial	10.873.072	2025-12-31	EUR	https://www.pmt.nl/over-pmt/zo-beleggen-we/waar-beleggen-we-in/aandelen-en-obligaties/#
Metal and Technology Pension Fund	Synopsys Inc	29.132.679	2025-12-31	EUR	https://www.pmt.nl/over-pmt/zo-beleggen-we/waar-beleggen-we-in/aandelen-en-obligaties/#
Metal and Technology Pension Fund	Sysco Corp	11.900.265	2025-12-31	EUR	https://www.pmt.nl/over-pmt/zo-beleggen-we/waar-beleggen-we-in/aandelen-en-obligaties/#
Metal and Technology Pension Fund	Sysmex Corp	1.748.717	2025-12-31	EUR	https://www.pmt.nl/over-pmt/zo-beleggen-we/waar-beleggen-we-in/aandelen-en-obligaties/#
Metal and Technology Pension Fund	T Rowe Price Group Inc	7.516.381	2025-12-31	EUR	https://www.pmt.nl/over-pmt/zo-beleggen-we/waar-beleggen-we-in/aandelen-en-obligaties/#
Metal and Technology Pension Fund	T-Mobile US Inc	30.970.753	2025-12-31	EUR	https://www.pmt.nl/over-pmt/zo-beleggen-we/waar-beleggen-we-in/aandelen-en-obligaties/#
Metal and Technology Pension Fund	T&D Holdings Inc	3.872.461	2025-12-31	EUR	https://www.pmt.nl/over-pmt/zo-beleggen-we/waar-beleggen-we-in/aandelen-en-obligaties/#
Metal and Technology Pension Fund	Taisei Corp	5.125.267	2025-12-31	EUR	https://www.pmt.nl/over-pmt/zo-beleggen-we/waar-beleggen-we-in/aandelen-en-obligaties/#
Metal and Technology Pension Fund	Taiwan Mobile Co Ltd	2.278.683	2025-12-31	EUR	https://www.pmt.nl/over-pmt/zo-beleggen-we/waar-beleggen-we-in/aandelen-en-obligaties/#
Metal and Technology Pension Fund	Taiwan Semiconductor Manufacturing Co Ltd	105.512.468	2025-12-31	EUR	https://www.pmt.nl/over-pmt/zo-beleggen-we/waar-beleggen-we-in/aandelen-en-obligaties/#
Metal and Technology Pension Fund	Takeda Pharmaceutical Co Ltd	16.958.954	2025-12-31	EUR	https://www.pmt.nl/over-pmt/zo-beleggen-we/waar-beleggen-we-in/aandelen-en-obligaties/#
Metal and Technology Pension Fund	TAL Education Group	1.762.210	2025-12-31	EUR	https://www.pmt.nl/over-pmt/zo-beleggen-we/waar-beleggen-we-in/aandelen-en-obligaties/#
Metal and Technology Pension Fund	Talanx AG	2.938.999	2025-12-31	EUR	https://www.pmt.nl/over-pmt/zo-beleggen-we/waar-beleggen-we-in/aandelen-en-obligaties/#
Metal and Technology Pension Fund	Target Corp	14.863.377	2025-12-31	EUR	https://www.pmt.nl/over-pmt/zo-beleggen-we/waar-beleggen-we-in/aandelen-en-obligaties/#
Metal and Technology Pension Fund	Tata Communications Ltd	787.640	2025-12-31	EUR	https://www.pmt.nl/over-pmt/zo-beleggen-we/waar-beleggen-we-in/aandelen-en-obligaties/#
Metal and Technology Pension Fund	Tata Consultancy Services Ltd	12.132.149	2025-12-31	EUR	https://www.pmt.nl/over-pmt/zo-beleggen-we/waar-beleggen-we-in/aandelen-en-obligaties/#
Metal and Technology Pension Fund	TCC Group Holdings Co Ltd	2.147.624	2025-12-31	EUR	https://www.pmt.nl/over-pmt/zo-beleggen-we/waar-beleggen-we-in/aandelen-en-obligaties/#
Metal and Technology Pension Fund	TE Connectivity PLC	22.807.565	2025-12-31	EUR	https://www.pmt.nl/over-pmt/zo-beleggen-we/waar-beleggen-we-in/aandelen-en-obligaties/#
Metal and Technology Pension Fund	Tech Mahindra Ltd	3.455.015	2025-12-31	EUR	https://www.pmt.nl/over-pmt/zo-beleggen-we/waar-beleggen-we-in/aandelen-en-obligaties/#
Metal and Technology Pension Fund	Techtronic Industries Co Ltd	5.876.106	2025-12-31	EUR	https://www.pmt.nl/over-pmt/zo-beleggen-we/waar-beleggen-we-in/aandelen-en-obligaties/#
Metal and Technology Pension Fund	Teco Electric and Machinery Co Ltd	1.158.643	2025-12-31	EUR	https://www.pmt.nl/over-pmt/zo-beleggen-we/waar-beleggen-we-in/aandelen-en-obligaties/#
Metal and Technology Pension Fund	Tele2 AB	3.085.390	2025-12-31	EUR	https://www.pmt.nl/over-pmt/zo-beleggen-we/waar-beleggen-we-in/aandelen-en-obligaties/#
Metal and Technology Pension Fund	Telecom Italia SpA/Milano	2.176.853	2025-12-31	EUR	https://www.pmt.nl/over-pmt/zo-beleggen-we/waar-beleggen-we-in/aandelen-en-obligaties/#
Metal and Technology Pension Fund	Teledyne Technologies Inc	8.035.045	2025-12-31	EUR	https://www.pmt.nl/over-pmt/zo-beleggen-we/waar-beleggen-we-in/aandelen-en-obligaties/#
Metal and Technology Pension Fund	Telefonaktiebolaget LM Ericsson	9.220.088	2025-12-31	EUR	https://www.pmt.nl/over-pmt/zo-beleggen-we/waar-beleggen-we-in/aandelen-en-obligaties/#
Metal and Technology Pension Fund	Telefonica Brasil SA	2.090.602	2025-12-31	EUR	https://www.pmt.nl/over-pmt/zo-beleggen-we/waar-beleggen-we-in/aandelen-en-obligaties/#
Metal and Technology Pension Fund	Telefonica SA	5.118.062	2025-12-31	EUR	https://www.pmt.nl/over-pmt/zo-beleggen-we/waar-beleggen-we-in/aandelen-en-obligaties/#
Metal and Technology Pension Fund	Telekom Malaysia Bhd	897.063	2025-12-31	EUR	https://www.pmt.nl/over-pmt/zo-beleggen-we/waar-beleggen-we-in/aandelen-en-obligaties/#
Metal and Technology Pension Fund	Telenor ASA	3.048.064	2025-12-31	EUR	https://www.pmt.nl/over-pmt/zo-beleggen-we/waar-beleggen-we-in/aandelen-en-obligaties/#
Metal and Technology Pension Fund	Telia Co AB	3.388.091	2025-12-31	EUR	https://www.pmt.nl/over-pmt/zo-beleggen-we/waar-beleggen-we-in/aandelen-en-obligaties/#
Metal and Technology Pension Fund	Telkom Indonesia Persero Tbk PT	4.005.812	2025-12-31	EUR	https://www.pmt.nl/over-pmt/zo-beleggen-we/waar-beleggen-we-in/aandelen-en-obligaties/#
Metal and Technology Pension Fund	Telstra Group Ltd	4.468.308	2025-12-31	EUR	https://www.pmt.nl/over-pmt/zo-beleggen-we/waar-beleggen-we-in/aandelen-en-obligaties/#
Metal and Technology Pension Fund	TELUS Corp	2.153.911	2025-12-31	EUR	https://www.pmt.nl/over-pmt/zo-beleggen-we/waar-beleggen-we-in/aandelen-en-obligaties/#
Metal and Technology Pension Fund	Tencent Holdings Ltd	92.543.479	2025-12-31	EUR	https://www.pmt.nl/over-pmt/zo-beleggen-we/waar-beleggen-we-in/aandelen-en-obligaties/#
Metal and Technology Pension Fund	Tencent Music Entertainment Group	4.208.424	2025-12-31	EUR	https://www.pmt.nl/over-pmt/zo-beleggen-we/waar-beleggen-we-in/aandelen-en-obligaties/#
Metal and Technology Pension Fund	Teradyne Inc	10.498.667	2025-12-31	EUR	https://www.pmt.nl/over-pmt/zo-beleggen-we/waar-beleggen-we-in/aandelen-en-obligaties/#
Metal and Technology Pension Fund	Terna - Rete Elettrica Nazionale	5.066.175	2025-12-31	EUR	https://www.pmt.nl/over-pmt/zo-beleggen-we/waar-beleggen-we-in/aandelen-en-obligaties/#
Metal and Technology Pension Fund	Terumo Corp	6.667.362	2025-12-31	EUR	https://www.pmt.nl/over-pmt/zo-beleggen-we/waar-beleggen-we-in/aandelen-en-obligaties/#
Metal and Technology Pension Fund	Tesco PLC	13.506.132	2025-12-31	EUR	https://www.pmt.nl/over-pmt/zo-beleggen-we/waar-beleggen-we-in/aandelen-en-obligaties/#
Metal and Technology Pension Fund	Tesla Inc	435.030.819	2025-12-31	EUR	https://www.pmt.nl/over-pmt/zo-beleggen-we/waar-beleggen-we-in/aandelen-en-obligaties/#
Metal and Technology Pension Fund	Texas Instruments Inc	52.731.535	2025-12-31	EUR	https://www.pmt.nl/over-pmt/zo-beleggen-we/waar-beleggen-we-in/aandelen-en-obligaties/#
Metal and Technology Pension Fund	Thermo Fisher Scientific Inc	73.253.098	2025-12-31	EUR	https://www.pmt.nl/over-pmt/zo-beleggen-we/waar-beleggen-we-in/aandelen-en-obligaties/#
Metal and Technology Pension Fund	Thomson Reuters Corp	7.014.104	2025-12-31	EUR	https://www.pmt.nl/over-pmt/zo-beleggen-we/waar-beleggen-we-in/aandelen-en-obligaties/#
Metal and Technology Pension Fund	TIM SA/Brazil	1.208.638	2025-12-31	EUR	https://www.pmt.nl/over-pmt/zo-beleggen-we/waar-beleggen-we-in/aandelen-en-obligaties/#
Metal and Technology Pension Fund	TIS Inc	2.473.020	2025-12-31	EUR	https://www.pmt.nl/over-pmt/zo-beleggen-we/waar-beleggen-we-in/aandelen-en-obligaties/#
Metal and Technology Pension Fund	TMBThanachart Bank PCL	466.488	2025-12-31	EUR	https://www.pmt.nl/over-pmt/zo-beleggen-we/waar-beleggen-we-in/aandelen-en-obligaties/#
Metal and Technology Pension Fund	TMX Group Ltd	3.492.425	2025-12-31	EUR	https://www.pmt.nl/over-pmt/zo-beleggen-we/waar-beleggen-we-in/aandelen-en-obligaties/#
Metal and Technology Pension Fund	Toast Inc	5.381.151	2025-12-31	EUR	https://www.pmt.nl/over-pmt/zo-beleggen-we/waar-beleggen-we-in/aandelen-en-obligaties/#
Metal and Technology Pension Fund	Toho Co Ltd/Tokyo	1.981.029	2025-12-31	EUR	https://www.pmt.nl/over-pmt/zo-beleggen-we/waar-beleggen-we-in/aandelen-en-obligaties/#
Metal and Technology Pension Fund	Tokio Marine Holdings Inc	23.572.720	2025-12-31	EUR	https://www.pmt.nl/over-pmt/zo-beleggen-we/waar-beleggen-we-in/aandelen-en-obligaties/#
Metal and Technology Pension Fund	Tokyo Electron Ltd	33.930.517	2025-12-31	EUR	https://www.pmt.nl/over-pmt/zo-beleggen-we/waar-beleggen-we-in/aandelen-en-obligaties/#
Metal and Technology Pension Fund	Tokyo Gas Co Ltd	4.553.747	2025-12-31	EUR	https://www.pmt.nl/over-pmt/zo-beleggen-we/waar-beleggen-we-in/aandelen-en-obligaties/#
Metal and Technology Pension Fund	Tokyu Corp	2.036.877	2025-12-31	EUR	https://www.pmt.nl/over-pmt/zo-beleggen-we/waar-beleggen-we-in/aandelen-en-obligaties/#
Metal and Technology Pension Fund	Tongcheng Travel Holdings Ltd	1.346.209	2025-12-31	EUR	https://www.pmt.nl/over-pmt/zo-beleggen-we/waar-beleggen-we-in/aandelen-en-obligaties/#
Metal and Technology Pension Fund	TOPPAN Holdings Inc	2.473.691	2025-12-31	EUR	https://www.pmt.nl/over-pmt/zo-beleggen-we/waar-beleggen-we-in/aandelen-en-obligaties/#
Metal and Technology Pension Fund	Toray Industries Inc	3.106.723	2025-12-31	EUR	https://www.pmt.nl/over-pmt/zo-beleggen-we/waar-beleggen-we-in/aandelen-en-obligaties/#
Metal and Technology Pension Fund	Toromont Industries Ltd	3.239.104	2025-12-31	EUR	https://www.pmt.nl/over-pmt/zo-beleggen-we/waar-beleggen-we-in/aandelen-en-obligaties/#
Metal and Technology Pension Fund	Torrent Pharmaceuticals Ltd	1.879.759	2025-12-31	EUR	https://www.pmt.nl/over-pmt/zo-beleggen-we/waar-beleggen-we-in/aandelen-en-obligaties/#
Metal and Technology Pension Fund	Torrent Power Ltd	1.032.955	2025-12-31	EUR	https://www.pmt.nl/over-pmt/zo-beleggen-we/waar-beleggen-we-in/aandelen-en-obligaties/#
Metal and Technology Pension Fund	TOTVS SA	1.666.017	2025-12-31	EUR	https://www.pmt.nl/over-pmt/zo-beleggen-we/waar-beleggen-we-in/aandelen-en-obligaties/#
Metal and Technology Pension Fund	Toyota Industries Corp	6.410.698	2025-12-31	EUR	https://www.pmt.nl/over-pmt/zo-beleggen-we/waar-beleggen-we-in/aandelen-en-obligaties/#
Metal and Technology Pension Fund	Toyota Motor Corp	70.175.708	2025-12-31	EUR	https://www.pmt.nl/over-pmt/zo-beleggen-we/waar-beleggen-we-in/aandelen-en-obligaties/#
Metal and Technology Pension Fund	Toyota Tsusho Corp	7.414.403	2025-12-31	EUR	https://www.pmt.nl/over-pmt/zo-beleggen-we/waar-beleggen-we-in/aandelen-en-obligaties/#
Metal and Technology Pension Fund	Tractor Supply Co	8.923.237	2025-12-31	EUR	https://www.pmt.nl/over-pmt/zo-beleggen-we/waar-beleggen-we-in/aandelen-en-obligaties/#
Metal and Technology Pension Fund	Trade Desk Inc/The	5.665.606	2025-12-31	EUR	https://www.pmt.nl/over-pmt/zo-beleggen-we/waar-beleggen-we-in/aandelen-en-obligaties/#
Metal and Technology Pension Fund	Trane Technologies plc	29.164.566	2025-12-31	EUR	https://www.pmt.nl/over-pmt/zo-beleggen-we/waar-beleggen-we-in/aandelen-en-obligaties/#
Metal and Technology Pension Fund	TransDigm Group Inc	24.866.819	2025-12-31	EUR	https://www.pmt.nl/over-pmt/zo-beleggen-we/waar-beleggen-we-in/aandelen-en-obligaties/#
Metal and Technology Pension Fund	TransUnion	5.526.638	2025-12-31	EUR	https://www.pmt.nl/over-pmt/zo-beleggen-we/waar-beleggen-we-in/aandelen-en-obligaties/#
Metal and Technology Pension Fund	Transurban Group	10.153.260	2025-12-31	EUR	https://www.pmt.nl/over-pmt/zo-beleggen-we/waar-beleggen-we-in/aandelen-en-obligaties/#
Metal and Technology Pension Fund	Travelers Cos Inc/The	22.111.935	2025-12-31	EUR	https://www.pmt.nl/over-pmt/zo-beleggen-we/waar-beleggen-we-in/aandelen-en-obligaties/#
Metal and Technology Pension Fund	Trelleborg AB	2.936.309	2025-12-31	EUR	https://www.pmt.nl/over-pmt/zo-beleggen-we/waar-beleggen-we-in/aandelen-en-obligaties/#
Metal and Technology Pension Fund	Trend Micro Inc/Japan	1.833.100	2025-12-31	EUR	https://www.pmt.nl/over-pmt/zo-beleggen-we/waar-beleggen-we-in/aandelen-en-obligaties/#
Metal and Technology Pension Fund	Trent Ltd	3.347.110	2025-12-31	EUR	https://www.pmt.nl/over-pmt/zo-beleggen-we/waar-beleggen-we-in/aandelen-en-obligaties/#
Metal and Technology Pension Fund	Trimble Inc	6.368.669	2025-12-31	EUR	https://www.pmt.nl/over-pmt/zo-beleggen-we/waar-beleggen-we-in/aandelen-en-obligaties/#
Metal and Technology Pension Fund	Trip.com Group Ltd	16.778.237	2025-12-31	EUR	https://www.pmt.nl/over-pmt/zo-beleggen-we/waar-beleggen-we-in/aandelen-en-obligaties/#
Metal and Technology Pension Fund	True Corp PCL	1.111.178	2025-12-31	EUR	https://www.pmt.nl/over-pmt/zo-beleggen-we/waar-beleggen-we-in/aandelen-en-obligaties/#
Metal and Technology Pension Fund	Truist Financial Corp	21.675.948	2025-12-31	EUR	https://www.pmt.nl/over-pmt/zo-beleggen-we/waar-beleggen-we-in/aandelen-en-obligaties/#
Metal and Technology Pension Fund	Tryg A/S	3.022.257	2025-12-31	EUR	https://www.pmt.nl/over-pmt/zo-beleggen-we/waar-beleggen-we-in/aandelen-en-obligaties/#
Metal and Technology Pension Fund	TS Financial Holding Co Ltd	5.068.391	2025-12-31	EUR	https://www.pmt.nl/over-pmt/zo-beleggen-we/waar-beleggen-we-in/aandelen-en-obligaties/#
Metal and Technology Pension Fund	Tube Investments of India Ltd	1.198.324	2025-12-31	EUR	https://www.pmt.nl/over-pmt/zo-beleggen-we/waar-beleggen-we-in/aandelen-en-obligaties/#
Metal and Technology Pension Fund	Turkcell Iletisim Hizmetleri AS	937.212	2025-12-31	EUR	https://www.pmt.nl/over-pmt/zo-beleggen-we/waar-beleggen-we-in/aandelen-en-obligaties/#
Metal and Technology Pension Fund	Turkiye Is Bankasi AS	1.010.035	2025-12-31	EUR	https://www.pmt.nl/over-pmt/zo-beleggen-we/waar-beleggen-we-in/aandelen-en-obligaties/#
Metal and Technology Pension Fund	TVS Motor Co Ltd	3.848.217	2025-12-31	EUR	https://www.pmt.nl/over-pmt/zo-beleggen-we/waar-beleggen-we-in/aandelen-en-obligaties/#
Metal and Technology Pension Fund	Twilio Inc	6.826.963	2025-12-31	EUR	https://www.pmt.nl/over-pmt/zo-beleggen-we/waar-beleggen-we-in/aandelen-en-obligaties/#
Metal and Technology Pension Fund	Tyler Technologies Inc	6.475.006	2025-12-31	EUR	https://www.pmt.nl/over-pmt/zo-beleggen-we/waar-beleggen-we-in/aandelen-en-obligaties/#
Metal and Technology Pension Fund	Uber Technologies Inc	51.533.758	2025-12-31	EUR	https://www.pmt.nl/over-pmt/zo-beleggen-we/waar-beleggen-we-in/aandelen-en-obligaties/#
Metal and Technology Pension Fund	UBS Group AG	52.134.612	2025-12-31	EUR	https://www.pmt.nl/over-pmt/zo-beleggen-we/waar-beleggen-we-in/aandelen-en-obligaties/#
Metal and Technology Pension Fund	UCB SA	11.973.425	2025-12-31	EUR	https://www.pmt.nl/over-pmt/zo-beleggen-we/waar-beleggen-we-in/aandelen-en-obligaties/#
Metal and Technology Pension Fund	Ulta Beauty Inc	9.210.246	2025-12-31	EUR	https://www.pmt.nl/over-pmt/zo-beleggen-we/waar-beleggen-we-in/aandelen-en-obligaties/#
Metal and Technology Pension Fund	UniCredit SpA	39.687.825	2025-12-31	EUR	https://www.pmt.nl/over-pmt/zo-beleggen-we/waar-beleggen-we-in/aandelen-en-obligaties/#
Metal and Technology Pension Fund	Unilever PLC	49.376.561	2025-12-31	EUR	https://www.pmt.nl/over-pmt/zo-beleggen-we/waar-beleggen-we-in/aandelen-en-obligaties/#
Metal and Technology Pension Fund	Unimicron Technology Corp	3.433.979	2025-12-31	EUR	https://www.pmt.nl/over-pmt/zo-beleggen-we/waar-beleggen-we-in/aandelen-en-obligaties/#
Metal and Technology Pension Fund	Union Bank of India Ltd	984.956	2025-12-31	EUR	https://www.pmt.nl/over-pmt/zo-beleggen-we/waar-beleggen-we-in/aandelen-en-obligaties/#
Metal and Technology Pension Fund	Union Pacific Corp	46.326.830	2025-12-31	EUR	https://www.pmt.nl/over-pmt/zo-beleggen-we/waar-beleggen-we-in/aandelen-en-obligaties/#
Metal and Technology Pension Fund	Unipol Assicurazioni SPA	2.913.535	2025-12-31	EUR	https://www.pmt.nl/over-pmt/zo-beleggen-we/waar-beleggen-we-in/aandelen-en-obligaties/#
Metal and Technology Pension Fund	United Airlines Holdings Inc	3.266.292	2025-12-31	EUR	https://www.pmt.nl/over-pmt/zo-beleggen-we/waar-beleggen-we-in/aandelen-en-obligaties/#
Metal and Technology Pension Fund	United Microelectronics Corp	6.739.847	2025-12-31	EUR	https://www.pmt.nl/over-pmt/zo-beleggen-we/waar-beleggen-we-in/aandelen-en-obligaties/#
Metal and Technology Pension Fund	United Overseas Bank Ltd	11.859.605	2025-12-31	EUR	https://www.pmt.nl/over-pmt/zo-beleggen-we/waar-beleggen-we-in/aandelen-en-obligaties/#
Metal and Technology Pension Fund	United Parcel Service Inc	24.493.161	2025-12-31	EUR	https://www.pmt.nl/over-pmt/zo-beleggen-we/waar-beleggen-we-in/aandelen-en-obligaties/#
Metal and Technology Pension Fund	United Rentals Inc	17.929.148	2025-12-31	EUR	https://www.pmt.nl/over-pmt/zo-beleggen-we/waar-beleggen-we-in/aandelen-en-obligaties/#
Metal and Technology Pension Fund	United Spirits Ltd	1.782.817	2025-12-31	EUR	https://www.pmt.nl/over-pmt/zo-beleggen-we/waar-beleggen-we-in/aandelen-en-obligaties/#
Metal and Technology Pension Fund	United Utilities Group PLC	3.718.774	2025-12-31	EUR	https://www.pmt.nl/over-pmt/zo-beleggen-we/waar-beleggen-we-in/aandelen-en-obligaties/#
Metal and Technology Pension Fund	UnitedHealth Group Inc	100.876.298	2025-12-31	EUR	https://www.pmt.nl/over-pmt/zo-beleggen-we/waar-beleggen-we-in/aandelen-en-obligaties/#
Metal and Technology Pension Fund	Universal Music Group NV	9.710.397	2025-12-31	EUR	https://www.pmt.nl/over-pmt/zo-beleggen-we/waar-beleggen-we-in/aandelen-en-obligaties/#
Metal and Technology Pension Fund	UPM-Kymmene OYJ	5.262.917	2025-12-31	EUR	https://www.pmt.nl/over-pmt/zo-beleggen-we/waar-beleggen-we-in/aandelen-en-obligaties/#
Metal and Technology Pension Fund	US Bancorp	27.773.506	2025-12-31	EUR	https://www.pmt.nl/over-pmt/zo-beleggen-we/waar-beleggen-we-in/aandelen-en-obligaties/#
Metal and Technology Pension Fund	VAT Group AG	4.464.081	2025-12-31	EUR	https://www.pmt.nl/over-pmt/zo-beleggen-we/waar-beleggen-we-in/aandelen-en-obligaties/#
Metal and Technology Pension Fund	Veeva Systems Inc	11.517.600	2025-12-31	EUR	https://www.pmt.nl/over-pmt/zo-beleggen-we/waar-beleggen-we-in/aandelen-en-obligaties/#
Metal and Technology Pension Fund	Veralto Corp	8.331.411	2025-12-31	EUR	https://www.pmt.nl/over-pmt/zo-beleggen-we/waar-beleggen-we-in/aandelen-en-obligaties/#
Metal and Technology Pension Fund	Verbund AG	1.637.358	2025-12-31	EUR	https://www.pmt.nl/over-pmt/zo-beleggen-we/waar-beleggen-we-in/aandelen-en-obligaties/#
Metal and Technology Pension Fund	VeriSign Inc	6.799.994	2025-12-31	EUR	https://www.pmt.nl/over-pmt/zo-beleggen-we/waar-beleggen-we-in/aandelen-en-obligaties/#
Metal and Technology Pension Fund	Verisk Analytics Inc	10.474.356	2025-12-31	EUR	https://www.pmt.nl/over-pmt/zo-beleggen-we/waar-beleggen-we-in/aandelen-en-obligaties/#
Metal and Technology Pension Fund	Verizon Communications Inc	57.418.289	2025-12-31	EUR	https://www.pmt.nl/over-pmt/zo-beleggen-we/waar-beleggen-we-in/aandelen-en-obligaties/#
Metal and Technology Pension Fund	Vestas Wind Systems A/S	9.304.399	2025-12-31	EUR	https://www.pmt.nl/over-pmt/zo-beleggen-we/waar-beleggen-we-in/aandelen-en-obligaties/#
Metal and Technology Pension Fund	Vibra Energia SA	1.926.587	2025-12-31	EUR	https://www.pmt.nl/over-pmt/zo-beleggen-we/waar-beleggen-we-in/aandelen-en-obligaties/#
Metal and Technology Pension Fund	Vinci SA	23.590.665	2025-12-31	EUR	https://www.pmt.nl/over-pmt/zo-beleggen-we/waar-beleggen-we-in/aandelen-en-obligaties/#
Metal and Technology Pension Fund	Visa Inc	202.083.256	2025-12-31	EUR	https://www.pmt.nl/over-pmt/zo-beleggen-we/waar-beleggen-we-in/aandelen-en-obligaties/#
Metal and Technology Pension Fund	Vishal Mega Mart Ltd	973.515	2025-12-31	EUR	https://www.pmt.nl/over-pmt/zo-beleggen-we/waar-beleggen-we-in/aandelen-en-obligaties/#
Metal and Technology Pension Fund	Vodacom Group Ltd	1.806.309	2025-12-31	EUR	https://www.pmt.nl/over-pmt/zo-beleggen-we/waar-beleggen-we-in/aandelen-en-obligaties/#
Metal and Technology Pension Fund	Vodafone Group PLC	8.964.732	2025-12-31	EUR	https://www.pmt.nl/over-pmt/zo-beleggen-we/waar-beleggen-we-in/aandelen-en-obligaties/#
Metal and Technology Pension Fund	Voltas Ltd	1.024.522	2025-12-31	EUR	https://www.pmt.nl/over-pmt/zo-beleggen-we/waar-beleggen-we-in/aandelen-en-obligaties/#
Metal and Technology Pension Fund	Volvo AB	17.229.541	2025-12-31	EUR	https://www.pmt.nl/over-pmt/zo-beleggen-we/waar-beleggen-we-in/aandelen-en-obligaties/#
Metal and Technology Pension Fund	Vulcan Materials Co	12.566.000	2025-12-31	EUR	https://www.pmt.nl/over-pmt/zo-beleggen-we/waar-beleggen-we-in/aandelen-en-obligaties/#
Metal and Technology Pension Fund	W R Berkley Corp	7.027.762	2025-12-31	EUR	https://www.pmt.nl/over-pmt/zo-beleggen-we/waar-beleggen-we-in/aandelen-en-obligaties/#
Metal and Technology Pension Fund	Wal-Mart de Mexico SAB de CV	6.088.267	2025-12-31	EUR	https://www.pmt.nl/over-pmt/zo-beleggen-we/waar-beleggen-we-in/aandelen-en-obligaties/#
Metal and Technology Pension Fund	WALT DISNEY CO/THE	68.706.250	2025-12-31	EUR	https://www.pmt.nl/over-pmt/zo-beleggen-we/waar-beleggen-we-in/aandelen-en-obligaties/#
Metal and Technology Pension Fund	Warner Bros Discovery Inc	22.831.099	2025-12-31	EUR	https://www.pmt.nl/over-pmt/zo-beleggen-we/waar-beleggen-we-in/aandelen-en-obligaties/#
Metal and Technology Pension Fund	Waste Connections Inc	15.075.630	2025-12-31	EUR	https://www.pmt.nl/over-pmt/zo-beleggen-we/waar-beleggen-we-in/aandelen-en-obligaties/#
Metal and Technology Pension Fund	Waste Management Inc	29.657.716	2025-12-31	EUR	https://www.pmt.nl/over-pmt/zo-beleggen-we/waar-beleggen-we-in/aandelen-en-obligaties/#
Metal and Technology Pension Fund	Waters Corp	7.446.537	2025-12-31	EUR	https://www.pmt.nl/over-pmt/zo-beleggen-we/waar-beleggen-we-in/aandelen-en-obligaties/#
Metal and Technology Pension Fund	Watsco Inc	3.885.490	2025-12-31	EUR	https://www.pmt.nl/over-pmt/zo-beleggen-we/waar-beleggen-we-in/aandelen-en-obligaties/#
Metal and Technology Pension Fund	Wells Fargo & Co	101.779.606	2025-12-31	EUR	https://www.pmt.nl/over-pmt/zo-beleggen-we/waar-beleggen-we-in/aandelen-en-obligaties/#
Metal and Technology Pension Fund	Wesfarmers Ltd	21.235.847	2025-12-31	EUR	https://www.pmt.nl/over-pmt/zo-beleggen-we/waar-beleggen-we-in/aandelen-en-obligaties/#
Metal and Technology Pension Fund	West Japan Railway Co	3.071.845	2025-12-31	EUR	https://www.pmt.nl/over-pmt/zo-beleggen-we/waar-beleggen-we-in/aandelen-en-obligaties/#
Metal and Technology Pension Fund	West Pharmaceutical Services Inc	6.562.878	2025-12-31	EUR	https://www.pmt.nl/over-pmt/zo-beleggen-we/waar-beleggen-we-in/aandelen-en-obligaties/#
Metal and Technology Pension Fund	Western Digital Corp	20.112.957	2025-12-31	EUR	https://www.pmt.nl/over-pmt/zo-beleggen-we/waar-beleggen-we-in/aandelen-en-obligaties/#
Metal and Technology Pension Fund	Westinghouse Air Brake Technologies Corp	12.215.603	2025-12-31	EUR	https://www.pmt.nl/over-pmt/zo-beleggen-we/waar-beleggen-we-in/aandelen-en-obligaties/#
Metal and Technology Pension Fund	Westpac Banking Corp	30.488.893	2025-12-31	EUR	https://www.pmt.nl/over-pmt/zo-beleggen-we/waar-beleggen-we-in/aandelen-en-obligaties/#
Metal and Technology Pension Fund	Wheaton Precious Metals Corp	17.625.215	2025-12-31	EUR	https://www.pmt.nl/over-pmt/zo-beleggen-we/waar-beleggen-we-in/aandelen-en-obligaties/#
Metal and Technology Pension Fund	Whitbread PLC	2.035.386	2025-12-31	EUR	https://www.pmt.nl/over-pmt/zo-beleggen-we/waar-beleggen-we-in/aandelen-en-obligaties/#
Metal and Technology Pension Fund	Williams-Sonoma Inc	7.277.415	2025-12-31	EUR	https://www.pmt.nl/over-pmt/zo-beleggen-we/waar-beleggen-we-in/aandelen-en-obligaties/#
Metal and Technology Pension Fund	Willis Towers Watson PLC	10.948.484	2025-12-31	EUR	https://www.pmt.nl/over-pmt/zo-beleggen-we/waar-beleggen-we-in/aandelen-en-obligaties/#
Metal and Technology Pension Fund	Wingtech Technology Co Ltd	139.449	2025-12-31	EUR	https://www.pmt.nl/over-pmt/zo-beleggen-we/waar-beleggen-we-in/aandelen-en-obligaties/#
Metal and Technology Pension Fund	Wipro Ltd	3.060.322	2025-12-31	EUR	https://www.pmt.nl/over-pmt/zo-beleggen-we/waar-beleggen-we-in/aandelen-en-obligaties/#
Metal and Technology Pension Fund	Wise PLC	2.684.409	2025-12-31	EUR	https://www.pmt.nl/over-pmt/zo-beleggen-we/waar-beleggen-we-in/aandelen-en-obligaties/#
Metal and Technology Pension Fund	WiseTech Global Ltd	3.160.658	2025-12-31	EUR	https://www.pmt.nl/over-pmt/zo-beleggen-we/waar-beleggen-we-in/aandelen-en-obligaties/#
Metal and Technology Pension Fund	Wistron Corp	5.493.594	2025-12-31	EUR	https://www.pmt.nl/over-pmt/zo-beleggen-we/waar-beleggen-we-in/aandelen-en-obligaties/#
Metal and Technology Pension Fund	Wolters Kluwer NV	8.361.558	2025-12-31	EUR	https://www.pmt.nl/over-pmt/zo-beleggen-we/waar-beleggen-we-in/aandelen-en-obligaties/#
Metal and Technology Pension Fund	Woolworths Group Ltd	8.261.448	2025-12-31	EUR	https://www.pmt.nl/over-pmt/zo-beleggen-we/waar-beleggen-we-in/aandelen-en-obligaties/#
Metal and Technology Pension Fund	Woori Financial Group Inc	4.660.069	2025-12-31	EUR	https://www.pmt.nl/over-pmt/zo-beleggen-we/waar-beleggen-we-in/aandelen-en-obligaties/#
Metal and Technology Pension Fund	Workday Inc	15.402.640	2025-12-31	EUR	https://www.pmt.nl/over-pmt/zo-beleggen-we/waar-beleggen-we-in/aandelen-en-obligaties/#
Metal and Technology Pension Fund	WSP Global Inc	7.957.148	2025-12-31	EUR	https://www.pmt.nl/over-pmt/zo-beleggen-we/waar-beleggen-we-in/aandelen-en-obligaties/#
Metal and Technology Pension Fund	WuXi AppTec Co Ltd	2.696.877	2025-12-31	EUR	https://www.pmt.nl/over-pmt/zo-beleggen-we/waar-beleggen-we-in/aandelen-en-obligaties/#
Metal and Technology Pension Fund	Wuxi Biologics Cayman Inc	5.361.924	2025-12-31	EUR	https://www.pmt.nl/over-pmt/zo-beleggen-we/waar-beleggen-we-in/aandelen-en-obligaties/#
Metal and Technology Pension Fund	WuXi XDC Cayman Inc	1.033.401	2025-12-31	EUR	https://www.pmt.nl/over-pmt/zo-beleggen-we/waar-beleggen-we-in/aandelen-en-obligaties/#
Metal and Technology Pension Fund	WW Grainger Inc	15.402.307	2025-12-31	EUR	https://www.pmt.nl/over-pmt/zo-beleggen-we/waar-beleggen-we-in/aandelen-en-obligaties/#
Metal and Technology Pension Fund	Xcel Energy Inc	14.177.384	2025-12-31	EUR	https://www.pmt.nl/over-pmt/zo-beleggen-we/waar-beleggen-we-in/aandelen-en-obligaties/#
Metal and Technology Pension Fund	Xero Ltd	3.850.667	2025-12-31	EUR	https://www.pmt.nl/over-pmt/zo-beleggen-we/waar-beleggen-we-in/aandelen-en-obligaties/#
Metal and Technology Pension Fund	Xiaomi Corp	32.973.772	2025-12-31	EUR	https://www.pmt.nl/over-pmt/zo-beleggen-we/waar-beleggen-we-in/aandelen-en-obligaties/#
Metal and Technology Pension Fund	Xinyi Solar Holdings Ltd	788.217	2025-12-31	EUR	https://www.pmt.nl/over-pmt/zo-beleggen-we/waar-beleggen-we-in/aandelen-en-obligaties/#
Metal and Technology Pension Fund	XP Inc	2.564.673	2025-12-31	EUR	https://www.pmt.nl/over-pmt/zo-beleggen-we/waar-beleggen-we-in/aandelen-en-obligaties/#
Metal and Technology Pension Fund	XPeng Inc	4.814.141	2025-12-31	EUR	https://www.pmt.nl/over-pmt/zo-beleggen-we/waar-beleggen-we-in/aandelen-en-obligaties/#
Metal and Technology Pension Fund	Xylem Inc/NY	11.078.880	2025-12-31	EUR	https://www.pmt.nl/over-pmt/zo-beleggen-we/waar-beleggen-we-in/aandelen-en-obligaties/#
Metal and Technology Pension Fund	Yadea Group Holdings Ltd	669.167	2025-12-31	EUR	https://www.pmt.nl/over-pmt/zo-beleggen-we/waar-beleggen-we-in/aandelen-en-obligaties/#
Metal and Technology Pension Fund	Yageo Corp	4.739.363	2025-12-31	EUR	https://www.pmt.nl/over-pmt/zo-beleggen-we/waar-beleggen-we-in/aandelen-en-obligaties/#
Metal and Technology Pension Fund	Yamaha Motor Co Ltd	2.375.194	2025-12-31	EUR	https://www.pmt.nl/over-pmt/zo-beleggen-we/waar-beleggen-we-in/aandelen-en-obligaties/#
Metal and Technology Pension Fund	Yapi ve Kredi Bankasi AS	1.278.915	2025-12-31	EUR	https://www.pmt.nl/over-pmt/zo-beleggen-we/waar-beleggen-we-in/aandelen-en-obligaties/#
Metal and Technology Pension Fund	Yara International ASA	2.284.592	2025-12-31	EUR	https://www.pmt.nl/over-pmt/zo-beleggen-we/waar-beleggen-we-in/aandelen-en-obligaties/#
Metal and Technology Pension Fund	Yealink Network Technology Corp Ltd	145.080	2025-12-31	EUR	https://www.pmt.nl/over-pmt/zo-beleggen-we/waar-beleggen-we-in/aandelen-en-obligaties/#
Metal and Technology Pension Fund	Yes Bank Ltd	1.493.322	2025-12-31	EUR	https://www.pmt.nl/over-pmt/zo-beleggen-we/waar-beleggen-we-in/aandelen-en-obligaties/#
Metal and Technology Pension Fund	Yokogawa Electric Corp	2.536.758	2025-12-31	EUR	https://www.pmt.nl/over-pmt/zo-beleggen-we/waar-beleggen-we-in/aandelen-en-obligaties/#
Metal and Technology Pension Fund	Yokohama Financial Group Inc	2.935.666	2025-12-31	EUR	https://www.pmt.nl/over-pmt/zo-beleggen-we/waar-beleggen-we-in/aandelen-en-obligaties/#
Metal and Technology Pension Fund	Yonyou Network Technology Co Ltd	223.121	2025-12-31	EUR	https://www.pmt.nl/over-pmt/zo-beleggen-we/waar-beleggen-we-in/aandelen-en-obligaties/#
Metal and Technology Pension Fund	YTL Corp Bhd	645.864	2025-12-31	EUR	https://www.pmt.nl/over-pmt/zo-beleggen-we/waar-beleggen-we-in/aandelen-en-obligaties/#
Metal and Technology Pension Fund	YTL Power International Bhd	798.687	2025-12-31	EUR	https://www.pmt.nl/over-pmt/zo-beleggen-we/waar-beleggen-we-in/aandelen-en-obligaties/#
Metal and Technology Pension Fund	Yuanta Financial Holding Co Ltd	5.171.844	2025-12-31	EUR	https://www.pmt.nl/over-pmt/zo-beleggen-we/waar-beleggen-we-in/aandelen-en-obligaties/#
Metal and Technology Pension Fund	Yuhan Corp	1.615.458	2025-12-31	EUR	https://www.pmt.nl/over-pmt/zo-beleggen-we/waar-beleggen-we-in/aandelen-en-obligaties/#
Metal and Technology Pension Fund	Yum China Holdings Inc	6.671.074	2025-12-31	EUR	https://www.pmt.nl/over-pmt/zo-beleggen-we/waar-beleggen-we-in/aandelen-en-obligaties/#
Metal and Technology Pension Fund	Yum! Brands Inc	14.060.816	2025-12-31	EUR	https://www.pmt.nl/over-pmt/zo-beleggen-we/waar-beleggen-we-in/aandelen-en-obligaties/#
Metal and Technology Pension Fund	Zabka Group SA	722.198	2025-12-31	EUR	https://www.pmt.nl/over-pmt/zo-beleggen-we/waar-beleggen-we-in/aandelen-en-obligaties/#
Metal and Technology Pension Fund	Zalando SE	2.246.163	2025-12-31	EUR	https://www.pmt.nl/over-pmt/zo-beleggen-we/waar-beleggen-we-in/aandelen-en-obligaties/#
Metal and Technology Pension Fund	Zangge Mining Co Ltd	434.996	2025-12-31	EUR	https://www.pmt.nl/over-pmt/zo-beleggen-we/waar-beleggen-we-in/aandelen-en-obligaties/#
Metal and Technology Pension Fund	Zebra Technologies Corp	4.097.413	2025-12-31	EUR	https://www.pmt.nl/over-pmt/zo-beleggen-we/waar-beleggen-we-in/aandelen-en-obligaties/#
Metal and Technology Pension Fund	Zhejiang Chint Electrics Co Ltd	290.208	2025-12-31	EUR	https://www.pmt.nl/over-pmt/zo-beleggen-we/waar-beleggen-we-in/aandelen-en-obligaties/#
Metal and Technology Pension Fund	Zhejiang Jingsheng Mechanical & Electrical Co Ltd	161.199	2025-12-31	EUR	https://www.pmt.nl/over-pmt/zo-beleggen-we/waar-beleggen-we-in/aandelen-en-obligaties/#
Metal and Technology Pension Fund	Zhejiang Leapmotor Technology Co Ltd	1.229.156	2025-12-31	EUR	https://www.pmt.nl/over-pmt/zo-beleggen-we/waar-beleggen-we-in/aandelen-en-obligaties/#
Metal and Technology Pension Fund	Zhejiang Sanhua Intelligent Controls Co Ltd	425.915	2025-12-31	EUR	https://www.pmt.nl/over-pmt/zo-beleggen-we/waar-beleggen-we-in/aandelen-en-obligaties/#
Metal and Technology Pension Fund	Zhen Ding Technology Holding Ltd	1.227.528	2025-12-31	EUR	https://www.pmt.nl/over-pmt/zo-beleggen-we/waar-beleggen-we-in/aandelen-en-obligaties/#
Metal and Technology Pension Fund	Zimmer Biomet Holdings Inc	5.876.172	2025-12-31	EUR	https://www.pmt.nl/over-pmt/zo-beleggen-we/waar-beleggen-we-in/aandelen-en-obligaties/#
Metal and Technology Pension Fund	Zoetis Inc	18.973.757	2025-12-31	EUR	https://www.pmt.nl/over-pmt/zo-beleggen-we/waar-beleggen-we-in/aandelen-en-obligaties/#
Metal and Technology Pension Fund	Zoom Communications Inc	7.298.483	2025-12-31	EUR	https://www.pmt.nl/over-pmt/zo-beleggen-we/waar-beleggen-we-in/aandelen-en-obligaties/#
Metal and Technology Pension Fund	ZOZO Inc	1.119.260	2025-12-31	EUR	https://www.pmt.nl/over-pmt/zo-beleggen-we/waar-beleggen-we-in/aandelen-en-obligaties/#
Metal and Technology Pension Fund	Zscaler Inc	7.588.620	2025-12-31	EUR	https://www.pmt.nl/over-pmt/zo-beleggen-we/waar-beleggen-we-in/aandelen-en-obligaties/#
Metal and Technology Pension Fund	Zurich Insurance Group AG	37.800.542	2025-12-31	EUR	https://www.pmt.nl/over-pmt/zo-beleggen-we/waar-beleggen-we-in/aandelen-en-obligaties/#
Metal and Technology Pension Fund	Zydus Lifesciences Ltd	1.006.246	2025-12-31	EUR	https://www.pmt.nl/over-pmt/zo-beleggen-we/waar-beleggen-we-in/aandelen-en-obligaties/#
Metal and Technology Pension Fund	360 Security Technology Inc	295.880	2025-12-31	EUR	https://www.pmt.nl/over-pmt/zo-beleggen-we/waar-beleggen-we-in/aandelen-en-obligaties/#
Metal and Technology Pension Fund	37 Interactive Entertainment Network Technology Group Co Ltd	168.217	2025-12-31	EUR	https://www.pmt.nl/over-pmt/zo-beleggen-we/waar-beleggen-we-in/aandelen-en-obligaties/#
Metal and Technology Pension Fund	3M Co	28.840.765	2025-12-31	EUR	https://www.pmt.nl/over-pmt/zo-beleggen-we/waar-beleggen-we-in/aandelen-en-obligaties/#
Metal and Technology Pension Fund	3SBio Inc	2.090.982	2025-12-31	EUR	https://www.pmt.nl/over-pmt/zo-beleggen-we/waar-beleggen-we-in/aandelen-en-obligaties/#
Metal and Technology Pension Fund	Angola	98.102.001	2025-12-31	EUR	https://www.pmt.nl/over-pmt/zo-beleggen-we/waar-beleggen-we-in/aandelen-en-obligaties/#
Metal and Technology Pension Fund	Argentinië	10.362.915	2025-12-31	EUR	https://www.pmt.nl/over-pmt/zo-beleggen-we/waar-beleggen-we-in/aandelen-en-obligaties/#
Metal and Technology Pension Fund	Armenië	3.124.434	2025-12-31	EUR	https://www.pmt.nl/over-pmt/zo-beleggen-we/waar-beleggen-we-in/aandelen-en-obligaties/#
Metal and Technology Pension Fund	België	491.872.917	2025-12-31	EUR	https://www.pmt.nl/over-pmt/zo-beleggen-we/waar-beleggen-we-in/aandelen-en-obligaties/#
Metal and Technology Pension Fund	Benin	12.740.673	2025-12-31	EUR	https://www.pmt.nl/over-pmt/zo-beleggen-we/waar-beleggen-we-in/aandelen-en-obligaties/#
Metal and Technology Pension Fund	Brazilië	430.615.651	2025-12-31	EUR	https://www.pmt.nl/over-pmt/zo-beleggen-we/waar-beleggen-we-in/aandelen-en-obligaties/#
Metal and Technology Pension Fund	Bulgarije	6.575.153	2025-12-31	EUR	https://www.pmt.nl/over-pmt/zo-beleggen-we/waar-beleggen-we-in/aandelen-en-obligaties/#
Metal and Technology Pension Fund	Canada	8.191.391	2025-12-31	EUR	https://www.pmt.nl/over-pmt/zo-beleggen-we/waar-beleggen-we-in/aandelen-en-obligaties/#
Metal and Technology Pension Fund	Chili	133.524.475	2025-12-31	EUR	https://www.pmt.nl/over-pmt/zo-beleggen-we/waar-beleggen-we-in/aandelen-en-obligaties/#
Metal and Technology Pension Fund	Colombia	329.436.143	2025-12-31	EUR	https://www.pmt.nl/over-pmt/zo-beleggen-we/waar-beleggen-we-in/aandelen-en-obligaties/#
Metal and Technology Pension Fund	Costa Rica	84.495.673	2025-12-31	EUR	https://www.pmt.nl/over-pmt/zo-beleggen-we/waar-beleggen-we-in/aandelen-en-obligaties/#
Metal and Technology Pension Fund	Denemarken	736.694	2025-12-31	EUR	https://www.pmt.nl/over-pmt/zo-beleggen-we/waar-beleggen-we-in/aandelen-en-obligaties/#
Metal and Technology Pension Fund	Dominicaanse Republiek	250.677.718	2025-12-31	EUR	https://www.pmt.nl/over-pmt/zo-beleggen-we/waar-beleggen-we-in/aandelen-en-obligaties/#
Metal and Technology Pension Fund	Duitsland	4.105.769.729	2025-12-31	EUR	https://www.pmt.nl/over-pmt/zo-beleggen-we/waar-beleggen-we-in/aandelen-en-obligaties/#
Metal and Technology Pension Fund	Ecuador	128.067.660	2025-12-31	EUR	https://www.pmt.nl/over-pmt/zo-beleggen-we/waar-beleggen-we-in/aandelen-en-obligaties/#
Metal and Technology Pension Fund	El Salvador	84.883.713	2025-12-31	EUR	https://www.pmt.nl/over-pmt/zo-beleggen-we/waar-beleggen-we-in/aandelen-en-obligaties/#
Metal and Technology Pension Fund	Filipijnen	205.541.016	2025-12-31	EUR	https://www.pmt.nl/over-pmt/zo-beleggen-we/waar-beleggen-we-in/aandelen-en-obligaties/#
Metal and Technology Pension Fund	Finland	925.888.747	2025-12-31	EUR	https://www.pmt.nl/over-pmt/zo-beleggen-we/waar-beleggen-we-in/aandelen-en-obligaties/#
Metal and Technology Pension Fund	Frankrijk	850.108.632	2025-12-31	EUR	https://www.pmt.nl/over-pmt/zo-beleggen-we/waar-beleggen-we-in/aandelen-en-obligaties/#
Metal and Technology Pension Fund	Georgië	1.617.291	2025-12-31	EUR	https://www.pmt.nl/over-pmt/zo-beleggen-we/waar-beleggen-we-in/aandelen-en-obligaties/#
Metal and Technology Pension Fund	Hongarije	225.159.750	2025-12-31	EUR	https://www.pmt.nl/over-pmt/zo-beleggen-we/waar-beleggen-we-in/aandelen-en-obligaties/#
Metal and Technology Pension Fund	Ierland	554.606.852	2025-12-31	EUR	https://www.pmt.nl/over-pmt/zo-beleggen-we/waar-beleggen-we-in/aandelen-en-obligaties/#
Metal and Technology Pension Fund	India	194.775.125	2025-12-31	EUR	https://www.pmt.nl/over-pmt/zo-beleggen-we/waar-beleggen-we-in/aandelen-en-obligaties/#
Metal and Technology Pension Fund	Indonesië	337.711.812	2025-12-31	EUR	https://www.pmt.nl/over-pmt/zo-beleggen-we/waar-beleggen-we-in/aandelen-en-obligaties/#
Metal and Technology Pension Fund	Ivoorkust	87.681.828	2025-12-31	EUR	https://www.pmt.nl/over-pmt/zo-beleggen-we/waar-beleggen-we-in/aandelen-en-obligaties/#
Metal and Technology Pension Fund	Jamaica	45.014.887	2025-12-31	EUR	https://www.pmt.nl/over-pmt/zo-beleggen-we/waar-beleggen-we-in/aandelen-en-obligaties/#
Metal and Technology Pension Fund	Kenia	82.117.440	2025-12-31	EUR	https://www.pmt.nl/over-pmt/zo-beleggen-we/waar-beleggen-we-in/aandelen-en-obligaties/#
Metal and Technology Pension Fund	Letland	9.586.333	2025-12-31	EUR	https://www.pmt.nl/over-pmt/zo-beleggen-we/waar-beleggen-we-in/aandelen-en-obligaties/#
Metal and Technology Pension Fund	Maleisië	106.608.383	2025-12-31	EUR	https://www.pmt.nl/over-pmt/zo-beleggen-we/waar-beleggen-we-in/aandelen-en-obligaties/#
Metal and Technology Pension Fund	Marokko	63.968.870	2025-12-31	EUR	https://www.pmt.nl/over-pmt/zo-beleggen-we/waar-beleggen-we-in/aandelen-en-obligaties/#
Metal and Technology Pension Fund	Mexico	457.054.197	2025-12-31	EUR	https://www.pmt.nl/over-pmt/zo-beleggen-we/waar-beleggen-we-in/aandelen-en-obligaties/#
Metal and Technology Pension Fund	Mongolië	21.294.967	2025-12-31	EUR	https://www.pmt.nl/over-pmt/zo-beleggen-we/waar-beleggen-we-in/aandelen-en-obligaties/#
Metal and Technology Pension Fund	Nederland	2.664.310.600	2025-12-31	EUR	https://www.pmt.nl/over-pmt/zo-beleggen-we/waar-beleggen-we-in/aandelen-en-obligaties/#
Metal and Technology Pension Fund	Nigeria	185.831.168	2025-12-31	EUR	https://www.pmt.nl/over-pmt/zo-beleggen-we/waar-beleggen-we-in/aandelen-en-obligaties/#
Metal and Technology Pension Fund	Oostenrijk	929.265.424	2025-12-31	EUR	https://www.pmt.nl/over-pmt/zo-beleggen-we/waar-beleggen-we-in/aandelen-en-obligaties/#
Metal and Technology Pension Fund	Panama	168.784.580	2025-12-31	EUR	https://www.pmt.nl/over-pmt/zo-beleggen-we/waar-beleggen-we-in/aandelen-en-obligaties/#
Metal and Technology Pension Fund	Papoea-Nieuw-Guinea	4.627.259	2025-12-31	EUR	https://www.pmt.nl/over-pmt/zo-beleggen-we/waar-beleggen-we-in/aandelen-en-obligaties/#
Metal and Technology Pension Fund	Paraguay	55.538.233	2025-12-31	EUR	https://www.pmt.nl/over-pmt/zo-beleggen-we/waar-beleggen-we-in/aandelen-en-obligaties/#
Metal and Technology Pension Fund	Peru	236.383.412	2025-12-31	EUR	https://www.pmt.nl/over-pmt/zo-beleggen-we/waar-beleggen-we-in/aandelen-en-obligaties/#
Metal and Technology Pension Fund	Polen	253.189.161	2025-12-31	EUR	https://www.pmt.nl/over-pmt/zo-beleggen-we/waar-beleggen-we-in/aandelen-en-obligaties/#
Metal and Technology Pension Fund	Portugal	138.940.287	2025-12-31	EUR	https://www.pmt.nl/over-pmt/zo-beleggen-we/waar-beleggen-we-in/aandelen-en-obligaties/#
Metal and Technology Pension Fund	Roemenië	303.680.645	2025-12-31	EUR	https://www.pmt.nl/over-pmt/zo-beleggen-we/waar-beleggen-we-in/aandelen-en-obligaties/#
Metal and Technology Pension Fund	Senegal	20.233.987	2025-12-31	EUR	https://www.pmt.nl/over-pmt/zo-beleggen-we/waar-beleggen-we-in/aandelen-en-obligaties/#
Metal and Technology Pension Fund	Servië	57.582.135	2025-12-31	EUR	https://www.pmt.nl/over-pmt/zo-beleggen-we/waar-beleggen-we-in/aandelen-en-obligaties/#
Metal and Technology Pension Fund	Spanje	418.755.053	2025-12-31	EUR	https://www.pmt.nl/over-pmt/zo-beleggen-we/waar-beleggen-we-in/aandelen-en-obligaties/#
Metal and Technology Pension Fund	SupraNational	2.175.418.383	2025-12-31	EUR	https://www.pmt.nl/over-pmt/zo-beleggen-we/waar-beleggen-we-in/aandelen-en-obligaties/#
Metal and Technology Pension Fund	Thailand	133.829.999	2025-12-31	EUR	https://www.pmt.nl/over-pmt/zo-beleggen-we/waar-beleggen-we-in/aandelen-en-obligaties/#
Metal and Technology Pension Fund	Trinidad & Tobago	24.233.484	2025-12-31	EUR	https://www.pmt.nl/over-pmt/zo-beleggen-we/waar-beleggen-we-in/aandelen-en-obligaties/#
Metal and Technology Pension Fund	Turkije	316.994.183	2025-12-31	EUR	https://www.pmt.nl/over-pmt/zo-beleggen-we/waar-beleggen-we-in/aandelen-en-obligaties/#
Metal and Technology Pension Fund	Uruguay	141.994.609	2025-12-31	EUR	https://www.pmt.nl/over-pmt/zo-beleggen-we/waar-beleggen-we-in/aandelen-en-obligaties/#
Metal and Technology Pension Fund	Verenigde Staten	53.154.694	2025-12-31	EUR	https://www.pmt.nl/over-pmt/zo-beleggen-we/waar-beleggen-we-in/aandelen-en-obligaties/#
Metal and Technology Pension Fund	Zuid-Afrika	428.369.521	2025-12-31	EUR	https://www.pmt.nl/over-pmt/zo-beleggen-we/waar-beleggen-we-in/aandelen-en-obligaties/#
Metal and Technology Pension Fund	ABB Finance BV	46.619.030	2025-12-31	EUR	https://www.pmt.nl/over-pmt/zo-beleggen-we/waar-beleggen-we-in/aandelen-en-obligaties/#
Metal and Technology Pension Fund	AbbVie Inc	14.495.706	2025-12-31	EUR	https://www.pmt.nl/over-pmt/zo-beleggen-we/waar-beleggen-we-in/aandelen-en-obligaties/#
Metal and Technology Pension Fund	Abertis France SAS	42.470.121	2025-12-31	EUR	https://www.pmt.nl/over-pmt/zo-beleggen-we/waar-beleggen-we-in/aandelen-en-obligaties/#
Metal and Technology Pension Fund	ABN AMRO Bank NV	30.312.470	2025-12-31	EUR	https://www.pmt.nl/over-pmt/zo-beleggen-we/waar-beleggen-we-in/aandelen-en-obligaties/#
Metal and Technology Pension Fund	Acef Holding SCA	61.827.305	2025-12-31	EUR	https://www.pmt.nl/over-pmt/zo-beleggen-we/waar-beleggen-we-in/aandelen-en-obligaties/#
Metal and Technology Pension Fund	Achmea Bank NV	17.277.441	2025-12-31	EUR	https://www.pmt.nl/over-pmt/zo-beleggen-we/waar-beleggen-we-in/aandelen-en-obligaties/#
Metal and Technology Pension Fund	Aena SME SA	36.820.002	2025-12-31	EUR	https://www.pmt.nl/over-pmt/zo-beleggen-we/waar-beleggen-we-in/aandelen-en-obligaties/#
Metal and Technology Pension Fund	Aeroports de Paris SA	45.091.504	2025-12-31	EUR	https://www.pmt.nl/over-pmt/zo-beleggen-we/waar-beleggen-we-in/aandelen-en-obligaties/#
Metal and Technology Pension Fund	AGCO International Holdings BV	18.336.970	2025-12-31	EUR	https://www.pmt.nl/over-pmt/zo-beleggen-we/waar-beleggen-we-in/aandelen-en-obligaties/#
Metal and Technology Pension Fund	Air Liquide Finance SA	10.141.053	2025-12-31	EUR	https://www.pmt.nl/over-pmt/zo-beleggen-we/waar-beleggen-we-in/aandelen-en-obligaties/#
Metal and Technology Pension Fund	Air Products and Chemicals Inc	85.272.653	2025-12-31	EUR	https://www.pmt.nl/over-pmt/zo-beleggen-we/waar-beleggen-we-in/aandelen-en-obligaties/#
Metal and Technology Pension Fund	Aker BP ASA	28.180.246	2025-12-31	EUR	https://www.pmt.nl/over-pmt/zo-beleggen-we/waar-beleggen-we-in/aandelen-en-obligaties/#
Metal and Technology Pension Fund	Akzo Nobel NV	7.088.660	2025-12-31	EUR	https://www.pmt.nl/over-pmt/zo-beleggen-we/waar-beleggen-we-in/aandelen-en-obligaties/#
Metal and Technology Pension Fund	Alcon Finance BV	17.226.326	2025-12-31	EUR	https://www.pmt.nl/over-pmt/zo-beleggen-we/waar-beleggen-we-in/aandelen-en-obligaties/#
Metal and Technology Pension Fund	Aliaxis Holdings SA	31.532.295	2025-12-31	EUR	https://www.pmt.nl/over-pmt/zo-beleggen-we/waar-beleggen-we-in/aandelen-en-obligaties/#
Metal and Technology Pension Fund	Alimentation Couche-Tard Inc	50.407.424	2025-12-31	EUR	https://www.pmt.nl/over-pmt/zo-beleggen-we/waar-beleggen-we-in/aandelen-en-obligaties/#
Metal and Technology Pension Fund	Alliander NV	86.210.960	2025-12-31	EUR	https://www.pmt.nl/over-pmt/zo-beleggen-we/waar-beleggen-we-in/aandelen-en-obligaties/#
Metal and Technology Pension Fund	Allianz Finance II BV	25.915.066	2025-12-31	EUR	https://www.pmt.nl/over-pmt/zo-beleggen-we/waar-beleggen-we-in/aandelen-en-obligaties/#
Metal and Technology Pension Fund	Alphabet Inc	70.782.802	2025-12-31	EUR	https://www.pmt.nl/over-pmt/zo-beleggen-we/waar-beleggen-we-in/aandelen-en-obligaties/#
Metal and Technology Pension Fund	Amadeus IT Group SA	16.096.042	2025-12-31	EUR	https://www.pmt.nl/over-pmt/zo-beleggen-we/waar-beleggen-we-in/aandelen-en-obligaties/#
Metal and Technology Pension Fund	Amcor UK Finance PLC	55.777.826	2025-12-31	EUR	https://www.pmt.nl/over-pmt/zo-beleggen-we/waar-beleggen-we-in/aandelen-en-obligaties/#
Metal and Technology Pension Fund	American Express Co	17.117.851	2025-12-31	EUR	https://www.pmt.nl/over-pmt/zo-beleggen-we/waar-beleggen-we-in/aandelen-en-obligaties/#
Metal and Technology Pension Fund	American Honda Finance Corp	83.107.118	2025-12-31	EUR	https://www.pmt.nl/over-pmt/zo-beleggen-we/waar-beleggen-we-in/aandelen-en-obligaties/#
Metal and Technology Pension Fund	American Medical Systems Europe BV	8.252.535	2025-12-31	EUR	https://www.pmt.nl/over-pmt/zo-beleggen-we/waar-beleggen-we-in/aandelen-en-obligaties/#
Metal and Technology Pension Fund	American Tower Corp	48.808.867	2025-12-31	EUR	https://www.pmt.nl/over-pmt/zo-beleggen-we/waar-beleggen-we-in/aandelen-en-obligaties/#
Metal and Technology Pension Fund	Amprion GmbH	42.474.241	2025-12-31	EUR	https://www.pmt.nl/over-pmt/zo-beleggen-we/waar-beleggen-we-in/aandelen-en-obligaties/#
Metal and Technology Pension Fund	Anheuser-Busch InBev SA/NV	67.592.900	2025-12-31	EUR	https://www.pmt.nl/over-pmt/zo-beleggen-we/waar-beleggen-we-in/aandelen-en-obligaties/#
Metal and Technology Pension Fund	ANZ New Zealand Int'l Ltd/London	27.939.510	2025-12-31	EUR	https://www.pmt.nl/over-pmt/zo-beleggen-we/waar-beleggen-we-in/aandelen-en-obligaties/#
Metal and Technology Pension Fund	APA Infrastructure Ltd	30.114.359	2025-12-31	EUR	https://www.pmt.nl/over-pmt/zo-beleggen-we/waar-beleggen-we-in/aandelen-en-obligaties/#
Metal and Technology Pension Fund	Apple Inc	16.895.586	2025-12-31	EUR	https://www.pmt.nl/over-pmt/zo-beleggen-we/waar-beleggen-we-in/aandelen-en-obligaties/#
Metal and Technology Pension Fund	APRR SA	71.123.650	2025-12-31	EUR	https://www.pmt.nl/over-pmt/zo-beleggen-we/waar-beleggen-we-in/aandelen-en-obligaties/#
Metal and Technology Pension Fund	Arcadis NV	13.658.695	2025-12-31	EUR	https://www.pmt.nl/over-pmt/zo-beleggen-we/waar-beleggen-we-in/aandelen-en-obligaties/#
Metal and Technology Pension Fund	Argenta Spaarbank NV	19.901.152	2025-12-31	EUR	https://www.pmt.nl/over-pmt/zo-beleggen-we/waar-beleggen-we-in/aandelen-en-obligaties/#
Metal and Technology Pension Fund	Argentum Netherlands BV for Givaudan SA	2.398.026	2025-12-31	EUR	https://www.pmt.nl/over-pmt/zo-beleggen-we/waar-beleggen-we-in/aandelen-en-obligaties/#
Metal and Technology Pension Fund	Arkema SA	28.219.379	2025-12-31	EUR	https://www.pmt.nl/over-pmt/zo-beleggen-we/waar-beleggen-we-in/aandelen-en-obligaties/#
Metal and Technology Pension Fund	Aroundtown SA	30.482.316	2025-12-31	EUR	https://www.pmt.nl/over-pmt/zo-beleggen-we/waar-beleggen-we-in/aandelen-en-obligaties/#
Metal and Technology Pension Fund	Asahi Group Holdings Ltd	40.753.240	2025-12-31	EUR	https://www.pmt.nl/over-pmt/zo-beleggen-we/waar-beleggen-we-in/aandelen-en-obligaties/#
Metal and Technology Pension Fund	ASB Bank Ltd	39.005.716	2025-12-31	EUR	https://www.pmt.nl/over-pmt/zo-beleggen-we/waar-beleggen-we-in/aandelen-en-obligaties/#
Metal and Technology Pension Fund	ASN Bank NV	41.930.494	2025-12-31	EUR	https://www.pmt.nl/over-pmt/zo-beleggen-we/waar-beleggen-we-in/aandelen-en-obligaties/#
Metal and Technology Pension Fund	Astrazeneca Finance LLC	9.483.261	2025-12-31	EUR	https://www.pmt.nl/over-pmt/zo-beleggen-we/waar-beleggen-we-in/aandelen-en-obligaties/#
Metal and Technology Pension Fund	AstraZeneca PLC	26.737.455	2025-12-31	EUR	https://www.pmt.nl/over-pmt/zo-beleggen-we/waar-beleggen-we-in/aandelen-en-obligaties/#
Metal and Technology Pension Fund	AT&T Inc	76.963.117	2025-12-31	EUR	https://www.pmt.nl/over-pmt/zo-beleggen-we/waar-beleggen-we-in/aandelen-en-obligaties/#
Metal and Technology Pension Fund	Atlas Copco Finance DAC	10.219.515	2025-12-31	EUR	https://www.pmt.nl/over-pmt/zo-beleggen-we/waar-beleggen-we-in/aandelen-en-obligaties/#
Metal and Technology Pension Fund	Aurizon Network Pty Ltd	15.716.259	2025-12-31	EUR	https://www.pmt.nl/over-pmt/zo-beleggen-we/waar-beleggen-we-in/aandelen-en-obligaties/#
Metal and Technology Pension Fund	Ausgrid Finance Pty Ltd	18.880.152	2025-12-31	EUR	https://www.pmt.nl/over-pmt/zo-beleggen-we/waar-beleggen-we-in/aandelen-en-obligaties/#
Metal and Technology Pension Fund	AusNet Services Holdings Pty Ltd	32.964.750	2025-12-31	EUR	https://www.pmt.nl/over-pmt/zo-beleggen-we/waar-beleggen-we-in/aandelen-en-obligaties/#
Metal and Technology Pension Fund	Australia & New Zealand Banking Group Ltd	17.123.989	2025-12-31	EUR	https://www.pmt.nl/over-pmt/zo-beleggen-we/waar-beleggen-we-in/aandelen-en-obligaties/#
Metal and Technology Pension Fund	Australia Pacific Airports Melbourne Pty Ltd	33.847.409	2025-12-31	EUR	https://www.pmt.nl/over-pmt/zo-beleggen-we/waar-beleggen-we-in/aandelen-en-obligaties/#
Metal and Technology Pension Fund	Autoroutes du Sud de la France SA	66.426.756	2025-12-31	EUR	https://www.pmt.nl/over-pmt/zo-beleggen-we/waar-beleggen-we-in/aandelen-en-obligaties/#
Metal and Technology Pension Fund	Avery Dennison Corp	14.283.383	2025-12-31	EUR	https://www.pmt.nl/over-pmt/zo-beleggen-we/waar-beleggen-we-in/aandelen-en-obligaties/#
Metal and Technology Pension Fund	AXA SA	32.865.411	2025-12-31	EUR	https://www.pmt.nl/over-pmt/zo-beleggen-we/waar-beleggen-we-in/aandelen-en-obligaties/#
Metal and Technology Pension Fund	Ayvens Bank NV	20.084.325	2025-12-31	EUR	https://www.pmt.nl/over-pmt/zo-beleggen-we/waar-beleggen-we-in/aandelen-en-obligaties/#
Metal and Technology Pension Fund	Ayvens SA	34.715.887	2025-12-31	EUR	https://www.pmt.nl/over-pmt/zo-beleggen-we/waar-beleggen-we-in/aandelen-en-obligaties/#
Metal and Technology Pension Fund	Banco Santander SA	72.236.229	2025-12-31	EUR	https://www.pmt.nl/over-pmt/zo-beleggen-we/waar-beleggen-we-in/aandelen-en-obligaties/#
Metal and Technology Pension Fund	Bank of America Corp	65.722.507	2025-12-31	EUR	https://www.pmt.nl/over-pmt/zo-beleggen-we/waar-beleggen-we-in/aandelen-en-obligaties/#
Metal and Technology Pension Fund	Bank of Montreal	20.139.423	2025-12-31	EUR	https://www.pmt.nl/over-pmt/zo-beleggen-we/waar-beleggen-we-in/aandelen-en-obligaties/#
Metal and Technology Pension Fund	Bank of New Zealand	38.772.289	2025-12-31	EUR	https://www.pmt.nl/over-pmt/zo-beleggen-we/waar-beleggen-we-in/aandelen-en-obligaties/#
Metal and Technology Pension Fund	Banque Federative du Credit Mutuel SA	83.938.626	2025-12-31	EUR	https://www.pmt.nl/over-pmt/zo-beleggen-we/waar-beleggen-we-in/aandelen-en-obligaties/#
Metal and Technology Pension Fund	Barclays PLC	36.685.871	2025-12-31	EUR	https://www.pmt.nl/over-pmt/zo-beleggen-we/waar-beleggen-we-in/aandelen-en-obligaties/#
Metal and Technology Pension Fund	BASF SE	26.523.399	2025-12-31	EUR	https://www.pmt.nl/over-pmt/zo-beleggen-we/waar-beleggen-we-in/aandelen-en-obligaties/#
Metal and Technology Pension Fund	Bayer AG	51.432.374	2025-12-31	EUR	https://www.pmt.nl/over-pmt/zo-beleggen-we/waar-beleggen-we-in/aandelen-en-obligaties/#
Metal and Technology Pension Fund	Becton Dickinson & Co	19.232.370	2025-12-31	EUR	https://www.pmt.nl/over-pmt/zo-beleggen-we/waar-beleggen-we-in/aandelen-en-obligaties/#
Metal and Technology Pension Fund	Becton Dickinson Euro Finance Sarl	80.713.203	2025-12-31	EUR	https://www.pmt.nl/over-pmt/zo-beleggen-we/waar-beleggen-we-in/aandelen-en-obligaties/#
Metal and Technology Pension Fund	Belfius Bank SA	39.539.883	2025-12-31	EUR	https://www.pmt.nl/over-pmt/zo-beleggen-we/waar-beleggen-we-in/aandelen-en-obligaties/#
Metal and Technology Pension Fund	BG Energy Capital PLC	30.365.992	2025-12-31	EUR	https://www.pmt.nl/over-pmt/zo-beleggen-we/waar-beleggen-we-in/aandelen-en-obligaties/#
Metal and Technology Pension Fund	BHP Billiton Finance Ltd	45.481.550	2025-12-31	EUR	https://www.pmt.nl/over-pmt/zo-beleggen-we/waar-beleggen-we-in/aandelen-en-obligaties/#
Metal and Technology Pension Fund	Blackrock Inc	30.715.056	2025-12-31	EUR	https://www.pmt.nl/over-pmt/zo-beleggen-we/waar-beleggen-we-in/aandelen-en-obligaties/#
Metal and Technology Pension Fund	Blackstone Property Partners Europe Holdings Sarl	18.611.861	2025-12-31	EUR	https://www.pmt.nl/over-pmt/zo-beleggen-we/waar-beleggen-we-in/aandelen-en-obligaties/#
Metal and Technology Pension Fund	BMW Finance NV	20.845.151	2025-12-31	EUR	https://www.pmt.nl/over-pmt/zo-beleggen-we/waar-beleggen-we-in/aandelen-en-obligaties/#
Metal and Technology Pension Fund	BMW International Investment BV	29.806.417	2025-12-31	EUR	https://www.pmt.nl/over-pmt/zo-beleggen-we/waar-beleggen-we-in/aandelen-en-obligaties/#
Metal and Technology Pension Fund	BMW US Capital LLC	23.093.189	2025-12-31	EUR	https://www.pmt.nl/over-pmt/zo-beleggen-we/waar-beleggen-we-in/aandelen-en-obligaties/#
Metal and Technology Pension Fund	BNG Bank NV	364.056	2025-12-31	EUR	https://www.pmt.nl/over-pmt/zo-beleggen-we/waar-beleggen-we-in/aandelen-en-obligaties/#
Metal and Technology Pension Fund	BNP Paribas SA	22.790.850	2025-12-31	EUR	https://www.pmt.nl/over-pmt/zo-beleggen-we/waar-beleggen-we-in/aandelen-en-obligaties/#
Metal and Technology Pension Fund	Booking Holdings Inc	80.217.744	2025-12-31	EUR	https://www.pmt.nl/over-pmt/zo-beleggen-we/waar-beleggen-we-in/aandelen-en-obligaties/#
Metal and Technology Pension Fund	BorgWarner Inc	30.449.256	2025-12-31	EUR	https://www.pmt.nl/over-pmt/zo-beleggen-we/waar-beleggen-we-in/aandelen-en-obligaties/#
Metal and Technology Pension Fund	BP Capital Markets BV	44.240.648	2025-12-31	EUR	https://www.pmt.nl/over-pmt/zo-beleggen-we/waar-beleggen-we-in/aandelen-en-obligaties/#
Metal and Technology Pension Fund	BP Capital Markets PLC	35.230.691	2025-12-31	EUR	https://www.pmt.nl/over-pmt/zo-beleggen-we/waar-beleggen-we-in/aandelen-en-obligaties/#
Metal and Technology Pension Fund	BPCE SA	34.941.592	2025-12-31	EUR	https://www.pmt.nl/over-pmt/zo-beleggen-we/waar-beleggen-we-in/aandelen-en-obligaties/#
Metal and Technology Pension Fund	Brambles Finance PLC	59.344.231	2025-12-31	EUR	https://www.pmt.nl/over-pmt/zo-beleggen-we/waar-beleggen-we-in/aandelen-en-obligaties/#
Metal and Technology Pension Fund	Brambles USA Inc	4.959.759	2025-12-31	EUR	https://www.pmt.nl/over-pmt/zo-beleggen-we/waar-beleggen-we-in/aandelen-en-obligaties/#
Metal and Technology Pension Fund	Brisbane Airport Corp Pty Ltd	9.104.703	2025-12-31	EUR	https://www.pmt.nl/over-pmt/zo-beleggen-we/waar-beleggen-we-in/aandelen-en-obligaties/#
Metal and Technology Pension Fund	British Telecommunications PLC	38.981.959	2025-12-31	EUR	https://www.pmt.nl/over-pmt/zo-beleggen-we/waar-beleggen-we-in/aandelen-en-obligaties/#
Metal and Technology Pension Fund	BT Finance PLC	6.853.925	2025-12-31	EUR	https://www.pmt.nl/over-pmt/zo-beleggen-we/waar-beleggen-we-in/aandelen-en-obligaties/#
Metal and Technology Pension Fund	Bunge Finance Europe BV	19.194.279	2025-12-31	EUR	https://www.pmt.nl/over-pmt/zo-beleggen-we/waar-beleggen-we-in/aandelen-en-obligaties/#
Metal and Technology Pension Fund	Bunzl Finance PLC	20.802.312	2025-12-31	EUR	https://www.pmt.nl/over-pmt/zo-beleggen-we/waar-beleggen-we-in/aandelen-en-obligaties/#
Metal and Technology Pension Fund	Cadent Finance PLC	21.301.138	2025-12-31	EUR	https://www.pmt.nl/over-pmt/zo-beleggen-we/waar-beleggen-we-in/aandelen-en-obligaties/#
Metal and Technology Pension Fund	Canadian Imperial Bank of Commerce	2.403.426	2025-12-31	EUR	https://www.pmt.nl/over-pmt/zo-beleggen-we/waar-beleggen-we-in/aandelen-en-obligaties/#
Metal and Technology Pension Fund	Capgemini SE	49.365.825	2025-12-31	EUR	https://www.pmt.nl/over-pmt/zo-beleggen-we/waar-beleggen-we-in/aandelen-en-obligaties/#
Metal and Technology Pension Fund	Cargill Inc	16.853.559	2025-12-31	EUR	https://www.pmt.nl/over-pmt/zo-beleggen-we/waar-beleggen-we-in/aandelen-en-obligaties/#
Metal and Technology Pension Fund	Carlsberg Breweries A/S	89.550.198	2025-12-31	EUR	https://www.pmt.nl/over-pmt/zo-beleggen-we/waar-beleggen-we-in/aandelen-en-obligaties/#
Metal and Technology Pension Fund	Carrefour SA	31.779.571	2025-12-31	EUR	https://www.pmt.nl/over-pmt/zo-beleggen-we/waar-beleggen-we-in/aandelen-en-obligaties/#
Metal and Technology Pension Fund	Carrier Global Corp	18.373.354	2025-12-31	EUR	https://www.pmt.nl/over-pmt/zo-beleggen-we/waar-beleggen-we-in/aandelen-en-obligaties/#
Metal and Technology Pension Fund	CBRE Open-Ended Funds SCA SICAV-SIF	43.842.260	2025-12-31	EUR	https://www.pmt.nl/over-pmt/zo-beleggen-we/waar-beleggen-we-in/aandelen-en-obligaties/#
Metal and Technology Pension Fund	CCEP Finance Ireland DAC	11.391.482	2025-12-31	EUR	https://www.pmt.nl/over-pmt/zo-beleggen-we/waar-beleggen-we-in/aandelen-en-obligaties/#
Metal and Technology Pension Fund	Cellnex Finance Co SA	36.267.593	2025-12-31	EUR	https://www.pmt.nl/over-pmt/zo-beleggen-we/waar-beleggen-we-in/aandelen-en-obligaties/#
Metal and Technology Pension Fund	Cencora Inc	30.691.622	2025-12-31	EUR	https://www.pmt.nl/over-pmt/zo-beleggen-we/waar-beleggen-we-in/aandelen-en-obligaties/#
Metal and Technology Pension Fund	Chorus Ltd	16.876.329	2025-12-31	EUR	https://www.pmt.nl/over-pmt/zo-beleggen-we/waar-beleggen-we-in/aandelen-en-obligaties/#
Metal and Technology Pension Fund	Chubb INA Holdings Inc	67.970.469	2025-12-31	EUR	https://www.pmt.nl/over-pmt/zo-beleggen-we/waar-beleggen-we-in/aandelen-en-obligaties/#
Metal and Technology Pension Fund	Cie de Saint-Gobain SA	60.467.526	2025-12-31	EUR	https://www.pmt.nl/over-pmt/zo-beleggen-we/waar-beleggen-we-in/aandelen-en-obligaties/#
Metal and Technology Pension Fund	CIMIC Finance Ltd	36.046.386	2025-12-31	EUR	https://www.pmt.nl/over-pmt/zo-beleggen-we/waar-beleggen-we-in/aandelen-en-obligaties/#
Metal and Technology Pension Fund	Citigroup Inc	34.760.956	2025-12-31	EUR	https://www.pmt.nl/over-pmt/zo-beleggen-we/waar-beleggen-we-in/aandelen-en-obligaties/#
Metal and Technology Pension Fund	Clearstream Europe AG	11.437.939	2025-12-31	EUR	https://www.pmt.nl/over-pmt/zo-beleggen-we/waar-beleggen-we-in/aandelen-en-obligaties/#
Metal and Technology Pension Fund	Cloverie PLC for Zurich Insurance Co Ltd	28.733.209	2025-12-31	EUR	https://www.pmt.nl/over-pmt/zo-beleggen-we/waar-beleggen-we-in/aandelen-en-obligaties/#
Metal and Technology Pension Fund	CNH Industrial Finance Europe SA	12.449.656	2025-12-31	EUR	https://www.pmt.nl/over-pmt/zo-beleggen-we/waar-beleggen-we-in/aandelen-en-obligaties/#
Metal and Technology Pension Fund	CNH Industrial NV	35.751.104	2025-12-31	EUR	https://www.pmt.nl/over-pmt/zo-beleggen-we/waar-beleggen-we-in/aandelen-en-obligaties/#
Metal and Technology Pension Fund	Coca-Cola Co/The	103.064.309	2025-12-31	EUR	https://www.pmt.nl/over-pmt/zo-beleggen-we/waar-beleggen-we-in/aandelen-en-obligaties/#
Metal and Technology Pension Fund	Coca-Cola Europacific Partners PLC	115.225.914	2025-12-31	EUR	https://www.pmt.nl/over-pmt/zo-beleggen-we/waar-beleggen-we-in/aandelen-en-obligaties/#
Metal and Technology Pension Fund	Coca-Cola HBC Finance BV	60.466.887	2025-12-31	EUR	https://www.pmt.nl/over-pmt/zo-beleggen-we/waar-beleggen-we-in/aandelen-en-obligaties/#
Metal and Technology Pension Fund	Coentreprise de Transport d'Electricite SA	27.874.062	2025-12-31	EUR	https://www.pmt.nl/over-pmt/zo-beleggen-we/waar-beleggen-we-in/aandelen-en-obligaties/#
Metal and Technology Pension Fund	Cofinimmo SA	12.852.648	2025-12-31	EUR	https://www.pmt.nl/over-pmt/zo-beleggen-we/waar-beleggen-we-in/aandelen-en-obligaties/#
Metal and Technology Pension Fund	Colgate-Palmolive Co	47.337.420	2025-12-31	EUR	https://www.pmt.nl/over-pmt/zo-beleggen-we/waar-beleggen-we-in/aandelen-en-obligaties/#
Metal and Technology Pension Fund	Colonial SFL Socimi SA	10.418.643	2025-12-31	EUR	https://www.pmt.nl/over-pmt/zo-beleggen-we/waar-beleggen-we-in/aandelen-en-obligaties/#
Metal and Technology Pension Fund	Coloplast Finance BV	26.304.119	2025-12-31	EUR	https://www.pmt.nl/over-pmt/zo-beleggen-we/waar-beleggen-we-in/aandelen-en-obligaties/#
Metal and Technology Pension Fund	Comcast Corp	73.623.224	2025-12-31	EUR	https://www.pmt.nl/over-pmt/zo-beleggen-we/waar-beleggen-we-in/aandelen-en-obligaties/#
Metal and Technology Pension Fund	Commonwealth Bank of Australia	1.601.061	2025-12-31	EUR	https://www.pmt.nl/over-pmt/zo-beleggen-we/waar-beleggen-we-in/aandelen-en-obligaties/#
Metal and Technology Pension Fund	Compass Group Finance Netherlands BV	14.753.698	2025-12-31	EUR	https://www.pmt.nl/over-pmt/zo-beleggen-we/waar-beleggen-we-in/aandelen-en-obligaties/#
Metal and Technology Pension Fund	Compass Group PLC	21.704.737	2025-12-31	EUR	https://www.pmt.nl/over-pmt/zo-beleggen-we/waar-beleggen-we-in/aandelen-en-obligaties/#
Metal and Technology Pension Fund	Computershare US Inc	30.711.627	2025-12-31	EUR	https://www.pmt.nl/over-pmt/zo-beleggen-we/waar-beleggen-we-in/aandelen-en-obligaties/#
Metal and Technology Pension Fund	Cooperatieve Rabobank UA	44.706.479	2025-12-31	EUR	https://www.pmt.nl/over-pmt/zo-beleggen-we/waar-beleggen-we-in/aandelen-en-obligaties/#
Metal and Technology Pension Fund	Corning Inc	18.727.068	2025-12-31	EUR	https://www.pmt.nl/over-pmt/zo-beleggen-we/waar-beleggen-we-in/aandelen-en-obligaties/#
Metal and Technology Pension Fund	Coty Inc	1.060.401	2025-12-31	EUR	https://www.pmt.nl/over-pmt/zo-beleggen-we/waar-beleggen-we-in/aandelen-en-obligaties/#
Metal and Technology Pension Fund	Coty Inc/HFC Prestige Products Inc/HFC Prestige International US LLC	2.259.744	2025-12-31	EUR	https://www.pmt.nl/over-pmt/zo-beleggen-we/waar-beleggen-we-in/aandelen-en-obligaties/#
Metal and Technology Pension Fund	Credit Agricole SA	90.969.169	2025-12-31	EUR	https://www.pmt.nl/over-pmt/zo-beleggen-we/waar-beleggen-we-in/aandelen-en-obligaties/#
Metal and Technology Pension Fund	Credit Agricole SA/London	6.036.710	2025-12-31	EUR	https://www.pmt.nl/over-pmt/zo-beleggen-we/waar-beleggen-we-in/aandelen-en-obligaties/#
Metal and Technology Pension Fund	Credit Mutuel Arkea SA	14.108.839	2025-12-31	EUR	https://www.pmt.nl/over-pmt/zo-beleggen-we/waar-beleggen-we-in/aandelen-en-obligaties/#
Metal and Technology Pension Fund	Crelan SA	35.981.150	2025-12-31	EUR	https://www.pmt.nl/over-pmt/zo-beleggen-we/waar-beleggen-we-in/aandelen-en-obligaties/#
Metal and Technology Pension Fund	CRH SMW Finance DAC	66.856.035	2025-12-31	EUR	https://www.pmt.nl/over-pmt/zo-beleggen-we/waar-beleggen-we-in/aandelen-en-obligaties/#
Metal and Technology Pension Fund	Daimler International Finance BV	67.802.423	2025-12-31	EUR	https://www.pmt.nl/over-pmt/zo-beleggen-we/waar-beleggen-we-in/aandelen-en-obligaties/#
Metal and Technology Pension Fund	Daimler Truck International Finance BV	53.304.037	2025-12-31	EUR	https://www.pmt.nl/over-pmt/zo-beleggen-we/waar-beleggen-we-in/aandelen-en-obligaties/#
Metal and Technology Pension Fund	Danaher Corp	7.123.736	2025-12-31	EUR	https://www.pmt.nl/over-pmt/zo-beleggen-we/waar-beleggen-we-in/aandelen-en-obligaties/#
Metal and Technology Pension Fund	Danone SA	53.434.006	2025-12-31	EUR	https://www.pmt.nl/over-pmt/zo-beleggen-we/waar-beleggen-we-in/aandelen-en-obligaties/#
Metal and Technology Pension Fund	Danske Bank A/S	84.802.822	2025-12-31	EUR	https://www.pmt.nl/over-pmt/zo-beleggen-we/waar-beleggen-we-in/aandelen-en-obligaties/#
Metal and Technology Pension Fund	Dassault Systemes SE	21.835.615	2025-12-31	EUR	https://www.pmt.nl/over-pmt/zo-beleggen-we/waar-beleggen-we-in/aandelen-en-obligaties/#
Metal and Technology Pension Fund	Deutsche Bahn AG	65.717.056	2025-12-31	EUR	https://www.pmt.nl/over-pmt/zo-beleggen-we/waar-beleggen-we-in/aandelen-en-obligaties/#
Metal and Technology Pension Fund	Deutsche Bank AG	40.975.935	2025-12-31	EUR	https://www.pmt.nl/over-pmt/zo-beleggen-we/waar-beleggen-we-in/aandelen-en-obligaties/#
Metal and Technology Pension Fund	Deutsche Boerse AG	80.853.440	2025-12-31	EUR	https://www.pmt.nl/over-pmt/zo-beleggen-we/waar-beleggen-we-in/aandelen-en-obligaties/#
Metal and Technology Pension Fund	Deutsche Telekom AG	38.090.156	2025-12-31	EUR	https://www.pmt.nl/over-pmt/zo-beleggen-we/waar-beleggen-we-in/aandelen-en-obligaties/#
Metal and Technology Pension Fund	DH Europe Finance II Sarl	62.298.946	2025-12-31	EUR	https://www.pmt.nl/over-pmt/zo-beleggen-we/waar-beleggen-we-in/aandelen-en-obligaties/#
Metal and Technology Pension Fund	Diageo Capital BV	21.352.404	2025-12-31	EUR	https://www.pmt.nl/over-pmt/zo-beleggen-we/waar-beleggen-we-in/aandelen-en-obligaties/#
Metal and Technology Pension Fund	Diageo Finance PLC	37.894.873	2025-12-31	EUR	https://www.pmt.nl/over-pmt/zo-beleggen-we/waar-beleggen-we-in/aandelen-en-obligaties/#
Metal and Technology Pension Fund	Digital Dutch Finco BV	39.390.639	2025-12-31	EUR	https://www.pmt.nl/over-pmt/zo-beleggen-we/waar-beleggen-we-in/aandelen-en-obligaties/#
Metal and Technology Pension Fund	Digital Euro Finco LLC	16.039.870	2025-12-31	EUR	https://www.pmt.nl/over-pmt/zo-beleggen-we/waar-beleggen-we-in/aandelen-en-obligaties/#
Metal and Technology Pension Fund	Digital Intrepid Holding BV	4.926.344	2025-12-31	EUR	https://www.pmt.nl/over-pmt/zo-beleggen-we/waar-beleggen-we-in/aandelen-en-obligaties/#
Metal and Technology Pension Fund	DNB Bank ASA	103.779.911	2025-12-31	EUR	https://www.pmt.nl/over-pmt/zo-beleggen-we/waar-beleggen-we-in/aandelen-en-obligaties/#
Metal and Technology Pension Fund	Dover Corp	46.004.082	2025-12-31	EUR	https://www.pmt.nl/over-pmt/zo-beleggen-we/waar-beleggen-we-in/aandelen-en-obligaties/#
Metal and Technology Pension Fund	DSM BV	10.255.012	2025-12-31	EUR	https://www.pmt.nl/over-pmt/zo-beleggen-we/waar-beleggen-we-in/aandelen-en-obligaties/#
Metal and Technology Pension Fund	DSV A/S	9.409.088	2025-12-31	EUR	https://www.pmt.nl/over-pmt/zo-beleggen-we/waar-beleggen-we-in/aandelen-en-obligaties/#
Metal and Technology Pension Fund	DSV Panalpina Finance BV	57.161.118	2025-12-31	EUR	https://www.pmt.nl/over-pmt/zo-beleggen-we/waar-beleggen-we-in/aandelen-en-obligaties/#
Metal and Technology Pension Fund	DXC Capital Funding DAC	21.733.962	2025-12-31	EUR	https://www.pmt.nl/over-pmt/zo-beleggen-we/waar-beleggen-we-in/aandelen-en-obligaties/#
Metal and Technology Pension Fund	E.ON SE	24.795.789	2025-12-31	EUR	https://www.pmt.nl/over-pmt/zo-beleggen-we/waar-beleggen-we-in/aandelen-en-obligaties/#
Metal and Technology Pension Fund	Eaton Capital ULC	23.034.010	2025-12-31	EUR	https://www.pmt.nl/over-pmt/zo-beleggen-we/waar-beleggen-we-in/aandelen-en-obligaties/#
Metal and Technology Pension Fund	EDP Finance BV	40.218.992	2025-12-31	EUR	https://www.pmt.nl/over-pmt/zo-beleggen-we/waar-beleggen-we-in/aandelen-en-obligaties/#
Metal and Technology Pension Fund	EDP Servicios Financieros Espana SA	19.575.791	2025-12-31	EUR	https://www.pmt.nl/over-pmt/zo-beleggen-we/waar-beleggen-we-in/aandelen-en-obligaties/#
Metal and Technology Pension Fund	Electricite de France SA	42.206.059	2025-12-31	EUR	https://www.pmt.nl/over-pmt/zo-beleggen-we/waar-beleggen-we-in/aandelen-en-obligaties/#
Metal and Technology Pension Fund	Eli Lilly & Co	57.032.558	2025-12-31	EUR	https://www.pmt.nl/over-pmt/zo-beleggen-we/waar-beleggen-we-in/aandelen-en-obligaties/#
Metal and Technology Pension Fund	Elia Transmission Belgium SA	44.181.954	2025-12-31	EUR	https://www.pmt.nl/over-pmt/zo-beleggen-we/waar-beleggen-we-in/aandelen-en-obligaties/#
Metal and Technology Pension Fund	Elis SA	7.912.874	2025-12-31	EUR	https://www.pmt.nl/over-pmt/zo-beleggen-we/waar-beleggen-we-in/aandelen-en-obligaties/#
Metal and Technology Pension Fund	Ellevio AB	19.907.338	2025-12-31	EUR	https://www.pmt.nl/over-pmt/zo-beleggen-we/waar-beleggen-we-in/aandelen-en-obligaties/#
Metal and Technology Pension Fund	ELM BV for Swiss Prime Site AG	9.686.654	2025-12-31	EUR	https://www.pmt.nl/over-pmt/zo-beleggen-we/waar-beleggen-we-in/aandelen-en-obligaties/#
Metal and Technology Pension Fund	Emerson Electric Co	26.768.539	2025-12-31	EUR	https://www.pmt.nl/over-pmt/zo-beleggen-we/waar-beleggen-we-in/aandelen-en-obligaties/#
Metal and Technology Pension Fund	EnBW International Finance BV	35.279.307	2025-12-31	EUR	https://www.pmt.nl/over-pmt/zo-beleggen-we/waar-beleggen-we-in/aandelen-en-obligaties/#
Metal and Technology Pension Fund	Enel Finance International NV	82.231.372	2025-12-31	EUR	https://www.pmt.nl/over-pmt/zo-beleggen-we/waar-beleggen-we-in/aandelen-en-obligaties/#
Metal and Technology Pension Fund	Enel SpA	3.553.559	2025-12-31	EUR	https://www.pmt.nl/over-pmt/zo-beleggen-we/waar-beleggen-we-in/aandelen-en-obligaties/#
Metal and Technology Pension Fund	Enexis Holding NV	46.929.008	2025-12-31	EUR	https://www.pmt.nl/over-pmt/zo-beleggen-we/waar-beleggen-we-in/aandelen-en-obligaties/#
Metal and Technology Pension Fund	Engie SA	110.677.149	2025-12-31	EUR	https://www.pmt.nl/over-pmt/zo-beleggen-we/waar-beleggen-we-in/aandelen-en-obligaties/#
Metal and Technology Pension Fund	EQT AB	28.368.031	2025-12-31	EUR	https://www.pmt.nl/over-pmt/zo-beleggen-we/waar-beleggen-we-in/aandelen-en-obligaties/#
Metal and Technology Pension Fund	Equinix Europe 2 Financing Corp LLC	18.307.730	2025-12-31	EUR	https://www.pmt.nl/over-pmt/zo-beleggen-we/waar-beleggen-we-in/aandelen-en-obligaties/#
Metal and Technology Pension Fund	Equitable Financial Life Global Funding	36.710.746	2025-12-31	EUR	https://www.pmt.nl/over-pmt/zo-beleggen-we/waar-beleggen-we-in/aandelen-en-obligaties/#
Metal and Technology Pension Fund	EssilorLuxottica SA	45.258.570	2025-12-31	EUR	https://www.pmt.nl/over-pmt/zo-beleggen-we/waar-beleggen-we-in/aandelen-en-obligaties/#
Metal and Technology Pension Fund	Essity AB	9.717.123	2025-12-31	EUR	https://www.pmt.nl/over-pmt/zo-beleggen-we/waar-beleggen-we-in/aandelen-en-obligaties/#
Metal and Technology Pension Fund	Essity Capital BV	43.243.167	2025-12-31	EUR	https://www.pmt.nl/over-pmt/zo-beleggen-we/waar-beleggen-we-in/aandelen-en-obligaties/#
Metal and Technology Pension Fund	Euroclear Bank SA	13.647.352	2025-12-31	EUR	https://www.pmt.nl/over-pmt/zo-beleggen-we/waar-beleggen-we-in/aandelen-en-obligaties/#
Metal and Technology Pension Fund	Eurofins Scientific SE	44.080.064	2025-12-31	EUR	https://www.pmt.nl/over-pmt/zo-beleggen-we/waar-beleggen-we-in/aandelen-en-obligaties/#
Metal and Technology Pension Fund	Eurogrid GmbH	80.732.672	2025-12-31	EUR	https://www.pmt.nl/over-pmt/zo-beleggen-we/waar-beleggen-we-in/aandelen-en-obligaties/#
Metal and Technology Pension Fund	Euronext NV	7.293.234	2025-12-31	EUR	https://www.pmt.nl/over-pmt/zo-beleggen-we/waar-beleggen-we-in/aandelen-en-obligaties/#
Metal and Technology Pension Fund	EWE AG	16.713.420	2025-12-31	EUR	https://www.pmt.nl/over-pmt/zo-beleggen-we/waar-beleggen-we-in/aandelen-en-obligaties/#
Metal and Technology Pension Fund	Experian Europe DAC	9.981.541	2025-12-31	EUR	https://www.pmt.nl/over-pmt/zo-beleggen-we/waar-beleggen-we-in/aandelen-en-obligaties/#
Metal and Technology Pension Fund	Experian Finance PLC	23.857.390	2025-12-31	EUR	https://www.pmt.nl/over-pmt/zo-beleggen-we/waar-beleggen-we-in/aandelen-en-obligaties/#
Metal and Technology Pension Fund	FedEx Corp	34.351.776	2025-12-31	EUR	https://www.pmt.nl/over-pmt/zo-beleggen-we/waar-beleggen-we-in/aandelen-en-obligaties/#
Metal and Technology Pension Fund	Ferrovial Emisiones SA	13.278.473	2025-12-31	EUR	https://www.pmt.nl/over-pmt/zo-beleggen-we/waar-beleggen-we-in/aandelen-en-obligaties/#
Metal and Technology Pension Fund	Fidelity National Information Services Inc	60.301.695	2025-12-31	EUR	https://www.pmt.nl/over-pmt/zo-beleggen-we/waar-beleggen-we-in/aandelen-en-obligaties/#
Metal and Technology Pension Fund	Fingrid OYJ	23.165.626	2025-12-31	EUR	https://www.pmt.nl/over-pmt/zo-beleggen-we/waar-beleggen-we-in/aandelen-en-obligaties/#
Metal and Technology Pension Fund	Firmenich Productions Participations SAS	11.837.473	2025-12-31	EUR	https://www.pmt.nl/over-pmt/zo-beleggen-we/waar-beleggen-we-in/aandelen-en-obligaties/#
Metal and Technology Pension Fund	Fiserv Funding ULC	10.974.150	2025-12-31	EUR	https://www.pmt.nl/over-pmt/zo-beleggen-we/waar-beleggen-we-in/aandelen-en-obligaties/#
Metal and Technology Pension Fund	Fiserv Inc	51.494.101	2025-12-31	EUR	https://www.pmt.nl/over-pmt/zo-beleggen-we/waar-beleggen-we-in/aandelen-en-obligaties/#
Metal and Technology Pension Fund	Flutter Treasury DAC	4.130.982	2025-12-31	EUR	https://www.pmt.nl/over-pmt/zo-beleggen-we/waar-beleggen-we-in/aandelen-en-obligaties/#
Metal and Technology Pension Fund	FLUVIUS System Operator CV	16.355.571	2025-12-31	EUR	https://www.pmt.nl/over-pmt/zo-beleggen-we/waar-beleggen-we-in/aandelen-en-obligaties/#
Metal and Technology Pension Fund	Fortive Corp	24.628.017	2025-12-31	EUR	https://www.pmt.nl/over-pmt/zo-beleggen-we/waar-beleggen-we-in/aandelen-en-obligaties/#
Metal and Technology Pension Fund	Fortum OYJ	14.053.785	2025-12-31	EUR	https://www.pmt.nl/over-pmt/zo-beleggen-we/waar-beleggen-we-in/aandelen-en-obligaties/#
Metal and Technology Pension Fund	Fresenius Medical Care AG	27.178.018	2025-12-31	EUR	https://www.pmt.nl/over-pmt/zo-beleggen-we/waar-beleggen-we-in/aandelen-en-obligaties/#
Metal and Technology Pension Fund	Gatwick Funding Ltd	40.758.398	2025-12-31	EUR	https://www.pmt.nl/over-pmt/zo-beleggen-we/waar-beleggen-we-in/aandelen-en-obligaties/#
Metal and Technology Pension Fund	General Mills Inc	59.759.574	2025-12-31	EUR	https://www.pmt.nl/over-pmt/zo-beleggen-we/waar-beleggen-we-in/aandelen-en-obligaties/#
Metal and Technology Pension Fund	General Motors Financial Co Inc	21.022.886	2025-12-31	EUR	https://www.pmt.nl/over-pmt/zo-beleggen-we/waar-beleggen-we-in/aandelen-en-obligaties/#
Metal and Technology Pension Fund	Givaudan Finance Europe BV	15.674.393	2025-12-31	EUR	https://www.pmt.nl/over-pmt/zo-beleggen-we/waar-beleggen-we-in/aandelen-en-obligaties/#
Metal and Technology Pension Fund	GlaxoSmithKline Capital PLC	23.631.440	2025-12-31	EUR	https://www.pmt.nl/over-pmt/zo-beleggen-we/waar-beleggen-we-in/aandelen-en-obligaties/#
Metal and Technology Pension Fund	Global Payments Inc	23.214.830	2025-12-31	EUR	https://www.pmt.nl/over-pmt/zo-beleggen-we/waar-beleggen-we-in/aandelen-en-obligaties/#
Metal and Technology Pension Fund	Goldman Sachs Group Inc/The	5.783.983	2025-12-31	EUR	https://www.pmt.nl/over-pmt/zo-beleggen-we/waar-beleggen-we-in/aandelen-en-obligaties/#
Metal and Technology Pension Fund	Grand City Properties SA	15.076.519	2025-12-31	EUR	https://www.pmt.nl/over-pmt/zo-beleggen-we/waar-beleggen-we-in/aandelen-en-obligaties/#
Metal and Technology Pension Fund	Great-West Lifeco Inc	13.540.895	2025-12-31	EUR	https://www.pmt.nl/over-pmt/zo-beleggen-we/waar-beleggen-we-in/aandelen-en-obligaties/#
Metal and Technology Pension Fund	Groupe Bruxelles Lambert NV	19.753.852	2025-12-31	EUR	https://www.pmt.nl/over-pmt/zo-beleggen-we/waar-beleggen-we-in/aandelen-en-obligaties/#
Metal and Technology Pension Fund	GSK Capital BV	21.704.035	2025-12-31	EUR	https://www.pmt.nl/over-pmt/zo-beleggen-we/waar-beleggen-we-in/aandelen-en-obligaties/#
Metal and Technology Pension Fund	Haleon Netherlands Capital BV	12.538.081	2025-12-31	EUR	https://www.pmt.nl/over-pmt/zo-beleggen-we/waar-beleggen-we-in/aandelen-en-obligaties/#
Metal and Technology Pension Fund	Haleon UK Capital PLC	11.134.498	2025-12-31	EUR	https://www.pmt.nl/over-pmt/zo-beleggen-we/waar-beleggen-we-in/aandelen-en-obligaties/#
Metal and Technology Pension Fund	HCA Inc	1.988.741	2025-12-31	EUR	https://www.pmt.nl/over-pmt/zo-beleggen-we/waar-beleggen-we-in/aandelen-en-obligaties/#
Metal and Technology Pension Fund	Heathrow Funding Ltd	32.872.556	2025-12-31	EUR	https://www.pmt.nl/over-pmt/zo-beleggen-we/waar-beleggen-we-in/aandelen-en-obligaties/#
Metal and Technology Pension Fund	Heidelberg Materials AG	5.588.765	2025-12-31	EUR	https://www.pmt.nl/over-pmt/zo-beleggen-we/waar-beleggen-we-in/aandelen-en-obligaties/#
Metal and Technology Pension Fund	Heidelberg Materials Finance Luxembourg SA	22.973.067	2025-12-31	EUR	https://www.pmt.nl/over-pmt/zo-beleggen-we/waar-beleggen-we-in/aandelen-en-obligaties/#
Metal and Technology Pension Fund	Heineken NV	78.277.820	2025-12-31	EUR	https://www.pmt.nl/over-pmt/zo-beleggen-we/waar-beleggen-we-in/aandelen-en-obligaties/#
Metal and Technology Pension Fund	Henkel AG & Co KGaA	16.452.844	2025-12-31	EUR	https://www.pmt.nl/over-pmt/zo-beleggen-we/waar-beleggen-we-in/aandelen-en-obligaties/#
Metal and Technology Pension Fund	Highland Holdings Sarl	66.774.530	2025-12-31	EUR	https://www.pmt.nl/over-pmt/zo-beleggen-we/waar-beleggen-we-in/aandelen-en-obligaties/#
Metal and Technology Pension Fund	Holcim Finance Luxembourg SA	82.549.269	2025-12-31	EUR	https://www.pmt.nl/over-pmt/zo-beleggen-we/waar-beleggen-we-in/aandelen-en-obligaties/#
Metal and Technology Pension Fund	Huhtamaki OYJ	3.761.640	2025-12-31	EUR	https://www.pmt.nl/over-pmt/zo-beleggen-we/waar-beleggen-we-in/aandelen-en-obligaties/#
Metal and Technology Pension Fund	Iberdrola Finanzas SA	22.896.786	2025-12-31	EUR	https://www.pmt.nl/over-pmt/zo-beleggen-we/waar-beleggen-we-in/aandelen-en-obligaties/#
Metal and Technology Pension Fund	ICG PLC	43.502.779	2025-12-31	EUR	https://www.pmt.nl/over-pmt/zo-beleggen-we/waar-beleggen-we-in/aandelen-en-obligaties/#
Metal and Technology Pension Fund	IDS Financing PLC	42.466.086	2025-12-31	EUR	https://www.pmt.nl/over-pmt/zo-beleggen-we/waar-beleggen-we-in/aandelen-en-obligaties/#
Metal and Technology Pension Fund	IHG Finance LLC	56.960.783	2025-12-31	EUR	https://www.pmt.nl/over-pmt/zo-beleggen-we/waar-beleggen-we-in/aandelen-en-obligaties/#
Metal and Technology Pension Fund	Illinois Tool Works Inc	88.044.269	2025-12-31	EUR	https://www.pmt.nl/over-pmt/zo-beleggen-we/waar-beleggen-we-in/aandelen-en-obligaties/#
Metal and Technology Pension Fund	IMCD NV	54.732.862	2025-12-31	EUR	https://www.pmt.nl/over-pmt/zo-beleggen-we/waar-beleggen-we-in/aandelen-en-obligaties/#
Metal and Technology Pension Fund	In'li SA	27.756.357	2025-12-31	EUR	https://www.pmt.nl/over-pmt/zo-beleggen-we/waar-beleggen-we-in/aandelen-en-obligaties/#
Metal and Technology Pension Fund	Infineon Technologies AG	50.441.651	2025-12-31	EUR	https://www.pmt.nl/over-pmt/zo-beleggen-we/waar-beleggen-we-in/aandelen-en-obligaties/#
Metal and Technology Pension Fund	Informa PLC	43.347.227	2025-12-31	EUR	https://www.pmt.nl/over-pmt/zo-beleggen-we/waar-beleggen-we-in/aandelen-en-obligaties/#
Metal and Technology Pension Fund	ING Bank NV	9.603.048	2025-12-31	EUR	https://www.pmt.nl/over-pmt/zo-beleggen-we/waar-beleggen-we-in/aandelen-en-obligaties/#
Metal and Technology Pension Fund	ING Groep NV	128.263.027	2025-12-31	EUR	https://www.pmt.nl/over-pmt/zo-beleggen-we/waar-beleggen-we-in/aandelen-en-obligaties/#
Metal and Technology Pension Fund	International Business Machines Corp	114.681.504	2025-12-31	EUR	https://www.pmt.nl/over-pmt/zo-beleggen-we/waar-beleggen-we-in/aandelen-en-obligaties/#
Metal and Technology Pension Fund	International Flavors & Fragrances Inc	24.275.301	2025-12-31	EUR	https://www.pmt.nl/over-pmt/zo-beleggen-we/waar-beleggen-we-in/aandelen-en-obligaties/#
Metal and Technology Pension Fund	Investor AB	73.697.046	2025-12-31	EUR	https://www.pmt.nl/over-pmt/zo-beleggen-we/waar-beleggen-we-in/aandelen-en-obligaties/#
Metal and Technology Pension Fund	ISS Global A/S	25.441.595	2025-12-31	EUR	https://www.pmt.nl/over-pmt/zo-beleggen-we/waar-beleggen-we-in/aandelen-en-obligaties/#
Metal and Technology Pension Fund	Italgas SpA	25.970.638	2025-12-31	EUR	https://www.pmt.nl/over-pmt/zo-beleggen-we/waar-beleggen-we-in/aandelen-en-obligaties/#
Metal and Technology Pension Fund	IWG US Finance LLC	13.120.050	2025-12-31	EUR	https://www.pmt.nl/over-pmt/zo-beleggen-we/waar-beleggen-we-in/aandelen-en-obligaties/#
Metal and Technology Pension Fund	JAB Holdings BV	18.528.555	2025-12-31	EUR	https://www.pmt.nl/over-pmt/zo-beleggen-we/waar-beleggen-we-in/aandelen-en-obligaties/#
Metal and Technology Pension Fund	JCDecaux SE	8.596.217	2025-12-31	EUR	https://www.pmt.nl/over-pmt/zo-beleggen-we/waar-beleggen-we-in/aandelen-en-obligaties/#
Metal and Technology Pension Fund	JDE Peet's NV	64.695.696	2025-12-31	EUR	https://www.pmt.nl/over-pmt/zo-beleggen-we/waar-beleggen-we-in/aandelen-en-obligaties/#
Metal and Technology Pension Fund	JH North America Holdings Inc	4.506.506	2025-12-31	EUR	https://www.pmt.nl/over-pmt/zo-beleggen-we/waar-beleggen-we-in/aandelen-en-obligaties/#
Metal and Technology Pension Fund	John Deere Bank SA	47.823.621	2025-12-31	EUR	https://www.pmt.nl/over-pmt/zo-beleggen-we/waar-beleggen-we-in/aandelen-en-obligaties/#
Metal and Technology Pension Fund	John Deere Capital Corp	12.039.285	2025-12-31	EUR	https://www.pmt.nl/over-pmt/zo-beleggen-we/waar-beleggen-we-in/aandelen-en-obligaties/#
Metal and Technology Pension Fund	Johnson & Johnson	89.233.580	2025-12-31	EUR	https://www.pmt.nl/over-pmt/zo-beleggen-we/waar-beleggen-we-in/aandelen-en-obligaties/#
Metal and Technology Pension Fund	Johnson Controls International plc / Tyco Fire & Security Finance SCA	26.746.521	2025-12-31	EUR	https://www.pmt.nl/over-pmt/zo-beleggen-we/waar-beleggen-we-in/aandelen-en-obligaties/#
Metal and Technology Pension Fund	JPMorgan Chase & Co	131.578.627	2025-12-31	EUR	https://www.pmt.nl/over-pmt/zo-beleggen-we/waar-beleggen-we-in/aandelen-en-obligaties/#
Metal and Technology Pension Fund	Jyske Bank A/S	54.901.408	2025-12-31	EUR	https://www.pmt.nl/over-pmt/zo-beleggen-we/waar-beleggen-we-in/aandelen-en-obligaties/#
Metal and Technology Pension Fund	KBC Group NV	87.616.223	2025-12-31	EUR	https://www.pmt.nl/over-pmt/zo-beleggen-we/waar-beleggen-we-in/aandelen-en-obligaties/#
Metal and Technology Pension Fund	KBC IFIMA SA	23.650.616	2025-12-31	EUR	https://www.pmt.nl/over-pmt/zo-beleggen-we/waar-beleggen-we-in/aandelen-en-obligaties/#
Metal and Technology Pension Fund	Kerry Group Financial Services	34.481.216	2025-12-31	EUR	https://www.pmt.nl/over-pmt/zo-beleggen-we/waar-beleggen-we-in/aandelen-en-obligaties/#
Metal and Technology Pension Fund	Kingspan Securities Ireland DAC	21.896.374	2025-12-31	EUR	https://www.pmt.nl/over-pmt/zo-beleggen-we/waar-beleggen-we-in/aandelen-en-obligaties/#
Metal and Technology Pension Fund	Knorr-Bremse AG	10.419.011	2025-12-31	EUR	https://www.pmt.nl/over-pmt/zo-beleggen-we/waar-beleggen-we-in/aandelen-en-obligaties/#
Metal and Technology Pension Fund	Kojamo Oyj	10.764.554	2025-12-31	EUR	https://www.pmt.nl/over-pmt/zo-beleggen-we/waar-beleggen-we-in/aandelen-en-obligaties/#
Metal and Technology Pension Fund	Koninklijke Ahold Delhaize NV	74.934.215	2025-12-31	EUR	https://www.pmt.nl/over-pmt/zo-beleggen-we/waar-beleggen-we-in/aandelen-en-obligaties/#
Metal and Technology Pension Fund	Koninklijke KPN NV	32.109.975	2025-12-31	EUR	https://www.pmt.nl/over-pmt/zo-beleggen-we/waar-beleggen-we-in/aandelen-en-obligaties/#
Metal and Technology Pension Fund	Kraft Heinz Foods Co	47.643.347	2025-12-31	EUR	https://www.pmt.nl/over-pmt/zo-beleggen-we/waar-beleggen-we-in/aandelen-en-obligaties/#
Metal and Technology Pension Fund	Kreditanstalt fuer Wiederaufbau	906.66	2025-12-31	EUR	https://www.pmt.nl/over-pmt/zo-beleggen-we/waar-beleggen-we-in/aandelen-en-obligaties/#
Metal and Technology Pension Fund	L'Oreal SA	71.002.286	2025-12-31	EUR	https://www.pmt.nl/over-pmt/zo-beleggen-we/waar-beleggen-we-in/aandelen-en-obligaties/#
Metal and Technology Pension Fund	La Poste SA	45.973.670	2025-12-31	EUR	https://www.pmt.nl/over-pmt/zo-beleggen-we/waar-beleggen-we-in/aandelen-en-obligaties/#
Metal and Technology Pension Fund	Lansforsakringar Bank AB	73.369.633	2025-12-31	EUR	https://www.pmt.nl/over-pmt/zo-beleggen-we/waar-beleggen-we-in/aandelen-en-obligaties/#
Metal and Technology Pension Fund	LANXESS AG	7.070.695	2025-12-31	EUR	https://www.pmt.nl/over-pmt/zo-beleggen-we/waar-beleggen-we-in/aandelen-en-obligaties/#
Metal and Technology Pension Fund	LEG Immobilien SE	22.518.476	2025-12-31	EUR	https://www.pmt.nl/over-pmt/zo-beleggen-we/waar-beleggen-we-in/aandelen-en-obligaties/#
Metal and Technology Pension Fund	Linde PLC	95.732.393	2025-12-31	EUR	https://www.pmt.nl/over-pmt/zo-beleggen-we/waar-beleggen-we-in/aandelen-en-obligaties/#
Metal and Technology Pension Fund	LKQ Dutch Bond BV	22.119.059	2025-12-31	EUR	https://www.pmt.nl/over-pmt/zo-beleggen-we/waar-beleggen-we-in/aandelen-en-obligaties/#
Metal and Technology Pension Fund	Lloyds Banking Group PLC	20.154.533	2025-12-31	EUR	https://www.pmt.nl/over-pmt/zo-beleggen-we/waar-beleggen-we-in/aandelen-en-obligaties/#
Metal and Technology Pension Fund	London Stock Exchange Group PLC	29.873.289	2025-12-31	EUR	https://www.pmt.nl/over-pmt/zo-beleggen-we/waar-beleggen-we-in/aandelen-en-obligaties/#
Metal and Technology Pension Fund	Lonza Finance International NV	61.830.823	2025-12-31	EUR	https://www.pmt.nl/over-pmt/zo-beleggen-we/waar-beleggen-we-in/aandelen-en-obligaties/#
Metal and Technology Pension Fund	Louis Dreyfus Co Finance BV	29.302.617	2025-12-31	EUR	https://www.pmt.nl/over-pmt/zo-beleggen-we/waar-beleggen-we-in/aandelen-en-obligaties/#
Metal and Technology Pension Fund	Lseg Netherlands BV	56.784.509	2025-12-31	EUR	https://www.pmt.nl/over-pmt/zo-beleggen-we/waar-beleggen-we-in/aandelen-en-obligaties/#
Metal and Technology Pension Fund	Lunar Funding V for Swisscom AG	21.935.606	2025-12-31	EUR	https://www.pmt.nl/over-pmt/zo-beleggen-we/waar-beleggen-we-in/aandelen-en-obligaties/#
Metal and Technology Pension Fund	Magnum Icc Finance BV	29.886.254	2025-12-31	EUR	https://www.pmt.nl/over-pmt/zo-beleggen-we/waar-beleggen-we-in/aandelen-en-obligaties/#
Metal and Technology Pension Fund	Manchester Airport Group Funding PLC	28.255.925	2025-12-31	EUR	https://www.pmt.nl/over-pmt/zo-beleggen-we/waar-beleggen-we-in/aandelen-en-obligaties/#
Metal and Technology Pension Fund	ManpowerGroup Inc	26.983.507	2025-12-31	EUR	https://www.pmt.nl/over-pmt/zo-beleggen-we/waar-beleggen-we-in/aandelen-en-obligaties/#
Metal and Technology Pension Fund	Marsh & McLennan Cos Inc	39.091.332	2025-12-31	EUR	https://www.pmt.nl/over-pmt/zo-beleggen-we/waar-beleggen-we-in/aandelen-en-obligaties/#
Metal and Technology Pension Fund	MassMutual Global Funding II	32.457.411	2025-12-31	EUR	https://www.pmt.nl/over-pmt/zo-beleggen-we/waar-beleggen-we-in/aandelen-en-obligaties/#
Metal and Technology Pension Fund	Mattel Inc	1.710.079	2025-12-31	EUR	https://www.pmt.nl/over-pmt/zo-beleggen-we/waar-beleggen-we-in/aandelen-en-obligaties/#
Metal and Technology Pension Fund	McDonald's Corp	57.010.178	2025-12-31	EUR	https://www.pmt.nl/over-pmt/zo-beleggen-we/waar-beleggen-we-in/aandelen-en-obligaties/#
Metal and Technology Pension Fund	Medtronic Inc	25.904.893	2025-12-31	EUR	https://www.pmt.nl/over-pmt/zo-beleggen-we/waar-beleggen-we-in/aandelen-en-obligaties/#
Metal and Technology Pension Fund	Merck & Co Inc	38.614.869	2025-12-31	EUR	https://www.pmt.nl/over-pmt/zo-beleggen-we/waar-beleggen-we-in/aandelen-en-obligaties/#
Metal and Technology Pension Fund	Merlin Properties Socimi SA	5.127.829	2025-12-31	EUR	https://www.pmt.nl/over-pmt/zo-beleggen-we/waar-beleggen-we-in/aandelen-en-obligaties/#
Metal and Technology Pension Fund	Metropolitan Life Global Funding I	101.405.969	2025-12-31	EUR	https://www.pmt.nl/over-pmt/zo-beleggen-we/waar-beleggen-we-in/aandelen-en-obligaties/#
Metal and Technology Pension Fund	Microsoft Corp	46.916.072	2025-12-31	EUR	https://www.pmt.nl/over-pmt/zo-beleggen-we/waar-beleggen-we-in/aandelen-en-obligaties/#
Metal and Technology Pension Fund	Molnlycke Holding AB	15.777.944	2025-12-31	EUR	https://www.pmt.nl/over-pmt/zo-beleggen-we/waar-beleggen-we-in/aandelen-en-obligaties/#
Metal and Technology Pension Fund	Molson Coors Beverage Co	24.791.539	2025-12-31	EUR	https://www.pmt.nl/over-pmt/zo-beleggen-we/waar-beleggen-we-in/aandelen-en-obligaties/#
Metal and Technology Pension Fund	Mondelez International Inc	87.368.261	2025-12-31	EUR	https://www.pmt.nl/over-pmt/zo-beleggen-we/waar-beleggen-we-in/aandelen-en-obligaties/#
Metal and Technology Pension Fund	Mondi Finance Europe GmbH	10.181.116	2025-12-31	EUR	https://www.pmt.nl/over-pmt/zo-beleggen-we/waar-beleggen-we-in/aandelen-en-obligaties/#
Metal and Technology Pension Fund	Mondi Finance PLC	55.979.745	2025-12-31	EUR	https://www.pmt.nl/over-pmt/zo-beleggen-we/waar-beleggen-we-in/aandelen-en-obligaties/#
Metal and Technology Pension Fund	Moody's Corp	58.377.937	2025-12-31	EUR	https://www.pmt.nl/over-pmt/zo-beleggen-we/waar-beleggen-we-in/aandelen-en-obligaties/#
Metal and Technology Pension Fund	Morgan Stanley	94.974.452	2025-12-31	EUR	https://www.pmt.nl/over-pmt/zo-beleggen-we/waar-beleggen-we-in/aandelen-en-obligaties/#
Metal and Technology Pension Fund	Motability Operations Group PLC	106.601.524	2025-12-31	EUR	https://www.pmt.nl/over-pmt/zo-beleggen-we/waar-beleggen-we-in/aandelen-en-obligaties/#
Metal and Technology Pension Fund	MSD Netherlands Capital BV	18.506.485	2025-12-31	EUR	https://www.pmt.nl/over-pmt/zo-beleggen-we/waar-beleggen-we-in/aandelen-en-obligaties/#
Metal and Technology Pension Fund	MTU Aero Engines AG	13.975.739	2025-12-31	EUR	https://www.pmt.nl/over-pmt/zo-beleggen-we/waar-beleggen-we-in/aandelen-en-obligaties/#
Metal and Technology Pension Fund	Nasdaq Inc	58.323.028	2025-12-31	EUR	https://www.pmt.nl/over-pmt/zo-beleggen-we/waar-beleggen-we-in/aandelen-en-obligaties/#
Metal and Technology Pension Fund	National Australia Bank Ltd	1.881.272	2025-12-31	EUR	https://www.pmt.nl/over-pmt/zo-beleggen-we/waar-beleggen-we-in/aandelen-en-obligaties/#
Metal and Technology Pension Fund	National Grid Electricity Transmission PLC	17.843.164	2025-12-31	EUR	https://www.pmt.nl/over-pmt/zo-beleggen-we/waar-beleggen-we-in/aandelen-en-obligaties/#
Metal and Technology Pension Fund	National Grid North America Inc	26.470.957	2025-12-31	EUR	https://www.pmt.nl/over-pmt/zo-beleggen-we/waar-beleggen-we-in/aandelen-en-obligaties/#
Metal and Technology Pension Fund	National Grid PLC	32.471.536	2025-12-31	EUR	https://www.pmt.nl/over-pmt/zo-beleggen-we/waar-beleggen-we-in/aandelen-en-obligaties/#
Metal and Technology Pension Fund	Nationwide Building Society	89.381.726	2025-12-31	EUR	https://www.pmt.nl/over-pmt/zo-beleggen-we/waar-beleggen-we-in/aandelen-en-obligaties/#
Metal and Technology Pension Fund	Natixis Corporate & Investment Banking Luxembourg SA	4.650.709	2025-12-31	EUR	https://www.pmt.nl/over-pmt/zo-beleggen-we/waar-beleggen-we-in/aandelen-en-obligaties/#
Metal and Technology Pension Fund	NatWest Group PLC	61.454.926	2025-12-31	EUR	https://www.pmt.nl/over-pmt/zo-beleggen-we/waar-beleggen-we-in/aandelen-en-obligaties/#
Metal and Technology Pension Fund	Nederlandse Gasunie NV	73.027.075	2025-12-31	EUR	https://www.pmt.nl/over-pmt/zo-beleggen-we/waar-beleggen-we-in/aandelen-en-obligaties/#
Metal and Technology Pension Fund	Neste Oyj	62.128.379	2025-12-31	EUR	https://www.pmt.nl/over-pmt/zo-beleggen-we/waar-beleggen-we-in/aandelen-en-obligaties/#
Metal and Technology Pension Fund	Nestle Finance International Ltd	68.960.477	2025-12-31	EUR	https://www.pmt.nl/over-pmt/zo-beleggen-we/waar-beleggen-we-in/aandelen-en-obligaties/#
Metal and Technology Pension Fund	News Corp	4.448.202	2025-12-31	EUR	https://www.pmt.nl/over-pmt/zo-beleggen-we/waar-beleggen-we-in/aandelen-en-obligaties/#
Metal and Technology Pension Fund	Nordea Bank Abp	76.050.298	2025-12-31	EUR	https://www.pmt.nl/over-pmt/zo-beleggen-we/waar-beleggen-we-in/aandelen-en-obligaties/#
Metal and Technology Pension Fund	Novartis Finance SA	64.548.842	2025-12-31	EUR	https://www.pmt.nl/over-pmt/zo-beleggen-we/waar-beleggen-we-in/aandelen-en-obligaties/#
Metal and Technology Pension Fund	Novo Nordisk Finance Netherlands BV	156.126.719	2025-12-31	EUR	https://www.pmt.nl/over-pmt/zo-beleggen-we/waar-beleggen-we-in/aandelen-en-obligaties/#
Metal and Technology Pension Fund	NTT Finance Corp	46.880.639	2025-12-31	EUR	https://www.pmt.nl/over-pmt/zo-beleggen-we/waar-beleggen-we-in/aandelen-en-obligaties/#
Metal and Technology Pension Fund	Nykredit Realkredit A/S	63.008.854	2025-12-31	EUR	https://www.pmt.nl/over-pmt/zo-beleggen-we/waar-beleggen-we-in/aandelen-en-obligaties/#
Metal and Technology Pension Fund	OP Corporate Bank plc	33.440.117	2025-12-31	EUR	https://www.pmt.nl/over-pmt/zo-beleggen-we/waar-beleggen-we-in/aandelen-en-obligaties/#
Metal and Technology Pension Fund	Orange SA	69.048.299	2025-12-31	EUR	https://www.pmt.nl/over-pmt/zo-beleggen-we/waar-beleggen-we-in/aandelen-en-obligaties/#
Metal and Technology Pension Fund	Origin Energy Finance Ltd	17.137.996	2025-12-31	EUR	https://www.pmt.nl/over-pmt/zo-beleggen-we/waar-beleggen-we-in/aandelen-en-obligaties/#
Metal and Technology Pension Fund	PACCAR Financial Europe BV	66.231.805	2025-12-31	EUR	https://www.pmt.nl/over-pmt/zo-beleggen-we/waar-beleggen-we-in/aandelen-en-obligaties/#
Metal and Technology Pension Fund	Parker-Hannifin Corp	20.059.827	2025-12-31	EUR	https://www.pmt.nl/over-pmt/zo-beleggen-we/waar-beleggen-we-in/aandelen-en-obligaties/#
Metal and Technology Pension Fund	PepsiCo Inc	78.354.378	2025-12-31	EUR	https://www.pmt.nl/over-pmt/zo-beleggen-we/waar-beleggen-we-in/aandelen-en-obligaties/#
Metal and Technology Pension Fund	Pernod Ricard SA	46.054.559	2025-12-31	EUR	https://www.pmt.nl/over-pmt/zo-beleggen-we/waar-beleggen-we-in/aandelen-en-obligaties/#
Metal and Technology Pension Fund	Pfizer Netherlands International Finance BV	36.779.327	2025-12-31	EUR	https://www.pmt.nl/over-pmt/zo-beleggen-we/waar-beleggen-we-in/aandelen-en-obligaties/#
Metal and Technology Pension Fund	PPG Industries Inc	55.405.945	2025-12-31	EUR	https://www.pmt.nl/over-pmt/zo-beleggen-we/waar-beleggen-we-in/aandelen-en-obligaties/#
Metal and Technology Pension Fund	Procter & Gamble Co/The	79.550.933	2025-12-31	EUR	https://www.pmt.nl/over-pmt/zo-beleggen-we/waar-beleggen-we-in/aandelen-en-obligaties/#
Metal and Technology Pension Fund	Prologis Euro Finance LLC	67.824.289	2025-12-31	EUR	https://www.pmt.nl/over-pmt/zo-beleggen-we/waar-beleggen-we-in/aandelen-en-obligaties/#
Metal and Technology Pension Fund	Prologis International Funding II SA	25.514.724	2025-12-31	EUR	https://www.pmt.nl/over-pmt/zo-beleggen-we/waar-beleggen-we-in/aandelen-en-obligaties/#
Metal and Technology Pension Fund	Proximus SADP	29.991.935	2025-12-31	EUR	https://www.pmt.nl/over-pmt/zo-beleggen-we/waar-beleggen-we-in/aandelen-en-obligaties/#
Metal and Technology Pension Fund	Publicis Groupe SA	18.388.994	2025-12-31	EUR	https://www.pmt.nl/over-pmt/zo-beleggen-we/waar-beleggen-we-in/aandelen-en-obligaties/#
Metal and Technology Pension Fund	Raiffeisen Schweiz Genossenschaft	41.491.567	2025-12-31	EUR	https://www.pmt.nl/over-pmt/zo-beleggen-we/waar-beleggen-we-in/aandelen-en-obligaties/#
Metal and Technology Pension Fund	Randstad NV	16.077.529	2025-12-31	EUR	https://www.pmt.nl/over-pmt/zo-beleggen-we/waar-beleggen-we-in/aandelen-en-obligaties/#
Metal and Technology Pension Fund	Reckitt Benckiser Treasury Services Nederland BV	15.105.681	2025-12-31	EUR	https://www.pmt.nl/over-pmt/zo-beleggen-we/waar-beleggen-we-in/aandelen-en-obligaties/#
Metal and Technology Pension Fund	Reckitt Benckiser Treasury Services PLC	78.834.826	2025-12-31	EUR	https://www.pmt.nl/over-pmt/zo-beleggen-we/waar-beleggen-we-in/aandelen-en-obligaties/#
Metal and Technology Pension Fund	RELX Finance BV	27.559.377	2025-12-31	EUR	https://www.pmt.nl/over-pmt/zo-beleggen-we/waar-beleggen-we-in/aandelen-en-obligaties/#
Metal and Technology Pension Fund	Rentokil Initial PLC	4.139.730	2025-12-31	EUR	https://www.pmt.nl/over-pmt/zo-beleggen-we/waar-beleggen-we-in/aandelen-en-obligaties/#
Metal and Technology Pension Fund	Repsol International Finance BV	1.929.914	2025-12-31	EUR	https://www.pmt.nl/over-pmt/zo-beleggen-we/waar-beleggen-we-in/aandelen-en-obligaties/#
Metal and Technology Pension Fund	Roche Finance Europe BV	52.190.991	2025-12-31	EUR	https://www.pmt.nl/over-pmt/zo-beleggen-we/waar-beleggen-we-in/aandelen-en-obligaties/#
Metal and Technology Pension Fund	Royal Bank of Canada	76.455.423	2025-12-31	EUR	https://www.pmt.nl/over-pmt/zo-beleggen-we/waar-beleggen-we-in/aandelen-en-obligaties/#
Metal and Technology Pension Fund	Royal Schiphol Group NV	47.251.946	2025-12-31	EUR	https://www.pmt.nl/over-pmt/zo-beleggen-we/waar-beleggen-we-in/aandelen-en-obligaties/#
Metal and Technology Pension Fund	RTE Reseau de Transport d'Electricite SADIR	63.307.161	2025-12-31	EUR	https://www.pmt.nl/over-pmt/zo-beleggen-we/waar-beleggen-we-in/aandelen-en-obligaties/#
Metal and Technology Pension Fund	RWE AG	24.365.324	2025-12-31	EUR	https://www.pmt.nl/over-pmt/zo-beleggen-we/waar-beleggen-we-in/aandelen-en-obligaties/#
Metal and Technology Pension Fund	Sage Group PLC/The	30.199.772	2025-12-31	EUR	https://www.pmt.nl/over-pmt/zo-beleggen-we/waar-beleggen-we-in/aandelen-en-obligaties/#
Metal and Technology Pension Fund	Sandoz Finance BV	25.736.181	2025-12-31	EUR	https://www.pmt.nl/over-pmt/zo-beleggen-we/waar-beleggen-we-in/aandelen-en-obligaties/#
Metal and Technology Pension Fund	Sandvik AB	20.465.784	2025-12-31	EUR	https://www.pmt.nl/over-pmt/zo-beleggen-we/waar-beleggen-we-in/aandelen-en-obligaties/#
Metal and Technology Pension Fund	Sanofi SA	96.119.961	2025-12-31	EUR	https://www.pmt.nl/over-pmt/zo-beleggen-we/waar-beleggen-we-in/aandelen-en-obligaties/#
Metal and Technology Pension Fund	Santander UK Group Holdings PLC	15.459.377	2025-12-31	EUR	https://www.pmt.nl/over-pmt/zo-beleggen-we/waar-beleggen-we-in/aandelen-en-obligaties/#
Metal and Technology Pension Fund	Sartorius Finance BV	94.913.705	2025-12-31	EUR	https://www.pmt.nl/over-pmt/zo-beleggen-we/waar-beleggen-we-in/aandelen-en-obligaties/#
Metal and Technology Pension Fund	Scentre Group Trust 1 / Scentre Group Trust 2	19.989.845	2025-12-31	EUR	https://www.pmt.nl/over-pmt/zo-beleggen-we/waar-beleggen-we-in/aandelen-en-obligaties/#
Metal and Technology Pension Fund	Scentre Management Ltd	9.524.599	2025-12-31	EUR	https://www.pmt.nl/over-pmt/zo-beleggen-we/waar-beleggen-we-in/aandelen-en-obligaties/#
Metal and Technology Pension Fund	Schneider Electric SE	45.702.581	2025-12-31	EUR	https://www.pmt.nl/over-pmt/zo-beleggen-we/waar-beleggen-we-in/aandelen-en-obligaties/#
Metal and Technology Pension Fund	Scottish Hydro Electric Transmission PLC	41.621.815	2025-12-31	EUR	https://www.pmt.nl/over-pmt/zo-beleggen-we/waar-beleggen-we-in/aandelen-en-obligaties/#
Metal and Technology Pension Fund	SES SA	42.856.185	2025-12-31	EUR	https://www.pmt.nl/over-pmt/zo-beleggen-we/waar-beleggen-we-in/aandelen-en-obligaties/#
Metal and Technology Pension Fund	SGS Finance BV	12.210.815	2025-12-31	EUR	https://www.pmt.nl/over-pmt/zo-beleggen-we/waar-beleggen-we-in/aandelen-en-obligaties/#
Metal and Technology Pension Fund	SGS Nederland Holding BV	20.751.019	2025-12-31	EUR	https://www.pmt.nl/over-pmt/zo-beleggen-we/waar-beleggen-we-in/aandelen-en-obligaties/#
Metal and Technology Pension Fund	Shell International Finance BV	92.515.554	2025-12-31	EUR	https://www.pmt.nl/over-pmt/zo-beleggen-we/waar-beleggen-we-in/aandelen-en-obligaties/#
Metal and Technology Pension Fund	Siemens Financieringsmaatschappij NV	80.204.339	2025-12-31	EUR	https://www.pmt.nl/over-pmt/zo-beleggen-we/waar-beleggen-we-in/aandelen-en-obligaties/#
Metal and Technology Pension Fund	Sika Capital BV	95.392.256	2025-12-31	EUR	https://www.pmt.nl/over-pmt/zo-beleggen-we/waar-beleggen-we-in/aandelen-en-obligaties/#
Metal and Technology Pension Fund	Silfin NV	14.759.676	2025-12-31	EUR	https://www.pmt.nl/over-pmt/zo-beleggen-we/waar-beleggen-we-in/aandelen-en-obligaties/#
Metal and Technology Pension Fund	Skandinaviska Enskilda Banken AB	38.543.850	2025-12-31	EUR	https://www.pmt.nl/over-pmt/zo-beleggen-we/waar-beleggen-we-in/aandelen-en-obligaties/#
Metal and Technology Pension Fund	Smurfit Kappa Treasury ULC	16.578.595	2025-12-31	EUR	https://www.pmt.nl/over-pmt/zo-beleggen-we/waar-beleggen-we-in/aandelen-en-obligaties/#
Metal and Technology Pension Fund	Snam SpA	35.869.662	2025-12-31	EUR	https://www.pmt.nl/over-pmt/zo-beleggen-we/waar-beleggen-we-in/aandelen-en-obligaties/#
Metal and Technology Pension Fund	Societe Generale SA	21.092.278	2025-12-31	EUR	https://www.pmt.nl/over-pmt/zo-beleggen-we/waar-beleggen-we-in/aandelen-en-obligaties/#
Metal and Technology Pension Fund	SpareBank 1 Sor-Norge ASA	15.471.872	2025-12-31	EUR	https://www.pmt.nl/over-pmt/zo-beleggen-we/waar-beleggen-we-in/aandelen-en-obligaties/#
Metal and Technology Pension Fund	Sprint Capital Corp	2.304.313	2025-12-31	EUR	https://www.pmt.nl/over-pmt/zo-beleggen-we/waar-beleggen-we-in/aandelen-en-obligaties/#
Metal and Technology Pension Fund	SSE PLC	4.138.417	2025-12-31	EUR	https://www.pmt.nl/over-pmt/zo-beleggen-we/waar-beleggen-we-in/aandelen-en-obligaties/#
Metal and Technology Pension Fund	Standard Chartered PLC	23.799.718	2025-12-31	EUR	https://www.pmt.nl/over-pmt/zo-beleggen-we/waar-beleggen-we-in/aandelen-en-obligaties/#
Metal and Technology Pension Fund	Statkraft AS	17.957.872	2025-12-31	EUR	https://www.pmt.nl/over-pmt/zo-beleggen-we/waar-beleggen-we-in/aandelen-en-obligaties/#
Metal and Technology Pension Fund	Stedin Holding NV	29.568.854	2025-12-31	EUR	https://www.pmt.nl/over-pmt/zo-beleggen-we/waar-beleggen-we-in/aandelen-en-obligaties/#
Metal and Technology Pension Fund	Stryker Corp	47.441.957	2025-12-31	EUR	https://www.pmt.nl/over-pmt/zo-beleggen-we/waar-beleggen-we-in/aandelen-en-obligaties/#
Metal and Technology Pension Fund	Sumitomo Mitsui Financial Group Inc	28.682.030	2025-12-31	EUR	https://www.pmt.nl/over-pmt/zo-beleggen-we/waar-beleggen-we-in/aandelen-en-obligaties/#
Metal and Technology Pension Fund	Svenska Handelsbanken AB	80.895.423	2025-12-31	EUR	https://www.pmt.nl/over-pmt/zo-beleggen-we/waar-beleggen-we-in/aandelen-en-obligaties/#
Metal and Technology Pension Fund	Swiss Life Finance I Ltd	19.082.333	2025-12-31	EUR	https://www.pmt.nl/over-pmt/zo-beleggen-we/waar-beleggen-we-in/aandelen-en-obligaties/#
Metal and Technology Pension Fund	Swisscom Finance BV	91.106.720	2025-12-31	EUR	https://www.pmt.nl/over-pmt/zo-beleggen-we/waar-beleggen-we-in/aandelen-en-obligaties/#
Metal and Technology Pension Fund	Sydney Airport Finance Co Pty Ltd	60.705.324	2025-12-31	EUR	https://www.pmt.nl/over-pmt/zo-beleggen-we/waar-beleggen-we-in/aandelen-en-obligaties/#
Metal and Technology Pension Fund	Syensqo SA	17.509.219	2025-12-31	EUR	https://www.pmt.nl/over-pmt/zo-beleggen-we/waar-beleggen-we-in/aandelen-en-obligaties/#
Metal and Technology Pension Fund	Symrise AG	22.594.308	2025-12-31	EUR	https://www.pmt.nl/over-pmt/zo-beleggen-we/waar-beleggen-we-in/aandelen-en-obligaties/#
Metal and Technology Pension Fund	TAG Immobilien AG	11.470.295	2025-12-31	EUR	https://www.pmt.nl/over-pmt/zo-beleggen-we/waar-beleggen-we-in/aandelen-en-obligaties/#
Metal and Technology Pension Fund	Takeda Pharmaceutical Co Ltd	70.686.048	2025-12-31	EUR	https://www.pmt.nl/over-pmt/zo-beleggen-we/waar-beleggen-we-in/aandelen-en-obligaties/#
Metal and Technology Pension Fund	Tele2 AB	17.553.700	2025-12-31	EUR	https://www.pmt.nl/over-pmt/zo-beleggen-we/waar-beleggen-we-in/aandelen-en-obligaties/#
Metal and Technology Pension Fund	Telefonica Emisiones SAU	24.992.373	2025-12-31	EUR	https://www.pmt.nl/over-pmt/zo-beleggen-we/waar-beleggen-we-in/aandelen-en-obligaties/#
Metal and Technology Pension Fund	Telenor ASA	54.577.067	2025-12-31	EUR	https://www.pmt.nl/over-pmt/zo-beleggen-we/waar-beleggen-we-in/aandelen-en-obligaties/#
Metal and Technology Pension Fund	Teleperformance SE	38.945.100	2025-12-31	EUR	https://www.pmt.nl/over-pmt/zo-beleggen-we/waar-beleggen-we-in/aandelen-en-obligaties/#
Metal and Technology Pension Fund	Telia Co AB	20.392.168	2025-12-31	EUR	https://www.pmt.nl/over-pmt/zo-beleggen-we/waar-beleggen-we-in/aandelen-en-obligaties/#
Metal and Technology Pension Fund	Tennet Netherlands BV	116.463.743	2025-12-31	EUR	https://www.pmt.nl/over-pmt/zo-beleggen-we/waar-beleggen-we-in/aandelen-en-obligaties/#
Metal and Technology Pension Fund	Terega SA	18.234.699	2025-12-31	EUR	https://www.pmt.nl/over-pmt/zo-beleggen-we/waar-beleggen-we-in/aandelen-en-obligaties/#
Metal and Technology Pension Fund	Terna - Rete Elettrica Nazionale	52.610.176	2025-12-31	EUR	https://www.pmt.nl/over-pmt/zo-beleggen-we/waar-beleggen-we-in/aandelen-en-obligaties/#
Metal and Technology Pension Fund	Tesco Corporate Treasury Services PLC	93.014.443	2025-12-31	EUR	https://www.pmt.nl/over-pmt/zo-beleggen-we/waar-beleggen-we-in/aandelen-en-obligaties/#
Metal and Technology Pension Fund	Timken Co/The	33.179.493	2025-12-31	EUR	https://www.pmt.nl/over-pmt/zo-beleggen-we/waar-beleggen-we-in/aandelen-en-obligaties/#
Metal and Technology Pension Fund	Toronto-Dominion Bank/The	51.924.845	2025-12-31	EUR	https://www.pmt.nl/over-pmt/zo-beleggen-we/waar-beleggen-we-in/aandelen-en-obligaties/#
Metal and Technology Pension Fund	Toyota Finance Australia Ltd	25.381.533	2025-12-31	EUR	https://www.pmt.nl/over-pmt/zo-beleggen-we/waar-beleggen-we-in/aandelen-en-obligaties/#
Metal and Technology Pension Fund	Toyota Motor Credit Corp	26.677.063	2025-12-31	EUR	https://www.pmt.nl/over-pmt/zo-beleggen-we/waar-beleggen-we-in/aandelen-en-obligaties/#
Metal and Technology Pension Fund	Toyota Motor Finance Netherlands BV	65.141.133	2025-12-31	EUR	https://www.pmt.nl/over-pmt/zo-beleggen-we/waar-beleggen-we-in/aandelen-en-obligaties/#
Metal and Technology Pension Fund	Transmission Finance DAC	20.873.974	2025-12-31	EUR	https://www.pmt.nl/over-pmt/zo-beleggen-we/waar-beleggen-we-in/aandelen-en-obligaties/#
Metal and Technology Pension Fund	Transurban Finance Co Pty Ltd	72.169.255	2025-12-31	EUR	https://www.pmt.nl/over-pmt/zo-beleggen-we/waar-beleggen-we-in/aandelen-en-obligaties/#
Metal and Technology Pension Fund	Tyco Electronics Group SA	26.784.715	2025-12-31	EUR	https://www.pmt.nl/over-pmt/zo-beleggen-we/waar-beleggen-we-in/aandelen-en-obligaties/#
Metal and Technology Pension Fund	UBS AG/London	56.663.831	2025-12-31	EUR	https://www.pmt.nl/over-pmt/zo-beleggen-we/waar-beleggen-we-in/aandelen-en-obligaties/#
Metal and Technology Pension Fund	UBS Group AG	79.573.613	2025-12-31	EUR	https://www.pmt.nl/over-pmt/zo-beleggen-we/waar-beleggen-we-in/aandelen-en-obligaties/#
Metal and Technology Pension Fund	Unilever Capital Corp	40.809.474	2025-12-31	EUR	https://www.pmt.nl/over-pmt/zo-beleggen-we/waar-beleggen-we-in/aandelen-en-obligaties/#
Metal and Technology Pension Fund	Unilever Finance Netherlands BV	56.530.973	2025-12-31	EUR	https://www.pmt.nl/over-pmt/zo-beleggen-we/waar-beleggen-we-in/aandelen-en-obligaties/#
Metal and Technology Pension Fund	United Parcel Service Inc	5.650.410	2025-12-31	EUR	https://www.pmt.nl/over-pmt/zo-beleggen-we/waar-beleggen-we-in/aandelen-en-obligaties/#
Metal and Technology Pension Fund	Universal Music Group NV	25.175.982	2025-12-31	EUR	https://www.pmt.nl/over-pmt/zo-beleggen-we/waar-beleggen-we-in/aandelen-en-obligaties/#
Metal and Technology Pension Fund	Upjohn Finance BV	16.489.418	2025-12-31	EUR	https://www.pmt.nl/over-pmt/zo-beleggen-we/waar-beleggen-we-in/aandelen-en-obligaties/#
Metal and Technology Pension Fund	UPM-Kymmene OYJ	24.526.876	2025-12-31	EUR	https://www.pmt.nl/over-pmt/zo-beleggen-we/waar-beleggen-we-in/aandelen-en-obligaties/#
Metal and Technology Pension Fund	Vallourec SACA	1.951.220	2025-12-31	EUR	https://www.pmt.nl/over-pmt/zo-beleggen-we/waar-beleggen-we-in/aandelen-en-obligaties/#
Metal and Technology Pension Fund	Vattenfall AB	7.356.138	2025-12-31	EUR	https://www.pmt.nl/over-pmt/zo-beleggen-we/waar-beleggen-we-in/aandelen-en-obligaties/#
Metal and Technology Pension Fund	Veolia Environnement SA	32.068.790	2025-12-31	EUR	https://www.pmt.nl/over-pmt/zo-beleggen-we/waar-beleggen-we-in/aandelen-en-obligaties/#
Metal and Technology Pension Fund	Verallia SA	4.783.506	2025-12-31	EUR	https://www.pmt.nl/over-pmt/zo-beleggen-we/waar-beleggen-we-in/aandelen-en-obligaties/#
Metal and Technology Pension Fund	Verizon Communications Inc	86.818.631	2025-12-31	EUR	https://www.pmt.nl/over-pmt/zo-beleggen-we/waar-beleggen-we-in/aandelen-en-obligaties/#
Metal and Technology Pension Fund	Vesteda Finance BV	43.461.717	2025-12-31	EUR	https://www.pmt.nl/over-pmt/zo-beleggen-we/waar-beleggen-we-in/aandelen-en-obligaties/#
Metal and Technology Pension Fund	Vicinity Centres Trust	32.457.274	2025-12-31	EUR	https://www.pmt.nl/over-pmt/zo-beleggen-we/waar-beleggen-we-in/aandelen-en-obligaties/#
Metal and Technology Pension Fund	Vier Gas Transport GmbH	35.766.222	2025-12-31	EUR	https://www.pmt.nl/over-pmt/zo-beleggen-we/waar-beleggen-we-in/aandelen-en-obligaties/#
Metal and Technology Pension Fund	Visa Inc	108.999.259	2025-12-31	EUR	https://www.pmt.nl/over-pmt/zo-beleggen-we/waar-beleggen-we-in/aandelen-en-obligaties/#
Metal and Technology Pension Fund	Vistra Operations Co LLC	1.139.114	2025-12-31	EUR	https://www.pmt.nl/over-pmt/zo-beleggen-we/waar-beleggen-we-in/aandelen-en-obligaties/#
Metal and Technology Pension Fund	Volvo Treasury AB	87.406.609	2025-12-31	EUR	https://www.pmt.nl/over-pmt/zo-beleggen-we/waar-beleggen-we-in/aandelen-en-obligaties/#
Metal and Technology Pension Fund	Vonovia SE	46.932.888	2025-12-31	EUR	https://www.pmt.nl/over-pmt/zo-beleggen-we/waar-beleggen-we-in/aandelen-en-obligaties/#
Metal and Technology Pension Fund	Warehouses De Pauw CVA	15.270.050	2025-12-31	EUR	https://www.pmt.nl/over-pmt/zo-beleggen-we/waar-beleggen-we-in/aandelen-en-obligaties/#
Metal and Technology Pension Fund	Wesfarmers Ltd	33.453.072	2025-12-31	EUR	https://www.pmt.nl/over-pmt/zo-beleggen-we/waar-beleggen-we-in/aandelen-en-obligaties/#
Metal and Technology Pension Fund	Westpac Securities NZ Ltd/London	37.021.114	2025-12-31	EUR	https://www.pmt.nl/over-pmt/zo-beleggen-we/waar-beleggen-we-in/aandelen-en-obligaties/#
Metal and Technology Pension Fund	Wintershall Dea Finance BV	19.887.155	2025-12-31	EUR	https://www.pmt.nl/over-pmt/zo-beleggen-we/waar-beleggen-we-in/aandelen-en-obligaties/#
Metal and Technology Pension Fund	Wolters Kluwer NV	83.297.285	2025-12-31	EUR	https://www.pmt.nl/over-pmt/zo-beleggen-we/waar-beleggen-we-in/aandelen-en-obligaties/#
Metal and Technology Pension Fund	Woolworths Group Ltd	48.439.967	2025-12-31	EUR	https://www.pmt.nl/over-pmt/zo-beleggen-we/waar-beleggen-we-in/aandelen-en-obligaties/#
Metal and Technology Pension Fund	Worley US Finance Sub Ltd	17.258.729	2025-12-31	EUR	https://www.pmt.nl/over-pmt/zo-beleggen-we/waar-beleggen-we-in/aandelen-en-obligaties/#
Metal and Technology Pension Fund	WP Carey Inc	16.344.658	2025-12-31	EUR	https://www.pmt.nl/over-pmt/zo-beleggen-we/waar-beleggen-we-in/aandelen-en-obligaties/#
Metal and Technology Pension Fund	WPC Eurobond BV	36.409.067	2025-12-31	EUR	https://www.pmt.nl/over-pmt/zo-beleggen-we/waar-beleggen-we-in/aandelen-en-obligaties/#
Metal and Technology Pension Fund	WPP Finance 2013	18.706.195	2025-12-31	EUR	https://www.pmt.nl/over-pmt/zo-beleggen-we/waar-beleggen-we-in/aandelen-en-obligaties/#
Metal and Technology Pension Fund	WPP Finance Deutschland GmbH	5.689.441	2025-12-31	EUR	https://www.pmt.nl/over-pmt/zo-beleggen-we/waar-beleggen-we-in/aandelen-en-obligaties/#
Metal and Technology Pension Fund	WPP Finance SA	14.102.348	2025-12-31	EUR	https://www.pmt.nl/over-pmt/zo-beleggen-we/waar-beleggen-we-in/aandelen-en-obligaties/#
Metal and Technology Pension Fund	Yorkshire Building Society	2.659.596	2025-12-31	EUR	https://www.pmt.nl/over-pmt/zo-beleggen-we/waar-beleggen-we-in/aandelen-en-obligaties/#
Metal and Technology Pension Fund	Zimmer Biomet Holdings Inc	32.348.982	2025-12-31	EUR	https://www.pmt.nl/over-pmt/zo-beleggen-we/waar-beleggen-we-in/aandelen-en-obligaties/#
Metal and Technology Pension Fund	Zuercher Kantonalbank	15.520.160	2025-12-31	EUR	https://www.pmt.nl/over-pmt/zo-beleggen-we/waar-beleggen-we-in/aandelen-en-obligaties/#
Metal and Technology Pension Fund	180 Medical Inc	4.176.723	2025-12-31	EUR	https://www.pmt.nl/over-pmt/zo-beleggen-we/waar-beleggen-we-in/aandelen-en-obligaties/#
Metal and Technology Pension Fund	3i Group PLC	29.919.442	2025-12-31	EUR	https://www.pmt.nl/over-pmt/zo-beleggen-we/waar-beleggen-we-in/aandelen-en-obligaties/#
Metal and Technology Pension Fund	AAR Escrow Issuer LLC	8.187.617	2025-12-31	EUR	https://www.pmt.nl/over-pmt/zo-beleggen-we/waar-beleggen-we-in/aandelen-en-obligaties/#
Metal and Technology Pension Fund	Abertis Infraestructuras Finance BV	53.625.430	2025-12-31	EUR	https://www.pmt.nl/over-pmt/zo-beleggen-we/waar-beleggen-we-in/aandelen-en-obligaties/#
Metal and Technology Pension Fund	Acadia Healthcare Co Inc	13.254.777	2025-12-31	EUR	https://www.pmt.nl/over-pmt/zo-beleggen-we/waar-beleggen-we-in/aandelen-en-obligaties/#
Metal and Technology Pension Fund	Accor SA	29.421.950	2025-12-31	EUR	https://www.pmt.nl/over-pmt/zo-beleggen-we/waar-beleggen-we-in/aandelen-en-obligaties/#
Metal and Technology Pension Fund	Adler Pelzer Holding GmbH	5.491.634	2025-12-31	EUR	https://www.pmt.nl/over-pmt/zo-beleggen-we/waar-beleggen-we-in/aandelen-en-obligaties/#
Metal and Technology Pension Fund	Advanced Drainage Systems Inc	14.576.481	2025-12-31	EUR	https://www.pmt.nl/over-pmt/zo-beleggen-we/waar-beleggen-we-in/aandelen-en-obligaties/#
Metal and Technology Pension Fund	AECOM	10.381.222	2025-12-31	EUR	https://www.pmt.nl/over-pmt/zo-beleggen-we/waar-beleggen-we-in/aandelen-en-obligaties/#
Metal and Technology Pension Fund	Air France-KLM	15.991.720	2025-12-31	EUR	https://www.pmt.nl/over-pmt/zo-beleggen-we/waar-beleggen-we-in/aandelen-en-obligaties/#
Metal and Technology Pension Fund	Albertsons Cos Inc / Safeway Inc / New Albertsons LP / Albertsons LLC	11.409.621	2025-12-31	EUR	https://www.pmt.nl/over-pmt/zo-beleggen-we/waar-beleggen-we-in/aandelen-en-obligaties/#
Metal and Technology Pension Fund	Albion Financing 1 SARL / Aggreko Holdings Inc	5.227.335	2025-12-31	EUR	https://www.pmt.nl/over-pmt/zo-beleggen-we/waar-beleggen-we-in/aandelen-en-obligaties/#
Metal and Technology Pension Fund	Alcoa Nederland Holding BV	4.037.173	2025-12-31	EUR	https://www.pmt.nl/over-pmt/zo-beleggen-we/waar-beleggen-we-in/aandelen-en-obligaties/#
Metal and Technology Pension Fund	Alexandrite Lake Lux Holdings Sarl	3.230.022	2025-12-31	EUR	https://www.pmt.nl/over-pmt/zo-beleggen-we/waar-beleggen-we-in/aandelen-en-obligaties/#
Metal and Technology Pension Fund	Alstom SA	26.379.444	2025-12-31	EUR	https://www.pmt.nl/over-pmt/zo-beleggen-we/waar-beleggen-we-in/aandelen-en-obligaties/#
Metal and Technology Pension Fund	Alstria Office AG	9.933.911	2025-12-31	EUR	https://www.pmt.nl/over-pmt/zo-beleggen-we/waar-beleggen-we-in/aandelen-en-obligaties/#
Metal and Technology Pension Fund	Alumina Pty Ltd	4.696.187	2025-12-31	EUR	https://www.pmt.nl/over-pmt/zo-beleggen-we/waar-beleggen-we-in/aandelen-en-obligaties/#
Metal and Technology Pension Fund	Amber Finco PLC	7.006.760	2025-12-31	EUR	https://www.pmt.nl/over-pmt/zo-beleggen-we/waar-beleggen-we-in/aandelen-en-obligaties/#
Metal and Technology Pension Fund	American Airlines Inc/AAdvantage Loyalty IP Ltd	6.046.844	2025-12-31	EUR	https://www.pmt.nl/over-pmt/zo-beleggen-we/waar-beleggen-we-in/aandelen-en-obligaties/#
Metal and Technology Pension Fund	American Axle & Manufacturing Inc	4.370.973	2025-12-31	EUR	https://www.pmt.nl/over-pmt/zo-beleggen-we/waar-beleggen-we-in/aandelen-en-obligaties/#
Metal and Technology Pension Fund	Amkor Technology Inc	9.357.061	2025-12-31	EUR	https://www.pmt.nl/over-pmt/zo-beleggen-we/waar-beleggen-we-in/aandelen-en-obligaties/#
Metal and Technology Pension Fund	AMN Healthcare Inc	7.079.360	2025-12-31	EUR	https://www.pmt.nl/over-pmt/zo-beleggen-we/waar-beleggen-we-in/aandelen-en-obligaties/#
Metal and Technology Pension Fund	ams-OSRAM AG	7.031.861	2025-12-31	EUR	https://www.pmt.nl/over-pmt/zo-beleggen-we/waar-beleggen-we-in/aandelen-en-obligaties/#
Metal and Technology Pension Fund	Amsted Industries Inc	4.606.579	2025-12-31	EUR	https://www.pmt.nl/over-pmt/zo-beleggen-we/waar-beleggen-we-in/aandelen-en-obligaties/#
Metal and Technology Pension Fund	Antero Midstream Partners LP / Antero Midstream Finance Corp	13.661.482	2025-12-31	EUR	https://www.pmt.nl/over-pmt/zo-beleggen-we/waar-beleggen-we-in/aandelen-en-obligaties/#
Metal and Technology Pension Fund	APA Infrastructure Ltd	10.592.683	2025-12-31	EUR	https://www.pmt.nl/over-pmt/zo-beleggen-we/waar-beleggen-we-in/aandelen-en-obligaties/#
Metal and Technology Pension Fund	Aramark International Finance Sarl	15.071.273	2025-12-31	EUR	https://www.pmt.nl/over-pmt/zo-beleggen-we/waar-beleggen-we-in/aandelen-en-obligaties/#
Metal and Technology Pension Fund	Aramark Services Inc	2.775.580	2025-12-31	EUR	https://www.pmt.nl/over-pmt/zo-beleggen-we/waar-beleggen-we-in/aandelen-en-obligaties/#
Metal and Technology Pension Fund	Archrock Partners LP / Archrock Partners Finance Corp	7.500.566	2025-12-31	EUR	https://www.pmt.nl/over-pmt/zo-beleggen-we/waar-beleggen-we-in/aandelen-en-obligaties/#
Metal and Technology Pension Fund	Arcosa Inc	10.878.080	2025-12-31	EUR	https://www.pmt.nl/over-pmt/zo-beleggen-we/waar-beleggen-we-in/aandelen-en-obligaties/#
Metal and Technology Pension Fund	Ardagh Metal Packaging Finance USA LLC / Ardagh Metal Packaging Finance PLC	17.904.448	2025-12-31	EUR	https://www.pmt.nl/over-pmt/zo-beleggen-we/waar-beleggen-we-in/aandelen-en-obligaties/#
Metal and Technology Pension Fund	Aroundtown Finance Sarl	20.979.795	2025-12-31	EUR	https://www.pmt.nl/over-pmt/zo-beleggen-we/waar-beleggen-we-in/aandelen-en-obligaties/#
Metal and Technology Pension Fund	Aroundtown SA	6.907.234	2025-12-31	EUR	https://www.pmt.nl/over-pmt/zo-beleggen-we/waar-beleggen-we-in/aandelen-en-obligaties/#
Metal and Technology Pension Fund	Asbury Automotive Group Inc	21.263.139	2025-12-31	EUR	https://www.pmt.nl/over-pmt/zo-beleggen-we/waar-beleggen-we-in/aandelen-en-obligaties/#
Metal and Technology Pension Fund	ASGN Inc	6.479.210	2025-12-31	EUR	https://www.pmt.nl/over-pmt/zo-beleggen-we/waar-beleggen-we-in/aandelen-en-obligaties/#
Metal and Technology Pension Fund	Ashland Services BV	10.189.446	2025-12-31	EUR	https://www.pmt.nl/over-pmt/zo-beleggen-we/waar-beleggen-we-in/aandelen-en-obligaties/#
Metal and Technology Pension Fund	ASML Holding NV	31.100.121	2025-12-31	EUR	https://www.pmt.nl/over-pmt/zo-beleggen-we/waar-beleggen-we-in/aandelen-en-obligaties/#
Metal and Technology Pension Fund	ATI Inc	3.314.947	2025-12-31	EUR	https://www.pmt.nl/over-pmt/zo-beleggen-we/waar-beleggen-we-in/aandelen-en-obligaties/#
Metal and Technology Pension Fund	Atos SE	19.078.151	2025-12-31	EUR	https://www.pmt.nl/over-pmt/zo-beleggen-we/waar-beleggen-we-in/aandelen-en-obligaties/#
Metal and Technology Pension Fund	Avantor Funding Inc	22.899.768	2025-12-31	EUR	https://www.pmt.nl/over-pmt/zo-beleggen-we/waar-beleggen-we-in/aandelen-en-obligaties/#
Metal and Technology Pension Fund	Avient Corp	14.392.981	2025-12-31	EUR	https://www.pmt.nl/over-pmt/zo-beleggen-we/waar-beleggen-we-in/aandelen-en-obligaties/#
Metal and Technology Pension Fund	Avis Budget Finance Plc	23.097.301	2025-12-31	EUR	https://www.pmt.nl/over-pmt/zo-beleggen-we/waar-beleggen-we-in/aandelen-en-obligaties/#
Metal and Technology Pension Fund	Axalta Coating Systems Dutch Holding B BV	6.705.368	2025-12-31	EUR	https://www.pmt.nl/over-pmt/zo-beleggen-we/waar-beleggen-we-in/aandelen-en-obligaties/#
Metal and Technology Pension Fund	Axon Enterprise Inc	9.787.449	2025-12-31	EUR	https://www.pmt.nl/over-pmt/zo-beleggen-we/waar-beleggen-we-in/aandelen-en-obligaties/#
Metal and Technology Pension Fund	Azelis Finance NV	18.995.527	2025-12-31	EUR	https://www.pmt.nl/over-pmt/zo-beleggen-we/waar-beleggen-we-in/aandelen-en-obligaties/#
Metal and Technology Pension Fund	Ball Corp	51.031.902	2025-12-31	EUR	https://www.pmt.nl/over-pmt/zo-beleggen-we/waar-beleggen-we-in/aandelen-en-obligaties/#
Metal and Technology Pension Fund	Bath & Body Works Inc	9.549.883	2025-12-31	EUR	https://www.pmt.nl/over-pmt/zo-beleggen-we/waar-beleggen-we-in/aandelen-en-obligaties/#
Metal and Technology Pension Fund	Bausch + Lomb Corp	3.417.523	2025-12-31	EUR	https://www.pmt.nl/over-pmt/zo-beleggen-we/waar-beleggen-we-in/aandelen-en-obligaties/#
Metal and Technology Pension Fund	Bayer AG	50.765.038	2025-12-31	EUR	https://www.pmt.nl/over-pmt/zo-beleggen-we/waar-beleggen-we-in/aandelen-en-obligaties/#
Metal and Technology Pension Fund	BCP V Modular Services Finance II PLC	8.616.450	2025-12-31	EUR	https://www.pmt.nl/over-pmt/zo-beleggen-we/waar-beleggen-we-in/aandelen-en-obligaties/#
Metal and Technology Pension Fund	BE Semiconductor Industries NV	11.269.211	2025-12-31	EUR	https://www.pmt.nl/over-pmt/zo-beleggen-we/waar-beleggen-we-in/aandelen-en-obligaties/#
Metal and Technology Pension Fund	Beach Acquisition Bidco LLC	11.622.515	2025-12-31	EUR	https://www.pmt.nl/over-pmt/zo-beleggen-we/waar-beleggen-we-in/aandelen-en-obligaties/#
Metal and Technology Pension Fund	Beazer Homes USA Inc	5.502.642	2025-12-31	EUR	https://www.pmt.nl/over-pmt/zo-beleggen-we/waar-beleggen-we-in/aandelen-en-obligaties/#
Metal and Technology Pension Fund	Belden Inc	13.975.457	2025-12-31	EUR	https://www.pmt.nl/over-pmt/zo-beleggen-we/waar-beleggen-we-in/aandelen-en-obligaties/#
Metal and Technology Pension Fund	Bell Telephone Co of Canada or Bell Canada	6.767.407	2025-12-31	EUR	https://www.pmt.nl/over-pmt/zo-beleggen-we/waar-beleggen-we-in/aandelen-en-obligaties/#
Metal and Technology Pension Fund	Bellis Acquisition Co PLC	6.363.115	2025-12-31	EUR	https://www.pmt.nl/over-pmt/zo-beleggen-we/waar-beleggen-we-in/aandelen-en-obligaties/#
Metal and Technology Pension Fund	BellRing Brands Inc	4.891.783	2025-12-31	EUR	https://www.pmt.nl/over-pmt/zo-beleggen-we/waar-beleggen-we-in/aandelen-en-obligaties/#
Metal and Technology Pension Fund	Belron UK Finance PLC	44.293.132	2025-12-31	EUR	https://www.pmt.nl/over-pmt/zo-beleggen-we/waar-beleggen-we-in/aandelen-en-obligaties/#
Metal and Technology Pension Fund	Benteler International AG	4.558.625	2025-12-31	EUR	https://www.pmt.nl/over-pmt/zo-beleggen-we/waar-beleggen-we-in/aandelen-en-obligaties/#
Metal and Technology Pension Fund	Bertelsmann SE & Co KGaA	3.051.225	2025-12-31	EUR	https://www.pmt.nl/over-pmt/zo-beleggen-we/waar-beleggen-we-in/aandelen-en-obligaties/#
Metal and Technology Pension Fund	Big River Steel LLC / BRS Finance Corp	10.431.099	2025-12-31	EUR	https://www.pmt.nl/over-pmt/zo-beleggen-we/waar-beleggen-we-in/aandelen-en-obligaties/#
Metal and Technology Pension Fund	Blackstone Mortgage Trust Inc	8.127.508	2025-12-31	EUR	https://www.pmt.nl/over-pmt/zo-beleggen-we/waar-beleggen-we-in/aandelen-en-obligaties/#
Metal and Technology Pension Fund	Bombardier Inc	17.194.126	2025-12-31	EUR	https://www.pmt.nl/over-pmt/zo-beleggen-we/waar-beleggen-we-in/aandelen-en-obligaties/#
Metal and Technology Pension Fund	Boots Group Finco LP	9.709.548	2025-12-31	EUR	https://www.pmt.nl/over-pmt/zo-beleggen-we/waar-beleggen-we-in/aandelen-en-obligaties/#
Metal and Technology Pension Fund	Boyd Gaming Corp	26.972.126	2025-12-31	EUR	https://www.pmt.nl/over-pmt/zo-beleggen-we/waar-beleggen-we-in/aandelen-en-obligaties/#
Metal and Technology Pension Fund	Brandywine Operating Partnership LP	2.943.387	2025-12-31	EUR	https://www.pmt.nl/over-pmt/zo-beleggen-we/waar-beleggen-we-in/aandelen-en-obligaties/#
Metal and Technology Pension Fund	Brightstar Lottery PLC	11.783.545	2025-12-31	EUR	https://www.pmt.nl/over-pmt/zo-beleggen-we/waar-beleggen-we-in/aandelen-en-obligaties/#
Metal and Technology Pension Fund	Brink's Co/The	5.186.414	2025-12-31	EUR	https://www.pmt.nl/over-pmt/zo-beleggen-we/waar-beleggen-we-in/aandelen-en-obligaties/#
Metal and Technology Pension Fund	British Telecommunications PLC	13.307.060	2025-12-31	EUR	https://www.pmt.nl/over-pmt/zo-beleggen-we/waar-beleggen-we-in/aandelen-en-obligaties/#
Metal and Technology Pension Fund	Builders FirstSource Inc	17.341.623	2025-12-31	EUR	https://www.pmt.nl/over-pmt/zo-beleggen-we/waar-beleggen-we-in/aandelen-en-obligaties/#
Metal and Technology Pension Fund	Cable One Inc	5.830.382	2025-12-31	EUR	https://www.pmt.nl/over-pmt/zo-beleggen-we/waar-beleggen-we-in/aandelen-en-obligaties/#
Metal and Technology Pension Fund	CACI International Inc	7.479.088	2025-12-31	EUR	https://www.pmt.nl/over-pmt/zo-beleggen-we/waar-beleggen-we-in/aandelen-en-obligaties/#
Metal and Technology Pension Fund	Calderys Financing LLC	3.269.195	2025-12-31	EUR	https://www.pmt.nl/over-pmt/zo-beleggen-we/waar-beleggen-we-in/aandelen-en-obligaties/#
Metal and Technology Pension Fund	California Buyer Ltd / Atlantica Sustainable Infrastructure PLC	4.968.344	2025-12-31	EUR	https://www.pmt.nl/over-pmt/zo-beleggen-we/waar-beleggen-we-in/aandelen-en-obligaties/#
Metal and Technology Pension Fund	Capstone Borrower Inc	11.214.432	2025-12-31	EUR	https://www.pmt.nl/over-pmt/zo-beleggen-we/waar-beleggen-we-in/aandelen-en-obligaties/#
Metal and Technology Pension Fund	Carnival Corp	20.671.351	2025-12-31	EUR	https://www.pmt.nl/over-pmt/zo-beleggen-we/waar-beleggen-we-in/aandelen-en-obligaties/#
Metal and Technology Pension Fund	Carnival PLC	28.786.633	2025-12-31	EUR	https://www.pmt.nl/over-pmt/zo-beleggen-we/waar-beleggen-we-in/aandelen-en-obligaties/#
Metal and Technology Pension Fund	Cars.com Inc	5.220.409	2025-12-31	EUR	https://www.pmt.nl/over-pmt/zo-beleggen-we/waar-beleggen-we-in/aandelen-en-obligaties/#
Metal and Technology Pension Fund	Carvana Co	3.129.091	2025-12-31	EUR	https://www.pmt.nl/over-pmt/zo-beleggen-we/waar-beleggen-we-in/aandelen-en-obligaties/#
Metal and Technology Pension Fund	Cascades Inc/Cascades USA Inc	3.543.673	2025-12-31	EUR	https://www.pmt.nl/over-pmt/zo-beleggen-we/waar-beleggen-we-in/aandelen-en-obligaties/#
Metal and Technology Pension Fund	CCO Holdings LLC / CCO Holdings Capital Corp	71.608.261	2025-12-31	EUR	https://www.pmt.nl/over-pmt/zo-beleggen-we/waar-beleggen-we-in/aandelen-en-obligaties/#
Metal and Technology Pension Fund	Celanese US Holdings LLC	78.229.045	2025-12-31	EUR	https://www.pmt.nl/over-pmt/zo-beleggen-we/waar-beleggen-we-in/aandelen-en-obligaties/#
Metal and Technology Pension Fund	Central Garden & Pet Co	6.612.316	2025-12-31	EUR	https://www.pmt.nl/over-pmt/zo-beleggen-we/waar-beleggen-we-in/aandelen-en-obligaties/#
Metal and Technology Pension Fund	Centrient Holding BV	9.492.393	2025-12-31	EUR	https://www.pmt.nl/over-pmt/zo-beleggen-we/waar-beleggen-we-in/aandelen-en-obligaties/#
Metal and Technology Pension Fund	Century Aluminum Co	8.471.002	2025-12-31	EUR	https://www.pmt.nl/over-pmt/zo-beleggen-we/waar-beleggen-we-in/aandelen-en-obligaties/#
Metal and Technology Pension Fund	Century Communities Inc	6.826.920	2025-12-31	EUR	https://www.pmt.nl/over-pmt/zo-beleggen-we/waar-beleggen-we-in/aandelen-en-obligaties/#
Metal and Technology Pension Fund	Charles River Laboratories International Inc	6.973.779	2025-12-31	EUR	https://www.pmt.nl/over-pmt/zo-beleggen-we/waar-beleggen-we-in/aandelen-en-obligaties/#
Metal and Technology Pension Fund	Chart Industries Inc	3.155.292	2025-12-31	EUR	https://www.pmt.nl/over-pmt/zo-beleggen-we/waar-beleggen-we-in/aandelen-en-obligaties/#
Metal and Technology Pension Fund	CHS/Community Health Systems Inc	7.462.236	2025-12-31	EUR	https://www.pmt.nl/over-pmt/zo-beleggen-we/waar-beleggen-we-in/aandelen-en-obligaties/#
Metal and Technology Pension Fund	Churchill Downs Inc	38.603.068	2025-12-31	EUR	https://www.pmt.nl/over-pmt/zo-beleggen-we/waar-beleggen-we-in/aandelen-en-obligaties/#
Metal and Technology Pension Fund	Ciena Corp	4.998.869	2025-12-31	EUR	https://www.pmt.nl/over-pmt/zo-beleggen-we/waar-beleggen-we-in/aandelen-en-obligaties/#
Metal and Technology Pension Fund	Cinemark USA Inc	6.394.935	2025-12-31	EUR	https://www.pmt.nl/over-pmt/zo-beleggen-we/waar-beleggen-we-in/aandelen-en-obligaties/#
Metal and Technology Pension Fund	Cirsa Finance International Sarl	3.721.032	2025-12-31	EUR	https://www.pmt.nl/over-pmt/zo-beleggen-we/waar-beleggen-we-in/aandelen-en-obligaties/#
Metal and Technology Pension Fund	Citycon Oyj	4.104.794	2025-12-31	EUR	https://www.pmt.nl/over-pmt/zo-beleggen-we/waar-beleggen-we-in/aandelen-en-obligaties/#
Metal and Technology Pension Fund	Clarios Global LP / Clarios US Finance Co	6.492.140	2025-12-31	EUR	https://www.pmt.nl/over-pmt/zo-beleggen-we/waar-beleggen-we-in/aandelen-en-obligaties/#
Metal and Technology Pension Fund	Clarivate Science Holdings Corp	34.605.043	2025-12-31	EUR	https://www.pmt.nl/over-pmt/zo-beleggen-we/waar-beleggen-we-in/aandelen-en-obligaties/#
Metal and Technology Pension Fund	Clean Harbors Inc	7.077.807	2025-12-31	EUR	https://www.pmt.nl/over-pmt/zo-beleggen-we/waar-beleggen-we-in/aandelen-en-obligaties/#
Metal and Technology Pension Fund	Clear Channel Outdoor Holdings Inc	13.293.079	2025-12-31	EUR	https://www.pmt.nl/over-pmt/zo-beleggen-we/waar-beleggen-we-in/aandelen-en-obligaties/#
Metal and Technology Pension Fund	Clearway Energy Operating LLC	13.985.448	2025-12-31	EUR	https://www.pmt.nl/over-pmt/zo-beleggen-we/waar-beleggen-we-in/aandelen-en-obligaties/#
Metal and Technology Pension Fund	Cleveland-Cliffs Inc	4.384.420	2025-12-31	EUR	https://www.pmt.nl/over-pmt/zo-beleggen-we/waar-beleggen-we-in/aandelen-en-obligaties/#
Metal and Technology Pension Fund	Clue Opco LLC	4.864.181	2025-12-31	EUR	https://www.pmt.nl/over-pmt/zo-beleggen-we/waar-beleggen-we-in/aandelen-en-obligaties/#
Metal and Technology Pension Fund	CMA CGM SA	4.397.684	2025-12-31	EUR	https://www.pmt.nl/over-pmt/zo-beleggen-we/waar-beleggen-we-in/aandelen-en-obligaties/#
Metal and Technology Pension Fund	Cogent Communications Group Inc / Cogent Communications Finance Inc	3.417.682	2025-12-31	EUR	https://www.pmt.nl/over-pmt/zo-beleggen-we/waar-beleggen-we-in/aandelen-en-obligaties/#
Metal and Technology Pension Fund	CommScope Inc	5.915.135	2025-12-31	EUR	https://www.pmt.nl/over-pmt/zo-beleggen-we/waar-beleggen-we-in/aandelen-en-obligaties/#
Metal and Technology Pension Fund	Concentra Health Services Inc	11.284.101	2025-12-31	EUR	https://www.pmt.nl/over-pmt/zo-beleggen-we/waar-beleggen-we-in/aandelen-en-obligaties/#
Metal and Technology Pension Fund	Constellium SE	21.681.000	2025-12-31	EUR	https://www.pmt.nl/over-pmt/zo-beleggen-we/waar-beleggen-we-in/aandelen-en-obligaties/#
Metal and Technology Pension Fund	ContourGlobal Power Holdings SA	6.167.093	2025-12-31	EUR	https://www.pmt.nl/over-pmt/zo-beleggen-we/waar-beleggen-we-in/aandelen-en-obligaties/#
Metal and Technology Pension Fund	Coty Inc	2.752.268	2025-12-31	EUR	https://www.pmt.nl/over-pmt/zo-beleggen-we/waar-beleggen-we-in/aandelen-en-obligaties/#
Metal and Technology Pension Fund	Cougar JV Subsidiary LLC	4.582.128	2025-12-31	EUR	https://www.pmt.nl/over-pmt/zo-beleggen-we/waar-beleggen-we-in/aandelen-en-obligaties/#
Metal and Technology Pension Fund	Crown Americas LLC	6.772.912	2025-12-31	EUR	https://www.pmt.nl/over-pmt/zo-beleggen-we/waar-beleggen-we-in/aandelen-en-obligaties/#
Metal and Technology Pension Fund	Crown European Holdings SA	56.579.100	2025-12-31	EUR	https://www.pmt.nl/over-pmt/zo-beleggen-we/waar-beleggen-we-in/aandelen-en-obligaties/#
Metal and Technology Pension Fund	CVS Health Corp	3.794.776	2025-12-31	EUR	https://www.pmt.nl/over-pmt/zo-beleggen-we/waar-beleggen-we-in/aandelen-en-obligaties/#
Metal and Technology Pension Fund	Dana Financing Luxembourg Sarl	4.008.478	2025-12-31	EUR	https://www.pmt.nl/over-pmt/zo-beleggen-we/waar-beleggen-we-in/aandelen-en-obligaties/#
Metal and Technology Pension Fund	Darling Global Finance BV	13.339.386	2025-12-31	EUR	https://www.pmt.nl/over-pmt/zo-beleggen-we/waar-beleggen-we-in/aandelen-en-obligaties/#
Metal and Technology Pension Fund	Darling Ingredients Inc	9.483.925	2025-12-31	EUR	https://www.pmt.nl/over-pmt/zo-beleggen-we/waar-beleggen-we-in/aandelen-en-obligaties/#
Metal and Technology Pension Fund	DaVita Inc	15.309.392	2025-12-31	EUR	https://www.pmt.nl/over-pmt/zo-beleggen-we/waar-beleggen-we-in/aandelen-en-obligaties/#
Metal and Technology Pension Fund	Deutsche Lufthansa AG	8.552.053	2025-12-31	EUR	https://www.pmt.nl/over-pmt/zo-beleggen-we/waar-beleggen-we-in/aandelen-en-obligaties/#
Metal and Technology Pension Fund	Discovery Communications LLC	9.487.619	2025-12-31	EUR	https://www.pmt.nl/over-pmt/zo-beleggen-we/waar-beleggen-we-in/aandelen-en-obligaties/#
Metal and Technology Pension Fund	Dometic Group AB	5.404.612	2025-12-31	EUR	https://www.pmt.nl/over-pmt/zo-beleggen-we/waar-beleggen-we-in/aandelen-en-obligaties/#
Metal and Technology Pension Fund	Dufry One BV	60.864.445	2025-12-31	EUR	https://www.pmt.nl/over-pmt/zo-beleggen-we/waar-beleggen-we-in/aandelen-en-obligaties/#
Metal and Technology Pension Fund	Dye & Durham Ltd	4.988.876	2025-12-31	EUR	https://www.pmt.nl/over-pmt/zo-beleggen-we/waar-beleggen-we-in/aandelen-en-obligaties/#
Metal and Technology Pension Fund	Dynamo Newco II GmbH	3.068.791	2025-12-31	EUR	https://www.pmt.nl/over-pmt/zo-beleggen-we/waar-beleggen-we-in/aandelen-en-obligaties/#
Metal and Technology Pension Fund	Edgewell Personal Care Co	12.341.264	2025-12-31	EUR	https://www.pmt.nl/over-pmt/zo-beleggen-we/waar-beleggen-we-in/aandelen-en-obligaties/#
Metal and Technology Pension Fund	EDP SA	111.358.317	2025-12-31	EUR	https://www.pmt.nl/over-pmt/zo-beleggen-we/waar-beleggen-we-in/aandelen-en-obligaties/#
Metal and Technology Pension Fund	Electricite de France SA	123.524.735	2025-12-31	EUR	https://www.pmt.nl/over-pmt/zo-beleggen-we/waar-beleggen-we-in/aandelen-en-obligaties/#
Metal and Technology Pension Fund	Elia Group SA/NV	15.823.686	2025-12-31	EUR	https://www.pmt.nl/over-pmt/zo-beleggen-we/waar-beleggen-we-in/aandelen-en-obligaties/#
Metal and Technology Pension Fund	Elior Group SA	6.675.303	2025-12-31	EUR	https://www.pmt.nl/over-pmt/zo-beleggen-we/waar-beleggen-we-in/aandelen-en-obligaties/#
Metal and Technology Pension Fund	ELM BV for Swiss Prime Site AG	9.712.126	2025-12-31	EUR	https://www.pmt.nl/over-pmt/zo-beleggen-we/waar-beleggen-we-in/aandelen-en-obligaties/#
Metal and Technology Pension Fund	Emeria SASU	7.075.523	2025-12-31	EUR	https://www.pmt.nl/over-pmt/zo-beleggen-we/waar-beleggen-we-in/aandelen-en-obligaties/#
Metal and Technology Pension Fund	Encompass Health Corp	15.604.568	2025-12-31	EUR	https://www.pmt.nl/over-pmt/zo-beleggen-we/waar-beleggen-we-in/aandelen-en-obligaties/#
Metal and Technology Pension Fund	Energizer Gamma Acquisition BV	11.007.481	2025-12-31	EUR	https://www.pmt.nl/over-pmt/zo-beleggen-we/waar-beleggen-we-in/aandelen-en-obligaties/#
Metal and Technology Pension Fund	Energizer Holdings Inc	4.611.651	2025-12-31	EUR	https://www.pmt.nl/over-pmt/zo-beleggen-we/waar-beleggen-we-in/aandelen-en-obligaties/#
Metal and Technology Pension Fund	Energy Transfer LP	3.056.044	2025-12-31	EUR	https://www.pmt.nl/over-pmt/zo-beleggen-we/waar-beleggen-we-in/aandelen-en-obligaties/#
Metal and Technology Pension Fund	EnerSys	13.822.079	2025-12-31	EUR	https://www.pmt.nl/over-pmt/zo-beleggen-we/waar-beleggen-we-in/aandelen-en-obligaties/#
Metal and Technology Pension Fund	Enpro Inc	12.693.468	2025-12-31	EUR	https://www.pmt.nl/over-pmt/zo-beleggen-we/waar-beleggen-we-in/aandelen-en-obligaties/#
Metal and Technology Pension Fund	Entegris Inc	2.825.672	2025-12-31	EUR	https://www.pmt.nl/over-pmt/zo-beleggen-we/waar-beleggen-we-in/aandelen-en-obligaties/#
Metal and Technology Pension Fund	EquipmentShare.com Inc	4.838.883	2025-12-31	EUR	https://www.pmt.nl/over-pmt/zo-beleggen-we/waar-beleggen-we-in/aandelen-en-obligaties/#
Metal and Technology Pension Fund	Esab Corp	3.814.896	2025-12-31	EUR	https://www.pmt.nl/over-pmt/zo-beleggen-we/waar-beleggen-we-in/aandelen-en-obligaties/#
Metal and Technology Pension Fund	Essendi SA	3.182.273	2025-12-31	EUR	https://www.pmt.nl/over-pmt/zo-beleggen-we/waar-beleggen-we-in/aandelen-en-obligaties/#
Metal and Technology Pension Fund	Eurofins Scientific SE	23.078.274	2025-12-31	EUR	https://www.pmt.nl/over-pmt/zo-beleggen-we/waar-beleggen-we-in/aandelen-en-obligaties/#
Metal and Technology Pension Fund	Eutelsat SA	24.776.431	2025-12-31	EUR	https://www.pmt.nl/over-pmt/zo-beleggen-we/waar-beleggen-we-in/aandelen-en-obligaties/#
Metal and Technology Pension Fund	Excelerate Energy LP	6.318.808	2025-12-31	EUR	https://www.pmt.nl/over-pmt/zo-beleggen-we/waar-beleggen-we-in/aandelen-en-obligaties/#
Metal and Technology Pension Fund	Fair Isaac Corp	19.788.077	2025-12-31	EUR	https://www.pmt.nl/over-pmt/zo-beleggen-we/waar-beleggen-we-in/aandelen-en-obligaties/#
Metal and Technology Pension Fund	Fibercop SpA	4.197.985	2025-12-31	EUR	https://www.pmt.nl/over-pmt/zo-beleggen-we/waar-beleggen-we-in/aandelen-en-obligaties/#
Metal and Technology Pension Fund	FIS Fabbrica Italiana Sintetici SpA	3.668.382	2025-12-31	EUR	https://www.pmt.nl/over-pmt/zo-beleggen-we/waar-beleggen-we-in/aandelen-en-obligaties/#
Metal and Technology Pension Fund	Flora Food Management BV	3.786.903	2025-12-31	EUR	https://www.pmt.nl/over-pmt/zo-beleggen-we/waar-beleggen-we-in/aandelen-en-obligaties/#
Metal and Technology Pension Fund	Flos B&b Italia SPA	4.250.643	2025-12-31	EUR	https://www.pmt.nl/over-pmt/zo-beleggen-we/waar-beleggen-we-in/aandelen-en-obligaties/#
Metal and Technology Pension Fund	FMG Resources August 2006 Pty Ltd	4.245.704	2025-12-31	EUR	https://www.pmt.nl/over-pmt/zo-beleggen-we/waar-beleggen-we-in/aandelen-en-obligaties/#
Metal and Technology Pension Fund	Fnac Darty SA	3.965.464	2025-12-31	EUR	https://www.pmt.nl/over-pmt/zo-beleggen-we/waar-beleggen-we-in/aandelen-en-obligaties/#
Metal and Technology Pension Fund	Fortress Intermediate 3 Inc	3.375.133	2025-12-31	EUR	https://www.pmt.nl/over-pmt/zo-beleggen-we/waar-beleggen-we-in/aandelen-en-obligaties/#
Metal and Technology Pension Fund	Forvia SE	102.018.920	2025-12-31	EUR	https://www.pmt.nl/over-pmt/zo-beleggen-we/waar-beleggen-we-in/aandelen-en-obligaties/#
Metal and Technology Pension Fund	Froneri Lux FinCo SARL	5.420.856	2025-12-31	EUR	https://www.pmt.nl/over-pmt/zo-beleggen-we/waar-beleggen-we-in/aandelen-en-obligaties/#
Metal and Technology Pension Fund	Frontier Communications Holdings LLC	14.485.780	2025-12-31	EUR	https://www.pmt.nl/over-pmt/zo-beleggen-we/waar-beleggen-we-in/aandelen-en-obligaties/#
Metal and Technology Pension Fund	Gates Corp/DE	6.915.789	2025-12-31	EUR	https://www.pmt.nl/over-pmt/zo-beleggen-we/waar-beleggen-we-in/aandelen-en-obligaties/#
Metal and Technology Pension Fund	Gen Digital Inc	13.519.679	2025-12-31	EUR	https://www.pmt.nl/over-pmt/zo-beleggen-we/waar-beleggen-we-in/aandelen-en-obligaties/#
Metal and Technology Pension Fund	Genesis Energy LP / Genesis Energy Finance Corp	15.739.569	2025-12-31	EUR	https://www.pmt.nl/over-pmt/zo-beleggen-we/waar-beleggen-we-in/aandelen-en-obligaties/#
Metal and Technology Pension Fund	Global Partners LP / GLP Finance Corp	5.581.782	2025-12-31	EUR	https://www.pmt.nl/over-pmt/zo-beleggen-we/waar-beleggen-we-in/aandelen-en-obligaties/#
Metal and Technology Pension Fund	Go Daddy Operating Co LLC / GD Finance Co Inc	8.906.998	2025-12-31	EUR	https://www.pmt.nl/over-pmt/zo-beleggen-we/waar-beleggen-we-in/aandelen-en-obligaties/#
Metal and Technology Pension Fund	Goat Holdco LLC	4.532.221	2025-12-31	EUR	https://www.pmt.nl/over-pmt/zo-beleggen-we/waar-beleggen-we-in/aandelen-en-obligaties/#
Metal and Technology Pension Fund	Goodyear Dunlop Tires Europe BV	5.407.392	2025-12-31	EUR	https://www.pmt.nl/over-pmt/zo-beleggen-we/waar-beleggen-we-in/aandelen-en-obligaties/#
Metal and Technology Pension Fund	Goodyear Tire & Rubber Co/The	7.383.181	2025-12-31	EUR	https://www.pmt.nl/over-pmt/zo-beleggen-we/waar-beleggen-we-in/aandelen-en-obligaties/#
Metal and Technology Pension Fund	Grand City Properties SA	14.038.365	2025-12-31	EUR	https://www.pmt.nl/over-pmt/zo-beleggen-we/waar-beleggen-we-in/aandelen-en-obligaties/#
Metal and Technology Pension Fund	Graphic Packaging International LLC	7.223.126	2025-12-31	EUR	https://www.pmt.nl/over-pmt/zo-beleggen-we/waar-beleggen-we-in/aandelen-en-obligaties/#
Metal and Technology Pension Fund	Gray Media Inc	5.603.330	2025-12-31	EUR	https://www.pmt.nl/over-pmt/zo-beleggen-we/waar-beleggen-we-in/aandelen-en-obligaties/#
Metal and Technology Pension Fund	Grifols SA	50.135.947	2025-12-31	EUR	https://www.pmt.nl/over-pmt/zo-beleggen-we/waar-beleggen-we-in/aandelen-en-obligaties/#
Metal and Technology Pension Fund	Group 1 Automotive Inc	12.392.033	2025-12-31	EUR	https://www.pmt.nl/over-pmt/zo-beleggen-we/waar-beleggen-we-in/aandelen-en-obligaties/#
Metal and Technology Pension Fund	Gruenenthal GmbH	5.470.933	2025-12-31	EUR	https://www.pmt.nl/over-pmt/zo-beleggen-we/waar-beleggen-we-in/aandelen-en-obligaties/#
Metal and Technology Pension Fund	Hawaiian Electric Co Inc	3.592.170	2025-12-31	EUR	https://www.pmt.nl/over-pmt/zo-beleggen-we/waar-beleggen-we-in/aandelen-en-obligaties/#
Metal and Technology Pension Fund	Heimstaden AB	6.446.446	2025-12-31	EUR	https://www.pmt.nl/over-pmt/zo-beleggen-we/waar-beleggen-we-in/aandelen-en-obligaties/#
Metal and Technology Pension Fund	Heimstaden Bostad AB	4.929.580	2025-12-31	EUR	https://www.pmt.nl/over-pmt/zo-beleggen-we/waar-beleggen-we-in/aandelen-en-obligaties/#
Metal and Technology Pension Fund	Heineken NV	9.708.439	2025-12-31	EUR	https://www.pmt.nl/over-pmt/zo-beleggen-we/waar-beleggen-we-in/aandelen-en-obligaties/#
Metal and Technology Pension Fund	Herc Holdings Inc	16.165.763	2025-12-31	EUR	https://www.pmt.nl/over-pmt/zo-beleggen-we/waar-beleggen-we-in/aandelen-en-obligaties/#
Metal and Technology Pension Fund	Hess Midstream Operations LP	5.732.983	2025-12-31	EUR	https://www.pmt.nl/over-pmt/zo-beleggen-we/waar-beleggen-we-in/aandelen-en-obligaties/#
Metal and Technology Pension Fund	Hillenbrand Inc	5.223.332	2025-12-31	EUR	https://www.pmt.nl/over-pmt/zo-beleggen-we/waar-beleggen-we-in/aandelen-en-obligaties/#
Metal and Technology Pension Fund	Hilton Domestic Operating Co Inc	41.255.298	2025-12-31	EUR	https://www.pmt.nl/over-pmt/zo-beleggen-we/waar-beleggen-we-in/aandelen-en-obligaties/#
Metal and Technology Pension Fund	Hilton Grand Vacations Borrower LLC/Hilton Grand Vacations Borrower Inc	5.913.897	2025-12-31	EUR	https://www.pmt.nl/over-pmt/zo-beleggen-we/waar-beleggen-we-in/aandelen-en-obligaties/#
Metal and Technology Pension Fund	Hilton Worldwide Finance LLC / Hilton Worldwide Finance Corp	3.994.057	2025-12-31	EUR	https://www.pmt.nl/over-pmt/zo-beleggen-we/waar-beleggen-we-in/aandelen-en-obligaties/#
Metal and Technology Pension Fund	Holding d'Infrastructures des Metiers de l'Environnement	16.790.000	2025-12-31	EUR	https://www.pmt.nl/over-pmt/zo-beleggen-we/waar-beleggen-we-in/aandelen-en-obligaties/#
Metal and Technology Pension Fund	Hologic Inc	18.442.877	2025-12-31	EUR	https://www.pmt.nl/over-pmt/zo-beleggen-we/waar-beleggen-we-in/aandelen-en-obligaties/#
Metal and Technology Pension Fund	Iglo Foods BondCo Plc	19.237.284	2025-12-31	EUR	https://www.pmt.nl/over-pmt/zo-beleggen-we/waar-beleggen-we-in/aandelen-en-obligaties/#
Metal and Technology Pension Fund	IGT Lottery Holdings BV	9.635.134	2025-12-31	EUR	https://www.pmt.nl/over-pmt/zo-beleggen-we/waar-beleggen-we-in/aandelen-en-obligaties/#
Metal and Technology Pension Fund	IHO Verwaltungs GmbH	20.205.307	2025-12-31	EUR	https://www.pmt.nl/over-pmt/zo-beleggen-we/waar-beleggen-we-in/aandelen-en-obligaties/#
Metal and Technology Pension Fund	iliad SA	90.560.907	2025-12-31	EUR	https://www.pmt.nl/over-pmt/zo-beleggen-we/waar-beleggen-we-in/aandelen-en-obligaties/#
Metal and Technology Pension Fund	INEOS Quattro Finance 2 Plc	5.326.030	2025-12-31	EUR	https://www.pmt.nl/over-pmt/zo-beleggen-we/waar-beleggen-we-in/aandelen-en-obligaties/#
Metal and Technology Pension Fund	Infrastrutture Wireless Italiane SpA	31.089.381	2025-12-31	EUR	https://www.pmt.nl/over-pmt/zo-beleggen-we/waar-beleggen-we-in/aandelen-en-obligaties/#
Metal and Technology Pension Fund	Ingevity Corp	3.352.109	2025-12-31	EUR	https://www.pmt.nl/over-pmt/zo-beleggen-we/waar-beleggen-we-in/aandelen-en-obligaties/#
Metal and Technology Pension Fund	Insight Enterprises Inc	8.088.341	2025-12-31	EUR	https://www.pmt.nl/over-pmt/zo-beleggen-we/waar-beleggen-we-in/aandelen-en-obligaties/#
Metal and Technology Pension Fund	Installed Building Products Inc	7.204.361	2025-12-31	EUR	https://www.pmt.nl/over-pmt/zo-beleggen-we/waar-beleggen-we-in/aandelen-en-obligaties/#
Metal and Technology Pension Fund	Insulet Corp	6.854.921	2025-12-31	EUR	https://www.pmt.nl/over-pmt/zo-beleggen-we/waar-beleggen-we-in/aandelen-en-obligaties/#
Metal and Technology Pension Fund	Interface Inc	6.055.728	2025-12-31	EUR	https://www.pmt.nl/over-pmt/zo-beleggen-we/waar-beleggen-we-in/aandelen-en-obligaties/#
Metal and Technology Pension Fund	Inversion Escrow Issuer LLC	5.034.536	2025-12-31	EUR	https://www.pmt.nl/over-pmt/zo-beleggen-we/waar-beleggen-we-in/aandelen-en-obligaties/#
Metal and Technology Pension Fund	IPD 3 BV	2.901.647	2025-12-31	EUR	https://www.pmt.nl/over-pmt/zo-beleggen-we/waar-beleggen-we-in/aandelen-en-obligaties/#
Metal and Technology Pension Fund	IQVIA Inc	89.138.154	2025-12-31	EUR	https://www.pmt.nl/over-pmt/zo-beleggen-we/waar-beleggen-we-in/aandelen-en-obligaties/#
Metal and Technology Pension Fund	Iren SpA	13.520.789	2025-12-31	EUR	https://www.pmt.nl/over-pmt/zo-beleggen-we/waar-beleggen-we-in/aandelen-en-obligaties/#
Metal and Technology Pension Fund	Iron Mountain Inc	44.471.493	2025-12-31	EUR	https://www.pmt.nl/over-pmt/zo-beleggen-we/waar-beleggen-we-in/aandelen-en-obligaties/#
Metal and Technology Pension Fund	Italmatch Chemicals SpA	3.205.152	2025-12-31	EUR	https://www.pmt.nl/over-pmt/zo-beleggen-we/waar-beleggen-we-in/aandelen-en-obligaties/#
Metal and Technology Pension Fund	James Hardie International Finance DAC	8.089.074	2025-12-31	EUR	https://www.pmt.nl/over-pmt/zo-beleggen-we/waar-beleggen-we-in/aandelen-en-obligaties/#
Metal and Technology Pension Fund	Jazz Securities DAC	21.654.642	2025-12-31	EUR	https://www.pmt.nl/over-pmt/zo-beleggen-we/waar-beleggen-we-in/aandelen-en-obligaties/#
Metal and Technology Pension Fund	K Hovnanian Enterprises Inc	4.103.638	2025-12-31	EUR	https://www.pmt.nl/over-pmt/zo-beleggen-we/waar-beleggen-we-in/aandelen-en-obligaties/#
Metal and Technology Pension Fund	Kaiser Aluminum Corp	5.259.619	2025-12-31	EUR	https://www.pmt.nl/over-pmt/zo-beleggen-we/waar-beleggen-we-in/aandelen-en-obligaties/#
Metal and Technology Pension Fund	Kapla Holding SAS	4.619.333	2025-12-31	EUR	https://www.pmt.nl/over-pmt/zo-beleggen-we/waar-beleggen-we-in/aandelen-en-obligaties/#
Metal and Technology Pension Fund	KB Home	2.928.586	2025-12-31	EUR	https://www.pmt.nl/over-pmt/zo-beleggen-we/waar-beleggen-we-in/aandelen-en-obligaties/#
Metal and Technology Pension Fund	KFC Holding Co/Pizza Hut Holdings LLC/Taco Bell of America LLC	13.959.340	2025-12-31	EUR	https://www.pmt.nl/over-pmt/zo-beleggen-we/waar-beleggen-we-in/aandelen-en-obligaties/#
Metal and Technology Pension Fund	Kinetik Holdings LP	13.412.827	2025-12-31	EUR	https://www.pmt.nl/over-pmt/zo-beleggen-we/waar-beleggen-we-in/aandelen-en-obligaties/#
Metal and Technology Pension Fund	Knife River Corp	7.467.992	2025-12-31	EUR	https://www.pmt.nl/over-pmt/zo-beleggen-we/waar-beleggen-we-in/aandelen-en-obligaties/#
Metal and Technology Pension Fund	Kodiak Gas Services LLC	4.890.444	2025-12-31	EUR	https://www.pmt.nl/over-pmt/zo-beleggen-we/waar-beleggen-we-in/aandelen-en-obligaties/#
Metal and Technology Pension Fund	Koninklijke KPN NV	23.906.580	2025-12-31	EUR	https://www.pmt.nl/over-pmt/zo-beleggen-we/waar-beleggen-we-in/aandelen-en-obligaties/#
Metal and Technology Pension Fund	Korn Ferry	11.077.275	2025-12-31	EUR	https://www.pmt.nl/over-pmt/zo-beleggen-we/waar-beleggen-we-in/aandelen-en-obligaties/#
Metal and Technology Pension Fund	Kronos International Inc	6.846.147	2025-12-31	EUR	https://www.pmt.nl/over-pmt/zo-beleggen-we/waar-beleggen-we-in/aandelen-en-obligaties/#
Metal and Technology Pension Fund	Ladder Capital Finance Holdings LLLP / Ladder Capital Finance Corp	4.916.037	2025-12-31	EUR	https://www.pmt.nl/over-pmt/zo-beleggen-we/waar-beleggen-we-in/aandelen-en-obligaties/#
Metal and Technology Pension Fund	Lamar Media Corp	5.012.176	2025-12-31	EUR	https://www.pmt.nl/over-pmt/zo-beleggen-we/waar-beleggen-we-in/aandelen-en-obligaties/#
Metal and Technology Pension Fund	Lamb Weston Holdings Inc	5.160.070	2025-12-31	EUR	https://www.pmt.nl/over-pmt/zo-beleggen-we/waar-beleggen-we-in/aandelen-en-obligaties/#
Metal and Technology Pension Fund	Lansforsakringar Bank AB	14.178.274	2025-12-31	EUR	https://www.pmt.nl/over-pmt/zo-beleggen-we/waar-beleggen-we-in/aandelen-en-obligaties/#
Metal and Technology Pension Fund	Level 3 Financing Inc	10.347.271	2025-12-31	EUR	https://www.pmt.nl/over-pmt/zo-beleggen-we/waar-beleggen-we-in/aandelen-en-obligaties/#
Metal and Technology Pension Fund	LGI Homes Inc	6.570.120	2025-12-31	EUR	https://www.pmt.nl/over-pmt/zo-beleggen-we/waar-beleggen-we-in/aandelen-en-obligaties/#
Metal and Technology Pension Fund	LifePoint Health Inc	8.344.057	2025-12-31	EUR	https://www.pmt.nl/over-pmt/zo-beleggen-we/waar-beleggen-we-in/aandelen-en-obligaties/#
Metal and Technology Pension Fund	Light & Wonder International Inc	23.350.163	2025-12-31	EUR	https://www.pmt.nl/over-pmt/zo-beleggen-we/waar-beleggen-we-in/aandelen-en-obligaties/#
Metal and Technology Pension Fund	Lithia Motors Inc	7.712.609	2025-12-31	EUR	https://www.pmt.nl/over-pmt/zo-beleggen-we/waar-beleggen-we-in/aandelen-en-obligaties/#
Metal and Technology Pension Fund	Live Nation Entertainment Inc	28.362.452	2025-12-31	EUR	https://www.pmt.nl/over-pmt/zo-beleggen-we/waar-beleggen-we-in/aandelen-en-obligaties/#
Metal and Technology Pension Fund	Lottomatica Group Spa	26.897.468	2025-12-31	EUR	https://www.pmt.nl/over-pmt/zo-beleggen-we/waar-beleggen-we-in/aandelen-en-obligaties/#
Metal and Technology Pension Fund	Loxam SAS	38.071.493	2025-12-31	EUR	https://www.pmt.nl/over-pmt/zo-beleggen-we/waar-beleggen-we-in/aandelen-en-obligaties/#
Metal and Technology Pension Fund	Lumen Technologies Inc	3.007.239	2025-12-31	EUR	https://www.pmt.nl/over-pmt/zo-beleggen-we/waar-beleggen-we-in/aandelen-en-obligaties/#
Metal and Technology Pension Fund	M/I Homes Inc	2.846.189	2025-12-31	EUR	https://www.pmt.nl/over-pmt/zo-beleggen-we/waar-beleggen-we-in/aandelen-en-obligaties/#
Metal and Technology Pension Fund	Magallanes Inc	23.866.861	2025-12-31	EUR	https://www.pmt.nl/over-pmt/zo-beleggen-we/waar-beleggen-we-in/aandelen-en-obligaties/#
Metal and Technology Pension Fund	Magnera Corp	6.235.383	2025-12-31	EUR	https://www.pmt.nl/over-pmt/zo-beleggen-we/waar-beleggen-we-in/aandelen-en-obligaties/#
Metal and Technology Pension Fund	Mahle GmbH	3.038.578	2025-12-31	EUR	https://www.pmt.nl/over-pmt/zo-beleggen-we/waar-beleggen-we-in/aandelen-en-obligaties/#
Metal and Technology Pension Fund	Manitowoc Co Inc/The	4.553.259	2025-12-31	EUR	https://www.pmt.nl/over-pmt/zo-beleggen-we/waar-beleggen-we-in/aandelen-en-obligaties/#
Metal and Technology Pension Fund	Masterbrand Inc	5.133.016	2025-12-31	EUR	https://www.pmt.nl/over-pmt/zo-beleggen-we/waar-beleggen-we-in/aandelen-en-obligaties/#
Metal and Technology Pension Fund	Match Group Holdings II LLC	9.443.223	2025-12-31	EUR	https://www.pmt.nl/over-pmt/zo-beleggen-we/waar-beleggen-we-in/aandelen-en-obligaties/#
Metal and Technology Pension Fund	Matterhorn Telecom SA	33.503.282	2025-12-31	EUR	https://www.pmt.nl/over-pmt/zo-beleggen-we/waar-beleggen-we-in/aandelen-en-obligaties/#
Metal and Technology Pension Fund	Matthews International Corp	3.663.613	2025-12-31	EUR	https://www.pmt.nl/over-pmt/zo-beleggen-we/waar-beleggen-we-in/aandelen-en-obligaties/#
Metal and Technology Pension Fund	Mauser Packaging Solutions Holding Co	5.473.119	2025-12-31	EUR	https://www.pmt.nl/over-pmt/zo-beleggen-we/waar-beleggen-we-in/aandelen-en-obligaties/#
Metal and Technology Pension Fund	Maya SAS/Paris France	16.384.778	2025-12-31	EUR	https://www.pmt.nl/over-pmt/zo-beleggen-we/waar-beleggen-we-in/aandelen-en-obligaties/#
Metal and Technology Pension Fund	McGraw-Hill Education Inc	6.915.813	2025-12-31	EUR	https://www.pmt.nl/over-pmt/zo-beleggen-we/waar-beleggen-we-in/aandelen-en-obligaties/#
Metal and Technology Pension Fund	Mehilainen Yhtiot Oy	7.134.494	2025-12-31	EUR	https://www.pmt.nl/over-pmt/zo-beleggen-we/waar-beleggen-we-in/aandelen-en-obligaties/#
Metal and Technology Pension Fund	Mercer International Inc	12.249.648	2025-12-31	EUR	https://www.pmt.nl/over-pmt/zo-beleggen-we/waar-beleggen-we-in/aandelen-en-obligaties/#
Metal and Technology Pension Fund	Mineral Resources Ltd	27.979.022	2025-12-31	EUR	https://www.pmt.nl/over-pmt/zo-beleggen-we/waar-beleggen-we-in/aandelen-en-obligaties/#
Metal and Technology Pension Fund	Molina Healthcare Inc	14.106.166	2025-12-31	EUR	https://www.pmt.nl/over-pmt/zo-beleggen-we/waar-beleggen-we-in/aandelen-en-obligaties/#
Metal and Technology Pension Fund	Monitchem HoldCo 3 SA	12.093.887	2025-12-31	EUR	https://www.pmt.nl/over-pmt/zo-beleggen-we/waar-beleggen-we-in/aandelen-en-obligaties/#
Metal and Technology Pension Fund	Motion Finco Sarl	8.424.998	2025-12-31	EUR	https://www.pmt.nl/over-pmt/zo-beleggen-we/waar-beleggen-we-in/aandelen-en-obligaties/#
Metal and Technology Pension Fund	MPT Operating Partnership LP / MPT Finance Corp	25.857.856	2025-12-31	EUR	https://www.pmt.nl/over-pmt/zo-beleggen-we/waar-beleggen-we-in/aandelen-en-obligaties/#
Metal and Technology Pension Fund	Mundys SpA	60.802.490	2025-12-31	EUR	https://www.pmt.nl/over-pmt/zo-beleggen-we/waar-beleggen-we-in/aandelen-en-obligaties/#
Metal and Technology Pension Fund	Murphy Oil USA Inc	13.450.738	2025-12-31	EUR	https://www.pmt.nl/over-pmt/zo-beleggen-we/waar-beleggen-we-in/aandelen-en-obligaties/#
Metal and Technology Pension Fund	National Bank of Canada	5.372.877	2025-12-31	EUR	https://www.pmt.nl/over-pmt/zo-beleggen-we/waar-beleggen-we-in/aandelen-en-obligaties/#
Metal and Technology Pension Fund	Naturgy Finance BV	4.005.777	2025-12-31	EUR	https://www.pmt.nl/over-pmt/zo-beleggen-we/waar-beleggen-we-in/aandelen-en-obligaties/#
Metal and Technology Pension Fund	NCL Corp Ltd	12.070.495	2025-12-31	EUR	https://www.pmt.nl/over-pmt/zo-beleggen-we/waar-beleggen-we-in/aandelen-en-obligaties/#
Metal and Technology Pension Fund	Nederlandse Gasunie NV	7.310.338	2025-12-31	EUR	https://www.pmt.nl/over-pmt/zo-beleggen-we/waar-beleggen-we-in/aandelen-en-obligaties/#
Metal and Technology Pension Fund	Neogen Food Safety Corp	4.928.144	2025-12-31	EUR	https://www.pmt.nl/over-pmt/zo-beleggen-we/waar-beleggen-we-in/aandelen-en-obligaties/#
Metal and Technology Pension Fund	Neptune Bidco US Inc	3.046.656	2025-12-31	EUR	https://www.pmt.nl/over-pmt/zo-beleggen-we/waar-beleggen-we-in/aandelen-en-obligaties/#
Metal and Technology Pension Fund	NESCO Holdings II Inc	4.573.878	2025-12-31	EUR	https://www.pmt.nl/over-pmt/zo-beleggen-we/waar-beleggen-we-in/aandelen-en-obligaties/#
Metal and Technology Pension Fund	New Immo Holding SA	22.601.559	2025-12-31	EUR	https://www.pmt.nl/over-pmt/zo-beleggen-we/waar-beleggen-we-in/aandelen-en-obligaties/#
Metal and Technology Pension Fund	Newell Brands Inc	10.244.730	2025-12-31	EUR	https://www.pmt.nl/over-pmt/zo-beleggen-we/waar-beleggen-we-in/aandelen-en-obligaties/#
Metal and Technology Pension Fund	Nexans SA	5.124.057	2025-12-31	EUR	https://www.pmt.nl/over-pmt/zo-beleggen-we/waar-beleggen-we-in/aandelen-en-obligaties/#
Metal and Technology Pension Fund	Nidda Healthcare Holding GmbH	5.719.592	2025-12-31	EUR	https://www.pmt.nl/over-pmt/zo-beleggen-we/waar-beleggen-we-in/aandelen-en-obligaties/#
Metal and Technology Pension Fund	Nissan Motor Acceptance Co LLC	3.349.181	2025-12-31	EUR	https://www.pmt.nl/over-pmt/zo-beleggen-we/waar-beleggen-we-in/aandelen-en-obligaties/#
Metal and Technology Pension Fund	Nissan Motor Co Ltd	46.054.842	2025-12-31	EUR	https://www.pmt.nl/over-pmt/zo-beleggen-we/waar-beleggen-we-in/aandelen-en-obligaties/#
Metal and Technology Pension Fund	Novelis Corp	13.068.458	2025-12-31	EUR	https://www.pmt.nl/over-pmt/zo-beleggen-we/waar-beleggen-we-in/aandelen-en-obligaties/#
Metal and Technology Pension Fund	Novelis Sheet Ingot GmbH	7.061.867	2025-12-31	EUR	https://www.pmt.nl/over-pmt/zo-beleggen-we/waar-beleggen-we-in/aandelen-en-obligaties/#
Metal and Technology Pension Fund	NRG Energy Inc	22.466.768	2025-12-31	EUR	https://www.pmt.nl/over-pmt/zo-beleggen-we/waar-beleggen-we-in/aandelen-en-obligaties/#
Metal and Technology Pension Fund	Odido Holding BV	3.996.772	2025-12-31	EUR	https://www.pmt.nl/over-pmt/zo-beleggen-we/waar-beleggen-we-in/aandelen-en-obligaties/#
Metal and Technology Pension Fund	OI European Group BV	13.805.059	2025-12-31	EUR	https://www.pmt.nl/over-pmt/zo-beleggen-we/waar-beleggen-we-in/aandelen-en-obligaties/#
Metal and Technology Pension Fund	Olympus Water US Holding Corp	12.244.691	2025-12-31	EUR	https://www.pmt.nl/over-pmt/zo-beleggen-we/waar-beleggen-we-in/aandelen-en-obligaties/#
Metal and Technology Pension Fund	Opal Bidco SAS	14.092.927	2025-12-31	EUR	https://www.pmt.nl/over-pmt/zo-beleggen-we/waar-beleggen-we-in/aandelen-en-obligaties/#
Metal and Technology Pension Fund	Open Text Corp	15.384.438	2025-12-31	EUR	https://www.pmt.nl/over-pmt/zo-beleggen-we/waar-beleggen-we-in/aandelen-en-obligaties/#
Metal and Technology Pension Fund	Open Text Holdings Inc	10.955.238	2025-12-31	EUR	https://www.pmt.nl/over-pmt/zo-beleggen-we/waar-beleggen-we-in/aandelen-en-obligaties/#
Metal and Technology Pension Fund	Opmobility	5.682.710	2025-12-31	EUR	https://www.pmt.nl/over-pmt/zo-beleggen-we/waar-beleggen-we-in/aandelen-en-obligaties/#
Metal and Technology Pension Fund	Organon & Co / Organon Foreign Debt Co-Issuer BV	43.523.102	2025-12-31	EUR	https://www.pmt.nl/over-pmt/zo-beleggen-we/waar-beleggen-we-in/aandelen-en-obligaties/#
Metal and Technology Pension Fund	Orsted AS	36.138.056	2025-12-31	EUR	https://www.pmt.nl/over-pmt/zo-beleggen-we/waar-beleggen-we-in/aandelen-en-obligaties/#
Metal and Technology Pension Fund	Outfront Media Capital LLC / Outfront Media Capital Corp	19.275.544	2025-12-31	EUR	https://www.pmt.nl/over-pmt/zo-beleggen-we/waar-beleggen-we-in/aandelen-en-obligaties/#
Metal and Technology Pension Fund	OVH Groupe SA	10.050.401	2025-12-31	EUR	https://www.pmt.nl/over-pmt/zo-beleggen-we/waar-beleggen-we-in/aandelen-en-obligaties/#
Metal and Technology Pension Fund	Pachelbel Bidco SpA	10.431.233	2025-12-31	EUR	https://www.pmt.nl/over-pmt/zo-beleggen-we/waar-beleggen-we-in/aandelen-en-obligaties/#
Metal and Technology Pension Fund	Paprec Holding SA	8.643.867	2025-12-31	EUR	https://www.pmt.nl/over-pmt/zo-beleggen-we/waar-beleggen-we-in/aandelen-en-obligaties/#
Metal and Technology Pension Fund	Park Intermediate Holdings LLC / PK Domestic Property LLC / PK Finance Co-Issuer	7.329.175	2025-12-31	EUR	https://www.pmt.nl/over-pmt/zo-beleggen-we/waar-beleggen-we-in/aandelen-en-obligaties/#
Metal and Technology Pension Fund	Parkland Corp	12.920.758	2025-12-31	EUR	https://www.pmt.nl/over-pmt/zo-beleggen-we/waar-beleggen-we-in/aandelen-en-obligaties/#
Metal and Technology Pension Fund	Patrick Industries Inc	4.066.178	2025-12-31	EUR	https://www.pmt.nl/over-pmt/zo-beleggen-we/waar-beleggen-we-in/aandelen-en-obligaties/#
Metal and Technology Pension Fund	Pebblebrook Hotel LP / PEB Finance Corp	7.215.589	2025-12-31	EUR	https://www.pmt.nl/over-pmt/zo-beleggen-we/waar-beleggen-we-in/aandelen-en-obligaties/#
Metal and Technology Pension Fund	Penn Entertainment Inc	5.989.270	2025-12-31	EUR	https://www.pmt.nl/over-pmt/zo-beleggen-we/waar-beleggen-we-in/aandelen-en-obligaties/#
Metal and Technology Pension Fund	Performance Food Group Inc	26.693.811	2025-12-31	EUR	https://www.pmt.nl/over-pmt/zo-beleggen-we/waar-beleggen-we-in/aandelen-en-obligaties/#
Metal and Technology Pension Fund	Perrigo Finance Unlimited Co	20.656.923	2025-12-31	EUR	https://www.pmt.nl/over-pmt/zo-beleggen-we/waar-beleggen-we-in/aandelen-en-obligaties/#
Metal and Technology Pension Fund	PetSmart Inc / PetSmart Finance Corp	3.366.021	2025-12-31	EUR	https://www.pmt.nl/over-pmt/zo-beleggen-we/waar-beleggen-we-in/aandelen-en-obligaties/#
Metal and Technology Pension Fund	PG&E Corp	10.634.063	2025-12-31	EUR	https://www.pmt.nl/over-pmt/zo-beleggen-we/waar-beleggen-we-in/aandelen-en-obligaties/#
Metal and Technology Pension Fund	Phinia Inc	6.321.392	2025-12-31	EUR	https://www.pmt.nl/over-pmt/zo-beleggen-we/waar-beleggen-we-in/aandelen-en-obligaties/#
Metal and Technology Pension Fund	Phoenix PIB Dutch Finance BV	7.311.315	2025-12-31	EUR	https://www.pmt.nl/over-pmt/zo-beleggen-we/waar-beleggen-we-in/aandelen-en-obligaties/#
Metal and Technology Pension Fund	Piaggio & C SpA	7.971.034	2025-12-31	EUR	https://www.pmt.nl/over-pmt/zo-beleggen-we/waar-beleggen-we-in/aandelen-en-obligaties/#
Metal and Technology Pension Fund	Post Holdings Inc	23.559.091	2025-12-31	EUR	https://www.pmt.nl/over-pmt/zo-beleggen-we/waar-beleggen-we-in/aandelen-en-obligaties/#
Metal and Technology Pension Fund	Prestige Brands Inc	18.162.512	2025-12-31	EUR	https://www.pmt.nl/over-pmt/zo-beleggen-we/waar-beleggen-we-in/aandelen-en-obligaties/#
Metal and Technology Pension Fund	Prime Security Services Borrower LLC / Prime Finance Inc	8.850.886	2025-12-31	EUR	https://www.pmt.nl/over-pmt/zo-beleggen-we/waar-beleggen-we-in/aandelen-en-obligaties/#
Metal and Technology Pension Fund	Primo Water Holdings Inc / Triton Water Holdings Inc	10.247.905	2025-12-31	EUR	https://www.pmt.nl/over-pmt/zo-beleggen-we/waar-beleggen-we-in/aandelen-en-obligaties/#
Metal and Technology Pension Fund	Project Grand UK PLC	3.167.324	2025-12-31	EUR	https://www.pmt.nl/over-pmt/zo-beleggen-we/waar-beleggen-we-in/aandelen-en-obligaties/#
Metal and Technology Pension Fund	Prysmian SpA	16.277.803	2025-12-31	EUR	https://www.pmt.nl/over-pmt/zo-beleggen-we/waar-beleggen-we-in/aandelen-en-obligaties/#
Metal and Technology Pension Fund	PTC Inc	16.075.584	2025-12-31	EUR	https://www.pmt.nl/over-pmt/zo-beleggen-we/waar-beleggen-we-in/aandelen-en-obligaties/#
Metal and Technology Pension Fund	Q-Park Holding I BV	5.234.609	2025-12-31	EUR	https://www.pmt.nl/over-pmt/zo-beleggen-we/waar-beleggen-we-in/aandelen-en-obligaties/#
Metal and Technology Pension Fund	Qnity Electronics Inc	7.537.523	2025-12-31	EUR	https://www.pmt.nl/over-pmt/zo-beleggen-we/waar-beleggen-we-in/aandelen-en-obligaties/#
Metal and Technology Pension Fund	Quikrete Holdings Inc	3.366.657	2025-12-31	EUR	https://www.pmt.nl/over-pmt/zo-beleggen-we/waar-beleggen-we-in/aandelen-en-obligaties/#
Metal and Technology Pension Fund	QXO Building Products Inc	12.968.193	2025-12-31	EUR	https://www.pmt.nl/over-pmt/zo-beleggen-we/waar-beleggen-we-in/aandelen-en-obligaties/#
Metal and Technology Pension Fund	Rakuten Group Inc	14.614.427	2025-12-31	EUR	https://www.pmt.nl/over-pmt/zo-beleggen-we/waar-beleggen-we-in/aandelen-en-obligaties/#
Metal and Technology Pension Fund	Resideo Funding Inc	11.060.562	2025-12-31	EUR	https://www.pmt.nl/over-pmt/zo-beleggen-we/waar-beleggen-we-in/aandelen-en-obligaties/#
Metal and Technology Pension Fund	Reworld Holding Corp	4.803.264	2025-12-31	EUR	https://www.pmt.nl/over-pmt/zo-beleggen-we/waar-beleggen-we-in/aandelen-en-obligaties/#
Metal and Technology Pension Fund	Rexel SA	43.730.389	2025-12-31	EUR	https://www.pmt.nl/over-pmt/zo-beleggen-we/waar-beleggen-we-in/aandelen-en-obligaties/#
Metal and Technology Pension Fund	RHP Hotel Properties LP / RHP Finance Corp	23.942.353	2025-12-31	EUR	https://www.pmt.nl/over-pmt/zo-beleggen-we/waar-beleggen-we-in/aandelen-en-obligaties/#
Metal and Technology Pension Fund	Ritchie Bros Holdings Inc	19.386.582	2025-12-31	EUR	https://www.pmt.nl/over-pmt/zo-beleggen-we/waar-beleggen-we-in/aandelen-en-obligaties/#
Metal and Technology Pension Fund	Rogers Communications Inc	13.266.793	2025-12-31	EUR	https://www.pmt.nl/over-pmt/zo-beleggen-we/waar-beleggen-we-in/aandelen-en-obligaties/#
Metal and Technology Pension Fund	Rossini Sarl	7.851.392	2025-12-31	EUR	https://www.pmt.nl/over-pmt/zo-beleggen-we/waar-beleggen-we-in/aandelen-en-obligaties/#
Metal and Technology Pension Fund	Royal Bank of Canada	5.404.236	2025-12-31	EUR	https://www.pmt.nl/over-pmt/zo-beleggen-we/waar-beleggen-we-in/aandelen-en-obligaties/#
Metal and Technology Pension Fund	Royal Bank of Canada/London	7.258.662	2025-12-31	EUR	https://www.pmt.nl/over-pmt/zo-beleggen-we/waar-beleggen-we-in/aandelen-en-obligaties/#
Metal and Technology Pension Fund	Samhallsbyggnadsbolaget I Norden Holding AB	3.274.157	2025-12-31	EUR	https://www.pmt.nl/over-pmt/zo-beleggen-we/waar-beleggen-we-in/aandelen-en-obligaties/#
Metal and Technology Pension Fund	SBA Communications Corp	8.804.056	2025-12-31	EUR	https://www.pmt.nl/over-pmt/zo-beleggen-we/waar-beleggen-we-in/aandelen-en-obligaties/#
Metal and Technology Pension Fund	Schaeffler AG	72.724.089	2025-12-31	EUR	https://www.pmt.nl/over-pmt/zo-beleggen-we/waar-beleggen-we-in/aandelen-en-obligaties/#
Metal and Technology Pension Fund	Scientific Games Holdings LP/Scientific Games US FinCo Inc	5.299.942	2025-12-31	EUR	https://www.pmt.nl/over-pmt/zo-beleggen-we/waar-beleggen-we-in/aandelen-en-obligaties/#
Metal and Technology Pension Fund	Scotts Miracle-Gro Co/The	12.652.175	2025-12-31	EUR	https://www.pmt.nl/over-pmt/zo-beleggen-we/waar-beleggen-we-in/aandelen-en-obligaties/#
Metal and Technology Pension Fund	Sealed Air Corp	9.331.634	2025-12-31	EUR	https://www.pmt.nl/over-pmt/zo-beleggen-we/waar-beleggen-we-in/aandelen-en-obligaties/#
Metal and Technology Pension Fund	Sealed Air Corp/Sealed Air Corp US	3.965.767	2025-12-31	EUR	https://www.pmt.nl/over-pmt/zo-beleggen-we/waar-beleggen-we-in/aandelen-en-obligaties/#
Metal and Technology Pension Fund	Seche Environnement SACA	13.292.514	2025-12-31	EUR	https://www.pmt.nl/over-pmt/zo-beleggen-we/waar-beleggen-we-in/aandelen-en-obligaties/#
Metal and Technology Pension Fund	Select Medical Corp	10.254.237	2025-12-31	EUR	https://www.pmt.nl/over-pmt/zo-beleggen-we/waar-beleggen-we-in/aandelen-en-obligaties/#
Metal and Technology Pension Fund	Sensata Technologies BV	8.740.697	2025-12-31	EUR	https://www.pmt.nl/over-pmt/zo-beleggen-we/waar-beleggen-we-in/aandelen-en-obligaties/#
Metal and Technology Pension Fund	Sensata Technologies Inc	8.239.142	2025-12-31	EUR	https://www.pmt.nl/over-pmt/zo-beleggen-we/waar-beleggen-we-in/aandelen-en-obligaties/#
Metal and Technology Pension Fund	Service Corp International/US	16.943.636	2025-12-31	EUR	https://www.pmt.nl/over-pmt/zo-beleggen-we/waar-beleggen-we-in/aandelen-en-obligaties/#
Metal and Technology Pension Fund	SES SA	25.774.761	2025-12-31	EUR	https://www.pmt.nl/over-pmt/zo-beleggen-we/waar-beleggen-we-in/aandelen-en-obligaties/#
Metal and Technology Pension Fund	SIG PLC	6.390.267	2025-12-31	EUR	https://www.pmt.nl/over-pmt/zo-beleggen-we/waar-beleggen-we-in/aandelen-en-obligaties/#
Metal and Technology Pension Fund	Silgan Holdings Inc	40.622.862	2025-12-31	EUR	https://www.pmt.nl/over-pmt/zo-beleggen-we/waar-beleggen-we-in/aandelen-en-obligaties/#
Metal and Technology Pension Fund	Sinclair Television Group Inc	3.616.466	2025-12-31	EUR	https://www.pmt.nl/over-pmt/zo-beleggen-we/waar-beleggen-we-in/aandelen-en-obligaties/#
Metal and Technology Pension Fund	Sirius XM Radio LLC	21.358.659	2025-12-31	EUR	https://www.pmt.nl/over-pmt/zo-beleggen-we/waar-beleggen-we-in/aandelen-en-obligaties/#
Metal and Technology Pension Fund	Six Flags Entertainment Corp / Canada's Wonderland Co / Magnum Management Corp	4.190.876	2025-12-31	EUR	https://www.pmt.nl/over-pmt/zo-beleggen-we/waar-beleggen-we-in/aandelen-en-obligaties/#
Metal and Technology Pension Fund	Six Flags Entertainment Corp /Six Flags Theme Parks Inc/ Canada's Wonderland Co	5.565.070	2025-12-31	EUR	https://www.pmt.nl/over-pmt/zo-beleggen-we/waar-beleggen-we-in/aandelen-en-obligaties/#
Metal and Technology Pension Fund	SK Invictus Intermediate II Sarl	5.274.437	2025-12-31	EUR	https://www.pmt.nl/over-pmt/zo-beleggen-we/waar-beleggen-we-in/aandelen-en-obligaties/#
Metal and Technology Pension Fund	Sonic Automotive Inc	3.669.966	2025-12-31	EUR	https://www.pmt.nl/over-pmt/zo-beleggen-we/waar-beleggen-we-in/aandelen-en-obligaties/#
Metal and Technology Pension Fund	Sotheby's	6.933.569	2025-12-31	EUR	https://www.pmt.nl/over-pmt/zo-beleggen-we/waar-beleggen-we-in/aandelen-en-obligaties/#
Metal and Technology Pension Fund	SPIE SA	15.486.947	2025-12-31	EUR	https://www.pmt.nl/over-pmt/zo-beleggen-we/waar-beleggen-we-in/aandelen-en-obligaties/#
Metal and Technology Pension Fund	Star Parent Inc	4.750.078	2025-12-31	EUR	https://www.pmt.nl/over-pmt/zo-beleggen-we/waar-beleggen-we-in/aandelen-en-obligaties/#
Metal and Technology Pension Fund	Starwood Property Trust Inc	11.888.834	2025-12-31	EUR	https://www.pmt.nl/over-pmt/zo-beleggen-we/waar-beleggen-we-in/aandelen-en-obligaties/#
Metal and Technology Pension Fund	Stena International SA	10.518.236	2025-12-31	EUR	https://www.pmt.nl/over-pmt/zo-beleggen-we/waar-beleggen-we-in/aandelen-en-obligaties/#
Metal and Technology Pension Fund	Suburban Propane Partners LP/Suburban Energy Finance Corp	3.460.149	2025-12-31	EUR	https://www.pmt.nl/over-pmt/zo-beleggen-we/waar-beleggen-we-in/aandelen-en-obligaties/#
Metal and Technology Pension Fund	Summer BC Holdco B SARL	6.273.367	2025-12-31	EUR	https://www.pmt.nl/over-pmt/zo-beleggen-we/waar-beleggen-we-in/aandelen-en-obligaties/#
Metal and Technology Pension Fund	Sunrise FinCo I BV	17.383.991	2025-12-31	EUR	https://www.pmt.nl/over-pmt/zo-beleggen-we/waar-beleggen-we-in/aandelen-en-obligaties/#
Metal and Technology Pension Fund	Surgery Center Holdings Inc	5.252.737	2025-12-31	EUR	https://www.pmt.nl/over-pmt/zo-beleggen-we/waar-beleggen-we-in/aandelen-en-obligaties/#
Metal and Technology Pension Fund	Synthomer PLC	15.842.645	2025-12-31	EUR	https://www.pmt.nl/over-pmt/zo-beleggen-we/waar-beleggen-we-in/aandelen-en-obligaties/#
Metal and Technology Pension Fund	Talos Production Inc	7.950.245	2025-12-31	EUR	https://www.pmt.nl/over-pmt/zo-beleggen-we/waar-beleggen-we-in/aandelen-en-obligaties/#
Metal and Technology Pension Fund	Team Health Holdings Inc	3.555.009	2025-12-31	EUR	https://www.pmt.nl/over-pmt/zo-beleggen-we/waar-beleggen-we-in/aandelen-en-obligaties/#
Metal and Technology Pension Fund	Techem Verwaltungsgesellschaft 675 mbH	4.214.405	2025-12-31	EUR	https://www.pmt.nl/over-pmt/zo-beleggen-we/waar-beleggen-we-in/aandelen-en-obligaties/#
Metal and Technology Pension Fund	Telecom Italia Finance SA	10.307.858	2025-12-31	EUR	https://www.pmt.nl/over-pmt/zo-beleggen-we/waar-beleggen-we-in/aandelen-en-obligaties/#
Metal and Technology Pension Fund	Telecom Italia SpA/Milano	43.858.731	2025-12-31	EUR	https://www.pmt.nl/over-pmt/zo-beleggen-we/waar-beleggen-we-in/aandelen-en-obligaties/#
Metal and Technology Pension Fund	Teleflex Inc	16.396.589	2025-12-31	EUR	https://www.pmt.nl/over-pmt/zo-beleggen-we/waar-beleggen-we-in/aandelen-en-obligaties/#
Metal and Technology Pension Fund	Telefonica Europe BV	115.091.995	2025-12-31	EUR	https://www.pmt.nl/over-pmt/zo-beleggen-we/waar-beleggen-we-in/aandelen-en-obligaties/#
Metal and Technology Pension Fund	Telenet Finance Luxembourg Notes Sarl	3.419.942	2025-12-31	EUR	https://www.pmt.nl/over-pmt/zo-beleggen-we/waar-beleggen-we-in/aandelen-en-obligaties/#
Metal and Technology Pension Fund	TELUS Corp	2.672.343	2025-12-31	EUR	https://www.pmt.nl/over-pmt/zo-beleggen-we/waar-beleggen-we-in/aandelen-en-obligaties/#
Metal and Technology Pension Fund	Tenet Healthcare Corp	28.372.357	2025-12-31	EUR	https://www.pmt.nl/over-pmt/zo-beleggen-we/waar-beleggen-we-in/aandelen-en-obligaties/#
Metal and Technology Pension Fund	Tenneco Inc	5.166.769	2025-12-31	EUR	https://www.pmt.nl/over-pmt/zo-beleggen-we/waar-beleggen-we-in/aandelen-en-obligaties/#
Metal and Technology Pension Fund	TenneT Holding BV	44.981.796	2025-12-31	EUR	https://www.pmt.nl/over-pmt/zo-beleggen-we/waar-beleggen-we-in/aandelen-en-obligaties/#
Metal and Technology Pension Fund	Terex Corp	11.118.938	2025-12-31	EUR	https://www.pmt.nl/over-pmt/zo-beleggen-we/waar-beleggen-we-in/aandelen-en-obligaties/#
Metal and Technology Pension Fund	TGNR Intermediate Holdings LLC	4.091.895	2025-12-31	EUR	https://www.pmt.nl/over-pmt/zo-beleggen-we/waar-beleggen-we-in/aandelen-en-obligaties/#
Metal and Technology Pension Fund	TopBuild Corp	13.624.658	2025-12-31	EUR	https://www.pmt.nl/over-pmt/zo-beleggen-we/waar-beleggen-we-in/aandelen-en-obligaties/#
Metal and Technology Pension Fund	TransAlta Corp	5.662.702	2025-12-31	EUR	https://www.pmt.nl/over-pmt/zo-beleggen-we/waar-beleggen-we-in/aandelen-en-obligaties/#
Metal and Technology Pension Fund	TransDigm Inc	70.780.714	2025-12-31	EUR	https://www.pmt.nl/over-pmt/zo-beleggen-we/waar-beleggen-we-in/aandelen-en-obligaties/#
Metal and Technology Pension Fund	Travel + Leisure Co	5.241.775	2025-12-31	EUR	https://www.pmt.nl/over-pmt/zo-beleggen-we/waar-beleggen-we-in/aandelen-en-obligaties/#
Metal and Technology Pension Fund	TriNet Group Inc	9.683.409	2025-12-31	EUR	https://www.pmt.nl/over-pmt/zo-beleggen-we/waar-beleggen-we-in/aandelen-en-obligaties/#
Metal and Technology Pension Fund	Trinity Industries Inc	4.287.113	2025-12-31	EUR	https://www.pmt.nl/over-pmt/zo-beleggen-we/waar-beleggen-we-in/aandelen-en-obligaties/#
Metal and Technology Pension Fund	Trivium Packaging Finance BV	27.646.477	2025-12-31	EUR	https://www.pmt.nl/over-pmt/zo-beleggen-we/waar-beleggen-we-in/aandelen-en-obligaties/#
Metal and Technology Pension Fund	TTM Technologies Inc	3.324.975	2025-12-31	EUR	https://www.pmt.nl/over-pmt/zo-beleggen-we/waar-beleggen-we-in/aandelen-en-obligaties/#
Metal and Technology Pension Fund	TUI AG	9.777.212	2025-12-31	EUR	https://www.pmt.nl/over-pmt/zo-beleggen-we/waar-beleggen-we-in/aandelen-en-obligaties/#
Metal and Technology Pension Fund	Twilio Inc	4.975.585	2025-12-31	EUR	https://www.pmt.nl/over-pmt/zo-beleggen-we/waar-beleggen-we-in/aandelen-en-obligaties/#
Metal and Technology Pension Fund	UGI International LLC	15.445.514	2025-12-31	EUR	https://www.pmt.nl/over-pmt/zo-beleggen-we/waar-beleggen-we-in/aandelen-en-obligaties/#
Metal and Technology Pension Fund	UKG Inc	3.914.963	2025-12-31	EUR	https://www.pmt.nl/over-pmt/zo-beleggen-we/waar-beleggen-we-in/aandelen-en-obligaties/#
Metal and Technology Pension Fund	United Group BV	3.674.750	2025-12-31	EUR	https://www.pmt.nl/over-pmt/zo-beleggen-we/waar-beleggen-we-in/aandelen-en-obligaties/#
Metal and Technology Pension Fund	United Rentals North America Inc	13.095.310	2025-12-31	EUR	https://www.pmt.nl/over-pmt/zo-beleggen-we/waar-beleggen-we-in/aandelen-en-obligaties/#
Metal and Technology Pension Fund	Uniti Group LP / Uniti Group Finance Inc / CSL Capital LLC	9.615.965	2025-12-31	EUR	https://www.pmt.nl/over-pmt/zo-beleggen-we/waar-beleggen-we-in/aandelen-en-obligaties/#
Metal and Technology Pension Fund	Upbound Group Inc	4.529.641	2025-12-31	EUR	https://www.pmt.nl/over-pmt/zo-beleggen-we/waar-beleggen-we-in/aandelen-en-obligaties/#
Metal and Technology Pension Fund	US Foods Inc	19.321.198	2025-12-31	EUR	https://www.pmt.nl/over-pmt/zo-beleggen-we/waar-beleggen-we-in/aandelen-en-obligaties/#
Metal and Technology Pension Fund	Vail Resorts Inc	8.236.642	2025-12-31	EUR	https://www.pmt.nl/over-pmt/zo-beleggen-we/waar-beleggen-we-in/aandelen-en-obligaties/#
Metal and Technology Pension Fund	Valeo SE	61.388.886	2025-12-31	EUR	https://www.pmt.nl/over-pmt/zo-beleggen-we/waar-beleggen-we-in/aandelen-en-obligaties/#
Metal and Technology Pension Fund	Varex Imaging Corp	4.621.206	2025-12-31	EUR	https://www.pmt.nl/over-pmt/zo-beleggen-we/waar-beleggen-we-in/aandelen-en-obligaties/#
Metal and Technology Pension Fund	Veolia Environnement SA	90.400.392	2025-12-31	EUR	https://www.pmt.nl/over-pmt/zo-beleggen-we/waar-beleggen-we-in/aandelen-en-obligaties/#
Metal and Technology Pension Fund	Veritiv Operating Co	5.159.155	2025-12-31	EUR	https://www.pmt.nl/over-pmt/zo-beleggen-we/waar-beleggen-we-in/aandelen-en-obligaties/#
Metal and Technology Pension Fund	VF Corp	18.358.577	2025-12-31	EUR	https://www.pmt.nl/over-pmt/zo-beleggen-we/waar-beleggen-we-in/aandelen-en-obligaties/#
Metal and Technology Pension Fund	Victra Holdings LLC / Victra Finance Corp	3.357.507	2025-12-31	EUR	https://www.pmt.nl/over-pmt/zo-beleggen-we/waar-beleggen-we-in/aandelen-en-obligaties/#
Metal and Technology Pension Fund	Vistra Operations Co LLC	2.920.407	2025-12-31	EUR	https://www.pmt.nl/over-pmt/zo-beleggen-we/waar-beleggen-we-in/aandelen-en-obligaties/#
Metal and Technology Pension Fund	VM Consolidated Inc	2.929.624	2025-12-31	EUR	https://www.pmt.nl/over-pmt/zo-beleggen-we/waar-beleggen-we-in/aandelen-en-obligaties/#
Metal and Technology Pension Fund	Vodafone Group PLC	76.665.999	2025-12-31	EUR	https://www.pmt.nl/over-pmt/zo-beleggen-we/waar-beleggen-we-in/aandelen-en-obligaties/#
Metal and Technology Pension Fund	Volvo Car AB	16.813.468	2025-12-31	EUR	https://www.pmt.nl/over-pmt/zo-beleggen-we/waar-beleggen-we-in/aandelen-en-obligaties/#
Metal and Technology Pension Fund	VT Topco Inc	5.030.814	2025-12-31	EUR	https://www.pmt.nl/over-pmt/zo-beleggen-we/waar-beleggen-we-in/aandelen-en-obligaties/#
Metal and Technology Pension Fund	VZ Secured Financing BV	27.579.603	2025-12-31	EUR	https://www.pmt.nl/over-pmt/zo-beleggen-we/waar-beleggen-we-in/aandelen-en-obligaties/#
Metal and Technology Pension Fund	VZ Vendor Financing II BV	6.396.640	2025-12-31	EUR	https://www.pmt.nl/over-pmt/zo-beleggen-we/waar-beleggen-we-in/aandelen-en-obligaties/#
Metal and Technology Pension Fund	Wand NewCo 3 Inc	4.424.128	2025-12-31	EUR	https://www.pmt.nl/over-pmt/zo-beleggen-we/waar-beleggen-we-in/aandelen-en-obligaties/#
Metal and Technology Pension Fund	Waste Pro USA Inc	4.723.853	2025-12-31	EUR	https://www.pmt.nl/over-pmt/zo-beleggen-we/waar-beleggen-we-in/aandelen-en-obligaties/#
Metal and Technology Pension Fund	Weatherford International Ltd	2.682.795	2025-12-31	EUR	https://www.pmt.nl/over-pmt/zo-beleggen-we/waar-beleggen-we-in/aandelen-en-obligaties/#
Metal and Technology Pension Fund	WESCO Distribution Inc	20.084.515	2025-12-31	EUR	https://www.pmt.nl/over-pmt/zo-beleggen-we/waar-beleggen-we-in/aandelen-en-obligaties/#
Metal and Technology Pension Fund	Whirlpool Corp	9.052.796	2025-12-31	EUR	https://www.pmt.nl/over-pmt/zo-beleggen-we/waar-beleggen-we-in/aandelen-en-obligaties/#
Metal and Technology Pension Fund	Whirlpool Finance Luxembourg Sarl	15.483.966	2025-12-31	EUR	https://www.pmt.nl/over-pmt/zo-beleggen-we/waar-beleggen-we-in/aandelen-en-obligaties/#
Metal and Technology Pension Fund	Williams Scotsman Inc	21.087.054	2025-12-31	EUR	https://www.pmt.nl/over-pmt/zo-beleggen-we/waar-beleggen-we-in/aandelen-en-obligaties/#
Metal and Technology Pension Fund	Windstream Services LLC	3.975.303	2025-12-31	EUR	https://www.pmt.nl/over-pmt/zo-beleggen-we/waar-beleggen-we-in/aandelen-en-obligaties/#
Metal and Technology Pension Fund	Windstream Services LLC / Windstream Escrow Finance Corp	13.903.431	2025-12-31	EUR	https://www.pmt.nl/over-pmt/zo-beleggen-we/waar-beleggen-we-in/aandelen-en-obligaties/#
Metal and Technology Pension Fund	Winnebago Industries Inc	3.442.590	2025-12-31	EUR	https://www.pmt.nl/over-pmt/zo-beleggen-we/waar-beleggen-we-in/aandelen-en-obligaties/#
Metal and Technology Pension Fund	Wintershall Dea Finance 2 BV	19.297.073	2025-12-31	EUR	https://www.pmt.nl/over-pmt/zo-beleggen-we/waar-beleggen-we-in/aandelen-en-obligaties/#
Metal and Technology Pension Fund	Worldline SA/France	16.501.867	2025-12-31	EUR	https://www.pmt.nl/over-pmt/zo-beleggen-we/waar-beleggen-we-in/aandelen-en-obligaties/#
Metal and Technology Pension Fund	XHR LP	7.804.380	2025-12-31	EUR	https://www.pmt.nl/over-pmt/zo-beleggen-we/waar-beleggen-we-in/aandelen-en-obligaties/#
Metal and Technology Pension Fund	XPLR Infrastructure Operating Partners LP	19.945.720	2025-12-31	EUR	https://www.pmt.nl/over-pmt/zo-beleggen-we/waar-beleggen-we-in/aandelen-en-obligaties/#
Metal and Technology Pension Fund	XPO Inc	6.226.148	2025-12-31	EUR	https://www.pmt.nl/over-pmt/zo-beleggen-we/waar-beleggen-we-in/aandelen-en-obligaties/#
Metal and Technology Pension Fund	Yum! Brands Inc	23.362.772	2025-12-31	EUR	https://www.pmt.nl/over-pmt/zo-beleggen-we/waar-beleggen-we-in/aandelen-en-obligaties/#
Metal and Technology Pension Fund	Zayo Group Holdings Inc	3.290.677	2025-12-31	EUR	https://www.pmt.nl/over-pmt/zo-beleggen-we/waar-beleggen-we-in/aandelen-en-obligaties/#
Metal and Technology Pension Fund	Zebra Technologies Corp	3.337.551	2025-12-31	EUR	https://www.pmt.nl/over-pmt/zo-beleggen-we/waar-beleggen-we-in/aandelen-en-obligaties/#
Metal and Technology Pension Fund	Zegona Finance PLC	10.523.542	2025-12-31	EUR	https://www.pmt.nl/over-pmt/zo-beleggen-we/waar-beleggen-we-in/aandelen-en-obligaties/#
Metal and Technology Pension Fund	Ziggo Bond Co BV	8.834.967	2025-12-31	EUR	https://www.pmt.nl/over-pmt/zo-beleggen-we/waar-beleggen-we-in/aandelen-en-obligaties/#
Metal and Technology Pension Fund	Ziggo BV	19.003.115	2025-12-31	EUR	https://www.pmt.nl/over-pmt/zo-beleggen-we/waar-beleggen-we-in/aandelen-en-obligaties/#
Metal and Technology Pension Fund	ZoomInfo Technologies LLC/ZoomInfo Finance Corp	4.994.159	2025-12-31	EUR	https://www.pmt.nl/over-pmt/zo-beleggen-we/waar-beleggen-we-in/aandelen-en-obligaties/#
Metal and Technology Pension Fund	1011778 BC ULC / New Red Finance Inc	44.012.995	2025-12-31	EUR	https://www.pmt.nl/over-pmt/zo-beleggen-we/waar-beleggen-we-in/aandelen-en-obligaties/#
Metal and Technology Pension Fund	1261229 BC Ltd	12.568.087	2025-12-31	EUR	https://www.pmt.nl/over-pmt/zo-beleggen-we/waar-beleggen-we-in/aandelen-en-obligaties/#
Metal and Technology Pension Fund	180 Medical Inc	7.240.315	2025-12-31	EUR	https://www.pmt.nl/over-pmt/zo-beleggen-we/waar-beleggen-we-in/aandelen-en-obligaties/#
Metal and Technology Pension Fund	888 Acquisitions Ltd	9.773.162	2025-12-31	EUR	https://www.pmt.nl/over-pmt/zo-beleggen-we/waar-beleggen-we-in/aandelen-en-obligaties/#
