Shareholder - Name	Issuer - Name	Security - Report Date	Security - Market Value - Amount	Security - Market Value - Currency Code	Security - ISIN	Stock - Percent Ownership	Data Source URL
Pensionskassernes Administration a/s	3i group	2026	29.520.582,12	DKK	GB00B1YW4409	0,04 %	https://pka.dk/ansvarlighed/ansvarlige-investeringer/politikker-og-rapporter
Pensionskassernes Administration a/s	3m co	2026	77.980.950,42	DKK	US88579Y1010	0,10 %	https://pka.dk/ansvarlighed/ansvarlige-investeringer/politikker-og-rapporter
Pensionskassernes Administration a/s	3sbio	2026	2.014.217,49	DKK	KYG8875G1029	0,00 %	https://pka.dk/ansvarlighed/ansvarlige-investeringer/politikker-og-rapporter
Pensionskassernes Administration a/s	Aac technologies (cn)	2026	2.408.048,35	DKK	KYG2953R1149	0,00 %	https://pka.dk/ansvarlighed/ansvarlige-investeringer/politikker-og-rapporter
Pensionskassernes Administration a/s	Abb india	2026	2.816.815,38	DKK	INE117A01022	0,00 %	https://pka.dk/ansvarlighed/ansvarlige-investeringer/politikker-og-rapporter
Pensionskassernes Administration a/s	Abb ltd	2026	170.404.678,10	DKK	CH0012221716	0,21 %	https://pka.dk/ansvarlighed/ansvarlige-investeringer/politikker-og-rapporter
Pensionskassernes Administration a/s	Abbott laboratories	2026	145.427.699,93	DKK	US0028241000	0,18 %	https://pka.dk/ansvarlighed/ansvarlige-investeringer/politikker-og-rapporter
Pensionskassernes Administration a/s	Abbvie	2026	360.305.502,52	DKK	US00287Y1091	0,44 %	https://pka.dk/ansvarlighed/ansvarlige-investeringer/politikker-og-rapporter
Pensionskassernes Administration a/s	Abivax	2026	2.886.762,06	DKK	FR0012333284	0,00 %	https://pka.dk/ansvarlighed/ansvarlige-investeringer/politikker-og-rapporter
Pensionskassernes Administration a/s	Abn amro bank a	2026	22.974.579,49	DKK	NL0011540547	0,03 %	https://pka.dk/ansvarlighed/ansvarlige-investeringer/politikker-og-rapporter
Pensionskassernes Administration a/s	Absa group	2026	4.488.534,18	DKK	ZAE000255915	0,01 %	https://pka.dk/ansvarlighed/ansvarlige-investeringer/politikker-og-rapporter
Pensionskassernes Administration a/s	Abu dhabi comm bank	2026	8.937.648,36	DKK	AEA000201011	0,01 %	https://pka.dk/ansvarlighed/ansvarlige-investeringer/politikker-og-rapporter
Pensionskassernes Administration a/s	Abu dhabi islamic bk(ae)	2026	647.974,91	DKK	AEA000801018	0,00 %	https://pka.dk/ansvarlighed/ansvarlige-investeringer/politikker-og-rapporter
Pensionskassernes Administration a/s	Abu dhabi natl oil co	2026	6.238.702,20	DKK	AEA006101017	0,01 %	https://pka.dk/ansvarlighed/ansvarlige-investeringer/politikker-og-rapporter
Pensionskassernes Administration a/s	Accenture a	2026	116.256.552,59	DKK	IE00B4BNMY34	0,14 %	https://pka.dk/ansvarlighed/ansvarlige-investeringer/politikker-og-rapporter
Pensionskassernes Administration a/s	Acciona	2026	9.157.932,75	DKK	ES0125220311	0,01 %	https://pka.dk/ansvarlighed/ansvarlige-investeringer/politikker-og-rapporter
Pensionskassernes Administration a/s	Accor	2026	8.193.798,73	DKK	FR0000120404	0,01 %	https://pka.dk/ansvarlighed/ansvarlige-investeringer/politikker-og-rapporter
Pensionskassernes Administration a/s	Accton technology corp	2026	14.928.830,84	DKK	TW0002345006	0,02 %	https://pka.dk/ansvarlighed/ansvarlige-investeringer/politikker-og-rapporter
Pensionskassernes Administration a/s	Acs activ const y svcs	2026	17.401.763,16	DKK	ES0167050915	0,02 %	https://pka.dk/ansvarlighed/ansvarlige-investeringer/politikker-og-rapporter
Pensionskassernes Administration a/s	Adani enterprises	2026	1.939.278,17	DKK	INE423A01024	0,00 %	https://pka.dk/ansvarlighed/ansvarlige-investeringer/politikker-og-rapporter
Pensionskassernes Administration a/s	Adani ports and sez	2026	4.281.646,35	DKK	INE742F01042	0,01 %	https://pka.dk/ansvarlighed/ansvarlige-investeringer/politikker-og-rapporter
Pensionskassernes Administration a/s	Addtech b	2026	7.935.361,08	DKK	SE0014781795	0,01 %	https://pka.dk/ansvarlighed/ansvarlige-investeringer/politikker-og-rapporter
Pensionskassernes Administration a/s	Adidas	2026	30.032.619,33	DKK	DE000A1EWWW0	0,04 %	https://pka.dk/ansvarlighed/ansvarlige-investeringer/politikker-og-rapporter
Pensionskassernes Administration a/s	Admiral group	2026	8.219.966,01	DKK	GB00B02J6398	0,01 %	https://pka.dk/ansvarlighed/ansvarlige-investeringer/politikker-og-rapporter
Pensionskassernes Administration a/s	Adnoc gas	2026	3.037.608,43	DKK	AEE01195A234	0,00 %	https://pka.dk/ansvarlighed/ansvarlige-investeringer/politikker-og-rapporter
Pensionskassernes Administration a/s	Adobe	2026	111.123.771,16	DKK	US00724F1012	0,14 %	https://pka.dk/ansvarlighed/ansvarlige-investeringer/politikker-og-rapporter
Pensionskassernes Administration a/s	Adp	2026	2.853.520,15	DKK	FR0010340141	0,00 %	https://pka.dk/ansvarlighed/ansvarlige-investeringer/politikker-og-rapporter
Pensionskassernes Administration a/s	Advanced info service-nvdr	2026	5.254.270,96	DKK	TH0268010R11	0,01 %	https://pka.dk/ansvarlighed/ansvarlige-investeringer/politikker-og-rapporter
Pensionskassernes Administration a/s	Advanced micro devices	2026	804.594.513,40	DKK	US0079031078	0,98 %	https://pka.dk/ansvarlighed/ansvarlige-investeringer/politikker-og-rapporter
Pensionskassernes Administration a/s	Advantest corp	2026	117.363.552,21	DKK	JP3122400009	0,14 %	https://pka.dk/ansvarlighed/ansvarlige-investeringer/politikker-og-rapporter
Pensionskassernes Administration a/s	Adyen nv	2026	25.553.593,91	DKK	NL0012969182	0,03 %	https://pka.dk/ansvarlighed/ansvarlige-investeringer/politikker-og-rapporter
Pensionskassernes Administration a/s	Aegon	2026	16.860.205,95	DKK	BMG0112X1056	0,02 %	https://pka.dk/ansvarlighed/ansvarlige-investeringer/politikker-og-rapporter
Pensionskassernes Administration a/s	Aena	2026	25.685.743,19	DKK	ES0105046017	0,03 %	https://pka.dk/ansvarlighed/ansvarlige-investeringer/politikker-og-rapporter
Pensionskassernes Administration a/s	Aeon co	2026	20.056.169,46	DKK	JP3388200002	0,02 %	https://pka.dk/ansvarlighed/ansvarlige-investeringer/politikker-og-rapporter
Pensionskassernes Administration a/s	Aercap holdings nv	2026	23.130.731,57	DKK	NL0000687663	0,03 %	https://pka.dk/ansvarlighed/ansvarlige-investeringer/politikker-og-rapporter
Pensionskassernes Administration a/s	Affirm holdings a	2026	21.061.043,80	DKK	US00827B1061	0,03 %	https://pka.dk/ansvarlighed/ansvarlige-investeringer/politikker-og-rapporter
Pensionskassernes Administration a/s	Aflac	2026	58.130.826,99	DKK	US0010551028	0,07 %	https://pka.dk/ansvarlighed/ansvarlige-investeringer/politikker-og-rapporter
Pensionskassernes Administration a/s	Agc	2026	5.350.055,58	DKK	JP3112000009	0,01 %	https://pka.dk/ansvarlighed/ansvarlige-investeringer/politikker-og-rapporter
Pensionskassernes Administration a/s	Ageas	2026	8.374.204,01	DKK	BE0974264930	0,01 %	https://pka.dk/ansvarlighed/ansvarlige-investeringer/politikker-og-rapporter
Pensionskassernes Administration a/s	Agilent technologies	2026	41.732.571,03	DKK	US00846U1016	0,05 %	https://pka.dk/ansvarlighed/ansvarlige-investeringer/politikker-og-rapporter
Pensionskassernes Administration a/s	Agnico eagle mines	2026	95.227.016,15	DKK	CA0084741085	0,12 %	https://pka.dk/ansvarlighed/ansvarlige-investeringer/politikker-og-rapporter
Pensionskassernes Administration a/s	Agri bank of china h	2026	4.146.403,65	DKK	CNE100000Q43	0,01 %	https://pka.dk/ansvarlighed/ansvarlige-investeringer/politikker-og-rapporter
Pensionskassernes Administration a/s	Agri bank of cn a (hk-c)	2026	6.454.777,42	DKK	CNE100000RJ0	0,01 %	https://pka.dk/ansvarlighed/ansvarlige-investeringer/politikker-og-rapporter
Pensionskassernes Administration a/s	Ahold delhaize	2026	33.694.536,00	DKK	NL0011794037	0,04 %	https://pka.dk/ansvarlighed/ansvarlige-investeringer/politikker-og-rapporter
Pensionskassernes Administration a/s	Aia group	2026	108.696.886,35	DKK	HK0000069689	0,13 %	https://pka.dk/ansvarlighed/ansvarlige-investeringer/politikker-og-rapporter
Pensionskassernes Administration a/s	Aib group	2026	17.200.244,12	DKK	IE00BF0L3536	0,02 %	https://pka.dk/ansvarlighed/ansvarlige-investeringer/politikker-og-rapporter
Pensionskassernes Administration a/s	Air liquide	2026	78.976.934,38	DKK	FR0000120073	0,10 %	https://pka.dk/ansvarlighed/ansvarlige-investeringer/politikker-og-rapporter
Pensionskassernes Administration a/s	Air products & chemicals	2026	38.201.156,28	DKK	US0091581068	0,05 %	https://pka.dk/ansvarlighed/ansvarlige-investeringer/politikker-og-rapporter
Pensionskassernes Administration a/s	Airbnb a	2026	56.150.738,69	DKK	US0090661010	0,07 %	https://pka.dk/ansvarlighed/ansvarlige-investeringer/politikker-og-rapporter
Pensionskassernes Administration a/s	Airports of thailand pcl-for	2026	4.671.047,85	DKK	TH0765010Z16	0,01 %	https://pka.dk/ansvarlighed/ansvarlige-investeringer/politikker-og-rapporter
Pensionskassernes Administration a/s	Airports of thailand pc-nvdr	2026	1.589.051,82	DKK	TH0765010R16	0,00 %	https://pka.dk/ansvarlighed/ansvarlige-investeringer/politikker-og-rapporter
Pensionskassernes Administration a/s	Airtac international	2026	3.322.531,39	DKK	KYG014081064	0,00 %	https://pka.dk/ansvarlighed/ansvarlige-investeringer/politikker-og-rapporter
Pensionskassernes Administration a/s	Airtel africa	2026	1.764.463,66	DKK	GB00BKDRYJ47	0,00 %	https://pka.dk/ansvarlighed/ansvarlige-investeringer/politikker-og-rapporter
Pensionskassernes Administration a/s	Aisin corp	2026	3.475.446,09	DKK	JP3102000001	0,00 %	https://pka.dk/ansvarlighed/ansvarlige-investeringer/politikker-og-rapporter
Pensionskassernes Administration a/s	Ajinomoto co	2026	29.857.842,56	DKK	JP3119600009	0,04 %	https://pka.dk/ansvarlighed/ansvarlige-investeringer/politikker-og-rapporter
Pensionskassernes Administration a/s	Akbank	2026	1.499.237,15	DKK	TRAAKBNK91N6	0,00 %	https://pka.dk/ansvarlighed/ansvarlige-investeringer/politikker-og-rapporter
Pensionskassernes Administration a/s	Aker bp	2026	18.161.913,60	DKK	NO0010345853	0,02 %	https://pka.dk/ansvarlighed/ansvarlige-investeringer/politikker-og-rapporter
Pensionskassernes Administration a/s	Akeso (cn)	2026	3.615.068,52	DKK	KYG0146B1032	0,00 %	https://pka.dk/ansvarlighed/ansvarlige-investeringer/politikker-og-rapporter
Pensionskassernes Administration a/s	Akzo nobel	2026	24.544.567,85	DKK	NL0013267909	0,03 %	https://pka.dk/ansvarlighed/ansvarlige-investeringer/politikker-og-rapporter
Pensionskassernes Administration a/s	Al rajhi banking & inv	2026	19.433.079,74	DKK	SA0007879113	0,02 %	https://pka.dk/ansvarlighed/ansvarlige-investeringer/politikker-og-rapporter
Pensionskassernes Administration a/s	Alamos gold	2026	16.868.994,05	DKK	CA0115321089	0,02 %	https://pka.dk/ansvarlighed/ansvarlige-investeringer/politikker-og-rapporter
Pensionskassernes Administration a/s	Alchip technologies	2026	4.978.669,72	DKK	KYG022421088	0,01 %	https://pka.dk/ansvarlighed/ansvarlige-investeringer/politikker-og-rapporter
Pensionskassernes Administration a/s	Alcon	2026	29.566.804,99	DKK	CH0432492467	0,04 %	https://pka.dk/ansvarlighed/ansvarlige-investeringer/politikker-og-rapporter
Pensionskassernes Administration a/s	Aldar properties	2026	5.891.788,96	DKK	AEA002001013	0,01 %	https://pka.dk/ansvarlighed/ansvarlige-investeringer/politikker-og-rapporter
Pensionskassernes Administration a/s	Alfa laval	2026	14.797.328,97	DKK	SE0000695876	0,02 %	https://pka.dk/ansvarlighed/ansvarlige-investeringer/politikker-og-rapporter
Pensionskassernes Administration a/s	Alibaba grp hldg (hk)	2026	103.823.895,65	DKK	KYG017191142	0,13 %	https://pka.dk/ansvarlighed/ansvarlige-investeringer/politikker-og-rapporter
Pensionskassernes Administration a/s	Alibaba health info tech	2026	828.867,04	DKK	BMG0171K1018	0,00 %	https://pka.dk/ansvarlighed/ansvarlige-investeringer/politikker-og-rapporter
Pensionskassernes Administration a/s	Alimentation couche	2026	40.002.616,82	DKK	CA01626P1484	0,05 %	https://pka.dk/ansvarlighed/ansvarlige-investeringer/politikker-og-rapporter
Pensionskassernes Administration a/s	Alinma bank	2026	4.817.710,56	DKK	SA122050HV19	0,01 %	https://pka.dk/ansvarlighed/ansvarlige-investeringer/politikker-og-rapporter
Pensionskassernes Administration a/s	Allegion	2026	9.639.969,88	DKK	IE00BFRT3W74	0,01 %	https://pka.dk/ansvarlighed/ansvarlige-investeringer/politikker-og-rapporter
Pensionskassernes Administration a/s	Allegro.eu	2026	801.848,90	DKK	LU2237380790	0,00 %	https://pka.dk/ansvarlighed/ansvarlige-investeringer/politikker-og-rapporter
Pensionskassernes Administration a/s	Allianz	2026	162.913.253,76	DKK	DE0008404005	0,20 %	https://pka.dk/ansvarlighed/ansvarlige-investeringer/politikker-og-rapporter
Pensionskassernes Administration a/s	Allstate corp	2026	52.425.149,48	DKK	US0200021014	0,06 %	https://pka.dk/ansvarlighed/ansvarlige-investeringer/politikker-og-rapporter
Pensionskassernes Administration a/s	Almarai co	2026	3.218.005,66	DKK	SA000A0ETHT1	0,00 %	https://pka.dk/ansvarlighed/ansvarlige-investeringer/politikker-og-rapporter
Pensionskassernes Administration a/s	Alnylam pharmaceuticals	2026	36.424.176,54	DKK	US02043Q1076	0,04 %	https://pka.dk/ansvarlighed/ansvarlige-investeringer/politikker-og-rapporter
Pensionskassernes Administration a/s	Alpha bank	2026	4.547.547,62	DKK	GRS830003000	0,01 %	https://pka.dk/ansvarlighed/ansvarlige-investeringer/politikker-og-rapporter
Pensionskassernes Administration a/s	Alphabet a	2026	2.072.357.238,21	DKK	US02079K3059	2,53 %	https://pka.dk/ansvarlighed/ansvarlige-investeringer/politikker-og-rapporter
Pensionskassernes Administration a/s	Alphabet c	2026	1.711.865.060,31	DKK	US02079K1079	2,09 %	https://pka.dk/ansvarlighed/ansvarlige-investeringer/politikker-og-rapporter
Pensionskassernes Administration a/s	Alstom	2026	5.994.399,84	DKK	FR0010220475	0,01 %	https://pka.dk/ansvarlighed/ansvarlige-investeringer/politikker-og-rapporter
Pensionskassernes Administration a/s	Altagas	2026	10.049.438,11	DKK	CA0213611001	0,01 %	https://pka.dk/ansvarlighed/ansvarlige-investeringer/politikker-og-rapporter
Pensionskassernes Administration a/s	Alteogen	2026	3.668.980,88	DKK	KR7196170005	0,00 %	https://pka.dk/ansvarlighed/ansvarlige-investeringer/politikker-og-rapporter
Pensionskassernes Administration a/s	Amadeus it group a	2026	25.722.227,82	DKK	ES0109067019	0,03 %	https://pka.dk/ansvarlighed/ansvarlige-investeringer/politikker-og-rapporter
Pensionskassernes Administration a/s	Amazon.com	2026	2.436.228.091,28	DKK	US0231351067	2,97 %	https://pka.dk/ansvarlighed/ansvarlige-investeringer/politikker-og-rapporter
Pensionskassernes Administration a/s	Amcor	2026	19.122.334,53	DKK	JE00BV7DQ550	0,02 %	https://pka.dk/ansvarlighed/ansvarlige-investeringer/politikker-og-rapporter
Pensionskassernes Administration a/s	America movil b	2026	14.109.048,38	DKK	MX01AM050019	0,02 %	https://pka.dk/ansvarlighed/ansvarlige-investeringer/politikker-og-rapporter
Pensionskassernes Administration a/s	American express	2026	165.671.696,07	DKK	US0258161092	0,20 %	https://pka.dk/ansvarlighed/ansvarlige-investeringer/politikker-og-rapporter
Pensionskassernes Administration a/s	American intl group	2026	36.406.139,69	DKK	US0268747849	0,04 %	https://pka.dk/ansvarlighed/ansvarlige-investeringer/politikker-og-rapporter
Pensionskassernes Administration a/s	American tower corp	2026	83.253.709,34	DKK	US03027X1000	0,10 %	https://pka.dk/ansvarlighed/ansvarlige-investeringer/politikker-og-rapporter
Pensionskassernes Administration a/s	American water works co	2026	26.912.302,57	DKK	US0304201033	0,03 %	https://pka.dk/ansvarlighed/ansvarlige-investeringer/politikker-og-rapporter
Pensionskassernes Administration a/s	Ameriprise financial	2026	41.204.499,66	DKK	US03076C1062	0,05 %	https://pka.dk/ansvarlighed/ansvarlige-investeringer/politikker-og-rapporter
Pensionskassernes Administration a/s	Ametek	2026	54.329.934,80	DKK	US0311001004	0,07 %	https://pka.dk/ansvarlighed/ansvarlige-investeringer/politikker-og-rapporter
Pensionskassernes Administration a/s	Amgen	2026	172.823.106,13	DKK	US0311621009	0,21 %	https://pka.dk/ansvarlighed/ansvarlige-investeringer/politikker-og-rapporter
Pensionskassernes Administration a/s	Amphenol corp	2026	170.715.042,61	DKK	US0320951017	0,21 %	https://pka.dk/ansvarlighed/ansvarlige-investeringer/politikker-og-rapporter
Pensionskassernes Administration a/s	Amrize (us)	2026	25.050.041,47	DKK	CH1430134226	0,03 %	https://pka.dk/ansvarlighed/ansvarlige-investeringer/politikker-og-rapporter
Pensionskassernes Administration a/s	Amundi	2026	14.416.105,69	DKK	FR0004125920	0,02 %	https://pka.dk/ansvarlighed/ansvarlige-investeringer/politikker-og-rapporter
Pensionskassernes Administration a/s	Analog devices	2026	192.312.122,09	DKK	US0326541051	0,23 %	https://pka.dk/ansvarlighed/ansvarlige-investeringer/politikker-og-rapporter
Pensionskassernes Administration a/s	Anglo american	2026	59.282.271,05	DKK	GB00BTK05J60	0,07 %	https://pka.dk/ansvarlighed/ansvarlige-investeringer/politikker-og-rapporter
Pensionskassernes Administration a/s	Anglogold ashanti	2026	18.737.022,83	DKK	GB00BRXH2664	0,02 %	https://pka.dk/ansvarlighed/ansvarlige-investeringer/politikker-og-rapporter
Pensionskassernes Administration a/s	Anheuser-busch inbev	2026	73.849.025,91	DKK	BE0974293251	0,09 %	https://pka.dk/ansvarlighed/ansvarlige-investeringer/politikker-og-rapporter
Pensionskassernes Administration a/s	Annaly capital mgmt	2026	12.422.206,47	DKK	US0357108390	0,02 %	https://pka.dk/ansvarlighed/ansvarlige-investeringer/politikker-og-rapporter
Pensionskassernes Administration a/s	Anta sports products	2026	5.581.894,98	DKK	KYG040111059	0,01 %	https://pka.dk/ansvarlighed/ansvarlige-investeringer/politikker-og-rapporter
Pensionskassernes Administration a/s	Antofagasta	2026	19.705.862,44	DKK	GB0000456144	0,02 %	https://pka.dk/ansvarlighed/ansvarlige-investeringer/politikker-og-rapporter
Pensionskassernes Administration a/s	Anz group holdings	2026	75.177.868,15	DKK	AU000000ANZ3	0,09 %	https://pka.dk/ansvarlighed/ansvarlige-investeringer/politikker-og-rapporter
Pensionskassernes Administration a/s	Aon plc a	2026	61.256.579,94	DKK	IE00BLP1HW54	0,07 %	https://pka.dk/ansvarlighed/ansvarlige-investeringer/politikker-og-rapporter
Pensionskassernes Administration a/s	Ap moller maersk a	2026	1.873.169,97	DKK	DK0010244425	0,00 %	https://pka.dk/ansvarlighed/ansvarlige-investeringer/politikker-og-rapporter
Pensionskassernes Administration a/s	Ap moller maersk b	2026	11.807.999,98	DKK	DK0010244508	0,01 %	https://pka.dk/ansvarlighed/ansvarlige-investeringer/politikker-og-rapporter
Pensionskassernes Administration a/s	Apa group	2026	6.231.821,02	DKK	AU000000APA1	0,01 %	https://pka.dk/ansvarlighed/ansvarlige-investeringer/politikker-og-rapporter
Pensionskassernes Administration a/s	Apollo global mgmt a	2026	54.408.095,36	DKK	US03769M1062	0,07 %	https://pka.dk/ansvarlighed/ansvarlige-investeringer/politikker-og-rapporter
Pensionskassernes Administration a/s	Apollo hospitals	2026	7.889.437,32	DKK	INE437A01024	0,01 %	https://pka.dk/ansvarlighed/ansvarlige-investeringer/politikker-og-rapporter
Pensionskassernes Administration a/s	Apple	2026	4.333.237.781,93	DKK	US0378331005	5,29 %	https://pka.dk/ansvarlighed/ansvarlige-investeringer/politikker-og-rapporter
Pensionskassernes Administration a/s	Applied materials	2026	353.602.682,84	DKK	US0382221051	0,43 %	https://pka.dk/ansvarlighed/ansvarlige-investeringer/politikker-og-rapporter
Pensionskassernes Administration a/s	Applovin corp a	2026	134.687.906,55	DKK	US03831W1080	0,16 %	https://pka.dk/ansvarlighed/ansvarlige-investeringer/politikker-og-rapporter
Pensionskassernes Administration a/s	Apr corp	2026	1.718.211,79	DKK	KR7278470000	0,00 %	https://pka.dk/ansvarlighed/ansvarlige-investeringer/politikker-og-rapporter
Pensionskassernes Administration a/s	Aptiv plc	2026	15.247.521,82	DKK	JE00BTDN8H13	0,02 %	https://pka.dk/ansvarlighed/ansvarlige-investeringer/politikker-og-rapporter
Pensionskassernes Administration a/s	Arab national bank	2026	2.903.484,88	DKK	SA0007879105	0,00 %	https://pka.dk/ansvarlighed/ansvarlige-investeringer/politikker-og-rapporter
Pensionskassernes Administration a/s	Arc resources	2026	12.976.494,79	DKK	CA00208D4084	0,02 %	https://pka.dk/ansvarlighed/ansvarlige-investeringer/politikker-og-rapporter
Pensionskassernes Administration a/s	Arcelormittal a	2026	20.243.378,85	DKK	LU1598757687	0,02 %	https://pka.dk/ansvarlighed/ansvarlige-investeringer/politikker-og-rapporter
Pensionskassernes Administration a/s	Arch capital group	2026	32.569.402,58	DKK	BMG0450A1053	0,04 %	https://pka.dk/ansvarlighed/ansvarlige-investeringer/politikker-og-rapporter
Pensionskassernes Administration a/s	Archer-daniels-midland	2026	39.025.667,22	DKK	US0394831020	0,05 %	https://pka.dk/ansvarlighed/ansvarlige-investeringer/politikker-og-rapporter
Pensionskassernes Administration a/s	Ares management corp	2026	29.516.585,64	DKK	US03990B1017	0,04 %	https://pka.dk/ansvarlighed/ansvarlige-investeringer/politikker-og-rapporter
Pensionskassernes Administration a/s	Argen x	2026	47.724.644,57	DKK	NL0010832176	0,06 %	https://pka.dk/ansvarlighed/ansvarlige-investeringer/politikker-og-rapporter
Pensionskassernes Administration a/s	Arista networks	2026	174.410.388,87	DKK	US0404132054	0,21 %	https://pka.dk/ansvarlighed/ansvarlige-investeringer/politikker-og-rapporter
Pensionskassernes Administration a/s	Aristocrat leisure	2026	21.531.140,95	DKK	AU000000ALL7	0,03 %	https://pka.dk/ansvarlighed/ansvarlige-investeringer/politikker-og-rapporter
Pensionskassernes Administration a/s	Asahi group holdings	2026	12.083.609,46	DKK	JP3116000005	0,01 %	https://pka.dk/ansvarlighed/ansvarlige-investeringer/politikker-og-rapporter
Pensionskassernes Administration a/s	Asahi kasei corp	2026	13.685.560,13	DKK	JP3111200006	0,02 %	https://pka.dk/ansvarlighed/ansvarlige-investeringer/politikker-og-rapporter
Pensionskassernes Administration a/s	Ase technology holding	2026	29.686.498,19	DKK	TW0003711008	0,04 %	https://pka.dk/ansvarlighed/ansvarlige-investeringer/politikker-og-rapporter
Pensionskassernes Administration a/s	Aselsan elektronik	2026	4.760.874,05	DKK	TRAASELS91H2	0,01 %	https://pka.dk/ansvarlighed/ansvarlige-investeringer/politikker-og-rapporter
Pensionskassernes Administration a/s	Ashok leyland	2026	8.035.972,09	DKK	INE208A01029	0,01 %	https://pka.dk/ansvarlighed/ansvarlige-investeringer/politikker-og-rapporter
Pensionskassernes Administration a/s	Asia vital components	2026	10.281.388,79	DKK	TW0003017000	0,01 %	https://pka.dk/ansvarlighed/ansvarlige-investeringer/politikker-og-rapporter
Pensionskassernes Administration a/s	Asian paints	2026	5.087.267,86	DKK	INE021A01026	0,01 %	https://pka.dk/ansvarlighed/ansvarlige-investeringer/politikker-og-rapporter
Pensionskassernes Administration a/s	Asics corp	2026	20.252.582,64	DKK	JP3118000003	0,02 %	https://pka.dk/ansvarlighed/ansvarlige-investeringer/politikker-og-rapporter
Pensionskassernes Administration a/s	Asm international	2026	45.630.110,07	DKK	NL0000334118	0,06 %	https://pka.dk/ansvarlighed/ansvarlige-investeringer/politikker-og-rapporter
Pensionskassernes Administration a/s	Asml hldg	2026	609.264.850,24	DKK	NL0010273215	0,74 %	https://pka.dk/ansvarlighed/ansvarlige-investeringer/politikker-og-rapporter
Pensionskassernes Administration a/s	Aspeed technology	2026	7.588.497,61	DKK	TW0005274005	0,01 %	https://pka.dk/ansvarlighed/ansvarlige-investeringer/politikker-og-rapporter
Pensionskassernes Administration a/s	Asr nederland	2026	17.211.346,98	DKK	NL0011872643	0,02 %	https://pka.dk/ansvarlighed/ansvarlige-investeringer/politikker-og-rapporter
Pensionskassernes Administration a/s	Assa abloy b	2026	33.358.300,84	DKK	SE0007100581	0,04 %	https://pka.dk/ansvarlighed/ansvarlige-investeringer/politikker-og-rapporter
Pensionskassernes Administration a/s	Assicurazioni generali	2026	36.797.211,11	DKK	IT0000062072	0,04 %	https://pka.dk/ansvarlighed/ansvarlige-investeringer/politikker-og-rapporter
Pensionskassernes Administration a/s	Associated british foods	2026	2.886.313,35	DKK	GB0006731235	0,00 %	https://pka.dk/ansvarlighed/ansvarlige-investeringer/politikker-og-rapporter
Pensionskassernes Administration a/s	Ast spacemobile a	2026	20.712.192,15	DKK	US00217D1000	0,03 %	https://pka.dk/ansvarlighed/ansvarlige-investeringer/politikker-og-rapporter
Pensionskassernes Administration a/s	Astellas pharma	2026	26.792.170,49	DKK	JP3942400007	0,03 %	https://pka.dk/ansvarlighed/ansvarlige-investeringer/politikker-og-rapporter
Pensionskassernes Administration a/s	Astera labs	2026	44.614.697,27	DKK	US04626A1034	0,05 %	https://pka.dk/ansvarlighed/ansvarlige-investeringer/politikker-og-rapporter
Pensionskassernes Administration a/s	Astrazeneca	2026	263.329.609,68	DKK	GB0009895292	0,32 %	https://pka.dk/ansvarlighed/ansvarlige-investeringer/politikker-og-rapporter
Pensionskassernes Administration a/s	Asustek computer	2026	6.866.564,86	DKK	TW0002357001	0,01 %	https://pka.dk/ansvarlighed/ansvarlige-investeringer/politikker-og-rapporter
Pensionskassernes Administration a/s	Asx	2026	4.159.377,94	DKK	AU000000ASX7	0,01 %	https://pka.dk/ansvarlighed/ansvarlige-investeringer/politikker-og-rapporter
Pensionskassernes Administration a/s	At&t	2026	164.875.061,64	DKK	US00206R1023	0,20 %	https://pka.dk/ansvarlighed/ansvarlige-investeringer/politikker-og-rapporter
Pensionskassernes Administration a/s	Atkinsrealis group	2026	9.604.652,78	DKK	CA04764T1049	0,01 %	https://pka.dk/ansvarlighed/ansvarlige-investeringer/politikker-og-rapporter
Pensionskassernes Administration a/s	Atlas copco a	2026	51.906.331,06	DKK	SE0017486889	0,06 %	https://pka.dk/ansvarlighed/ansvarlige-investeringer/politikker-og-rapporter
Pensionskassernes Administration a/s	Atlas copco b	2026	19.741.322,97	DKK	SE0017486897	0,02 %	https://pka.dk/ansvarlighed/ansvarlige-investeringer/politikker-og-rapporter
Pensionskassernes Administration a/s	Atlassian (us)	2026	21.174.704,63	DKK	US0494681010	0,03 %	https://pka.dk/ansvarlighed/ansvarlige-investeringer/politikker-og-rapporter
Pensionskassernes Administration a/s	Atmos energy corp	2026	35.392.737,07	DKK	US0495601058	0,04 %	https://pka.dk/ansvarlighed/ansvarlige-investeringer/politikker-og-rapporter
Pensionskassernes Administration a/s	Au small finance bank	2026	609.830,85	DKK	INE949L01017	0,00 %	https://pka.dk/ansvarlighed/ansvarlige-investeringer/politikker-og-rapporter
Pensionskassernes Administration a/s	Auckland intl airport	2026	3.724.037,77	DKK	NZAIAE0002S6	0,00 %	https://pka.dk/ansvarlighed/ansvarlige-investeringer/politikker-og-rapporter
Pensionskassernes Administration a/s	Autodesk	2026	53.270.780,81	DKK	US0527691069	0,07 %	https://pka.dk/ansvarlighed/ansvarlige-investeringer/politikker-og-rapporter
Pensionskassernes Administration a/s	Automatic data process	2026	91.853.290,85	DKK	US0530151036	0,11 %	https://pka.dk/ansvarlighed/ansvarlige-investeringer/politikker-og-rapporter
Pensionskassernes Administration a/s	Autozone	2026	45.670.788,11	DKK	US0533321024	0,06 %	https://pka.dk/ansvarlighed/ansvarlige-investeringer/politikker-og-rapporter
Pensionskassernes Administration a/s	Avalonbay communities	2026	30.466.251,61	DKK	US0534841012	0,04 %	https://pka.dk/ansvarlighed/ansvarlige-investeringer/politikker-og-rapporter
Pensionskassernes Administration a/s	Avenue supermarts	2026	2.709.671,13	DKK	INE192R01011	0,00 %	https://pka.dk/ansvarlighed/ansvarlige-investeringer/politikker-og-rapporter
Pensionskassernes Administration a/s	Avery dennison corp	2026	12.005.809,49	DKK	US0536111091	0,01 %	https://pka.dk/ansvarlighed/ansvarlige-investeringer/politikker-og-rapporter
Pensionskassernes Administration a/s	Aviva	2026	26.133.994,82	DKK	GB00BPQY8M80	0,03 %	https://pka.dk/ansvarlighed/ansvarlige-investeringer/politikker-og-rapporter
Pensionskassernes Administration a/s	Avolta	2026	2.552.526,28	DKK	CH0023405456	0,00 %	https://pka.dk/ansvarlighed/ansvarlige-investeringer/politikker-og-rapporter
Pensionskassernes Administration a/s	Axa	2026	84.216.695,06	DKK	FR0000120628	0,10 %	https://pka.dk/ansvarlighed/ansvarlige-investeringer/politikker-og-rapporter
Pensionskassernes Administration a/s	Axia energia pn b	2026	9.495.513,73	DKK	BRAXIAACNPB1	0,01 %	https://pka.dk/ansvarlighed/ansvarlige-investeringer/politikker-og-rapporter
Pensionskassernes Administration a/s	Axia energia pn c	2026	2.193.769,44	DKK	BRAXIAACNPC9	0,00 %	https://pka.dk/ansvarlighed/ansvarlige-investeringer/politikker-og-rapporter
Pensionskassernes Administration a/s	Axis bank	2026	14.382.284,99	DKK	INE238A01034	0,02 %	https://pka.dk/ansvarlighed/ansvarlige-investeringer/politikker-og-rapporter
Pensionskassernes Administration a/s	Axon enterprise	2026	35.065.694,55	DKK	US05464C1018	0,04 %	https://pka.dk/ansvarlighed/ansvarlige-investeringer/politikker-og-rapporter
Pensionskassernes Administration a/s	Ayala corp	2026	1.238.899,67	DKK	PHY0486V1154	0,00 %	https://pka.dk/ansvarlighed/ansvarlige-investeringer/politikker-og-rapporter
Pensionskassernes Administration a/s	B3	2026	8.914.690,00	DKK	BRB3SAACNOR6	0,01 %	https://pka.dk/ansvarlighed/ansvarlige-investeringer/politikker-og-rapporter
Pensionskassernes Administration a/s	Baidu (hk)	2026	17.292.322,16	DKK	KYG070341048	0,02 %	https://pka.dk/ansvarlighed/ansvarlige-investeringer/politikker-og-rapporter
Pensionskassernes Administration a/s	Bajaj auto	2026	2.331.393,25	DKK	INE917I01010	0,00 %	https://pka.dk/ansvarlighed/ansvarlige-investeringer/politikker-og-rapporter
Pensionskassernes Administration a/s	Bajaj finance	2026	10.192.772,57	DKK	INE296A01032	0,01 %	https://pka.dk/ansvarlighed/ansvarlige-investeringer/politikker-og-rapporter
Pensionskassernes Administration a/s	Bajaj finserv	2026	3.861.445,88	DKK	INE918I01026	0,00 %	https://pka.dk/ansvarlighed/ansvarlige-investeringer/politikker-og-rapporter
Pensionskassernes Administration a/s	Bajaj hldgs & investment	2026	885.335,82	DKK	INE118A01012	0,00 %	https://pka.dk/ansvarlighed/ansvarlige-investeringer/politikker-og-rapporter
Pensionskassernes Administration a/s	Baker hughes co	2026	37.788.008,73	DKK	US05722G1004	0,05 %	https://pka.dk/ansvarlighed/ansvarlige-investeringer/politikker-og-rapporter
Pensionskassernes Administration a/s	Ball corp	2026	14.386.455,99	DKK	US0584981064	0,02 %	https://pka.dk/ansvarlighed/ansvarlige-investeringer/politikker-og-rapporter
Pensionskassernes Administration a/s	Banca mediolanum	2026	1.828.291,95	DKK	IT0004776628	0,00 %	https://pka.dk/ansvarlighed/ansvarlige-investeringer/politikker-og-rapporter
Pensionskassernes Administration a/s	Banca monte paschi	2026	19.854.208,96	DKK	IT0005508921	0,02 %	https://pka.dk/ansvarlighed/ansvarlige-investeringer/politikker-og-rapporter
Pensionskassernes Administration a/s	Banco bpm	2026	14.669.204,61	DKK	IT0005218380	0,02 %	https://pka.dk/ansvarlighed/ansvarlige-investeringer/politikker-og-rapporter
Pensionskassernes Administration a/s	Banco bradesco on	2026	8.633.990,64	DKK	BRBBDCACNOR1	0,01 %	https://pka.dk/ansvarlighed/ansvarlige-investeringer/politikker-og-rapporter
Pensionskassernes Administration a/s	Banco bradesco pn	2026	5.128.010,67	DKK	BRBBDCACNPR8	0,01 %	https://pka.dk/ansvarlighed/ansvarlige-investeringer/politikker-og-rapporter
Pensionskassernes Administration a/s	Banco btg pactual	2026	5.717.013,95	DKK	BRBPACUNT006	0,01 %	https://pka.dk/ansvarlighed/ansvarlige-investeringer/politikker-og-rapporter
Pensionskassernes Administration a/s	Banco sabadell	2026	12.773.239,45	DKK	ES0113860A34	0,02 %	https://pka.dk/ansvarlighed/ansvarlige-investeringer/politikker-og-rapporter
Pensionskassernes Administration a/s	Banco santander	2026	162.461.720,24	DKK	ES0113900J37	0,20 %	https://pka.dk/ansvarlighed/ansvarlige-investeringer/politikker-og-rapporter
Pensionskassernes Administration a/s	Bandai namco holdings	2026	11.704.089,58	DKK	JP3778630008	0,01 %	https://pka.dk/ansvarlighed/ansvarlige-investeringer/politikker-og-rapporter
Pensionskassernes Administration a/s	Bangkok dusit med servi-nvdr	2026	2.662.231,95	DKK	TH0264010R10	0,00 %	https://pka.dk/ansvarlighed/ansvarlige-investeringer/politikker-og-rapporter
Pensionskassernes Administration a/s	Bank albilad	2026	1.935.642,01	DKK	SA000A0D9HK3	0,00 %	https://pka.dk/ansvarlighed/ansvarlige-investeringer/politikker-og-rapporter
Pensionskassernes Administration a/s	Bank central asia	2026	7.593.426,00	DKK	ID1000109507	0,01 %	https://pka.dk/ansvarlighed/ansvarlige-investeringer/politikker-og-rapporter
Pensionskassernes Administration a/s	Bank mandiri	2026	3.256.476,48	DKK	ID1000095003	0,00 %	https://pka.dk/ansvarlighed/ansvarlige-investeringer/politikker-og-rapporter
Pensionskassernes Administration a/s	Bank montreal	2026	116.786.126,21	DKK	CA0636711016	0,14 %	https://pka.dk/ansvarlighed/ansvarlige-investeringer/politikker-og-rapporter
Pensionskassernes Administration a/s	Bank new york mellon	2026	110.761.524,44	DKK	US0640581007	0,14 %	https://pka.dk/ansvarlighed/ansvarlige-investeringer/politikker-og-rapporter
Pensionskassernes Administration a/s	Bank nova scotia	2026	101.015.674,67	DKK	CA0641491075	0,12 %	https://pka.dk/ansvarlighed/ansvarlige-investeringer/politikker-og-rapporter
Pensionskassernes Administration a/s	Bank of america corp	2026	337.381.984,35	DKK	US0605051046	0,41 %	https://pka.dk/ansvarlighed/ansvarlige-investeringer/politikker-og-rapporter
Pensionskassernes Administration a/s	Bank of baroda	2026	489.712,40	DKK	INE028A01039	0,00 %	https://pka.dk/ansvarlighed/ansvarlige-investeringer/politikker-og-rapporter
Pensionskassernes Administration a/s	Bank of china h	2026	21.080.703,84	DKK	CNE1000001Z5	0,03 %	https://pka.dk/ansvarlighed/ansvarlige-investeringer/politikker-og-rapporter
Pensionskassernes Administration a/s	Bank of commu a (hk-c)	2026	3.223.226,04	DKK	CNE1000000S2	0,00 %	https://pka.dk/ansvarlighed/ansvarlige-investeringer/politikker-og-rapporter
Pensionskassernes Administration a/s	Bank of ireland group	2026	15.705.487,02	DKK	IE00BD1RP616	0,02 %	https://pka.dk/ansvarlighed/ansvarlige-investeringer/politikker-og-rapporter
Pensionskassernes Administration a/s	Bank of phil islands	2026	5.435.158,50	DKK	PHY0967S1694	0,01 %	https://pka.dk/ansvarlighed/ansvarlige-investeringer/politikker-og-rapporter
Pensionskassernes Administration a/s	Bank pekao	2026	1.267.830,61	DKK	PLPEKAO00016	0,00 %	https://pka.dk/ansvarlighed/ansvarlige-investeringer/politikker-og-rapporter
Pensionskassernes Administration a/s	Bank rakyat indonesia	2026	5.864.671,98	DKK	ID1000118201	0,01 %	https://pka.dk/ansvarlighed/ansvarlige-investeringer/politikker-og-rapporter
Pensionskassernes Administration a/s	Bankinter	2026	4.584.912,70	DKK	ES0113679I37	0,01 %	https://pka.dk/ansvarlighed/ansvarlige-investeringer/politikker-og-rapporter
Pensionskassernes Administration a/s	Banque cantonale vaudois	2026	870.881,80	DKK	CH0531751755	0,00 %	https://pka.dk/ansvarlighed/ansvarlige-investeringer/politikker-og-rapporter
Pensionskassernes Administration a/s	Banque saudi fransi	2026	3.836.215,27	DKK	SA0007879782	0,00 %	https://pka.dk/ansvarlighed/ansvarlige-investeringer/politikker-og-rapporter
Pensionskassernes Administration a/s	Barclays	2026	76.891.061,52	DKK	GB0031348658	0,09 %	https://pka.dk/ansvarlighed/ansvarlige-investeringer/politikker-og-rapporter
Pensionskassernes Administration a/s	Barito pacific	2026	700.215,84	DKK	ID1000085707	0,00 %	https://pka.dk/ansvarlighed/ansvarlige-investeringer/politikker-og-rapporter
Pensionskassernes Administration a/s	Barry callebaut	2026	5.804.667,74	DKK	CH0009002962	0,01 %	https://pka.dk/ansvarlighed/ansvarlige-investeringer/politikker-og-rapporter
Pensionskassernes Administration a/s	Bawag group	2026	307.356,09	DKK	AT0000BAWAG2	0,00 %	https://pka.dk/ansvarlighed/ansvarlige-investeringer/politikker-og-rapporter
Pensionskassernes Administration a/s	Bayer	2026	37.040.780,18	DKK	DE000BAY0017	0,05 %	https://pka.dk/ansvarlighed/ansvarlige-investeringer/politikker-og-rapporter
Pensionskassernes Administration a/s	Bbva	2026	119.836.291,04	DKK	ES0113211835	0,15 %	https://pka.dk/ansvarlighed/ansvarlige-investeringer/politikker-og-rapporter
Pensionskassernes Administration a/s	Bce inc	2026	3.787.035,97	DKK	CA05534B7604	0,00 %	https://pka.dk/ansvarlighed/ansvarlige-investeringer/politikker-og-rapporter
Pensionskassernes Administration a/s	Bco santander chile (new	2026	8.814.960,53	DKK	CLP1506A1070	0,01 %	https://pka.dk/ansvarlighed/ansvarlige-investeringer/politikker-og-rapporter
Pensionskassernes Administration a/s	Bcp banco comercial	2026	3.968.603,96	DKK	PTBCP0AM0015	0,00 %	https://pka.dk/ansvarlighed/ansvarlige-investeringer/politikker-og-rapporter
Pensionskassernes Administration a/s	Bdo unibank	2026	372.913,25	DKK	PHY077751022	0,00 %	https://pka.dk/ansvarlighed/ansvarlige-investeringer/politikker-og-rapporter
Pensionskassernes Administration a/s	Be semiconductor ind	2026	21.462.691,66	DKK	NL0012866412	0,03 %	https://pka.dk/ansvarlighed/ansvarlige-investeringer/politikker-og-rapporter
Pensionskassernes Administration a/s	Becton dickinson	2026	41.629.942,59	DKK	US0758871091	0,05 %	https://pka.dk/ansvarlighed/ansvarlige-investeringer/politikker-og-rapporter
Pensionskassernes Administration a/s	Beiersdorf	2026	8.623.205,15	DKK	DE0005200000	0,01 %	https://pka.dk/ansvarlighed/ansvarlige-investeringer/politikker-og-rapporter
Pensionskassernes Administration a/s	Beijer ref b	2026	3.974.851,94	DKK	SE0015949748	0,00 %	https://pka.dk/ansvarlighed/ansvarlige-investeringer/politikker-og-rapporter
Pensionskassernes Administration a/s	Belimo holding	2026	8.227.966,71	DKK	CH1101098163	0,01 %	https://pka.dk/ansvarlighed/ansvarlige-investeringer/politikker-og-rapporter
Pensionskassernes Administration a/s	Beone medicines (hk)	2026	8.136.571,85	DKK	CH1391448177	0,01 %	https://pka.dk/ansvarlighed/ansvarlige-investeringer/politikker-og-rapporter
Pensionskassernes Administration a/s	Berkley (w.r.) corp	2026	16.138.872,56	DKK	US0844231029	0,02 %	https://pka.dk/ansvarlighed/ansvarlige-investeringer/politikker-og-rapporter
Pensionskassernes Administration a/s	Best buy co	2026	15.800.711,74	DKK	US0865161014	0,02 %	https://pka.dk/ansvarlighed/ansvarlige-investeringer/politikker-og-rapporter
Pensionskassernes Administration a/s	Bharat electronics	2026	7.344.377,39	DKK	INE263A01024	0,01 %	https://pka.dk/ansvarlighed/ansvarlige-investeringer/politikker-og-rapporter
Pensionskassernes Administration a/s	Bharat heavy electricals	2026	973.447,64	DKK	INE257A01026	0,00 %	https://pka.dk/ansvarlighed/ansvarlige-investeringer/politikker-og-rapporter
Pensionskassernes Administration a/s	Bharat petroleum corp	2026	1.799.479,53	DKK	INE029A01011	0,00 %	https://pka.dk/ansvarlighed/ansvarlige-investeringer/politikker-og-rapporter
Pensionskassernes Administration a/s	Bharti airtel	2026	21.799.246,30	DKK	INE397D01024	0,03 %	https://pka.dk/ansvarlighed/ansvarlige-investeringer/politikker-og-rapporter
Pensionskassernes Administration a/s	Bid corporation	2026	3.761.956,33	DKK	ZAE000216537	0,00 %	https://pka.dk/ansvarlighed/ansvarlige-investeringer/politikker-og-rapporter
Pensionskassernes Administration a/s	Bidvest group	2026	2.745.788,61	DKK	ZAE000117321	0,00 %	https://pka.dk/ansvarlighed/ansvarlige-investeringer/politikker-og-rapporter
Pensionskassernes Administration a/s	Bilibili (hk)	2026	1.153.454,91	DKK	KYG1098A1013	0,00 %	https://pka.dk/ansvarlighed/ansvarlige-investeringer/politikker-og-rapporter
Pensionskassernes Administration a/s	Bim birlesik magazalar	2026	3.785.587,78	DKK	TREBIMM00018	0,00 %	https://pka.dk/ansvarlighed/ansvarlige-investeringer/politikker-og-rapporter
Pensionskassernes Administration a/s	Biogen	2026	30.532.991,63	DKK	US09062X1037	0,04 %	https://pka.dk/ansvarlighed/ansvarlige-investeringer/politikker-og-rapporter
Pensionskassernes Administration a/s	Biomerieux	2026	4.270.538,59	DKK	FR0013280286	0,01 %	https://pka.dk/ansvarlighed/ansvarlige-investeringer/politikker-og-rapporter
Pensionskassernes Administration a/s	Bizlink holding	2026	4.348.004,04	DKK	KYG114741062	0,01 %	https://pka.dk/ansvarlighed/ansvarlige-investeringer/politikker-og-rapporter
Pensionskassernes Administration a/s	Bkw	2026	8.248.479,05	DKK	CH0130293662	0,01 %	https://pka.dk/ansvarlighed/ansvarlige-investeringer/politikker-og-rapporter
Pensionskassernes Administration a/s	Blackrock	2026	145.331.127,73	DKK	US09290D1019	0,18 %	https://pka.dk/ansvarlighed/ansvarlige-investeringer/politikker-og-rapporter
Pensionskassernes Administration a/s	Blackstone group	2026	84.158.880,31	DKK	US09260D1072	0,10 %	https://pka.dk/ansvarlighed/ansvarlige-investeringer/politikker-og-rapporter
Pensionskassernes Administration a/s	Block	2026	39.459.555,86	DKK	US8522341036	0,05 %	https://pka.dk/ansvarlighed/ansvarlige-investeringer/politikker-og-rapporter
Pensionskassernes Administration a/s	Bloom energy corp a	2026	68.634.561,83	DKK	US0937121079	0,08 %	https://pka.dk/ansvarlighed/ansvarlige-investeringer/politikker-og-rapporter
Pensionskassernes Administration a/s	Bmw stamm	2026	22.376.539,13	DKK	DE0005190003	0,03 %	https://pka.dk/ansvarlighed/ansvarlige-investeringer/politikker-og-rapporter
Pensionskassernes Administration a/s	Bmw vorzug	2026	7.954.214,06	DKK	DE0005190037	0,01 %	https://pka.dk/ansvarlighed/ansvarlige-investeringer/politikker-og-rapporter
Pensionskassernes Administration a/s	Bnp paribas	2026	106.612.946,55	DKK	FR0000131104	0,13 %	https://pka.dk/ansvarlighed/ansvarlige-investeringer/politikker-og-rapporter
Pensionskassernes Administration a/s	Boc hong kong holdings	2026	26.580.270,21	DKK	HK2388011192	0,03 %	https://pka.dk/ansvarlighed/ansvarlige-investeringer/politikker-og-rapporter
Pensionskassernes Administration a/s	Boliden	2026	23.427.444,47	DKK	SE0020050417	0,03 %	https://pka.dk/ansvarlighed/ansvarlige-investeringer/politikker-og-rapporter
Pensionskassernes Administration a/s	Bollore	2026	1.815.849,93	DKK	FR0000039299	0,00 %	https://pka.dk/ansvarlighed/ansvarlige-investeringer/politikker-og-rapporter
Pensionskassernes Administration a/s	Bombardier b	2026	19.779.037,25	DKK	CA0977518616	0,02 %	https://pka.dk/ansvarlighed/ansvarlige-investeringer/politikker-og-rapporter
Pensionskassernes Administration a/s	Bombay stock exchange	2026	4.108.472,27	DKK	INE118H01025	0,01 %	https://pka.dk/ansvarlighed/ansvarlige-investeringer/politikker-og-rapporter
Pensionskassernes Administration a/s	Booking holdings	2026	131.811.366,45	DKK	US09857L1089	0,16 %	https://pka.dk/ansvarlighed/ansvarlige-investeringer/politikker-og-rapporter
Pensionskassernes Administration a/s	Bosideng intl hldgs	2026	2.084.036,69	DKK	KYG126521064	0,00 %	https://pka.dk/ansvarlighed/ansvarlige-investeringer/politikker-og-rapporter
Pensionskassernes Administration a/s	Boston scientific corp	2026	68.816.238,07	DKK	US1011371077	0,08 %	https://pka.dk/ansvarlighed/ansvarlige-investeringer/politikker-og-rapporter
Pensionskassernes Administration a/s	Bouygues	2026	7.466.849,67	DKK	FR0000120503	0,01 %	https://pka.dk/ansvarlighed/ansvarlige-investeringer/politikker-og-rapporter
Pensionskassernes Administration a/s	Bp	2026	108.702.631,86	DKK	GB0007980591	0,13 %	https://pka.dk/ansvarlighed/ansvarlige-investeringer/politikker-og-rapporter
Pensionskassernes Administration a/s	Bper banca	2026	17.120.640,67	DKK	IT0000066123	0,02 %	https://pka.dk/ansvarlighed/ansvarlige-investeringer/politikker-og-rapporter
Pensionskassernes Administration a/s	Brambles	2026	20.355.394,39	DKK	AU000000BXB1	0,02 %	https://pka.dk/ansvarlighed/ansvarlige-investeringer/politikker-og-rapporter
Pensionskassernes Administration a/s	Brenntag	2026	9.493.829,95	DKK	DE000A1DAHH0	0,01 %	https://pka.dk/ansvarlighed/ansvarlige-investeringer/politikker-og-rapporter
Pensionskassernes Administration a/s	Bridgestone corp	2026	27.248.956,83	DKK	JP3830800003	0,03 %	https://pka.dk/ansvarlighed/ansvarlige-investeringer/politikker-og-rapporter
Pensionskassernes Administration a/s	Bristol-myers squibb co	2026	108.596.545,73	DKK	US1101221083	0,13 %	https://pka.dk/ansvarlighed/ansvarlige-investeringer/politikker-og-rapporter
Pensionskassernes Administration a/s	Britannia industries	2026	2.433.641,31	DKK	INE216A01030	0,00 %	https://pka.dk/ansvarlighed/ansvarlige-investeringer/politikker-og-rapporter
Pensionskassernes Administration a/s	Broadcom	2026	1.997.041.225,37	DKK	US11135F1012	2,44 %	https://pka.dk/ansvarlighed/ansvarlige-investeringer/politikker-og-rapporter
Pensionskassernes Administration a/s	Broadridge financial	2026	15.848.472,87	DKK	US11133T1034	0,02 %	https://pka.dk/ansvarlighed/ansvarlige-investeringer/politikker-og-rapporter
Pensionskassernes Administration a/s	Brookfield asset man ltd	2026	15.899.407,58	DKK	CA1130041058	0,02 %	https://pka.dk/ansvarlighed/ansvarlige-investeringer/politikker-og-rapporter
Pensionskassernes Administration a/s	Brookfield corp a	2026	85.615.668,29	DKK	CA11271J1075	0,10 %	https://pka.dk/ansvarlighed/ansvarlige-investeringer/politikker-og-rapporter
Pensionskassernes Administration a/s	Brookfield renewable	2026	11.739.623,46	DKK	CA11285B1085	0,01 %	https://pka.dk/ansvarlighed/ansvarlige-investeringer/politikker-og-rapporter
Pensionskassernes Administration a/s	Brown & brown	2026	15.919.132,05	DKK	US1152361010	0,02 %	https://pka.dk/ansvarlighed/ansvarlige-investeringer/politikker-og-rapporter
Pensionskassernes Administration a/s	Bt group	2026	15.388.545,19	DKK	GB0030913577	0,02 %	https://pka.dk/ansvarlighed/ansvarlige-investeringer/politikker-og-rapporter
Pensionskassernes Administration a/s	Buenaventura minas adr	2026	3.097.939,63	DKK	US2044481040	0,00 %	https://pka.dk/ansvarlighed/ansvarlige-investeringer/politikker-og-rapporter
Pensionskassernes Administration a/s	Bumrungrad hospital pcl-nvdr	2026	1.777.644,70	DKK	TH0168010R13	0,00 %	https://pka.dk/ansvarlighed/ansvarlige-investeringer/politikker-og-rapporter
Pensionskassernes Administration a/s	Bunge global	2026	16.139.684,19	DKK	CH1300646267	0,02 %	https://pka.dk/ansvarlighed/ansvarlige-investeringer/politikker-og-rapporter
Pensionskassernes Administration a/s	Bunzl	2026	7.788.327,29	DKK	GB00B0744B38	0,01 %	https://pka.dk/ansvarlighed/ansvarlige-investeringer/politikker-og-rapporter
Pensionskassernes Administration a/s	Bupa arabia for copr ins	2026	2.064.169,56	DKK	SA1210540914	0,00 %	https://pka.dk/ansvarlighed/ansvarlige-investeringer/politikker-og-rapporter
Pensionskassernes Administration a/s	Bureau veritas sa	2026	12.694.808,88	DKK	FR0006174348	0,02 %	https://pka.dk/ansvarlighed/ansvarlige-investeringer/politikker-og-rapporter
Pensionskassernes Administration a/s	Burlington stores	2026	16.681.897,99	DKK	US1220171060	0,02 %	https://pka.dk/ansvarlighed/ansvarlige-investeringer/politikker-og-rapporter
Pensionskassernes Administration a/s	Byd co a (hk-c)	2026	7.801.144,08	DKK	CNE100001526	0,01 %	https://pka.dk/ansvarlighed/ansvarlige-investeringer/politikker-og-rapporter
Pensionskassernes Administration a/s	Byd co h	2026	11.151.478,22	DKK	CNE100000296	0,01 %	https://pka.dk/ansvarlighed/ansvarlige-investeringer/politikker-og-rapporter
Pensionskassernes Administration a/s	Byd electronic intl	2026	628.290,73	DKK	HK0285041858	0,00 %	https://pka.dk/ansvarlighed/ansvarlige-investeringer/politikker-og-rapporter
Pensionskassernes Administration a/s	Cadence design systems	2026	108.730.455,68	DKK	US1273871087	0,13 %	https://pka.dk/ansvarlighed/ansvarlige-investeringer/politikker-og-rapporter
Pensionskassernes Administration a/s	Cae	2026	9.583.337,32	DKK	CA1247651088	0,01 %	https://pka.dk/ansvarlighed/ansvarlige-investeringer/politikker-og-rapporter
Pensionskassernes Administration a/s	Caixabank	2026	49.651.140,94	DKK	ES0140609019	0,06 %	https://pka.dk/ansvarlighed/ansvarlige-investeringer/politikker-og-rapporter
Pensionskassernes Administration a/s	Caliway biopharma	2026	1.233.561,56	DKK	TW0006919004	0,00 %	https://pka.dk/ansvarlighed/ansvarlige-investeringer/politikker-og-rapporter
Pensionskassernes Administration a/s	Cambricon tech a (hk-c)	2026	3.724.804,91	DKK	CNE1000041R8	0,00 %	https://pka.dk/ansvarlighed/ansvarlige-investeringer/politikker-og-rapporter
Pensionskassernes Administration a/s	Cameco corp	2026	50.668.195,66	DKK	CA13321L1085	0,06 %	https://pka.dk/ansvarlighed/ansvarlige-investeringer/politikker-og-rapporter
Pensionskassernes Administration a/s	Canadian imperial bank	2026	100.284.447,22	DKK	CA1360691010	0,12 %	https://pka.dk/ansvarlighed/ansvarlige-investeringer/politikker-og-rapporter
Pensionskassernes Administration a/s	Canadian natl railway	2026	57.658.503,37	DKK	CA1363751027	0,07 %	https://pka.dk/ansvarlighed/ansvarlige-investeringer/politikker-og-rapporter
Pensionskassernes Administration a/s	Canadian tire corp a	2026	5.126.698,66	DKK	CA1366812024	0,01 %	https://pka.dk/ansvarlighed/ansvarlige-investeringer/politikker-og-rapporter
Pensionskassernes Administration a/s	Canadian utilities a	2026	24.174.033,33	DKK	CA1367178326	0,03 %	https://pka.dk/ansvarlighed/ansvarlige-investeringer/politikker-og-rapporter
Pensionskassernes Administration a/s	Canon inc	2026	22.694.737,77	DKK	JP3242800005	0,03 %	https://pka.dk/ansvarlighed/ansvarlige-investeringer/politikker-og-rapporter
Pensionskassernes Administration a/s	Capcom co	2026	5.599.148,96	DKK	JP3218900003	0,01 %	https://pka.dk/ansvarlighed/ansvarlige-investeringer/politikker-og-rapporter
Pensionskassernes Administration a/s	Capgemini	2026	18.101.660,72	DKK	FR0000125338	0,02 %	https://pka.dk/ansvarlighed/ansvarlige-investeringer/politikker-og-rapporter
Pensionskassernes Administration a/s	Capital one financial	2026	111.634.591,85	DKK	US14040H1059	0,14 %	https://pka.dk/ansvarlighed/ansvarlige-investeringer/politikker-og-rapporter
Pensionskassernes Administration a/s	Capitaland ascendas reit	2026	6.945.521,94	DKK	SG1M77906915	0,01 %	https://pka.dk/ansvarlighed/ansvarlige-investeringer/politikker-og-rapporter
Pensionskassernes Administration a/s	Capitaland integrated	2026	11.727.472,87	DKK	SG1M51904654	0,01 %	https://pka.dk/ansvarlighed/ansvarlige-investeringer/politikker-og-rapporter
Pensionskassernes Administration a/s	Capitaland investment	2026	2.860.340,12	DKK	SGXE62145532	0,00 %	https://pka.dk/ansvarlighed/ansvarlige-investeringer/politikker-og-rapporter
Pensionskassernes Administration a/s	Capitec bank holdings	2026	8.383.329,37	DKK	ZAE000035861	0,01 %	https://pka.dk/ansvarlighed/ansvarlige-investeringer/politikker-og-rapporter
Pensionskassernes Administration a/s	Car group	2026	6.554.959,33	DKK	AU000000CAR3	0,01 %	https://pka.dk/ansvarlighed/ansvarlige-investeringer/politikker-og-rapporter
Pensionskassernes Administration a/s	Cardinal health	2026	44.787.790,87	DKK	US14149Y1082	0,05 %	https://pka.dk/ansvarlighed/ansvarlige-investeringer/politikker-og-rapporter
Pensionskassernes Administration a/s	Carlisle cos	2026	13.700.924,32	DKK	US1423391002	0,02 %	https://pka.dk/ansvarlighed/ansvarlige-investeringer/politikker-og-rapporter
Pensionskassernes Administration a/s	Carlsberg b	2026	15.011.643,18	DKK	DK0010181759	0,02 %	https://pka.dk/ansvarlighed/ansvarlige-investeringer/politikker-og-rapporter
Pensionskassernes Administration a/s	Carlyle group	2026	8.908.377,35	DKK	US14316J1088	0,01 %	https://pka.dk/ansvarlighed/ansvarlige-investeringer/politikker-og-rapporter
Pensionskassernes Administration a/s	Carnival corp (us)	2026	27.770.224,48	DKK	BMG2004J1036	0,03 %	https://pka.dk/ansvarlighed/ansvarlige-investeringer/politikker-og-rapporter
Pensionskassernes Administration a/s	Carrefour	2026	14.065.704,16	DKK	FR0000120172	0,02 %	https://pka.dk/ansvarlighed/ansvarlige-investeringer/politikker-og-rapporter
Pensionskassernes Administration a/s	Carrier global	2026	51.246.542,85	DKK	US14448C1045	0,06 %	https://pka.dk/ansvarlighed/ansvarlige-investeringer/politikker-og-rapporter
Pensionskassernes Administration a/s	Carvana a	2026	45.483.430,52	DKK	US1468691027	0,06 %	https://pka.dk/ansvarlighed/ansvarlige-investeringer/politikker-og-rapporter
Pensionskassernes Administration a/s	Caseys general stores	2026	28.136.068,32	DKK	US1475281036	0,03 %	https://pka.dk/ansvarlighed/ansvarlige-investeringer/politikker-og-rapporter
Pensionskassernes Administration a/s	Cathay financial holding	2026	10.256.654,39	DKK	TW0002882008	0,01 %	https://pka.dk/ansvarlighed/ansvarlige-investeringer/politikker-og-rapporter
Pensionskassernes Administration a/s	Cboe global markets	2026	29.668.434,48	DKK	US12503M1080	0,04 %	https://pka.dk/ansvarlighed/ansvarlige-investeringer/politikker-og-rapporter
Pensionskassernes Administration a/s	Cbre group	2026	38.882.540,91	DKK	US12504L1098	0,05 %	https://pka.dk/ansvarlighed/ansvarlige-investeringer/politikker-og-rapporter
Pensionskassernes Administration a/s	Ccl industries b	2026	7.897.727,56	DKK	CA1249003098	0,01 %	https://pka.dk/ansvarlighed/ansvarlige-investeringer/politikker-og-rapporter
Pensionskassernes Administration a/s	Cdw corp	2026	19.897.634,20	DKK	US12514G1085	0,02 %	https://pka.dk/ansvarlighed/ansvarlige-investeringer/politikker-og-rapporter
Pensionskassernes Administration a/s	Celestica	2026	49.160.052,43	DKK	CA15101Q2071	0,06 %	https://pka.dk/ansvarlighed/ansvarlige-investeringer/politikker-og-rapporter
Pensionskassernes Administration a/s	Cellnex telecom	2026	12.658.212,13	DKK	ES0105066007	0,02 %	https://pka.dk/ansvarlighed/ansvarlige-investeringer/politikker-og-rapporter
Pensionskassernes Administration a/s	Celltrion	2026	8.204.954,28	DKK	KR7068270008	0,01 %	https://pka.dk/ansvarlighed/ansvarlige-investeringer/politikker-og-rapporter
Pensionskassernes Administration a/s	Cemig pn	2026	6.911.045,34	DKK	BRCMIGACNPR3	0,01 %	https://pka.dk/ansvarlighed/ansvarlige-investeringer/politikker-og-rapporter
Pensionskassernes Administration a/s	Cencora	2026	49.389.826,98	DKK	US03073E1055	0,06 %	https://pka.dk/ansvarlighed/ansvarlige-investeringer/politikker-og-rapporter
Pensionskassernes Administration a/s	Centene corp	2026	27.261.176,92	DKK	US15135B1017	0,03 %	https://pka.dk/ansvarlighed/ansvarlige-investeringer/politikker-og-rapporter
Pensionskassernes Administration a/s	Centerpoint energy	2026	35.301.543,45	DKK	US15189T1079	0,04 %	https://pka.dk/ansvarlighed/ansvarlige-investeringer/politikker-og-rapporter
Pensionskassernes Administration a/s	Central japan railway co	2026	13.814.123,42	DKK	JP3566800003	0,02 %	https://pka.dk/ansvarlighed/ansvarlige-investeringer/politikker-og-rapporter
Pensionskassernes Administration a/s	Central pattana pcl-nvdr	2026	2.824.075,02	DKK	TH0481010R10	0,00 %	https://pka.dk/ansvarlighed/ansvarlige-investeringer/politikker-og-rapporter
Pensionskassernes Administration a/s	Centrica	2026	17.847.920,43	DKK	GB00B033F229	0,02 %	https://pka.dk/ansvarlighed/ansvarlige-investeringer/politikker-og-rapporter
Pensionskassernes Administration a/s	Cf industries holdings	2026	7.301.936,76	DKK	US1252691001	0,01 %	https://pka.dk/ansvarlighed/ansvarlige-investeringer/politikker-og-rapporter
Pensionskassernes Administration a/s	Cg power & industrial	2026	2.846.582,66	DKK	INE067A01029	0,00 %	https://pka.dk/ansvarlighed/ansvarlige-investeringer/politikker-og-rapporter
Pensionskassernes Administration a/s	Cgi a	2026	11.848.760,64	DKK	CA12532H1047	0,01 %	https://pka.dk/ansvarlighed/ansvarlige-investeringer/politikker-og-rapporter
Pensionskassernes Administration a/s	Cgn power co h	2026	4.557.438,96	DKK	CNE100001T80	0,01 %	https://pka.dk/ansvarlighed/ansvarlige-investeringer/politikker-og-rapporter
Pensionskassernes Administration a/s	Ch robinson worldwide	2026	19.067.155,52	DKK	US12541W2098	0,02 %	https://pka.dk/ansvarlighed/ansvarlige-investeringer/politikker-og-rapporter
Pensionskassernes Administration a/s	Chailease holding	2026	2.042.803,05	DKK	KYG202881093	0,00 %	https://pka.dk/ansvarlighed/ansvarlige-investeringer/politikker-og-rapporter
Pensionskassernes Administration a/s	Charter comm a (new)	2026	12.879.019,65	DKK	US16119P1084	0,02 %	https://pka.dk/ansvarlighed/ansvarlige-investeringer/politikker-og-rapporter
Pensionskassernes Administration a/s	Cheniere energy	2026	50.113.668,14	DKK	US16411R2085	0,06 %	https://pka.dk/ansvarlighed/ansvarlige-investeringer/politikker-og-rapporter
Pensionskassernes Administration a/s	Chiba bank	2026	3.610.312,30	DKK	JP3511800009	0,00 %	https://pka.dk/ansvarlighed/ansvarlige-investeringer/politikker-og-rapporter
Pensionskassernes Administration a/s	China citic bank h	2026	2.100.075,57	DKK	CNE1000001Q4	0,00 %	https://pka.dk/ansvarlighed/ansvarlige-investeringer/politikker-og-rapporter
Pensionskassernes Administration a/s	China construction bk h	2026	41.274.549,51	DKK	CNE1000002H1	0,05 %	https://pka.dk/ansvarlighed/ansvarlige-investeringer/politikker-og-rapporter
Pensionskassernes Administration a/s	China galaxy sec h	2026	1.706.060,02	DKK	CNE100001NT6	0,00 %	https://pka.dk/ansvarlighed/ansvarlige-investeringer/politikker-og-rapporter
Pensionskassernes Administration a/s	China gas holdings	2026	3.270.665,09	DKK	BMG2109G1033	0,00 %	https://pka.dk/ansvarlighed/ansvarlige-investeringer/politikker-og-rapporter
Pensionskassernes Administration a/s	China gold intl res (cn)	2026	1.478.466,33	DKK	CA16890P1036	0,00 %	https://pka.dk/ansvarlighed/ansvarlige-investeringer/politikker-og-rapporter
Pensionskassernes Administration a/s	China intl cptl corp h	2026	2.483.744,64	DKK	CNE100002359	0,00 %	https://pka.dk/ansvarlighed/ansvarlige-investeringer/politikker-og-rapporter
Pensionskassernes Administration a/s	China life insurance h	2026	11.315.290,89	DKK	CNE1000002L3	0,01 %	https://pka.dk/ansvarlighed/ansvarlige-investeringer/politikker-og-rapporter
Pensionskassernes Administration a/s	China mengniu dairy co	2026	3.315.837,51	DKK	KYG210961051	0,00 %	https://pka.dk/ansvarlighed/ansvarlige-investeringer/politikker-og-rapporter
Pensionskassernes Administration a/s	China merch bk a (hk-c)	2026	7.632.391,36	DKK	CNE000001B33	0,01 %	https://pka.dk/ansvarlighed/ansvarlige-investeringer/politikker-og-rapporter
Pensionskassernes Administration a/s	China merchants bank h	2026	5.699.876,79	DKK	CNE1000002M1	0,01 %	https://pka.dk/ansvarlighed/ansvarlige-investeringer/politikker-og-rapporter
Pensionskassernes Administration a/s	China minsheng a (hk-c)	2026	4.310.291,53	DKK	CNE0000015Y0	0,01 %	https://pka.dk/ansvarlighed/ansvarlige-investeringer/politikker-og-rapporter
Pensionskassernes Administration a/s	China northern a (hk-c)	2026	4.724.071,47	DKK	CNE000000T18	0,01 %	https://pka.dk/ansvarlighed/ansvarlige-investeringer/politikker-og-rapporter
Pensionskassernes Administration a/s	China overseas land &inv	2026	4.693.679,16	DKK	HK0688002218	0,01 %	https://pka.dk/ansvarlighed/ansvarlige-investeringer/politikker-og-rapporter
Pensionskassernes Administration a/s	China pacific a (hk-c)	2026	2.469.383,79	DKK	CNE1000008M8	0,00 %	https://pka.dk/ansvarlighed/ansvarlige-investeringer/politikker-og-rapporter
Pensionskassernes Administration a/s	China pacific ins grp h	2026	5.057.819,21	DKK	CNE1000009Q7	0,01 %	https://pka.dk/ansvarlighed/ansvarlige-investeringer/politikker-og-rapporter
Pensionskassernes Administration a/s	China rail grp a (hk-c)	2026	2.624.030,87	DKK	CNE100000866	0,00 %	https://pka.dk/ansvarlighed/ansvarlige-investeringer/politikker-og-rapporter
Pensionskassernes Administration a/s	China resources beer	2026	2.185.515,03	DKK	HK0291001490	0,00 %	https://pka.dk/ansvarlighed/ansvarlige-investeringer/politikker-og-rapporter
Pensionskassernes Administration a/s	China resources gas grp	2026	1.452.498,78	DKK	BMG2113B1081	0,00 %	https://pka.dk/ansvarlighed/ansvarlige-investeringer/politikker-og-rapporter
Pensionskassernes Administration a/s	China resources land	2026	7.144.755,04	DKK	KYG2108Y1052	0,01 %	https://pka.dk/ansvarlighed/ansvarlige-investeringer/politikker-og-rapporter
Pensionskassernes Administration a/s	China steel corp common	2026	3.408.055,81	DKK	TW0002002003	0,00 %	https://pka.dk/ansvarlighed/ansvarlige-investeringer/politikker-og-rapporter
Pensionskassernes Administration a/s	China three gor a (hk-c)	2026	4.182.129,62	DKK	CNE1000051F2	0,01 %	https://pka.dk/ansvarlighed/ansvarlige-investeringer/politikker-og-rapporter
Pensionskassernes Administration a/s	China tower corp h	2026	3.016.800,21	DKK	CNE100006V65	0,00 %	https://pka.dk/ansvarlighed/ansvarlige-investeringer/politikker-og-rapporter
Pensionskassernes Administration a/s	China yangtze a (hk-c)	2026	4.948.708,56	DKK	CNE000001G87	0,01 %	https://pka.dk/ansvarlighed/ansvarlige-investeringer/politikker-og-rapporter
Pensionskassernes Administration a/s	Chipotle mexican grill a	2026	38.489.470,53	DKK	US1696561059	0,05 %	https://pka.dk/ansvarlighed/ansvarlige-investeringer/politikker-og-rapporter
Pensionskassernes Administration a/s	Cholamandalam inv & fin	2026	2.606.897,08	DKK	INE121A01024	0,00 %	https://pka.dk/ansvarlighed/ansvarlige-investeringer/politikker-og-rapporter
Pensionskassernes Administration a/s	Chroma ate	2026	11.112.021,64	DKK	TW0002360005	0,01 %	https://pka.dk/ansvarlighed/ansvarlige-investeringer/politikker-og-rapporter
Pensionskassernes Administration a/s	Chubb	2026	112.051.498,45	DKK	CH0044328745	0,14 %	https://pka.dk/ansvarlighed/ansvarlige-investeringer/politikker-og-rapporter
Pensionskassernes Administration a/s	Chubu electric power co	2026	11.812.185,71	DKK	JP3526600006	0,01 %	https://pka.dk/ansvarlighed/ansvarlige-investeringer/politikker-og-rapporter
Pensionskassernes Administration a/s	Chugai pharmaceutical co	2026	32.162.525,72	DKK	JP3519400000	0,04 %	https://pka.dk/ansvarlighed/ansvarlige-investeringer/politikker-og-rapporter
Pensionskassernes Administration a/s	Chunghwa telecom co	2026	8.702.366,00	DKK	TW0002412004	0,01 %	https://pka.dk/ansvarlighed/ansvarlige-investeringer/politikker-og-rapporter
Pensionskassernes Administration a/s	Church & dwight co	2026	27.098.314,07	DKK	US1713401024	0,03 %	https://pka.dk/ansvarlighed/ansvarlige-investeringer/politikker-og-rapporter
Pensionskassernes Administration a/s	Ciena corp	2026	78.323.216,25	DKK	US1717793095	0,10 %	https://pka.dk/ansvarlighed/ansvarlige-investeringer/politikker-og-rapporter
Pensionskassernes Administration a/s	Cimb group holdings	2026	5.793.858,37	DKK	MYL1023OO000	0,01 %	https://pka.dk/ansvarlighed/ansvarlige-investeringer/politikker-og-rapporter
Pensionskassernes Administration a/s	Cincinnati finl corp	2026	23.724.727,43	DKK	US1720621010	0,03 %	https://pka.dk/ansvarlighed/ansvarlige-investeringer/politikker-og-rapporter
Pensionskassernes Administration a/s	Cintas corp	2026	60.416.821,57	DKK	US1729081059	0,07 %	https://pka.dk/ansvarlighed/ansvarlige-investeringer/politikker-og-rapporter
Pensionskassernes Administration a/s	Cipla	2026	3.147.415,57	DKK	INE059A01026	0,00 %	https://pka.dk/ansvarlighed/ansvarlige-investeringer/politikker-og-rapporter
Pensionskassernes Administration a/s	Circle internet group	2026	14.821.332,58	DKK	US1725731079	0,02 %	https://pka.dk/ansvarlighed/ansvarlige-investeringer/politikker-og-rapporter
Pensionskassernes Administration a/s	Cisco systems	2026	458.888.196,83	DKK	US17275R1023	0,56 %	https://pka.dk/ansvarlighed/ansvarlige-investeringer/politikker-og-rapporter
Pensionskassernes Administration a/s	Citic securities a(hk-c)	2026	6.095.240,17	DKK	CNE000001DB6	0,01 %	https://pka.dk/ansvarlighed/ansvarlige-investeringer/politikker-og-rapporter
Pensionskassernes Administration a/s	Citigroup	2026	219.405.538,44	DKK	US1729674242	0,27 %	https://pka.dk/ansvarlighed/ansvarlige-investeringer/politikker-og-rapporter
Pensionskassernes Administration a/s	Citizens financial group	2026	25.902.844,92	DKK	US1746101054	0,03 %	https://pka.dk/ansvarlighed/ansvarlige-investeringer/politikker-og-rapporter
Pensionskassernes Administration a/s	Ck asset holdings	2026	13.501.882,60	DKK	KYG2177B1014	0,02 %	https://pka.dk/ansvarlighed/ansvarlige-investeringer/politikker-og-rapporter
Pensionskassernes Administration a/s	Ck hutchison holdings	2026	21.956.852,83	DKK	KYG217651051	0,03 %	https://pka.dk/ansvarlighed/ansvarlige-investeringer/politikker-og-rapporter
Pensionskassernes Administration a/s	Clicks group	2026	2.000.783,51	DKK	ZAE000134854	0,00 %	https://pka.dk/ansvarlighed/ansvarlige-investeringer/politikker-og-rapporter
Pensionskassernes Administration a/s	Clorox co	2026	10.698.689,56	DKK	US1890541097	0,01 %	https://pka.dk/ansvarlighed/ansvarlige-investeringer/politikker-og-rapporter
Pensionskassernes Administration a/s	Cloudflare a	2026	82.170.980,31	DKK	US18915M1071	0,10 %	https://pka.dk/ansvarlighed/ansvarlige-investeringer/politikker-og-rapporter
Pensionskassernes Administration a/s	Clp holdings	2026	1.935.316,24	DKK	HK0002007356	0,00 %	https://pka.dk/ansvarlighed/ansvarlige-investeringer/politikker-og-rapporter
Pensionskassernes Administration a/s	Cme group	2026	88.814.361,12	DKK	US12572Q1058	0,11 %	https://pka.dk/ansvarlighed/ansvarlige-investeringer/politikker-og-rapporter
Pensionskassernes Administration a/s	Cmoc group h	2026	9.338.913,34	DKK	CNE100000114	0,01 %	https://pka.dk/ansvarlighed/ansvarlige-investeringer/politikker-og-rapporter
Pensionskassernes Administration a/s	Cnh industrial (us)	2026	8.554.294,96	DKK	NL0010545661	0,01 %	https://pka.dk/ansvarlighed/ansvarlige-investeringer/politikker-og-rapporter
Pensionskassernes Administration a/s	Co for cooperative ins	2026	1.742.807,15	DKK	SA000A0DPSH3	0,00 %	https://pka.dk/ansvarlighed/ansvarlige-investeringer/politikker-og-rapporter
Pensionskassernes Administration a/s	Coca cola (the)	2026	308.136.767,36	DKK	US1912161007	0,38 %	https://pka.dk/ansvarlighed/ansvarlige-investeringer/politikker-og-rapporter
Pensionskassernes Administration a/s	Coca cola europac (us)	2026	20.562.904,01	DKK	GB00BDCPN049	0,03 %	https://pka.dk/ansvarlighed/ansvarlige-investeringer/politikker-og-rapporter
Pensionskassernes Administration a/s	Coca-cola hbc cdi	2026	15.428.553,61	DKK	CH0198251305	0,02 %	https://pka.dk/ansvarlighed/ansvarlige-investeringer/politikker-og-rapporter
Pensionskassernes Administration a/s	Cochlear	2026	4.074.429,87	DKK	AU000000COH5	0,00 %	https://pka.dk/ansvarlighed/ansvarlige-investeringer/politikker-og-rapporter
Pensionskassernes Administration a/s	Coeur mining	2026	18.589.971,04	DKK	US1921085049	0,02 %	https://pka.dk/ansvarlighed/ansvarlige-investeringer/politikker-og-rapporter
Pensionskassernes Administration a/s	Cognizant tech solutions	2026	26.061.176,49	DKK	US1924461023	0,03 %	https://pka.dk/ansvarlighed/ansvarlige-investeringer/politikker-og-rapporter
Pensionskassernes Administration a/s	Coherent corp	2026	66.940.230,86	DKK	US19247G1076	0,08 %	https://pka.dk/ansvarlighed/ansvarlige-investeringer/politikker-og-rapporter
Pensionskassernes Administration a/s	Coinbase global a	2026	38.446.592,72	DKK	US19260Q1076	0,05 %	https://pka.dk/ansvarlighed/ansvarlige-investeringer/politikker-og-rapporter
Pensionskassernes Administration a/s	Coles	2026	21.750.878,94	DKK	AU0000030678	0,03 %	https://pka.dk/ansvarlighed/ansvarlige-investeringer/politikker-og-rapporter
Pensionskassernes Administration a/s	Colgate-palmolive	2026	69.841.234,80	DKK	US1941621039	0,09 %	https://pka.dk/ansvarlighed/ansvarlige-investeringer/politikker-og-rapporter
Pensionskassernes Administration a/s	Coloplast b	2026	7.190.385,99	DKK	DK0060448595	0,01 %	https://pka.dk/ansvarlighed/ansvarlige-investeringer/politikker-og-rapporter
Pensionskassernes Administration a/s	Comcast corp a (new)	2026	89.691.222,81	DKK	US20030N1019	0,11 %	https://pka.dk/ansvarlighed/ansvarlige-investeringer/politikker-og-rapporter
Pensionskassernes Administration a/s	Comfort systems usa	2026	64.168.491,34	DKK	US1999081045	0,08 %	https://pka.dk/ansvarlighed/ansvarlige-investeringer/politikker-og-rapporter
Pensionskassernes Administration a/s	Commercial intl bank	2026	3.744.997,69	DKK	EGS60121C018	0,00 %	https://pka.dk/ansvarlighed/ansvarlige-investeringer/politikker-og-rapporter
Pensionskassernes Administration a/s	Commerzbank	2026	34.297.567,63	DKK	DE000CBK1001	0,04 %	https://pka.dk/ansvarlighed/ansvarlige-investeringer/politikker-og-rapporter
Pensionskassernes Administration a/s	Commonwealth bank of aus	2026	186.256.695,87	DKK	AU000000CBA7	0,23 %	https://pka.dk/ansvarlighed/ansvarlige-investeringer/politikker-og-rapporter
Pensionskassernes Administration a/s	Compass group	2026	48.122.398,19	DKK	GB00BD6K4575	0,06 %	https://pka.dk/ansvarlighed/ansvarlige-investeringer/politikker-og-rapporter
Pensionskassernes Administration a/s	Computershare	2026	11.073.823,08	DKK	AU000000CPU5	0,01 %	https://pka.dk/ansvarlighed/ansvarlige-investeringer/politikker-og-rapporter
Pensionskassernes Administration a/s	Consolidated edison	2026	46.903.501,08	DKK	US2091151041	0,06 %	https://pka.dk/ansvarlighed/ansvarlige-investeringer/politikker-og-rapporter
Pensionskassernes Administration a/s	Constellation brands a	2026	20.866.520,99	DKK	US21036P1084	0,03 %	https://pka.dk/ansvarlighed/ansvarlige-investeringer/politikker-og-rapporter
Pensionskassernes Administration a/s	Constellation software	2026	38.278.395,39	DKK	CA21037X1006	0,05 %	https://pka.dk/ansvarlighed/ansvarlige-investeringer/politikker-og-rapporter
Pensionskassernes Administration a/s	Contact energy	2026	2.916.825,42	DKK	NZCENE0001S6	0,00 %	https://pka.dk/ansvarlighed/ansvarlige-investeringer/politikker-og-rapporter
Pensionskassernes Administration a/s	Contemporary amp a(hk-c)	2026	9.571.630,10	DKK	CNE100003662	0,01 %	https://pka.dk/ansvarlighed/ansvarlige-investeringer/politikker-og-rapporter
Pensionskassernes Administration a/s	Continental	2026	8.075.293,51	DKK	DE0005439004	0,01 %	https://pka.dk/ansvarlighed/ansvarlige-investeringer/politikker-og-rapporter
Pensionskassernes Administration a/s	Cooper companies (the)	2026	10.140.756,68	DKK	US2166485019	0,01 %	https://pka.dk/ansvarlighed/ansvarlige-investeringer/politikker-og-rapporter
Pensionskassernes Administration a/s	Copart	2026	28.396.817,36	DKK	US2172041061	0,03 %	https://pka.dk/ansvarlighed/ansvarlige-investeringer/politikker-og-rapporter
Pensionskassernes Administration a/s	Copel on	2026	7.188.120,40	DKK	BRCPLEACNOR8	0,01 %	https://pka.dk/ansvarlighed/ansvarlige-investeringer/politikker-og-rapporter
Pensionskassernes Administration a/s	Corebridge financial	2026	6.428.511,87	DKK	US21871X1090	0,01 %	https://pka.dk/ansvarlighed/ansvarlige-investeringer/politikker-og-rapporter
Pensionskassernes Administration a/s	Coreweave a	2026	29.342.134,83	DKK	US21873S1087	0,04 %	https://pka.dk/ansvarlighed/ansvarlige-investeringer/politikker-og-rapporter
Pensionskassernes Administration a/s	Corning	2026	134.915.903,74	DKK	US2193501051	0,16 %	https://pka.dk/ansvarlighed/ansvarlige-investeringer/politikker-og-rapporter
Pensionskassernes Administration a/s	Coromandel international	2026	386.910,58	DKK	INE169A01031	0,00 %	https://pka.dk/ansvarlighed/ansvarlige-investeringer/politikker-og-rapporter
Pensionskassernes Administration a/s	Corpay	2026	21.204.503,63	DKK	US2199481068	0,03 %	https://pka.dk/ansvarlighed/ansvarlige-investeringer/politikker-og-rapporter
Pensionskassernes Administration a/s	Corteva	2026	53.778.555,76	DKK	US22052L1044	0,07 %	https://pka.dk/ansvarlighed/ansvarlige-investeringer/politikker-og-rapporter
Pensionskassernes Administration a/s	Cosco ship hldg a (hk-c)	2026	5.109.679,29	DKK	CNE100000601	0,01 %	https://pka.dk/ansvarlighed/ansvarlige-investeringer/politikker-og-rapporter
Pensionskassernes Administration a/s	Costar group	2026	12.154.376,57	DKK	US22160N1090	0,01 %	https://pka.dk/ansvarlighed/ansvarlige-investeringer/politikker-og-rapporter
Pensionskassernes Administration a/s	Costco wholesale corp	2026	401.728.286,41	DKK	US22160K1051	0,49 %	https://pka.dk/ansvarlighed/ansvarlige-investeringer/politikker-og-rapporter
Pensionskassernes Administration a/s	Covivio	2026	6.992.046,22	DKK	FR0000064578	0,01 %	https://pka.dk/ansvarlighed/ansvarlige-investeringer/politikker-og-rapporter
Pensionskassernes Administration a/s	Cp all pcl-nvdr	2026	3.949.865,27	DKK	TH0737010R15	0,00 %	https://pka.dk/ansvarlighed/ansvarlige-investeringer/politikker-og-rapporter
Pensionskassernes Administration a/s	Cp kansas city	2026	75.067.783,53	DKK	CA13646K1084	0,09 %	https://pka.dk/ansvarlighed/ansvarlige-investeringer/politikker-og-rapporter
Pensionskassernes Administration a/s	Cpfl energia on	2026	6.360.896,70	DKK	BRCPFEACNOR0	0,01 %	https://pka.dk/ansvarlighed/ansvarlige-investeringer/politikker-og-rapporter
Pensionskassernes Administration a/s	Credicorp	2026	8.106.295,19	DKK	BMG2519Y1084	0,01 %	https://pka.dk/ansvarlighed/ansvarlige-investeringer/politikker-og-rapporter
Pensionskassernes Administration a/s	Credit agricole	2026	10.552.650,78	DKK	FR0000045072	0,01 %	https://pka.dk/ansvarlighed/ansvarlige-investeringer/politikker-og-rapporter
Pensionskassernes Administration a/s	Credo technology	2026	37.419.668,05	DKK	KYG254571055	0,05 %	https://pka.dk/ansvarlighed/ansvarlige-investeringer/politikker-og-rapporter
Pensionskassernes Administration a/s	Crh (us)	2026	67.800.879,28	DKK	IE0001827041	0,08 %	https://pka.dk/ansvarlighed/ansvarlige-investeringer/politikker-og-rapporter
Pensionskassernes Administration a/s	Crowdstrike hldgs a	2026	187.290.735,99	DKK	US22788C1053	0,23 %	https://pka.dk/ansvarlighed/ansvarlige-investeringer/politikker-og-rapporter
Pensionskassernes Administration a/s	Crown castle	2026	39.092.094,73	DKK	US22822V1017	0,05 %	https://pka.dk/ansvarlighed/ansvarlige-investeringer/politikker-og-rapporter
Pensionskassernes Administration a/s	Crrc corp a (hk-c)	2026	2.490.945,07	DKK	CNE100000CP9	0,00 %	https://pka.dk/ansvarlighed/ansvarlige-investeringer/politikker-og-rapporter
Pensionskassernes Administration a/s	Csg	2026	1.834.878,76	DKK	NL0015073TS8	0,00 %	https://pka.dk/ansvarlighed/ansvarlige-investeringer/politikker-og-rapporter
Pensionskassernes Administration a/s	Csl	2026	30.261.681,92	DKK	AU000000CSL8	0,04 %	https://pka.dk/ansvarlighed/ansvarlige-investeringer/politikker-og-rapporter
Pensionskassernes Administration a/s	Cspc pharmaceutical grp	2026	3.683.328,16	DKK	HK1093012172	0,00 %	https://pka.dk/ansvarlighed/ansvarlige-investeringer/politikker-og-rapporter
Pensionskassernes Administration a/s	Csx corp	2026	79.199.887,38	DKK	US1264081035	0,10 %	https://pka.dk/ansvarlighed/ansvarlige-investeringer/politikker-og-rapporter
Pensionskassernes Administration a/s	Ctbc financial holding	2026	17.352.667,73	DKK	TW0002891009	0,02 %	https://pka.dk/ansvarlighed/ansvarlige-investeringer/politikker-og-rapporter
Pensionskassernes Administration a/s	Cts eventim	2026	4.281.646,75	DKK	DE0005470306	0,01 %	https://pka.dk/ansvarlighed/ansvarlige-investeringer/politikker-og-rapporter
Pensionskassernes Administration a/s	Cummins	2026	68.041.173,53	DKK	US2310211063	0,08 %	https://pka.dk/ansvarlighed/ansvarlige-investeringer/politikker-og-rapporter
Pensionskassernes Administration a/s	Cummins india kirloskar	2026	4.259.523,84	DKK	INE298A01020	0,01 %	https://pka.dk/ansvarlighed/ansvarlige-investeringer/politikker-og-rapporter
Pensionskassernes Administration a/s	Curtiss-wright corp	2026	21.783.544,75	DKK	US2315611010	0,03 %	https://pka.dk/ansvarlighed/ansvarlige-investeringer/politikker-og-rapporter
Pensionskassernes Administration a/s	Cvc capital (nl)	2026	914.804,54	DKK	JE00BRX98089	0,00 %	https://pka.dk/ansvarlighed/ansvarlige-investeringer/politikker-og-rapporter
Pensionskassernes Administration a/s	Cvs health	2026	108.874.970,87	DKK	US1266501006	0,13 %	https://pka.dk/ansvarlighed/ansvarlige-investeringer/politikker-og-rapporter
Pensionskassernes Administration a/s	Dai nippon printing co	2026	8.439.778,89	DKK	JP3493800001	0,01 %	https://pka.dk/ansvarlighed/ansvarlige-investeringer/politikker-og-rapporter
Pensionskassernes Administration a/s	Daifuku co	2026	13.734.307,97	DKK	JP3497400006	0,02 %	https://pka.dk/ansvarlighed/ansvarlige-investeringer/politikker-og-rapporter
Pensionskassernes Administration a/s	Daiichi life group	2026	38.377.829,71	DKK	JP3476480003	0,05 %	https://pka.dk/ansvarlighed/ansvarlige-investeringer/politikker-og-rapporter
Pensionskassernes Administration a/s	Daiichi sankyo co	2026	28.502.933,72	DKK	JP3475350009	0,03 %	https://pka.dk/ansvarlighed/ansvarlige-investeringer/politikker-og-rapporter
Pensionskassernes Administration a/s	Daikin industries	2026	37.972.006,76	DKK	JP3481800005	0,05 %	https://pka.dk/ansvarlighed/ansvarlige-investeringer/politikker-og-rapporter
Pensionskassernes Administration a/s	Daimler truck holding	2026	21.999.144,26	DKK	DE000DTR0CK8	0,03 %	https://pka.dk/ansvarlighed/ansvarlige-investeringer/politikker-og-rapporter
Pensionskassernes Administration a/s	Daito trust construction	2026	5.368.551,00	DKK	JP3486800000	0,01 %	https://pka.dk/ansvarlighed/ansvarlige-investeringer/politikker-og-rapporter
Pensionskassernes Administration a/s	Daiwa house industry	2026	15.481.725,02	DKK	JP3505000004	0,02 %	https://pka.dk/ansvarlighed/ansvarlige-investeringer/politikker-og-rapporter
Pensionskassernes Administration a/s	Daiwa securities group	2026	10.930.466,47	DKK	JP3502200003	0,01 %	https://pka.dk/ansvarlighed/ansvarlige-investeringer/politikker-og-rapporter
Pensionskassernes Administration a/s	Danaher corp	2026	109.974.568,26	DKK	US2358511028	0,13 %	https://pka.dk/ansvarlighed/ansvarlige-investeringer/politikker-og-rapporter
Pensionskassernes Administration a/s	Danone	2026	50.825.704,82	DKK	FR0000120644	0,06 %	https://pka.dk/ansvarlighed/ansvarlige-investeringer/politikker-og-rapporter
Pensionskassernes Administration a/s	Danske bank	2026	33.673.718,42	DKK	DK0010274414	0,04 %	https://pka.dk/ansvarlighed/ansvarlige-investeringer/politikker-og-rapporter
Pensionskassernes Administration a/s	Dar al arkan real estate	2026	2.293.608,79	DKK	SA11U0S23612	0,00 %	https://pka.dk/ansvarlighed/ansvarlige-investeringer/politikker-og-rapporter
Pensionskassernes Administration a/s	Darden restaurants	2026	20.313.928,19	DKK	US2371941053	0,02 %	https://pka.dk/ansvarlighed/ansvarlige-investeringer/politikker-og-rapporter
Pensionskassernes Administration a/s	Dassault systemes	2026	12.078.445,80	DKK	FR0014003TT8	0,01 %	https://pka.dk/ansvarlighed/ansvarlige-investeringer/politikker-og-rapporter
Pensionskassernes Administration a/s	Datadog a	2026	84.560.717,12	DKK	US23804L1035	0,10 %	https://pka.dk/ansvarlighed/ansvarlige-investeringer/politikker-og-rapporter
Pensionskassernes Administration a/s	Davide campari-milano	2026	1.697.647,38	DKK	NL0015435975	0,00 %	https://pka.dk/ansvarlighed/ansvarlige-investeringer/politikker-og-rapporter
Pensionskassernes Administration a/s	Db insurance co	2026	1.979.084,99	DKK	KR7005830005	0,00 %	https://pka.dk/ansvarlighed/ansvarlige-investeringer/politikker-og-rapporter
Pensionskassernes Administration a/s	Dbs group holdings	2026	99.837.773,88	DKK	SG1L01001701	0,12 %	https://pka.dk/ansvarlighed/ansvarlige-investeringer/politikker-og-rapporter
Pensionskassernes Administration a/s	Deckers outdoor corp	2026	15.509.733,30	DKK	US2435371073	0,02 %	https://pka.dk/ansvarlighed/ansvarlige-investeringer/politikker-og-rapporter
Pensionskassernes Administration a/s	Deere & co	2026	133.946.802,15	DKK	US2441991054	0,16 %	https://pka.dk/ansvarlighed/ansvarlige-investeringer/politikker-og-rapporter
Pensionskassernes Administration a/s	Delivery hero	2026	7.667.892,65	DKK	DE000A2E4K43	0,01 %	https://pka.dk/ansvarlighed/ansvarlige-investeringer/politikker-og-rapporter
Pensionskassernes Administration a/s	Dell technologies c	2026	140.120.479,34	DKK	US24703L2025	0,17 %	https://pka.dk/ansvarlighed/ansvarlige-investeringer/politikker-og-rapporter
Pensionskassernes Administration a/s	Delta air lines	2026	13.860.688,48	DKK	US2473617023	0,02 %	https://pka.dk/ansvarlighed/ansvarlige-investeringer/politikker-og-rapporter
Pensionskassernes Administration a/s	Delta electronics	2026	57.542.371,42	DKK	TW0002308004	0,07 %	https://pka.dk/ansvarlighed/ansvarlige-investeringer/politikker-og-rapporter
Pensionskassernes Administration a/s	Delta electronics thai-nvdr	2026	15.979.124,16	DKK	TH0528010R18	0,02 %	https://pka.dk/ansvarlighed/ansvarlige-investeringer/politikker-og-rapporter
Pensionskassernes Administration a/s	Demant	2026	2.301.903,60	DKK	DK0060738599	0,00 %	https://pka.dk/ansvarlighed/ansvarlige-investeringer/politikker-og-rapporter
Pensionskassernes Administration a/s	Denso corp	2026	24.523.774,42	DKK	JP3551500006	0,03 %	https://pka.dk/ansvarlighed/ansvarlige-investeringer/politikker-og-rapporter
Pensionskassernes Administration a/s	Descartes systems group	2026	3.945.260,35	DKK	CA2499061083	0,00 %	https://pka.dk/ansvarlighed/ansvarlige-investeringer/politikker-og-rapporter
Pensionskassernes Administration a/s	Deutsche bank	2026	57.405.193,29	DKK	DE0005140008	0,07 %	https://pka.dk/ansvarlighed/ansvarlige-investeringer/politikker-og-rapporter
Pensionskassernes Administration a/s	Deutsche boerse	2026	51.198.752,53	DKK	DE0005810055	0,06 %	https://pka.dk/ansvarlighed/ansvarlige-investeringer/politikker-og-rapporter
Pensionskassernes Administration a/s	Deutsche post	2026	56.233.570,95	DKK	DE0005552004	0,07 %	https://pka.dk/ansvarlighed/ansvarlige-investeringer/politikker-og-rapporter
Pensionskassernes Administration a/s	Deutsche telekom	2026	120.300.396,23	DKK	DE0005557508	0,15 %	https://pka.dk/ansvarlighed/ansvarlige-investeringer/politikker-og-rapporter
Pensionskassernes Administration a/s	Devon energy corp	2026	37.733.846,70	DKK	US25179M1036	0,05 %	https://pka.dk/ansvarlighed/ansvarlige-investeringer/politikker-og-rapporter
Pensionskassernes Administration a/s	Dexcom	2026	29.005.670,08	DKK	US2521311074	0,04 %	https://pka.dk/ansvarlighed/ansvarlige-investeringer/politikker-og-rapporter
Pensionskassernes Administration a/s	Diageo	2026	44.245.439,10	DKK	GB0002374006	0,05 %	https://pka.dk/ansvarlighed/ansvarlige-investeringer/politikker-og-rapporter
Pensionskassernes Administration a/s	Dicks sporting goods	2026	11.761.962,08	DKK	US2533931026	0,01 %	https://pka.dk/ansvarlighed/ansvarlige-investeringer/politikker-og-rapporter
Pensionskassernes Administration a/s	Dieteren group	2026	3.664.357,33	DKK	BE0974259880	0,00 %	https://pka.dk/ansvarlighed/ansvarlige-investeringer/politikker-og-rapporter
Pensionskassernes Administration a/s	Digital realty trust	2026	57.808.773,81	DKK	US2538681030	0,07 %	https://pka.dk/ansvarlighed/ansvarlige-investeringer/politikker-og-rapporter
Pensionskassernes Administration a/s	Dino polska	2026	1.831.436,88	DKK	PLDINPL00011	0,00 %	https://pka.dk/ansvarlighed/ansvarlige-investeringer/politikker-og-rapporter
Pensionskassernes Administration a/s	Disco corp	2026	36.463.939,27	DKK	JP3548600000	0,04 %	https://pka.dk/ansvarlighed/ansvarlige-investeringer/politikker-og-rapporter
Pensionskassernes Administration a/s	Disney (walt)	2026	175.570.735,73	DKK	US2546871060	0,21 %	https://pka.dk/ansvarlighed/ansvarlige-investeringer/politikker-og-rapporter
Pensionskassernes Administration a/s	Divi's laboratories	2026	2.386.286,20	DKK	INE361B01024	0,00 %	https://pka.dk/ansvarlighed/ansvarlige-investeringer/politikker-og-rapporter
Pensionskassernes Administration a/s	Dixon technologies india	2026	1.553.297,24	DKK	INE935N01020	0,00 %	https://pka.dk/ansvarlighed/ansvarlige-investeringer/politikker-og-rapporter
Pensionskassernes Administration a/s	Dlf	2026	403.801,32	DKK	INE271C01023	0,00 %	https://pka.dk/ansvarlighed/ansvarlige-investeringer/politikker-og-rapporter
Pensionskassernes Administration a/s	Dnb bank	2026	25.620.476,97	DKK	NO0010161896	0,03 %	https://pka.dk/ansvarlighed/ansvarlige-investeringer/politikker-og-rapporter
Pensionskassernes Administration a/s	Dollar general corp	2026	23.321.392,61	DKK	US2566771059	0,03 %	https://pka.dk/ansvarlighed/ansvarlige-investeringer/politikker-og-rapporter
Pensionskassernes Administration a/s	Dollar tree	2026	18.588.226,15	DKK	US2567461080	0,02 %	https://pka.dk/ansvarlighed/ansvarlige-investeringer/politikker-og-rapporter
Pensionskassernes Administration a/s	Dollarama	2026	35.562.608,19	DKK	CA25675T1075	0,04 %	https://pka.dk/ansvarlighed/ansvarlige-investeringer/politikker-og-rapporter
Pensionskassernes Administration a/s	Dominion energy	2026	19.022.595,99	DKK	US25746U1097	0,02 %	https://pka.dk/ansvarlighed/ansvarlige-investeringer/politikker-og-rapporter
Pensionskassernes Administration a/s	Dominos pizza	2026	12.708.349,87	DKK	US25754A2015	0,02 %	https://pka.dk/ansvarlighed/ansvarlige-investeringer/politikker-og-rapporter
Pensionskassernes Administration a/s	Doordash a	2026	60.600.611,18	DKK	US25809K1051	0,07 %	https://pka.dk/ansvarlighed/ansvarlige-investeringer/politikker-og-rapporter
Pensionskassernes Administration a/s	Doosan corp	2026	2.930.094,60	DKK	KR7000150003	0,00 %	https://pka.dk/ansvarlighed/ansvarlige-investeringer/politikker-og-rapporter
Pensionskassernes Administration a/s	Doosan enerbility	2026	14.064.138,88	DKK	KR7034020008	0,02 %	https://pka.dk/ansvarlighed/ansvarlige-investeringer/politikker-og-rapporter
Pensionskassernes Administration a/s	Dover corp	2026	27.088.787,22	DKK	US2600031080	0,03 %	https://pka.dk/ansvarlighed/ansvarlige-investeringer/politikker-og-rapporter
Pensionskassernes Administration a/s	Dow	2026	25.287.359,16	DKK	US2605571031	0,03 %	https://pka.dk/ansvarlighed/ansvarlige-investeringer/politikker-og-rapporter
Pensionskassernes Administration a/s	Dr reddy's laboratories	2026	6.842.629,70	DKK	INE089A01031	0,01 %	https://pka.dk/ansvarlighed/ansvarlige-investeringer/politikker-og-rapporter
Pensionskassernes Administration a/s	Dr sulaiman al habib med	2026	2.354.902,95	DKK	SA1510P1UMH1	0,00 %	https://pka.dk/ansvarlighed/ansvarlige-investeringer/politikker-og-rapporter
Pensionskassernes Administration a/s	Dsm firmenich	2026	15.705.042,64	DKK	CH1216478797	0,02 %	https://pka.dk/ansvarlighed/ansvarlige-investeringer/politikker-og-rapporter
Pensionskassernes Administration a/s	Dsv	2026	49.230.791,97	DKK	DK0060079531	0,06 %	https://pka.dk/ansvarlighed/ansvarlige-investeringer/politikker-og-rapporter
Pensionskassernes Administration a/s	Dte energy	2026	519.942,42	DKK	US2333311072	0,00 %	https://pka.dk/ansvarlighed/ansvarlige-investeringer/politikker-og-rapporter
Pensionskassernes Administration a/s	Duke energy corp	2026	28.134.624,04	DKK	US26441C2044	0,03 %	https://pka.dk/ansvarlighed/ansvarlige-investeringer/politikker-og-rapporter
Pensionskassernes Administration a/s	Dupont de nemours	2026	17.915.332,02	DKK	US26614N1028	0,02 %	https://pka.dk/ansvarlighed/ansvarlige-investeringer/politikker-og-rapporter
Pensionskassernes Administration a/s	E ink holdings	2026	2.399.606,00	DKK	TW0008069006	0,00 %	https://pka.dk/ansvarlighed/ansvarlige-investeringer/politikker-og-rapporter
Pensionskassernes Administration a/s	E. on	2026	57.148.213,17	DKK	DE000ENAG999	0,07 %	https://pka.dk/ansvarlighed/ansvarlige-investeringer/politikker-og-rapporter
Pensionskassernes Administration a/s	E.sun financial holdings	2026	13.134.195,66	DKK	TW0002884004	0,02 %	https://pka.dk/ansvarlighed/ansvarlige-investeringer/politikker-og-rapporter
Pensionskassernes Administration a/s	East japan railway co	2026	16.547.259,61	DKK	JP3783600004	0,02 %	https://pka.dk/ansvarlighed/ansvarlige-investeringer/politikker-og-rapporter
Pensionskassernes Administration a/s	Eaton corp plc	2026	151.357.159,77	DKK	IE00B8KQN827	0,18 %	https://pka.dk/ansvarlighed/ansvarlige-investeringer/politikker-og-rapporter
Pensionskassernes Administration a/s	Ebara corp	2026	14.700.123,55	DKK	JP3166000004	0,02 %	https://pka.dk/ansvarlighed/ansvarlige-investeringer/politikker-og-rapporter
Pensionskassernes Administration a/s	Ebay	2026	52.238.263,52	DKK	US2786421030	0,06 %	https://pka.dk/ansvarlighed/ansvarlige-investeringer/politikker-og-rapporter
Pensionskassernes Administration a/s	Echostar holding a	2026	16.173.044,72	DKK	US2787681061	0,02 %	https://pka.dk/ansvarlighed/ansvarlige-investeringer/politikker-og-rapporter
Pensionskassernes Administration a/s	Ecolab	2026	70.790.288,08	DKK	US2788651006	0,09 %	https://pka.dk/ansvarlighed/ansvarlige-investeringer/politikker-og-rapporter
Pensionskassernes Administration a/s	Ecopro co	2026	3.379.535,18	DKK	KR7086520004	0,00 %	https://pka.dk/ansvarlighed/ansvarlige-investeringer/politikker-og-rapporter
Pensionskassernes Administration a/s	Ecoprobm	2026	2.559.323,55	DKK	KR7247540008	0,00 %	https://pka.dk/ansvarlighed/ansvarlige-investeringer/politikker-og-rapporter
Pensionskassernes Administration a/s	Edison international	2026	33.358.794,78	DKK	US2810201077	0,04 %	https://pka.dk/ansvarlighed/ansvarlige-investeringer/politikker-og-rapporter
Pensionskassernes Administration a/s	Edp renewables	2026	7.171.473,29	DKK	ES0127797019	0,01 %	https://pka.dk/ansvarlighed/ansvarlige-investeringer/politikker-og-rapporter
Pensionskassernes Administration a/s	Edp sa	2026	24.325.616,55	DKK	PTEDP0AM0009	0,03 %	https://pka.dk/ansvarlighed/ansvarlige-investeringer/politikker-og-rapporter
Pensionskassernes Administration a/s	Edwards lifesciences	2026	51.116.183,23	DKK	US28176E1082	0,06 %	https://pka.dk/ansvarlighed/ansvarlige-investeringer/politikker-og-rapporter
Pensionskassernes Administration a/s	Eicher motors	2026	3.721.199,62	DKK	INE066A01021	0,00 %	https://pka.dk/ansvarlighed/ansvarlige-investeringer/politikker-og-rapporter
Pensionskassernes Administration a/s	Eiffage	2026	5.076.130,91	DKK	FR0000130452	0,01 %	https://pka.dk/ansvarlighed/ansvarlige-investeringer/politikker-og-rapporter
Pensionskassernes Administration a/s	Eisai co	2026	5.444.427,56	DKK	JP3160400002	0,01 %	https://pka.dk/ansvarlighed/ansvarlige-investeringer/politikker-og-rapporter
Pensionskassernes Administration a/s	Electronic arts	2026	48.826.359,67	DKK	US2855121099	0,06 %	https://pka.dk/ansvarlighed/ansvarlige-investeringer/politikker-og-rapporter
Pensionskassernes Administration a/s	Element fleet management	2026	5.096.866,48	DKK	CA2861812014	0,01 %	https://pka.dk/ansvarlighed/ansvarlige-investeringer/politikker-og-rapporter
Pensionskassernes Administration a/s	Elevance health	2026	85.962.178,77	DKK	US0367521038	0,10 %	https://pka.dk/ansvarlighed/ansvarlige-investeringer/politikker-og-rapporter
Pensionskassernes Administration a/s	Elia group	2026	12.362.110,16	DKK	BE0003822393	0,02 %	https://pka.dk/ansvarlighed/ansvarlige-investeringer/politikker-og-rapporter
Pensionskassernes Administration a/s	Elisa a	2026	2.749.723,94	DKK	FI0009007884	0,00 %	https://pka.dk/ansvarlighed/ansvarlige-investeringer/politikker-og-rapporter
Pensionskassernes Administration a/s	Elite material co	2026	16.637.268,27	DKK	TW0002383007	0,02 %	https://pka.dk/ansvarlighed/ansvarlige-investeringer/politikker-og-rapporter
Pensionskassernes Administration a/s	Elm	2026	1.887.842,83	DKK	SA15GG53GHH3	0,00 %	https://pka.dk/ansvarlighed/ansvarlige-investeringer/politikker-og-rapporter
Pensionskassernes Administration a/s	Emaar properties	2026	8.069.513,92	DKK	AEE000301011	0,01 %	https://pka.dk/ansvarlighed/ansvarlige-investeringer/politikker-og-rapporter
Pensionskassernes Administration a/s	Embraer on	2026	3.795.841,37	DKK	BREMBJACNOR1	0,00 %	https://pka.dk/ansvarlighed/ansvarlige-investeringer/politikker-og-rapporter
Pensionskassernes Administration a/s	Emcor group	2026	37.841.984,97	DKK	US29084Q1004	0,05 %	https://pka.dk/ansvarlighed/ansvarlige-investeringer/politikker-og-rapporter
Pensionskassernes Administration a/s	Ememory technology	2026	2.690.840,23	DKK	TW0003529004	0,00 %	https://pka.dk/ansvarlighed/ansvarlige-investeringer/politikker-og-rapporter
Pensionskassernes Administration a/s	Emerson electric co	2026	78.296.618,73	DKK	US2910111044	0,10 %	https://pka.dk/ansvarlighed/ansvarlige-investeringer/politikker-og-rapporter
Pensionskassernes Administration a/s	Emirates nbd bank	2026	4.337.365,84	DKK	AEE000801010	0,01 %	https://pka.dk/ansvarlighed/ansvarlige-investeringer/politikker-og-rapporter
Pensionskassernes Administration a/s	Emirates telecom corp	2026	6.198.537,29	DKK	AEE000401019	0,01 %	https://pka.dk/ansvarlighed/ansvarlige-investeringer/politikker-og-rapporter
Pensionskassernes Administration a/s	Empire co a	2026	2.979.819,59	DKK	CA2918434077	0,00 %	https://pka.dk/ansvarlighed/ansvarlige-investeringer/politikker-og-rapporter
Pensionskassernes Administration a/s	Ems-chemie holding	2026	2.589.558,65	DKK	CH0016440353	0,00 %	https://pka.dk/ansvarlighed/ansvarlige-investeringer/politikker-og-rapporter
Pensionskassernes Administration a/s	Endeavour mining (gb)	2026	2.741.935,46	DKK	GB00BL6K5J42	0,00 %	https://pka.dk/ansvarlighed/ansvarlige-investeringer/politikker-og-rapporter
Pensionskassernes Administration a/s	Endesa	2026	25.113.287,38	DKK	ES0130670112	0,03 %	https://pka.dk/ansvarlighed/ansvarlige-investeringer/politikker-og-rapporter
Pensionskassernes Administration a/s	Enel	2026	99.034.410,72	DKK	IT0003128367	0,12 %	https://pka.dk/ansvarlighed/ansvarlige-investeringer/politikker-og-rapporter
Pensionskassernes Administration a/s	Enel chile	2026	6.619.971,93	DKK	CL0002266774	0,01 %	https://pka.dk/ansvarlighed/ansvarlige-investeringer/politikker-og-rapporter
Pensionskassernes Administration a/s	Engie	2026	63.627.192,26	DKK	FR0010208488	0,08 %	https://pka.dk/ansvarlighed/ansvarlige-investeringer/politikker-og-rapporter
Pensionskassernes Administration a/s	Eni	2026	56.042.849,57	DKK	IT0003132476	0,07 %	https://pka.dk/ansvarlighed/ansvarlige-investeringer/politikker-og-rapporter
Pensionskassernes Administration a/s	Enn energy holdings	2026	2.892.498,06	DKK	KYG3066L1014	0,00 %	https://pka.dk/ansvarlighed/ansvarlige-investeringer/politikker-og-rapporter
Pensionskassernes Administration a/s	Entegris	2026	19.558.321,39	DKK	US29362U1043	0,02 %	https://pka.dk/ansvarlighed/ansvarlige-investeringer/politikker-og-rapporter
Pensionskassernes Administration a/s	Entergy corp	2026	3.001.002,71	DKK	US29364G1031	0,00 %	https://pka.dk/ansvarlighed/ansvarlige-investeringer/politikker-og-rapporter
Pensionskassernes Administration a/s	Eoptolink tech a (hk-c)	2026	2.456.540,59	DKK	CNE100002615	0,00 %	https://pka.dk/ansvarlighed/ansvarlige-investeringer/politikker-og-rapporter
Pensionskassernes Administration a/s	Epiroc a	2026	19.361.739,25	DKK	SE0015658109	0,02 %	https://pka.dk/ansvarlighed/ansvarlige-investeringer/politikker-og-rapporter
Pensionskassernes Administration a/s	Epiroc b	2026	6.205.810,98	DKK	SE0015658117	0,01 %	https://pka.dk/ansvarlighed/ansvarlige-investeringer/politikker-og-rapporter
Pensionskassernes Administration a/s	Eqt ab	2026	13.777.846,81	DKK	SE0012853455	0,02 %	https://pka.dk/ansvarlighed/ansvarlige-investeringer/politikker-og-rapporter
Pensionskassernes Administration a/s	Equatorial on	2026	7.456.277,83	DKK	BREQTLACNOR0	0,01 %	https://pka.dk/ansvarlighed/ansvarlige-investeringer/politikker-og-rapporter
Pensionskassernes Administration a/s	Equifax	2026	22.962.393,86	DKK	US2944291051	0,03 %	https://pka.dk/ansvarlighed/ansvarlige-investeringer/politikker-og-rapporter
Pensionskassernes Administration a/s	Equinix	2026	97.456.243,42	DKK	US29444U7000	0,12 %	https://pka.dk/ansvarlighed/ansvarlige-investeringer/politikker-og-rapporter
Pensionskassernes Administration a/s	Equinor	2026	29.122.872,09	DKK	NO0010096985	0,04 %	https://pka.dk/ansvarlighed/ansvarlige-investeringer/politikker-og-rapporter
Pensionskassernes Administration a/s	Equinox gold	2026	5.856.810,44	DKK	CA29446Y5020	0,01 %	https://pka.dk/ansvarlighed/ansvarlige-investeringer/politikker-og-rapporter
Pensionskassernes Administration a/s	Equity residential	2026	23.818.737,01	DKK	US29476L1070	0,03 %	https://pka.dk/ansvarlighed/ansvarlige-investeringer/politikker-og-rapporter
Pensionskassernes Administration a/s	Ericsson (lm) b	2026	37.492.415,10	DKK	SE0000108656	0,05 %	https://pka.dk/ansvarlighed/ansvarlige-investeringer/politikker-og-rapporter
Pensionskassernes Administration a/s	Erie indemnity co a	2026	4.191.533,85	DKK	US29530P1021	0,01 %	https://pka.dk/ansvarlighed/ansvarlige-investeringer/politikker-og-rapporter
Pensionskassernes Administration a/s	Erste bank polska	2026	5.639.360,77	DKK	PLBZ00000044	0,01 %	https://pka.dk/ansvarlighed/ansvarlige-investeringer/politikker-og-rapporter
Pensionskassernes Administration a/s	Erste group bank	2026	30.714.144,17	DKK	AT0000652011	0,04 %	https://pka.dk/ansvarlighed/ansvarlige-investeringer/politikker-og-rapporter
Pensionskassernes Administration a/s	Essex property trust	2026	15.294.574,95	DKK	US2971781057	0,02 %	https://pka.dk/ansvarlighed/ansvarlige-investeringer/politikker-og-rapporter
Pensionskassernes Administration a/s	Essilorluxottica	2026	53.149.358,85	DKK	FR0000121667	0,06 %	https://pka.dk/ansvarlighed/ansvarlige-investeringer/politikker-og-rapporter
Pensionskassernes Administration a/s	Essity b	2026	14.302.995,71	DKK	SE0009922164	0,02 %	https://pka.dk/ansvarlighed/ansvarlige-investeringer/politikker-og-rapporter
Pensionskassernes Administration a/s	Estee lauder cos a	2026	21.491.399,67	DKK	US5184391044	0,03 %	https://pka.dk/ansvarlighed/ansvarlige-investeringer/politikker-og-rapporter
Pensionskassernes Administration a/s	Eternal	2026	4.827.692,48	DKK	INE758T01015	0,01 %	https://pka.dk/ansvarlighed/ansvarlige-investeringer/politikker-og-rapporter
Pensionskassernes Administration a/s	Etihad etisalat co	2026	3.087.452,91	DKK	SA000A0DM9P2	0,00 %	https://pka.dk/ansvarlighed/ansvarlige-investeringer/politikker-og-rapporter
Pensionskassernes Administration a/s	Eurobank	2026	725.739,33	DKK	GRS829003003	0,00 %	https://pka.dk/ansvarlighed/ansvarlige-investeringer/politikker-og-rapporter
Pensionskassernes Administration a/s	Eurofins scientific	2026	4.786.270,76	DKK	FR0014000MR3	0,01 %	https://pka.dk/ansvarlighed/ansvarlige-investeringer/politikker-og-rapporter
Pensionskassernes Administration a/s	Euronext	2026	7.198.512,99	DKK	NL0006294274	0,01 %	https://pka.dk/ansvarlighed/ansvarlige-investeringer/politikker-og-rapporter
Pensionskassernes Administration a/s	Eva airways corp	2026	3.324.787,43	DKK	TW0002618006	0,00 %	https://pka.dk/ansvarlighed/ansvarlige-investeringer/politikker-og-rapporter
Pensionskassernes Administration a/s	Everest group	2026	12.572.001,77	DKK	BMG3223R1088	0,02 %	https://pka.dk/ansvarlighed/ansvarlige-investeringer/politikker-og-rapporter
Pensionskassernes Administration a/s	Evergreen marine corp	2026	2.756.470,48	DKK	TW0002603008	0,00 %	https://pka.dk/ansvarlighed/ansvarlige-investeringer/politikker-og-rapporter
Pensionskassernes Administration a/s	Everpure a	2026	24.577.072,45	DKK	US74624M1027	0,03 %	https://pka.dk/ansvarlighed/ansvarlige-investeringer/politikker-og-rapporter
Pensionskassernes Administration a/s	Eversource energy	2026	31.976.254,63	DKK	US30040W1080	0,04 %	https://pka.dk/ansvarlighed/ansvarlige-investeringer/politikker-og-rapporter
Pensionskassernes Administration a/s	Evolution	2026	10.178.030,44	DKK	SE0012673267	0,01 %	https://pka.dk/ansvarlighed/ansvarlige-investeringer/politikker-og-rapporter
Pensionskassernes Administration a/s	Evolution mining	2026	16.854.132,89	DKK	AU000000EVN4	0,02 %	https://pka.dk/ansvarlighed/ansvarlige-investeringer/politikker-og-rapporter
Pensionskassernes Administration a/s	Evonik industries	2026	3.372.120,19	DKK	DE000EVNK013	0,00 %	https://pka.dk/ansvarlighed/ansvarlige-investeringer/politikker-og-rapporter
Pensionskassernes Administration a/s	Exor	2026	3.078.654,84	DKK	NL0012059018	0,00 %	https://pka.dk/ansvarlighed/ansvarlige-investeringer/politikker-og-rapporter
Pensionskassernes Administration a/s	Expand energy corp	2026	24.226.973,71	DKK	US1651677353	0,03 %	https://pka.dk/ansvarlighed/ansvarlige-investeringer/politikker-og-rapporter
Pensionskassernes Administration a/s	Expedia group	2026	26.913.359,93	DKK	US30212P3038	0,03 %	https://pka.dk/ansvarlighed/ansvarlige-investeringer/politikker-og-rapporter
Pensionskassernes Administration a/s	Expeditors intl of wash	2026	20.350.227,56	DKK	US3021301094	0,02 %	https://pka.dk/ansvarlighed/ansvarlige-investeringer/politikker-og-rapporter
Pensionskassernes Administration a/s	Experian	2026	29.970.919,46	DKK	GB00B19NLV48	0,04 %	https://pka.dk/ansvarlighed/ansvarlige-investeringer/politikker-og-rapporter
Pensionskassernes Administration a/s	Extra space storage	2026	26.111.694,78	DKK	US30225T1025	0,03 %	https://pka.dk/ansvarlighed/ansvarlige-investeringer/politikker-og-rapporter
Pensionskassernes Administration a/s	F5	2026	20.098.677,42	DKK	US3156161024	0,02 %	https://pka.dk/ansvarlighed/ansvarlige-investeringer/politikker-og-rapporter
Pensionskassernes Administration a/s	Fabrinet	2026	19.414.265,38	DKK	KYG3323L1005	0,02 %	https://pka.dk/ansvarlighed/ansvarlige-investeringer/politikker-og-rapporter
Pensionskassernes Administration a/s	Fair isaac corp	2026	27.795.378,63	DKK	US3032501047	0,03 %	https://pka.dk/ansvarlighed/ansvarlige-investeringer/politikker-og-rapporter
Pensionskassernes Administration a/s	Fairfax financial hldgs	2026	28.031.523,81	DKK	CA3039011026	0,03 %	https://pka.dk/ansvarlighed/ansvarlige-investeringer/politikker-og-rapporter
Pensionskassernes Administration a/s	Fanuc	2026	47.060.911,21	DKK	JP3802400006	0,06 %	https://pka.dk/ansvarlighed/ansvarlige-investeringer/politikker-og-rapporter
Pensionskassernes Administration a/s	Fast retailing co	2026	90.338.621,48	DKK	JP3802300008	0,11 %	https://pka.dk/ansvarlighed/ansvarlige-investeringer/politikker-og-rapporter
Pensionskassernes Administration a/s	Fastenal co	2026	48.663.795,39	DKK	US3119001044	0,06 %	https://pka.dk/ansvarlighed/ansvarlige-investeringer/politikker-og-rapporter
Pensionskassernes Administration a/s	Fastighets ab balder b	2026	3.177.817,31	DKK	SE0017832488	0,00 %	https://pka.dk/ansvarlighed/ansvarlige-investeringer/politikker-og-rapporter
Pensionskassernes Administration a/s	Fedex corp	2026	70.799.339,70	DKK	US31428X1063	0,09 %	https://pka.dk/ansvarlighed/ansvarlige-investeringer/politikker-og-rapporter
Pensionskassernes Administration a/s	Fedex freight holding co-w/i	2026	17.121.967,22	DKK	US3143521058	0,02 %	https://pka.dk/ansvarlighed/ansvarlige-investeringer/politikker-og-rapporter
Pensionskassernes Administration a/s	Femsa unit ubd	2026	8.091.067,46	DKK	MXP320321310	0,01 %	https://pka.dk/ansvarlighed/ansvarlige-investeringer/politikker-og-rapporter
Pensionskassernes Administration a/s	Ferguson enterprises	2026	41.918.705,35	DKK	US31488V1070	0,05 %	https://pka.dk/ansvarlighed/ansvarlige-investeringer/politikker-og-rapporter
Pensionskassernes Administration a/s	Ferrari (it)	2026	39.695.205,75	DKK	NL0011585146	0,05 %	https://pka.dk/ansvarlighed/ansvarlige-investeringer/politikker-og-rapporter
Pensionskassernes Administration a/s	Ferrovial	2026	24.127.272,68	DKK	NL0015001FS8	0,03 %	https://pka.dk/ansvarlighed/ansvarlige-investeringer/politikker-og-rapporter
Pensionskassernes Administration a/s	Fibra uno administracion	2026	5.417.170,66	DKK	MXCFFU000001	0,01 %	https://pka.dk/ansvarlighed/ansvarlige-investeringer/politikker-og-rapporter
Pensionskassernes Administration a/s	Fidelity natl info svcs	2026	24.472.539,04	DKK	US31620M1062	0,03 %	https://pka.dk/ansvarlighed/ansvarlige-investeringer/politikker-og-rapporter
Pensionskassernes Administration a/s	Fifth third bancorp	2026	45.775.731,94	DKK	US3167731005	0,06 %	https://pka.dk/ansvarlighed/ansvarlige-investeringer/politikker-og-rapporter
Pensionskassernes Administration a/s	Fin richemont namen a	2026	105.300.449,60	DKK	CH0210483332	0,13 %	https://pka.dk/ansvarlighed/ansvarlige-investeringer/politikker-og-rapporter
Pensionskassernes Administration a/s	Financiere de tubize	2026	3.924.978,22	DKK	BE0003823409	0,00 %	https://pka.dk/ansvarlighed/ansvarlige-investeringer/politikker-og-rapporter
Pensionskassernes Administration a/s	Finecobank	2026	7.843.696,89	DKK	IT0000072170	0,01 %	https://pka.dk/ansvarlighed/ansvarlige-investeringer/politikker-og-rapporter
Pensionskassernes Administration a/s	First abu dhabi bank	2026	12.846.187,64	DKK	AEN000101016	0,02 %	https://pka.dk/ansvarlighed/ansvarlige-investeringer/politikker-og-rapporter
Pensionskassernes Administration a/s	First citizens bancshs a	2026	14.412.718,05	DKK	US31946M1036	0,02 %	https://pka.dk/ansvarlighed/ansvarlige-investeringer/politikker-og-rapporter
Pensionskassernes Administration a/s	First financial hldg co	2026	11.525.338,18	DKK	TW0002892007	0,01 %	https://pka.dk/ansvarlighed/ansvarlige-investeringer/politikker-og-rapporter
Pensionskassernes Administration a/s	First quantum minerals	2026	19.237.150,81	DKK	CA3359341052	0,02 %	https://pka.dk/ansvarlighed/ansvarlige-investeringer/politikker-og-rapporter
Pensionskassernes Administration a/s	First solar	2026	31.110.187,11	DKK	US3364331070	0,04 %	https://pka.dk/ansvarlighed/ansvarlige-investeringer/politikker-og-rapporter
Pensionskassernes Administration a/s	Firstenergy corp	2026	20.179.090,95	DKK	US3379321074	0,02 %	https://pka.dk/ansvarlighed/ansvarlige-investeringer/politikker-og-rapporter
Pensionskassernes Administration a/s	Firstrand	2026	10.335.557,82	DKK	ZAE000066304	0,01 %	https://pka.dk/ansvarlighed/ansvarlige-investeringer/politikker-og-rapporter
Pensionskassernes Administration a/s	Firstservice corp(new)	2026	2.814.217,15	DKK	CA33767E2024	0,00 %	https://pka.dk/ansvarlighed/ansvarlige-investeringer/politikker-og-rapporter
Pensionskassernes Administration a/s	Fiserv	2026	31.462.463,23	DKK	US3377381088	0,04 %	https://pka.dk/ansvarlighed/ansvarlige-investeringer/politikker-og-rapporter
Pensionskassernes Administration a/s	Fisher & paykel health	2026	11.007.795,12	DKK	NZFAPE0001S2	0,01 %	https://pka.dk/ansvarlighed/ansvarlige-investeringer/politikker-og-rapporter
Pensionskassernes Administration a/s	Flex	2026	55.992.829,85	DKK	SG9999000020	0,07 %	https://pka.dk/ansvarlighed/ansvarlige-investeringer/politikker-og-rapporter
Pensionskassernes Administration a/s	Flutter entmt(us)	2026	18.942.990,65	DKK	IE00BWT6H894	0,02 %	https://pka.dk/ansvarlighed/ansvarlige-investeringer/politikker-og-rapporter
Pensionskassernes Administration a/s	Fnf group	2026	10.196.096,06	DKK	US31620R3030	0,01 %	https://pka.dk/ansvarlighed/ansvarlige-investeringer/politikker-og-rapporter
Pensionskassernes Administration a/s	Ford motor co	2026	60.294.863,61	DKK	US3453708600	0,07 %	https://pka.dk/ansvarlighed/ansvarlige-investeringer/politikker-og-rapporter
Pensionskassernes Administration a/s	Fortescue	2026	30.360.710,29	DKK	AU000000FMG4	0,04 %	https://pka.dk/ansvarlighed/ansvarlige-investeringer/politikker-og-rapporter
Pensionskassernes Administration a/s	Fortinet	2026	89.500.195,09	DKK	US34959E1091	0,11 %	https://pka.dk/ansvarlighed/ansvarlige-investeringer/politikker-og-rapporter
Pensionskassernes Administration a/s	Fortis	2026	15.090.002,58	DKK	CA3495531079	0,02 %	https://pka.dk/ansvarlighed/ansvarlige-investeringer/politikker-og-rapporter
Pensionskassernes Administration a/s	Fortive	2026	22.769.714,12	DKK	US34959J1088	0,03 %	https://pka.dk/ansvarlighed/ansvarlige-investeringer/politikker-og-rapporter
Pensionskassernes Administration a/s	Fortum corp	2026	15.869.668,99	DKK	FI0009007132	0,02 %	https://pka.dk/ansvarlighed/ansvarlige-investeringer/politikker-og-rapporter
Pensionskassernes Administration a/s	Fortune electric co	2026	1.427.457,93	DKK	TW0001519007	0,00 %	https://pka.dk/ansvarlighed/ansvarlige-investeringer/politikker-og-rapporter
Pensionskassernes Administration a/s	Foxconn indl a (hk-c)	2026	7.391.780,24	DKK	CNE1000031P3	0,01 %	https://pka.dk/ansvarlighed/ansvarlige-investeringer/politikker-og-rapporter
Pensionskassernes Administration a/s	Franco-nevada corp	2026	48.650.384,74	DKK	CA3518581051	0,06 %	https://pka.dk/ansvarlighed/ansvarlige-investeringer/politikker-og-rapporter
Pensionskassernes Administration a/s	Fresenius	2026	17.349.719,93	DKK	DE0005785604	0,02 %	https://pka.dk/ansvarlighed/ansvarlige-investeringer/politikker-og-rapporter
Pensionskassernes Administration a/s	Fresenius medical care	2026	7.557.092,86	DKK	DE0005785802	0,01 %	https://pka.dk/ansvarlighed/ansvarlige-investeringer/politikker-og-rapporter
Pensionskassernes Administration a/s	Fresnillo plc	2026	9.130.493,68	DKK	GB00B2QPKJ12	0,01 %	https://pka.dk/ansvarlighed/ansvarlige-investeringer/politikker-og-rapporter
Pensionskassernes Administration a/s	Ftai aviation	2026	22.530.305,58	DKK	KYG3730V1059	0,03 %	https://pka.dk/ansvarlighed/ansvarlige-investeringer/politikker-og-rapporter
Pensionskassernes Administration a/s	Fubon financial holding	2026	17.155.736,58	DKK	TW0002881000	0,02 %	https://pka.dk/ansvarlighed/ansvarlige-investeringer/politikker-og-rapporter
Pensionskassernes Administration a/s	Fuji electric co	2026	13.285.331,09	DKK	JP3820000002	0,02 %	https://pka.dk/ansvarlighed/ansvarlige-investeringer/politikker-og-rapporter
Pensionskassernes Administration a/s	Fuji film holdings co	2026	23.148.402,52	DKK	JP3814000000	0,03 %	https://pka.dk/ansvarlighed/ansvarlige-investeringer/politikker-og-rapporter
Pensionskassernes Administration a/s	Fujikura	2026	43.700.085,50	DKK	JP3811000003	0,05 %	https://pka.dk/ansvarlighed/ansvarlige-investeringer/politikker-og-rapporter
Pensionskassernes Administration a/s	Fujitsu	2026	38.190.816,50	DKK	JP3818000006	0,05 %	https://pka.dk/ansvarlighed/ansvarlige-investeringer/politikker-og-rapporter
Pensionskassernes Administration a/s	Furukawa electric co	2026	21.204.890,34	DKK	JP3827200001	0,03 %	https://pka.dk/ansvarlighed/ansvarlige-investeringer/politikker-og-rapporter
Pensionskassernes Administration a/s	Futu holdings a adr	2026	6.390.922,87	DKK	US36118L1061	0,01 %	https://pka.dk/ansvarlighed/ansvarlige-investeringer/politikker-og-rapporter
Pensionskassernes Administration a/s	Galaxy entertainment grp	2026	8.084.975,91	DKK	HK0027032686	0,01 %	https://pka.dk/ansvarlighed/ansvarlige-investeringer/politikker-og-rapporter
Pensionskassernes Administration a/s	Galderma group	2026	36.037.858,90	DKK	CH1335392721	0,04 %	https://pka.dk/ansvarlighed/ansvarlige-investeringer/politikker-og-rapporter
Pensionskassernes Administration a/s	Gallagher (arthur j.)	2026	50.563.861,72	DKK	US3635761097	0,06 %	https://pka.dk/ansvarlighed/ansvarlige-investeringer/politikker-og-rapporter
Pensionskassernes Administration a/s	Galp energia sgps b	2026	14.019.351,36	DKK	PTGAL0AM0009	0,02 %	https://pka.dk/ansvarlighed/ansvarlige-investeringer/politikker-og-rapporter
Pensionskassernes Administration a/s	Gaming & leisure pptys	2026	12.278.993,69	DKK	US36467J1088	0,01 %	https://pka.dk/ansvarlighed/ansvarlige-investeringer/politikker-og-rapporter
Pensionskassernes Administration a/s	Gamuda	2026	3.098.220,04	DKK	MYL5398OO002	0,00 %	https://pka.dk/ansvarlighed/ansvarlige-investeringer/politikker-og-rapporter
Pensionskassernes Administration a/s	Ganfeng lithium group h	2026	1.788.770,25	DKK	CNE1000031W9	0,00 %	https://pka.dk/ansvarlighed/ansvarlige-investeringer/politikker-og-rapporter
Pensionskassernes Administration a/s	Garmin	2026	36.897.834,01	DKK	CH0114405324	0,05 %	https://pka.dk/ansvarlighed/ansvarlige-investeringer/politikker-og-rapporter
Pensionskassernes Administration a/s	Gds holdings a (hk)	2026	1.791.797,44	DKK	KYG3902L1095	0,00 %	https://pka.dk/ansvarlighed/ansvarlige-investeringer/politikker-og-rapporter
Pensionskassernes Administration a/s	Ge aerospace	2026	329.288.844,27	DKK	US3696043013	0,40 %	https://pka.dk/ansvarlighed/ansvarlige-investeringer/politikker-og-rapporter
Pensionskassernes Administration a/s	Ge healthcare tech	2026	27.613.366,74	DKK	US36266G1076	0,03 %	https://pka.dk/ansvarlighed/ansvarlige-investeringer/politikker-og-rapporter
Pensionskassernes Administration a/s	Ge vernova	2026	247.798.738,09	DKK	US36828A1016	0,30 %	https://pka.dk/ansvarlighed/ansvarlige-investeringer/politikker-og-rapporter
Pensionskassernes Administration a/s	Gea group	2026	6.503.562,85	DKK	DE0006602006	0,01 %	https://pka.dk/ansvarlighed/ansvarlige-investeringer/politikker-og-rapporter
Pensionskassernes Administration a/s	Geberit	2026	21.860.855,60	DKK	CH0030170408	0,03 %	https://pka.dk/ansvarlighed/ansvarlige-investeringer/politikker-og-rapporter
Pensionskassernes Administration a/s	Gecina	2026	2.000.248,34	DKK	FR0010040865	0,00 %	https://pka.dk/ansvarlighed/ansvarlige-investeringer/politikker-og-rapporter
Pensionskassernes Administration a/s	Geely automobile hldgs	2026	9.049.187,46	DKK	KYG3777B1032	0,01 %	https://pka.dk/ansvarlighed/ansvarlige-investeringer/politikker-og-rapporter
Pensionskassernes Administration a/s	Gen digital	2026	16.212.540,92	DKK	US6687711084	0,02 %	https://pka.dk/ansvarlighed/ansvarlige-investeringer/politikker-og-rapporter
Pensionskassernes Administration a/s	General mills	2026	18.510.780,96	DKK	US3703341046	0,02 %	https://pka.dk/ansvarlighed/ansvarlige-investeringer/politikker-og-rapporter
Pensionskassernes Administration a/s	General motors	2026	76.377.754,76	DKK	US37045V1008	0,09 %	https://pka.dk/ansvarlighed/ansvarlige-investeringer/politikker-og-rapporter
Pensionskassernes Administration a/s	Genmab	2026	13.074.303,00	DKK	DK0010272202	0,02 %	https://pka.dk/ansvarlighed/ansvarlige-investeringer/politikker-og-rapporter
Pensionskassernes Administration a/s	Genuine parts co	2026	12.260.456,33	DKK	US3724601055	0,01 %	https://pka.dk/ansvarlighed/ansvarlige-investeringer/politikker-og-rapporter
Pensionskassernes Administration a/s	Getlink	2026	3.977.694,21	DKK	FR0010533075	0,00 %	https://pka.dk/ansvarlighed/ansvarlige-investeringer/politikker-og-rapporter
Pensionskassernes Administration a/s	Gfl environmental hld sv	2026	4.575.270,76	DKK	CA36168Q1046	0,01 %	https://pka.dk/ansvarlighed/ansvarlige-investeringer/politikker-og-rapporter
Pensionskassernes Administration a/s	Gigabyte technology co	2026	2.381.147,49	DKK	TW0002376001	0,00 %	https://pka.dk/ansvarlighed/ansvarlige-investeringer/politikker-og-rapporter
Pensionskassernes Administration a/s	Gildan activewear	2026	7.090.045,24	DKK	CA3759161035	0,01 %	https://pka.dk/ansvarlighed/ansvarlige-investeringer/politikker-og-rapporter
Pensionskassernes Administration a/s	Gilead sciences	2026	154.382.175,53	DKK	US3755581036	0,19 %	https://pka.dk/ansvarlighed/ansvarlige-investeringer/politikker-og-rapporter
Pensionskassernes Administration a/s	Givaudan	2026	37.293.723,58	DKK	CH0010645932	0,05 %	https://pka.dk/ansvarlighed/ansvarlige-investeringer/politikker-og-rapporter
Pensionskassernes Administration a/s	Gjensidige forsikring	2026	2.894.982,93	DKK	NO0010582521	0,00 %	https://pka.dk/ansvarlighed/ansvarlige-investeringer/politikker-og-rapporter
Pensionskassernes Administration a/s	Global payments	2026	15.717.878,38	DKK	US37940X1028	0,02 %	https://pka.dk/ansvarlighed/ansvarlige-investeringer/politikker-og-rapporter
Pensionskassernes Administration a/s	Global unichip corp	2026	4.773.575,19	DKK	TW0003443008	0,01 %	https://pka.dk/ansvarlighed/ansvarlige-investeringer/politikker-og-rapporter
Pensionskassernes Administration a/s	Gmr airports	2026	3.299.006,05	DKK	INE776C01039	0,00 %	https://pka.dk/ansvarlighed/ansvarlige-investeringer/politikker-og-rapporter
Pensionskassernes Administration a/s	Godrej consumer prdcts	2026	1.837.620,20	DKK	INE102D01028	0,00 %	https://pka.dk/ansvarlighed/ansvarlige-investeringer/politikker-og-rapporter
Pensionskassernes Administration a/s	Godrej properties	2026	1.365.839,05	DKK	INE484J01027	0,00 %	https://pka.dk/ansvarlighed/ansvarlige-investeringer/politikker-og-rapporter
Pensionskassernes Administration a/s	Gold circuit electronics	2026	4.348.004,04	DKK	TW0002368008	0,01 %	https://pka.dk/ansvarlighed/ansvarlige-investeringer/politikker-og-rapporter
Pensionskassernes Administration a/s	Gold fields	2026	14.702.507,12	DKK	ZAE000018123	0,02 %	https://pka.dk/ansvarlighed/ansvarlige-investeringer/politikker-og-rapporter
Pensionskassernes Administration a/s	Goldman sachs group	2026	303.928.668,53	DKK	US38141G1040	0,37 %	https://pka.dk/ansvarlighed/ansvarlige-investeringer/politikker-og-rapporter
Pensionskassernes Administration a/s	Goodman group	2026	44.198.324,33	DKK	AU000000GMG2	0,05 %	https://pka.dk/ansvarlighed/ansvarlige-investeringer/politikker-og-rapporter
Pensionskassernes Administration a/s	Goto gojek tokopedia	2026	1.097.829,00	DKK	ID1000166903	0,00 %	https://pka.dk/ansvarlighed/ansvarlige-investeringer/politikker-og-rapporter
Pensionskassernes Administration a/s	Grab holdings a	2026	7.199.975,54	DKK	KYG4124C1096	0,01 %	https://pka.dk/ansvarlighed/ansvarlige-investeringer/politikker-og-rapporter
Pensionskassernes Administration a/s	Graco	2026	10.215.415,95	DKK	US3841091040	0,01 %	https://pka.dk/ansvarlighed/ansvarlige-investeringer/politikker-og-rapporter
Pensionskassernes Administration a/s	Grainger (ww)	2026	56.880.253,22	DKK	US3848021040	0,07 %	https://pka.dk/ansvarlighed/ansvarlige-investeringer/politikker-og-rapporter
Pensionskassernes Administration a/s	Great-west lifeco	2026	10.024.360,95	DKK	CA39138C1068	0,01 %	https://pka.dk/ansvarlighed/ansvarlige-investeringer/politikker-og-rapporter
Pensionskassernes Administration a/s	Groupe bruxelles lambert	2026	4.661.351,07	DKK	BE0003797140	0,01 %	https://pka.dk/ansvarlighed/ansvarlige-investeringer/politikker-og-rapporter
Pensionskassernes Administration a/s	Grupo aerop pacifico b	2026	3.502.117,14	DKK	MX01GA000004	0,00 %	https://pka.dk/ansvarlighed/ansvarlige-investeringer/politikker-og-rapporter
Pensionskassernes Administration a/s	Grupo aeroportuario b	2026	638.600,59	DKK	MXP001661018	0,00 %	https://pka.dk/ansvarlighed/ansvarlige-investeringer/politikker-og-rapporter
Pensionskassernes Administration a/s	Grupo bimbo a	2026	4.928.723,66	DKK	MXP495211262	0,01 %	https://pka.dk/ansvarlighed/ansvarlige-investeringer/politikker-og-rapporter
Pensionskassernes Administration a/s	Grupo cibest pref	2026	4.991.490,85	DKK	COTK7PA00028	0,01 %	https://pka.dk/ansvarlighed/ansvarlige-investeringer/politikker-og-rapporter
Pensionskassernes Administration a/s	Grupo fin banorte o	2026	12.104.912,34	DKK	MXP370711014	0,01 %	https://pka.dk/ansvarlighed/ansvarlige-investeringer/politikker-og-rapporter
Pensionskassernes Administration a/s	Grupo mexico b	2026	14.679.924,24	DKK	MXP370841019	0,02 %	https://pka.dk/ansvarlighed/ansvarlige-investeringer/politikker-og-rapporter
Pensionskassernes Administration a/s	Gsk	2026	97.264.857,51	DKK	GB00BN7SWP63	0,12 %	https://pka.dk/ansvarlighed/ansvarlige-investeringer/politikker-og-rapporter
Pensionskassernes Administration a/s	H world group adr	2026	3.939.086,96	DKK	US44332N1063	0,00 %	https://pka.dk/ansvarlighed/ansvarlige-investeringer/politikker-og-rapporter
Pensionskassernes Administration a/s	Haier smart home a(hk-c)	2026	4.095.296,82	DKK	CNE000000CG9	0,00 %	https://pka.dk/ansvarlighed/ansvarlige-investeringer/politikker-og-rapporter
Pensionskassernes Administration a/s	Haleon	2026	33.534.843,07	DKK	GB00BMX86B70	0,04 %	https://pka.dk/ansvarlighed/ansvarlige-investeringer/politikker-og-rapporter
Pensionskassernes Administration a/s	Halma	2026	16.344.035,55	DKK	GB0004052071	0,02 %	https://pka.dk/ansvarlighed/ansvarlige-investeringer/politikker-og-rapporter
Pensionskassernes Administration a/s	Hana financial holdings	2026	8.969.714,47	DKK	KR7086790003	0,01 %	https://pka.dk/ansvarlighed/ansvarlige-investeringer/politikker-og-rapporter
Pensionskassernes Administration a/s	Hankook tire & tech	2026	2.939.548,20	DKK	KR7161390000	0,00 %	https://pka.dk/ansvarlighed/ansvarlige-investeringer/politikker-og-rapporter
Pensionskassernes Administration a/s	Hankyu hanshin holdings	2026	7.308.365,94	DKK	JP3774200004	0,01 %	https://pka.dk/ansvarlighed/ansvarlige-investeringer/politikker-og-rapporter
Pensionskassernes Administration a/s	Hanmi semiconductor co	2026	2.445.987,25	DKK	KR7042700005	0,00 %	https://pka.dk/ansvarlighed/ansvarlige-investeringer/politikker-og-rapporter
Pensionskassernes Administration a/s	Hannover rueck	2026	13.206.523,32	DKK	DE0008402215	0,02 %	https://pka.dk/ansvarlighed/ansvarlige-investeringer/politikker-og-rapporter
Pensionskassernes Administration a/s	Hansoh pharmaceutical	2026	2.249.317,60	DKK	KYG549581067	0,00 %	https://pka.dk/ansvarlighed/ansvarlige-investeringer/politikker-og-rapporter
Pensionskassernes Administration a/s	Hanwha ocean	2026	3.411.662,88	DKK	KR7042660001	0,00 %	https://pka.dk/ansvarlighed/ansvarlige-investeringer/politikker-og-rapporter
Pensionskassernes Administration a/s	Hanwha systems	2026	2.227.346,26	DKK	KR7272210006	0,00 %	https://pka.dk/ansvarlighed/ansvarlige-investeringer/politikker-og-rapporter
Pensionskassernes Administration a/s	Harmony gold mining co	2026	3.784.998,44	DKK	ZAE000015228	0,00 %	https://pka.dk/ansvarlighed/ansvarlige-investeringer/politikker-og-rapporter
Pensionskassernes Administration a/s	Hartford insurance group	2026	38.990.371,31	DKK	US4165151048	0,05 %	https://pka.dk/ansvarlighed/ansvarlige-investeringer/politikker-og-rapporter
Pensionskassernes Administration a/s	Hca holdings	2026	57.263.111,24	DKK	US40412C1018	0,07 %	https://pka.dk/ansvarlighed/ansvarlige-investeringer/politikker-og-rapporter
Pensionskassernes Administration a/s	Hcl technologies	2026	4.492.626,46	DKK	INE860A01027	0,01 %	https://pka.dk/ansvarlighed/ansvarlige-investeringer/politikker-og-rapporter
Pensionskassernes Administration a/s	Hd hyundai	2026	3.893.660,54	DKK	KR7267250009	0,00 %	https://pka.dk/ansvarlighed/ansvarlige-investeringer/politikker-og-rapporter
Pensionskassernes Administration a/s	Hd hyundai electric	2026	8.657.428,73	DKK	KR7267260008	0,01 %	https://pka.dk/ansvarlighed/ansvarlige-investeringer/politikker-og-rapporter
Pensionskassernes Administration a/s	Hd hyundai heavy ind	2026	3.182.671,04	DKK	KR7329180004	0,00 %	https://pka.dk/ansvarlighed/ansvarlige-investeringer/politikker-og-rapporter
Pensionskassernes Administration a/s	Hd korea shipbuilding	2026	4.568.710,96	DKK	KR7009540006	0,01 %	https://pka.dk/ansvarlighed/ansvarlige-investeringer/politikker-og-rapporter
Pensionskassernes Administration a/s	Hdfc asset management	2026	2.468.714,30	DKK	INE127D01025	0,00 %	https://pka.dk/ansvarlighed/ansvarlige-investeringer/politikker-og-rapporter
Pensionskassernes Administration a/s	Hdfc bank	2026	44.842.744,64	DKK	INE040A01034	0,05 %	https://pka.dk/ansvarlighed/ansvarlige-investeringer/politikker-og-rapporter
Pensionskassernes Administration a/s	Hdfc life insurance co	2026	2.991.347,56	DKK	INE795G01014	0,00 %	https://pka.dk/ansvarlighed/ansvarlige-investeringer/politikker-og-rapporter
Pensionskassernes Administration a/s	Heico corp	2026	14.205.244,98	DKK	US4228061093	0,02 %	https://pka.dk/ansvarlighed/ansvarlige-investeringer/politikker-og-rapporter
Pensionskassernes Administration a/s	Heico corp a	2026	14.397.263,90	DKK	US4228062083	0,02 %	https://pka.dk/ansvarlighed/ansvarlige-investeringer/politikker-og-rapporter
Pensionskassernes Administration a/s	Heineken holding	2026	14.279.134,17	DKK	NL0000008977	0,02 %	https://pka.dk/ansvarlighed/ansvarlige-investeringer/politikker-og-rapporter
Pensionskassernes Administration a/s	Heineken nv	2026	23.546.817,58	DKK	NL0000009165	0,03 %	https://pka.dk/ansvarlighed/ansvarlige-investeringer/politikker-og-rapporter
Pensionskassernes Administration a/s	Helvetia baloise holding	2026	15.790.220,88	DKK	CH0466642201	0,02 %	https://pka.dk/ansvarlighed/ansvarlige-investeringer/politikker-og-rapporter
Pensionskassernes Administration a/s	Henderson land dev	2026	3.986.672,25	DKK	HK0012000102	0,00 %	https://pka.dk/ansvarlighed/ansvarlige-investeringer/politikker-og-rapporter
Pensionskassernes Administration a/s	Henkel stamm	2026	9.485.757,12	DKK	DE0006048408	0,01 %	https://pka.dk/ansvarlighed/ansvarlige-investeringer/politikker-og-rapporter
Pensionskassernes Administration a/s	Henkel vorzug	2026	12.425.279,49	DKK	DE0006048432	0,02 %	https://pka.dk/ansvarlighed/ansvarlige-investeringer/politikker-og-rapporter
Pensionskassernes Administration a/s	Hennes & mauritz b	2026	8.614.022,92	DKK	SE0000106270	0,01 %	https://pka.dk/ansvarlighed/ansvarlige-investeringer/politikker-og-rapporter
Pensionskassernes Administration a/s	Hensoldt	2026	6.066.424,77	DKK	DE000HAG0005	0,01 %	https://pka.dk/ansvarlighed/ansvarlige-investeringer/politikker-og-rapporter
Pensionskassernes Administration a/s	Hermes international	2026	52.997.649,32	DKK	FR0000052292	0,06 %	https://pka.dk/ansvarlighed/ansvarlige-investeringer/politikker-og-rapporter
Pensionskassernes Administration a/s	Hero motocorp	2026	2.163.364,59	DKK	INE158A01026	0,00 %	https://pka.dk/ansvarlighed/ansvarlige-investeringer/politikker-og-rapporter
Pensionskassernes Administration a/s	Hershey co (the)	2026	29.544.623,59	DKK	US4278661081	0,04 %	https://pka.dk/ansvarlighed/ansvarlige-investeringer/politikker-og-rapporter
Pensionskassernes Administration a/s	Hexagon b	2026	18.377.919,55	DKK	SE0015961909	0,02 %	https://pka.dk/ansvarlighed/ansvarlige-investeringer/politikker-og-rapporter
Pensionskassernes Administration a/s	Hikari tsushin	2026	2.650.686,83	DKK	JP3783420007	0,00 %	https://pka.dk/ansvarlighed/ansvarlige-investeringer/politikker-og-rapporter
Pensionskassernes Administration a/s	Hilton worldwide hldgs	2026	72.832.903,84	DKK	US43300A2033	0,09 %	https://pka.dk/ansvarlighed/ansvarlige-investeringer/politikker-og-rapporter
Pensionskassernes Administration a/s	Hindalco industries	2026	4.751.632,74	DKK	INE038A01020	0,01 %	https://pka.dk/ansvarlighed/ansvarlige-investeringer/politikker-og-rapporter
Pensionskassernes Administration a/s	Hindustan petroleum corp	2026	1.999.032,30	DKK	INE094A01015	0,00 %	https://pka.dk/ansvarlighed/ansvarlige-investeringer/politikker-og-rapporter
Pensionskassernes Administration a/s	Hindustan unilever	2026	6.659.563,50	DKK	INE030A01027	0,01 %	https://pka.dk/ansvarlighed/ansvarlige-investeringer/politikker-og-rapporter
Pensionskassernes Administration a/s	Hitachi	2026	140.919.735,00	DKK	JP3788600009	0,17 %	https://pka.dk/ansvarlighed/ansvarlige-investeringer/politikker-og-rapporter
Pensionskassernes Administration a/s	Hkt trust and hkt	2026	4.089.078,07	DKK	HK0000093390	0,00 %	https://pka.dk/ansvarlighed/ansvarlige-investeringer/politikker-og-rapporter
Pensionskassernes Administration a/s	Hlb	2026	1.592.419,66	DKK	KR7028300002	0,00 %	https://pka.dk/ansvarlighed/ansvarlige-investeringer/politikker-og-rapporter
Pensionskassernes Administration a/s	Hochtief	2026	8.770.700,41	DKK	DE0006070006	0,01 %	https://pka.dk/ansvarlighed/ansvarlige-investeringer/politikker-og-rapporter
Pensionskassernes Administration a/s	Home depot	2026	297.317.254,00	DKK	US4370761029	0,36 %	https://pka.dk/ansvarlighed/ansvarlige-investeringer/politikker-og-rapporter
Pensionskassernes Administration a/s	Hon hai precision ind co	2026	44.183.309,50	DKK	TW0002317005	0,05 %	https://pka.dk/ansvarlighed/ansvarlige-investeringer/politikker-og-rapporter
Pensionskassernes Administration a/s	Honda motor co	2026	31.729.791,03	DKK	JP3854600008	0,04 %	https://pka.dk/ansvarlighed/ansvarlige-investeringer/politikker-og-rapporter
Pensionskassernes Administration a/s	Hongkong china gas	2026	16.268.549,48	DKK	HK0003000038	0,02 %	https://pka.dk/ansvarlighed/ansvarlige-investeringer/politikker-og-rapporter
Pensionskassernes Administration a/s	Hongkong exch & clearing	2026	50.035.455,04	DKK	HK0388045442	0,06 %	https://pka.dk/ansvarlighed/ansvarlige-investeringer/politikker-og-rapporter
Pensionskassernes Administration a/s	Hongkong land (usd)	2026	2.961.357,64	DKK	BMG4587L1090	0,00 %	https://pka.dk/ansvarlighed/ansvarlige-investeringer/politikker-og-rapporter
Pensionskassernes Administration a/s	Honprecision	2026	4.623.856,18	DKK	TW0007769002	0,01 %	https://pka.dk/ansvarlighed/ansvarlige-investeringer/politikker-og-rapporter
Pensionskassernes Administration a/s	Horizon robotics b	2026	1.211.431,28	DKK	KYG4602S1057	0,00 %	https://pka.dk/ansvarlighed/ansvarlige-investeringer/politikker-og-rapporter
Pensionskassernes Administration a/s	Horton (dr)	2026	37.549.754,92	DKK	US23331A1097	0,05 %	https://pka.dk/ansvarlighed/ansvarlige-investeringer/politikker-og-rapporter
Pensionskassernes Administration a/s	Howmet aerospace	2026	99.891.134,85	DKK	US4432011082	0,12 %	https://pka.dk/ansvarlighed/ansvarlige-investeringer/politikker-og-rapporter
Pensionskassernes Administration a/s	Hoya corp	2026	49.196.064,14	DKK	JP3837800006	0,06 %	https://pka.dk/ansvarlighed/ansvarlige-investeringer/politikker-og-rapporter
Pensionskassernes Administration a/s	Hp	2026	25.061.484,22	DKK	US40434L1052	0,03 %	https://pka.dk/ansvarlighed/ansvarlige-investeringer/politikker-og-rapporter
Pensionskassernes Administration a/s	Hsbc holdings (gb)	2026	305.754.758,30	DKK	GB0005405286	0,37 %	https://pka.dk/ansvarlighed/ansvarlige-investeringer/politikker-og-rapporter
Pensionskassernes Administration a/s	Hua hong sc (cn)	2026	6.000.544,24	DKK	HK0000218211	0,01 %	https://pka.dk/ansvarlighed/ansvarlige-investeringer/politikker-og-rapporter
Pensionskassernes Administration a/s	Huatai sec co a (hk-c)	2026	4.588.416,27	DKK	CNE100000LQ8	0,01 %	https://pka.dk/ansvarlighed/ansvarlige-investeringer/politikker-og-rapporter
Pensionskassernes Administration a/s	Hubbell	2026	24.578.437,97	DKK	US4435106079	0,03 %	https://pka.dk/ansvarlighed/ansvarlige-investeringer/politikker-og-rapporter
Pensionskassernes Administration a/s	Hulic co (new)	2026	3.131.806,48	DKK	JP3360800001	0,00 %	https://pka.dk/ansvarlighed/ansvarlige-investeringer/politikker-og-rapporter
Pensionskassernes Administration a/s	Humana	2026	39.988.089,25	DKK	US4448591028	0,05 %	https://pka.dk/ansvarlighed/ansvarlige-investeringer/politikker-og-rapporter
Pensionskassernes Administration a/s	Hunt (j.b.) transport	2026	20.680.349,63	DKK	US4456581077	0,03 %	https://pka.dk/ansvarlighed/ansvarlige-investeringer/politikker-og-rapporter
Pensionskassernes Administration a/s	Huntington bancshares	2026	31.391.633,83	DKK	US4461501045	0,04 %	https://pka.dk/ansvarlighed/ansvarlige-investeringer/politikker-og-rapporter
Pensionskassernes Administration a/s	Hyatt hotels a	2026	5.411.074,20	DKK	US4485791028	0,01 %	https://pka.dk/ansvarlighed/ansvarlige-investeringer/politikker-og-rapporter
Pensionskassernes Administration a/s	Hybe	2026	547.791,39	DKK	KR7352820005	0,00 %	https://pka.dk/ansvarlighed/ansvarlige-investeringer/politikker-og-rapporter
Pensionskassernes Administration a/s	Hydro one	2026	30.199.711,98	DKK	CA4488112083	0,04 %	https://pka.dk/ansvarlighed/ansvarlige-investeringer/politikker-og-rapporter
Pensionskassernes Administration a/s	Hygon info tech a (hk-c)	2026	2.634.964,31	DKK	CNE100005PT2	0,00 %	https://pka.dk/ansvarlighed/ansvarlige-investeringer/politikker-og-rapporter
Pensionskassernes Administration a/s	Hyosung heavy industries	2026	5.166.601,51	DKK	KR7298040007	0,01 %	https://pka.dk/ansvarlighed/ansvarlige-investeringer/politikker-og-rapporter
Pensionskassernes Administration a/s	Hyundai engr. & constr.	2026	2.354.738,30	DKK	KR7000720003	0,00 %	https://pka.dk/ansvarlighed/ansvarlige-investeringer/politikker-og-rapporter
Pensionskassernes Administration a/s	Hyundai mobis	2026	12.351.030,46	DKK	KR7012330007	0,02 %	https://pka.dk/ansvarlighed/ansvarlige-investeringer/politikker-og-rapporter
Pensionskassernes Administration a/s	Hyundai motor co	2026	28.524.386,43	DKK	KR7005380001	0,03 %	https://pka.dk/ansvarlighed/ansvarlige-investeringer/politikker-og-rapporter
Pensionskassernes Administration a/s	Hyundai motor co pref	2026	4.268.062,49	DKK	KR7005381009	0,01 %	https://pka.dk/ansvarlighed/ansvarlige-investeringer/politikker-og-rapporter
Pensionskassernes Administration a/s	Hyundai rotem	2026	4.231.283,04	DKK	KR7064350002	0,01 %	https://pka.dk/ansvarlighed/ansvarlige-investeringer/politikker-og-rapporter
Pensionskassernes Administration a/s	Ia financial corp	2026	8.194.632,23	DKK	CA45075E1043	0,01 %	https://pka.dk/ansvarlighed/ansvarlige-investeringer/politikker-og-rapporter
Pensionskassernes Administration a/s	Iberdrola	2026	154.564.981,88	DKK	ES0144580Y14	0,19 %	https://pka.dk/ansvarlighed/ansvarlige-investeringer/politikker-og-rapporter
Pensionskassernes Administration a/s	Ibiden co	2026	31.424.388,28	DKK	JP3148800000	0,04 %	https://pka.dk/ansvarlighed/ansvarlige-investeringer/politikker-og-rapporter
Pensionskassernes Administration a/s	Ibm corp	2026	283.026.269,27	DKK	US4592001014	0,35 %	https://pka.dk/ansvarlighed/ansvarlige-investeringer/politikker-og-rapporter
Pensionskassernes Administration a/s	Icbc a (hk-c)	2026	6.094.860,75	DKK	CNE000001P37	0,01 %	https://pka.dk/ansvarlighed/ansvarlige-investeringer/politikker-og-rapporter
Pensionskassernes Administration a/s	Icbc h	2026	18.089.378,70	DKK	CNE1000003G1	0,02 %	https://pka.dk/ansvarlighed/ansvarlige-investeringer/politikker-og-rapporter
Pensionskassernes Administration a/s	Icici bank	2026	26.268.514,73	DKK	INE090A01021	0,03 %	https://pka.dk/ansvarlighed/ansvarlige-investeringer/politikker-og-rapporter
Pensionskassernes Administration a/s	Icici lombard genl ins	2026	2.331.093,56	DKK	INE765G01017	0,00 %	https://pka.dk/ansvarlighed/ansvarlige-investeringer/politikker-og-rapporter
Pensionskassernes Administration a/s	Ictsi intl container	2026	4.051.048,30	DKK	PHY411571011	0,00 %	https://pka.dk/ansvarlighed/ansvarlige-investeringer/politikker-og-rapporter
Pensionskassernes Administration a/s	Idemitsu kosan co	2026	10.684.483,73	DKK	JP3142500002	0,01 %	https://pka.dk/ansvarlighed/ansvarlige-investeringer/politikker-og-rapporter
Pensionskassernes Administration a/s	Idex corp	2026	18.155.689,69	DKK	US45167R1041	0,02 %	https://pka.dk/ansvarlighed/ansvarlige-investeringer/politikker-og-rapporter
Pensionskassernes Administration a/s	Idexx laboratories	2026	42.271.252,90	DKK	US45168D1046	0,05 %	https://pka.dk/ansvarlighed/ansvarlige-investeringer/politikker-og-rapporter
Pensionskassernes Administration a/s	Idfc first bank	2026	6.084.564,01	DKK	INE092T01019	0,01 %	https://pka.dk/ansvarlighed/ansvarlige-investeringer/politikker-og-rapporter
Pensionskassernes Administration a/s	Iflytek co a (hk-c)	2026	2.457.917,53	DKK	CNE100000B81	0,00 %	https://pka.dk/ansvarlighed/ansvarlige-investeringer/politikker-og-rapporter
Pensionskassernes Administration a/s	Igm financial	2026	7.493.353,32	DKK	CA4495861060	0,01 %	https://pka.dk/ansvarlighed/ansvarlige-investeringer/politikker-og-rapporter
Pensionskassernes Administration a/s	Ihi corp	2026	18.282.030,53	DKK	JP3134800006	0,02 %	https://pka.dk/ansvarlighed/ansvarlige-investeringer/politikker-og-rapporter
Pensionskassernes Administration a/s	Illinois tool works	2026	70.088.376,14	DKK	US4523081093	0,09 %	https://pka.dk/ansvarlighed/ansvarlige-investeringer/politikker-og-rapporter
Pensionskassernes Administration a/s	Illumina	2026	23.494.988,05	DKK	US4523271090	0,03 %	https://pka.dk/ansvarlighed/ansvarlige-investeringer/politikker-og-rapporter
Pensionskassernes Administration a/s	Impala platinum holdings	2026	5.155.762,00	DKK	ZAE000083648	0,01 %	https://pka.dk/ansvarlighed/ansvarlige-investeringer/politikker-og-rapporter
Pensionskassernes Administration a/s	Incyte corp	2026	14.050.984,75	DKK	US45337C1027	0,02 %	https://pka.dk/ansvarlighed/ansvarlige-investeringer/politikker-og-rapporter
Pensionskassernes Administration a/s	Indian hotels co	2026	4.647.444,58	DKK	INE053A01029	0,01 %	https://pka.dk/ansvarlighed/ansvarlige-investeringer/politikker-og-rapporter
Pensionskassernes Administration a/s	Indian oil corp	2026	2.427.555,99	DKK	INE242A01010	0,00 %	https://pka.dk/ansvarlighed/ansvarlige-investeringer/politikker-og-rapporter
Pensionskassernes Administration a/s	Inditex	2026	58.818.587,39	DKK	ES0148396007	0,07 %	https://pka.dk/ansvarlighed/ansvarlige-investeringer/politikker-og-rapporter
Pensionskassernes Administration a/s	Indra sistemas a	2026	172.057,95	DKK	ES0118594417	0,00 %	https://pka.dk/ansvarlighed/ansvarlige-investeringer/politikker-og-rapporter
Pensionskassernes Administration a/s	Indusind bank	2026	3.825.582,91	DKK	INE095A01012	0,00 %	https://pka.dk/ansvarlighed/ansvarlige-investeringer/politikker-og-rapporter
Pensionskassernes Administration a/s	Industrias penoles cp	2026	2.578.568,69	DKK	MXP554091415	0,00 %	https://pka.dk/ansvarlighed/ansvarlige-investeringer/politikker-og-rapporter
Pensionskassernes Administration a/s	Industrivarden a	2026	1.139.979,96	DKK	SE0000190126	0,00 %	https://pka.dk/ansvarlighed/ansvarlige-investeringer/politikker-og-rapporter
Pensionskassernes Administration a/s	Industrivarden c	2026	14.604.541,75	DKK	SE0000107203	0,02 %	https://pka.dk/ansvarlighed/ansvarlige-investeringer/politikker-og-rapporter
Pensionskassernes Administration a/s	Indutrade	2026	2.657.442,31	DKK	SE0001515552	0,00 %	https://pka.dk/ansvarlighed/ansvarlige-investeringer/politikker-og-rapporter
Pensionskassernes Administration a/s	Infineon technologies	2026	118.287.258,51	DKK	DE0006231004	0,14 %	https://pka.dk/ansvarlighed/ansvarlige-investeringer/politikker-og-rapporter
Pensionskassernes Administration a/s	Info edge (india)	2026	1.720.904,12	DKK	INE663F01032	0,00 %	https://pka.dk/ansvarlighed/ansvarlige-investeringer/politikker-og-rapporter
Pensionskassernes Administration a/s	Infosys	2026	16.845.154,32	DKK	INE009A01021	0,02 %	https://pka.dk/ansvarlighed/ansvarlige-investeringer/politikker-og-rapporter
Pensionskassernes Administration a/s	Infratil	2026	10.060.653,36	DKK	NZIFTE0003S3	0,01 %	https://pka.dk/ansvarlighed/ansvarlige-investeringer/politikker-og-rapporter
Pensionskassernes Administration a/s	Ing groep	2026	87.529.192,13	DKK	NL0011821202	0,11 %	https://pka.dk/ansvarlighed/ansvarlige-investeringer/politikker-og-rapporter
Pensionskassernes Administration a/s	Ingersoll-rand	2026	30.171.449,46	DKK	US45687V1061	0,04 %	https://pka.dk/ansvarlighed/ansvarlige-investeringer/politikker-og-rapporter
Pensionskassernes Administration a/s	Innolux corp	2026	4.429.734,21	DKK	TW0003481008	0,01 %	https://pka.dk/ansvarlighed/ansvarlige-investeringer/politikker-og-rapporter
Pensionskassernes Administration a/s	Innovent biologics	2026	5.511.580,00	DKK	KYG4818G1010	0,01 %	https://pka.dk/ansvarlighed/ansvarlige-investeringer/politikker-og-rapporter
Pensionskassernes Administration a/s	Inpost	2026	6.688.371,92	DKK	LU2290522684	0,01 %	https://pka.dk/ansvarlighed/ansvarlige-investeringer/politikker-og-rapporter
Pensionskassernes Administration a/s	Insmed	2026	22.440.129,69	DKK	US4576693075	0,03 %	https://pka.dk/ansvarlighed/ansvarlige-investeringer/politikker-og-rapporter
Pensionskassernes Administration a/s	Insulet corp	2026	8.992.989,40	DKK	US45784P1012	0,01 %	https://pka.dk/ansvarlighed/ansvarlige-investeringer/politikker-og-rapporter
Pensionskassernes Administration a/s	Insurance australia grp	2026	14.617.877,19	DKK	AU000000IAG3	0,02 %	https://pka.dk/ansvarlighed/ansvarlige-investeringer/politikker-og-rapporter
Pensionskassernes Administration a/s	Intact financial	2026	29.012.228,49	DKK	CA45823T1066	0,04 %	https://pka.dk/ansvarlighed/ansvarlige-investeringer/politikker-og-rapporter
Pensionskassernes Administration a/s	Intel corp	2026	468.616.269,61	DKK	US4581401001	0,57 %	https://pka.dk/ansvarlighed/ansvarlige-investeringer/politikker-og-rapporter
Pensionskassernes Administration a/s	Interactive bkrs grp a	2026	40.358.031,55	DKK	US45841N1072	0,05 %	https://pka.dk/ansvarlighed/ansvarlige-investeringer/politikker-og-rapporter
Pensionskassernes Administration a/s	Intercontinental exch	2026	82.413.772,73	DKK	US45866F1049	0,10 %	https://pka.dk/ansvarlighed/ansvarlige-investeringer/politikker-og-rapporter
Pensionskassernes Administration a/s	Intercontinental hotels	2026	15.116.609,37	DKK	GB00BHJYC057	0,02 %	https://pka.dk/ansvarlighed/ansvarlige-investeringer/politikker-og-rapporter
Pensionskassernes Administration a/s	Interglobe aviation	2026	3.384.241,97	DKK	INE646L01027	0,00 %	https://pka.dk/ansvarlighed/ansvarlige-investeringer/politikker-og-rapporter
Pensionskassernes Administration a/s	Interregional distribution g	2026	0,01	DKK	RU000A0JPN96	0,00 %	https://pka.dk/ansvarlighed/ansvarlige-investeringer/politikker-og-rapporter
Pensionskassernes Administration a/s	Intertek group	2026	11.916.870,57	DKK	GB0031638363	0,01 %	https://pka.dk/ansvarlighed/ansvarlige-investeringer/politikker-og-rapporter
Pensionskassernes Administration a/s	Intesa sanpaolo	2026	91.281.314,84	DKK	IT0000072618	0,11 %	https://pka.dk/ansvarlighed/ansvarlige-investeringer/politikker-og-rapporter
Pensionskassernes Administration a/s	Intl airlines group	2026	3.044.136,84	DKK	ES0177542018	0,00 %	https://pka.dk/ansvarlighed/ansvarlige-investeringer/politikker-og-rapporter
Pensionskassernes Administration a/s	Intl flavors & fragrance	2026	19.973.392,06	DKK	US4595061015	0,02 %	https://pka.dk/ansvarlighed/ansvarlige-investeringer/politikker-og-rapporter
Pensionskassernes Administration a/s	Intl games system c	2026	1.892.612,32	DKK	TW0003293007	0,00 %	https://pka.dk/ansvarlighed/ansvarlige-investeringer/politikker-og-rapporter
Pensionskassernes Administration a/s	Intuit	2026	93.954.502,75	DKK	US4612021034	0,11 %	https://pka.dk/ansvarlighed/ansvarlige-investeringer/politikker-og-rapporter
Pensionskassernes Administration a/s	Intuitive surgical	2026	137.036.660,00	DKK	US46120E6023	0,17 %	https://pka.dk/ansvarlighed/ansvarlige-investeringer/politikker-og-rapporter
Pensionskassernes Administration a/s	Investor b	2026	65.936.244,19	DKK	SE0015811963	0,08 %	https://pka.dk/ansvarlighed/ansvarlige-investeringer/politikker-og-rapporter
Pensionskassernes Administration a/s	Invitation homes	2026	14.294.499,35	DKK	US46187W1071	0,02 %	https://pka.dk/ansvarlighed/ansvarlige-investeringer/politikker-og-rapporter
Pensionskassernes Administration a/s	Ionq	2026	18.904.477,79	DKK	US46222L1089	0,02 %	https://pka.dk/ansvarlighed/ansvarlige-investeringer/politikker-og-rapporter
Pensionskassernes Administration a/s	Ipsen	2026	4.993.935,67	DKK	FR0010259150	0,01 %	https://pka.dk/ansvarlighed/ansvarlige-investeringer/politikker-og-rapporter
Pensionskassernes Administration a/s	Iqvia holdings	2026	31.579.825,57	DKK	US46266C1053	0,04 %	https://pka.dk/ansvarlighed/ansvarlige-investeringer/politikker-og-rapporter
Pensionskassernes Administration a/s	Iren	2026	18.060.735,27	DKK	AU0000185993	0,02 %	https://pka.dk/ansvarlighed/ansvarlige-investeringer/politikker-og-rapporter
Pensionskassernes Administration a/s	Iron mountain	2026	38.913.141,77	DKK	US46284V1017	0,05 %	https://pka.dk/ansvarlighed/ansvarlige-investeringer/politikker-og-rapporter
Pensionskassernes Administration a/s	Isuzu motors	2026	3.157.332,26	DKK	JP3137200006	0,00 %	https://pka.dk/ansvarlighed/ansvarlige-investeringer/politikker-og-rapporter
Pensionskassernes Administration a/s	Italgas	2026	7.504.702,18	DKK	IT0005211237	0,01 %	https://pka.dk/ansvarlighed/ansvarlige-investeringer/politikker-og-rapporter
Pensionskassernes Administration a/s	Itau unibanco pn	2026	21.475.642,40	DKK	BRITUBACNPR1	0,03 %	https://pka.dk/ansvarlighed/ansvarlige-investeringer/politikker-og-rapporter
Pensionskassernes Administration a/s	Itochu corp	2026	64.204.804,94	DKK	JP3143600009	0,08 %	https://pka.dk/ansvarlighed/ansvarlige-investeringer/politikker-og-rapporter
Pensionskassernes Administration a/s	Ivanhoe mines a	2026	3.165.961,88	DKK	CA46579R1047	0,00 %	https://pka.dk/ansvarlighed/ansvarlige-investeringer/politikker-og-rapporter
Pensionskassernes Administration a/s	Jabil circuit	2026	38.562.023,55	DKK	US4663131039	0,05 %	https://pka.dk/ansvarlighed/ansvarlige-investeringer/politikker-og-rapporter
Pensionskassernes Administration a/s	Jacobs solutions	2026	18.076.649,30	DKK	US46982L1089	0,02 %	https://pka.dk/ansvarlighed/ansvarlige-investeringer/politikker-og-rapporter
Pensionskassernes Administration a/s	Japan exchange group	2026	9.763.511,40	DKK	JP3183200009	0,01 %	https://pka.dk/ansvarlighed/ansvarlige-investeringer/politikker-og-rapporter
Pensionskassernes Administration a/s	Japan post bank co	2026	29.750.934,89	DKK	JP3946750001	0,04 %	https://pka.dk/ansvarlighed/ansvarlige-investeringer/politikker-og-rapporter
Pensionskassernes Administration a/s	Japan post holdings co	2026	20.956.660,26	DKK	JP3752900005	0,03 %	https://pka.dk/ansvarlighed/ansvarlige-investeringer/politikker-og-rapporter
Pensionskassernes Administration a/s	Japan post insurance co	2026	1.104.197,74	DKK	JP3233250004	0,00 %	https://pka.dk/ansvarlighed/ansvarlige-investeringer/politikker-og-rapporter
Pensionskassernes Administration a/s	Jarir marketing co	2026	4.674.653,01	DKK	SA000A0BLA62	0,01 %	https://pka.dk/ansvarlighed/ansvarlige-investeringer/politikker-og-rapporter
Pensionskassernes Administration a/s	Jd health international	2026	2.836.971,03	DKK	KYG5074A1004	0,00 %	https://pka.dk/ansvarlighed/ansvarlige-investeringer/politikker-og-rapporter
Pensionskassernes Administration a/s	Jd logistics	2026	1.771.204,64	DKK	KYG5074S1012	0,00 %	https://pka.dk/ansvarlighed/ansvarlige-investeringer/politikker-og-rapporter
Pensionskassernes Administration a/s	Jd.com (hk)	2026	14.380.552,16	DKK	KYG8208B1014	0,02 %	https://pka.dk/ansvarlighed/ansvarlige-investeringer/politikker-og-rapporter
Pensionskassernes Administration a/s	Jentech precision indl	2026	3.937.814,98	DKK	TW0003653002	0,00 %	https://pka.dk/ansvarlighed/ansvarlige-investeringer/politikker-og-rapporter
Pensionskassernes Administration a/s	Jeronimo martins sgps	2026	6.140.841,94	DKK	PTJMT0AE0001	0,01 %	https://pka.dk/ansvarlighed/ansvarlige-investeringer/politikker-og-rapporter
Pensionskassernes Administration a/s	Jfe holdings	2026	197.061,66	DKK	JP3386030005	0,00 %	https://pka.dk/ansvarlighed/ansvarlige-investeringer/politikker-og-rapporter
Pensionskassernes Administration a/s	Jiangxi copper co h	2026	6.621.135,65	DKK	CNE1000003K3	0,01 %	https://pka.dk/ansvarlighed/ansvarlige-investeringer/politikker-og-rapporter
Pensionskassernes Administration a/s	Jio financial services	2026	2.660.876,99	DKK	INE758E01017	0,00 %	https://pka.dk/ansvarlighed/ansvarlige-investeringer/politikker-og-rapporter
Pensionskassernes Administration a/s	Johnson controls (new)	2026	84.270.709,20	DKK	IE00BY7QL619	0,10 %	https://pka.dk/ansvarlighed/ansvarlige-investeringer/politikker-og-rapporter
Pensionskassernes Administration a/s	Jpmorgan chase & co	2026	764.812.868,14	DKK	US46625H1005	0,93 %	https://pka.dk/ansvarlighed/ansvarlige-investeringer/politikker-og-rapporter
Pensionskassernes Administration a/s	Julius baer group	2026	14.767.572,22	DKK	CH0102484968	0,02 %	https://pka.dk/ansvarlighed/ansvarlige-investeringer/politikker-og-rapporter
Pensionskassernes Administration a/s	Jx advanced metals	2026	13.976.661,98	DKK	JP3379550001	0,02 %	https://pka.dk/ansvarlighed/ansvarlige-investeringer/politikker-og-rapporter
Pensionskassernes Administration a/s	Kajima corp	2026	13.917.120,61	DKK	JP3210200006	0,02 %	https://pka.dk/ansvarlighed/ansvarlige-investeringer/politikker-og-rapporter
Pensionskassernes Administration a/s	Kakao corp	2026	4.116.490,11	DKK	KR7035720002	0,01 %	https://pka.dk/ansvarlighed/ansvarlige-investeringer/politikker-og-rapporter
Pensionskassernes Administration a/s	Kansai electric power co	2026	14.332.047,62	DKK	JP3228600007	0,02 %	https://pka.dk/ansvarlighed/ansvarlige-investeringer/politikker-og-rapporter
Pensionskassernes Administration a/s	Kanzhun a adr	2026	1.737.797,74	DKK	US48553T1060	0,00 %	https://pka.dk/ansvarlighed/ansvarlige-investeringer/politikker-og-rapporter
Pensionskassernes Administration a/s	Kao corp	2026	18.083.998,52	DKK	JP3205800000	0,02 %	https://pka.dk/ansvarlighed/ansvarlige-investeringer/politikker-og-rapporter
Pensionskassernes Administration a/s	Kawasaki heavy ind	2026	12.741.571,04	DKK	JP3224200000	0,02 %	https://pka.dk/ansvarlighed/ansvarlige-investeringer/politikker-og-rapporter
Pensionskassernes Administration a/s	Kawasaki kisen kaisha	2026	2.321.626,43	DKK	JP3223800008	0,00 %	https://pka.dk/ansvarlighed/ansvarlige-investeringer/politikker-og-rapporter
Pensionskassernes Administration a/s	Kb financial group	2026	16.238.007,83	DKK	KR7105560007	0,02 %	https://pka.dk/ansvarlighed/ansvarlige-investeringer/politikker-og-rapporter
Pensionskassernes Administration a/s	Kbc groupe	2026	27.511.541,77	DKK	BE0003565737	0,03 %	https://pka.dk/ansvarlighed/ansvarlige-investeringer/politikker-og-rapporter
Pensionskassernes Administration a/s	Kddi	2026	51.175.003,23	DKK	JP3496400007	0,06 %	https://pka.dk/ansvarlighed/ansvarlige-investeringer/politikker-og-rapporter
Pensionskassernes Administration a/s	Ke holdings inc-adr	2026	4.233.007,00	DKK	US4824971042	0,01 %	https://pka.dk/ansvarlighed/ansvarlige-investeringer/politikker-og-rapporter
Pensionskassernes Administration a/s	Kenvue	2026	33.050.288,82	DKK	US49177J1025	0,04 %	https://pka.dk/ansvarlighed/ansvarlige-investeringer/politikker-og-rapporter
Pensionskassernes Administration a/s	Keppel	2026	21.761.969,25	DKK	SG1U68934629	0,03 %	https://pka.dk/ansvarlighed/ansvarlige-investeringer/politikker-og-rapporter
Pensionskassernes Administration a/s	Keppel reit	2026	13.576,41	DKK	SG1T22929874	0,00 %	https://pka.dk/ansvarlighed/ansvarlige-investeringer/politikker-og-rapporter
Pensionskassernes Administration a/s	Kering	2026	21.002.100,31	DKK	FR0000121485	0,03 %	https://pka.dk/ansvarlighed/ansvarlige-investeringer/politikker-og-rapporter
Pensionskassernes Administration a/s	Kerry group a	2026	9.065.334,09	DKK	IE0004906560	0,01 %	https://pka.dk/ansvarlighed/ansvarlige-investeringer/politikker-og-rapporter
Pensionskassernes Administration a/s	Kesko b	2026	8.265.804,60	DKK	FI0009000202	0,01 %	https://pka.dk/ansvarlighed/ansvarlige-investeringer/politikker-og-rapporter
Pensionskassernes Administration a/s	Keurig dr pepper	2026	37.930.387,40	DKK	US49271V1008	0,05 %	https://pka.dk/ansvarlighed/ansvarlige-investeringer/politikker-og-rapporter
Pensionskassernes Administration a/s	Keycorp	2026	21.186.975,70	DKK	US4932671088	0,03 %	https://pka.dk/ansvarlighed/ansvarlige-investeringer/politikker-og-rapporter
Pensionskassernes Administration a/s	Keyence corp	2026	93.370.015,83	DKK	JP3236200006	0,11 %	https://pka.dk/ansvarlighed/ansvarlige-investeringer/politikker-og-rapporter
Pensionskassernes Administration a/s	Keyera	2026	20.508.622,58	DKK	CA4932711001	0,03 %	https://pka.dk/ansvarlighed/ansvarlige-investeringer/politikker-og-rapporter
Pensionskassernes Administration a/s	Keysight technologies	2026	58.774.043,16	DKK	US49338L1035	0,07 %	https://pka.dk/ansvarlighed/ansvarlige-investeringer/politikker-og-rapporter
Pensionskassernes Administration a/s	Kghm polska miedz	2026	5.937.409,11	DKK	PLKGHM000017	0,01 %	https://pka.dk/ansvarlighed/ansvarlige-investeringer/politikker-og-rapporter
Pensionskassernes Administration a/s	Kgi financial holding co	2026	5.039.041,55	DKK	TW0002883006	0,01 %	https://pka.dk/ansvarlighed/ansvarlige-investeringer/politikker-og-rapporter
Pensionskassernes Administration a/s	Kia corp	2026	13.252.602,07	DKK	KR7000270009	0,02 %	https://pka.dk/ansvarlighed/ansvarlige-investeringer/politikker-og-rapporter
Pensionskassernes Administration a/s	Kikkoman corp	2026	3.367.744,76	DKK	JP3240400006	0,00 %	https://pka.dk/ansvarlighed/ansvarlige-investeringer/politikker-og-rapporter
Pensionskassernes Administration a/s	Kimberly-clark corp	2026	30.947.043,50	DKK	US4943681035	0,04 %	https://pka.dk/ansvarlighed/ansvarlige-investeringer/politikker-og-rapporter
Pensionskassernes Administration a/s	Kimberly-clark mexico a	2026	2.937.395,98	DKK	MXP606941179	0,00 %	https://pka.dk/ansvarlighed/ansvarlige-investeringer/politikker-og-rapporter
Pensionskassernes Administration a/s	Kimco realty corp	2026	13.871.295,48	DKK	US49446R1095	0,02 %	https://pka.dk/ansvarlighed/ansvarlige-investeringer/politikker-og-rapporter
Pensionskassernes Administration a/s	Kinder morgan p	2026	57.936.078,11	DKK	US49456B1017	0,07 %	https://pka.dk/ansvarlighed/ansvarlige-investeringer/politikker-og-rapporter
Pensionskassernes Administration a/s	King slide works co	2026	3.208.703,92	DKK	TW0002059003	0,00 %	https://pka.dk/ansvarlighed/ansvarlige-investeringer/politikker-og-rapporter
Pensionskassernes Administration a/s	King yuan electronics co	2026	3.456.663,21	DKK	TW0002449006	0,00 %	https://pka.dk/ansvarlighed/ansvarlige-investeringer/politikker-og-rapporter
Pensionskassernes Administration a/s	Kingdee intl software	2026	1.916.555,97	DKK	KYG525681477	0,00 %	https://pka.dk/ansvarlighed/ansvarlige-investeringer/politikker-og-rapporter
Pensionskassernes Administration a/s	Kingfisher	2026	7.800.780,51	DKK	GB0033195214	0,01 %	https://pka.dk/ansvarlighed/ansvarlige-investeringer/politikker-og-rapporter
Pensionskassernes Administration a/s	Kingsoft	2026	1.748.041,01	DKK	KYG5264Y1089	0,00 %	https://pka.dk/ansvarlighed/ansvarlige-investeringer/politikker-og-rapporter
Pensionskassernes Administration a/s	Kingspan group	2026	9.135.659,26	DKK	IE0004927939	0,01 %	https://pka.dk/ansvarlighed/ansvarlige-investeringer/politikker-og-rapporter
Pensionskassernes Administration a/s	Kinross gold corp	2026	35.926.024,67	DKK	CA4969024047	0,04 %	https://pka.dk/ansvarlighed/ansvarlige-investeringer/politikker-og-rapporter
Pensionskassernes Administration a/s	Kioxia holdings	2026	137.818.315,41	DKK	JP3236330001	0,17 %	https://pka.dk/ansvarlighed/ansvarlige-investeringer/politikker-og-rapporter
Pensionskassernes Administration a/s	Kirin holdings co	2026	17.255.481,29	DKK	JP3258000003	0,02 %	https://pka.dk/ansvarlighed/ansvarlige-investeringer/politikker-og-rapporter
Pensionskassernes Administration a/s	Kkr & co a	2026	55.781.014,08	DKK	US48251W1045	0,07 %	https://pka.dk/ansvarlighed/ansvarlige-investeringer/politikker-og-rapporter
Pensionskassernes Administration a/s	Kla corporation	2026	244.670.991,12	DKK	US4824801009	0,30 %	https://pka.dk/ansvarlighed/ansvarlige-investeringer/politikker-og-rapporter
Pensionskassernes Administration a/s	Klepierre	2026	7.863.193,71	DKK	FR0000121964	0,01 %	https://pka.dk/ansvarlighed/ansvarlige-investeringer/politikker-og-rapporter
Pensionskassernes Administration a/s	Knorr-bremse	2026	4.942.182,03	DKK	DE000KBX1006	0,01 %	https://pka.dk/ansvarlighed/ansvarlige-investeringer/politikker-og-rapporter
Pensionskassernes Administration a/s	Komatsu	2026	39.946.006,41	DKK	JP3304200003	0,05 %	https://pka.dk/ansvarlighed/ansvarlige-investeringer/politikker-og-rapporter
Pensionskassernes Administration a/s	Konami group corp	2026	11.023.975,04	DKK	JP3300200007	0,01 %	https://pka.dk/ansvarlighed/ansvarlige-investeringer/politikker-og-rapporter
Pensionskassernes Administration a/s	Kone b	2026	17.315.630,00	DKK	FI0009013403	0,02 %	https://pka.dk/ansvarlighed/ansvarlige-investeringer/politikker-og-rapporter
Pensionskassernes Administration a/s	Kongsberg gruppen	2026	15.645.017,72	DKK	NO0013536151	0,02 %	https://pka.dk/ansvarlighed/ansvarlige-investeringer/politikker-og-rapporter
Pensionskassernes Administration a/s	Koninklijke kpn	2026	15.917.268,51	DKK	NL0000009082	0,02 %	https://pka.dk/ansvarlighed/ansvarlige-investeringer/politikker-og-rapporter
Pensionskassernes Administration a/s	Koninklijke philips	2026	23.148.674,99	DKK	NL0000009538	0,03 %	https://pka.dk/ansvarlighed/ansvarlige-investeringer/politikker-og-rapporter
Pensionskassernes Administration a/s	Kotak mahindra bank	2026	11.781.426,53	DKK	INE237A01036	0,01 %	https://pka.dk/ansvarlighed/ansvarlige-investeringer/politikker-og-rapporter
Pensionskassernes Administration a/s	Kraft heinz co	2026	19.197.711,87	DKK	US5007541064	0,02 %	https://pka.dk/ansvarlighed/ansvarlige-investeringer/politikker-og-rapporter
Pensionskassernes Administration a/s	Krafton	2026	1.811.819,76	DKK	KR7259960003	0,00 %	https://pka.dk/ansvarlighed/ansvarlige-investeringer/politikker-og-rapporter
Pensionskassernes Administration a/s	Kroger co	2026	40.120.839,30	DKK	US5010441013	0,05 %	https://pka.dk/ansvarlighed/ansvarlige-investeringer/politikker-og-rapporter
Pensionskassernes Administration a/s	Kuaishou technology b	2026	7.521.796,79	DKK	KYG532631028	0,01 %	https://pka.dk/ansvarlighed/ansvarlige-investeringer/politikker-og-rapporter
Pensionskassernes Administration a/s	Kubota corp	2026	19.073.015,45	DKK	JP3266400005	0,02 %	https://pka.dk/ansvarlighed/ansvarlige-investeringer/politikker-og-rapporter
Pensionskassernes Administration a/s	Kuehne & nagel intl	2026	11.441.926,24	DKK	CH0025238863	0,01 %	https://pka.dk/ansvarlighed/ansvarlige-investeringer/politikker-og-rapporter
Pensionskassernes Administration a/s	Kunlun energy	2026	3.040.082,03	DKK	BMG5320C1082	0,00 %	https://pka.dk/ansvarlighed/ansvarlige-investeringer/politikker-og-rapporter
Pensionskassernes Administration a/s	Kuwait finance house	2026	9.701.889,16	DKK	KW0EQ0100085	0,01 %	https://pka.dk/ansvarlighed/ansvarlige-investeringer/politikker-og-rapporter
Pensionskassernes Administration a/s	Kweichow moutai a (hk-c)	2026	7.471.990,79	DKK	CNE0000018R8	0,01 %	https://pka.dk/ansvarlighed/ansvarlige-investeringer/politikker-og-rapporter
Pensionskassernes Administration a/s	Kyocera corp	2026	22.926.660,74	DKK	JP3249600002	0,03 %	https://pka.dk/ansvarlighed/ansvarlige-investeringer/politikker-og-rapporter
Pensionskassernes Administration a/s	Kyowa kirin co	2026	4.285.557,53	DKK	JP3256000005	0,01 %	https://pka.dk/ansvarlighed/ansvarlige-investeringer/politikker-og-rapporter
Pensionskassernes Administration a/s	Labcorp holdings	2026	19.433.356,10	DKK	US5049221055	0,02 %	https://pka.dk/ansvarlighed/ansvarlige-investeringer/politikker-og-rapporter
Pensionskassernes Administration a/s	Lam research corp	2026	381.967.289,87	DKK	US5128073062	0,47 %	https://pka.dk/ansvarlighed/ansvarlige-investeringer/politikker-og-rapporter
Pensionskassernes Administration a/s	Land securities group	2026	10.349.177,10	DKK	GB00BYW0PQ60	0,01 %	https://pka.dk/ansvarlighed/ansvarlige-investeringer/politikker-og-rapporter
Pensionskassernes Administration a/s	Largan precision co	2026	3.932.687,61	DKK	TW0003008009	0,00 %	https://pka.dk/ansvarlighed/ansvarlige-investeringer/politikker-og-rapporter
Pensionskassernes Administration a/s	Las vegas sands corp	2026	19.164.964,65	DKK	US5178341070	0,02 %	https://pka.dk/ansvarlighed/ansvarlige-investeringer/politikker-og-rapporter
Pensionskassernes Administration a/s	Lasertec corp	2026	20.248.982,20	DKK	JP3979200007	0,02 %	https://pka.dk/ansvarlighed/ansvarlige-investeringer/politikker-og-rapporter
Pensionskassernes Administration a/s	Latour investment b	2026	1.497.057,14	DKK	SE0010100958	0,00 %	https://pka.dk/ansvarlighed/ansvarlige-investeringer/politikker-og-rapporter
Pensionskassernes Administration a/s	Legal & general group	2026	23.354.031,75	DKK	GB0005603997	0,03 %	https://pka.dk/ansvarlighed/ansvarlige-investeringer/politikker-og-rapporter
Pensionskassernes Administration a/s	Legrand	2026	44.836.071,69	DKK	FR0010307819	0,05 %	https://pka.dk/ansvarlighed/ansvarlige-investeringer/politikker-og-rapporter
Pensionskassernes Administration a/s	Lennar corp a	2026	16.623.934,01	DKK	US5260571048	0,02 %	https://pka.dk/ansvarlighed/ansvarlige-investeringer/politikker-og-rapporter
Pensionskassernes Administration a/s	Lennox international	2026	13.432.036,33	DKK	US5261071071	0,02 %	https://pka.dk/ansvarlighed/ansvarlige-investeringer/politikker-og-rapporter
Pensionskassernes Administration a/s	Lenovo group	2026	14.981.601,26	DKK	HK0992009065	0,02 %	https://pka.dk/ansvarlighed/ansvarlige-investeringer/politikker-og-rapporter
Pensionskassernes Administration a/s	Lg chem	2026	4.896.905,52	DKK	KR7051910008	0,01 %	https://pka.dk/ansvarlighed/ansvarlige-investeringer/politikker-og-rapporter
Pensionskassernes Administration a/s	Lg corp (new)	2026	5.153.546,52	DKK	KR7003550001	0,01 %	https://pka.dk/ansvarlighed/ansvarlige-investeringer/politikker-og-rapporter
Pensionskassernes Administration a/s	Lg electronics (new)	2026	19.076.565,22	DKK	KR7066570003	0,02 %	https://pka.dk/ansvarlighed/ansvarlige-investeringer/politikker-og-rapporter
Pensionskassernes Administration a/s	Lg energy solution	2026	5.771.507,96	DKK	KR7373220003	0,01 %	https://pka.dk/ansvarlighed/ansvarlige-investeringer/politikker-og-rapporter
Pensionskassernes Administration a/s	Li auto (hk)	2026	3.532.350,09	DKK	KYG5479M1050	0,00 %	https://pka.dk/ansvarlighed/ansvarlige-investeringer/politikker-og-rapporter
Pensionskassernes Administration a/s	Li ning co	2026	2.739.538,52	DKK	KYG5496K1242	0,00 %	https://pka.dk/ansvarlighed/ansvarlige-investeringer/politikker-og-rapporter
Pensionskassernes Administration a/s	Liberty formula one c	2026	20.041.938,28	DKK	US5312297550	0,02 %	https://pka.dk/ansvarlighed/ansvarlige-investeringer/politikker-og-rapporter
Pensionskassernes Administration a/s	Lifco b	2026	5.537.725,44	DKK	SE0015949201	0,01 %	https://pka.dk/ansvarlighed/ansvarlige-investeringer/politikker-og-rapporter
Pensionskassernes Administration a/s	Lilly (eli) & company	2026	838.253.834,39	DKK	US5324571083	1,02 %	https://pka.dk/ansvarlighed/ansvarlige-investeringer/politikker-og-rapporter
Pensionskassernes Administration a/s	Linde (new)	2026	210.783.141,58	DKK	IE000S9YS762	0,26 %	https://pka.dk/ansvarlighed/ansvarlige-investeringer/politikker-og-rapporter
Pensionskassernes Administration a/s	Lindt & spruengli namen	2026	8.512.508,80	DKK	CH0010570759	0,01 %	https://pka.dk/ansvarlighed/ansvarlige-investeringer/politikker-og-rapporter
Pensionskassernes Administration a/s	Lindt & spruengli part	2026	14.291.970,53	DKK	CH0010570767	0,02 %	https://pka.dk/ansvarlighed/ansvarlige-investeringer/politikker-og-rapporter
Pensionskassernes Administration a/s	Link reit	2026	13.665.777,80	DKK	HK0823032773	0,02 %	https://pka.dk/ansvarlighed/ansvarlige-investeringer/politikker-og-rapporter
Pensionskassernes Administration a/s	Lite-on technology corp	2026	5.386.602,74	DKK	TW0002301009	0,01 %	https://pka.dk/ansvarlighed/ansvarlige-investeringer/politikker-og-rapporter
Pensionskassernes Administration a/s	Live nation entmt	2026	27.051.619,13	DKK	US5380341090	0,03 %	https://pka.dk/ansvarlighed/ansvarlige-investeringer/politikker-og-rapporter
Pensionskassernes Administration a/s	Lloyds banking group	2026	76.563.686,33	DKK	GB0008706128	0,09 %	https://pka.dk/ansvarlighed/ansvarlige-investeringer/politikker-og-rapporter
Pensionskassernes Administration a/s	Loblaw	2026	25.352.893,99	DKK	CA5394811015	0,03 %	https://pka.dk/ansvarlighed/ansvarlige-investeringer/politikker-og-rapporter
Pensionskassernes Administration a/s	Localiza rent a car on	2026	3.121.274,84	DKK	BRRENTACNOR4	0,00 %	https://pka.dk/ansvarlighed/ansvarlige-investeringer/politikker-og-rapporter
Pensionskassernes Administration a/s	Lodha developers	2026	1.157.813,75	DKK	INE670K01029	0,00 %	https://pka.dk/ansvarlighed/ansvarlige-investeringer/politikker-og-rapporter
Pensionskassernes Administration a/s	Loews corp	2026	17.158.536,99	DKK	US5404241086	0,02 %	https://pka.dk/ansvarlighed/ansvarlige-investeringer/politikker-og-rapporter
Pensionskassernes Administration a/s	Logitech	2026	20.002.637,06	DKK	CH0025751329	0,02 %	https://pka.dk/ansvarlighed/ansvarlige-investeringer/politikker-og-rapporter
Pensionskassernes Administration a/s	London stock exchange	2026	50.571.603,81	DKK	GB00B0SWJX34	0,06 %	https://pka.dk/ansvarlighed/ansvarlige-investeringer/politikker-og-rapporter
Pensionskassernes Administration a/s	Longfor group holdings	2026	422.417,96	DKK	KYG5635P1090	0,00 %	https://pka.dk/ansvarlighed/ansvarlige-investeringer/politikker-og-rapporter
Pensionskassernes Administration a/s	Longi green ener a(hk-c)	2026	3.191.804,42	DKK	CNE100001FR6	0,00 %	https://pka.dk/ansvarlighed/ansvarlige-investeringer/politikker-og-rapporter
Pensionskassernes Administration a/s	Lonza group	2026	39.542.596,35	DKK	CH0013841017	0,05 %	https://pka.dk/ansvarlighed/ansvarlige-investeringer/politikker-og-rapporter
Pensionskassernes Administration a/s	L'oreal	2026	104.627.253,72	DKK	FR0000120321	0,13 %	https://pka.dk/ansvarlighed/ansvarlige-investeringer/politikker-og-rapporter
Pensionskassernes Administration a/s	Lotes co	2026	2.194.511,47	DKK	TW0003533006	0,00 %	https://pka.dk/ansvarlighed/ansvarlige-investeringer/politikker-og-rapporter
Pensionskassernes Administration a/s	Lotus bakeries	2026	2.678.335,01	DKK	BE0003604155	0,00 %	https://pka.dk/ansvarlighed/ansvarlige-investeringer/politikker-og-rapporter
Pensionskassernes Administration a/s	Lowe's cos	2026	110.316.009,73	DKK	US5486611073	0,13 %	https://pka.dk/ansvarlighed/ansvarlige-investeringer/politikker-og-rapporter
Pensionskassernes Administration a/s	Lpl financial holdings	2026	22.756.093,15	DKK	US50212V1008	0,03 %	https://pka.dk/ansvarlighed/ansvarlige-investeringer/politikker-og-rapporter
Pensionskassernes Administration a/s	Lpp	2026	2.884.494,74	DKK	PLLPP0000011	0,00 %	https://pka.dk/ansvarlighed/ansvarlige-investeringer/politikker-og-rapporter
Pensionskassernes Administration a/s	Ls electric	2026	3.785.310,85	DKK	KR7010120004	0,00 %	https://pka.dk/ansvarlighed/ansvarlige-investeringer/politikker-og-rapporter
Pensionskassernes Administration a/s	Ltm	2026	404.636,46	DKK	INE214T01019	0,00 %	https://pka.dk/ansvarlighed/ansvarlige-investeringer/politikker-og-rapporter
Pensionskassernes Administration a/s	Lufthansa	2026	3.963.233,91	DKK	DE0008232125	0,00 %	https://pka.dk/ansvarlighed/ansvarlige-investeringer/politikker-og-rapporter
Pensionskassernes Administration a/s	Lululemon athletica	2026	14.861.478,73	DKK	US5500211090	0,02 %	https://pka.dk/ansvarlighed/ansvarlige-investeringer/politikker-og-rapporter
Pensionskassernes Administration a/s	Lumentum holdings	2026	62.581.179,55	DKK	US55024U1097	0,08 %	https://pka.dk/ansvarlighed/ansvarlige-investeringer/politikker-og-rapporter
Pensionskassernes Administration a/s	Lundbergforetagen b	2026	2.242.328,86	DKK	SE0000108847	0,00 %	https://pka.dk/ansvarlighed/ansvarlige-investeringer/politikker-og-rapporter
Pensionskassernes Administration a/s	Lundin gold	2026	8.620.135,86	DKK	CA5503711080	0,01 %	https://pka.dk/ansvarlighed/ansvarlige-investeringer/politikker-og-rapporter
Pensionskassernes Administration a/s	Lundin mining corp	2026	25.603.292,27	DKK	CA5503721063	0,03 %	https://pka.dk/ansvarlighed/ansvarlige-investeringer/politikker-og-rapporter
Pensionskassernes Administration a/s	Lupin	2026	526.842,04	DKK	INE326A01037	0,00 %	https://pka.dk/ansvarlighed/ansvarlige-investeringer/politikker-og-rapporter
Pensionskassernes Administration a/s	Lvmh moet hennessy	2026	129.606.043,66	DKK	FR0000121014	0,16 %	https://pka.dk/ansvarlighed/ansvarlige-investeringer/politikker-og-rapporter
Pensionskassernes Administration a/s	Ly corporation	2026	8.667.922,20	DKK	JP3933800009	0,01 %	https://pka.dk/ansvarlighed/ansvarlige-investeringer/politikker-og-rapporter
Pensionskassernes Administration a/s	Lynas rare earths	2026	11.510.699,16	DKK	AU000000LYC6	0,01 %	https://pka.dk/ansvarlighed/ansvarlige-investeringer/politikker-og-rapporter
Pensionskassernes Administration a/s	Lyondellbasell inds a	2026	16.804.909,99	DKK	NL0009434992	0,02 %	https://pka.dk/ansvarlighed/ansvarlige-investeringer/politikker-og-rapporter
Pensionskassernes Administration a/s	M & t bank corp	2026	31.968.252,75	DKK	US55261F1049	0,04 %	https://pka.dk/ansvarlighed/ansvarlige-investeringer/politikker-og-rapporter
Pensionskassernes Administration a/s	M&g	2026	4.576.724,37	DKK	GB00BKFB1C65	0,01 %	https://pka.dk/ansvarlighed/ansvarlige-investeringer/politikker-og-rapporter
Pensionskassernes Administration a/s	Macquarie group	2026	57.321.680,51	DKK	AU000000MQG1	0,07 %	https://pka.dk/ansvarlighed/ansvarlige-investeringer/politikker-og-rapporter
Pensionskassernes Administration a/s	Magna international	2026	13.588.370,78	DKK	CA5592224011	0,02 %	https://pka.dk/ansvarlighed/ansvarlige-investeringer/politikker-og-rapporter
Pensionskassernes Administration a/s	Magnum ice cream co(the)	2026	6.682.916,65	DKK	NL0015002MS2	0,01 %	https://pka.dk/ansvarlighed/ansvarlige-investeringer/politikker-og-rapporter
Pensionskassernes Administration a/s	Mahindra & mahindra	2026	12.753.177,09	DKK	INE101A01026	0,02 %	https://pka.dk/ansvarlighed/ansvarlige-investeringer/politikker-og-rapporter
Pensionskassernes Administration a/s	Makita corp	2026	6.250.878,18	DKK	JP3862400003	0,01 %	https://pka.dk/ansvarlighed/ansvarlige-investeringer/politikker-og-rapporter
Pensionskassernes Administration a/s	Malayan banking	2026	6.810.398,08	DKK	MYL1155OO000	0,01 %	https://pka.dk/ansvarlighed/ansvarlige-investeringer/politikker-og-rapporter
Pensionskassernes Administration a/s	Mankind pharma	2026	482.833,25	DKK	INE634S01028	0,00 %	https://pka.dk/ansvarlighed/ansvarlige-investeringer/politikker-og-rapporter
Pensionskassernes Administration a/s	Manulife financial corp	2026	60.664.045,66	DKK	CA56501R1064	0,07 %	https://pka.dk/ansvarlighed/ansvarlige-investeringer/politikker-og-rapporter
Pensionskassernes Administration a/s	Marico	2026	5.512.246,21	DKK	INE196A01026	0,01 %	https://pka.dk/ansvarlighed/ansvarlige-investeringer/politikker-og-rapporter
Pensionskassernes Administration a/s	Markel group	2026	20.194.339,40	DKK	US5705351048	0,02 %	https://pka.dk/ansvarlighed/ansvarlige-investeringer/politikker-og-rapporter
Pensionskassernes Administration a/s	Marks & spencer group	2026	5.623.555,68	DKK	GB0031274896	0,01 %	https://pka.dk/ansvarlighed/ansvarlige-investeringer/politikker-og-rapporter
Pensionskassernes Administration a/s	Marriott international a	2026	76.721.603,25	DKK	US5719032022	0,09 %	https://pka.dk/ansvarlighed/ansvarlige-investeringer/politikker-og-rapporter
Pensionskassernes Administration a/s	Martin marietta matrls	2026	27.118.499,26	DKK	US5732841060	0,03 %	https://pka.dk/ansvarlighed/ansvarlige-investeringer/politikker-og-rapporter
Pensionskassernes Administration a/s	Marubeni corp	2026	41.673.616,65	DKK	JP3877600001	0,05 %	https://pka.dk/ansvarlighed/ansvarlige-investeringer/politikker-og-rapporter
Pensionskassernes Administration a/s	Maruti suzuki india	2026	6.150.839,19	DKK	INE585B01010	0,01 %	https://pka.dk/ansvarlighed/ansvarlige-investeringer/politikker-og-rapporter
Pensionskassernes Administration a/s	Marvell technology	2026	179.512.261,08	DKK	US5738741041	0,22 %	https://pka.dk/ansvarlighed/ansvarlige-investeringer/politikker-og-rapporter
Pensionskassernes Administration a/s	Masco corp	2026	14.061.492,43	DKK	US5745991068	0,02 %	https://pka.dk/ansvarlighed/ansvarlige-investeringer/politikker-og-rapporter
Pensionskassernes Administration a/s	Mastec	2026	14.966.380,51	DKK	US5763231090	0,02 %	https://pka.dk/ansvarlighed/ansvarlige-investeringer/politikker-og-rapporter
Pensionskassernes Administration a/s	Mastercard a	2026	396.901.265,40	DKK	US57636Q1040	0,48 %	https://pka.dk/ansvarlighed/ansvarlige-investeringer/politikker-og-rapporter
Pensionskassernes Administration a/s	Max healthcare institute	2026	3.102.481,55	DKK	INE027H01010	0,00 %	https://pka.dk/ansvarlighed/ansvarlige-investeringer/politikker-og-rapporter
Pensionskassernes Administration a/s	Mccormick & co nv	2026	11.491.603,34	DKK	US5797802064	0,01 %	https://pka.dk/ansvarlighed/ansvarlige-investeringer/politikker-og-rapporter
Pensionskassernes Administration a/s	Mcdonald's corp	2026	186.535.105,37	DKK	US5801351017	0,23 %	https://pka.dk/ansvarlighed/ansvarlige-investeringer/politikker-og-rapporter
Pensionskassernes Administration a/s	Mckesson corp	2026	87.600.569,06	DKK	US58155Q1031	0,11 %	https://pka.dk/ansvarlighed/ansvarlige-investeringer/politikker-og-rapporter
Pensionskassernes Administration a/s	Mediatek inc	2026	81.275.885,82	DKK	TW0002454006	0,10 %	https://pka.dk/ansvarlighed/ansvarlige-investeringer/politikker-og-rapporter
Pensionskassernes Administration a/s	Medibank private	2026	5.340.796,22	DKK	AU000000MPL3	0,01 %	https://pka.dk/ansvarlighed/ansvarlige-investeringer/politikker-og-rapporter
Pensionskassernes Administration a/s	Medline a	2026	9.032.506,81	DKK	US58507V1070	0,01 %	https://pka.dk/ansvarlighed/ansvarlige-investeringer/politikker-og-rapporter
Pensionskassernes Administration a/s	Medtronic plc	2026	92.443.815,84	DKK	IE00BTN1Y115	0,11 %	https://pka.dk/ansvarlighed/ansvarlige-investeringer/politikker-og-rapporter
Pensionskassernes Administration a/s	Mega financial holding	2026	6.118.265,37	DKK	TW0002886009	0,01 %	https://pka.dk/ansvarlighed/ansvarlige-investeringer/politikker-og-rapporter
Pensionskassernes Administration a/s	Meituan b	2026	19.159.115,41	DKK	KYG596691041	0,02 %	https://pka.dk/ansvarlighed/ansvarlige-investeringer/politikker-og-rapporter
Pensionskassernes Administration a/s	Melrose industries	2026	7.881.322,28	DKK	GB00BNGDN821	0,01 %	https://pka.dk/ansvarlighed/ansvarlige-investeringer/politikker-og-rapporter
Pensionskassernes Administration a/s	Mercadolibre	2026	74.108.362,06	DKK	US58733R1023	0,09 %	https://pka.dk/ansvarlighed/ansvarlige-investeringer/politikker-og-rapporter
Pensionskassernes Administration a/s	Mercedes benz group	2026	45.719.998,63	DKK	DE0007100000	0,06 %	https://pka.dk/ansvarlighed/ansvarlige-investeringer/politikker-og-rapporter
Pensionskassernes Administration a/s	Merck & co	2026	275.884.410,32	DKK	US58933Y1055	0,34 %	https://pka.dk/ansvarlighed/ansvarlige-investeringer/politikker-og-rapporter
Pensionskassernes Administration a/s	Merck kgaa stamm	2026	18.285.769,54	DKK	DE0006599905	0,02 %	https://pka.dk/ansvarlighed/ansvarlige-investeringer/politikker-og-rapporter
Pensionskassernes Administration a/s	Meridian energy	2026	7.867.601,32	DKK	NZMELE0002S7	0,01 %	https://pka.dk/ansvarlighed/ansvarlige-investeringer/politikker-og-rapporter
Pensionskassernes Administration a/s	Meritz financial holding	2026	3.342.364,84	DKK	KR7138040001	0,00 %	https://pka.dk/ansvarlighed/ansvarlige-investeringer/politikker-og-rapporter
Pensionskassernes Administration a/s	Meta platforms a	2026	1.268.988.711,03	DKK	US30303M1027	1,55 %	https://pka.dk/ansvarlighed/ansvarlige-investeringer/politikker-og-rapporter
Pensionskassernes Administration a/s	Metlife	2026	50.023.693,31	DKK	US59156R1086	0,06 %	https://pka.dk/ansvarlighed/ansvarlige-investeringer/politikker-og-rapporter
Pensionskassernes Administration a/s	Metro a	2026	12.734.889,87	DKK	CA59162N1096	0,02 %	https://pka.dk/ansvarlighed/ansvarlige-investeringer/politikker-og-rapporter
Pensionskassernes Administration a/s	Metso corporation	2026	8.520.192,17	DKK	FI0009014575	0,01 %	https://pka.dk/ansvarlighed/ansvarlige-investeringer/politikker-og-rapporter
Pensionskassernes Administration a/s	Mettler toledo intl	2026	25.941.386,57	DKK	US5926881054	0,03 %	https://pka.dk/ansvarlighed/ansvarlige-investeringer/politikker-og-rapporter
Pensionskassernes Administration a/s	Michelin	2026	23.941.714,46	DKK	FR001400AJ45	0,03 %	https://pka.dk/ansvarlighed/ansvarlige-investeringer/politikker-og-rapporter
Pensionskassernes Administration a/s	Microchip technology	2026	48.699.234,82	DKK	US5950171042	0,06 %	https://pka.dk/ansvarlighed/ansvarlige-investeringer/politikker-og-rapporter
Pensionskassernes Administration a/s	Micron technology	2026	1.127.738.772,63	DKK	US5951121038	1,38 %	https://pka.dk/ansvarlighed/ansvarlige-investeringer/politikker-og-rapporter
Pensionskassernes Administration a/s	Microsoft corp	2026	3.119.126.774,05	DKK	US5949181045	3,81 %	https://pka.dk/ansvarlighed/ansvarlige-investeringer/politikker-og-rapporter
Pensionskassernes Administration a/s	Mid-america apartment	2026	19.491.891,38	DKK	US59522J1034	0,02 %	https://pka.dk/ansvarlighed/ansvarlige-investeringer/politikker-og-rapporter
Pensionskassernes Administration a/s	Midea group h	2026	754.984,76	DKK	CNE100006M58	0,00 %	https://pka.dk/ansvarlighed/ansvarlige-investeringer/politikker-og-rapporter
Pensionskassernes Administration a/s	Millicom intl cellular	2026	3.995.528,48	DKK	LU0038705702	0,00 %	https://pka.dk/ansvarlighed/ansvarlige-investeringer/politikker-og-rapporter
Pensionskassernes Administration a/s	Minebea mitsumi	2026	13.206.932,65	DKK	JP3906000009	0,02 %	https://pka.dk/ansvarlighed/ansvarlige-investeringer/politikker-og-rapporter
Pensionskassernes Administration a/s	Minor international pcl-nvdr	2026	1.685.394,15	DKK	TH0128010R17	0,00 %	https://pka.dk/ansvarlighed/ansvarlige-investeringer/politikker-og-rapporter
Pensionskassernes Administration a/s	Mirae asset securities	2026	2.096.881,44	DKK	KR7006800007	0,00 %	https://pka.dk/ansvarlighed/ansvarlige-investeringer/politikker-og-rapporter
Pensionskassernes Administration a/s	Misc bhd	2026	3.301.870,33	DKK	MYL3816OO005	0,00 %	https://pka.dk/ansvarlighed/ansvarlige-investeringer/politikker-og-rapporter
Pensionskassernes Administration a/s	Mitsubishi chemical grp	2026	2.413.365,11	DKK	JP3897700005	0,00 %	https://pka.dk/ansvarlighed/ansvarlige-investeringer/politikker-og-rapporter
Pensionskassernes Administration a/s	Mitsubishi corp	2026	71.704.904,37	DKK	JP3898400001	0,09 %	https://pka.dk/ansvarlighed/ansvarlige-investeringer/politikker-og-rapporter
Pensionskassernes Administration a/s	Mitsubishi electric corp	2026	71.374.615,40	DKK	JP3902400005	0,09 %	https://pka.dk/ansvarlighed/ansvarlige-investeringer/politikker-og-rapporter
Pensionskassernes Administration a/s	Mitsubishi estate co	2026	29.061.815,00	DKK	JP3899600005	0,04 %	https://pka.dk/ansvarlighed/ansvarlige-investeringer/politikker-og-rapporter
Pensionskassernes Administration a/s	Mitsubishi hc capital	2026	7.206.786,41	DKK	JP3499800005	0,01 %	https://pka.dk/ansvarlighed/ansvarlige-investeringer/politikker-og-rapporter
Pensionskassernes Administration a/s	Mitsubishi heavy ind	2026	70.289.757,37	DKK	JP3900000005	0,09 %	https://pka.dk/ansvarlighed/ansvarlige-investeringer/politikker-og-rapporter
Pensionskassernes Administration a/s	Mitsubishi ufj fin grp	2026	200.800.476,18	DKK	JP3902900004	0,25 %	https://pka.dk/ansvarlighed/ansvarlige-investeringer/politikker-og-rapporter
Pensionskassernes Administration a/s	Mitsui & co	2026	73.863.899,35	DKK	JP3893600001	0,09 %	https://pka.dk/ansvarlighed/ansvarlige-investeringer/politikker-og-rapporter
Pensionskassernes Administration a/s	Mitsui fudosan co	2026	24.062.298,62	DKK	JP3893200000	0,03 %	https://pka.dk/ansvarlighed/ansvarlige-investeringer/politikker-og-rapporter
Pensionskassernes Administration a/s	Mitsui kinzoku co	2026	17.563.740,12	DKK	JP3888400003	0,02 %	https://pka.dk/ansvarlighed/ansvarlige-investeringer/politikker-og-rapporter
Pensionskassernes Administration a/s	Mitsui osk lines	2026	9.499.193,87	DKK	JP3362700001	0,01 %	https://pka.dk/ansvarlighed/ansvarlige-investeringer/politikker-og-rapporter
Pensionskassernes Administration a/s	Mizuho financial group	2026	103.941.751,97	DKK	JP3885780001	0,13 %	https://pka.dk/ansvarlighed/ansvarlige-investeringer/politikker-og-rapporter
Pensionskassernes Administration a/s	Mol magyar olaj gazipari	2026	4.104.679,71	DKK	HU0000153937	0,01 %	https://pka.dk/ansvarlighed/ansvarlige-investeringer/politikker-og-rapporter
Pensionskassernes Administration a/s	Moncler spa	2026	12.523.952,06	DKK	IT0004965148	0,02 %	https://pka.dk/ansvarlighed/ansvarlige-investeringer/politikker-og-rapporter
Pensionskassernes Administration a/s	Mondelez international a	2026	79.591.338,52	DKK	US6092071058	0,10 %	https://pka.dk/ansvarlighed/ansvarlige-investeringer/politikker-og-rapporter
Pensionskassernes Administration a/s	Mongodb a	2026	28.419.561,22	DKK	US60937P1066	0,03 %	https://pka.dk/ansvarlighed/ansvarlige-investeringer/politikker-og-rapporter
Pensionskassernes Administration a/s	Monolithic power systems	2026	70.836.759,53	DKK	US6098391054	0,09 %	https://pka.dk/ansvarlighed/ansvarlige-investeringer/politikker-og-rapporter
Pensionskassernes Administration a/s	Monster beverage	2026	62.605.279,39	DKK	US61174X1090	0,08 %	https://pka.dk/ansvarlighed/ansvarlige-investeringer/politikker-og-rapporter
Pensionskassernes Administration a/s	Moody's corp	2026	73.435.901,12	DKK	US6153691059	0,09 %	https://pka.dk/ansvarlighed/ansvarlige-investeringer/politikker-og-rapporter
Pensionskassernes Administration a/s	Morgan stanley	2026	242.073.497,11	DKK	US6174464486	0,30 %	https://pka.dk/ansvarlighed/ansvarlige-investeringer/politikker-og-rapporter
Pensionskassernes Administration a/s	Mowi	2026	4.755.102,36	DKK	NO0003054108	0,01 %	https://pka.dk/ansvarlighed/ansvarlige-investeringer/politikker-og-rapporter
Pensionskassernes Administration a/s	Mpi corp	2026	1.164.936,93	DKK	TW0006223001	0,00 %	https://pka.dk/ansvarlighed/ansvarlige-investeringer/politikker-og-rapporter
Pensionskassernes Administration a/s	Ms&ad insurance group	2026	35.364.026,68	DKK	JP3890310000	0,04 %	https://pka.dk/ansvarlighed/ansvarlige-investeringer/politikker-og-rapporter
Pensionskassernes Administration a/s	Msci	2026	49.648.806,95	DKK	US55354G1004	0,06 %	https://pka.dk/ansvarlighed/ansvarlige-investeringer/politikker-og-rapporter
Pensionskassernes Administration a/s	Mtn group	2026	8.524.382,82	DKK	ZAE000042164	0,01 %	https://pka.dk/ansvarlighed/ansvarlige-investeringer/politikker-og-rapporter
Pensionskassernes Administration a/s	Mtr corp	2026	14.007.399,08	DKK	HK0066009694	0,02 %	https://pka.dk/ansvarlighed/ansvarlige-investeringer/politikker-og-rapporter
Pensionskassernes Administration a/s	Mtu aero engines	2026	19.295.693,08	DKK	DE000A0D9PT0	0,02 %	https://pka.dk/ansvarlighed/ansvarlige-investeringer/politikker-og-rapporter
Pensionskassernes Administration a/s	Muenchener rueckversich	2026	70.289.187,31	DKK	DE0008430026	0,09 %	https://pka.dk/ansvarlighed/ansvarlige-investeringer/politikker-og-rapporter
Pensionskassernes Administration a/s	Murata manufacturing co	2026	102.758.504,40	DKK	JP3914400001	0,13 %	https://pka.dk/ansvarlighed/ansvarlige-investeringer/politikker-og-rapporter
Pensionskassernes Administration a/s	Nan ya plastic	2026	6.548.155,61	DKK	TW0001303006	0,01 %	https://pka.dk/ansvarlighed/ansvarlige-investeringer/politikker-og-rapporter
Pensionskassernes Administration a/s	Nasdaq	2026	44.585.855,57	DKK	US6311031081	0,05 %	https://pka.dk/ansvarlighed/ansvarlige-investeringer/politikker-og-rapporter
Pensionskassernes Administration a/s	Naspers n	2026	17.369.070,53	DKK	ZAE000351946	0,02 %	https://pka.dk/ansvarlighed/ansvarlige-investeringer/politikker-og-rapporter
Pensionskassernes Administration a/s	Natera	2026	25.904.958,07	DKK	US6323071042	0,03 %	https://pka.dk/ansvarlighed/ansvarlige-investeringer/politikker-og-rapporter
Pensionskassernes Administration a/s	National australia bank	2026	81.889.348,95	DKK	AU000000NAB4	0,10 %	https://pka.dk/ansvarlighed/ansvarlige-investeringer/politikker-og-rapporter
Pensionskassernes Administration a/s	National bank of canada	2026	55.284.078,00	DKK	CA6330671034	0,07 %	https://pka.dk/ansvarlighed/ansvarlige-investeringer/politikker-og-rapporter
Pensionskassernes Administration a/s	National bank of greece	2026	5.530.498,96	DKK	GRS003003035	0,01 %	https://pka.dk/ansvarlighed/ansvarlige-investeringer/politikker-og-rapporter
Pensionskassernes Administration a/s	National bank of kuwait	2026	9.241.237,30	DKK	KW0EQ0100010	0,01 %	https://pka.dk/ansvarlighed/ansvarlige-investeringer/politikker-og-rapporter
Pensionskassernes Administration a/s	National grid	2026	85.434.643,75	DKK	GB00BDR05C01	0,10 %	https://pka.dk/ansvarlighed/ansvarlige-investeringer/politikker-og-rapporter
Pensionskassernes Administration a/s	Naturgy energy group	2026	6.573.487,58	DKK	ES0116870314	0,01 %	https://pka.dk/ansvarlighed/ansvarlige-investeringer/politikker-og-rapporter
Pensionskassernes Administration a/s	Natwest group	2026	55.809.022,82	DKK	GB00BM8PJY71	0,07 %	https://pka.dk/ansvarlighed/ansvarlige-investeringer/politikker-og-rapporter
Pensionskassernes Administration a/s	Naver	2026	13.327.319,52	DKK	KR7035420009	0,02 %	https://pka.dk/ansvarlighed/ansvarlige-investeringer/politikker-og-rapporter
Pensionskassernes Administration a/s	Nebius group a(nl)	2026	55.240.531,88	DKK	NL0009805522	0,07 %	https://pka.dk/ansvarlighed/ansvarlige-investeringer/politikker-og-rapporter
Pensionskassernes Administration a/s	Nec corp	2026	34.698.914,40	DKK	JP3733000008	0,04 %	https://pka.dk/ansvarlighed/ansvarlige-investeringer/politikker-og-rapporter
Pensionskassernes Administration a/s	Nedbank group	2026	4.817.214,64	DKK	ZAE000004875	0,01 %	https://pka.dk/ansvarlighed/ansvarlige-investeringer/politikker-og-rapporter
Pensionskassernes Administration a/s	Nemetschek	2026	3.427.623,11	DKK	DE0006452907	0,00 %	https://pka.dk/ansvarlighed/ansvarlige-investeringer/politikker-og-rapporter
Pensionskassernes Administration a/s	Neste corporation	2026	16.831.652,45	DKK	FI0009013296	0,02 %	https://pka.dk/ansvarlighed/ansvarlige-investeringer/politikker-og-rapporter
Pensionskassernes Administration a/s	Nestle	2026	243.662.986,90	DKK	CH0038863350	0,30 %	https://pka.dk/ansvarlighed/ansvarlige-investeringer/politikker-og-rapporter
Pensionskassernes Administration a/s	Nestle india	2026	4.199.071,08	DKK	INE239A01024	0,01 %	https://pka.dk/ansvarlighed/ansvarlige-investeringer/politikker-og-rapporter
Pensionskassernes Administration a/s	Netapp	2026	42.473.136,22	DKK	US64110D1046	0,05 %	https://pka.dk/ansvarlighed/ansvarlige-investeringer/politikker-og-rapporter
Pensionskassernes Administration a/s	Netease	2026	20.736.273,39	DKK	KYG6427A1022	0,03 %	https://pka.dk/ansvarlighed/ansvarlige-investeringer/politikker-og-rapporter
Pensionskassernes Administration a/s	Netflix	2026	344.349.678,56	DKK	US64110L1061	0,42 %	https://pka.dk/ansvarlighed/ansvarlige-investeringer/politikker-og-rapporter
Pensionskassernes Administration a/s	Neurocrine biosciences	2026	13.860.343,90	DKK	US64125C1099	0,02 %	https://pka.dk/ansvarlighed/ansvarlige-investeringer/politikker-og-rapporter
Pensionskassernes Administration a/s	New china life ins h	2026	2.621.222,64	DKK	CNE100001922	0,00 %	https://pka.dk/ansvarlighed/ansvarlige-investeringer/politikker-og-rapporter
Pensionskassernes Administration a/s	New fox a	2026	22.262.461,50	DKK	US35137L1052	0,03 %	https://pka.dk/ansvarlighed/ansvarlige-investeringer/politikker-og-rapporter
Pensionskassernes Administration a/s	New fox b	2026	2.081.108,75	DKK	US35137L2043	0,00 %	https://pka.dk/ansvarlighed/ansvarlige-investeringer/politikker-og-rapporter
Pensionskassernes Administration a/s	New informa	2026	18.378.645,82	DKK	GB00BMJ6DW54	0,02 %	https://pka.dk/ansvarlighed/ansvarlige-investeringer/politikker-og-rapporter
Pensionskassernes Administration a/s	New oriental education	2026	2.771.357,73	DKK	KYG6470A1168	0,00 %	https://pka.dk/ansvarlighed/ansvarlige-investeringer/politikker-og-rapporter
Pensionskassernes Administration a/s	Newmont corp	2026	115.147.561,70	DKK	US6516391066	0,14 %	https://pka.dk/ansvarlighed/ansvarlige-investeringer/politikker-og-rapporter
Pensionskassernes Administration a/s	News corp a	2026	7.083.455,77	DKK	US65249B1098	0,01 %	https://pka.dk/ansvarlighed/ansvarlige-investeringer/politikker-og-rapporter
Pensionskassernes Administration a/s	Nexon co	2026	3.995.241,01	DKK	JP3758190007	0,00 %	https://pka.dk/ansvarlighed/ansvarlige-investeringer/politikker-og-rapporter
Pensionskassernes Administration a/s	Next	2026	16.300.135,61	DKK	GB0032089863	0,02 %	https://pka.dk/ansvarlighed/ansvarlige-investeringer/politikker-og-rapporter
Pensionskassernes Administration a/s	Nextera energy	2026	157.063.365,63	DKK	US65339F1012	0,19 %	https://pka.dk/ansvarlighed/ansvarlige-investeringer/politikker-og-rapporter
Pensionskassernes Administration a/s	Nhpc	2026	1.803.831,37	DKK	INE848E01016	0,00 %	https://pka.dk/ansvarlighed/ansvarlige-investeringer/politikker-og-rapporter
Pensionskassernes Administration a/s	Nibe industrier b	2026	5.267.920,38	DKK	SE0015988019	0,01 %	https://pka.dk/ansvarlighed/ansvarlige-investeringer/politikker-og-rapporter
Pensionskassernes Administration a/s	Nidec corp	2026	13.671.999,77	DKK	JP3734800000	0,02 %	https://pka.dk/ansvarlighed/ansvarlige-investeringer/politikker-og-rapporter
Pensionskassernes Administration a/s	Nike b	2026	53.321.172,39	DKK	US6541061031	0,07 %	https://pka.dk/ansvarlighed/ansvarlige-investeringer/politikker-og-rapporter
Pensionskassernes Administration a/s	Nintendo co	2026	47.634.783,26	DKK	JP3756600007	0,06 %	https://pka.dk/ansvarlighed/ansvarlige-investeringer/politikker-og-rapporter
Pensionskassernes Administration a/s	Nio(hk)	2026	3.361.954,83	DKK	KYG6525F1028	0,00 %	https://pka.dk/ansvarlighed/ansvarlige-investeringer/politikker-og-rapporter
Pensionskassernes Administration a/s	Nippon building fund	2026	1.967.120,85	DKK	JP3027670003	0,00 %	https://pka.dk/ansvarlighed/ansvarlige-investeringer/politikker-og-rapporter
Pensionskassernes Administration a/s	Nippon paint holdings co	2026	5.750.451,08	DKK	JP3749400002	0,01 %	https://pka.dk/ansvarlighed/ansvarlige-investeringer/politikker-og-rapporter
Pensionskassernes Administration a/s	Nippon sanso holdings	2026	2.717.848,09	DKK	JP3711600001	0,00 %	https://pka.dk/ansvarlighed/ansvarlige-investeringer/politikker-og-rapporter
Pensionskassernes Administration a/s	Nippon steel corp	2026	8.435.534,50	DKK	JP3381000003	0,01 %	https://pka.dk/ansvarlighed/ansvarlige-investeringer/politikker-og-rapporter
Pensionskassernes Administration a/s	Nippon yusen k.k	2026	12.555.582,80	DKK	JP3753000003	0,02 %	https://pka.dk/ansvarlighed/ansvarlige-investeringer/politikker-og-rapporter
Pensionskassernes Administration a/s	Nisource (new)	2026	18.092.384,69	DKK	US65473P1057	0,02 %	https://pka.dk/ansvarlighed/ansvarlige-investeringer/politikker-og-rapporter
Pensionskassernes Administration a/s	Nissan motor co	2026	4.951.451,16	DKK	JP3672400003	0,01 %	https://pka.dk/ansvarlighed/ansvarlige-investeringer/politikker-og-rapporter
Pensionskassernes Administration a/s	Nitori holdings co	2026	5.351.535,10	DKK	JP3756100008	0,01 %	https://pka.dk/ansvarlighed/ansvarlige-investeringer/politikker-og-rapporter
Pensionskassernes Administration a/s	Nitto denko corp	2026	15.959.836,08	DKK	JP3684000007	0,02 %	https://pka.dk/ansvarlighed/ansvarlige-investeringer/politikker-og-rapporter
Pensionskassernes Administration a/s	Nn group	2026	14.997.370,30	DKK	NL0010773842	0,02 %	https://pka.dk/ansvarlighed/ansvarlige-investeringer/politikker-og-rapporter
Pensionskassernes Administration a/s	Nokia corp	2026	83.594.692,14	DKK	FI0009000681	0,10 %	https://pka.dk/ansvarlighed/ansvarlige-investeringer/politikker-og-rapporter
Pensionskassernes Administration a/s	Nomura holdings	2026	27.722.135,96	DKK	JP3762600009	0,03 %	https://pka.dk/ansvarlighed/ansvarlige-investeringer/politikker-og-rapporter
Pensionskassernes Administration a/s	Nomura research inst	2026	12.925.668,96	DKK	JP3762800005	0,02 %	https://pka.dk/ansvarlighed/ansvarlige-investeringer/politikker-og-rapporter
Pensionskassernes Administration a/s	Nongfu spring co h	2026	5.105.820,94	DKK	CNE100004272	0,01 %	https://pka.dk/ansvarlighed/ansvarlige-investeringer/politikker-og-rapporter
Pensionskassernes Administration a/s	Nordea bank (fi)	2026	52.813.455,78	DKK	FI4000297767	0,06 %	https://pka.dk/ansvarlighed/ansvarlige-investeringer/politikker-og-rapporter
Pensionskassernes Administration a/s	Nordson corp	2026	13.314.137,32	DKK	US6556631025	0,02 %	https://pka.dk/ansvarlighed/ansvarlige-investeringer/politikker-og-rapporter
Pensionskassernes Administration a/s	Norfolk southern corp	2026	61.541.000,35	DKK	US6558441084	0,08 %	https://pka.dk/ansvarlighed/ansvarlige-investeringer/politikker-og-rapporter
Pensionskassernes Administration a/s	Norion bank	2026	46,64	DKK	SE0017831795	0,00 %	https://pka.dk/ansvarlighed/ansvarlige-investeringer/politikker-og-rapporter
Pensionskassernes Administration a/s	Norsk hydro	2026	24.046.755,87	DKK	NO0005052605	0,03 %	https://pka.dk/ansvarlighed/ansvarlige-investeringer/politikker-og-rapporter
Pensionskassernes Administration a/s	Northern star resources	2026	18.844.299,84	DKK	AU000000NST8	0,02 %	https://pka.dk/ansvarlighed/ansvarlige-investeringer/politikker-og-rapporter
Pensionskassernes Administration a/s	Northern trust corp	2026	36.174.280,20	DKK	US6658591044	0,04 %	https://pka.dk/ansvarlighed/ansvarlige-investeringer/politikker-og-rapporter
Pensionskassernes Administration a/s	Novartis	2026	263.278.023,96	DKK	CH0012005267	0,32 %	https://pka.dk/ansvarlighed/ansvarlige-investeringer/politikker-og-rapporter
Pensionskassernes Administration a/s	Novatek microelectrs	2026	3.462.200,76	DKK	TW0003034005	0,00 %	https://pka.dk/ansvarlighed/ansvarlige-investeringer/politikker-og-rapporter
Pensionskassernes Administration a/s	Novo nordisk b	2026	135.155.135,50	DKK	DK0062498333	0,16 %	https://pka.dk/ansvarlighed/ansvarlige-investeringer/politikker-og-rapporter
Pensionskassernes Administration a/s	Novonesis b	2026	23.525.129,26	DKK	DK0060336014	0,03 %	https://pka.dk/ansvarlighed/ansvarlige-investeringer/politikker-og-rapporter
Pensionskassernes Administration a/s	Ntt corp	2026	25.014.177,36	DKK	JP3735400008	0,03 %	https://pka.dk/ansvarlighed/ansvarlige-investeringer/politikker-og-rapporter
Pensionskassernes Administration a/s	Nu holdings a	2026	14.081.084,66	DKK	KYG6683N1034	0,02 %	https://pka.dk/ansvarlighed/ansvarlige-investeringer/politikker-og-rapporter
Pensionskassernes Administration a/s	Nucor corp	2026	56.310.510,41	DKK	US6703461052	0,07 %	https://pka.dk/ansvarlighed/ansvarlige-investeringer/politikker-og-rapporter
Pensionskassernes Administration a/s	Nutrien	2026	33.941.457,84	DKK	CA67077M1086	0,04 %	https://pka.dk/ansvarlighed/ansvarlige-investeringer/politikker-og-rapporter
Pensionskassernes Administration a/s	Nvidia	2026	5.034.894.175,48	DKK	US67066G1040	6,15 %	https://pka.dk/ansvarlighed/ansvarlige-investeringer/politikker-og-rapporter
Pensionskassernes Administration a/s	Nvr	2026	15.003.633,82	DKK	US62944T1051	0,02 %	https://pka.dk/ansvarlighed/ansvarlige-investeringer/politikker-og-rapporter
Pensionskassernes Administration a/s	Nxp semiconductors (us)	2026	73.658.565,96	DKK	NL0009538784	0,09 %	https://pka.dk/ansvarlighed/ansvarlige-investeringer/politikker-og-rapporter
Pensionskassernes Administration a/s	Obayashi corp	2026	11.721.697,43	DKK	JP3190000004	0,01 %	https://pka.dk/ansvarlighed/ansvarlige-investeringer/politikker-og-rapporter
Pensionskassernes Administration a/s	Obic co	2026	7.691.965,57	DKK	JP3173400007	0,01 %	https://pka.dk/ansvarlighed/ansvarlige-investeringer/politikker-og-rapporter
Pensionskassernes Administration a/s	Ocbc bank	2026	51.796.504,06	DKK	SG1S04926220	0,06 %	https://pka.dk/ansvarlighed/ansvarlige-investeringer/politikker-og-rapporter
Pensionskassernes Administration a/s	Occidental petroleum	2026	39.905.013,66	DKK	US6745991058	0,05 %	https://pka.dk/ansvarlighed/ansvarlige-investeringer/politikker-og-rapporter
Pensionskassernes Administration a/s	Octave intg b sdr	2026	3.432.207,67	DKK	SE0028329433	0,00 %	https://pka.dk/ansvarlighed/ansvarlige-investeringer/politikker-og-rapporter
Pensionskassernes Administration a/s	Okta	2026	20.119.974,76	DKK	US6792951054	0,02 %	https://pka.dk/ansvarlighed/ansvarlige-investeringer/politikker-og-rapporter
Pensionskassernes Administration a/s	Old dominion freight	2026	41.728.101,03	DKK	US6795801009	0,05 %	https://pka.dk/ansvarlighed/ansvarlige-investeringer/politikker-og-rapporter
Pensionskassernes Administration a/s	Olympus corp	2026	10.636.831,30	DKK	JP3201200007	0,01 %	https://pka.dk/ansvarlighed/ansvarlige-investeringer/politikker-og-rapporter
Pensionskassernes Administration a/s	Omnicom group	2026	23.179.010,36	DKK	US6819191064	0,03 %	https://pka.dk/ansvarlighed/ansvarlige-investeringer/politikker-og-rapporter
Pensionskassernes Administration a/s	Omv ag	2026	17.339.109,49	DKK	AT0000743059	0,02 %	https://pka.dk/ansvarlighed/ansvarlige-investeringer/politikker-og-rapporter
Pensionskassernes Administration a/s	On semiconductor corp	2026	49.390.593,91	DKK	US6821891057	0,06 %	https://pka.dk/ansvarlighed/ansvarlige-investeringer/politikker-og-rapporter
Pensionskassernes Administration a/s	Oneok	2026	55.886.770,54	DKK	US6826801036	0,07 %	https://pka.dk/ansvarlighed/ansvarlige-investeringer/politikker-og-rapporter
Pensionskassernes Administration a/s	Open text corp	2026	293.076,54	DKK	CA6837151068	0,00 %	https://pka.dk/ansvarlighed/ansvarlige-investeringer/politikker-og-rapporter
Pensionskassernes Administration a/s	Oracle corp	2026	411.186.026,87	DKK	US68389X1054	0,50 %	https://pka.dk/ansvarlighed/ansvarlige-investeringer/politikker-og-rapporter
Pensionskassernes Administration a/s	Orange	2026	31.571.899,82	DKK	FR0000133308	0,04 %	https://pka.dk/ansvarlighed/ansvarlige-investeringer/politikker-og-rapporter
Pensionskassernes Administration a/s	O'reilly automotive	2026	70.046.675,83	DKK	US67103H1077	0,09 %	https://pka.dk/ansvarlighed/ansvarlige-investeringer/politikker-og-rapporter
Pensionskassernes Administration a/s	Oriental land co	2026	13.498.977,76	DKK	JP3198900007	0,02 %	https://pka.dk/ansvarlighed/ansvarlige-investeringer/politikker-og-rapporter
Pensionskassernes Administration a/s	Origin energy	2026	8.237.730,34	DKK	AU000000ORG5	0,01 %	https://pka.dk/ansvarlighed/ansvarlige-investeringer/politikker-og-rapporter
Pensionskassernes Administration a/s	Orion-yhtymae b	2026	5.510.823,38	DKK	FI0009014377	0,01 %	https://pka.dk/ansvarlighed/ansvarlige-investeringer/politikker-og-rapporter
Pensionskassernes Administration a/s	Orix corp	2026	41.658.566,20	DKK	JP3200450009	0,05 %	https://pka.dk/ansvarlighed/ansvarlige-investeringer/politikker-og-rapporter
Pensionskassernes Administration a/s	Orkla	2026	12.078.296,24	DKK	NO0003733800	0,01 %	https://pka.dk/ansvarlighed/ansvarlige-investeringer/politikker-og-rapporter
Pensionskassernes Administration a/s	Orsted	2026	18.657.239,99	DKK	DK0060094928	0,02 %	https://pka.dk/ansvarlighed/ansvarlige-investeringer/politikker-og-rapporter
Pensionskassernes Administration a/s	Osaka gas co	2026	11.742.507,14	DKK	JP3180400008	0,01 %	https://pka.dk/ansvarlighed/ansvarlige-investeringer/politikker-og-rapporter
Pensionskassernes Administration a/s	Ote hellenic telecom	2026	8.492.979,92	DKK	GRS260333000	0,01 %	https://pka.dk/ansvarlighed/ansvarlige-investeringer/politikker-og-rapporter
Pensionskassernes Administration a/s	Otis worldwide	2026	27.846.427,82	DKK	US68902V1070	0,03 %	https://pka.dk/ansvarlighed/ansvarlige-investeringer/politikker-og-rapporter
Pensionskassernes Administration a/s	Otp bank	2026	11.129.155,39	DKK	HU0000061726	0,01 %	https://pka.dk/ansvarlighed/ansvarlige-investeringer/politikker-og-rapporter
Pensionskassernes Administration a/s	Otsuka corp	2026	2.491.869,59	DKK	JP3188200004	0,00 %	https://pka.dk/ansvarlighed/ansvarlige-investeringer/politikker-og-rapporter
Pensionskassernes Administration a/s	Otsuka holdings co	2026	26.812.951,97	DKK	JP3188220002	0,03 %	https://pka.dk/ansvarlighed/ansvarlige-investeringer/politikker-og-rapporter
Pensionskassernes Administration a/s	P g & e corp	2026	38.656.344,25	DKK	US69331C1080	0,05 %	https://pka.dk/ansvarlighed/ansvarlige-investeringer/politikker-og-rapporter
Pensionskassernes Administration a/s	Paccar	2026	56.497.853,83	DKK	US6937181088	0,07 %	https://pka.dk/ansvarlighed/ansvarlige-investeringer/politikker-og-rapporter
Pensionskassernes Administration a/s	Packaging corp of amer	2026	14.766.723,30	DKK	US6951561090	0,02 %	https://pka.dk/ansvarlighed/ansvarlige-investeringer/politikker-og-rapporter
Pensionskassernes Administration a/s	Page industries	2026	1.835.165,67	DKK	INE761H01022	0,00 %	https://pka.dk/ansvarlighed/ansvarlige-investeringer/politikker-og-rapporter
Pensionskassernes Administration a/s	Palantir technologies a	2026	343.438.224,25	DKK	US69608A1088	0,42 %	https://pka.dk/ansvarlighed/ansvarlige-investeringer/politikker-og-rapporter
Pensionskassernes Administration a/s	Palo alto networks	2026	231.579.169,77	DKK	US6974351057	0,28 %	https://pka.dk/ansvarlighed/ansvarlige-investeringer/politikker-og-rapporter
Pensionskassernes Administration a/s	Pan american silver corp	2026	28.273.911,46	DKK	CA6979001089	0,03 %	https://pka.dk/ansvarlighed/ansvarlige-investeringer/politikker-og-rapporter
Pensionskassernes Administration a/s	Pan pacific intl hldgs	2026	8.473.863,02	DKK	JP3639650005	0,01 %	https://pka.dk/ansvarlighed/ansvarlige-investeringer/politikker-og-rapporter
Pensionskassernes Administration a/s	Panasonic holdings corp	2026	52.408.098,73	DKK	JP3866800000	0,06 %	https://pka.dk/ansvarlighed/ansvarlige-investeringer/politikker-og-rapporter
Pensionskassernes Administration a/s	Pandora	2026	5.897.444,43	DKK	DK0060252690	0,01 %	https://pka.dk/ansvarlighed/ansvarlige-investeringer/politikker-og-rapporter
Pensionskassernes Administration a/s	Parker hannifin corp	2026	97.253.491,93	DKK	US7010941042	0,12 %	https://pka.dk/ansvarlighed/ansvarlige-investeringer/politikker-og-rapporter
Pensionskassernes Administration a/s	Partners group holding	2026	21.441.911,36	DKK	CH0024608827	0,03 %	https://pka.dk/ansvarlighed/ansvarlige-investeringer/politikker-og-rapporter
Pensionskassernes Administration a/s	Pattinson washington new	2026	315.593,30	DKK	AU000000SOL3	0,00 %	https://pka.dk/ansvarlighed/ansvarlige-investeringer/politikker-og-rapporter
Pensionskassernes Administration a/s	Paychex	2026	33.913.019,50	DKK	US7043261079	0,04 %	https://pka.dk/ansvarlighed/ansvarlige-investeringer/politikker-og-rapporter
Pensionskassernes Administration a/s	Paypal holdings	2026	40.761.338,12	DKK	US70450Y1038	0,05 %	https://pka.dk/ansvarlighed/ansvarlige-investeringer/politikker-og-rapporter
Pensionskassernes Administration a/s	Pb fintech	2026	2.493.356,45	DKK	INE417T01026	0,00 %	https://pka.dk/ansvarlighed/ansvarlige-investeringer/politikker-og-rapporter
Pensionskassernes Administration a/s	Pearson	2026	11.904.430,88	DKK	GB0006776081	0,01 %	https://pka.dk/ansvarlighed/ansvarlige-investeringer/politikker-og-rapporter
Pensionskassernes Administration a/s	Pembina pipeline	2026	22.052.461,95	DKK	CA7063271034	0,03 %	https://pka.dk/ansvarlighed/ansvarlige-investeringer/politikker-og-rapporter
Pensionskassernes Administration a/s	Pentair plc	2026	12.936.276,09	DKK	IE00BLS09M33	0,02 %	https://pka.dk/ansvarlighed/ansvarlige-investeringer/politikker-og-rapporter
Pensionskassernes Administration a/s	People's insurance co h	2026	3.531.689,33	DKK	CNE100001MK7	0,00 %	https://pka.dk/ansvarlighed/ansvarlige-investeringer/politikker-og-rapporter
Pensionskassernes Administration a/s	Pepsico	2026	184.836.623,17	DKK	US7134481081	0,23 %	https://pka.dk/ansvarlighed/ansvarlige-investeringer/politikker-og-rapporter
Pensionskassernes Administration a/s	Pernod ricard	2026	14.642.322,54	DKK	FR0000120693	0,02 %	https://pka.dk/ansvarlighed/ansvarlige-investeringer/politikker-og-rapporter
Pensionskassernes Administration a/s	Persistent systems	2026	2.547.183,10	DKK	INE262H01021	0,00 %	https://pka.dk/ansvarlighed/ansvarlige-investeringer/politikker-og-rapporter
Pensionskassernes Administration a/s	Pfizer	2026	139.074.304,03	DKK	US7170811035	0,17 %	https://pka.dk/ansvarlighed/ansvarlige-investeringer/politikker-og-rapporter
Pensionskassernes Administration a/s	Pharmaessentia	2026	3.065.267,37	DKK	TW0006446008	0,00 %	https://pka.dk/ansvarlighed/ansvarlige-investeringer/politikker-og-rapporter
Pensionskassernes Administration a/s	Phoenix mills	2026	1.795.977,97	DKK	INE211B01039	0,00 %	https://pka.dk/ansvarlighed/ansvarlige-investeringer/politikker-og-rapporter
Pensionskassernes Administration a/s	Pi industries	2026	3.047.778,80	DKK	INE603J01030	0,00 %	https://pka.dk/ansvarlighed/ansvarlige-investeringer/politikker-og-rapporter
Pensionskassernes Administration a/s	Picc ppty & casualty h	2026	5.928.194,44	DKK	CNE100000593	0,01 %	https://pka.dk/ansvarlighed/ansvarlige-investeringer/politikker-og-rapporter
Pensionskassernes Administration a/s	Ping an ins a (hk-c)	2026	6.831.006,42	DKK	CNE000001R84	0,01 %	https://pka.dk/ansvarlighed/ansvarlige-investeringer/politikker-og-rapporter
Pensionskassernes Administration a/s	Ping an insurance h	2026	18.653.612,40	DKK	CNE1000003X6	0,02 %	https://pka.dk/ansvarlighed/ansvarlige-investeringer/politikker-og-rapporter
Pensionskassernes Administration a/s	Pinnacle finl partners	2026	16.659.396,34	DKK	US72348N1090	0,02 %	https://pka.dk/ansvarlighed/ansvarlige-investeringer/politikker-og-rapporter
Pensionskassernes Administration a/s	Piraeus bank	2026	1.039.065,52	DKK	GRS831003009	0,00 %	https://pka.dk/ansvarlighed/ansvarlige-investeringer/politikker-og-rapporter
Pensionskassernes Administration a/s	Pko bank polski	2026	8.224.457,26	DKK	PLPKO0000016	0,01 %	https://pka.dk/ansvarlighed/ansvarlige-investeringer/politikker-og-rapporter
Pensionskassernes Administration a/s	Pls group	2026	13.903.562,77	DKK	AU000000PLS0	0,02 %	https://pka.dk/ansvarlighed/ansvarlige-investeringer/politikker-og-rapporter
Pensionskassernes Administration a/s	Pnc finl services group	2026	83.576.443,82	DKK	US6934751057	0,10 %	https://pka.dk/ansvarlighed/ansvarlige-investeringer/politikker-og-rapporter
Pensionskassernes Administration a/s	Polski koncern naf orlen	2026	7.671.953,20	DKK	PLPKN0000018	0,01 %	https://pka.dk/ansvarlighed/ansvarlige-investeringer/politikker-og-rapporter
Pensionskassernes Administration a/s	Polycab india	2026	3.762.808,82	DKK	INE455K01017	0,00 %	https://pka.dk/ansvarlighed/ansvarlige-investeringer/politikker-og-rapporter
Pensionskassernes Administration a/s	Pop mart international	2026	5.159.693,19	DKK	KYG7170M1033	0,01 %	https://pka.dk/ansvarlighed/ansvarlige-investeringer/politikker-og-rapporter
Pensionskassernes Administration a/s	Porsche automobil vzg	2026	6.478.598,24	DKK	DE000PAH0038	0,01 %	https://pka.dk/ansvarlighed/ansvarlige-investeringer/politikker-og-rapporter
Pensionskassernes Administration a/s	Porsche vorzug	2026	8.009.162,14	DKK	DE000PAG9113	0,01 %	https://pka.dk/ansvarlighed/ansvarlige-investeringer/politikker-og-rapporter
Pensionskassernes Administration a/s	Posco holdings	2026	9.852.247,59	DKK	KR7005490008	0,01 %	https://pka.dk/ansvarlighed/ansvarlige-investeringer/politikker-og-rapporter
Pensionskassernes Administration a/s	Poste italiane	2026	3.954.751,39	DKK	IT0003796171	0,00 %	https://pka.dk/ansvarlighed/ansvarlige-investeringer/politikker-og-rapporter
Pensionskassernes Administration a/s	Power corp of canada	2026	30.395.173,41	DKK	CA7392391016	0,04 %	https://pka.dk/ansvarlighed/ansvarlige-investeringer/politikker-og-rapporter
Pensionskassernes Administration a/s	Power finance corp	2026	2.782.742,67	DKK	INE134E01011	0,00 %	https://pka.dk/ansvarlighed/ansvarlige-investeringer/politikker-og-rapporter
Pensionskassernes Administration a/s	Power grid corp of india	2026	7.148.173,96	DKK	INE752E01010	0,01 %	https://pka.dk/ansvarlighed/ansvarlige-investeringer/politikker-og-rapporter
Pensionskassernes Administration a/s	Ppg industries	2026	31.869.705,10	DKK	US6935061076	0,04 %	https://pka.dk/ansvarlighed/ansvarlige-investeringer/politikker-og-rapporter
Pensionskassernes Administration a/s	Prestige estates project	2026	673.169,86	DKK	INE811K01011	0,00 %	https://pka.dk/ansvarlighed/ansvarlige-investeringer/politikker-og-rapporter
Pensionskassernes Administration a/s	Price (t. rowe) group	2026	20.550.865,04	DKK	US74144T1088	0,03 %	https://pka.dk/ansvarlighed/ansvarlige-investeringer/politikker-og-rapporter
Pensionskassernes Administration a/s	Principal financial grp	2026	24.500.406,98	DKK	US74251V1026	0,03 %	https://pka.dk/ansvarlighed/ansvarlige-investeringer/politikker-og-rapporter
Pensionskassernes Administration a/s	Prio on	2026	3.408.578,62	DKK	BRPRIOACNOR1	0,00 %	https://pka.dk/ansvarlighed/ansvarlige-investeringer/politikker-og-rapporter
Pensionskassernes Administration a/s	Pro medicus	2026	5.396.827,22	DKK	AU000000PME8	0,01 %	https://pka.dk/ansvarlighed/ansvarlige-investeringer/politikker-og-rapporter
Pensionskassernes Administration a/s	Procter & gamble co	2026	311.411.824,98	DKK	US7427181091	0,38 %	https://pka.dk/ansvarlighed/ansvarlige-investeringer/politikker-og-rapporter
Pensionskassernes Administration a/s	Progressive corp	2026	106.202.775,21	DKK	US7433151039	0,13 %	https://pka.dk/ansvarlighed/ansvarlige-investeringer/politikker-og-rapporter
Pensionskassernes Administration a/s	Prologis	2026	122.203.999,82	DKK	US74340W1036	0,15 %	https://pka.dk/ansvarlighed/ansvarlige-investeringer/politikker-og-rapporter
Pensionskassernes Administration a/s	Prosus n	2026	56.640.177,38	DKK	NL0013654783	0,07 %	https://pka.dk/ansvarlighed/ansvarlige-investeringer/politikker-og-rapporter
Pensionskassernes Administration a/s	Prudential	2026	31.899.130,78	DKK	GB0007099541	0,04 %	https://pka.dk/ansvarlighed/ansvarlige-investeringer/politikker-og-rapporter
Pensionskassernes Administration a/s	Prudential financial	2026	30.344.765,39	DKK	US7443201022	0,04 %	https://pka.dk/ansvarlighed/ansvarlige-investeringer/politikker-og-rapporter
Pensionskassernes Administration a/s	Prysmian	2026	40.562.171,55	DKK	IT0004176001	0,05 %	https://pka.dk/ansvarlighed/ansvarlige-investeringer/politikker-og-rapporter
Pensionskassernes Administration a/s	Ptc	2026	17.668.846,53	DKK	US69370C1009	0,02 %	https://pka.dk/ansvarlighed/ansvarlige-investeringer/politikker-og-rapporter
Pensionskassernes Administration a/s	Ptt explor & prod pcl-nvdr	2026	5.840.226,87	DKK	TH0355010R16	0,01 %	https://pka.dk/ansvarlighed/ansvarlige-investeringer/politikker-og-rapporter
Pensionskassernes Administration a/s	Public bank	2026	7.847.528,89	DKK	MYL1295OO004	0,01 %	https://pka.dk/ansvarlighed/ansvarlige-investeringer/politikker-og-rapporter
Pensionskassernes Administration a/s	Public service ent grp	2026	51.152.752,64	DKK	US7445731067	0,06 %	https://pka.dk/ansvarlighed/ansvarlige-investeringer/politikker-og-rapporter
Pensionskassernes Administration a/s	Public storage	2026	45.602.072,98	DKK	US74460D1090	0,06 %	https://pka.dk/ansvarlighed/ansvarlige-investeringer/politikker-og-rapporter
Pensionskassernes Administration a/s	Publicis groupe	2026	17.970.956,81	DKK	FR0000130577	0,02 %	https://pka.dk/ansvarlighed/ansvarlige-investeringer/politikker-og-rapporter
Pensionskassernes Administration a/s	Pultegroup	2026	19.622.519,96	DKK	US7458671010	0,02 %	https://pka.dk/ansvarlighed/ansvarlige-investeringer/politikker-og-rapporter
Pensionskassernes Administration a/s	Qantas airways	2026	2.839.989,87	DKK	AU000000QAN2	0,00 %	https://pka.dk/ansvarlighed/ansvarlige-investeringer/politikker-og-rapporter
Pensionskassernes Administration a/s	Qatar islamic bank	2026	5.634.872,00	DKK	QA0006929853	0,01 %	https://pka.dk/ansvarlighed/ansvarlige-investeringer/politikker-og-rapporter
Pensionskassernes Administration a/s	Qatar national bank	2026	9.178.057,02	DKK	QA0006929895	0,01 %	https://pka.dk/ansvarlighed/ansvarlige-investeringer/politikker-og-rapporter
Pensionskassernes Administration a/s	Qbe insurance group	2026	23.978.632,28	DKK	AU000000QBE9	0,03 %	https://pka.dk/ansvarlighed/ansvarlige-investeringer/politikker-og-rapporter
Pensionskassernes Administration a/s	Qiagen	2026	6.104.478,59	DKK	NL0015002SN0	0,01 %	https://pka.dk/ansvarlighed/ansvarlige-investeringer/politikker-og-rapporter
Pensionskassernes Administration a/s	Qnity electronics	2026	28.721.828,46	DKK	US74743L1008	0,04 %	https://pka.dk/ansvarlighed/ansvarlige-investeringer/politikker-og-rapporter
Pensionskassernes Administration a/s	Quanta computer	2026	11.536.054,58	DKK	TW0002382009	0,01 %	https://pka.dk/ansvarlighed/ansvarlige-investeringer/politikker-og-rapporter
Pensionskassernes Administration a/s	Quanta services	2026	100.209.465,08	DKK	US74762E1029	0,12 %	https://pka.dk/ansvarlighed/ansvarlige-investeringer/politikker-og-rapporter
Pensionskassernes Administration a/s	Quest diagnostics	2026	21.221.382,95	DKK	US74834L1008	0,03 %	https://pka.dk/ansvarlighed/ansvarlige-investeringer/politikker-og-rapporter
Pensionskassernes Administration a/s	Raiffeisen bank intl	2026	483.737,88	DKK	AT0000606306	0,00 %	https://pka.dk/ansvarlighed/ansvarlige-investeringer/politikker-og-rapporter
Pensionskassernes Administration a/s	Rakuten group	2026	7.360.836,75	DKK	JP3967200001	0,01 %	https://pka.dk/ansvarlighed/ansvarlige-investeringer/politikker-og-rapporter
Pensionskassernes Administration a/s	Rational	2026	1.703.756,03	DKK	DE0007010803	0,00 %	https://pka.dk/ansvarlighed/ansvarlige-investeringer/politikker-og-rapporter
Pensionskassernes Administration a/s	Raymond james financial	2026	28.463.506,84	DKK	US7547301090	0,03 %	https://pka.dk/ansvarlighed/ansvarlige-investeringer/politikker-og-rapporter
Pensionskassernes Administration a/s	Rb global	2026	17.545.999,97	DKK	CA74935Q1072	0,02 %	https://pka.dk/ansvarlighed/ansvarlige-investeringer/politikker-og-rapporter
Pensionskassernes Administration a/s	Rea group	2026	4.302.039,86	DKK	AU000000REA9	0,01 %	https://pka.dk/ansvarlighed/ansvarlige-investeringer/politikker-og-rapporter
Pensionskassernes Administration a/s	Realtek semiconductor	2026	3.747.077,06	DKK	TW0002379005	0,00 %	https://pka.dk/ansvarlighed/ansvarlige-investeringer/politikker-og-rapporter
Pensionskassernes Administration a/s	Realty income corp	2026	53.088.830,95	DKK	US7561091049	0,06 %	https://pka.dk/ansvarlighed/ansvarlige-investeringer/politikker-og-rapporter
Pensionskassernes Administration a/s	Rec	2026	2.664.135,54	DKK	INE020B01018	0,00 %	https://pka.dk/ansvarlighed/ansvarlige-investeringer/politikker-og-rapporter
Pensionskassernes Administration a/s	Reckitt benckiser group	2026	34.497.021,34	DKK	GB00BSZBP530	0,04 %	https://pka.dk/ansvarlighed/ansvarlige-investeringer/politikker-og-rapporter
Pensionskassernes Administration a/s	Recordati	2026	2.755.360,12	DKK	IT0003828271	0,00 %	https://pka.dk/ansvarlighed/ansvarlige-investeringer/politikker-og-rapporter
Pensionskassernes Administration a/s	Recruit holdings co	2026	90.411.497,26	DKK	JP3970300004	0,11 %	https://pka.dk/ansvarlighed/ansvarlige-investeringer/politikker-og-rapporter
Pensionskassernes Administration a/s	Reddit a	2026	16.219.395,73	DKK	US75734B1008	0,02 %	https://pka.dk/ansvarlighed/ansvarlige-investeringer/politikker-og-rapporter
Pensionskassernes Administration a/s	Redeia corp	2026	1.045.527,28	DKK	ES0173093024	0,00 %	https://pka.dk/ansvarlighed/ansvarlige-investeringer/politikker-og-rapporter
Pensionskassernes Administration a/s	Regency centers corp	2026	22.038.156,84	DKK	US7588491032	0,03 %	https://pka.dk/ansvarlighed/ansvarlige-investeringer/politikker-og-rapporter
Pensionskassernes Administration a/s	Regeneron pharmaceutical	2026	61.015.186,69	DKK	US75886F1075	0,07 %	https://pka.dk/ansvarlighed/ansvarlige-investeringer/politikker-og-rapporter
Pensionskassernes Administration a/s	Regions financial (new)	2026	28.123.277,31	DKK	US7591EP1005	0,03 %	https://pka.dk/ansvarlighed/ansvarlige-investeringer/politikker-og-rapporter
Pensionskassernes Administration a/s	Reliance	2026	24.418.244,63	DKK	US7595091023	0,03 %	https://pka.dk/ansvarlighed/ansvarlige-investeringer/politikker-og-rapporter
Pensionskassernes Administration a/s	Relx (gb)	2026	61.689.683,59	DKK	GB00B2B0DG97	0,08 %	https://pka.dk/ansvarlighed/ansvarlige-investeringer/politikker-og-rapporter
Pensionskassernes Administration a/s	Renault	2026	6.814.190,07	DKK	FR0000131906	0,01 %	https://pka.dk/ansvarlighed/ansvarlige-investeringer/politikker-og-rapporter
Pensionskassernes Administration a/s	Renesas electronics corp	2026	48.706.595,60	DKK	JP3164720009	0,06 %	https://pka.dk/ansvarlighed/ansvarlige-investeringer/politikker-og-rapporter
Pensionskassernes Administration a/s	Rentokil initial	2026	13.735.056,52	DKK	GB00B082RF11	0,02 %	https://pka.dk/ansvarlighed/ansvarlige-investeringer/politikker-og-rapporter
Pensionskassernes Administration a/s	Repsol	2026	32.024.846,12	DKK	ES0173516115	0,04 %	https://pka.dk/ansvarlighed/ansvarlige-investeringer/politikker-og-rapporter
Pensionskassernes Administration a/s	Republic services	2026	26.254.320,22	DKK	US7607591002	0,03 %	https://pka.dk/ansvarlighed/ansvarlige-investeringer/politikker-og-rapporter
Pensionskassernes Administration a/s	Resmed	2026	26.592.029,37	DKK	US7611521078	0,03 %	https://pka.dk/ansvarlighed/ansvarlige-investeringer/politikker-og-rapporter
Pensionskassernes Administration a/s	Resona holdings	2026	23.349.898,27	DKK	JP3500610005	0,03 %	https://pka.dk/ansvarlighed/ansvarlige-investeringer/politikker-og-rapporter
Pensionskassernes Administration a/s	Resonac holdings corp	2026	13.509.014,18	DKK	JP3368000000	0,02 %	https://pka.dk/ansvarlighed/ansvarlige-investeringer/politikker-og-rapporter
Pensionskassernes Administration a/s	Restaurant brands int	2026	20.506.618,75	DKK	CA76131D1033	0,03 %	https://pka.dk/ansvarlighed/ansvarlige-investeringer/politikker-og-rapporter
Pensionskassernes Administration a/s	Revolution medicines	2026	26.178.292,16	DKK	US76155X1000	0,03 %	https://pka.dk/ansvarlighed/ansvarlige-investeringer/politikker-og-rapporter
Pensionskassernes Administration a/s	Rexel	2026	10.607.563,07	DKK	FR0010451203	0,01 %	https://pka.dk/ansvarlighed/ansvarlige-investeringer/politikker-og-rapporter
Pensionskassernes Administration a/s	Rheinmetall	2026	60.833.942,79	DKK	DE0007030009	0,07 %	https://pka.dk/ansvarlighed/ansvarlige-investeringer/politikker-og-rapporter
Pensionskassernes Administration a/s	Rio tinto ltd (au)	2026	62.079.619,40	DKK	AU000000RIO1	0,08 %	https://pka.dk/ansvarlighed/ansvarlige-investeringer/politikker-og-rapporter
Pensionskassernes Administration a/s	Rio tinto plc (gb)	2026	94.156.922,31	DKK	GB0007188757	0,11 %	https://pka.dk/ansvarlighed/ansvarlige-investeringer/politikker-og-rapporter
Pensionskassernes Administration a/s	Rivian automotive a	2026	11.731.364,56	DKK	US76954A1034	0,01 %	https://pka.dk/ansvarlighed/ansvarlige-investeringer/politikker-og-rapporter
Pensionskassernes Administration a/s	Riyad bank	2026	4.882.417,09	DKK	SA0007879048	0,01 %	https://pka.dk/ansvarlighed/ansvarlige-investeringer/politikker-og-rapporter
Pensionskassernes Administration a/s	Robinhood markets a	2026	67.009.876,66	DKK	US7707001027	0,08 %	https://pka.dk/ansvarlighed/ansvarlige-investeringer/politikker-og-rapporter
Pensionskassernes Administration a/s	Roblox corp a	2026	26.825.417,89	DKK	US7710491033	0,03 %	https://pka.dk/ansvarlighed/ansvarlige-investeringer/politikker-og-rapporter
Pensionskassernes Administration a/s	Roche holding inhaber	2026	4.363.361,80	DKK	CH0012032113	0,01 %	https://pka.dk/ansvarlighed/ansvarlige-investeringer/politikker-og-rapporter
Pensionskassernes Administration a/s	Roche holding part	2026	280.997.512,09	DKK	CH1499059983	0,34 %	https://pka.dk/ansvarlighed/ansvarlige-investeringer/politikker-og-rapporter
Pensionskassernes Administration a/s	Rockchip elect a (hk-c)	2026	755.894,34	DKK	CNE100003RK2	0,00 %	https://pka.dk/ansvarlighed/ansvarlige-investeringer/politikker-og-rapporter
Pensionskassernes Administration a/s	Rocket companies a	2026	11.369.551,90	DKK	US77311W1018	0,01 %	https://pka.dk/ansvarlighed/ansvarlige-investeringer/politikker-og-rapporter
Pensionskassernes Administration a/s	Rocket lab corp	2026	59.937.737,08	DKK	US7731211089	0,07 %	https://pka.dk/ansvarlighed/ansvarlige-investeringer/politikker-og-rapporter
Pensionskassernes Administration a/s	Rockwell automation	2026	56.062.021,31	DKK	US7739031091	0,07 %	https://pka.dk/ansvarlighed/ansvarlige-investeringer/politikker-og-rapporter
Pensionskassernes Administration a/s	Rogers communications b	2026	11.435.133,18	DKK	CA7751092007	0,01 %	https://pka.dk/ansvarlighed/ansvarlige-investeringer/politikker-og-rapporter
Pensionskassernes Administration a/s	Rollins	2026	12.236.193,33	DKK	US7757111049	0,01 %	https://pka.dk/ansvarlighed/ansvarlige-investeringer/politikker-og-rapporter
Pensionskassernes Administration a/s	Roper technologies	2026	34.774.110,35	DKK	US7766961061	0,04 %	https://pka.dk/ansvarlighed/ansvarlige-investeringer/politikker-og-rapporter
Pensionskassernes Administration a/s	Ross stores	2026	68.365.418,10	DKK	US7782961038	0,08 %	https://pka.dk/ansvarlighed/ansvarlige-investeringer/politikker-og-rapporter
Pensionskassernes Administration a/s	Rosseti volga pjsc	2026	0,02	DKK	RU000A0JPPN4	0,00 %	https://pka.dk/ansvarlighed/ansvarlige-investeringer/politikker-og-rapporter
Pensionskassernes Administration a/s	Royal bank of canada	2026	263.590.646,62	DKK	CA7800871021	0,32 %	https://pka.dk/ansvarlighed/ansvarlige-investeringer/politikker-og-rapporter
Pensionskassernes Administration a/s	Royal caribbean group	2026	69.168.441,93	DKK	LR0008862868	0,08 %	https://pka.dk/ansvarlighed/ansvarlige-investeringer/politikker-og-rapporter
Pensionskassernes Administration a/s	Royalty pharma a	2026	25.178.661,47	DKK	GB00BMVP7Y09	0,03 %	https://pka.dk/ansvarlighed/ansvarlige-investeringer/politikker-og-rapporter
Pensionskassernes Administration a/s	Rpm intl	2026	16.647.680,42	DKK	US7496851038	0,02 %	https://pka.dk/ansvarlighed/ansvarlige-investeringer/politikker-og-rapporter
Pensionskassernes Administration a/s	Ryohin keikaku co	2026	11.429.302,66	DKK	JP3976300008	0,01 %	https://pka.dk/ansvarlighed/ansvarlige-investeringer/politikker-og-rapporter
Pensionskassernes Administration a/s	S&p global	2026	129.284.587,39	DKK	US78409V1044	0,16 %	https://pka.dk/ansvarlighed/ansvarlige-investeringer/politikker-og-rapporter
Pensionskassernes Administration a/s	Saab b	2026	17.364.477,05	DKK	SE0021921269	0,02 %	https://pka.dk/ansvarlighed/ansvarlige-investeringer/politikker-og-rapporter
Pensionskassernes Administration a/s	Sabic agri-nutrients	2026	3.544.644,50	DKK	SA0007879139	0,00 %	https://pka.dk/ansvarlighed/ansvarlige-investeringer/politikker-og-rapporter
Pensionskassernes Administration a/s	Sagax b	2026	1.519.724,56	DKK	SE0005127818	0,00 %	https://pka.dk/ansvarlighed/ansvarlige-investeringer/politikker-og-rapporter
Pensionskassernes Administration a/s	Sage group (the)	2026	8.624.424,48	DKK	GB00B8C3BL03	0,01 %	https://pka.dk/ansvarlighed/ansvarlige-investeringer/politikker-og-rapporter
Pensionskassernes Administration a/s	Sainsbury (j)	2026	4.189.688,64	DKK	GB00B019KW72	0,01 %	https://pka.dk/ansvarlighed/ansvarlige-investeringer/politikker-og-rapporter
Pensionskassernes Administration a/s	Saint-gobain	2026	37.117.232,60	DKK	FR0000125007	0,05 %	https://pka.dk/ansvarlighed/ansvarlige-investeringer/politikker-og-rapporter
Pensionskassernes Administration a/s	Salesforce	2026	175.784.018,79	DKK	US79466L3024	0,21 %	https://pka.dk/ansvarlighed/ansvarlige-investeringer/politikker-og-rapporter
Pensionskassernes Administration a/s	Salik company	2026	510.079,00	DKK	AEE01110S227	0,00 %	https://pka.dk/ansvarlighed/ansvarlige-investeringer/politikker-og-rapporter
Pensionskassernes Administration a/s	Salmar	2026	2.374.052,30	DKK	NO0010310956	0,00 %	https://pka.dk/ansvarlighed/ansvarlige-investeringer/politikker-og-rapporter
Pensionskassernes Administration a/s	Sampo a	2026	30.149.494,60	DKK	FI4000552500	0,04 %	https://pka.dk/ansvarlighed/ansvarlige-investeringer/politikker-og-rapporter
Pensionskassernes Administration a/s	Samsara a	2026	12.746.697,96	DKK	US79589L1061	0,02 %	https://pka.dk/ansvarlighed/ansvarlige-investeringer/politikker-og-rapporter
Pensionskassernes Administration a/s	Samsung biologics	2026	4.681.745,75	DKK	KR7207940008	0,01 %	https://pka.dk/ansvarlighed/ansvarlige-investeringer/politikker-og-rapporter
Pensionskassernes Administration a/s	Samsung c&t corporation	2026	11.469.072,12	DKK	KR7028260008	0,01 %	https://pka.dk/ansvarlighed/ansvarlige-investeringer/politikker-og-rapporter
Pensionskassernes Administration a/s	Samsung electro-mech. co	2026	23.666.291,78	DKK	KR7009150004	0,03 %	https://pka.dk/ansvarlighed/ansvarlige-investeringer/politikker-og-rapporter
Pensionskassernes Administration a/s	Samsung electronics co	2026	421.890.367,83	DKK	KR7005930003	0,52 %	https://pka.dk/ansvarlighed/ansvarlige-investeringer/politikker-og-rapporter
Pensionskassernes Administration a/s	Samsung electronics pref	2026	52.966.711,74	DKK	KR7005931001	0,06 %	https://pka.dk/ansvarlighed/ansvarlige-investeringer/politikker-og-rapporter
Pensionskassernes Administration a/s	Samsung fire & marine	2026	7.002.824,01	DKK	KR7000810002	0,01 %	https://pka.dk/ansvarlighed/ansvarlige-investeringer/politikker-og-rapporter
Pensionskassernes Administration a/s	Samsung heavy industries	2026	5.485.345,89	DKK	KR7010140002	0,01 %	https://pka.dk/ansvarlighed/ansvarlige-investeringer/politikker-og-rapporter
Pensionskassernes Administration a/s	Samsung life insurance	2026	8.837.331,55	DKK	KR7032830002	0,01 %	https://pka.dk/ansvarlighed/ansvarlige-investeringer/politikker-og-rapporter
Pensionskassernes Administration a/s	Samsung sdi co	2026	11.217.714,53	DKK	KR7006400006	0,01 %	https://pka.dk/ansvarlighed/ansvarlige-investeringer/politikker-og-rapporter
Pensionskassernes Administration a/s	Samvardhana motherson	2026	2.923.474,88	DKK	INE775A01035	0,00 %	https://pka.dk/ansvarlighed/ansvarlige-investeringer/politikker-og-rapporter
Pensionskassernes Administration a/s	Samyang foods	2026	453.781,41	DKK	KR7003230000	0,00 %	https://pka.dk/ansvarlighed/ansvarlige-investeringer/politikker-og-rapporter
Pensionskassernes Administration a/s	Sandoz group	2026	28.899.626,15	DKK	CH1243598427	0,04 %	https://pka.dk/ansvarlighed/ansvarlige-investeringer/politikker-og-rapporter
Pensionskassernes Administration a/s	Sands china	2026	6.410.693,65	DKK	KYG7800X1079	0,01 %	https://pka.dk/ansvarlighed/ansvarlige-investeringer/politikker-og-rapporter
Pensionskassernes Administration a/s	Sandvik	2026	46.191.166,18	DKK	SE0000667891	0,06 %	https://pka.dk/ansvarlighed/ansvarlige-investeringer/politikker-og-rapporter
Pensionskassernes Administration a/s	Sanlam	2026	4.004.583,47	DKK	ZAE000070660	0,00 %	https://pka.dk/ansvarlighed/ansvarlige-investeringer/politikker-og-rapporter
Pensionskassernes Administration a/s	Sanofi	2026	92.462.920,64	DKK	FR0000120578	0,11 %	https://pka.dk/ansvarlighed/ansvarlige-investeringer/politikker-og-rapporter
Pensionskassernes Administration a/s	Sanrio co	2026	4.525.460,95	DKK	JP3343200006	0,01 %	https://pka.dk/ansvarlighed/ansvarlige-investeringer/politikker-og-rapporter
Pensionskassernes Administration a/s	Santos	2026	18.196.149,87	DKK	AU000000STO6	0,02 %	https://pka.dk/ansvarlighed/ansvarlige-investeringer/politikker-og-rapporter
Pensionskassernes Administration a/s	Sap	2026	194.703.604,62	DKK	DE0007164600	0,24 %	https://pka.dk/ansvarlighed/ansvarlige-investeringer/politikker-og-rapporter
Pensionskassernes Administration a/s	Saputo	2026	2.947.219,51	DKK	CA8029121057	0,00 %	https://pka.dk/ansvarlighed/ansvarlige-investeringer/politikker-og-rapporter
Pensionskassernes Administration a/s	Sartorius stedim biotech	2026	2.959.504,89	DKK	FR0013154002	0,00 %	https://pka.dk/ansvarlighed/ansvarlige-investeringer/politikker-og-rapporter
Pensionskassernes Administration a/s	Sartorius vorzug	2026	6.835.404,20	DKK	DE0007165631	0,01 %	https://pka.dk/ansvarlighed/ansvarlige-investeringer/politikker-og-rapporter
Pensionskassernes Administration a/s	Saudi arabian mining co	2026	7.329.127,13	DKK	SA123GA0ITH7	0,01 %	https://pka.dk/ansvarlighed/ansvarlige-investeringer/politikker-og-rapporter
Pensionskassernes Administration a/s	Saudi awwal bank	2026	4.354.473,43	DKK	SA0007879089	0,01 %	https://pka.dk/ansvarlighed/ansvarlige-investeringer/politikker-og-rapporter
Pensionskassernes Administration a/s	Saudi national bank	2026	11.729.878,28	DKK	SA13L050IE10	0,01 %	https://pka.dk/ansvarlighed/ansvarlige-investeringer/politikker-og-rapporter
Pensionskassernes Administration a/s	Saudi telecom co	2026	9.328.525,98	DKK	SA0007879543	0,01 %	https://pka.dk/ansvarlighed/ansvarlige-investeringer/politikker-og-rapporter
Pensionskassernes Administration a/s	Sba communications a	2026	20.644.747,98	DKK	US78410G1040	0,03 %	https://pka.dk/ansvarlighed/ansvarlige-investeringer/politikker-og-rapporter
Pensionskassernes Administration a/s	Sbi holdings	2026	9.168.027,10	DKK	JP3436120004	0,01 %	https://pka.dk/ansvarlighed/ansvarlige-investeringer/politikker-og-rapporter
Pensionskassernes Administration a/s	Sbi life insurance co	2026	3.999.001,94	DKK	INE123W01016	0,00 %	https://pka.dk/ansvarlighed/ansvarlige-investeringer/politikker-og-rapporter
Pensionskassernes Administration a/s	Sca b	2026	3.703.961,47	DKK	SE0000112724	0,00 %	https://pka.dk/ansvarlighed/ansvarlige-investeringer/politikker-og-rapporter
Pensionskassernes Administration a/s	Scentre group	2026	7.147.451,98	DKK	AU000000SCG8	0,01 %	https://pka.dk/ansvarlighed/ansvarlige-investeringer/politikker-og-rapporter
Pensionskassernes Administration a/s	Schindler holding namen	2026	4.787.825,08	DKK	CH0024638212	0,01 %	https://pka.dk/ansvarlighed/ansvarlige-investeringer/politikker-og-rapporter
Pensionskassernes Administration a/s	Schindler holding part	2026	11.476.987,34	DKK	CH0024638196	0,01 %	https://pka.dk/ansvarlighed/ansvarlige-investeringer/politikker-og-rapporter
Pensionskassernes Administration a/s	Schneider electric	2026	170.165.790,08	DKK	FR0000121972	0,21 %	https://pka.dk/ansvarlighed/ansvarlige-investeringer/politikker-og-rapporter
Pensionskassernes Administration a/s	Schwab (charles) corp	2026	145.164.505,42	DKK	US8085131055	0,18 %	https://pka.dk/ansvarlighed/ansvarlige-investeringer/politikker-og-rapporter
Pensionskassernes Administration a/s	Scout24	2026	6.413.603,81	DKK	DE000A12DM80	0,01 %	https://pka.dk/ansvarlighed/ansvarlige-investeringer/politikker-og-rapporter
Pensionskassernes Administration a/s	Screen holdings co	2026	10.905.750,19	DKK	JP3494600004	0,01 %	https://pka.dk/ansvarlighed/ansvarlige-investeringer/politikker-og-rapporter
Pensionskassernes Administration a/s	Sea a adr	2026	35.654.191,56	DKK	US81141R1005	0,04 %	https://pka.dk/ansvarlighed/ansvarlige-investeringer/politikker-og-rapporter
Pensionskassernes Administration a/s	Seagate technology	2026	193.149.540,11	DKK	IE00BKVD2N49	0,24 %	https://pka.dk/ansvarlighed/ansvarlige-investeringer/politikker-og-rapporter
Pensionskassernes Administration a/s	Secom co	2026	14.184.541,27	DKK	JP3421800008	0,02 %	https://pka.dk/ansvarlighed/ansvarlige-investeringer/politikker-og-rapporter
Pensionskassernes Administration a/s	Securitas b	2026	8.255.911,60	DKK	SE0000163594	0,01 %	https://pka.dk/ansvarlighed/ansvarlige-investeringer/politikker-og-rapporter
Pensionskassernes Administration a/s	Segro	2026	5.183.931,55	DKK	GB00B5ZN1N88	0,01 %	https://pka.dk/ansvarlighed/ansvarlige-investeringer/politikker-og-rapporter
Pensionskassernes Administration a/s	Seibu holdings	2026	2.076.145,19	DKK	JP3417200007	0,00 %	https://pka.dk/ansvarlighed/ansvarlige-investeringer/politikker-og-rapporter
Pensionskassernes Administration a/s	Sekisui house	2026	12.034.253,39	DKK	JP3420600003	0,01 %	https://pka.dk/ansvarlighed/ansvarlige-investeringer/politikker-og-rapporter
Pensionskassernes Administration a/s	Sempra energy	2026	58.309.711,13	DKK	US8168511090	0,07 %	https://pka.dk/ansvarlighed/ansvarlige-investeringer/politikker-og-rapporter
Pensionskassernes Administration a/s	Sensetime group b	2026	2.792.505,41	DKK	KYG8062L1041	0,00 %	https://pka.dk/ansvarlighed/ansvarlige-investeringer/politikker-og-rapporter
Pensionskassernes Administration a/s	Servicenow	2026	135.418.082,59	DKK	US81762P1021	0,17 %	https://pka.dk/ansvarlighed/ansvarlige-investeringer/politikker-og-rapporter
Pensionskassernes Administration a/s	Seven & i holdings co	2026	24.902.354,45	DKK	JP3422950000	0,03 %	https://pka.dk/ansvarlighed/ansvarlige-investeringer/politikker-og-rapporter
Pensionskassernes Administration a/s	Severn trent	2026	17.532.659,48	DKK	GB00B1FH8J72	0,02 %	https://pka.dk/ansvarlighed/ansvarlige-investeringer/politikker-og-rapporter
Pensionskassernes Administration a/s	Sgh	2026	4.283.020,61	DKK	AU0000364754	0,01 %	https://pka.dk/ansvarlighed/ansvarlige-investeringer/politikker-og-rapporter
Pensionskassernes Administration a/s	Sgs	2026	15.200.737,85	DKK	CH1256740924	0,02 %	https://pka.dk/ansvarlighed/ansvarlige-investeringer/politikker-og-rapporter
Pensionskassernes Administration a/s	Shandong gold a (hk-c)	2026	774.677,97	DKK	CNE000001FR7	0,00 %	https://pka.dk/ansvarlighed/ansvarlige-investeringer/politikker-og-rapporter
Pensionskassernes Administration a/s	Shandong gold-mining h	2026	963.679,00	DKK	CNE1000036N7	0,00 %	https://pka.dk/ansvarlighed/ansvarlige-investeringer/politikker-og-rapporter
Pensionskassernes Administration a/s	Sharkninja	2026	8.330.491,00	DKK	KYG8068L1086	0,01 %	https://pka.dk/ansvarlighed/ansvarlige-investeringer/politikker-og-rapporter
Pensionskassernes Administration a/s	Shenzhen mindray a(hk-c)	2026	1.975.145,11	DKK	CNE100003G67	0,00 %	https://pka.dk/ansvarlighed/ansvarlige-investeringer/politikker-og-rapporter
Pensionskassernes Administration a/s	Shenzhou international	2026	2.240.928,79	DKK	KYG8087W1015	0,00 %	https://pka.dk/ansvarlighed/ansvarlige-investeringer/politikker-og-rapporter
Pensionskassernes Administration a/s	Sherwin-williams co	2026	70.033.310,92	DKK	US8243481061	0,09 %	https://pka.dk/ansvarlighed/ansvarlige-investeringer/politikker-og-rapporter
Pensionskassernes Administration a/s	Shimano	2026	6.330.641,23	DKK	JP3358000002	0,01 %	https://pka.dk/ansvarlighed/ansvarlige-investeringer/politikker-og-rapporter
Pensionskassernes Administration a/s	Shimizu corp	2026	6.846.678,53	DKK	JP3358800005	0,01 %	https://pka.dk/ansvarlighed/ansvarlige-investeringer/politikker-og-rapporter
Pensionskassernes Administration a/s	Shin-etsu chemical co	2026	80.692.595,44	DKK	JP3371200001	0,10 %	https://pka.dk/ansvarlighed/ansvarlige-investeringer/politikker-og-rapporter
Pensionskassernes Administration a/s	Shinhan financial group	2026	12.658.797,46	DKK	KR7055550008	0,02 %	https://pka.dk/ansvarlighed/ansvarlige-investeringer/politikker-og-rapporter
Pensionskassernes Administration a/s	Shionogi & co	2026	11.238.556,07	DKK	JP3347200002	0,01 %	https://pka.dk/ansvarlighed/ansvarlige-investeringer/politikker-og-rapporter
Pensionskassernes Administration a/s	Shiseido co	2026	7.561.763,14	DKK	JP3351600006	0,01 %	https://pka.dk/ansvarlighed/ansvarlige-investeringer/politikker-og-rapporter
Pensionskassernes Administration a/s	Shopify a	2026	144.315.989,08	DKK	CA82509L1076	0,18 %	https://pka.dk/ansvarlighed/ansvarlige-investeringer/politikker-og-rapporter
Pensionskassernes Administration a/s	Shoprite holdings	2026	3.299.578,24	DKK	ZAE000012084	0,00 %	https://pka.dk/ansvarlighed/ansvarlige-investeringer/politikker-og-rapporter
Pensionskassernes Administration a/s	Shriram finance	2026	6.181.996,64	DKK	INE721A01047	0,01 %	https://pka.dk/ansvarlighed/ansvarlige-investeringer/politikker-og-rapporter
Pensionskassernes Administration a/s	Sibanye stillwater	2026	2.074.510,80	DKK	ZAE000259701	0,00 %	https://pka.dk/ansvarlighed/ansvarlige-investeringer/politikker-og-rapporter
Pensionskassernes Administration a/s	Sichuan chuant a (hk-c)	2026	2.439.713,02	DKK	CNE000000BQ0	0,00 %	https://pka.dk/ansvarlighed/ansvarlige-investeringer/politikker-og-rapporter
Pensionskassernes Administration a/s	Siemens	2026	226.935.612,47	DKK	DE0007236101	0,28 %	https://pka.dk/ansvarlighed/ansvarlige-investeringer/politikker-og-rapporter
Pensionskassernes Administration a/s	Siemens energy	2026	139.461.751,52	DKK	DE000ENER6Y0	0,17 %	https://pka.dk/ansvarlighed/ansvarlige-investeringer/politikker-og-rapporter
Pensionskassernes Administration a/s	Siemens healthineers	2026	12.659.917,44	DKK	DE000SHL1006	0,02 %	https://pka.dk/ansvarlighed/ansvarlige-investeringer/politikker-og-rapporter
Pensionskassernes Administration a/s	Siemens india	2026	1.964.605,53	DKK	INE003A01024	0,00 %	https://pka.dk/ansvarlighed/ansvarlige-investeringer/politikker-og-rapporter
Pensionskassernes Administration a/s	Sigma healthcare	2026	9.216.063,14	DKK	AU000000SIG5	0,01 %	https://pka.dk/ansvarlighed/ansvarlige-investeringer/politikker-og-rapporter
Pensionskassernes Administration a/s	Sika	2026	29.508.286,92	DKK	CH0418792922	0,04 %	https://pka.dk/ansvarlighed/ansvarlige-investeringer/politikker-og-rapporter
Pensionskassernes Administration a/s	Simon property group	2026	62.758.079,94	DKK	US8288061091	0,08 %	https://pka.dk/ansvarlighed/ansvarlige-investeringer/politikker-og-rapporter
Pensionskassernes Administration a/s	Singapore airlines	2026	3.820.948,83	DKK	SG1V61937297	0,00 %	https://pka.dk/ansvarlighed/ansvarlige-investeringer/politikker-og-rapporter
Pensionskassernes Administration a/s	Singapore exchange	2026	13.378.238,21	DKK	SG1J26887955	0,02 %	https://pka.dk/ansvarlighed/ansvarlige-investeringer/politikker-og-rapporter
Pensionskassernes Administration a/s	Singapore tech engr	2026	12.237.394,69	DKK	SG1F60858221	0,01 %	https://pka.dk/ansvarlighed/ansvarlige-investeringer/politikker-og-rapporter
Pensionskassernes Administration a/s	Singapore telecom	2026	22.730.552,22	DKK	SG1T75931496	0,03 %	https://pka.dk/ansvarlighed/ansvarlige-investeringer/politikker-og-rapporter
Pensionskassernes Administration a/s	Sino biopharmaceutical	2026	3.514.558,75	DKK	KYG8167W1380	0,00 %	https://pka.dk/ansvarlighed/ansvarlige-investeringer/politikker-og-rapporter
Pensionskassernes Administration a/s	Sino land	2026	2.301.292,47	DKK	HK0083000502	0,00 %	https://pka.dk/ansvarlighed/ansvarlige-investeringer/politikker-og-rapporter
Pensionskassernes Administration a/s	Sinopac holdings	2026	11.535.614,03	DKK	TW0002890001	0,01 %	https://pka.dk/ansvarlighed/ansvarlige-investeringer/politikker-og-rapporter
Pensionskassernes Administration a/s	Sinopharm group co h	2026	2.199.148,90	DKK	CNE100000FN7	0,00 %	https://pka.dk/ansvarlighed/ansvarlige-investeringer/politikker-og-rapporter
Pensionskassernes Administration a/s	Sitc intl holdings	2026	4.909.178,35	DKK	KYG8187G1055	0,01 %	https://pka.dk/ansvarlighed/ansvarlige-investeringer/politikker-og-rapporter
Pensionskassernes Administration a/s	Sk hynix	2026	334.067.260,03	DKK	KR7000660001	0,41 %	https://pka.dk/ansvarlighed/ansvarlige-investeringer/politikker-og-rapporter
Pensionskassernes Administration a/s	Sk square co	2026	31.063.442,79	DKK	KR7402340004	0,04 %	https://pka.dk/ansvarlighed/ansvarlige-investeringer/politikker-og-rapporter
Pensionskassernes Administration a/s	Skand.enskilda banken a	2026	27.077.864,85	DKK	SE0000148884	0,03 %	https://pka.dk/ansvarlighed/ansvarlige-investeringer/politikker-og-rapporter
Pensionskassernes Administration a/s	Skanska b	2026	9.852.156,70	DKK	SE0000113250	0,01 %	https://pka.dk/ansvarlighed/ansvarlige-investeringer/politikker-og-rapporter
Pensionskassernes Administration a/s	Skf b	2026	8.522.917,47	DKK	SE0000108227	0,01 %	https://pka.dk/ansvarlighed/ansvarlige-investeringer/politikker-og-rapporter
Pensionskassernes Administration a/s	Smc corp	2026	20.092.798,79	DKK	JP3162600005	0,02 %	https://pka.dk/ansvarlighed/ansvarlige-investeringer/politikker-og-rapporter
Pensionskassernes Administration a/s	Smith & nephew	2026	8.947.636,59	DKK	GB0009223206	0,01 %	https://pka.dk/ansvarlighed/ansvarlige-investeringer/politikker-og-rapporter
Pensionskassernes Administration a/s	Smiths group	2026	8.226.920,26	DKK	GB00B1WY2338	0,01 %	https://pka.dk/ansvarlighed/ansvarlige-investeringer/politikker-og-rapporter
Pensionskassernes Administration a/s	Smurfit westrock	2026	17.766.224,70	DKK	IE00028FXN24	0,02 %	https://pka.dk/ansvarlighed/ansvarlige-investeringer/politikker-og-rapporter
Pensionskassernes Administration a/s	Snam	2026	13.695.666,60	DKK	IT0003153415	0,02 %	https://pka.dk/ansvarlighed/ansvarlige-investeringer/politikker-og-rapporter
Pensionskassernes Administration a/s	Snap-on	2026	16.867.529,10	DKK	US8330341012	0,02 %	https://pka.dk/ansvarlighed/ansvarlige-investeringer/politikker-og-rapporter
Pensionskassernes Administration a/s	Snowflake	2026	85.417.613,73	DKK	US8334451098	0,10 %	https://pka.dk/ansvarlighed/ansvarlige-investeringer/politikker-og-rapporter
Pensionskassernes Administration a/s	Societe generale	2026	51.622.852,29	DKK	FR0000130809	0,06 %	https://pka.dk/ansvarlighed/ansvarlige-investeringer/politikker-og-rapporter
Pensionskassernes Administration a/s	Sodexo	2026	3.538.313,88	DKK	FR0000121220	0,00 %	https://pka.dk/ansvarlighed/ansvarlige-investeringer/politikker-og-rapporter
Pensionskassernes Administration a/s	Sofi technologies	2026	25.205.530,84	DKK	US83406F1021	0,03 %	https://pka.dk/ansvarlighed/ansvarlige-investeringer/politikker-og-rapporter
Pensionskassernes Administration a/s	Sofina	2026	3.019.611,60	DKK	BE0003717312	0,00 %	https://pka.dk/ansvarlighed/ansvarlige-investeringer/politikker-og-rapporter
Pensionskassernes Administration a/s	Softbank corp	2026	34.804.316,04	DKK	JP3732000009	0,04 %	https://pka.dk/ansvarlighed/ansvarlige-investeringer/politikker-og-rapporter
Pensionskassernes Administration a/s	Softbank group corp	2026	190.476.564,89	DKK	JP3436100006	0,23 %	https://pka.dk/ansvarlighed/ansvarlige-investeringer/politikker-og-rapporter
Pensionskassernes Administration a/s	S-oil corp	2026	4.488.430,40	DKK	KR7010950004	0,01 %	https://pka.dk/ansvarlighed/ansvarlige-investeringer/politikker-og-rapporter
Pensionskassernes Administration a/s	Sompo holdings	2026	34.608.309,24	DKK	JP3165000005	0,04 %	https://pka.dk/ansvarlighed/ansvarlige-investeringer/politikker-og-rapporter
Pensionskassernes Administration a/s	Sonic healthcare	2026	5.623.743,89	DKK	AU000000SHL7	0,01 %	https://pka.dk/ansvarlighed/ansvarlige-investeringer/politikker-og-rapporter
Pensionskassernes Administration a/s	Sonova holding	2026	14.732.689,81	DKK	CH0012549785	0,02 %	https://pka.dk/ansvarlighed/ansvarlige-investeringer/politikker-og-rapporter
Pensionskassernes Administration a/s	Sony financial group	2026	145.388,61	DKK	JP3435350008	0,00 %	https://pka.dk/ansvarlighed/ansvarlige-investeringer/politikker-og-rapporter
Pensionskassernes Administration a/s	Sony group corp	2026	129.573.954,33	DKK	JP3435000009	0,16 %	https://pka.dk/ansvarlighed/ansvarlige-investeringer/politikker-og-rapporter
Pensionskassernes Administration a/s	Soquimich pref b	2026	2.977.607,00	DKK	CLP8716X1082	0,00 %	https://pka.dk/ansvarlighed/ansvarlige-investeringer/politikker-og-rapporter
Pensionskassernes Administration a/s	South 32 (au)	2026	507.435,87	DKK	AU000000S320	0,00 %	https://pka.dk/ansvarlighed/ansvarlige-investeringer/politikker-og-rapporter
Pensionskassernes Administration a/s	Southern copper corp	2026	4.672.511,07	DKK	US84265V1052	0,01 %	https://pka.dk/ansvarlighed/ansvarlige-investeringer/politikker-og-rapporter
Pensionskassernes Administration a/s	Spirax group	2026	5.322.433,78	DKK	GB00BWFGQN14	0,01 %	https://pka.dk/ansvarlighed/ansvarlige-investeringer/politikker-og-rapporter
Pensionskassernes Administration a/s	Spotify technology	2026	74.290.510,24	DKK	LU1778762911	0,09 %	https://pka.dk/ansvarlighed/ansvarlige-investeringer/politikker-og-rapporter
Pensionskassernes Administration a/s	Ss&c technologies hldgs	2026	16.584.769,41	DKK	US78467J1007	0,02 %	https://pka.dk/ansvarlighed/ansvarlige-investeringer/politikker-og-rapporter
Pensionskassernes Administration a/s	Sse	2026	37.006.328,34	DKK	GB0007908733	0,05 %	https://pka.dk/ansvarlighed/ansvarlige-investeringer/politikker-og-rapporter
Pensionskassernes Administration a/s	Standard chartered	2026	49.357.691,47	DKK	GB0004082847	0,06 %	https://pka.dk/ansvarlighed/ansvarlige-investeringer/politikker-og-rapporter
Pensionskassernes Administration a/s	Standard life	2026	3.496.759,47	DKK	GB00BGXQNP29	0,00 %	https://pka.dk/ansvarlighed/ansvarlige-investeringer/politikker-og-rapporter
Pensionskassernes Administration a/s	Stantec	2026	10.578.332,55	DKK	CA85472N1096	0,01 %	https://pka.dk/ansvarlighed/ansvarlige-investeringer/politikker-og-rapporter
Pensionskassernes Administration a/s	Starbucks corp	2026	105.263.237,12	DKK	US8552441094	0,13 %	https://pka.dk/ansvarlighed/ansvarlige-investeringer/politikker-og-rapporter
Pensionskassernes Administration a/s	State bank of india	2026	9.940.325,05	DKK	INE062A01020	0,01 %	https://pka.dk/ansvarlighed/ansvarlige-investeringer/politikker-og-rapporter
Pensionskassernes Administration a/s	State street corp	2026	27.844.385,80	DKK	US8574771031	0,03 %	https://pka.dk/ansvarlighed/ansvarlige-investeringer/politikker-og-rapporter
Pensionskassernes Administration a/s	Steel dynamics	2026	41.216.631,32	DKK	US8581191009	0,05 %	https://pka.dk/ansvarlighed/ansvarlige-investeringer/politikker-og-rapporter
Pensionskassernes Administration a/s	Stellantis	2026	14.821.614,49	DKK	NL00150001Q9	0,02 %	https://pka.dk/ansvarlighed/ansvarlige-investeringer/politikker-og-rapporter
Pensionskassernes Administration a/s	Steris	2026	18.208.844,60	DKK	IE00BFY8C754	0,02 %	https://pka.dk/ansvarlighed/ansvarlige-investeringer/politikker-og-rapporter
Pensionskassernes Administration a/s	Stmicroelectronics	2026	45.425.940,64	DKK	NL0000226223	0,06 %	https://pka.dk/ansvarlighed/ansvarlige-investeringer/politikker-og-rapporter
Pensionskassernes Administration a/s	Stockland	2026	11.866.871,10	DKK	AU000000SGP0	0,01 %	https://pka.dk/ansvarlighed/ansvarlige-investeringer/politikker-og-rapporter
Pensionskassernes Administration a/s	Stora enso r	2026	8.505.378,60	DKK	FI0009005961	0,01 %	https://pka.dk/ansvarlighed/ansvarlige-investeringer/politikker-og-rapporter
Pensionskassernes Administration a/s	Strategy a	2026	37.548.193,53	DKK	US5949724083	0,05 %	https://pka.dk/ansvarlighed/ansvarlige-investeringer/politikker-og-rapporter
Pensionskassernes Administration a/s	Straumann holding	2026	11.387.128,65	DKK	CH1175448666	0,01 %	https://pka.dk/ansvarlighed/ansvarlige-investeringer/politikker-og-rapporter
Pensionskassernes Administration a/s	Stryker corp	2026	95.786.825,34	DKK	US8636671013	0,12 %	https://pka.dk/ansvarlighed/ansvarlige-investeringer/politikker-og-rapporter
Pensionskassernes Administration a/s	Subaru corporation	2026	9.637.358,60	DKK	JP3814800003	0,01 %	https://pka.dk/ansvarlighed/ansvarlige-investeringer/politikker-og-rapporter
Pensionskassernes Administration a/s	Sumitomo corp	2026	44.456.845,82	DKK	JP3404600003	0,05 %	https://pka.dk/ansvarlighed/ansvarlige-investeringer/politikker-og-rapporter
Pensionskassernes Administration a/s	Sumitomo electric ind	2026	58.002.042,22	DKK	JP3407400005	0,07 %	https://pka.dk/ansvarlighed/ansvarlige-investeringer/politikker-og-rapporter
Pensionskassernes Administration a/s	Sumitomo metal mining co	2026	17.377.190,01	DKK	JP3402600005	0,02 %	https://pka.dk/ansvarlighed/ansvarlige-investeringer/politikker-og-rapporter
Pensionskassernes Administration a/s	Sumitomo mitsui finl grp	2026	128.055.547,13	DKK	JP3890350006	0,16 %	https://pka.dk/ansvarlighed/ansvarlige-investeringer/politikker-og-rapporter
Pensionskassernes Administration a/s	Sumitomo mitsui trust	2026	25.677.573,80	DKK	JP3892100003	0,03 %	https://pka.dk/ansvarlighed/ansvarlige-investeringer/politikker-og-rapporter
Pensionskassernes Administration a/s	Sumitomo realty & dev co	2026	11.747.219,18	DKK	JP3409000001	0,01 %	https://pka.dk/ansvarlighed/ansvarlige-investeringer/politikker-og-rapporter
Pensionskassernes Administration a/s	Sun communities	2026	11.687.862,46	DKK	US8666741041	0,01 %	https://pka.dk/ansvarlighed/ansvarlige-investeringer/politikker-og-rapporter
Pensionskassernes Administration a/s	Sun hung kai properties	2026	24.275.841,96	DKK	HK0016000132	0,03 %	https://pka.dk/ansvarlighed/ansvarlige-investeringer/politikker-og-rapporter
Pensionskassernes Administration a/s	Sun life financial	2026	43.436.483,30	DKK	CA8667961053	0,05 %	https://pka.dk/ansvarlighed/ansvarlige-investeringer/politikker-og-rapporter
Pensionskassernes Administration a/s	Sun pharmaceutical ind	2026	6.432.846,94	DKK	INE044A01036	0,01 %	https://pka.dk/ansvarlighed/ansvarlige-investeringer/politikker-og-rapporter
Pensionskassernes Administration a/s	Sunbelt rentals holdings	2026	30.084.876,30	DKK	US8669661048	0,04 %	https://pka.dk/ansvarlighed/ansvarlige-investeringer/politikker-og-rapporter
Pensionskassernes Administration a/s	Suncorp group	2026	8.984.575,67	DKK	AU000000SUN6	0,01 %	https://pka.dk/ansvarlighed/ansvarlige-investeringer/politikker-og-rapporter
Pensionskassernes Administration a/s	Sungrow power a (hk-c)	2026	4.907.573,43	DKK	CNE1000018M7	0,01 %	https://pka.dk/ansvarlighed/ansvarlige-investeringer/politikker-og-rapporter
Pensionskassernes Administration a/s	Sunny optical tech	2026	3.685.880,92	DKK	KYG8586D1097	0,00 %	https://pka.dk/ansvarlighed/ansvarlige-investeringer/politikker-og-rapporter
Pensionskassernes Administration a/s	Suntory beverage & food	2026	435.666,19	DKK	JP3336560002	0,00 %	https://pka.dk/ansvarlighed/ansvarlige-investeringer/politikker-og-rapporter
Pensionskassernes Administration a/s	Sunway	2026	5.778.198,03	DKK	MYL5211OO007	0,01 %	https://pka.dk/ansvarlighed/ansvarlige-investeringer/politikker-og-rapporter
Pensionskassernes Administration a/s	Super micro computer	2026	21.551.510,64	DKK	US86800U3023	0,03 %	https://pka.dk/ansvarlighed/ansvarlige-investeringer/politikker-og-rapporter
Pensionskassernes Administration a/s	Supreme industries	2026	1.199.478,66	DKK	INE195A01028	0,00 %	https://pka.dk/ansvarlighed/ansvarlige-investeringer/politikker-og-rapporter
Pensionskassernes Administration a/s	Suzano on	2026	3.776.649,65	DKK	BRSUZBACNOR0	0,00 %	https://pka.dk/ansvarlighed/ansvarlige-investeringer/politikker-og-rapporter
Pensionskassernes Administration a/s	Suzlon energy limited	2026	2.088.150,20	DKK	INE040H01021	0,00 %	https://pka.dk/ansvarlighed/ansvarlige-investeringer/politikker-og-rapporter
Pensionskassernes Administration a/s	Svenska handelsbk a	2026	20.304.004,99	DKK	SE0007100599	0,02 %	https://pka.dk/ansvarlighed/ansvarlige-investeringer/politikker-og-rapporter
Pensionskassernes Administration a/s	Swatch group inh	2026	8.639.302,34	DKK	CH0012255151	0,01 %	https://pka.dk/ansvarlighed/ansvarlige-investeringer/politikker-og-rapporter
Pensionskassernes Administration a/s	Swedbank a	2026	28.117.056,81	DKK	SE0000242455	0,03 %	https://pka.dk/ansvarlighed/ansvarlige-investeringer/politikker-og-rapporter
Pensionskassernes Administration a/s	Swedish orphan biovitrum	2026	10.104.613,60	DKK	SE0000872095	0,01 %	https://pka.dk/ansvarlighed/ansvarlige-investeringer/politikker-og-rapporter
Pensionskassernes Administration a/s	Swire pacific a	2026	8.019.543,28	DKK	HK0019000162	0,01 %	https://pka.dk/ansvarlighed/ansvarlige-investeringer/politikker-og-rapporter
Pensionskassernes Administration a/s	Swiss life holding	2026	27.306.983,56	DKK	CH0014852781	0,03 %	https://pka.dk/ansvarlighed/ansvarlige-investeringer/politikker-og-rapporter
Pensionskassernes Administration a/s	Swiss prime site	2026	10.949.505,10	DKK	CH0008038389	0,01 %	https://pka.dk/ansvarlighed/ansvarlige-investeringer/politikker-og-rapporter
Pensionskassernes Administration a/s	Swiss re	2026	40.673.407,96	DKK	CH0126881561	0,05 %	https://pka.dk/ansvarlighed/ansvarlige-investeringer/politikker-og-rapporter
Pensionskassernes Administration a/s	Swisscom	2026	31.886.509,58	DKK	CH0008742519	0,04 %	https://pka.dk/ansvarlighed/ansvarlige-investeringer/politikker-og-rapporter
Pensionskassernes Administration a/s	Syensqo	2026	2.690.690,87	DKK	BE0974464977	0,00 %	https://pka.dk/ansvarlighed/ansvarlige-investeringer/politikker-og-rapporter
Pensionskassernes Administration a/s	Symrise	2026	12.678.703,14	DKK	DE000SYM9999	0,02 %	https://pka.dk/ansvarlighed/ansvarlige-investeringer/politikker-og-rapporter
Pensionskassernes Administration a/s	Synchrony financial	2026	27.647.586,40	DKK	US87165B1035	0,03 %	https://pka.dk/ansvarlighed/ansvarlige-investeringer/politikker-og-rapporter
Pensionskassernes Administration a/s	Synopsys	2026	88.216.796,23	DKK	US8716071076	0,11 %	https://pka.dk/ansvarlighed/ansvarlige-investeringer/politikker-og-rapporter
Pensionskassernes Administration a/s	Sysco corp	2026	35.774.519,61	DKK	US8718291078	0,04 %	https://pka.dk/ansvarlighed/ansvarlige-investeringer/politikker-og-rapporter
Pensionskassernes Administration a/s	T&d holdings	2026	12.719.153,07	DKK	JP3539220008	0,02 %	https://pka.dk/ansvarlighed/ansvarlige-investeringer/politikker-og-rapporter
Pensionskassernes Administration a/s	Taisei corp	2026	11.949.415,80	DKK	JP3443600006	0,01 %	https://pka.dk/ansvarlighed/ansvarlige-investeringer/politikker-og-rapporter
Pensionskassernes Administration a/s	Taiwan semiconductor mfg	2026	709.577.113,80	DKK	TW0002330008	0,87 %	https://pka.dk/ansvarlighed/ansvarlige-investeringer/politikker-og-rapporter
Pensionskassernes Administration a/s	Takeda pharmaceutical	2026	50.429.626,41	DKK	JP3463000004	0,06 %	https://pka.dk/ansvarlighed/ansvarlige-investeringer/politikker-og-rapporter
Pensionskassernes Administration a/s	Take-two interactive sof	2026	39.868.056,70	DKK	US8740541094	0,05 %	https://pka.dk/ansvarlighed/ansvarlige-investeringer/politikker-og-rapporter
Pensionskassernes Administration a/s	Tal education group adr	2026	1.753.857,58	DKK	US8740801043	0,00 %	https://pka.dk/ansvarlighed/ansvarlige-investeringer/politikker-og-rapporter
Pensionskassernes Administration a/s	Talanx	2026	4.123.683,79	DKK	DE000TLX1005	0,01 %	https://pka.dk/ansvarlighed/ansvarlige-investeringer/politikker-og-rapporter
Pensionskassernes Administration a/s	Tapestry	2026	28.889.203,44	DKK	US8760301072	0,04 %	https://pka.dk/ansvarlighed/ansvarlige-investeringer/politikker-og-rapporter
Pensionskassernes Administration a/s	Targa resources corp	2026	57.336.615,94	DKK	US87612G1013	0,07 %	https://pka.dk/ansvarlighed/ansvarlige-investeringer/politikker-og-rapporter
Pensionskassernes Administration a/s	Target corp	2026	56.152.081,90	DKK	US87612E1064	0,07 %	https://pka.dk/ansvarlighed/ansvarlige-investeringer/politikker-og-rapporter
Pensionskassernes Administration a/s	Tata consultancy	2026	7.901.607,78	DKK	INE467B01029	0,01 %	https://pka.dk/ansvarlighed/ansvarlige-investeringer/politikker-og-rapporter
Pensionskassernes Administration a/s	Tata consumer products	2026	3.370.837,90	DKK	INE192A01025	0,00 %	https://pka.dk/ansvarlighed/ansvarlige-investeringer/politikker-og-rapporter
Pensionskassernes Administration a/s	Tata motors	2026	2.962.989,34	DKK	INE1TAE01010	0,00 %	https://pka.dk/ansvarlighed/ansvarlige-investeringer/politikker-og-rapporter
Pensionskassernes Administration a/s	Tata motors passenger v	2026	3.047.306,87	DKK	INE155A01022	0,00 %	https://pka.dk/ansvarlighed/ansvarlige-investeringer/politikker-og-rapporter
Pensionskassernes Administration a/s	Tc energy corporation	2026	36.956.401,78	DKK	CA87807B1076	0,05 %	https://pka.dk/ansvarlighed/ansvarlige-investeringer/politikker-og-rapporter
Pensionskassernes Administration a/s	Tcl technology a (hk-c)	2026	2.635.253,69	DKK	CNE000001GL8	0,00 %	https://pka.dk/ansvarlighed/ansvarlige-investeringer/politikker-og-rapporter
Pensionskassernes Administration a/s	Tdk corp	2026	52.626.846,00	DKK	JP3538800008	0,06 %	https://pka.dk/ansvarlighed/ansvarlige-investeringer/politikker-og-rapporter
Pensionskassernes Administration a/s	Te connectivity	2026	61.345.584,57	DKK	IE000IVNQZ81	0,07 %	https://pka.dk/ansvarlighed/ansvarlige-investeringer/politikker-og-rapporter
Pensionskassernes Administration a/s	Tech mahindra	2026	6.221.833,02	DKK	INE669C01036	0,01 %	https://pka.dk/ansvarlighed/ansvarlige-investeringer/politikker-og-rapporter
Pensionskassernes Administration a/s	Technipfmc	2026	14.956.168,39	DKK	GB00BDSFG982	0,02 %	https://pka.dk/ansvarlighed/ansvarlige-investeringer/politikker-og-rapporter
Pensionskassernes Administration a/s	Techtronic industries co	2026	19.065.052,14	DKK	HK0669013440	0,02 %	https://pka.dk/ansvarlighed/ansvarlige-investeringer/politikker-og-rapporter
Pensionskassernes Administration a/s	Teck resources b	2026	21.912.911,86	DKK	CA8787422044	0,03 %	https://pka.dk/ansvarlighed/ansvarlige-investeringer/politikker-og-rapporter
Pensionskassernes Administration a/s	Tele2 b	2026	16.679.027,73	DKK	SE0005190238	0,02 %	https://pka.dk/ansvarlighed/ansvarlige-investeringer/politikker-og-rapporter
Pensionskassernes Administration a/s	Telecom italia	2026	9.995.279,17	DKK	IT0003497168	0,01 %	https://pka.dk/ansvarlighed/ansvarlige-investeringer/politikker-og-rapporter
Pensionskassernes Administration a/s	Teledyne technologies	2026	28.516.290,28	DKK	US8793601050	0,03 %	https://pka.dk/ansvarlighed/ansvarlige-investeringer/politikker-og-rapporter
Pensionskassernes Administration a/s	Telef brasil on (new)	2026	7.036.094,13	DKK	BRVIVTACNOR0	0,01 %	https://pka.dk/ansvarlighed/ansvarlige-investeringer/politikker-og-rapporter
Pensionskassernes Administration a/s	Telefonica	2026	14.621.836,24	DKK	ES0178430E18	0,02 %	https://pka.dk/ansvarlighed/ansvarlige-investeringer/politikker-og-rapporter
Pensionskassernes Administration a/s	Telenor	2026	5.466.922,62	DKK	NO0010063308	0,01 %	https://pka.dk/ansvarlighed/ansvarlige-investeringer/politikker-og-rapporter
Pensionskassernes Administration a/s	Telia co	2026	21.347.991,60	DKK	SE0000667925	0,03 %	https://pka.dk/ansvarlighed/ansvarlige-investeringer/politikker-og-rapporter
Pensionskassernes Administration a/s	Telkom indonesia	2026	3.586.550,40	DKK	ID1000129000	0,00 %	https://pka.dk/ansvarlighed/ansvarlige-investeringer/politikker-og-rapporter
Pensionskassernes Administration a/s	Telstra group	2026	11.298.448,83	DKK	AU000000TLS2	0,01 %	https://pka.dk/ansvarlighed/ansvarlige-investeringer/politikker-og-rapporter
Pensionskassernes Administration a/s	Telus corp vtg	2026	9.607.020,25	DKK	CA87971M1032	0,01 %	https://pka.dk/ansvarlighed/ansvarlige-investeringer/politikker-og-rapporter
Pensionskassernes Administration a/s	Tenaris (it)	2026	11.598.010,51	DKK	LU2598331598	0,01 %	https://pka.dk/ansvarlighed/ansvarlige-investeringer/politikker-og-rapporter
Pensionskassernes Administration a/s	Tencent music ent a adr	2026	2.884.646,88	DKK	US88034P1093	0,00 %	https://pka.dk/ansvarlighed/ansvarlige-investeringer/politikker-og-rapporter
Pensionskassernes Administration a/s	Teradyne	2026	57.268.418,35	DKK	US8807701029	0,07 %	https://pka.dk/ansvarlighed/ansvarlige-investeringer/politikker-og-rapporter
Pensionskassernes Administration a/s	Terna	2026	20.734.940,17	DKK	IT0003242622	0,03 %	https://pka.dk/ansvarlighed/ansvarlige-investeringer/politikker-og-rapporter
Pensionskassernes Administration a/s	Terumo corp	2026	17.966.888,83	DKK	JP3546800008	0,02 %	https://pka.dk/ansvarlighed/ansvarlige-investeringer/politikker-og-rapporter
Pensionskassernes Administration a/s	Tesco	2026	35.430.257,41	DKK	GB00BLGZ9862	0,04 %	https://pka.dk/ansvarlighed/ansvarlige-investeringer/politikker-og-rapporter
Pensionskassernes Administration a/s	Texas instruments	2026	256.257.324,18	DKK	US8825081040	0,31 %	https://pka.dk/ansvarlighed/ansvarlige-investeringer/politikker-og-rapporter
Pensionskassernes Administration a/s	Texas pacific land	2026	23.333.640,56	DKK	US88262P1021	0,03 %	https://pka.dk/ansvarlighed/ansvarlige-investeringer/politikker-og-rapporter
Pensionskassernes Administration a/s	Tfi international	2026	10.468.788,04	DKK	CA87241L1094	0,01 %	https://pka.dk/ansvarlighed/ansvarlige-investeringer/politikker-og-rapporter
Pensionskassernes Administration a/s	The cigna group	2026	71.320.549,62	DKK	US1255231003	0,09 %	https://pka.dk/ansvarlighed/ansvarlige-investeringer/politikker-og-rapporter
Pensionskassernes Administration a/s	The lottery corporation	2026	5.576.926,31	DKK	AU0000219529	0,01 %	https://pka.dk/ansvarlighed/ansvarlige-investeringer/politikker-og-rapporter
Pensionskassernes Administration a/s	Thermo fisher scientific	2026	176.507.763,78	DKK	US8835561023	0,22 %	https://pka.dk/ansvarlighed/ansvarlige-investeringer/politikker-og-rapporter
Pensionskassernes Administration a/s	Thomson reuters corp	2026	11.372.852,20	DKK	CA8849038812	0,01 %	https://pka.dk/ansvarlighed/ansvarlige-investeringer/politikker-og-rapporter
Pensionskassernes Administration a/s	Tim sa on	2026	5.853.110,16	DKK	BRTIMSACNOR5	0,01 %	https://pka.dk/ansvarlighed/ansvarlige-investeringer/politikker-og-rapporter
Pensionskassernes Administration a/s	Titan company	2026	6.726.040,38	DKK	INE280A01028	0,01 %	https://pka.dk/ansvarlighed/ansvarlige-investeringer/politikker-og-rapporter
Pensionskassernes Administration a/s	Tjx companies	2026	168.911.389,45	DKK	US8725401090	0,21 %	https://pka.dk/ansvarlighed/ansvarlige-investeringer/politikker-og-rapporter
Pensionskassernes Administration a/s	T-mobile us	2026	91.773.654,03	DKK	US8725901040	0,11 %	https://pka.dk/ansvarlighed/ansvarlige-investeringer/politikker-og-rapporter
Pensionskassernes Administration a/s	Tmx group (new)	2026	9.761.824,39	DKK	CA87262K1057	0,01 %	https://pka.dk/ansvarlighed/ansvarlige-investeringer/politikker-og-rapporter
Pensionskassernes Administration a/s	Toast a	2026	11.730.691,59	DKK	US8887871080	0,01 %	https://pka.dk/ansvarlighed/ansvarlige-investeringer/politikker-og-rapporter
Pensionskassernes Administration a/s	Toho co	2026	3.545.728,59	DKK	JP3598600009	0,00 %	https://pka.dk/ansvarlighed/ansvarlige-investeringer/politikker-og-rapporter
Pensionskassernes Administration a/s	Tokio marine holdings	2026	78.036.934,82	DKK	JP3910660004	0,10 %	https://pka.dk/ansvarlighed/ansvarlige-investeringer/politikker-og-rapporter
Pensionskassernes Administration a/s	Tokyo electron	2026	142.534.504,89	DKK	JP3571400005	0,17 %	https://pka.dk/ansvarlighed/ansvarlige-investeringer/politikker-og-rapporter
Pensionskassernes Administration a/s	Tokyo gas co	2026	16.264.534,70	DKK	JP3573000001	0,02 %	https://pka.dk/ansvarlighed/ansvarlige-investeringer/politikker-og-rapporter
Pensionskassernes Administration a/s	Tongcheng travel hldgs	2026	2.521.814,41	DKK	KYG8918W1069	0,00 %	https://pka.dk/ansvarlighed/ansvarlige-investeringer/politikker-og-rapporter
Pensionskassernes Administration a/s	Toppan holdings	2026	4.604.984,34	DKK	JP3629000005	0,01 %	https://pka.dk/ansvarlighed/ansvarlige-investeringer/politikker-og-rapporter
Pensionskassernes Administration a/s	Toray industries	2026	10.101.083,72	DKK	JP3621000003	0,01 %	https://pka.dk/ansvarlighed/ansvarlige-investeringer/politikker-og-rapporter
Pensionskassernes Administration a/s	Toromont industries	2026	5.510.770,13	DKK	CA8911021050	0,01 %	https://pka.dk/ansvarlighed/ansvarlige-investeringer/politikker-og-rapporter
Pensionskassernes Administration a/s	Toronto-dominion bank	2026	184.889.836,52	DKK	CA8911605092	0,23 %	https://pka.dk/ansvarlighed/ansvarlige-investeringer/politikker-og-rapporter
Pensionskassernes Administration a/s	Tourmaline oil corp	2026	17.429.124,40	DKK	CA89156V1067	0,02 %	https://pka.dk/ansvarlighed/ansvarlige-investeringer/politikker-og-rapporter
Pensionskassernes Administration a/s	Toyota motor corp	2026	163.978.999,11	DKK	JP3633400001	0,20 %	https://pka.dk/ansvarlighed/ansvarlige-investeringer/politikker-og-rapporter
Pensionskassernes Administration a/s	Toyota tsusho	2026	25.400.753,23	DKK	JP3635000007	0,03 %	https://pka.dk/ansvarlighed/ansvarlige-investeringer/politikker-og-rapporter
Pensionskassernes Administration a/s	Tractor supply co	2026	17.969.470,76	DKK	US8923561067	0,02 %	https://pka.dk/ansvarlighed/ansvarlige-investeringer/politikker-og-rapporter
Pensionskassernes Administration a/s	Tradeweb markets a	2026	10.978.490,37	DKK	US8926721064	0,01 %	https://pka.dk/ansvarlighed/ansvarlige-investeringer/politikker-og-rapporter
Pensionskassernes Administration a/s	Trane technologies	2026	98.107.741,64	DKK	IE00BK9ZQ967	0,12 %	https://pka.dk/ansvarlighed/ansvarlige-investeringer/politikker-og-rapporter
Pensionskassernes Administration a/s	Transdigm group inc	2026	67.479.983,08	DKK	US8936411003	0,08 %	https://pka.dk/ansvarlighed/ansvarlige-investeringer/politikker-og-rapporter
Pensionskassernes Administration a/s	Transunion	2026	14.171.058,76	DKK	US89400J1079	0,02 %	https://pka.dk/ansvarlighed/ansvarlige-investeringer/politikker-og-rapporter
Pensionskassernes Administration a/s	Transurban group	2026	34.238.348,06	DKK	AU000000TCL6	0,04 %	https://pka.dk/ansvarlighed/ansvarlige-investeringer/politikker-og-rapporter
Pensionskassernes Administration a/s	Travelers cos (the)	2026	66.671.313,34	DKK	US89417E1091	0,08 %	https://pka.dk/ansvarlighed/ansvarlige-investeringer/politikker-og-rapporter
Pensionskassernes Administration a/s	Trelleborg b	2026	3.610.358,68	DKK	SE0000114837	0,00 %	https://pka.dk/ansvarlighed/ansvarlige-investeringer/politikker-og-rapporter
Pensionskassernes Administration a/s	Trent	2026	3.167.463,94	DKK	INE849A01020	0,00 %	https://pka.dk/ansvarlighed/ansvarlige-investeringer/politikker-og-rapporter
Pensionskassernes Administration a/s	Trimble	2026	17.982.910,24	DKK	US8962391004	0,02 %	https://pka.dk/ansvarlighed/ansvarlige-investeringer/politikker-og-rapporter
Pensionskassernes Administration a/s	Trip com group	2026	11.999.433,70	DKK	KYG9066F1019	0,01 %	https://pka.dk/ansvarlighed/ansvarlige-investeringer/politikker-og-rapporter
Pensionskassernes Administration a/s	Truist financial corp	2026	60.313.266,97	DKK	US89832Q1094	0,07 %	https://pka.dk/ansvarlighed/ansvarlige-investeringer/politikker-og-rapporter
Pensionskassernes Administration a/s	Tryg	2026	1.407.860,79	DKK	DK0060636678	0,00 %	https://pka.dk/ansvarlighed/ansvarlige-investeringer/politikker-og-rapporter
Pensionskassernes Administration a/s	Ts financial holding co	2026	14.548.760,94	DKK	TW0002887007	0,02 %	https://pka.dk/ansvarlighed/ansvarlige-investeringer/politikker-og-rapporter
Pensionskassernes Administration a/s	Tsingtao brewery h	2026	2.151.212,84	DKK	CNE1000004K1	0,00 %	https://pka.dk/ansvarlighed/ansvarlige-investeringer/politikker-og-rapporter
Pensionskassernes Administration a/s	Tube investment (new)	2026	1.392.830,69	DKK	INE974X01010	0,00 %	https://pka.dk/ansvarlighed/ansvarlige-investeringer/politikker-og-rapporter
Pensionskassernes Administration a/s	Tupras turkiye petrol	2026	4.130.561,07	DKK	TRATUPRS91E8	0,01 %	https://pka.dk/ansvarlighed/ansvarlige-investeringer/politikker-og-rapporter
Pensionskassernes Administration a/s	Turk hava yollari	2026	2.827.853,26	DKK	TRATHYAO91M5	0,00 %	https://pka.dk/ansvarlighed/ansvarlige-investeringer/politikker-og-rapporter
Pensionskassernes Administration a/s	Turkiye is bankasi c	2026	0,95	DKK	TRAISCTR91N2	0,00 %	https://pka.dk/ansvarlighed/ansvarlige-investeringer/politikker-og-rapporter
Pensionskassernes Administration a/s	Tvs motor co	2026	3.012.846,43	DKK	INE494B01023	0,00 %	https://pka.dk/ansvarlighed/ansvarlige-investeringer/politikker-og-rapporter
Pensionskassernes Administration a/s	Twilio a	2026	30.729.773,68	DKK	US90138F1021	0,04 %	https://pka.dk/ansvarlighed/ansvarlige-investeringer/politikker-og-rapporter
Pensionskassernes Administration a/s	Tyler technologies	2026	12.788.465,80	DKK	US9022521051	0,02 %	https://pka.dk/ansvarlighed/ansvarlige-investeringer/politikker-og-rapporter
Pensionskassernes Administration a/s	Tyson foods a	2026	17.195.932,16	DKK	US9024941034	0,02 %	https://pka.dk/ansvarlighed/ansvarlige-investeringer/politikker-og-rapporter
Pensionskassernes Administration a/s	Uber technologies	2026	135.760.406,45	DKK	US90353T1007	0,17 %	https://pka.dk/ansvarlighed/ansvarlige-investeringer/politikker-og-rapporter
Pensionskassernes Administration a/s	Ubs group	2026	146.603.545,92	DKK	CH0244767585	0,18 %	https://pka.dk/ansvarlighed/ansvarlige-investeringer/politikker-og-rapporter
Pensionskassernes Administration a/s	Ubtech robotics corp h	2026	1.259.154,75	DKK	CNE100006CQ4	0,00 %	https://pka.dk/ansvarlighed/ansvarlige-investeringer/politikker-og-rapporter
Pensionskassernes Administration a/s	Ucb (groupe)	2026	35.785.609,39	DKK	BE0003739530	0,04 %	https://pka.dk/ansvarlighed/ansvarlige-investeringer/politikker-og-rapporter
Pensionskassernes Administration a/s	Ulta beauty	2026	22.605.644,11	DKK	US90384S3031	0,03 %	https://pka.dk/ansvarlighed/ansvarlige-investeringer/politikker-og-rapporter
Pensionskassernes Administration a/s	Ultrapar part on	2026	4.370.322,25	DKK	BRUGPAACNOR8	0,01 %	https://pka.dk/ansvarlighed/ansvarlige-investeringer/politikker-og-rapporter
Pensionskassernes Administration a/s	Unibail-rodamco-we	2026	17.756.733,20	DKK	FR0013326246	0,02 %	https://pka.dk/ansvarlighed/ansvarlige-investeringer/politikker-og-rapporter
Pensionskassernes Administration a/s	Uni-charm corp	2026	4.550.221,56	DKK	JP3951600000	0,01 %	https://pka.dk/ansvarlighed/ansvarlige-investeringer/politikker-og-rapporter
Pensionskassernes Administration a/s	Unicredit	2026	115.610.925,18	DKK	IT0005239360	0,14 %	https://pka.dk/ansvarlighed/ansvarlige-investeringer/politikker-og-rapporter
Pensionskassernes Administration a/s	Unilever plc (gb)	2026	114.187.133,36	DKK	GB00BVZK7T90	0,14 %	https://pka.dk/ansvarlighed/ansvarlige-investeringer/politikker-og-rapporter
Pensionskassernes Administration a/s	Unimicron technology	2026	15.854.658,31	DKK	TW0003037008	0,02 %	https://pka.dk/ansvarlighed/ansvarlige-investeringer/politikker-og-rapporter
Pensionskassernes Administration a/s	Union bank of india	2026	491.154,90	DKK	INE692A01016	0,00 %	https://pka.dk/ansvarlighed/ansvarlige-investeringer/politikker-og-rapporter
Pensionskassernes Administration a/s	Union pacific corp	2026	142.324.659,89	DKK	US9078181081	0,17 %	https://pka.dk/ansvarlighed/ansvarlige-investeringer/politikker-og-rapporter
Pensionskassernes Administration a/s	Unipol gruppo finan	2026	3.956.219,41	DKK	IT0004810054	0,00 %	https://pka.dk/ansvarlighed/ansvarlige-investeringer/politikker-og-rapporter
Pensionskassernes Administration a/s	Uni-president ent.	2026	4.670.679,26	DKK	TW0001216000	0,01 %	https://pka.dk/ansvarlighed/ansvarlige-investeringer/politikker-og-rapporter
Pensionskassernes Administration a/s	United airlines holdings	2026	10.219.503,65	DKK	US9100471096	0,01 %	https://pka.dk/ansvarlighed/ansvarlige-investeringer/politikker-og-rapporter
Pensionskassernes Administration a/s	United microelectronics	2026	28.296.892,30	DKK	TW0002303005	0,03 %	https://pka.dk/ansvarlighed/ansvarlige-investeringer/politikker-og-rapporter
Pensionskassernes Administration a/s	United overseas bank	2026	30.830.297,15	DKK	SG1M31001969	0,04 %	https://pka.dk/ansvarlighed/ansvarlige-investeringer/politikker-og-rapporter
Pensionskassernes Administration a/s	United parcel service b	2026	75.196.380,25	DKK	US9113121068	0,09 %	https://pka.dk/ansvarlighed/ansvarlige-investeringer/politikker-og-rapporter
Pensionskassernes Administration a/s	United rentals	2026	64.718.135,76	DKK	US9113631090	0,08 %	https://pka.dk/ansvarlighed/ansvarlige-investeringer/politikker-og-rapporter
Pensionskassernes Administration a/s	United spirits	2026	613.535,22	DKK	INE854D01024	0,00 %	https://pka.dk/ansvarlighed/ansvarlige-investeringer/politikker-og-rapporter
Pensionskassernes Administration a/s	United therapeutics corp	2026	21.957.372,93	DKK	US91307C1027	0,03 %	https://pka.dk/ansvarlighed/ansvarlige-investeringer/politikker-og-rapporter
Pensionskassernes Administration a/s	United utilities group	2026	29.647.518,56	DKK	GB00B39J2M42	0,04 %	https://pka.dk/ansvarlighed/ansvarlige-investeringer/politikker-og-rapporter
Pensionskassernes Administration a/s	Unitedhealth group	2026	330.170.420,08	DKK	US91324P1021	0,40 %	https://pka.dk/ansvarlighed/ansvarlige-investeringer/politikker-og-rapporter
Pensionskassernes Administration a/s	Universal music group	2026	23.325.436,81	DKK	NL0015000IY2	0,03 %	https://pka.dk/ansvarlighed/ansvarlige-investeringer/politikker-og-rapporter
Pensionskassernes Administration a/s	Upm-kymmene	2026	18.370.500,00	DKK	FI0009005987	0,02 %	https://pka.dk/ansvarlighed/ansvarlige-investeringer/politikker-og-rapporter
Pensionskassernes Administration a/s	Us bancorp	2026	81.094.806,50	DKK	US9029733048	0,10 %	https://pka.dk/ansvarlighed/ansvarlige-investeringer/politikker-og-rapporter
Pensionskassernes Administration a/s	Valterra platinum	2026	7.916.430,14	DKK	ZAE000013181	0,01 %	https://pka.dk/ansvarlighed/ansvarlige-investeringer/politikker-og-rapporter
Pensionskassernes Administration a/s	Vanguard intl sc	2026	3.444.275,70	DKK	TW0005347009	0,00 %	https://pka.dk/ansvarlighed/ansvarlige-investeringer/politikker-og-rapporter
Pensionskassernes Administration a/s	Varun beverages	2026	2.159.443,25	DKK	INE200M01039	0,00 %	https://pka.dk/ansvarlighed/ansvarlige-investeringer/politikker-og-rapporter
Pensionskassernes Administration a/s	Vat group	2026	19.965.987,47	DKK	CH0311864901	0,02 %	https://pka.dk/ansvarlighed/ansvarlige-investeringer/politikker-og-rapporter
Pensionskassernes Administration a/s	Veeva systems a	2026	31.254.884,43	DKK	US9224751084	0,04 %	https://pka.dk/ansvarlighed/ansvarlige-investeringer/politikker-og-rapporter
Pensionskassernes Administration a/s	Ventas	2026	37.818.906,41	DKK	US92276F1003	0,05 %	https://pka.dk/ansvarlighed/ansvarlige-investeringer/politikker-og-rapporter
Pensionskassernes Administration a/s	Veolia environnement	2026	36.995.950,99	DKK	FR0000124141	0,05 %	https://pka.dk/ansvarlighed/ansvarlige-investeringer/politikker-og-rapporter
Pensionskassernes Administration a/s	Veralto corp	2026	22.898.036,48	DKK	US92338C1036	0,03 %	https://pka.dk/ansvarlighed/ansvarlige-investeringer/politikker-og-rapporter
Pensionskassernes Administration a/s	Verbund a	2026	9.116.812,33	DKK	AT0000746409	0,01 %	https://pka.dk/ansvarlighed/ansvarlige-investeringer/politikker-og-rapporter
Pensionskassernes Administration a/s	Verisign	2026	21.430.914,52	DKK	US92343E1029	0,03 %	https://pka.dk/ansvarlighed/ansvarlige-investeringer/politikker-og-rapporter
Pensionskassernes Administration a/s	Verisk analytics a	2026	28.409.116,60	DKK	US92345Y1064	0,03 %	https://pka.dk/ansvarlighed/ansvarlige-investeringer/politikker-og-rapporter
Pensionskassernes Administration a/s	Verisure	2026	276.309,14	DKK	GB00BVMN1558	0,00 %	https://pka.dk/ansvarlighed/ansvarlige-investeringer/politikker-og-rapporter
Pensionskassernes Administration a/s	Verizon communications	2026	189.406.373,09	DKK	US92343V1044	0,23 %	https://pka.dk/ansvarlighed/ansvarlige-investeringer/politikker-og-rapporter
Pensionskassernes Administration a/s	Vertex pharmaceuticals	2026	107.485.032,74	DKK	US92532F1003	0,13 %	https://pka.dk/ansvarlighed/ansvarlige-investeringer/politikker-og-rapporter
Pensionskassernes Administration a/s	Vertiv holdings a	2026	114.571.513,91	DKK	US92537N1081	0,14 %	https://pka.dk/ansvarlighed/ansvarlige-investeringer/politikker-og-rapporter
Pensionskassernes Administration a/s	Vestas wind systems	2026	27.188.286,56	DKK	DK0061539921	0,03 %	https://pka.dk/ansvarlighed/ansvarlige-investeringer/politikker-og-rapporter
Pensionskassernes Administration a/s	Vici properties	2026	26.965.964,71	DKK	US9256521090	0,03 %	https://pka.dk/ansvarlighed/ansvarlige-investeringer/politikker-og-rapporter
Pensionskassernes Administration a/s	Vicinity centres	2026	11.543.288,52	DKK	AU000000VCX7	0,01 %	https://pka.dk/ansvarlighed/ansvarlige-investeringer/politikker-og-rapporter
Pensionskassernes Administration a/s	Vinci	2026	62.991.858,12	DKK	FR0000125486	0,08 %	https://pka.dk/ansvarlighed/ansvarlige-investeringer/politikker-og-rapporter
Pensionskassernes Administration a/s	Vipshop holdings adr	2026	3.709.987,84	DKK	US92763W1036	0,00 %	https://pka.dk/ansvarlighed/ansvarlige-investeringer/politikker-og-rapporter
Pensionskassernes Administration a/s	Visa a	2026	516.193.646,82	DKK	US92826C8394	0,63 %	https://pka.dk/ansvarlighed/ansvarlige-investeringer/politikker-og-rapporter
Pensionskassernes Administration a/s	Vistra energy	2026	26.737.892,22	DKK	US92840M1027	0,03 %	https://pka.dk/ansvarlighed/ansvarlige-investeringer/politikker-og-rapporter
Pensionskassernes Administration a/s	Vodacom group	2026	7.338.754,11	DKK	ZAE000132577	0,01 %	https://pka.dk/ansvarlighed/ansvarlige-investeringer/politikker-og-rapporter
Pensionskassernes Administration a/s	Vodafone group	2026	28.205.066,97	DKK	GB00BH4HKS39	0,03 %	https://pka.dk/ansvarlighed/ansvarlige-investeringer/politikker-og-rapporter
Pensionskassernes Administration a/s	Vodafone idea	2026	829.944,19	DKK	INE669E01016	0,00 %	https://pka.dk/ansvarlighed/ansvarlige-investeringer/politikker-og-rapporter
Pensionskassernes Administration a/s	Volkswagen vorzug	2026	17.873.495,85	DKK	DE0007664039	0,02 %	https://pka.dk/ansvarlighed/ansvarlige-investeringer/politikker-og-rapporter
Pensionskassernes Administration a/s	Voltas	2026	467.919,91	DKK	INE226A01021	0,00 %	https://pka.dk/ansvarlighed/ansvarlige-investeringer/politikker-og-rapporter
Pensionskassernes Administration a/s	Volvo b	2026	53.520.671,75	DKK	SE0000115446	0,07 %	https://pka.dk/ansvarlighed/ansvarlige-investeringer/politikker-og-rapporter
Pensionskassernes Administration a/s	Vonovia	2026	18.136.583,93	DKK	DE000A1ML7J1	0,02 %	https://pka.dk/ansvarlighed/ansvarlige-investeringer/politikker-og-rapporter
Pensionskassernes Administration a/s	Vulcan materials co	2026	38.742.580,16	DKK	US9291601097	0,05 %	https://pka.dk/ansvarlighed/ansvarlige-investeringer/politikker-og-rapporter
Pensionskassernes Administration a/s	Waaree energies	2026	1.379.380,41	DKK	INE377N01017	0,00 %	https://pka.dk/ansvarlighed/ansvarlige-investeringer/politikker-og-rapporter
Pensionskassernes Administration a/s	Wabtec corp	2026	41.707.709,49	DKK	US9297401088	0,05 %	https://pka.dk/ansvarlighed/ansvarlige-investeringer/politikker-og-rapporter
Pensionskassernes Administration a/s	Warner bros discovery	2026	60.107.606,19	DKK	US9344231041	0,07 %	https://pka.dk/ansvarlighed/ansvarlige-investeringer/politikker-og-rapporter
Pensionskassernes Administration a/s	Waste connections	2026	24.681.464,02	DKK	CA94106B1013	0,03 %	https://pka.dk/ansvarlighed/ansvarlige-investeringer/politikker-og-rapporter
Pensionskassernes Administration a/s	Waste management	2026	72.726.656,03	DKK	US94106L1098	0,09 %	https://pka.dk/ansvarlighed/ansvarlige-investeringer/politikker-og-rapporter
Pensionskassernes Administration a/s	Waters corp	2026	38.199.498,85	DKK	US9418481035	0,05 %	https://pka.dk/ansvarlighed/ansvarlige-investeringer/politikker-og-rapporter
Pensionskassernes Administration a/s	Watsco	2026	13.153.742,91	DKK	US9426222009	0,02 %	https://pka.dk/ansvarlighed/ansvarlige-investeringer/politikker-og-rapporter
Pensionskassernes Administration a/s	Weg on	2026	4.990.973,57	DKK	BRWEGEACNOR0	0,01 %	https://pka.dk/ansvarlighed/ansvarlige-investeringer/politikker-og-rapporter
Pensionskassernes Administration a/s	Weichai power a (hk-c)	2026	4.290.983,94	DKK	CNE1000000D4	0,01 %	https://pka.dk/ansvarlighed/ansvarlige-investeringer/politikker-og-rapporter
Pensionskassernes Administration a/s	Wells fargo & co	2026	231.307.024,35	DKK	US9497461015	0,28 %	https://pka.dk/ansvarlighed/ansvarlige-investeringer/politikker-og-rapporter
Pensionskassernes Administration a/s	Welltower inc	2026	133.626.268,50	DKK	US95040Q1040	0,16 %	https://pka.dk/ansvarlighed/ansvarlige-investeringer/politikker-og-rapporter
Pensionskassernes Administration a/s	Wesfarmers	2026	57.701.053,90	DKK	AU000000WES1	0,07 %	https://pka.dk/ansvarlighed/ansvarlige-investeringer/politikker-og-rapporter
Pensionskassernes Administration a/s	West japan railway co	2026	5.050.932,56	DKK	JP3659000008	0,01 %	https://pka.dk/ansvarlighed/ansvarlige-investeringer/politikker-og-rapporter
Pensionskassernes Administration a/s	West pharmaceutical svcs	2026	18.667.451,58	DKK	US9553061055	0,02 %	https://pka.dk/ansvarlighed/ansvarlige-investeringer/politikker-og-rapporter
Pensionskassernes Administration a/s	Western digital	2026	181.267.135,40	DKK	US9581021055	0,22 %	https://pka.dk/ansvarlighed/ansvarlige-investeringer/politikker-og-rapporter
Pensionskassernes Administration a/s	Weston (george)	2026	9.015.120,80	DKK	CA9611485090	0,01 %	https://pka.dk/ansvarlighed/ansvarlige-investeringer/politikker-og-rapporter
Pensionskassernes Administration a/s	Westpac banking	2026	84.922.954,95	DKK	AU000000WBC1	0,10 %	https://pka.dk/ansvarlighed/ansvarlige-investeringer/politikker-og-rapporter
Pensionskassernes Administration a/s	Weyerhaeuser co	2026	15.695.916,64	DKK	US9621661043	0,02 %	https://pka.dk/ansvarlighed/ansvarlige-investeringer/politikker-og-rapporter
Pensionskassernes Administration a/s	Wh group	2026	9.422.917,46	DKK	KYG960071028	0,01 %	https://pka.dk/ansvarlighed/ansvarlige-investeringer/politikker-og-rapporter
Pensionskassernes Administration a/s	Wharf real estate inv	2026	4.946.608,06	DKK	KYG9593A1040	0,01 %	https://pka.dk/ansvarlighed/ansvarlige-investeringer/politikker-og-rapporter
Pensionskassernes Administration a/s	Wheaton precious metals	2026	62.181.824,73	DKK	CA9628791027	0,08 %	https://pka.dk/ansvarlighed/ansvarlige-investeringer/politikker-og-rapporter
Pensionskassernes Administration a/s	Whitecap resources	2026	24.396.380,79	DKK	CA96467A2002	0,03 %	https://pka.dk/ansvarlighed/ansvarlige-investeringer/politikker-og-rapporter
Pensionskassernes Administration a/s	Williams cos	2026	78.740.447,75	DKK	US9694571004	0,10 %	https://pka.dk/ansvarlighed/ansvarlige-investeringer/politikker-og-rapporter
Pensionskassernes Administration a/s	Williams-sonoma	2026	21.837.737,94	DKK	US9699041011	0,03 %	https://pka.dk/ansvarlighed/ansvarlige-investeringer/politikker-og-rapporter
Pensionskassernes Administration a/s	Willis towers watson	2026	22.730.246,84	DKK	IE00BDB6Q211	0,03 %	https://pka.dk/ansvarlighed/ansvarlige-investeringer/politikker-og-rapporter
Pensionskassernes Administration a/s	Wipro	2026	4.278.293,94	DKK	INE075A01022	0,01 %	https://pka.dk/ansvarlighed/ansvarlige-investeringer/politikker-og-rapporter
Pensionskassernes Administration a/s	Wise group	2026	6.287.389,34	DKK	JE00BQKY0816	0,01 %	https://pka.dk/ansvarlighed/ansvarlige-investeringer/politikker-og-rapporter
Pensionskassernes Administration a/s	Wisetech global	2026	4.699.499,84	DKK	AU000000WTC3	0,01 %	https://pka.dk/ansvarlighed/ansvarlige-investeringer/politikker-og-rapporter
Pensionskassernes Administration a/s	Wistron corp	2026	7.708.272,82	DKK	TW0003231007	0,01 %	https://pka.dk/ansvarlighed/ansvarlige-investeringer/politikker-og-rapporter
Pensionskassernes Administration a/s	Wiwynn corporation	2026	6.786.578,00	DKK	TW0006669005	0,01 %	https://pka.dk/ansvarlighed/ansvarlige-investeringer/politikker-og-rapporter
Pensionskassernes Administration a/s	Wolters kluwer	2026	13.970.804,95	DKK	NL0000395903	0,02 %	https://pka.dk/ansvarlighed/ansvarlige-investeringer/politikker-og-rapporter
Pensionskassernes Administration a/s	Woodside energy group	2026	44.963.802,72	DKK	AU0000224040	0,05 %	https://pka.dk/ansvarlighed/ansvarlige-investeringer/politikker-og-rapporter
Pensionskassernes Administration a/s	Woolworths group	2026	28.187.703,07	DKK	AU000000WOW2	0,03 %	https://pka.dk/ansvarlighed/ansvarlige-investeringer/politikker-og-rapporter
Pensionskassernes Administration a/s	Woori financial group	2026	4.574.342,92	DKK	KR7316140003	0,01 %	https://pka.dk/ansvarlighed/ansvarlige-investeringer/politikker-og-rapporter
Pensionskassernes Administration a/s	Workday a	2026	33.715.056,60	DKK	US98138H1014	0,04 %	https://pka.dk/ansvarlighed/ansvarlige-investeringer/politikker-og-rapporter
Pensionskassernes Administration a/s	Wp carey	2026	16.673.828,61	DKK	US92936U1097	0,02 %	https://pka.dk/ansvarlighed/ansvarlige-investeringer/politikker-og-rapporter
Pensionskassernes Administration a/s	Wsp global	2026	22.577.171,18	DKK	CA92938W2022	0,03 %	https://pka.dk/ansvarlighed/ansvarlige-investeringer/politikker-og-rapporter
Pensionskassernes Administration a/s	Wuliangye yibin a (hk-c)	2026	2.125.687,05	DKK	CNE000000VQ8	0,00 %	https://pka.dk/ansvarlighed/ansvarlige-investeringer/politikker-og-rapporter
Pensionskassernes Administration a/s	Wuxi apptec a (hk-c)	2026	2.405.600,48	DKK	CNE1000031K4	0,00 %	https://pka.dk/ansvarlighed/ansvarlige-investeringer/politikker-og-rapporter
Pensionskassernes Administration a/s	Wuxi apptec co h	2026	1.567.919,62	DKK	CNE100003F19	0,00 %	https://pka.dk/ansvarlighed/ansvarlige-investeringer/politikker-og-rapporter
Pensionskassernes Administration a/s	Wuxi biologics	2026	7.473.642,39	DKK	KYG970081173	0,01 %	https://pka.dk/ansvarlighed/ansvarlige-investeringer/politikker-og-rapporter
Pensionskassernes Administration a/s	Xero (au)	2026	7.865.250,75	DKK	NZXROE0001S2	0,01 %	https://pka.dk/ansvarlighed/ansvarlige-investeringer/politikker-og-rapporter
Pensionskassernes Administration a/s	Xiaomi corp b	2026	23.908.787,01	DKK	KYG9830T1067	0,03 %	https://pka.dk/ansvarlighed/ansvarlige-investeringer/politikker-og-rapporter
Pensionskassernes Administration a/s	Xp a	2026	2.146.501,51	DKK	KYG982391099	0,00 %	https://pka.dk/ansvarlighed/ansvarlige-investeringer/politikker-og-rapporter
Pensionskassernes Administration a/s	Xpeng (hk)	2026	4.201.710,70	DKK	KYG982AW1003	0,01 %	https://pka.dk/ansvarlighed/ansvarlige-investeringer/politikker-og-rapporter
Pensionskassernes Administration a/s	Xpo	2026	15.443.355,29	DKK	US9837931008	0,02 %	https://pka.dk/ansvarlighed/ansvarlige-investeringer/politikker-og-rapporter
Pensionskassernes Administration a/s	Xylem	2026	28.053.360,19	DKK	US98419M1009	0,03 %	https://pka.dk/ansvarlighed/ansvarlige-investeringer/politikker-og-rapporter
Pensionskassernes Administration a/s	Yadea group holdings	2026	1.816.824,34	DKK	KYG9830F1063	0,00 %	https://pka.dk/ansvarlighed/ansvarlige-investeringer/politikker-og-rapporter
Pensionskassernes Administration a/s	Yageo corp	2026	13.286.023,65	DKK	TW0002327004	0,02 %	https://pka.dk/ansvarlighed/ansvarlige-investeringer/politikker-og-rapporter
Pensionskassernes Administration a/s	Yamaha motor co	2026	8.480.496,16	DKK	JP3942800008	0,01 %	https://pka.dk/ansvarlighed/ansvarlige-investeringer/politikker-og-rapporter
Pensionskassernes Administration a/s	Yang ming marine transp	2026	1.407.461,21	DKK	TW0002609005	0,00 %	https://pka.dk/ansvarlighed/ansvarlige-investeringer/politikker-og-rapporter
Pensionskassernes Administration a/s	Yangtze optical fibre h	2026	3.882.082,24	DKK	CNE100001T72	0,00 %	https://pka.dk/ansvarlighed/ansvarlige-investeringer/politikker-og-rapporter
Pensionskassernes Administration a/s	Yangzijiang shipbuild	2026	7.206.311,04	DKK	SG1U76934819	0,01 %	https://pka.dk/ansvarlighed/ansvarlige-investeringer/politikker-og-rapporter
Pensionskassernes Administration a/s	Yantai jereh oil a(hk-c)	2026	5.102.189,80	DKK	CNE100000L55	0,01 %	https://pka.dk/ansvarlighed/ansvarlige-investeringer/politikker-og-rapporter
Pensionskassernes Administration a/s	Yara international	2026	2.345.272,19	DKK	NO0010208051	0,00 %	https://pka.dk/ansvarlighed/ansvarlige-investeringer/politikker-og-rapporter
Pensionskassernes Administration a/s	Yes bank	2026	3.047.500,67	DKK	INE528G01035	0,00 %	https://pka.dk/ansvarlighed/ansvarlige-investeringer/politikker-og-rapporter
Pensionskassernes Administration a/s	Yokogawa electric corp	2026	8.587.828,84	DKK	JP3955000009	0,01 %	https://pka.dk/ansvarlighed/ansvarlige-investeringer/politikker-og-rapporter
Pensionskassernes Administration a/s	Yokohama financial group	2026	7.569.173,56	DKK	JP3305990008	0,01 %	https://pka.dk/ansvarlighed/ansvarlige-investeringer/politikker-og-rapporter
Pensionskassernes Administration a/s	Yuanta financial holding	2026	24.655.708,62	DKK	TW0002885001	0,03 %	https://pka.dk/ansvarlighed/ansvarlige-investeringer/politikker-og-rapporter
Pensionskassernes Administration a/s	Yuhan corp	2026	1.150.633,91	DKK	KR7000100008	0,00 %	https://pka.dk/ansvarlighed/ansvarlige-investeringer/politikker-og-rapporter
Pensionskassernes Administration a/s	Yum brands	2026	42.705.162,52	DKK	US9884981013	0,05 %	https://pka.dk/ansvarlighed/ansvarlige-investeringer/politikker-og-rapporter
Pensionskassernes Administration a/s	Yum china holdings(hk)	2026	8.796.289,02	DKK	US98850P1093	0,01 %	https://pka.dk/ansvarlighed/ansvarlige-investeringer/politikker-og-rapporter
Pensionskassernes Administration a/s	Zalando	2026	6.774.106,22	DKK	DE000ZAL1111	0,01 %	https://pka.dk/ansvarlighed/ansvarlige-investeringer/politikker-og-rapporter
Pensionskassernes Administration a/s	Zensho holdings co	2026	2.867.482,80	DKK	JP3429300001	0,00 %	https://pka.dk/ansvarlighed/ansvarlige-investeringer/politikker-og-rapporter
Pensionskassernes Administration a/s	Zhaojin mining ind h	2026	973.430,38	DKK	CNE1000004R6	0,00 %	https://pka.dk/ansvarlighed/ansvarlige-investeringer/politikker-og-rapporter
Pensionskassernes Administration a/s	Zhejiang leapmotor h	2026	2.169.415,41	DKK	CNE100005K77	0,00 %	https://pka.dk/ansvarlighed/ansvarlige-investeringer/politikker-og-rapporter
Pensionskassernes Administration a/s	Zhongji inno a(hk-c)	2026	4.190.727,89	DKK	CNE100001CY9	0,01 %	https://pka.dk/ansvarlighed/ansvarlige-investeringer/politikker-og-rapporter
Pensionskassernes Administration a/s	Zijin gold intl	2026	1.043.315,24	DKK	HK0001200002	0,00 %	https://pka.dk/ansvarlighed/ansvarlige-investeringer/politikker-og-rapporter
Pensionskassernes Administration a/s	Zimmer biomet holdings	2026	18.188.856,52	DKK	US98956P1021	0,02 %	https://pka.dk/ansvarlighed/ansvarlige-investeringer/politikker-og-rapporter
Pensionskassernes Administration a/s	Zoetis a	2026	32.285.644,44	DKK	US98978V1035	0,04 %	https://pka.dk/ansvarlighed/ansvarlige-investeringer/politikker-og-rapporter
Pensionskassernes Administration a/s	Zoom communications a	2026	30.808.959,27	DKK	US98980L1017	0,04 %	https://pka.dk/ansvarlighed/ansvarlige-investeringer/politikker-og-rapporter
Pensionskassernes Administration a/s	Zscaler	2026	13.134.469,90	DKK	US98980G1022	0,02 %	https://pka.dk/ansvarlighed/ansvarlige-investeringer/politikker-og-rapporter
Pensionskassernes Administration a/s	Zto express(hk)	2026	6.364.447,40	DKK	KYG9897K1058	0,01 %	https://pka.dk/ansvarlighed/ansvarlige-investeringer/politikker-og-rapporter
Pensionskassernes Administration a/s	Zurich insurance group	2026	96.013.711,98	DKK	CH0011075394	0,12 %	https://pka.dk/ansvarlighed/ansvarlige-investeringer/politikker-og-rapporter
Pensionskassernes Administration a/s	10 renew pw sub rpvin 4.5 07/14/28	2026	1.246.091,66	DKK	US75973PAA75	0,01 %	https://pka.dk/ansvarlighed/ansvarlige-investeringer/politikker-og-rapporter
Pensionskassernes Administration a/s	1011778 bc ulc / bculc 3.5 02/15/29	2026	29.544.570,69	DKK	US68245XAP42	0,25 %	https://pka.dk/ansvarlighed/ansvarlige-investeringer/politikker-og-rapporter
Pensionskassernes Administration a/s	1011778 bc ulc / bculc 3.875 01/15/28	2026	41.359.509,97	DKK	US68245XAH26	0,36 %	https://pka.dk/ansvarlighed/ansvarlige-investeringer/politikker-og-rapporter
Pensionskassernes Administration a/s	1011778 bc ulc / bculc 4.375 01/15/28	2026	35.510.592,49	DKK	US68245XAJ81	0,31 %	https://pka.dk/ansvarlighed/ansvarlige-investeringer/politikker-og-rapporter
Pensionskassernes Administration a/s	1261229 bc ltd bhccn 10 04/15/32	2026	1.910.006,88	DKK	US68288AAA51	0,02 %	https://pka.dk/ansvarlighed/ansvarlige-investeringer/politikker-og-rapporter
Pensionskassernes Administration a/s	3r lux sarl rrrpbz 9.75 02/05/31	2026	3.126.471,47	DKK	US88563PAA66	0,03 %	https://pka.dk/ansvarlighed/ansvarlige-investeringer/politikker-og-rapporter
Pensionskassernes Administration a/s	Aar escrow air 6.75 03/15/29	2026	33.770.866,45	DKK	US00253PAA66	0,29 %	https://pka.dk/ansvarlighed/ansvarlige-investeringer/politikker-og-rapporter
Pensionskassernes Administration a/s	Abc supply co abcsup 3.875 11/15/29	2026	5.621.194,58	DKK	US024747AG26	0,05 %	https://pka.dk/ansvarlighed/ansvarlige-investeringer/politikker-og-rapporter
Pensionskassernes Administration a/s	Academy ltd acaltd 5.875 05/15/31	2026	17.698.473,10	DKK	US00401YAB65	0,15 %	https://pka.dk/ansvarlighed/ansvarlige-investeringer/politikker-og-rapporter
Pensionskassernes Administration a/s	Acadia health achc 7.375 03/15/33	2026	1.778.266,40	DKK	US00404AAQ22	0,02 %	https://pka.dk/ansvarlighed/ansvarlige-investeringer/politikker-og-rapporter
Pensionskassernes Administration a/s	Acrisure llc acrisu 6 08/01/29	2026	1.087.892,63	DKK	US00489LAH69	0,01 %	https://pka.dk/ansvarlighed/ansvarlige-investeringer/politikker-og-rapporter
Pensionskassernes Administration a/s	Acrisure llc acrisu 6.75 07/01/32	2026	1.307.237,64	DKK	US004961AA64	0,01 %	https://pka.dk/ansvarlighed/ansvarlige-investeringer/politikker-og-rapporter
Pensionskassernes Administration a/s	Acs actividades acssm 3.75 06/11/30	2026	18.591.079,25	DKK	XS3029358317	0,16 %	https://pka.dk/ansvarlighed/ansvarlige-investeringer/politikker-og-rapporter
Pensionskassernes Administration a/s	Acushnet golf 5.625 12/01/33	2026	641.192,19	DKK	US005095AB02	0,01 %	https://pka.dk/ansvarlighed/ansvarlige-investeringer/politikker-og-rapporter
Pensionskassernes Administration a/s	Adapthealth llc adahea 4.625 08/01/29	2026	5.693.488,85	DKK	US00653VAC54	0,05 %	https://pka.dk/ansvarlighed/ansvarlige-investeringer/politikker-og-rapporter
Pensionskassernes Administration a/s	Adapthealth llc adahea 5.125 03/01/30	2026	32.765.806,25	DKK	US00653VAE11	0,28 %	https://pka.dk/ansvarlighed/ansvarlige-investeringer/politikker-og-rapporter
Pensionskassernes Administration a/s	Adecoagro sa agro 7.5 07/29/32	2026	692.614,53	DKK	US00676LAC00	0,01 %	https://pka.dk/ansvarlighed/ansvarlige-investeringer/politikker-og-rapporter
Pensionskassernes Administration a/s	Adient global ho adnt 7 04/15/28	2026	2.686.403,12	DKK	US00687YAB11	0,02 %	https://pka.dk/ansvarlighed/ansvarlige-investeringer/politikker-og-rapporter
Pensionskassernes Administration a/s	Adt corp adt 4.875 07/15/32	2026	1.760.703,42	DKK	US74166NAA28	0,02 %	https://pka.dk/ansvarlighed/ansvarlige-investeringer/politikker-og-rapporter
Pensionskassernes Administration a/s	Advance auto par aap 1.75 10/01/27	2026	12.489.546,17	DKK	US00751YAF34	0,11 %	https://pka.dk/ansvarlighed/ansvarlige-investeringer/politikker-og-rapporter
Pensionskassernes Administration a/s	Advance auto par aap 7 08/01/30	2026	21.834.014,54	DKK	US00751YAK29	0,19 %	https://pka.dk/ansvarlighed/ansvarlige-investeringer/politikker-og-rapporter
Pensionskassernes Administration a/s	Advance auto par aap 7.375 08/01/33	2026	668.066,94	DKK	US00751YAL02	0,01 %	https://pka.dk/ansvarlighed/ansvarlige-investeringer/politikker-og-rapporter
Pensionskassernes Administration a/s	Advanced drainag wms 5.375 03/01/34	2026	629.895,10	DKK	US00790RAC88	0,01 %	https://pka.dk/ansvarlighed/ansvarlige-investeringer/politikker-og-rapporter
Pensionskassernes Administration a/s	Advanced drainag wms 6.375 06/15/30	2026	970.582,86	DKK	US00790RAB06	0,01 %	https://pka.dk/ansvarlighed/ansvarlige-investeringer/politikker-og-rapporter
Pensionskassernes Administration a/s	Aecom technology acm 6 08/01/33	2026	644.435,67	DKK	US00766TAE01	0,01 %	https://pka.dk/ansvarlighed/ansvarlige-investeringer/politikker-og-rapporter
Pensionskassernes Administration a/s	Aegea finance aegebz 7.625 01/20/36	2026	1.652.271,28	DKK	US00775CAE66	0,01 %	https://pka.dk/ansvarlighed/ansvarlige-investeringer/politikker-og-rapporter
Pensionskassernes Administration a/s	Aet uni/aet fin aetuni 7.5 10/01/29	2026	671.412,66	DKK	US00810GAD60	0,01 %	https://pka.dk/ansvarlighed/ansvarlige-investeringer/politikker-og-rapporter
Pensionskassernes Administration a/s	Affinity interac affgam 6.875 12/15/27	2026	188.521,74	DKK	US00842XAA72	0,00 %	https://pka.dk/ansvarlighed/ansvarlige-investeringer/politikker-og-rapporter
Pensionskassernes Administration a/s	Afflelou sas aaffp 6 07/25/29	2026	845.977,35	DKK	XS2864442376	0,01 %	https://pka.dk/ansvarlighed/ansvarlige-investeringer/politikker-og-rapporter
Pensionskassernes Administration a/s	Agrifarma spa arcpln 4.5 10/31/28	2026	1.052.257,28	DKK	XS2397065330	0,01 %	https://pka.dk/ansvarlighed/ansvarlige-investeringer/politikker-og-rapporter
Pensionskassernes Administration a/s	Aib group plc aib 2.25 04/04/28	2026	37.152.014,64	DKK	XS2464405229	0,32 %	https://pka.dk/ansvarlighed/ansvarlige-investeringer/politikker-og-rapporter
Pensionskassernes Administration a/s	Albertsons cos aci 4.875 02/15/30	2026	30.174.120,45	DKK	US013092AE14	0,26 %	https://pka.dk/ansvarlighed/ansvarlige-investeringer/politikker-og-rapporter
Pensionskassernes Administration a/s	Albertsons cos aci 5.5 03/31/31	2026	635.281,96	DKK	US01309QAC24	0,01 %	https://pka.dk/ansvarlighed/ansvarlige-investeringer/politikker-og-rapporter
Pensionskassernes Administration a/s	Albertsons cos aci 5.75 03/31/34	2026	742.846,73	DKK	US01309QAD07	0,01 %	https://pka.dk/ansvarlighed/ansvarlige-investeringer/politikker-og-rapporter
Pensionskassernes Administration a/s	Albion financing agkln 7 05/21/30	2026	6.904.713,28	DKK	US01330AAA43	0,06 %	https://pka.dk/ansvarlighed/ansvarlige-investeringer/politikker-og-rapporter
Pensionskassernes Administration a/s	Allegiant travel algt 7.25 08/15/27	2026	18.463.629,78	DKK	US01748XAD49	0,16 %	https://pka.dk/ansvarlighed/ansvarlige-investeringer/politikker-og-rapporter
Pensionskassernes Administration a/s	Alliant holdings aliant 6.5 10/01/31	2026	773.695,64	DKK	US01883LAG86	0,01 %	https://pka.dk/ansvarlighed/ansvarlige-investeringer/politikker-og-rapporter
Pensionskassernes Administration a/s	Alliant holdings aliant 6.75 04/15/28	2026	3.374.094,82	DKK	US01883LAE39	0,03 %	https://pka.dk/ansvarlighed/ansvarlige-investeringer/politikker-og-rapporter
Pensionskassernes Administration a/s	Alliant holdings aliant 7 01/15/31	2026	1.762.910,92	DKK	US01883LAF04	0,02 %	https://pka.dk/ansvarlighed/ansvarlige-investeringer/politikker-og-rapporter
Pensionskassernes Administration a/s	Allied universal unseam 6 06/01/29	2026	1.273.135,02	DKK	US019576AC18	0,01 %	https://pka.dk/ansvarlighed/ansvarlige-investeringer/politikker-og-rapporter
Pensionskassernes Administration a/s	Allied universal unseam 6.875 06/15/30	2026	723.977,61	DKK	US019576AF49	0,01 %	https://pka.dk/ansvarlighed/ansvarlige-investeringer/politikker-og-rapporter
Pensionskassernes Administration a/s	Allison trans alsn 3.75 01/30/31	2026	661.826,69	DKK	US019736AG29	0,01 %	https://pka.dk/ansvarlighed/ansvarlige-investeringer/politikker-og-rapporter
Pensionskassernes Administration a/s	Ally financial ally 6.7 02/14/33	2026	3.713.875,45	DKK	US02005NBS80	0,03 %	https://pka.dk/ansvarlighed/ansvarlige-investeringer/politikker-og-rapporter
Pensionskassernes Administration a/s	Almaviva almain 5 10/30/30	2026	10.374.299,21	DKK	XS2927492798	0,09 %	https://pka.dk/ansvarlighed/ansvarlige-investeringer/politikker-og-rapporter
Pensionskassernes Administration a/s	Alpek sa de cv alpeka 3.25 02/25/31	2026	7.337.276,25	DKK	USP01703AD22	0,06 %	https://pka.dk/ansvarlighed/ansvarlige-investeringer/politikker-og-rapporter
Pensionskassernes Administration a/s	Alpek sa de cv alpeka 4.25 09/18/29	2026	20.540.406,02	DKK	USP01703AC49	0,18 %	https://pka.dk/ansvarlighed/ansvarlige-investeringer/politikker-og-rapporter
Pensionskassernes Administration a/s	Alpha generation alpgen 6.25 01/15/34	2026	191.287,74	DKK	US02073LAC54	0,00 %	https://pka.dk/ansvarlighed/ansvarlige-investeringer/politikker-og-rapporter
Pensionskassernes Administration a/s	Alpha generation alpgen 6.75 10/15/32	2026	658.198,10	DKK	US02073LAA98	0,01 %	https://pka.dk/ansvarlighed/ansvarlige-investeringer/politikker-og-rapporter
Pensionskassernes Administration a/s	Alstria s.a r.l. aoxgr 5.5 03/20/31	2026	744.818,45	DKK	XS3025437982	0,01 %	https://pka.dk/ansvarlighed/ansvarlige-investeringer/politikker-og-rapporter
Pensionskassernes Administration a/s	Alta equipment altg 9 06/01/29	2026	27.610.490,25	DKK	US02128LAC00	0,24 %	https://pka.dk/ansvarlighed/ansvarlige-investeringer/politikker-og-rapporter
Pensionskassernes Administration a/s	Altice financing altice 3 01/15/28	2026	2.464.175,83	DKK	XS2102493389	0,02 %	https://pka.dk/ansvarlighed/ansvarlige-investeringer/politikker-og-rapporter
Pensionskassernes Administration a/s	Altrad investmen altrda 4.429 06/23/32	2026	24.135.725,36	DKK	FR0014010J09	0,21 %	https://pka.dk/ansvarlighed/ansvarlige-investeringer/politikker-og-rapporter
Pensionskassernes Administration a/s	Alumina pty ltd aa 6.125 03/15/30	2026	29.382.977,29	DKK	US02220AAA51	0,25 %	https://pka.dk/ansvarlighed/ansvarlige-investeringer/politikker-og-rapporter
Pensionskassernes Administration a/s	Amber finco plc ambrfn 6.625 07/15/29	2026	1.632.565,74	DKK	XS2857868942	0,01 %	https://pka.dk/ansvarlighed/ansvarlige-investeringer/politikker-og-rapporter
Pensionskassernes Administration a/s	Amer axle & mfg axl 5 10/01/29	2026	1.071.771,35	DKK	US02406PBB58	0,01 %	https://pka.dk/ansvarlighed/ansvarlige-investeringer/politikker-og-rapporter
Pensionskassernes Administration a/s	Amer axle & mfg axl 7.75 10/15/33	2026	1.414.174,41	DKK	US02406PBD15	0,01 %	https://pka.dk/ansvarlighed/ansvarlige-investeringer/politikker-og-rapporter
Pensionskassernes Administration a/s	American airline aal 7.25 02/15/28	2026	547.529,61	DKK	US023771T329	0,00 %	https://pka.dk/ansvarlighed/ansvarlige-investeringer/politikker-og-rapporter
Pensionskassernes Administration a/s	Amerigas partner apu 9.375 06/01/28	2026	481.657,87	DKK	US030981AM61	0,00 %	https://pka.dk/ansvarlighed/ansvarlige-investeringer/politikker-og-rapporter
Pensionskassernes Administration a/s	Amerigas partner apu 9.5 06/01/30	2026	691.603,90	DKK	US030981AP92	0,01 %	https://pka.dk/ansvarlighed/ansvarlige-investeringer/politikker-og-rapporter
Pensionskassernes Administration a/s	Ameritex holdco amepip 7.625 08/15/33	2026	668.833,57	DKK	US030727AB71	0,01 %	https://pka.dk/ansvarlighed/ansvarlige-investeringer/politikker-og-rapporter
Pensionskassernes Administration a/s	Amkor tech inc amkr 5.875 10/01/33	2026	648.339,35	DKK	US031652BL34	0,01 %	https://pka.dk/ansvarlighed/ansvarlige-investeringer/politikker-og-rapporter
Pensionskassernes Administration a/s	Amn healthcar amn 4 04/15/29	2026	27.341.912,64	DKK	US00175PAC77	0,24 %	https://pka.dk/ansvarlighed/ansvarlige-investeringer/politikker-og-rapporter
Pensionskassernes Administration a/s	Amneal pharma amnpha 6.875 08/01/32	2026	666.949,96	DKK	US03168LAA35	0,01 %	https://pka.dk/ansvarlighed/ansvarlige-investeringer/politikker-og-rapporter
Pensionskassernes Administration a/s	Ams-osram ag amssw 7.25 05/31/32	2026	30.521.031,34	DKK	XS3382712126	0,26 %	https://pka.dk/ansvarlighed/ansvarlige-investeringer/politikker-og-rapporter
Pensionskassernes Administration a/s	Amwins group inc amwins 6.375 02/15/29	2026	650.794,23	DKK	US031921AC31	0,01 %	https://pka.dk/ansvarlighed/ansvarlige-investeringer/politikker-og-rapporter
Pensionskassernes Administration a/s	Anglian water os ospraq 2 07/31/28	2026	15.108.437,17	DKK	XS2356450846	0,13 %	https://pka.dk/ansvarlighed/ansvarlige-investeringer/politikker-og-rapporter
Pensionskassernes Administration a/s	Anglian water os ospraq 6.75 08/27/31	2026	8.673.654,92	DKK	XS3165250245	0,07 %	https://pka.dk/ansvarlighed/ansvarlige-investeringer/politikker-og-rapporter
Pensionskassernes Administration a/s	Any grp re/real hous 5.25 04/15/30	2026	370.069,92	DKK	US75606DAQ43	0,00 %	https://pka.dk/ansvarlighed/ansvarlige-investeringer/politikker-og-rapporter
Pensionskassernes Administration a/s	Any grp re/real hous 9.75 04/15/30	2026	830.892,72	DKK	US75606DAV38	0,01 %	https://pka.dk/ansvarlighed/ansvarlige-investeringer/politikker-og-rapporter
Pensionskassernes Administration a/s	Anywhere re/co-i hous 7 04/15/30	2026	265.323,02	DKK	US75606DAS09	0,00 %	https://pka.dk/ansvarlighed/ansvarlige-investeringer/politikker-og-rapporter
Pensionskassernes Administration a/s	Aph/aph2/aph3/aq aquari 7.875 11/01/29	2026	8.946.354,59	DKK	US00188QAA40	0,08 %	https://pka.dk/ansvarlighed/ansvarlige-investeringer/politikker-og-rapporter
Pensionskassernes Administration a/s	Api group de inc apg 4.75 10/15/29	2026	13.236.215,72	DKK	US00185PAA93	0,11 %	https://pka.dk/ansvarlighed/ansvarlige-investeringer/politikker-og-rapporter
Pensionskassernes Administration a/s	Api group de inc apg 5.75 06/01/34	2026	637.203,09	DKK	US001877AB54	0,01 %	https://pka.dk/ansvarlighed/ansvarlige-investeringer/politikker-og-rapporter
Pensionskassernes Administration a/s	Apllo cmr re ari 4.625 06/15/29	2026	385.750,87	DKK	US03762UAD72	0,00 %	https://pka.dk/ansvarlighed/ansvarlige-investeringer/politikker-og-rapporter
Pensionskassernes Administration a/s	Aragvi finance aragvi 11.125 11/20/29	2026	8.220.402,79	DKK	US03851RAC88	0,07 %	https://pka.dk/ansvarlighed/ansvarlige-investeringer/politikker-og-rapporter
Pensionskassernes Administration a/s	Arbor realty sr abr 7.875 07/15/30	2026	1.749.734,49	DKK	US03881NAJ63	0,02 %	https://pka.dk/ansvarlighed/ansvarlige-investeringer/politikker-og-rapporter
Pensionskassernes Administration a/s	Arbor realty sr abr 8.5 12/15/28	2026	10.428.327,77	DKK	US03881NAL10	0,09 %	https://pka.dk/ansvarlighed/ansvarlige-investeringer/politikker-og-rapporter
Pensionskassernes Administration a/s	Archrock lp/fin aroc 6.625 09/01/32	2026	2.829.734,70	DKK	US03959KAD28	0,02 %	https://pka.dk/ansvarlighed/ansvarlige-investeringer/politikker-og-rapporter
Pensionskassernes Administration a/s	Arcosa inc aca 6.875 08/15/32	2026	665.337,79	DKK	US039653AC46	0,01 %	https://pka.dk/ansvarlighed/ansvarlige-investeringer/politikker-og-rapporter
Pensionskassernes Administration a/s	Ardagh group sa argid 9.5 12/01/30	2026	3.433.251,59	DKK	US039959AA98	0,03 %	https://pka.dk/ansvarlighed/ansvarlige-investeringer/politikker-og-rapporter
Pensionskassernes Administration a/s	Ardagh metal pac ampbev 4 09/01/29	2026	1.017.270,10	DKK	US03969YAB48	0,01 %	https://pka.dk/ansvarlighed/ansvarlige-investeringer/politikker-og-rapporter
Pensionskassernes Administration a/s	Ardonagh finco ardgrp 6.875 02/15/31	2026	750.890,48	DKK	XS2765406371	0,01 %	https://pka.dk/ansvarlighed/ansvarlige-investeringer/politikker-og-rapporter
Pensionskassernes Administration a/s	Ares capital cor arcc 2.875 06/15/28	2026	24.781.838,38	DKK	US04010LBB80	0,21 %	https://pka.dk/ansvarlighed/ansvarlige-investeringer/politikker-og-rapporter
Pensionskassernes Administration a/s	Ares capital cor arcc 3.2 11/15/31	2026	8.490.902,30	DKK	US04010LBC63	0,07 %	https://pka.dk/ansvarlighed/ansvarlige-investeringer/politikker-og-rapporter
Pensionskassernes Administration a/s	Aretec group rcap 10 08/15/30	2026	7.170.359,68	DKK	US04020JAA43	0,06 %	https://pka.dk/ansvarlighed/ansvarlige-investeringer/politikker-og-rapporter
Pensionskassernes Administration a/s	Aris mining ariscn 8 10/31/29	2026	6.660.891,00	DKK	US04040YAB56	0,06 %	https://pka.dk/ansvarlighed/ansvarlige-investeringer/politikker-og-rapporter
Pensionskassernes Administration a/s	Arko corp arko 5.125 11/15/29	2026	17.210.418,30	DKK	US041242AA67	0,15 %	https://pka.dk/ansvarlighed/ansvarlige-investeringer/politikker-og-rapporter
Pensionskassernes Administration a/s	Arsenal aic pare arnc 8 10/01/30	2026	1.147.816,77	DKK	US04288BAB62	0,01 %	https://pka.dk/ansvarlighed/ansvarlige-investeringer/politikker-og-rapporter
Pensionskassernes Administration a/s	Artera services powbuy 8.5 02/15/31	2026	585.387,19	DKK	US04302XAA28	0,01 %	https://pka.dk/ansvarlighed/ansvarlige-investeringer/politikker-og-rapporter
Pensionskassernes Administration a/s	Asbury auto grp abg 4.75 03/01/30	2026	2.569.783,22	DKK	US043436AV64	0,02 %	https://pka.dk/ansvarlighed/ansvarlige-investeringer/politikker-og-rapporter
Pensionskassernes Administration a/s	Ascent resour/ar ascres 6.625 07/15/33	2026	661.697,84	DKK	US04364VBA08	0,01 %	https://pka.dk/ansvarlighed/ansvarlige-investeringer/politikker-og-rapporter
Pensionskassernes Administration a/s	Ascent resour/ar ascres 6.625 10/15/32	2026	660.689,75	DKK	US04364VAX10	0,01 %	https://pka.dk/ansvarlighed/ansvarlige-investeringer/politikker-og-rapporter
Pensionskassernes Administration a/s	Ashland services ash 2 01/30/28	2026	28.609.355,33	DKK	XS2103218538	0,25 %	https://pka.dk/ansvarlighed/ansvarlige-investeringer/politikker-og-rapporter
Pensionskassernes Administration a/s	Ashton woods usa ashwoo 6.875 08/01/33	2026	3.545.755,41	DKK	US045086AR68	0,03 %	https://pka.dk/ansvarlighed/ansvarlige-investeringer/politikker-og-rapporter
Pensionskassernes Administration a/s	Assemblin caveri assemb 6.25 07/01/30	2026	925.866,29	DKK	XS2842976875	0,01 %	https://pka.dk/ansvarlighed/ansvarlige-investeringer/politikker-og-rapporter
Pensionskassernes Administration a/s	Asurion llc/co asucor 8 12/31/32	2026	15.850.112,54	DKK	US045941AA96	0,14 %	https://pka.dk/ansvarlighed/ansvarlige-investeringer/politikker-og-rapporter
Pensionskassernes Administration a/s	Asurion llc/co asucor 8.375 02/01/34	2026	3.271.098,27	DKK	US045941AB79	0,03 %	https://pka.dk/ansvarlighed/ansvarlige-investeringer/politikker-og-rapporter
Pensionskassernes Administration a/s	Atkore inc atkr 4.25 06/01/31	2026	553.657,39	DKK	US047649AA63	0,00 %	https://pka.dk/ansvarlighed/ansvarlige-investeringer/politikker-og-rapporter
Pensionskassernes Administration a/s	Atlantic sustain ay 4.125 06/15/28	2026	25.412.419,43	DKK	US04916WAA27	0,22 %	https://pka.dk/ansvarlighed/ansvarlige-investeringer/politikker-og-rapporter
Pensionskassernes Administration a/s	Atlanticus hldgs atlc 9.75 09/01/30	2026	18.449.638,68	DKK	US04914AAA25	0,16 %	https://pka.dk/ansvarlighed/ansvarlige-investeringer/politikker-og-rapporter
Pensionskassernes Administration a/s	Atp tow/andean atptow 7.875 02/03/30	2026	6.625.611,98	DKK	US00193BAA08	0,06 %	https://pka.dk/ansvarlighed/ansvarlige-investeringer/politikker-og-rapporter
Pensionskassernes Administration a/s	Auna sa/oncosalu auna 8.75 11/06/32	2026	6.364.888,80	DKK	US05151PAA84	0,05 %	https://pka.dk/ansvarlighed/ansvarlige-investeringer/politikker-og-rapporter
Pensionskassernes Administration a/s	Aurizon network azjau 2.9 09/02/30	2026	16.279.716,26	DKK	AU3CB0274173	0,14 %	https://pka.dk/ansvarlighed/ansvarlige-investeringer/politikker-og-rapporter
Pensionskassernes Administration a/s	Autostrade per l atostr 2 01/15/30	2026	7.113.305,86	DKK	XS2278566299	0,06 %	https://pka.dk/ansvarlighed/ansvarlige-investeringer/politikker-og-rapporter
Pensionskassernes Administration a/s	Avantor funding avtr 4.625 07/15/28	2026	1.018.162,72	DKK	US05352TAA79	0,01 %	https://pka.dk/ansvarlighed/ansvarlige-investeringer/politikker-og-rapporter
Pensionskassernes Administration a/s	Avianca midco 2 aviagp 9 12/01/28	2026	1.189.131,49	DKK	US05369YAC30	0,01 %	https://pka.dk/ansvarlighed/ansvarlige-investeringer/politikker-og-rapporter
Pensionskassernes Administration a/s	Avianca midco 2 aviagp 9.5 01/28/31	2026	1.230.735,74	DKK	US05369YAD13	0,01 %	https://pka.dk/ansvarlighed/ansvarlige-investeringer/politikker-og-rapporter
Pensionskassernes Administration a/s	Avianca midco 2 aviagp 9.625 02/14/30	2026	11.376.901,47	DKK	US05369YAA73	0,10 %	https://pka.dk/ansvarlighed/ansvarlige-investeringer/politikker-og-rapporter
Pensionskassernes Administration a/s	Avis budget car car 8.375 06/15/32	2026	654.113,11	DKK	US053773BK25	0,01 %	https://pka.dk/ansvarlighed/ansvarlige-investeringer/politikker-og-rapporter
Pensionskassernes Administration a/s	Avis budget fina car 7 02/28/29	2026	32.708.190,51	DKK	XS2769426623	0,28 %	https://pka.dk/ansvarlighed/ansvarlige-investeringer/politikker-og-rapporter
Pensionskassernes Administration a/s	Axalta coating axta 3.375 02/15/29	2026	1.164.849,73	DKK	US05453GAC96	0,01 %	https://pka.dk/ansvarlighed/ansvarlige-investeringer/politikker-og-rapporter
Pensionskassernes Administration a/s	Axia energia sa elebra 6.5 01/11/35	2026	1.567.050,63	DKK	US15234VAA52	0,01 %	https://pka.dk/ansvarlighed/ansvarlige-investeringer/politikker-og-rapporter
Pensionskassernes Administration a/s	Axon enterprise axon 6.125 03/15/30	2026	308.822,24	DKK	US05464CAC55	0,00 %	https://pka.dk/ansvarlighed/ansvarlige-investeringer/politikker-og-rapporter
Pensionskassernes Administration a/s	Axon enterprise axon 6.25 03/15/33	2026	659.024,89	DKK	US05464CAD39	0,01 %	https://pka.dk/ansvarlighed/ansvarlige-investeringer/politikker-og-rapporter
Pensionskassernes Administration a/s	Azelis finan azelis 4.75 09/25/29	2026	27.865.025,28	DKK	BE6355549120	0,24 %	https://pka.dk/ansvarlighed/ansvarlige-investeringer/politikker-og-rapporter
Pensionskassernes Administration a/s	Azorra finance azorra 7.25 01/15/31	2026	661.259,67	DKK	US05480AAB17	0,01 %	https://pka.dk/ansvarlighed/ansvarlige-investeringer/politikker-og-rapporter
Pensionskassernes Administration a/s	Azule energy fin azurgy 8.125 01/23/30	2026	1.312.961,48	DKK	US05501YAA64	0,01 %	https://pka.dk/ansvarlighed/ansvarlige-investeringer/politikker-og-rapporter
Pensionskassernes Administration a/s	Azule energy fin azurgy 8.625 01/22/33	2026	1.316.738,64	DKK	US05501YAC21	0,01 %	https://pka.dk/ansvarlighed/ansvarlige-investeringer/politikker-og-rapporter
Pensionskassernes Administration a/s	B&g foods inc bgs 5.25 09/15/27	2026	446.614,19	DKK	US05508WAB19	0,00 %	https://pka.dk/ansvarlighed/ansvarlige-investeringer/politikker-og-rapporter
Pensionskassernes Administration a/s	B&g foods inc bgs 8 09/15/28	2026	28.651.522,25	DKK	US05508WAC91	0,25 %	https://pka.dk/ansvarlighed/ansvarlige-investeringer/politikker-og-rapporter
Pensionskassernes Administration a/s	B&m european bmeln 6.5 11/27/31	2026	823.420,97	DKK	XS2942371274	0,01 %	https://pka.dk/ansvarlighed/ansvarlige-investeringer/politikker-og-rapporter
Pensionskassernes Administration a/s	B&m european bmeln 8.125 11/15/30	2026	26.106.450,55	DKK	XS2721513260	0,22 %	https://pka.dk/ansvarlighed/ansvarlige-investeringer/politikker-og-rapporter
Pensionskassernes Administration a/s	B3 sa bthree 4.125 09/20/31	2026	1.208.281,31	DKK	US11778EAA47	0,01 %	https://pka.dk/ansvarlighed/ansvarlige-investeringer/politikker-og-rapporter
Pensionskassernes Administration a/s	Bain capital spe bcsf 5.95 03/01/31	2026	9.365.341,31	DKK	US05684BAF40	0,08 %	https://pka.dk/ansvarlighed/ansvarlige-investeringer/politikker-og-rapporter
Pensionskassernes Administration a/s	Baldwin ins/fin bwin 7.125 05/15/31	2026	1.294.979,01	DKK	US05825XAA72	0,01 %	https://pka.dk/ansvarlighed/ansvarlige-investeringer/politikker-og-rapporter
Pensionskassernes Administration a/s	Ball corp ball 2.875 08/15/30	2026	5.674.492,01	DKK	US058498AW66	0,05 %	https://pka.dk/ansvarlighed/ansvarlige-investeringer/politikker-og-rapporter
Pensionskassernes Administration a/s	Ball corp ball 4.25 07/01/32	2026	37.608.764,54	DKK	XS3070629335	0,32 %	https://pka.dk/ansvarlighed/ansvarlige-investeringer/politikker-og-rapporter
Pensionskassernes Administration a/s	Banco brades ci brades 6.5 01/22/30	2026	1.335.210,91	DKK	US05947KBB52	0,01 %	https://pka.dk/ansvarlighed/ansvarlige-investeringer/politikker-og-rapporter
Pensionskassernes Administration a/s	Banco brasl (ci) banbra 6 03/18/31	2026	1.310.543,44	DKK	US059578AK04	0,01 %	https://pka.dk/ansvarlighed/ansvarlige-investeringer/politikker-og-rapporter
Pensionskassernes Administration a/s	Barclays plc bacr 0.577 08/09/29	2026	98.761.791,22	DKK	XS2373642102	0,85 %	https://pka.dk/ansvarlighed/ansvarlige-investeringer/politikker-og-rapporter
Pensionskassernes Administration a/s	Barclays plc bacr 2.894 11/24/32	2026	2.127.412,08	DKK	US06738EBV65	0,02 %	https://pka.dk/ansvarlighed/ansvarlige-investeringer/politikker-og-rapporter
Pensionskassernes Administration a/s	Barings bdc inc bbdc 7 02/15/29	2026	8.117.229,57	DKK	US06759LAD55	0,07 %	https://pka.dk/ansvarlighed/ansvarlige-investeringer/politikker-og-rapporter
Pensionskassernes Administration a/s	Bausch + lomb co blcocn 8.375 10/01/28	2026	731.535,44	DKK	US071705AA56	0,01 %	https://pka.dk/ansvarlighed/ansvarlige-investeringer/politikker-og-rapporter
Pensionskassernes Administration a/s	Bausch health bhccn 11 09/30/28	2026	1.477.817,94	DKK	US071734AQ04	0,01 %	https://pka.dk/ansvarlighed/ansvarlige-investeringer/politikker-og-rapporter
Pensionskassernes Administration a/s	Bausch health bhccn 14 10/15/30	2026	1.677.526,31	DKK	US071734AR86	0,01 %	https://pka.dk/ansvarlighed/ansvarlige-investeringer/politikker-og-rapporter
Pensionskassernes Administration a/s	Bausch health bhccn 4.875 06/01/28	2026	59.748,36	DKK	US071734AN72	0,00 %	https://pka.dk/ansvarlighed/ansvarlige-investeringer/politikker-og-rapporter
Pensionskassernes Administration a/s	Baxter intl bax 1.73 04/01/31	2026	13.635.899,50	DKK	US071813CB37	0,12 %	https://pka.dk/ansvarlighed/ansvarlige-investeringer/politikker-og-rapporter
Pensionskassernes Administration a/s	Baxter intl bax 2.539 02/01/32	2026	7.144.249,24	DKK	US071813CS61	0,06 %	https://pka.dk/ansvarlighed/ansvarlige-investeringer/politikker-og-rapporter
Pensionskassernes Administration a/s	Bcp modular modula 4.75 11/30/28	2026	1.181.863,71	DKK	XS2397447025	0,01 %	https://pka.dk/ansvarlighed/ansvarlige-investeringer/politikker-og-rapporter
Pensionskassernes Administration a/s	Bcp modular modula 6.5 07/10/31	2026	1.905.496,73	DKK	XS3108493167	0,02 %	https://pka.dk/ansvarlighed/ansvarlige-investeringer/politikker-og-rapporter
Pensionskassernes Administration a/s	Be semiconductor besina 4.5 07/15/31	2026	23.062.917,23	DKK	XS2858130771	0,20 %	https://pka.dk/ansvarlighed/ansvarlige-investeringer/politikker-og-rapporter
Pensionskassernes Administration a/s	Beazer homes usa bzh 7.5 03/15/31	2026	651.386,65	DKK	US07556QBU85	0,01 %	https://pka.dk/ansvarlighed/ansvarlige-investeringer/politikker-og-rapporter
Pensionskassernes Administration a/s	Bell canada bcecn 5.15 02/09/53	2026	30.741.881,55	DKK	CA07813ZCM47	0,26 %	https://pka.dk/ansvarlighed/ansvarlige-investeringer/politikker-og-rapporter
Pensionskassernes Administration a/s	Bell canada bcecn 7.85 04/02/31	2026	2.683.571,42	DKK	CA07813ZAL81	0,02 %	https://pka.dk/ansvarlighed/ansvarlige-investeringer/politikker-og-rapporter
Pensionskassernes Administration a/s	Bellis acquisiti assdln 8 07/01/31	2026	11.508.175,08	DKK	XS3099155932	0,10 %	https://pka.dk/ansvarlighed/ansvarlige-investeringer/politikker-og-rapporter
Pensionskassernes Administration a/s	Bellis acquisiti assdln 8.125 05/14/30	2026	11.995.307,26	DKK	XS2811958839	0,10 %	https://pka.dk/ansvarlighed/ansvarlige-investeringer/politikker-og-rapporter
Pensionskassernes Administration a/s	Bellring distrib brbr 7 03/15/30	2026	1.285.032,00	DKK	US07831CAA18	0,01 %	https://pka.dk/ansvarlighed/ansvarlige-investeringer/politikker-og-rapporter
Pensionskassernes Administration a/s	Belron uk financ belron 5.75 10/15/29	2026	1.296.692,53	DKK	US080782AA38	0,01 %	https://pka.dk/ansvarlighed/ansvarlige-investeringer/politikker-og-rapporter
Pensionskassernes Administration a/s	Benteler interna bentlr 7.25 06/15/31	2026	27.195.501,38	DKK	XS3103603091	0,23 %	https://pka.dk/ansvarlighed/ansvarlige-investeringer/politikker-og-rapporter
Pensionskassernes Administration a/s	Bgc group inc bgc 6.15 04/02/30	2026	13.615.891,04	DKK	US05555LAD38	0,12 %	https://pka.dk/ansvarlighed/ansvarlige-investeringer/politikker-og-rapporter
Pensionskassernes Administration a/s	Bgc group inc bgc 6.6 06/10/29	2026	3.316.692,30	DKK	US05555LAB71	0,03 %	https://pka.dk/ansvarlighed/ansvarlige-investeringer/politikker-og-rapporter
Pensionskassernes Administration a/s	Bgc group inc bgc 8 05/25/28	2026	4.732.033,91	DKK	US088929AC82	0,04 %	https://pka.dk/ansvarlighed/ansvarlige-investeringer/politikker-og-rapporter
Pensionskassernes Administration a/s	Biomarin pharm bmrn 5.5 02/15/34	2026	635.573,05	DKK	US09061GAL59	0,01 %	https://pka.dk/ansvarlighed/ansvarlige-investeringer/politikker-og-rapporter
Pensionskassernes Administration a/s	Bkv upstream mid bkvcor 7.5 10/15/30	2026	652.751,75	DKK	US05619CAA36	0,01 %	https://pka.dk/ansvarlighed/ansvarlige-investeringer/politikker-og-rapporter
Pensionskassernes Administration a/s	Blackstone mtge bxmt 7.75 12/01/29	2026	669.424,94	DKK	US09257WAF77	0,01 %	https://pka.dk/ansvarlighed/ansvarlige-investeringer/politikker-og-rapporter
Pensionskassernes Administration a/s	Block inc xyz 3.5 06/01/31	2026	1.114.302,38	DKK	US852234AP86	0,01 %	https://pka.dk/ansvarlighed/ansvarlige-investeringer/politikker-og-rapporter
Pensionskassernes Administration a/s	Block inc xyz 6 08/15/33	2026	837.267,87	DKK	US852234AU71	0,01 %	https://pka.dk/ansvarlighed/ansvarlige-investeringer/politikker-og-rapporter
Pensionskassernes Administration a/s	Block inc xyz 6.5 05/15/32	2026	37.423.759,26	DKK	US852234AS26	0,32 %	https://pka.dk/ansvarlighed/ansvarlige-investeringer/politikker-og-rapporter
Pensionskassernes Administration a/s	Blue owl capital obdc 2.875 06/11/28	2026	23.439.336,15	DKK	US69121KAG94	0,20 %	https://pka.dk/ansvarlighed/ansvarlige-investeringer/politikker-og-rapporter
Pensionskassernes Administration a/s	Blue racer mid/f blurac 7.25 07/15/32	2026	667.224,98	DKK	US095796AK46	0,01 %	https://pka.dk/ansvarlighed/ansvarlige-investeringer/politikker-og-rapporter
Pensionskassernes Administration a/s	Boels tophold boelst 5.75 05/15/30	2026	2.448.274,94	DKK	XS2806449190	0,02 %	https://pka.dk/ansvarlighed/ansvarlige-investeringer/politikker-og-rapporter
Pensionskassernes Administration a/s	Bombardier inc bbdbcn 6.75 06/15/33	2026	1.070.930,36	DKK	US097751CD18	0,01 %	https://pka.dk/ansvarlighed/ansvarlige-investeringer/politikker-og-rapporter
Pensionskassernes Administration a/s	Bombardier inc bbdbcn 7 06/01/32	2026	672.269,56	DKK	US097751CC35	0,01 %	https://pka.dk/ansvarlighed/ansvarlige-investeringer/politikker-og-rapporter
Pensionskassernes Administration a/s	Bombardier inc bbdbcn 7.45 05/01/34	2026	36.150.785,20	DKK	US097751AL51	0,31 %	https://pka.dk/ansvarlighed/ansvarlige-investeringer/politikker-og-rapporter
Pensionskassernes Administration a/s	Bombardier inc bbdbcn 8.75 11/15/30	2026	3.139.294,04	DKK	US097751CA78	0,03 %	https://pka.dk/ansvarlighed/ansvarlige-investeringer/politikker-og-rapporter
Pensionskassernes Administration a/s	Boyd gaming corp byd 4.75 06/15/31	2026	29.781.166,44	DKK	US103304BV23	0,26 %	https://pka.dk/ansvarlighed/ansvarlige-investeringer/politikker-og-rapporter
Pensionskassernes Administration a/s	Boyne usa bigsky 4.75 05/15/29	2026	794.098,31	DKK	US103557AC88	0,01 %	https://pka.dk/ansvarlighed/ansvarlige-investeringer/politikker-og-rapporter
Pensionskassernes Administration a/s	Brand industrial brandi 10.375 08/01/30	2026	947.705,21	DKK	US104931AA85	0,01 %	https://pka.dk/ansvarlighed/ansvarlige-investeringer/politikker-og-rapporter
Pensionskassernes Administration a/s	Bread financial bfh 6.75 05/15/31	2026	5.926.701,29	DKK	US018581AR99	0,05 %	https://pka.dk/ansvarlighed/ansvarlige-investeringer/politikker-og-rapporter
Pensionskassernes Administration a/s	Brf sa brfsbz 5.75 09/21/50	2026	1.010.734,94	DKK	US10552TAH05	0,01 %	https://pka.dk/ansvarlighed/ansvarlige-investeringer/politikker-og-rapporter
Pensionskassernes Administration a/s	Brightstar/brigh brsl 5.75 01/15/33	2026	624.922,27	DKK	US108922AA38	0,01 %	https://pka.dk/ansvarlighed/ansvarlige-investeringer/politikker-og-rapporter
Pensionskassernes Administration a/s	Brink's co/the bco 6.5 06/15/29	2026	7.972.970,99	DKK	US109696AC87	0,07 %	https://pka.dk/ansvarlighed/ansvarlige-investeringer/politikker-og-rapporter
Pensionskassernes Administration a/s	Bristow group vtol 6.75 02/01/33	2026	32.344.722,44	DKK	US11040GAB95	0,28 %	https://pka.dk/ansvarlighed/ansvarlige-investeringer/politikker-og-rapporter
Pensionskassernes Administration a/s	Broadridge finan br 2.6 05/01/31	2026	11.492.181,82	DKK	US11133TAE38	0,10 %	https://pka.dk/ansvarlighed/ansvarlige-investeringer/politikker-og-rapporter
Pensionskassernes Administration a/s	Broadridge finan br 2.9 12/01/29	2026	9.049.194,12	DKK	US11133TAD54	0,08 %	https://pka.dk/ansvarlighed/ansvarlige-investeringer/politikker-og-rapporter
Pensionskassernes Administration a/s	Broadstreet part bropar 5.875 04/15/29	2026	1.139.932,65	DKK	US11135RAA32	0,01 %	https://pka.dk/ansvarlighed/ansvarlige-investeringer/politikker-og-rapporter
Pensionskassernes Administration a/s	Brundage-bone co bbcp 7.5 02/01/32	2026	662.643,53	DKK	US66981QAB23	0,01 %	https://pka.dk/ansvarlighed/ansvarlige-investeringer/politikker-og-rapporter
Pensionskassernes Administration a/s	Brunswick corp bc 5.1 04/01/52	2026	25.479.800,06	DKK	US117043AV12	0,22 %	https://pka.dk/ansvarlighed/ansvarlige-investeringer/politikker-og-rapporter
Pensionskassernes Administration a/s	Buckeye partners bpl 4.5 03/01/28	2026	3.634.839,16	DKK	US118230AU55	0,03 %	https://pka.dk/ansvarlighed/ansvarlige-investeringer/politikker-og-rapporter
Pensionskassernes Administration a/s	Buckeye partners bpl 6.75 02/01/30	2026	2.866.269,19	DKK	US118230AW12	0,02 %	https://pka.dk/ansvarlighed/ansvarlige-investeringer/politikker-og-rapporter
Pensionskassernes Administration a/s	Buckeye partners bpl 6.875 07/01/29	2026	661.847,09	DKK	US118230AV39	0,01 %	https://pka.dk/ansvarlighed/ansvarlige-investeringer/politikker-og-rapporter
Pensionskassernes Administration a/s	Builders firstso bldr 4.25 02/01/32	2026	2.611.236,43	DKK	US12008RAP29	0,02 %	https://pka.dk/ansvarlighed/ansvarlige-investeringer/politikker-og-rapporter
Pensionskassernes Administration a/s	Bulg enrgy hld bulenr 2.45 07/22/28	2026	1.294.109,33	DKK	XS2367164576	0,01 %	https://pka.dk/ansvarlighed/ansvarlige-investeringer/politikker-og-rapporter
Pensionskassernes Administration a/s	Burberry group brbyln 5.75 06/20/30	2026	24.304.762,70	DKK	XS2831553073	0,21 %	https://pka.dk/ansvarlighed/ansvarlige-investeringer/politikker-og-rapporter
Pensionskassernes Administration a/s	Burford capital burln 7.5 07/15/33	2026	2.182.682,28	DKK	US12116LAG41	0,02 %	https://pka.dk/ansvarlighed/ansvarlige-investeringer/politikker-og-rapporter
Pensionskassernes Administration a/s	Burford capital burln 9.25 07/01/31	2026	372.439,90	DKK	US12116LAE92	0,00 %	https://pka.dk/ansvarlighed/ansvarlige-investeringer/politikker-og-rapporter
Pensionskassernes Administration a/s	C&w senior finan cwcfin 9 01/15/33	2026	11.460.718,23	DKK	US12665MAA09	0,10 %	https://pka.dk/ansvarlighed/ansvarlige-investeringer/politikker-og-rapporter
Pensionskassernes Administration a/s	Ca immo anlagen caiav 4.25 04/30/30	2026	6.034.995,62	DKK	XS2927556519	0,05 %	https://pka.dk/ansvarlighed/ansvarlige-investeringer/politikker-og-rapporter
Pensionskassernes Administration a/s	Cabcorp camebo 5.25 04/27/29	2026	1.266.992,81	DKK	US15239XAA63	0,01 %	https://pka.dk/ansvarlighed/ansvarlige-investeringer/politikker-og-rapporter
Pensionskassernes Administration a/s	Caesars ent czr 4.625 10/15/29	2026	746.894,65	DKK	US12769GAA85	0,01 %	https://pka.dk/ansvarlighed/ansvarlige-investeringer/politikker-og-rapporter
Pensionskassernes Administration a/s	Caesars ent czr 6 10/15/32	2026	579.279,14	DKK	US12769GAD25	0,00 %	https://pka.dk/ansvarlighed/ansvarlige-investeringer/politikker-og-rapporter
Pensionskassernes Administration a/s	Caesars ent czr 6.5 02/15/32	2026	1.329.783,77	DKK	US12769GAC42	0,01 %	https://pka.dk/ansvarlighed/ansvarlige-investeringer/politikker-og-rapporter
Pensionskassernes Administration a/s	Caesars ent czr 7 02/15/30	2026	1.303.529,99	DKK	US12769GAB68	0,01 %	https://pka.dk/ansvarlighed/ansvarlige-investeringer/politikker-og-rapporter
Pensionskassernes Administration a/s	Caixa economica caixbr 5.625 05/13/30	2026	1.297.094,22	DKK	US12803Y2A67	0,01 %	https://pka.dk/ansvarlighed/ansvarlige-investeringer/politikker-og-rapporter
Pensionskassernes Administration a/s	California resou crc 7 01/15/34	2026	27.135.371,80	DKK	US13057QAL14	0,23 %	https://pka.dk/ansvarlighed/ansvarlige-investeringer/politikker-og-rapporter
Pensionskassernes Administration a/s	Calumet special clmt 9.75 02/15/31	2026	681.112,60	DKK	US131477BA87	0,01 %	https://pka.dk/ansvarlighed/ansvarlige-investeringer/politikker-og-rapporter
Pensionskassernes Administration a/s	Calumet special clmt 9.75 07/15/28	2026	2.509.848,70	DKK	US131477AW17	0,02 %	https://pka.dk/ansvarlighed/ansvarlige-investeringer/politikker-og-rapporter
Pensionskassernes Administration a/s	Capital southwes cswc 5.95 09/18/30	2026	4.880.952,72	DKK	US140501AF43	0,04 %	https://pka.dk/ansvarlighed/ansvarlige-investeringer/politikker-og-rapporter
Pensionskassernes Administration a/s	Capstone borrowe cvt 8 06/15/30	2026	1.205.993,02	DKK	US140944AA76	0,01 %	https://pka.dk/ansvarlighed/ansvarlige-investeringer/politikker-og-rapporter
Pensionskassernes Administration a/s	Capstone copper capcop 6.75 03/31/33	2026	656.027,59	DKK	US14071LAA61	0,01 %	https://pka.dk/ansvarlighed/ansvarlige-investeringer/politikker-og-rapporter
Pensionskassernes Administration a/s	Carmila sa cardfp 3.875 01/25/32	2026	6.656.078,85	DKK	FR001400STL8	0,06 %	https://pka.dk/ansvarlighed/ansvarlige-investeringer/politikker-og-rapporter
Pensionskassernes Administration a/s	Carnival corp ccl 4 08/01/28	2026	630.293,41	DKK	US143658BQ44	0,01 %	https://pka.dk/ansvarlighed/ansvarlige-investeringer/politikker-og-rapporter
Pensionskassernes Administration a/s	Carnival corp ccl 5.125 05/01/29	2026	1.541.111,86	DKK	US143658CB65	0,01 %	https://pka.dk/ansvarlighed/ansvarlige-investeringer/politikker-og-rapporter
Pensionskassernes Administration a/s	Carnival corp ccl 5.75 01/15/30	2026	31.188.036,72	DKK	XS2809222420	0,27 %	https://pka.dk/ansvarlighed/ansvarlige-investeringer/politikker-og-rapporter
Pensionskassernes Administration a/s	Carnival corp ccl 5.875 06/15/31	2026	8.451.870,55	DKK	US143658BZ43	0,07 %	https://pka.dk/ansvarlighed/ansvarlige-investeringer/politikker-og-rapporter
Pensionskassernes Administration a/s	Carnival corp ccl 6.65 01/15/28	2026	3.940.353,01	DKK	US143658AH53	0,03 %	https://pka.dk/ansvarlighed/ansvarlige-investeringer/politikker-og-rapporter
Pensionskassernes Administration a/s	Carnival plc ccl 4.125 07/15/31	2026	10.459.991,55	DKK	XS3111860865	0,09 %	https://pka.dk/ansvarlighed/ansvarlige-investeringer/politikker-og-rapporter
Pensionskassernes Administration a/s	Carpenter tech crs 5.625 03/01/34	2026	640.485,80	DKK	US144285AN39	0,01 %	https://pka.dk/ansvarlighed/ansvarlige-investeringer/politikker-og-rapporter
Pensionskassernes Administration a/s	Cars.com inc cars 6.375 11/01/28	2026	12.630.038,35	DKK	US14575EAA38	0,11 %	https://pka.dk/ansvarlighed/ansvarlige-investeringer/politikker-og-rapporter
Pensionskassernes Administration a/s	Cascades inc/usa cascn 5.375 01/15/28	2026	7.435.852,94	DKK	US14739LAB80	0,06 %	https://pka.dk/ansvarlighed/ansvarlige-investeringer/politikker-og-rapporter
Pensionskassernes Administration a/s	Cascades inc/usa cascn 6.75 07/15/30	2026	40.201.289,63	DKK	US14739LAD47	0,35 %	https://pka.dk/ansvarlighed/ansvarlige-investeringer/politikker-og-rapporter
Pensionskassernes Administration a/s	Caturus energy ktgllc 8.5 02/15/30	2026	740.836,07	DKK	US49446BAA26	0,01 %	https://pka.dk/ansvarlighed/ansvarlige-investeringer/politikker-og-rapporter
Pensionskassernes Administration a/s	Cco holdings llc chtr 4.25 01/15/34	2026	1.346.951,55	DKK	US1248EPCP61	0,01 %	https://pka.dk/ansvarlighed/ansvarlige-investeringer/politikker-og-rapporter
Pensionskassernes Administration a/s	Cco holdings llc chtr 4.25 02/01/31	2026	2.393.633,41	DKK	US1248EPCK74	0,02 %	https://pka.dk/ansvarlighed/ansvarlige-investeringer/politikker-og-rapporter
Pensionskassernes Administration a/s	Cco holdings llc chtr 4.5 05/01/32	2026	3.052.714,87	DKK	US1248EPCN14	0,03 %	https://pka.dk/ansvarlighed/ansvarlige-investeringer/politikker-og-rapporter
Pensionskassernes Administration a/s	Cco holdings llc chtr 4.5 06/01/33	2026	1.156.770,04	DKK	US1248EPCL57	0,01 %	https://pka.dk/ansvarlighed/ansvarlige-investeringer/politikker-og-rapporter
Pensionskassernes Administration a/s	Cco holdings llc chtr 4.5 08/15/30	2026	1.737.581,01	DKK	US1248EPCE15	0,01 %	https://pka.dk/ansvarlighed/ansvarlige-investeringer/politikker-og-rapporter
Pensionskassernes Administration a/s	Cco holdings llc chtr 4.75 03/01/30	2026	64.785.167,25	DKK	US1248EPCD32	0,56 %	https://pka.dk/ansvarlighed/ansvarlige-investeringer/politikker-og-rapporter
Pensionskassernes Administration a/s	Cco holdings llc chtr 5 02/01/28	2026	637.235,16	DKK	US1248EPBX05	0,01 %	https://pka.dk/ansvarlighed/ansvarlige-investeringer/politikker-og-rapporter
Pensionskassernes Administration a/s	Cco holdings llc chtr 5.125 05/01/27	2026	990.049,10	DKK	US1248EPBT92	0,01 %	https://pka.dk/ansvarlighed/ansvarlige-investeringer/politikker-og-rapporter
Pensionskassernes Administration a/s	Cco holdings llc chtr 7.375 02/01/36	2026	1.233.950,52	DKK	US1248EPCV30	0,01 %	https://pka.dk/ansvarlighed/ansvarlige-investeringer/politikker-og-rapporter
Pensionskassernes Administration a/s	Cd&r smo / radio petsaf 9.5 10/15/29	2026	189.612,49	DKK	US12515KAA60	0,00 %	https://pka.dk/ansvarlighed/ansvarlige-investeringer/politikker-og-rapporter
Pensionskassernes Administration a/s	Ceconomy ag cecgr 6.25 07/15/29	2026	14.899.670,41	DKK	XS2854329104	0,13 %	https://pka.dk/ansvarlighed/ansvarlige-investeringer/politikker-og-rapporter
Pensionskassernes Administration a/s	Celanese us hlds ce 5 04/15/31	2026	18.431.383,52	DKK	XS3023780375	0,16 %	https://pka.dk/ansvarlighed/ansvarlige-investeringer/politikker-og-rapporter
Pensionskassernes Administration a/s	Celanese us hlds ce 5.587 01/19/29	2026	787.660,16	DKK	XS2497520887	0,01 %	https://pka.dk/ansvarlighed/ansvarlige-investeringer/politikker-og-rapporter
Pensionskassernes Administration a/s	Celanese us hlds ce 6.5 04/15/30	2026	33.700.004,64	DKK	US15089QAZ72	0,29 %	https://pka.dk/ansvarlighed/ansvarlige-investeringer/politikker-og-rapporter
Pensionskassernes Administration a/s	Celanese us hlds ce 6.75 04/15/33	2026	2.449.695,94	DKK	US15089QBA13	0,02 %	https://pka.dk/ansvarlighed/ansvarlige-investeringer/politikker-og-rapporter
Pensionskassernes Administration a/s	Celanese us hlds ce 7 02/15/31	2026	1.000.539,73	DKK	US15089QBC78	0,01 %	https://pka.dk/ansvarlighed/ansvarlige-investeringer/politikker-og-rapporter
Pensionskassernes Administration a/s	Centene corp cnc 3.375 02/15/30	2026	4.237.949,94	DKK	US15135BAV36	0,04 %	https://pka.dk/ansvarlighed/ansvarlige-investeringer/politikker-og-rapporter
Pensionskassernes Administration a/s	Centene corp cnc 4.625 12/15/29	2026	54.507.996,42	DKK	US15135BAT89	0,47 %	https://pka.dk/ansvarlighed/ansvarlige-investeringer/politikker-og-rapporter
Pensionskassernes Administration a/s	Central garden cent 4.125 04/30/31	2026	18.796.202,10	DKK	US153527AP10	0,16 %	https://pka.dk/ansvarlighed/ansvarlige-investeringer/politikker-og-rapporter
Pensionskassernes Administration a/s	Central garden cent 4.125 10/15/30	2026	4.076.908,07	DKK	US153527AN61	0,04 %	https://pka.dk/ansvarlighed/ansvarlige-investeringer/politikker-og-rapporter
Pensionskassernes Administration a/s	Century communit ccs 3.875 08/15/29	2026	33.530.000,55	DKK	US156504AM47	0,29 %	https://pka.dk/ansvarlighed/ansvarlige-investeringer/politikker-og-rapporter
Pensionskassernes Administration a/s	Century communit ccs 6.625 09/15/33	2026	639.192,37	DKK	US156504AN20	0,01 %	https://pka.dk/ansvarlighed/ansvarlige-investeringer/politikker-og-rapporter
Pensionskassernes Administration a/s	Cerdia finanz platin 9.375 10/03/31	2026	7.938.685,64	DKK	US15679GAC69	0,07 %	https://pka.dk/ansvarlighed/ansvarlige-investeringer/politikker-og-rapporter
Pensionskassernes Administration a/s	Cesar spa cesars 6.5 09/30/31	2026	766.660,28	DKK	XS2904660755	0,01 %	https://pka.dk/ansvarlighed/ansvarlige-investeringer/politikker-og-rapporter
Pensionskassernes Administration a/s	Champions financ crashc 8.75 02/15/29	2026	1.057.260,90	DKK	US15870LAA61	0,01 %	https://pka.dk/ansvarlighed/ansvarlige-investeringer/politikker-og-rapporter
Pensionskassernes Administration a/s	Charles river la crl 3.75 03/15/29	2026	45.022.113,60	DKK	US159864AG27	0,39 %	https://pka.dk/ansvarlighed/ansvarlige-investeringer/politikker-og-rapporter
Pensionskassernes Administration a/s	Charles river la crl 4 03/15/31	2026	604.318,86	DKK	US159864AJ65	0,01 %	https://pka.dk/ansvarlighed/ansvarlige-investeringer/politikker-og-rapporter
Pensionskassernes Administration a/s	Charles river la crl 4.25 05/01/28	2026	41.653.163,38	DKK	US159864AE78	0,36 %	https://pka.dk/ansvarlighed/ansvarlige-investeringer/politikker-og-rapporter
Pensionskassernes Administration a/s	Chemours co cc 7.875 03/15/34	2026	652.681,72	DKK	US163851AL27	0,01 %	https://pka.dk/ansvarlighed/ansvarlige-investeringer/politikker-og-rapporter
Pensionskassernes Administration a/s	Chemours co cc 8 01/15/33	2026	18.330.935,78	DKK	US163851AJ70	0,16 %	https://pka.dk/ansvarlighed/ansvarlige-investeringer/politikker-og-rapporter
Pensionskassernes Administration a/s	Cheplapharm arzn chepde 7.125 06/15/31	2026	1.685.197,21	DKK	XS3087220664	0,01 %	https://pka.dk/ansvarlighed/ansvarlige-investeringer/politikker-og-rapporter
Pensionskassernes Administration a/s	Cheplapharm arzn chepde 7.5 05/15/30	2026	11.530.859,99	DKK	XS2618867159	0,10 %	https://pka.dk/ansvarlighed/ansvarlige-investeringer/politikker-og-rapporter
Pensionskassernes Administration a/s	Chobani llc/fin chbani 6.375 04/15/34	2026	653.766,35	DKK	US17027NAD49	0,01 %	https://pka.dk/ansvarlighed/ansvarlige-investeringer/politikker-og-rapporter
Pensionskassernes Administration a/s	Chord energy chrd 6 10/01/30	2026	2.864.001,29	DKK	US674215AQ11	0,02 %	https://pka.dk/ansvarlighed/ansvarlige-investeringer/politikker-og-rapporter
Pensionskassernes Administration a/s	Chord energy chrd 6.75 03/15/33	2026	659.555,58	DKK	US674215AN89	0,01 %	https://pka.dk/ansvarlighed/ansvarlige-investeringer/politikker-og-rapporter
Pensionskassernes Administration a/s	Chs/community cyh 6.875 04/15/29	2026	6.165.927,47	DKK	US12543DBJ81	0,05 %	https://pka.dk/ansvarlighed/ansvarlige-investeringer/politikker-og-rapporter
Pensionskassernes Administration a/s	Churchill downs chdn 4.75 01/15/28	2026	15.926.362,96	DKK	US171484AE81	0,14 %	https://pka.dk/ansvarlighed/ansvarlige-investeringer/politikker-og-rapporter
Pensionskassernes Administration a/s	Churchill downs chdn 6.75 05/01/31	2026	1.640.160,78	DKK	US171484AJ78	0,01 %	https://pka.dk/ansvarlighed/ansvarlige-investeringer/politikker-og-rapporter
Pensionskassernes Administration a/s	Cia de minas bue buenav 6.8 02/04/32	2026	6.999.946,41	DKK	US204448AB05	0,06 %	https://pka.dk/ansvarlighed/ansvarlige-investeringer/politikker-og-rapporter
Pensionskassernes Administration a/s	Cidron aida finc advzcn 7 10/27/31	2026	1.958.206,52	DKK	XS3046352319	0,02 %	https://pka.dk/ansvarlighed/ansvarlige-investeringer/politikker-og-rapporter
Pensionskassernes Administration a/s	Ciena corp cien 4 01/31/30	2026	21.772.446,20	DKK	US171779AL52	0,19 %	https://pka.dk/ansvarlighed/ansvarlige-investeringer/politikker-og-rapporter
Pensionskassernes Administration a/s	Cimpress plc cmpr 7.375 09/15/32	2026	3.843.397,74	DKK	US17186HAH57	0,03 %	https://pka.dk/ansvarlighed/ansvarlige-investeringer/politikker-og-rapporter
Pensionskassernes Administration a/s	Cinemark usa cnk 5.25 07/15/28	2026	1.666.360,00	DKK	US172441BF30	0,01 %	https://pka.dk/ansvarlighed/ansvarlige-investeringer/politikker-og-rapporter
Pensionskassernes Administration a/s	Cinemark usa cnk 7 08/01/32	2026	664.228,05	DKK	US172441BH95	0,01 %	https://pka.dk/ansvarlighed/ansvarlige-investeringer/politikker-og-rapporter
Pensionskassernes Administration a/s	Citycon treasury citcon 5 03/11/30	2026	25.333.381,38	DKK	XS2956850189	0,22 %	https://pka.dk/ansvarlighed/ansvarlige-investeringer/politikker-og-rapporter
Pensionskassernes Administration a/s	Citycon treasury citcon 5.375 07/08/31	2026	19.125.573,52	DKK	XS3043331977	0,16 %	https://pka.dk/ansvarlighed/ansvarlige-investeringer/politikker-og-rapporter
Pensionskassernes Administration a/s	Clar sci hld crp clvtsc 3.875 07/01/28	2026	2.302.925,23	DKK	US18064PAC32	0,02 %	https://pka.dk/ansvarlighed/ansvarlige-investeringer/politikker-og-rapporter
Pensionskassernes Administration a/s	Clar sci hld crp clvtsc 4.875 07/01/29	2026	1.353.867,26	DKK	US18064PAD15	0,01 %	https://pka.dk/ansvarlighed/ansvarlige-investeringer/politikker-og-rapporter
Pensionskassernes Administration a/s	Clariant ag clnvx 2.75 09/22/28	2026	25.253.932,92	DKK	CH1290870901	0,22 %	https://pka.dk/ansvarlighed/ansvarlige-investeringer/politikker-og-rapporter
Pensionskassernes Administration a/s	Clarios global powsol 4.75 06/15/31	2026	1.727.197,10	DKK	XS3091295801	0,01 %	https://pka.dk/ansvarlighed/ansvarlige-investeringer/politikker-og-rapporter
Pensionskassernes Administration a/s	Clarios global powsol 6.75 02/15/30	2026	831.471,24	DKK	US18060TAD72	0,01 %	https://pka.dk/ansvarlighed/ansvarlige-investeringer/politikker-og-rapporter
Pensionskassernes Administration a/s	Cld sftwr grp in tibx 6.5 03/31/29	2026	4.415.788,00	DKK	US88632QAE35	0,04 %	https://pka.dk/ansvarlighed/ansvarlige-investeringer/politikker-og-rapporter
Pensionskassernes Administration a/s	Cld sftwr grp in tibx 6.625 08/15/33	2026	1.180.400,56	DKK	US18912UAG76	0,01 %	https://pka.dk/ansvarlighed/ansvarlige-investeringer/politikker-og-rapporter
Pensionskassernes Administration a/s	Cld sftwr grp in tibx 8.25 06/30/32	2026	30.790.334,19	DKK	US18912UAC62	0,26 %	https://pka.dk/ansvarlighed/ansvarlige-investeringer/politikker-og-rapporter
Pensionskassernes Administration a/s	Cld sftwr grp in tibx 9 09/30/29	2026	2.355.591,98	DKK	US18912UAA07	0,02 %	https://pka.dk/ansvarlighed/ansvarlige-investeringer/politikker-og-rapporter
Pensionskassernes Administration a/s	Clean harbors in clh 5.75 10/15/33	2026	646.478,16	DKK	US184496AR85	0,01 %	https://pka.dk/ansvarlighed/ansvarlige-investeringer/politikker-og-rapporter
Pensionskassernes Administration a/s	Clean harbors in clh 6.375 02/01/31	2026	717.930,10	DKK	US184496AQ03	0,01 %	https://pka.dk/ansvarlighed/ansvarlige-investeringer/politikker-og-rapporter
Pensionskassernes Administration a/s	Clear channel ou cco 7.125 02/15/31	2026	1.531.130,62	DKK	US18453HAG11	0,01 %	https://pka.dk/ansvarlighed/ansvarlige-investeringer/politikker-og-rapporter
Pensionskassernes Administration a/s	Clear channel ou cco 7.5 06/01/29	2026	1.288.248,57	DKK	US18453HAD89	0,01 %	https://pka.dk/ansvarlighed/ansvarlige-investeringer/politikker-og-rapporter
Pensionskassernes Administration a/s	Clear channel ou cco 7.875 04/01/30	2026	670.719,12	DKK	US18453HAF38	0,01 %	https://pka.dk/ansvarlighed/ansvarlige-investeringer/politikker-og-rapporter
Pensionskassernes Administration a/s	Clearway energy cwena 3.75 02/15/31	2026	1.744.362,57	DKK	US18539UAD72	0,02 %	https://pka.dk/ansvarlighed/ansvarlige-investeringer/politikker-og-rapporter
Pensionskassernes Administration a/s	Clearway energy cwena 5.75 01/15/34	2026	3.881.582,06	DKK	US18539UAG04	0,03 %	https://pka.dk/ansvarlighed/ansvarlige-investeringer/politikker-og-rapporter
Pensionskassernes Administration a/s	Cleveland-cliffs clf 6.875 11/01/29	2026	1.314.471,56	DKK	US185899AQ45	0,01 %	https://pka.dk/ansvarlighed/ansvarlige-investeringer/politikker-og-rapporter
Pensionskassernes Administration a/s	Cleveland-cliffs clf 7.375 05/01/33	2026	660.362,56	DKK	US185899AR28	0,01 %	https://pka.dk/ansvarlighed/ansvarlige-investeringer/politikker-og-rapporter
Pensionskassernes Administration a/s	Cleveland-cliffs clf 7.625 01/15/34	2026	661.622,59	DKK	US18589GAA31	0,01 %	https://pka.dk/ansvarlighed/ansvarlige-investeringer/politikker-og-rapporter
Pensionskassernes Administration a/s	Clue opco fwrd 9.5 10/15/31	2026	851.652,91	DKK	US36267QAA22	0,01 %	https://pka.dk/ansvarlighed/ansvarlige-investeringer/politikker-og-rapporter
Pensionskassernes Administration a/s	Clydesdale acqui novhol 6.625 04/15/29	2026	2.920.510,59	DKK	US18972EAA38	0,03 %	https://pka.dk/ansvarlighed/ansvarlige-investeringer/politikker-og-rapporter
Pensionskassernes Administration a/s	Clydesdale acqui novhol 6.75 04/15/32	2026	617.358,84	DKK	US18972EAD76	0,01 %	https://pka.dk/ansvarlighed/ansvarlige-investeringer/politikker-og-rapporter
Pensionskassernes Administration a/s	Clydesdale acqui novhol 6.875 01/15/30	2026	629.443,70	DKK	US18972EAC93	0,01 %	https://pka.dk/ansvarlighed/ansvarlige-investeringer/politikker-og-rapporter
Pensionskassernes Administration a/s	Clydesdale acqui novhol 8.75 04/15/30	2026	1.669.316,58	DKK	US18972EAB11	0,01 %	https://pka.dk/ansvarlighed/ansvarlige-investeringer/politikker-og-rapporter
Pensionskassernes Administration a/s	Cma cgm sa cmacg 4.875 01/15/32	2026	40.584.155,89	DKK	XS3193815977	0,35 %	https://pka.dk/ansvarlighed/ansvarlige-investeringer/politikker-og-rapporter
Pensionskassernes Administration a/s	Cma cgm sa cmacg 5 01/15/31	2026	1.505.025,17	DKK	XS3105513769	0,01 %	https://pka.dk/ansvarlighed/ansvarlige-investeringer/politikker-og-rapporter
Pensionskassernes Administration a/s	Cma cgm sa cmacg 5.5 07/15/29	2026	1.001.108,09	DKK	XS2852136816	0,01 %	https://pka.dk/ansvarlighed/ansvarlige-investeringer/politikker-og-rapporter
Pensionskassernes Administration a/s	Cmg media corp cmgmco 8.875 06/18/29	2026	784.661,51	DKK	US125773AA99	0,01 %	https://pka.dk/ansvarlighed/ansvarlige-investeringer/politikker-og-rapporter
Pensionskassernes Administration a/s	Cnx resources co cnx 5.875 03/01/34	2026	634.048,32	DKK	US12653CAM01	0,01 %	https://pka.dk/ansvarlighed/ansvarlige-investeringer/politikker-og-rapporter
Pensionskassernes Administration a/s	Cnx resources co cnx 7.25 03/01/32	2026	931.395,22	DKK	US12653CAL28	0,01 %	https://pka.dk/ansvarlighed/ansvarlige-investeringer/politikker-og-rapporter
Pensionskassernes Administration a/s	Cnx resources co cnx 7.375 01/15/31	2026	1.164.795,40	DKK	US12653CAK45	0,01 %	https://pka.dk/ansvarlighed/ansvarlige-investeringer/politikker-og-rapporter
Pensionskassernes Administration a/s	Cogent commun ccoi 6.5 07/01/32	2026	2.233.771,08	DKK	US19240WAB54	0,02 %	https://pka.dk/ansvarlighed/ansvarlige-investeringer/politikker-og-rapporter
Pensionskassernes Administration a/s	Cogent commun ccoi 7 06/15/27	2026	640.732,35	DKK	US19240CAE30	0,01 %	https://pka.dk/ansvarlighed/ansvarlige-investeringer/politikker-og-rapporter
Pensionskassernes Administration a/s	Colonial pipelin colpln 7.63 04/15/32	2026	4.948.302,86	DKK	US195869AG75	0,04 %	https://pka.dk/ansvarlighed/ansvarlige-investeringer/politikker-og-rapporter
Pensionskassernes Administration a/s	Columbia/hca hca 7.5 11/15/2095	2026	24.844.110,48	DKK	US197677AH07	0,21 %	https://pka.dk/ansvarlighed/ansvarlige-investeringer/politikker-og-rapporter
Pensionskassernes Administration a/s	Columbus mckinn cmco 7.125 02/01/33	2026	651.930,94	DKK	US199333AK12	0,01 %	https://pka.dk/ansvarlighed/ansvarlige-investeringer/politikker-og-rapporter
Pensionskassernes Administration a/s	Commercial metal cmc 3.875 02/15/31	2026	23.853.247,27	DKK	US201723AP84	0,21 %	https://pka.dk/ansvarlighed/ansvarlige-investeringer/politikker-og-rapporter
Pensionskassernes Administration a/s	Commercial metal cmc 5.75 11/15/33	2026	1.286.314,00	DKK	US201723AS24	0,01 %	https://pka.dk/ansvarlighed/ansvarlige-investeringer/politikker-og-rapporter
Pensionskassernes Administration a/s	Compass grp llc codi 5.25 04/15/29	2026	597.021,11	DKK	US20451RAB87	0,01 %	https://pka.dk/ansvarlighed/ansvarlige-investeringer/politikker-og-rapporter
Pensionskassernes Administration a/s	Compass min intl cmp 8 07/01/30	2026	13.158.242,52	DKK	US20451NAJ00	0,11 %	https://pka.dk/ansvarlighed/ansvarlige-investeringer/politikker-og-rapporter
Pensionskassernes Administration a/s	Comstock re inc crk 5.875 01/15/30	2026	9.350.658,15	DKK	US205768AT12	0,08 %	https://pka.dk/ansvarlighed/ansvarlige-investeringer/politikker-og-rapporter
Pensionskassernes Administration a/s	Comstock re inc crk 6.75 03/01/29	2026	318.041,41	DKK	US205768AS39	0,00 %	https://pka.dk/ansvarlighed/ansvarlige-investeringer/politikker-og-rapporter
Pensionskassernes Administration a/s	Concentrix corp cnxc 6.6 08/02/28	2026	2.683.928,98	DKK	US20602DAB73	0,02 %	https://pka.dk/ansvarlighed/ansvarlige-investeringer/politikker-og-rapporter
Pensionskassernes Administration a/s	Concentrix corp cnxc 6.85 08/02/33	2026	21.334.236,53	DKK	US20602DAC56	0,18 %	https://pka.dk/ansvarlighed/ansvarlige-investeringer/politikker-og-rapporter
Pensionskassernes Administration a/s	Connect finco isatln 9 09/15/29	2026	2.038.053,61	DKK	US20752TAB08	0,02 %	https://pka.dk/ansvarlighed/ansvarlige-investeringer/politikker-og-rapporter
Pensionskassernes Administration a/s	Cons energy fin consen 12 02/15/31	2026	2.434.645,01	DKK	US20914UAH95	0,02 %	https://pka.dk/ansvarlighed/ansvarlige-investeringer/politikker-og-rapporter
Pensionskassernes Administration a/s	Consensus cloud ccsi 6.5 10/15/28	2026	644.928,47	DKK	US20848VAB18	0,01 %	https://pka.dk/ansvarlighed/ansvarlige-investeringer/politikker-og-rapporter
Pensionskassernes Administration a/s	Constellium se cstm 3.125 07/15/29	2026	729.554,28	DKK	XS2335148024	0,01 %	https://pka.dk/ansvarlighed/ansvarlige-investeringer/politikker-og-rapporter
Pensionskassernes Administration a/s	Constellium se cstm 3.75 04/15/29	2026	38.850.498,89	DKK	US21039CAB00	0,33 %	https://pka.dk/ansvarlighed/ansvarlige-investeringer/politikker-og-rapporter
Pensionskassernes Administration a/s	Co-op grp hld coopwh 6.25 07/08/26	2026	24.276.636,56	DKK	XS0629974352	0,21 %	https://pka.dk/ansvarlighed/ansvarlige-investeringer/politikker-og-rapporter
Pensionskassernes Administration a/s	Cooper-standard cps 9.25 03/01/31	2026	20.778.082,83	DKK	US216762AK06	0,18 %	https://pka.dk/ansvarlighed/ansvarlige-investeringer/politikker-og-rapporter
Pensionskassernes Administration a/s	Coreweave inc crwv 9 02/01/31	2026	40.725.079,83	DKK	US21873SAC26	0,35 %	https://pka.dk/ansvarlighed/ansvarlige-investeringer/politikker-og-rapporter
Pensionskassernes Administration a/s	Coty/hfc prest coty 4.75 01/15/29	2026	1.188.694,53	DKK	US222070AG98	0,01 %	https://pka.dk/ansvarlighed/ansvarlige-investeringer/politikker-og-rapporter
Pensionskassernes Administration a/s	Coty/hfc prest coty 6.625 07/15/30	2026	24.004.710,47	DKK	US22207AAA07	0,21 %	https://pka.dk/ansvarlighed/ansvarlige-investeringer/politikker-og-rapporter
Pensionskassernes Administration a/s	Cougar jv subsid hudaut 8 05/15/32	2026	676.157,10	DKK	US22208WAA18	0,01 %	https://pka.dk/ansvarlighed/ansvarlige-investeringer/politikker-og-rapporter
Pensionskassernes Administration a/s	Cp atlas buyer ambath 9.75 07/15/30	2026	665.675,14	DKK	US12597YAC30	0,01 %	https://pka.dk/ansvarlighed/ansvarlige-investeringer/politikker-og-rapporter
Pensionskassernes Administration a/s	Cpi property gro cpipgr 1.5 01/27/31	2026	11.523.107,26	DKK	XS2290544068	0,10 %	https://pka.dk/ansvarlighed/ansvarlige-investeringer/politikker-og-rapporter
Pensionskassernes Administration a/s	Cpi property gro cpipgr 6 01/27/32	2026	14.903.645,61	DKK	XS2904791774	0,13 %	https://pka.dk/ansvarlighed/ansvarlige-investeringer/politikker-og-rapporter
Pensionskassernes Administration a/s	Credit acceptanc cacc 6.625 03/15/30	2026	37.580.348,48	DKK	US225310AS06	0,32 %	https://pka.dk/ansvarlighed/ansvarlige-investeringer/politikker-og-rapporter
Pensionskassernes Administration a/s	Crescent enrgy crgyfn 7.375 01/15/33	2026	656.990,69	DKK	US45344LAE39	0,01 %	https://pka.dk/ansvarlighed/ansvarlige-investeringer/politikker-og-rapporter
Pensionskassernes Administration a/s	Crescent enrgy crgyfn 7.875 04/15/32	2026	1.659.326,89	DKK	US516806AK23	0,01 %	https://pka.dk/ansvarlighed/ansvarlige-investeringer/politikker-og-rapporter
Pensionskassernes Administration a/s	Crocs inc crox 4.25 03/15/29	2026	26.781.009,53	DKK	US227046AA78	0,23 %	https://pka.dk/ansvarlighed/ansvarlige-investeringer/politikker-og-rapporter
Pensionskassernes Administration a/s	Crosscountry int crosin 6.5 10/01/30	2026	633.827,85	DKK	US22757VAA89	0,01 %	https://pka.dk/ansvarlighed/ansvarlige-investeringer/politikker-og-rapporter
Pensionskassernes Administration a/s	Crown americas l cck 5.875 06/01/33	2026	646.781,81	DKK	US22819CAA62	0,01 %	https://pka.dk/ansvarlighed/ansvarlige-investeringer/politikker-og-rapporter
Pensionskassernes Administration a/s	Crown european cck 3.75 09/30/31	2026	33.509.707,05	DKK	XS3188831658	0,29 %	https://pka.dk/ansvarlighed/ansvarlige-investeringer/politikker-og-rapporter
Pensionskassernes Administration a/s	Crown european cck 4.5 01/15/30	2026	30.816.590,59	DKK	XS2872799734	0,27 %	https://pka.dk/ansvarlighed/ansvarlige-investeringer/politikker-og-rapporter
Pensionskassernes Administration a/s	Crown european cck 4.75 03/15/29	2026	19.255.747,49	DKK	XS2730661100	0,17 %	https://pka.dk/ansvarlighed/ansvarlige-investeringer/politikker-og-rapporter
Pensionskassernes Administration a/s	Csc holdings llc cschld 3.375 02/15/31	2026	1.617.281,26	DKK	US126307BF39	0,01 %	https://pka.dk/ansvarlighed/ansvarlige-investeringer/politikker-og-rapporter
Pensionskassernes Administration a/s	Csc holdings llc cschld 4.125 12/01/30	2026	431.726,48	DKK	US126307BB25	0,00 %	https://pka.dk/ansvarlighed/ansvarlige-investeringer/politikker-og-rapporter
Pensionskassernes Administration a/s	Csc holdings llc cschld 4.5 11/15/31	2026	1.713.804,83	DKK	US126307BH94	0,01 %	https://pka.dk/ansvarlighed/ansvarlige-investeringer/politikker-og-rapporter
Pensionskassernes Administration a/s	Csc holdings llc cschld 7.5 04/01/28	2026	392.684,43	DKK	US126307AY37	0,00 %	https://pka.dk/ansvarlighed/ansvarlige-investeringer/politikker-og-rapporter
Pensionskassernes Administration a/s	Csn islands xi csnabz 6.75 01/28/28	2026	10.871.413,97	DKK	US12642KAB08	0,09 %	https://pka.dk/ansvarlighed/ansvarlige-investeringer/politikker-og-rapporter
Pensionskassernes Administration a/s	Csn resources csnabz 5.875 04/08/32	2026	930.476,66	DKK	US12644VAE83	0,01 %	https://pka.dk/ansvarlighed/ansvarlige-investeringer/politikker-og-rapporter
Pensionskassernes Administration a/s	Ct trust comcel 5.125 02/03/32	2026	1.409.250,01	DKK	US12659BAA26	0,01 %	https://pka.dk/ansvarlighed/ansvarlige-investeringer/politikker-og-rapporter
Pensionskassernes Administration a/s	Cvr energy inc cvi 7.5 02/15/31	2026	39.003.493,00	DKK	US12662PAH10	0,34 %	https://pka.dk/ansvarlighed/ansvarlige-investeringer/politikker-og-rapporter
Pensionskassernes Administration a/s	Cvr energy inc cvi 7.875 02/15/34	2026	648.304,52	DKK	US12662PAJ75	0,01 %	https://pka.dk/ansvarlighed/ansvarlige-investeringer/politikker-og-rapporter
Pensionskassernes Administration a/s	Cvs health corp cvs 6 06/01/63	2026	33.033.604,90	DKK	US126650EA42	0,28 %	https://pka.dk/ansvarlighed/ansvarlige-investeringer/politikker-og-rapporter
Pensionskassernes Administration a/s	Cyprium corp/hol vgnt 6.125 04/15/31	2026	643.763,66	DKK	US23292NAA63	0,01 %	https://pka.dk/ansvarlighed/ansvarlige-investeringer/politikker-og-rapporter
Pensionskassernes Administration a/s	Cyprium corp/hol vgnt 6.375 04/15/34	2026	644.888,78	DKK	US23292NAB47	0,01 %	https://pka.dk/ansvarlighed/ansvarlige-investeringer/politikker-og-rapporter
Pensionskassernes Administration a/s	Dana fin lux sar dan 8.5 07/15/31	2026	27.472.530,00	DKK	XS2623489627	0,24 %	https://pka.dk/ansvarlighed/ansvarlige-investeringer/politikker-og-rapporter
Pensionskassernes Administration a/s	Danaos corp dac 6.875 10/15/32	2026	3.983.993,27	DKK	US23585WAC82	0,03 %	https://pka.dk/ansvarlighed/ansvarlige-investeringer/politikker-og-rapporter
Pensionskassernes Administration a/s	Darling glbl fin dar 4.5 07/15/32	2026	30.629.535,23	DKK	XS3101875931	0,26 %	https://pka.dk/ansvarlighed/ansvarlige-investeringer/politikker-og-rapporter
Pensionskassernes Administration a/s	Darling ingredie dar 6 06/15/30	2026	1.968.752,61	DKK	US237266AJ06	0,02 %	https://pka.dk/ansvarlighed/ansvarlige-investeringer/politikker-og-rapporter
Pensionskassernes Administration a/s	Davita inc dva 3.75 02/15/31	2026	538.729,25	DKK	US23918KAT51	0,00 %	https://pka.dk/ansvarlighed/ansvarlige-investeringer/politikker-og-rapporter
Pensionskassernes Administration a/s	Davita inc dva 4.625 06/01/30	2026	73.422.553,55	DKK	US23918KAS78	0,63 %	https://pka.dk/ansvarlighed/ansvarlige-investeringer/politikker-og-rapporter
Pensionskassernes Administration a/s	Dbr land holding lb 6.25 12/01/30	2026	654.377,15	DKK	US24024BAA52	0,01 %	https://pka.dk/ansvarlighed/ansvarlige-investeringer/politikker-og-rapporter
Pensionskassernes Administration a/s	Dcli bidco llc dircha 7.75 11/15/29	2026	927.176,83	DKK	US233104AA67	0,01 %	https://pka.dk/ansvarlighed/ansvarlige-investeringer/politikker-og-rapporter
Pensionskassernes Administration a/s	Delek log pt/fin dkl 6.875 06/01/34	2026	652.049,32	DKK	US24665FAG72	0,01 %	https://pka.dk/ansvarlighed/ansvarlige-investeringer/politikker-og-rapporter
Pensionskassernes Administration a/s	Delek log pt/fin dkl 7.375 06/30/33	2026	39.538.760,14	DKK	US24665FAE25	0,34 %	https://pka.dk/ansvarlighed/ansvarlige-investeringer/politikker-og-rapporter
Pensionskassernes Administration a/s	Delek log pt/fin dkl 8.625 03/15/29	2026	415.318,90	DKK	US24665FAD42	0,00 %	https://pka.dk/ansvarlighed/ansvarlige-investeringer/politikker-og-rapporter
Pensionskassernes Administration a/s	Deluxe corp dlx 8 06/01/29	2026	35.586.244,81	DKK	US248019AU57	0,31 %	https://pka.dk/ansvarlighed/ansvarlige-investeringer/politikker-og-rapporter
Pensionskassernes Administration a/s	Deluxe corp dlx 8.125 09/15/29	2026	27.711.906,97	DKK	US248019AW14	0,24 %	https://pka.dk/ansvarlighed/ansvarlige-investeringer/politikker-og-rapporter
Pensionskassernes Administration a/s	Deuce finco davllo 7 11/20/31	2026	862.118,21	DKK	XS3230567490	0,01 %	https://pka.dk/ansvarlighed/ansvarlige-investeringer/politikker-og-rapporter
Pensionskassernes Administration a/s	Deutsche euroshp deqgr 4.5 10/15/30	2026	7.510.246,28	DKK	XS3090109813	0,06 %	https://pka.dk/ansvarlighed/ansvarlige-investeringer/politikker-og-rapporter
Pensionskassernes Administration a/s	Dig intl/difl us digdif 8.625 08/01/32	2026	1.400.435,45	DKK	US25381MAA53	0,01 %	https://pka.dk/ansvarlighed/ansvarlige-investeringer/politikker-og-rapporter
Pensionskassernes Administration a/s	Directv fin/dtv dtv 10 02/15/31	2026	24.453.259,48	DKK	US25461LAD47	0,21 %	https://pka.dk/ansvarlighed/ansvarlige-investeringer/politikker-og-rapporter
Pensionskassernes Administration a/s	Directv fin/dtv dtv 5.875 08/15/27	2026	128.690,57	DKK	US25461LAA08	0,00 %	https://pka.dk/ansvarlighed/ansvarlige-investeringer/politikker-og-rapporter
Pensionskassernes Administration a/s	Discovery hldg wbd 4.279 03/15/32	2026	4.959.346,89	DKK	US254948AQ57	0,04 %	https://pka.dk/ansvarlighed/ansvarlige-investeringer/politikker-og-rapporter
Pensionskassernes Administration a/s	Discovery hldg wbd 4.693 05/17/33	2026	33.605.855,37	DKK	XS3393994507	0,29 %	https://pka.dk/ansvarlighed/ansvarlige-investeringer/politikker-og-rapporter
Pensionskassernes Administration a/s	Discovery hldg wbd 5.141 03/15/52	2026	5.058.506,65	DKK	US254948AS14	0,04 %	https://pka.dk/ansvarlighed/ansvarlige-investeringer/politikker-og-rapporter
Pensionskassernes Administration a/s	Dish dbs corp dish 5.125 06/01/29	2026	3.350.411,23	DKK	US25470XBD66	0,03 %	https://pka.dk/ansvarlighed/ansvarlige-investeringer/politikker-og-rapporter
Pensionskassernes Administration a/s	Dish dbs corp dish 5.75 12/01/28	2026	2.570.063,93	DKK	US25470XBF15	0,02 %	https://pka.dk/ansvarlighed/ansvarlige-investeringer/politikker-og-rapporter
Pensionskassernes Administration a/s	Dish dbs corp dish 7.375 07/01/28	2026	1.560.303,00	DKK	US25470XBB01	0,01 %	https://pka.dk/ansvarlighed/ansvarlige-investeringer/politikker-og-rapporter
Pensionskassernes Administration a/s	Diversified hlth dhc 4.375 03/01/31	2026	26.962.270,56	DKK	US25525PAB31	0,23 %	https://pka.dk/ansvarlighed/ansvarlige-investeringer/politikker-og-rapporter
Pensionskassernes Administration a/s	Diversified hlth dhc 7.25 10/15/30	2026	657.381,85	DKK	US25525PAE79	0,01 %	https://pka.dk/ansvarlighed/ansvarlige-investeringer/politikker-og-rapporter
Pensionskassernes Administration a/s	Dometic group ab domss 5 09/11/30	2026	26.839.524,69	DKK	XS3176804576	0,23 %	https://pka.dk/ansvarlighed/ansvarlige-investeringer/politikker-og-rapporter
Pensionskassernes Administration a/s	Domtar corp ufs 6.75 10/01/28	2026	115.218,63	DKK	US70478JAA25	0,00 %	https://pka.dk/ansvarlighed/ansvarlige-investeringer/politikker-og-rapporter
Pensionskassernes Administration a/s	Dotdash meredith dotmer 7.625 06/15/32	2026	6.729.730,07	DKK	US25849JAA88	0,06 %	https://pka.dk/ansvarlighed/ansvarlige-investeringer/politikker-og-rapporter
Pensionskassernes Administration a/s	Dow chemical co dow 9.4 05/15/39	2026	25.017.606,36	DKK	US260543BY86	0,22 %	https://pka.dk/ansvarlighed/ansvarlige-investeringer/politikker-og-rapporter
Pensionskassernes Administration a/s	Dream finders hi dfh 8.25 08/15/28	2026	658.729,61	DKK	US26154DAA81	0,01 %	https://pka.dk/ansvarlighed/ansvarlige-investeringer/politikker-og-rapporter
Pensionskassernes Administration a/s	Drillco holding forsea 7.5 06/15/30	2026	26.576.561,66	DKK	US262051AA36	0,23 %	https://pka.dk/ansvarlighed/ansvarlige-investeringer/politikker-og-rapporter
Pensionskassernes Administration a/s	Dufry one bv dufnsw 3.375 04/15/28	2026	2.011.949,52	DKK	XS2333564503	0,02 %	https://pka.dk/ansvarlighed/ansvarlige-investeringer/politikker-og-rapporter
Pensionskassernes Administration a/s	Dxc capital fund dxc 4.25 12/09/30	2026	24.284.721,61	DKK	XS3247588109	0,21 %	https://pka.dk/ansvarlighed/ansvarlige-investeringer/politikker-og-rapporter
Pensionskassernes Administration a/s	Dycom inds dy 4.5 04/15/29	2026	52.912.143,50	DKK	US267475AD30	0,46 %	https://pka.dk/ansvarlighed/ansvarlige-investeringer/politikker-og-rapporter
Pensionskassernes Administration a/s	Dynamo newco ii dynnew 6.25 10/15/31	2026	6.889.772,43	DKK	XS2910523716	0,06 %	https://pka.dk/ansvarlighed/ansvarlige-investeringer/politikker-og-rapporter
Pensionskassernes Administration a/s	Echostar corp sats 10.75 11/30/29	2026	23.246.222,43	DKK	US278768AC00	0,20 %	https://pka.dk/ansvarlighed/ansvarlige-investeringer/politikker-og-rapporter
Pensionskassernes Administration a/s	Edgewell person epc 4.125 04/01/29	2026	1.355.153,89	DKK	US28035QAB86	0,01 %	https://pka.dk/ansvarlighed/ansvarlige-investeringer/politikker-og-rapporter
Pensionskassernes Administration a/s	Edison intl eix 4.8 03/15/31	2026	53.948.970,48	DKK	US281020BD89	0,46 %	https://pka.dk/ansvarlighed/ansvarlige-investeringer/politikker-og-rapporter
Pensionskassernes Administration a/s	Elanco animal elan 4.9 08/28/28	2026	26.448.840,89	DKK	US28414HAG83	0,23 %	https://pka.dk/ansvarlighed/ansvarlige-investeringer/politikker-og-rapporter
Pensionskassernes Administration a/s	Elastic nv estc 4.125 07/15/29	2026	25.807.278,64	DKK	US28415LAA17	0,22 %	https://pka.dk/ansvarlighed/ansvarlige-investeringer/politikker-og-rapporter
Pensionskassernes Administration a/s	Eldorado corp eldcn 6.25 09/01/29	2026	193.332,62	DKK	US284902AF02	0,00 %	https://pka.dk/ansvarlighed/ansvarlige-investeringer/politikker-og-rapporter
Pensionskassernes Administration a/s	Element soln inc esi 3.875 09/01/28	2026	26.931.010,84	DKK	US28618MAA45	0,23 %	https://pka.dk/ansvarlighed/ansvarlige-investeringer/politikker-og-rapporter
Pensionskassernes Administration a/s	Embecta corp embc 6.75 02/15/30	2026	21.694.358,70	DKK	US29082KAB17	0,19 %	https://pka.dk/ansvarlighed/ansvarlige-investeringer/politikker-og-rapporter
Pensionskassernes Administration a/s	Emergent biosolu ebs 3.875 08/15/28	2026	51.411.249,31	DKK	US29089QAC96	0,44 %	https://pka.dk/ansvarlighed/ansvarlige-investeringer/politikker-og-rapporter
Pensionskassernes Administration a/s	Empire communit emprcc 9.75 05/01/29	2026	658.822,21	DKK	US29163VAG86	0,01 %	https://pka.dk/ansvarlighed/ansvarlige-investeringer/politikker-og-rapporter
Pensionskassernes Administration a/s	Emrld bor / emrd emecli 6.625 12/15/30	2026	4.675.189,51	DKK	US29103CAA62	0,04 %	https://pka.dk/ansvarlighed/ansvarlige-investeringer/politikker-og-rapporter
Pensionskassernes Administration a/s	Encompass hlth ehc 4.5 02/01/28	2026	1.217.543,68	DKK	US29261AAA88	0,01 %	https://pka.dk/ansvarlighed/ansvarlige-investeringer/politikker-og-rapporter
Pensionskassernes Administration a/s	Encompass hlth ehc 5.875 06/01/34	2026	647.051,97	DKK	US29261AAF75	0,01 %	https://pka.dk/ansvarlighed/ansvarlige-investeringer/politikker-og-rapporter
Pensionskassernes Administration a/s	Encore capital ecpg 6.625 04/15/31	2026	33.527.880,90	DKK	US292554AS19	0,29 %	https://pka.dk/ansvarlighed/ansvarlige-investeringer/politikker-og-rapporter
Pensionskassernes Administration a/s	Encore capital ecpg 6.625 06/01/32	2026	29.896.528,56	DKK	US292554AT91	0,26 %	https://pka.dk/ansvarlighed/ansvarlige-investeringer/politikker-og-rapporter
Pensionskassernes Administration a/s	Endeavour plc edvln 7 05/28/30	2026	6.711.355,77	DKK	US29261HAB15	0,06 %	https://pka.dk/ansvarlighed/ansvarlige-investeringer/politikker-og-rapporter
Pensionskassernes Administration a/s	Enel fin intl nv enelim 7.5 10/14/32	2026	25.287.188,44	DKK	US29278GBA58	0,22 %	https://pka.dk/ansvarlighed/ansvarlige-investeringer/politikker-og-rapporter
Pensionskassernes Administration a/s	Energizer g enr 3.5 06/30/29	2026	1.672.414,62	DKK	XS2353416386	0,01 %	https://pka.dk/ansvarlighed/ansvarlige-investeringer/politikker-og-rapporter
Pensionskassernes Administration a/s	Energo pro as engpro 6.45 04/15/31	2026	7.411.663,92	DKK	XS3201977918	0,06 %	https://pka.dk/ansvarlighed/ansvarlige-investeringer/politikker-og-rapporter
Pensionskassernes Administration a/s	Energo pro as engpro 8 05/27/30	2026	1.339.814,03	DKK	XS3063695715	0,01 %	https://pka.dk/ansvarlighed/ansvarlige-investeringer/politikker-og-rapporter
Pensionskassernes Administration a/s	Enersys ens 4.375 12/15/27	2026	26.101.442,11	DKK	US29275YAC66	0,22 %	https://pka.dk/ansvarlighed/ansvarlige-investeringer/politikker-og-rapporter
Pensionskassernes Administration a/s	Enpro inc npo 6.125 06/01/33	2026	658.015,08	DKK	US29355XAH08	0,01 %	https://pka.dk/ansvarlighed/ansvarlige-investeringer/politikker-og-rapporter
Pensionskassernes Administration a/s	Enquest plc enqln 9.875 04/30/31	2026	19.024.625,30	DKK	US29357JAF30	0,16 %	https://pka.dk/ansvarlighed/ansvarlige-investeringer/politikker-og-rapporter
Pensionskassernes Administration a/s	Entegris escrow entg 4.75 04/15/29	2026	15.343.182,00	DKK	US29365BAA17	0,13 %	https://pka.dk/ansvarlighed/ansvarlige-investeringer/politikker-og-rapporter
Pensionskassernes Administration a/s	Entegris escrow entg 5.95 06/15/30	2026	1.301.208,88	DKK	US29365BAB99	0,01 %	https://pka.dk/ansvarlighed/ansvarlige-investeringer/politikker-og-rapporter
Pensionskassernes Administration a/s	Entegris inc entg 3.625 05/01/29	2026	35.147.759,65	DKK	US29362UAD63	0,30 %	https://pka.dk/ansvarlighed/ansvarlige-investeringer/politikker-og-rapporter
Pensionskassernes Administration a/s	Entegris inc entg 4.375 04/15/28	2026	1.905.975,03	DKK	US29362UAC80	0,02 %	https://pka.dk/ansvarlighed/ansvarlige-investeringer/politikker-og-rapporter
Pensionskassernes Administration a/s	Equipmentshare eqmsrm 8 03/15/33	2026	667.462,49	DKK	US29450YAC30	0,01 %	https://pka.dk/ansvarlighed/ansvarlige-investeringer/politikker-og-rapporter
Pensionskassernes Administration a/s	Eramet erafp 6.5 11/30/29	2026	10.229.247,32	DKK	FR001400QC85	0,09 %	https://pka.dk/ansvarlighed/ansvarlige-investeringer/politikker-og-rapporter
Pensionskassernes Administration a/s	Eroski s coop eroski 5.75 05/15/31	2026	27.139.267,49	DKK	XS3195078251	0,23 %	https://pka.dk/ansvarlighed/ansvarlige-investeringer/politikker-og-rapporter
Pensionskassernes Administration a/s	Esab corp esab 6.25 04/15/29	2026	9.251.712,21	DKK	US29605JAA43	0,08 %	https://pka.dk/ansvarlighed/ansvarlige-investeringer/politikker-og-rapporter
Pensionskassernes Administration a/s	Essendi sa accinv 5.5 11/15/31	2026	1.135.143,22	DKK	XS2926264529	0,01 %	https://pka.dk/ansvarlighed/ansvarlige-investeringer/politikker-og-rapporter
Pensionskassernes Administration a/s	Essendi sa accinv 6.375 10/15/29	2026	2.177.878,42	DKK	XS2900445375	0,02 %	https://pka.dk/ansvarlighed/ansvarlige-investeringer/politikker-og-rapporter
Pensionskassernes Administration a/s	Eutelsat comm etlfp 6.25 03/15/33	2026	77.986.737,15	DKK	XS3307260839	0,67 %	https://pka.dk/ansvarlighed/ansvarlige-investeringer/politikker-og-rapporter
Pensionskassernes Administration a/s	Everforth inc efor 4.625 05/15/28	2026	836.462,75	DKK	US00191UAA07	0,01 %	https://pka.dk/ansvarlighed/ansvarlige-investeringer/politikker-og-rapporter
Pensionskassernes Administration a/s	Excelerate energ excene 8 05/15/30	2026	8.358.908,02	DKK	US30069UAA60	0,07 %	https://pka.dk/ansvarlighed/ansvarlige-investeringer/politikker-og-rapporter
Pensionskassernes Administration a/s	Fair isaac corp fairic 4 06/15/28	2026	49.927.721,00	DKK	US303250AF16	0,43 %	https://pka.dk/ansvarlighed/ansvarlige-investeringer/politikker-og-rapporter
Pensionskassernes Administration a/s	Far east horizon freshk 6 10/01/28	2026	2.021.513,30	DKK	XS3025777221	0,02 %	https://pka.dk/ansvarlighed/ansvarlige-investeringer/politikker-og-rapporter
Pensionskassernes Administration a/s	Federal express fdx 7.6 07/01/2097	2026	24.479.124,75	DKK	US313309AP14	0,21 %	https://pka.dk/ansvarlighed/ansvarlige-investeringer/politikker-og-rapporter
Pensionskassernes Administration a/s	Fedex corp fdx 0.45 05/04/29	2026	13.592.964,96	DKK	XS3142274847	0,12 %	https://pka.dk/ansvarlighed/ansvarlige-investeringer/politikker-og-rapporter
Pensionskassernes Administration a/s	Fedex corp fdx 0.95 05/04/33	2026	28.586.135,25	DKK	XS3142295685	0,25 %	https://pka.dk/ansvarlighed/ansvarlige-investeringer/politikker-og-rapporter
Pensionskassernes Administration a/s	Fertitta ent llc frtita 6.75 01/15/30	2026	1.697.882,64	DKK	US31556TAC36	0,01 %	https://pka.dk/ansvarlighed/ansvarlige-investeringer/politikker-og-rapporter
Pensionskassernes Administration a/s	Fibercop spa fibcop 4.75 06/30/30	2026	989.271,19	DKK	XS3104481257	0,01 %	https://pka.dk/ansvarlighed/ansvarlige-investeringer/politikker-og-rapporter
Pensionskassernes Administration a/s	Fibercop spa fibcop 5.125 06/30/32	2026	761.695,44	DKK	XS3104481414	0,01 %	https://pka.dk/ansvarlighed/ansvarlige-investeringer/politikker-og-rapporter
Pensionskassernes Administration a/s	Fibercop spa fibcop 7.2 07/18/36	2026	1.747.820,39	DKK	US683879AF79	0,02 %	https://pka.dk/ansvarlighed/ansvarlige-investeringer/politikker-og-rapporter
Pensionskassernes Administration a/s	Fibercop spa fibcop 7.75 01/24/33	2026	40.389.071,28	DKK	XS2804497506	0,35 %	https://pka.dk/ansvarlighed/ansvarlige-investeringer/politikker-og-rapporter
Pensionskassernes Administration a/s	Fibercop spa fibcop 7.875 07/31/28	2026	726.224,28	DKK	XS2804500812	0,01 %	https://pka.dk/ansvarlighed/ansvarlige-investeringer/politikker-og-rapporter
Pensionskassernes Administration a/s	Finnair oyj foy 4.75 05/24/29	2026	19.767.706,88	DKK	FI4000571260	0,17 %	https://pka.dk/ansvarlighed/ansvarlige-investeringer/politikker-og-rapporter
Pensionskassernes Administration a/s	First quantum fmcn 8.625 06/01/31	2026	3.352.054,94	DKK	US335934AU96	0,03 %	https://pka.dk/ansvarlighed/ansvarlige-investeringer/politikker-og-rapporter
Pensionskassernes Administration a/s	Five point opera fph 8 10/01/30	2026	6.335.203,96	DKK	US33834YAC21	0,05 %	https://pka.dk/ansvarlighed/ansvarlige-investeringer/politikker-og-rapporter
Pensionskassernes Administration a/s	Flex ltd flex 5.25 01/15/32	2026	17.268.317,46	DKK	US33938XAF24	0,15 %	https://pka.dk/ansvarlighed/ansvarlige-investeringer/politikker-og-rapporter
Pensionskassernes Administration a/s	Flora food mgmt sighco 6.875 07/02/29	2026	12.453.404,11	DKK	XS2848926239	0,11 %	https://pka.dk/ansvarlighed/ansvarlige-investeringer/politikker-og-rapporter
Pensionskassernes Administration a/s	Fnac darty sa fnacfp 6 04/01/29	2026	25.302.347,29	DKK	XS2778270772	0,22 %	https://pka.dk/ansvarlighed/ansvarlige-investeringer/politikker-og-rapporter
Pensionskassernes Administration a/s	Focus financial focs 6.75 09/15/31	2026	3.490.240,60	DKK	US34417VAA52	0,03 %	https://pka.dk/ansvarlighed/ansvarlige-investeringer/politikker-og-rapporter
Pensionskassernes Administration a/s	Ford holdings f 9.3 03/01/30	2026	13.972.821,43	DKK	US345277AE74	0,12 %	https://pka.dk/ansvarlighed/ansvarlige-investeringer/politikker-og-rapporter
Pensionskassernes Administration a/s	Ford motor co f 9.625 04/22/30	2026	11.035.326,97	DKK	US345370CX67	0,09 %	https://pka.dk/ansvarlighed/ansvarlige-investeringer/politikker-og-rapporter
Pensionskassernes Administration a/s	Ford motor cred f 4.066 08/21/30	2026	15.822.722,80	DKK	XS3006514536	0,14 %	https://pka.dk/ansvarlighed/ansvarlige-investeringer/politikker-og-rapporter
Pensionskassernes Administration a/s	Ford motor cred f 4.445 02/14/30	2026	36.191.415,34	DKK	XS2767246908	0,31 %	https://pka.dk/ansvarlighed/ansvarlige-investeringer/politikker-og-rapporter
Pensionskassernes Administration a/s	Ford motor cred f 4.448 09/16/32	2026	7.705.896,79	DKK	XS3181972962	0,07 %	https://pka.dk/ansvarlighed/ansvarlige-investeringer/politikker-og-rapporter
Pensionskassernes Administration a/s	Ford motor cred f 5.125 02/20/29	2026	7.309.668,22	DKK	XS2724457457	0,06 %	https://pka.dk/ansvarlighed/ansvarlige-investeringer/politikker-og-rapporter
Pensionskassernes Administration a/s	Ford motor cred f 7.35 03/06/30	2026	30.772.086,72	DKK	US345397C684	0,26 %	https://pka.dk/ansvarlighed/ansvarlige-investeringer/politikker-og-rapporter
Pensionskassernes Administration a/s	Forestar group for 6.5 03/15/33	2026	646.193,12	DKK	US346232AG66	0,01 %	https://pka.dk/ansvarlighed/ansvarlige-investeringer/politikker-og-rapporter
Pensionskassernes Administration a/s	Fortescue treasu fmgau 4.375 04/01/31	2026	6.935.996,54	DKK	US30251GBC06	0,06 %	https://pka.dk/ansvarlighed/ansvarlige-investeringer/politikker-og-rapporter
Pensionskassernes Administration a/s	Fortescue treasu fmgau 4.375 04/01/31	2026	11.022.443,59	DKK	USQ3919KAN11	0,09 %	https://pka.dk/ansvarlighed/ansvarlige-investeringer/politikker-og-rapporter
Pensionskassernes Administration a/s	Fortescue treasu fmgau 4.5 09/15/27	2026	640.811,70	DKK	USQ3919KAM38	0,01 %	https://pka.dk/ansvarlighed/ansvarlige-investeringer/politikker-og-rapporter
Pensionskassernes Administration a/s	Fortescue treasu fmgau 5.875 04/15/30	2026	25.474.309,73	DKK	US30251GBD88	0,22 %	https://pka.dk/ansvarlighed/ansvarlige-investeringer/politikker-og-rapporter
Pensionskassernes Administration a/s	Fortescue treasu fmgau 5.875 04/15/30	2026	18.999.087,28	DKK	USQ3919KAP68	0,16 %	https://pka.dk/ansvarlighed/ansvarlige-investeringer/politikker-og-rapporter
Pensionskassernes Administration a/s	Fortescue treasu fmgau 6.125 04/15/32	2026	4.398.362,38	DKK	US30251GBE61	0,04 %	https://pka.dk/ansvarlighed/ansvarlige-investeringer/politikker-og-rapporter
Pensionskassernes Administration a/s	Fortrea holdings ftre 7.5 07/01/30	2026	773.412,39	DKK	US34965KAA51	0,01 %	https://pka.dk/ansvarlighed/ansvarlige-investeringer/politikker-og-rapporter
Pensionskassernes Administration a/s	Fortress interme psdo 7.5 06/01/31	2026	652.284,14	DKK	US34966MAA09	0,01 %	https://pka.dk/ansvarlighed/ansvarlige-investeringer/politikker-og-rapporter
Pensionskassernes Administration a/s	Forvia se eofp 5.5 06/15/31	2026	1.458.408,64	DKK	XS2774392638	0,01 %	https://pka.dk/ansvarlighed/ansvarlige-investeringer/politikker-og-rapporter
Pensionskassernes Administration a/s	Forvia se eofp 5.625 06/15/30	2026	38.734.967,93	DKK	XS3023963534	0,33 %	https://pka.dk/ansvarlighed/ansvarlige-investeringer/politikker-og-rapporter
Pensionskassernes Administration a/s	Forvia se eofp 8 06/15/30	2026	2.106.323,58	DKK	US31209DAA37	0,02 %	https://pka.dk/ansvarlighed/ansvarlige-investeringer/politikker-og-rapporter
Pensionskassernes Administration a/s	Free mtge hold fremor 7.875 04/01/33	2026	2.951.852,44	DKK	US35641AAD00	0,03 %	https://pka.dk/ansvarlighed/ansvarlige-investeringer/politikker-og-rapporter
Pensionskassernes Administration a/s	Free mtge hold fremor 8.375 04/01/32	2026	3.398.688,23	DKK	US35641AAC27	0,03 %	https://pka.dk/ansvarlighed/ansvarlige-investeringer/politikker-og-rapporter
Pensionskassernes Administration a/s	Free mtge hold fremor 9.125 05/15/31	2026	667.118,49	DKK	US35641AAB44	0,01 %	https://pka.dk/ansvarlighed/ansvarlige-investeringer/politikker-og-rapporter
Pensionskassernes Administration a/s	Froneri lux finc icecr 6 08/01/32	2026	627.527,51	DKK	US35901MAA53	0,01 %	https://pka.dk/ansvarlighed/ansvarlige-investeringer/politikker-og-rapporter
Pensionskassernes Administration a/s	Fs kkr capital fsk 6.125 01/15/30	2026	25.132.294,61	DKK	US302635AP20	0,22 %	https://pka.dk/ansvarlighed/ansvarlige-investeringer/politikker-og-rapporter
Pensionskassernes Administration a/s	Fs kkr capital fsk 6.875 08/15/29	2026	33.101.808,01	DKK	US302635AN71	0,28 %	https://pka.dk/ansvarlighed/ansvarlige-investeringer/politikker-og-rapporter
Pensionskassernes Administration a/s	Fs kkr capital fsk 7.5 08/01/31	2026	643.320,11	DKK	US302635AR85	0,01 %	https://pka.dk/ansvarlighed/ansvarlige-investeringer/politikker-og-rapporter
Pensionskassernes Administration a/s	Fs kkr capital fsk 7.875 01/15/29	2026	2.845.689,17	DKK	US302635AM98	0,02 %	https://pka.dk/ansvarlighed/ansvarlige-investeringer/politikker-og-rapporter
Pensionskassernes Administration a/s	Fs lux sarl fsbioe 8.625 06/25/33	2026	9.304.821,54	DKK	US30315XAD66	0,08 %	https://pka.dk/ansvarlighed/ansvarlige-investeringer/politikker-og-rapporter
Pensionskassernes Administration a/s	Ftai aviation in ftai 5.5 05/01/28	2026	3.214.590,32	DKK	US34960PAD33	0,03 %	https://pka.dk/ansvarlighed/ansvarlige-investeringer/politikker-og-rapporter
Pensionskassernes Administration a/s	Fxi holdings fxihld 11 11/15/30	2026	538.227,33	DKK	US36120RAG48	0,00 %	https://pka.dk/ansvarlighed/ansvarlige-investeringer/politikker-og-rapporter
Pensionskassernes Administration a/s	Gap inc/the gap 3.875 10/01/31	2026	1.050.863,40	DKK	US364760AQ18	0,01 %	https://pka.dk/ansvarlighed/ansvarlige-investeringer/politikker-og-rapporter
Pensionskassernes Administration a/s	Garda security gwcn 6.5 01/15/31	2026	1.568.881,70	DKK	US36485MAQ24	0,01 %	https://pka.dk/ansvarlighed/ansvarlige-investeringer/politikker-og-rapporter
Pensionskassernes Administration a/s	Garrett mot/sarl gtx 7.75 05/31/32	2026	13.208.979,17	DKK	US366504AA61	0,11 %	https://pka.dk/ansvarlighed/ansvarlige-investeringer/politikker-og-rapporter
Pensionskassernes Administration a/s	Gartner group it 3.625 06/15/29	2026	23.884.168,84	DKK	US366651AG25	0,21 %	https://pka.dk/ansvarlighed/ansvarlige-investeringer/politikker-og-rapporter
Pensionskassernes Administration a/s	Gatwick airport gtwick 6 11/21/30	2026	29.814.326,66	DKK	XS3221827911	0,26 %	https://pka.dk/ansvarlighed/ansvarlige-investeringer/politikker-og-rapporter
Pensionskassernes Administration a/s	Gdz elektrik da gdzele 9 10/15/29	2026	1.055.184,25	DKK	US36270TAA16	0,01 %	https://pka.dk/ansvarlighed/ansvarlige-investeringer/politikker-og-rapporter
Pensionskassernes Administration a/s	Gen digital inc gen 6.25 04/01/33	2026	3.858.568,64	DKK	US668771AM05	0,03 %	https://pka.dk/ansvarlighed/ansvarlige-investeringer/politikker-og-rapporter
Pensionskassernes Administration a/s	Gen digital inc gen 6.75 09/30/27	2026	27.129.517,20	DKK	US668771AK49	0,23 %	https://pka.dk/ansvarlighed/ansvarlige-investeringer/politikker-og-rapporter
Pensionskassernes Administration a/s	Genesee & wyomin gwr 6.25 04/15/32	2026	653.774,12	DKK	US371559AB15	0,01 %	https://pka.dk/ansvarlighed/ansvarlige-investeringer/politikker-og-rapporter
Pensionskassernes Administration a/s	Genesis energy gel 6.75 03/15/34	2026	645.721,03	DKK	US37185LAS16	0,01 %	https://pka.dk/ansvarlighed/ansvarlige-investeringer/politikker-og-rapporter
Pensionskassernes Administration a/s	Genesis energy gel 7.875 05/15/32	2026	668.224,33	DKK	US37185LAQ59	0,01 %	https://pka.dk/ansvarlighed/ansvarlige-investeringer/politikker-og-rapporter
Pensionskassernes Administration a/s	Genpact g 4.95 11/18/30	2026	15.771.227,83	DKK	US37256EAA01	0,14 %	https://pka.dk/ansvarlighed/ansvarlige-investeringer/politikker-og-rapporter
Pensionskassernes Administration a/s	Geopark geopar 8.75 01/31/30	2026	6.670.758,57	DKK	US37255BAC37	0,06 %	https://pka.dk/ansvarlighed/ansvarlige-investeringer/politikker-og-rapporter
Pensionskassernes Administration a/s	Gestamp automoci gestsm 4.375 10/15/30	2026	26.255.430,59	DKK	XS3193932699	0,23 %	https://pka.dk/ansvarlighed/ansvarlige-investeringer/politikker-og-rapporter
Pensionskassernes Administration a/s	Gfl environ inc gflcn 4 08/01/28	2026	34.621.389,44	DKK	US36168QAL86	0,30 %	https://pka.dk/ansvarlighed/ansvarlige-investeringer/politikker-og-rapporter
Pensionskassernes Administration a/s	Gfl environ inc gflcn 4.375 08/15/29	2026	2.511.279,39	DKK	US36168QAP90	0,02 %	https://pka.dk/ansvarlighed/ansvarlige-investeringer/politikker-og-rapporter
Pensionskassernes Administration a/s	Global auto/aag globau 11.5 08/15/29	2026	2.414.959,42	DKK	US00033YAA47	0,02 %	https://pka.dk/ansvarlighed/ansvarlige-investeringer/politikker-og-rapporter
Pensionskassernes Administration a/s	Global auto/aag globau 8.75 01/15/32	2026	1.209.313,55	DKK	US00033GAB14	0,01 %	https://pka.dk/ansvarlighed/ansvarlige-investeringer/politikker-og-rapporter
Pensionskassernes Administration a/s	Global medical r aimegr 7.375 10/01/32	2026	667.660,16	DKK	US37960BAD73	0,01 %	https://pka.dk/ansvarlighed/ansvarlige-investeringer/politikker-og-rapporter
Pensionskassernes Administration a/s	Global pay inc gpn 4.875 03/17/31	2026	24.755.856,56	DKK	XS2597994065	0,21 %	https://pka.dk/ansvarlighed/ansvarlige-investeringer/politikker-og-rapporter
Pensionskassernes Administration a/s	Go daddy op/fin gddy 3.5 03/01/29	2026	24.097.846,94	DKK	US38016LAC90	0,21 %	https://pka.dk/ansvarlighed/ansvarlige-investeringer/politikker-og-rapporter
Pensionskassernes Administration a/s	Goat holdco llc b 6.75 02/01/32	2026	655.870,57	DKK	US38021MAA45	0,01 %	https://pka.dk/ansvarlighed/ansvarlige-investeringer/politikker-og-rapporter
Pensionskassernes Administration a/s	Goldman sachs bd gsbd 5.65 09/09/30	2026	11.007.722,83	DKK	US38147UAF49	0,09 %	https://pka.dk/ansvarlighed/ansvarlige-investeringer/politikker-og-rapporter
Pensionskassernes Administration a/s	Goldstory sasu thoeur 6.75 02/01/30	2026	1.141.596,47	DKK	XS2761223127	0,01 %	https://pka.dk/ansvarlighed/ansvarlige-investeringer/politikker-og-rapporter
Pensionskassernes Administration a/s	Golub capital gbdc 7.05 12/05/28	2026	15.884.256,57	DKK	US38173MAD48	0,14 %	https://pka.dk/ansvarlighed/ansvarlige-investeringer/politikker-og-rapporter
Pensionskassernes Administration a/s	Goodyear tire gt 6.625 07/15/30	2026	628.011,34	DKK	US382550BS94	0,01 %	https://pka.dk/ansvarlighed/ansvarlige-investeringer/politikker-og-rapporter
Pensionskassernes Administration a/s	Graham holdings ghc 5.625 12/01/33	2026	632.002,69	DKK	US384637AC88	0,01 %	https://pka.dk/ansvarlighed/ansvarlige-investeringer/politikker-og-rapporter
Pensionskassernes Administration a/s	Granite constr gva 6.375 06/15/34	2026	656.174,96	DKK	US387328AG24	0,01 %	https://pka.dk/ansvarlighed/ansvarlige-investeringer/politikker-og-rapporter
Pensionskassernes Administration a/s	Gray media gtn 4.75 10/15/30	2026	26.086.619,35	DKK	US389375AL09	0,22 %	https://pka.dk/ansvarlighed/ansvarlige-investeringer/politikker-og-rapporter
Pensionskassernes Administration a/s	Gray media gtn 5.375 11/15/31	2026	4.076.076,35	DKK	US389286AA34	0,04 %	https://pka.dk/ansvarlighed/ansvarlige-investeringer/politikker-og-rapporter
Pensionskassernes Administration a/s	Gray media gtn 7.25 08/15/33	2026	638.388,30	DKK	US389375AP13	0,01 %	https://pka.dk/ansvarlighed/ansvarlige-investeringer/politikker-og-rapporter
Pensionskassernes Administration a/s	Gray media gtn 9.625 07/15/32	2026	634.092,04	DKK	US389375AN64	0,01 %	https://pka.dk/ansvarlighed/ansvarlige-investeringer/politikker-og-rapporter
Pensionskassernes Administration a/s	Great can/raptor gccn 8.75 11/15/29	2026	8.144.283,09	DKK	US389925AA64	0,07 %	https://pka.dk/ansvarlighed/ansvarlige-investeringer/politikker-og-rapporter
Pensionskassernes Administration a/s	Grifols sa grfsm 3.875 10/15/28	2026	38.730.129,75	DKK	XS2393001891	0,33 %	https://pka.dk/ansvarlighed/ansvarlige-investeringer/politikker-og-rapporter
Pensionskassernes Administration a/s	Group 1 auto gpi 4 08/15/28	2026	1.126.454,29	DKK	US398905AN98	0,01 %	https://pka.dk/ansvarlighed/ansvarlige-investeringer/politikker-og-rapporter
Pensionskassernes Administration a/s	Group 1 auto gpi 6.375 01/15/30	2026	652.324,04	DKK	US398905AQ20	0,01 %	https://pka.dk/ansvarlighed/ansvarlige-investeringer/politikker-og-rapporter
Pensionskassernes Administration a/s	Gruenenthal gmbh grupha 4.125 05/15/28	2026	1.568.333,75	DKK	XS2337703537	0,01 %	https://pka.dk/ansvarlighed/ansvarlige-investeringer/politikker-og-rapporter
Pensionskassernes Administration a/s	Gruenenthal gmbh grupha 4.625 11/15/31	2026	1.659.309,48	DKK	XS2951378434	0,01 %	https://pka.dk/ansvarlighed/ansvarlige-investeringer/politikker-og-rapporter
Pensionskassernes Administration a/s	Grupo aeromexico aeromx 8.625 11/15/31	2026	1.313.247,86	DKK	US40054JAD19	0,01 %	https://pka.dk/ansvarlighed/ansvarlige-investeringer/politikker-og-rapporter
Pensionskassernes Administration a/s	H.b. fuller co ful 4.25 10/15/28	2026	26.652.110,71	DKK	US40410KAA34	0,23 %	https://pka.dk/ansvarlighed/ansvarlige-investeringer/politikker-og-rapporter
Pensionskassernes Administration a/s	Hah group holdin hahgro 9.75 10/01/31	2026	859.252,66	DKK	US40518JAA79	0,01 %	https://pka.dk/ansvarlighed/ansvarlige-investeringer/politikker-og-rapporter
Pensionskassernes Administration a/s	Hanwha total samtot 5.5 07/18/29	2026	7.433.917,46	DKK	XS2740446757	0,06 %	https://pka.dk/ansvarlighed/ansvarlige-investeringer/politikker-og-rapporter
Pensionskassernes Administration a/s	Harley-davidson hog 4 03/12/30	2026	749.860,35	DKK	XS3000561566	0,01 %	https://pka.dk/ansvarlighed/ansvarlige-investeringer/politikker-og-rapporter
Pensionskassernes Administration a/s	Harvest midstrea harmid 7.5 05/15/32	2026	668.414,16	DKK	US417558AB90	0,01 %	https://pka.dk/ansvarlighed/ansvarlige-investeringer/politikker-og-rapporter
Pensionskassernes Administration a/s	Hat holdings i hasi 3.75 09/15/30	2026	28.790.314,32	DKK	US418751AD59	0,25 %	https://pka.dk/ansvarlighed/ansvarlige-investeringer/politikker-og-rapporter
Pensionskassernes Administration a/s	Healthequity inc hqy 4.5 10/01/29	2026	5.763.183,40	DKK	US42226AAA51	0,05 %	https://pka.dk/ansvarlighed/ansvarlige-investeringer/politikker-og-rapporter
Pensionskassernes Administration a/s	Heimstaden heimst 8.375 01/29/30	2026	2.114.674,33	DKK	XS2984228838	0,02 %	https://pka.dk/ansvarlighed/ansvarlige-investeringer/politikker-og-rapporter
Pensionskassernes Administration a/s	Helix energy sol hlx 9.75 03/01/29	2026	338.447,22	DKK	US42330PAL13	0,00 %	https://pka.dk/ansvarlighed/ansvarlige-investeringer/politikker-og-rapporter
Pensionskassernes Administration a/s	Herc holdings hri 6.625 06/15/29	2026	923.248,12	DKK	US42704LAE48	0,01 %	https://pka.dk/ansvarlighed/ansvarlige-investeringer/politikker-og-rapporter
Pensionskassernes Administration a/s	Hercules capital htgc 6 06/16/30	2026	9.517.831,16	DKK	US427096AN29	0,08 %	https://pka.dk/ansvarlighed/ansvarlige-investeringer/politikker-og-rapporter
Pensionskassernes Administration a/s	Hertz corp/the htz 5 12/01/29	2026	687.065,87	DKK	US428040DB25	0,01 %	https://pka.dk/ansvarlighed/ansvarlige-investeringer/politikker-og-rapporter
Pensionskassernes Administration a/s	Hess midstream hesm 5.5 10/15/30	2026	1.922.892,90	DKK	US428102AF45	0,02 %	https://pka.dk/ansvarlighed/ansvarlige-investeringer/politikker-og-rapporter
Pensionskassernes Administration a/s	Hess midstream hesm 5.875 03/01/28	2026	1.955.152,20	DKK	US428102AH01	0,02 %	https://pka.dk/ansvarlighed/ansvarlige-investeringer/politikker-og-rapporter
Pensionskassernes Administration a/s	Hess midstream hesm 6.5 06/01/29	2026	8.905.147,11	DKK	US428102AG28	0,08 %	https://pka.dk/ansvarlighed/ansvarlige-investeringer/politikker-og-rapporter
Pensionskassernes Administration a/s	Hightower holdin higtow 9.125 01/31/30	2026	666.810,36	DKK	US43118DAB64	0,01 %	https://pka.dk/ansvarlighed/ansvarlige-investeringer/politikker-og-rapporter
Pensionskassernes Administration a/s	Hikari tsushin hiktsu 6.13 09/18/35	2026	24.523.285,19	DKK	XS3177521997	0,21 %	https://pka.dk/ansvarlighed/ansvarlige-investeringer/politikker-og-rapporter
Pensionskassernes Administration a/s	Hilcorp energy i hilcrp 6 02/01/31	2026	6.467.535,29	DKK	US431318AV64	0,06 %	https://pka.dk/ansvarlighed/ansvarlige-investeringer/politikker-og-rapporter
Pensionskassernes Administration a/s	Hilcorp energy i hilcrp 6.25 04/15/32	2026	1.715.252,29	DKK	US431318AZ78	0,01 %	https://pka.dk/ansvarlighed/ansvarlige-investeringer/politikker-og-rapporter
Pensionskassernes Administration a/s	Hilcorp energy i hilcrp 6.875 05/15/34	2026	644.555,32	DKK	US431318BE31	0,01 %	https://pka.dk/ansvarlighed/ansvarlige-investeringer/politikker-og-rapporter
Pensionskassernes Administration a/s	Hilcorp energy i hilcrp 7.25 02/15/35	2026	1.632.830,97	DKK	US431318BG88	0,01 %	https://pka.dk/ansvarlighed/ansvarlige-investeringer/politikker-og-rapporter
Pensionskassernes Administration a/s	Hilton domestic hlt 3.75 05/01/29	2026	41.295.705,46	DKK	US432833AJ07	0,36 %	https://pka.dk/ansvarlighed/ansvarlige-investeringer/politikker-og-rapporter
Pensionskassernes Administration a/s	Hilton domestic hlt 4 05/01/31	2026	9.664.660,31	DKK	US432833AL52	0,08 %	https://pka.dk/ansvarlighed/ansvarlige-investeringer/politikker-og-rapporter
Pensionskassernes Administration a/s	Hilton domestic hlt 4.875 01/15/30	2026	4.046.151,61	DKK	US432833AF84	0,03 %	https://pka.dk/ansvarlighed/ansvarlige-investeringer/politikker-og-rapporter
Pensionskassernes Administration a/s	Hilton domestic hlt 5.75 09/15/33	2026	648.544,57	DKK	US432833AS06	0,01 %	https://pka.dk/ansvarlighed/ansvarlige-investeringer/politikker-og-rapporter
Pensionskassernes Administration a/s	Hilton domestic hlt 5.875 03/15/33	2026	1.822.370,66	DKK	US432833AR23	0,02 %	https://pka.dk/ansvarlighed/ansvarlige-investeringer/politikker-og-rapporter
Pensionskassernes Administration a/s	Hilton grand hgvllc 4.875 07/01/31	2026	1.081.260,32	DKK	US43284MAB46	0,01 %	https://pka.dk/ansvarlighed/ansvarlige-investeringer/politikker-og-rapporter
Pensionskassernes Administration a/s	Hlf fin sarl llc hlf 4.875 06/01/29	2026	58.441.034,45	DKK	US40390DAC92	0,50 %	https://pka.dk/ansvarlighed/ansvarlige-investeringer/politikker-og-rapporter
Pensionskassernes Administration a/s	Hlf fin sarl llc hlf 7.75 05/01/33	2026	11.182.775,69	DKK	US40390DAE58	0,10 %	https://pka.dk/ansvarlighed/ansvarlige-investeringer/politikker-og-rapporter
Pensionskassernes Administration a/s	Hni corp hni 5.125 01/18/29	2026	2.253.530,59	DKK	US404251AA81	0,02 %	https://pka.dk/ansvarlighed/ansvarlige-investeringer/politikker-og-rapporter
Pensionskassernes Administration a/s	Holding d'infras saur 3.875 01/31/31	2026	736.921,26	DKK	XS3191437006	0,01 %	https://pka.dk/ansvarlighed/ansvarlige-investeringer/politikker-og-rapporter
Pensionskassernes Administration a/s	Holding d'infras saur 4.875 10/24/29	2026	917.832,63	DKK	XS2918553855	0,01 %	https://pka.dk/ansvarlighed/ansvarlige-investeringer/politikker-og-rapporter
Pensionskassernes Administration a/s	Howard hughes co hhh 4.125 02/01/29	2026	21.377.595,07	DKK	US44267DAE76	0,18 %	https://pka.dk/ansvarlighed/ansvarlige-investeringer/politikker-og-rapporter
Pensionskassernes Administration a/s	Howard hughes co hhh 5.875 03/01/32	2026	1.387.265,14	DKK	US44267DAG25	0,01 %	https://pka.dk/ansvarlighed/ansvarlige-investeringer/politikker-og-rapporter
Pensionskassernes Administration a/s	Howard hughes co hhh 6.125 03/01/34	2026	629.013,98	DKK	US44267DAH08	0,01 %	https://pka.dk/ansvarlighed/ansvarlige-investeringer/politikker-og-rapporter
Pensionskassernes Administration a/s	Howard midstream howard 6.625 01/15/34	2026	1.822.592,92	DKK	US442722AD63	0,02 %	https://pka.dk/ansvarlighed/ansvarlige-investeringer/politikker-og-rapporter
Pensionskassernes Administration a/s	Howard midstream howard 7.375 07/15/32	2026	665.346,16	DKK	US442722AC80	0,01 %	https://pka.dk/ansvarlighed/ansvarlige-investeringer/politikker-og-rapporter
Pensionskassernes Administration a/s	Howden uk ref hwdgrp 8.125 02/15/32	2026	2.559.192,30	DKK	US44287DAA19	0,02 %	https://pka.dk/ansvarlighed/ansvarlige-investeringer/politikker-og-rapporter
Pensionskassernes Administration a/s	Ht troplast ag prfine 9.375 07/15/28	2026	3.216.096,07	DKK	XS2649707846	0,03 %	https://pka.dk/ansvarlighed/ansvarlige-investeringer/politikker-og-rapporter
Pensionskassernes Administration a/s	Hta group ltd hlstwr 6.75 04/01/31	2026	1.309.404,14	DKK	XS3312132338	0,01 %	https://pka.dk/ansvarlighed/ansvarlige-investeringer/politikker-og-rapporter
Pensionskassernes Administration a/s	Hta group ltd hlstwr 7.5 06/04/29	2026	26.477.309,09	DKK	XS2826815446	0,23 %	https://pka.dk/ansvarlighed/ansvarlige-investeringer/politikker-og-rapporter
Pensionskassernes Administration a/s	Hub intl ltd hbgcn 7.25 06/15/30	2026	3.109.914,64	DKK	US44332PAH47	0,03 %	https://pka.dk/ansvarlighed/ansvarlige-investeringer/politikker-og-rapporter
Pensionskassernes Administration a/s	Hunt cos inc huntco 5.25 04/15/29	2026	443.006,31	DKK	US445587AE85	0,00 %	https://pka.dk/ansvarlighed/ansvarlige-investeringer/politikker-og-rapporter
Pensionskassernes Administration a/s	Huntsman int llc hun 4.5 05/01/29	2026	44.946.978,69	DKK	US44701QBE17	0,39 %	https://pka.dk/ansvarlighed/ansvarlige-investeringer/politikker-og-rapporter
Pensionskassernes Administration a/s	Icade icadfp 0.625 01/18/31	2026	12.899.025,23	DKK	FR0014001IM0	0,11 %	https://pka.dk/ansvarlighed/ansvarlige-investeringer/politikker-og-rapporter
Pensionskassernes Administration a/s	Icahn enter/fin iep 10 11/15/29	2026	8.267.674,61	DKK	US451102CK14	0,07 %	https://pka.dk/ansvarlighed/ansvarlige-investeringer/politikker-og-rapporter
Pensionskassernes Administration a/s	Icahn enter/fin iep 4.375 02/01/29	2026	2.790.401,11	DKK	US451102CC97	0,02 %	https://pka.dk/ansvarlighed/ansvarlige-investeringer/politikker-og-rapporter
Pensionskassernes Administration a/s	Icahn enter/fin iep 9 06/15/30	2026	25.253.311,14	DKK	US451102CJ41	0,22 %	https://pka.dk/ansvarlighed/ansvarlige-investeringer/politikker-og-rapporter
Pensionskassernes Administration a/s	Icahn enter/fin iep 9.75 01/15/29	2026	39.996.347,46	DKK	US451102CF29	0,34 %	https://pka.dk/ansvarlighed/ansvarlige-investeringer/politikker-og-rapporter
Pensionskassernes Administration a/s	Iheartcommunicat ihrt 10.875 05/01/30	2026	3.122.658,67	DKK	US45174HBL06	0,03 %	https://pka.dk/ansvarlighed/ansvarlige-investeringer/politikker-og-rapporter
Pensionskassernes Administration a/s	Ihg finance llc ihgln 3.625 09/27/31	2026	39.076.362,62	DKK	XS2909822517	0,34 %	https://pka.dk/ansvarlighed/ansvarlige-investeringer/politikker-og-rapporter
Pensionskassernes Administration a/s	Ihs holding ltd ihs 7.875 05/29/30	2026	28.569.088,84	DKK	XS2941354487	0,25 %	https://pka.dk/ansvarlighed/ansvarlige-investeringer/politikker-og-rapporter
Pensionskassernes Administration a/s	Ihs holding ltd ihs 8.25 11/29/31	2026	1.348.419,34	DKK	US44963HAD70	0,01 %	https://pka.dk/ansvarlighed/ansvarlige-investeringer/politikker-og-rapporter
Pensionskassernes Administration a/s	Iifl finance ltd iifoin 8.75 07/24/28	2026	3.506.154,79	DKK	US44964HAA23	0,03 %	https://pka.dk/ansvarlighed/ansvarlige-investeringer/politikker-og-rapporter
Pensionskassernes Administration a/s	Iliad hldg sas iliadh 5.375 04/15/30	2026	1.916.664,53	DKK	XS2943818059	0,02 %	https://pka.dk/ansvarlighed/ansvarlige-investeringer/politikker-og-rapporter
Pensionskassernes Administration a/s	Iliad hldg sas iliadh 6.875 04/15/31	2026	1.811.455,91	DKK	XS2810807094	0,02 %	https://pka.dk/ansvarlighed/ansvarlige-investeringer/politikker-og-rapporter
Pensionskassernes Administration a/s	Iliad hldg sas iliadh 8.5 04/15/31	2026	680.993,62	DKK	US449691AF14	0,01 %	https://pka.dk/ansvarlighed/ansvarlige-investeringer/politikker-og-rapporter
Pensionskassernes Administration a/s	Iliad ildfp 5.375 02/15/29	2026	2.330.708,38	DKK	FR001400MLX3	0,02 %	https://pka.dk/ansvarlighed/ansvarlige-investeringer/politikker-og-rapporter
Pensionskassernes Administration a/s	Iliad ildfp 5.375 06/14/27	2026	1.519.800,79	DKK	FR001400EJI5	0,01 %	https://pka.dk/ansvarlighed/ansvarlige-investeringer/politikker-og-rapporter
Pensionskassernes Administration a/s	Inchcape plc inchln 6.5 06/09/28	2026	24.723.004,27	DKK	XS2623504102	0,21 %	https://pka.dk/ansvarlighed/ansvarlige-investeringer/politikker-og-rapporter
Pensionskassernes Administration a/s	Ineos quattro fi styro 6.75 04/15/30	2026	10.396.124,00	DKK	XS2915461458	0,09 %	https://pka.dk/ansvarlighed/ansvarlige-investeringer/politikker-og-rapporter
Pensionskassernes Administration a/s	Informa plc infln 3.375 06/09/31	2026	8.821.694,76	DKK	XS3074456891	0,08 %	https://pka.dk/ansvarlighed/ansvarlige-investeringer/politikker-og-rapporter
Pensionskassernes Administration a/s	Infrabuild austr infrab 14.5 11/15/28	2026	576.255,91	DKK	US45682RAC43	0,00 %	https://pka.dk/ansvarlighed/ansvarlige-investeringer/politikker-og-rapporter
Pensionskassernes Administration a/s	Infrastrutture w inwim 3.625 10/13/32	2026	709.649,29	DKK	XS3201918318	0,01 %	https://pka.dk/ansvarlighed/ansvarlige-investeringer/politikker-og-rapporter
Pensionskassernes Administration a/s	Ingevity corp ngvt 3.875 11/01/28	2026	29.026.817,61	DKK	US45688CAB37	0,25 %	https://pka.dk/ansvarlighed/ansvarlige-investeringer/politikker-og-rapporter
Pensionskassernes Administration a/s	Ingles mkts inc imkta 4 06/15/31	2026	484.420,06	DKK	US457030AK02	0,00 %	https://pka.dk/ansvarlighed/ansvarlige-investeringer/politikker-og-rapporter
Pensionskassernes Administration a/s	Ingram micro inc im 4.75 05/15/29	2026	2.791.687,74	DKK	US45258LAA52	0,02 %	https://pka.dk/ansvarlighed/ansvarlige-investeringer/politikker-og-rapporter
Pensionskassernes Administration a/s	Inpost sa inpstn 4 04/01/31	2026	961.647,52	DKK	XS3176794595	0,01 %	https://pka.dk/ansvarlighed/ansvarlige-investeringer/politikker-og-rapporter
Pensionskassernes Administration a/s	Insight enterpri nsit 6.625 05/15/32	2026	654.151,08	DKK	US45765UAC71	0,01 %	https://pka.dk/ansvarlighed/ansvarlige-investeringer/politikker-og-rapporter
Pensionskassernes Administration a/s	Insulet corp podd 6.5 04/01/33	2026	652.114,86	DKK	US45784PAL58	0,01 %	https://pka.dk/ansvarlighed/ansvarlige-investeringer/politikker-og-rapporter
Pensionskassernes Administration a/s	Intel corp intc 5.05 08/05/62	2026	535.768,48	DKK	US458140CC21	0,00 %	https://pka.dk/ansvarlighed/ansvarlige-investeringer/politikker-og-rapporter
Pensionskassernes Administration a/s	Intel corp intc 5.9 02/10/63	2026	24.761.313,72	DKK	US458140CK47	0,21 %	https://pka.dk/ansvarlighed/ansvarlige-investeringer/politikker-og-rapporter
Pensionskassernes Administration a/s	Intesa sanpaolo ispvit 2.375 12/22/30	2026	42.783.531,85	DKK	XS2262806933	0,37 %	https://pka.dk/ansvarlighed/ansvarlige-investeringer/politikker-og-rapporter
Pensionskassernes Administration a/s	Intralot capital inlot 6.75 10/15/31	2026	28.356.241,50	DKK	XS3192259516	0,24 %	https://pka.dk/ansvarlighed/ansvarlige-investeringer/politikker-og-rapporter
Pensionskassernes Administration a/s	Inv ener res ltd cmiene 6.25 04/26/29	2026	1.285.032,00	DKK	US46143NAB64	0,01 %	https://pka.dk/ansvarlighed/ansvarlige-investeringer/politikker-og-rapporter
Pensionskassernes Administration a/s	Ion plat us/sarl ionpla 9 08/01/29	2026	1.193.465,35	DKK	US46206AAF93	0,01 %	https://pka.dk/ansvarlighed/ansvarlige-investeringer/politikker-og-rapporter
Pensionskassernes Administration a/s	Ion plat us/sarl ionpla 9.5 05/30/29	2026	1.569.937,40	DKK	US46206AAB89	0,01 %	https://pka.dk/ansvarlighed/ansvarlige-investeringer/politikker-og-rapporter
Pensionskassernes Administration a/s	Ion platform fin ionpla 6.5 09/30/30	2026	45.545.601,15	DKK	XS3194940147	0,39 %	https://pka.dk/ansvarlighed/ansvarlige-investeringer/politikker-og-rapporter
Pensionskassernes Administration a/s	Ion platform fin ionpla 6.875 09/30/32	2026	1.167.626,94	DKK	XS3194941111	0,01 %	https://pka.dk/ansvarlighed/ansvarlige-investeringer/politikker-og-rapporter
Pensionskassernes Administration a/s	Ion platform fin ionpla 7.875 09/30/32	2026	995.973,68	DKK	US46205QAB41	0,01 %	https://pka.dk/ansvarlighed/ansvarlige-investeringer/politikker-og-rapporter
Pensionskassernes Administration a/s	Ipd 3 bv ipdebv 5.5 06/15/31	2026	1.531.989,02	DKK	XS3067907140	0,01 %	https://pka.dk/ansvarlighed/ansvarlige-investeringer/politikker-og-rapporter
Pensionskassernes Administration a/s	Iqvia inc iqv 2.25 01/15/28	2026	37.474.967,23	DKK	XS2036798150	0,32 %	https://pka.dk/ansvarlighed/ansvarlige-investeringer/politikker-og-rapporter
Pensionskassernes Administration a/s	Iqvia inc iqv 2.875 06/15/28	2026	4.441.708,82	DKK	XS2189947505	0,04 %	https://pka.dk/ansvarlighed/ansvarlige-investeringer/politikker-og-rapporter
Pensionskassernes Administration a/s	Iqvia inc iqv 6.25 06/01/32	2026	2.034.580,92	DKK	US46266TAG31	0,02 %	https://pka.dk/ansvarlighed/ansvarlige-investeringer/politikker-og-rapporter
Pensionskassernes Administration a/s	Iqvia inc iqv 6.5 05/15/30	2026	1.978.109,07	DKK	US46266TAD00	0,02 %	https://pka.dk/ansvarlighed/ansvarlige-investeringer/politikker-og-rapporter
Pensionskassernes Administration a/s	Iron mountain irm 4.75 01/15/34	2026	3.801.328,86	DKK	XS3176120361	0,03 %	https://pka.dk/ansvarlighed/ansvarlige-investeringer/politikker-og-rapporter
Pensionskassernes Administration a/s	Iron mountain irm 5 07/15/28	2026	4.320.849,48	DKK	US46284VAG68	0,04 %	https://pka.dk/ansvarlighed/ansvarlige-investeringer/politikker-og-rapporter
Pensionskassernes Administration a/s	Iron mountain irm 6.25 01/15/33	2026	653.231,69	DKK	US46284VAQ41	0,01 %	https://pka.dk/ansvarlighed/ansvarlige-investeringer/politikker-og-rapporter
Pensionskassernes Administration a/s	Itau unibanco/ky itau 6 02/27/30	2026	1.528.812,05	DKK	US46556V2A91	0,01 %	https://pka.dk/ansvarlighed/ansvarlige-investeringer/politikker-og-rapporter
Pensionskassernes Administration a/s	Itelyum rege itlyum 5.75 04/15/30	2026	1.588.832,60	DKK	XS3041347637	0,01 %	https://pka.dk/ansvarlighed/ansvarlige-investeringer/politikker-og-rapporter
Pensionskassernes Administration a/s	Ithaca energy n iaecn 5.5 10/01/31	2026	20.312.165,83	DKK	XS3186903756	0,17 %	https://pka.dk/ansvarlighed/ansvarlige-investeringer/politikker-og-rapporter
Pensionskassernes Administration a/s	Itt holdings llc intmat 6.5 08/01/29	2026	2.245.991,44	DKK	US45074JAA25	0,02 %	https://pka.dk/ansvarlighed/ansvarlige-investeringer/politikker-og-rapporter
Pensionskassernes Administration a/s	J&f luxembourg jfsabz 8 04/23/33	2026	6.638.340,02	DKK	US46594TAA97	0,06 %	https://pka.dk/ansvarlighed/ansvarlige-investeringer/politikker-og-rapporter
Pensionskassernes Administration a/s	J2 global zd 4.625 10/15/30	2026	8.682.486,74	DKK	US48123VAF94	0,07 %	https://pka.dk/ansvarlighed/ansvarlige-investeringer/politikker-og-rapporter
Pensionskassernes Administration a/s	Jacobs entertain jacent 6.75 02/15/29	2026	761.369,38	DKK	US469815AK08	0,01 %	https://pka.dk/ansvarlighed/ansvarlige-investeringer/politikker-og-rapporter
Pensionskassernes Administration a/s	Jaguar land rovr ttmtin 4.5 10/01/27	2026	28.026.594,26	DKK	USG5002FAM89	0,24 %	https://pka.dk/ansvarlighed/ansvarlige-investeringer/politikker-og-rapporter
Pensionskassernes Administration a/s	Jaguar land rovr ttmtin 5.5 07/15/29	2026	1.919.198,54	DKK	US47010BAM63	0,02 %	https://pka.dk/ansvarlighed/ansvarlige-investeringer/politikker-og-rapporter
Pensionskassernes Administration a/s	Jane street grp janest 4.5 11/15/29	2026	7.796.167,70	DKK	US47077WAA62	0,07 %	https://pka.dk/ansvarlighed/ansvarlige-investeringer/politikker-og-rapporter
Pensionskassernes Administration a/s	Jane street grp janest 6.125 11/01/32	2026	2.830.323,54	DKK	US47077WAD02	0,02 %	https://pka.dk/ansvarlighed/ansvarlige-investeringer/politikker-og-rapporter
Pensionskassernes Administration a/s	Jane street grp janest 6.75 05/01/33	2026	3.432.944,05	DKK	US47077WAE84	0,03 %	https://pka.dk/ansvarlighed/ansvarlige-investeringer/politikker-og-rapporter
Pensionskassernes Administration a/s	Jane street grp janest 7.125 04/30/31	2026	1.933.720,06	DKK	US47077WAC29	0,02 %	https://pka.dk/ansvarlighed/ansvarlige-investeringer/politikker-og-rapporter
Pensionskassernes Administration a/s	Jazz securities jazz 4.375 01/15/29	2026	30.630.717,29	DKK	US47216FAA57	0,26 %	https://pka.dk/ansvarlighed/ansvarlige-investeringer/politikker-og-rapporter
Pensionskassernes Administration a/s	Jb poindexter & jbpoin 8.75 12/15/31	2026	3.631.500,99	DKK	US465965AC53	0,03 %	https://pka.dk/ansvarlighed/ansvarlige-investeringer/politikker-og-rapporter
Pensionskassernes Administration a/s	Jefferies fin ll jeffin 6.625 10/15/31	2026	12.255.989,41	DKK	US47232MAG78	0,11 %	https://pka.dk/ansvarlighed/ansvarlige-investeringer/politikker-og-rapporter
Pensionskassernes Administration a/s	Jefferson capita jefcap 8.25 05/15/30	2026	5.546.830,61	DKK	US472481AC47	0,05 %	https://pka.dk/ansvarlighed/ansvarlige-investeringer/politikker-og-rapporter
Pensionskassernes Administration a/s	Jetblue airw/loy jblu 9.875 09/20/31	2026	41.227.305,23	DKK	US476920AA15	0,35 %	https://pka.dk/ansvarlighed/ansvarlige-investeringer/politikker-og-rapporter
Pensionskassernes Administration a/s	Jh north america jhxau 5.875 01/31/31	2026	9.653.621,32	DKK	US46593WAA36	0,08 %	https://pka.dk/ansvarlighed/ansvarlige-investeringer/politikker-og-rapporter
Pensionskassernes Administration a/s	Jh north america jhxau 6.125 07/31/32	2026	16.107.816,07	DKK	US46593WAB19	0,14 %	https://pka.dk/ansvarlighed/ansvarlige-investeringer/politikker-og-rapporter
Pensionskassernes Administration a/s	Kaiser aluminum kalu 4.5 06/01/31	2026	5.823.848,53	DKK	US483007AL48	0,05 %	https://pka.dk/ansvarlighed/ansvarlige-investeringer/politikker-og-rapporter
Pensionskassernes Administration a/s	Kaixo bondco tel lorcat 5.125 09/30/29	2026	975.697,01	DKK	XS2397198487	0,01 %	https://pka.dk/ansvarlighed/ansvarlige-investeringer/politikker-og-rapporter
Pensionskassernes Administration a/s	Karoon usa fin karau 10.5 05/14/29	2026	6.478.606,08	DKK	US48575AAA97	0,06 %	https://pka.dk/ansvarlighed/ansvarlige-investeringer/politikker-og-rapporter
Pensionskassernes Administration a/s	Kb home kbh 4.8 11/15/29	2026	22.714.746,05	DKK	US48666KAY55	0,20 %	https://pka.dk/ansvarlighed/ansvarlige-investeringer/politikker-og-rapporter
Pensionskassernes Administration a/s	Kbr inc kbr 4.75 09/30/28	2026	25.398.134,32	DKK	US48242WAC01	0,22 %	https://pka.dk/ansvarlighed/ansvarlige-investeringer/politikker-og-rapporter
Pensionskassernes Administration a/s	Kedrion spa kedrim 6.5 09/01/29	2026	1.526.540,50	DKK	US49272YAB92	0,01 %	https://pka.dk/ansvarlighed/ansvarlige-investeringer/politikker-og-rapporter
Pensionskassernes Administration a/s	Kfc hld/pizza hu yum 4.75 06/01/27	2026	128.753,79	DKK	US48250NAC92	0,00 %	https://pka.dk/ansvarlighed/ansvarlige-investeringer/politikker-og-rapporter
Pensionskassernes Administration a/s	Kioxia holdings kioxia 6.25 07/24/30	2026	18.061.737,40	DKK	US49726JAA60	0,16 %	https://pka.dk/ansvarlighed/ansvarlige-investeringer/politikker-og-rapporter
Pensionskassernes Administration a/s	Kioxia holdings kioxia 6.625 07/24/33	2026	674.625,94	DKK	US49726JAB44	0,01 %	https://pka.dk/ansvarlighed/ansvarlige-investeringer/politikker-og-rapporter
Pensionskassernes Administration a/s	Klabin austria klab 7 04/03/49	2026	1.383.233,51	DKK	US49836AAB08	0,01 %	https://pka.dk/ansvarlighed/ansvarlige-investeringer/politikker-og-rapporter
Pensionskassernes Administration a/s	Kodiak gas servi kgs 5.875 04/01/31	2026	93.487.830,51	DKK	US50012LAF13	0,80 %	https://pka.dk/ansvarlighed/ansvarlige-investeringer/politikker-og-rapporter
Pensionskassernes Administration a/s	Kodiak gas servi kgs 6.5 10/01/33	2026	11.776.812,91	DKK	US50012LAD64	0,10 %	https://pka.dk/ansvarlighed/ansvarlige-investeringer/politikker-og-rapporter
Pensionskassernes Administration a/s	Kodiak gas servi kgs 6.75 10/01/35	2026	660.909,17	DKK	US50012LAE48	0,01 %	https://pka.dk/ansvarlighed/ansvarlige-investeringer/politikker-og-rapporter
Pensionskassernes Administration a/s	Kraft heinz food khc 7.125 08/01/39	2026	18.513.169,35	DKK	US42307TAH14	0,16 %	https://pka.dk/ansvarlighed/ansvarlige-investeringer/politikker-og-rapporter
Pensionskassernes Administration a/s	Kraken oil&gas kraoig 7.125 05/15/31	2026	9.233.564,81	DKK	US50076PAB40	0,08 %	https://pka.dk/ansvarlighed/ansvarlige-investeringer/politikker-og-rapporter
Pensionskassernes Administration a/s	Kraken oil&gas kraoig 7.625 08/15/29	2026	1.832.086,30	DKK	US50076PAA66	0,02 %	https://pka.dk/ansvarlighed/ansvarlige-investeringer/politikker-og-rapporter
Pensionskassernes Administration a/s	Kronos acquisiti kikcn 8.25 06/30/31	2026	549.655,43	DKK	US50106GAG73	0,00 %	https://pka.dk/ansvarlighed/ansvarlige-investeringer/politikker-og-rapporter
Pensionskassernes Administration a/s	Kronos intl inc kro 9.5 03/15/29	2026	50.043.584,21	DKK	XS2763521643	0,43 %	https://pka.dk/ansvarlighed/ansvarlige-investeringer/politikker-og-rapporter
Pensionskassernes Administration a/s	L brands inc bbwi 6.875 11/01/35	2026	2.507.645,15	DKK	US501797AL82	0,02 %	https://pka.dk/ansvarlighed/ansvarlige-investeringer/politikker-og-rapporter
Pensionskassernes Administration a/s	Lamar media corp lamr 3.75 02/15/28	2026	41.940.280,34	DKK	US513075BR18	0,36 %	https://pka.dk/ansvarlighed/ansvarlige-investeringer/politikker-og-rapporter
Pensionskassernes Administration a/s	Lamar media corp lamr 5.375 11/01/33	2026	634.089,42	DKK	US513075CA73	0,01 %	https://pka.dk/ansvarlighed/ansvarlige-investeringer/politikker-og-rapporter
Pensionskassernes Administration a/s	Lamb weston hld lw 4.125 01/31/30	2026	2.706.769,47	DKK	US513272AD65	0,02 %	https://pka.dk/ansvarlighed/ansvarlige-investeringer/politikker-og-rapporter
Pensionskassernes Administration a/s	Lbm acquisitio uslbmh 9.5 06/15/31	2026	543.681,46	DKK	US52109SAB51	0,00 %	https://pka.dk/ansvarlighed/ansvarlige-investeringer/politikker-og-rapporter
Pensionskassernes Administration a/s	Lcm investments magllc 4.875 05/01/29	2026	1.260.907,48	DKK	US50190EAA29	0,01 %	https://pka.dk/ansvarlighed/ansvarlige-investeringer/politikker-og-rapporter
Pensionskassernes Administration a/s	Lcpr sr secured lilapr 5.125 07/15/29	2026	683.527,64	DKK	US50201DAD57	0,01 %	https://pka.dk/ansvarlighed/ansvarlige-investeringer/politikker-og-rapporter
Pensionskassernes Administration a/s	Ld celulose inte lnzav 7.95 01/26/32	2026	1.342.875,46	DKK	US50206BAA08	0,01 %	https://pka.dk/ansvarlighed/ansvarlige-investeringer/politikker-og-rapporter
Pensionskassernes Administration a/s	Level 3 fin inc lvlt 6.875 06/30/33	2026	2.120.117,77	DKK	US527298CM39	0,02 %	https://pka.dk/ansvarlighed/ansvarlige-investeringer/politikker-og-rapporter
Pensionskassernes Administration a/s	Level 3 fin inc lvlt 7 03/31/34	2026	1.863.698,69	DKK	US527298CN12	0,02 %	https://pka.dk/ansvarlighed/ansvarlige-investeringer/politikker-og-rapporter
Pensionskassernes Administration a/s	Level 3 fin inc lvlt 7.5 02/15/37	2026	662.425,46	DKK	US527298CR26	0,01 %	https://pka.dk/ansvarlighed/ansvarlige-investeringer/politikker-og-rapporter
Pensionskassernes Administration a/s	Level 3 fin inc lvlt 8.5 01/15/36	2026	2.645.714,60	DKK	US527298CQ43	0,02 %	https://pka.dk/ansvarlighed/ansvarlige-investeringer/politikker-og-rapporter
Pensionskassernes Administration a/s	Lgi homes inc lgih 4 07/15/29	2026	472.840,32	DKK	US50187TAF30	0,00 %	https://pka.dk/ansvarlighed/ansvarlige-investeringer/politikker-og-rapporter
Pensionskassernes Administration a/s	Lgi homes inc lgih 8.75 12/15/28	2026	3.531.271,56	DKK	US50187TAH95	0,03 %	https://pka.dk/ansvarlighed/ansvarlige-investeringer/politikker-og-rapporter
Pensionskassernes Administration a/s	Liberty mutual libmut 4.3 02/01/61	2026	1.103.984,24	DKK	US53079EBL74	0,01 %	https://pka.dk/ansvarlighed/ansvarlige-investeringer/politikker-og-rapporter
Pensionskassernes Administration a/s	Lifepoint health rgcare 10 06/01/32	2026	990.126,75	DKK	US53219LAX73	0,01 %	https://pka.dk/ansvarlighed/ansvarlige-investeringer/politikker-og-rapporter
Pensionskassernes Administration a/s	Lifepoint health rgcare 5.375 01/15/29	2026	187.146,55	DKK	US53219LAU35	0,00 %	https://pka.dk/ansvarlighed/ansvarlige-investeringer/politikker-og-rapporter
Pensionskassernes Administration a/s	Light & wonder lnw 7.5 09/01/31	2026	1.676.916,85	DKK	US531968AA36	0,01 %	https://pka.dk/ansvarlighed/ansvarlige-investeringer/politikker-og-rapporter
Pensionskassernes Administration a/s	Limak cimento limak 9.75 07/25/29	2026	1.682.169,49	DKK	US53263AAA60	0,01 %	https://pka.dk/ansvarlighed/ansvarlige-investeringer/politikker-og-rapporter
Pensionskassernes Administration a/s	Lindblad expedit lind 7 09/15/30	2026	663.661,27	DKK	US53523LAB62	0,01 %	https://pka.dk/ansvarlighed/ansvarlige-investeringer/politikker-og-rapporter
Pensionskassernes Administration a/s	Lithia motors lad 3.875 06/01/29	2026	1.052.632,59	DKK	US536797AG85	0,01 %	https://pka.dk/ansvarlighed/ansvarlige-investeringer/politikker-og-rapporter
Pensionskassernes Administration a/s	Lottomatica gr ltmcim 4.875 01/31/31	2026	31.224.769,57	DKK	XS3047452316	0,27 %	https://pka.dk/ansvarlighed/ansvarlige-investeringer/politikker-og-rapporter
Pensionskassernes Administration a/s	Loxam sas loxam 4.25 02/15/30	2026	30.605.069,71	DKK	XS2982117694	0,26 %	https://pka.dk/ansvarlighed/ansvarlige-investeringer/politikker-og-rapporter
Pensionskassernes Administration a/s	M/i homes inc mho 4.95 02/01/28	2026	1.157.677,24	DKK	US55305BAS07	0,01 %	https://pka.dk/ansvarlighed/ansvarlige-investeringer/politikker-og-rapporter
Pensionskassernes Administration a/s	Macy's retail m 6.375 03/15/37	2026	3.257.871,68	DKK	US314275AC25	0,03 %	https://pka.dk/ansvarlighed/ansvarlige-investeringer/politikker-og-rapporter
Pensionskassernes Administration a/s	Macy's retail m 6.7 07/15/34	2026	27.620.761,50	DKK	US55617LAL62	0,24 %	https://pka.dk/ansvarlighed/ansvarlige-investeringer/politikker-og-rapporter
Pensionskassernes Administration a/s	Macy's retail m 7.375 08/01/33	2026	1.810.481,38	DKK	US55617LAS16	0,02 %	https://pka.dk/ansvarlighed/ansvarlige-investeringer/politikker-og-rapporter
Pensionskassernes Administration a/s	Magnera corp magn 7.25 11/15/31	2026	2.055.425,20	DKK	US55939AAA51	0,02 %	https://pka.dk/ansvarlighed/ansvarlige-investeringer/politikker-og-rapporter
Pensionskassernes Administration a/s	Magnolia oil mgy 6.875 12/01/32	2026	788.122,46	DKK	US559665AB08	0,01 %	https://pka.dk/ansvarlighed/ansvarlige-investeringer/politikker-og-rapporter
Pensionskassernes Administration a/s	Mahle gmbh mahlgr 2.375 05/14/28	2026	27.620.968,65	DKK	XS2341724172	0,24 %	https://pka.dk/ansvarlighed/ansvarlige-investeringer/politikker-og-rapporter
Pensionskassernes Administration a/s	Main street capi main 6.95 03/01/29	2026	16.899.131,20	DKK	US56035LAH78	0,15 %	https://pka.dk/ansvarlighed/ansvarlige-investeringer/politikker-og-rapporter
Pensionskassernes Administration a/s	Majordrive holdi clucar 6.375 06/01/29	2026	382.775,46	DKK	US56085RAA86	0,00 %	https://pka.dk/ansvarlighed/ansvarlige-investeringer/politikker-og-rapporter
Pensionskassernes Administration a/s	Marb bondco plc mrfgbz 3.95 01/29/31	2026	1.148.042,47	DKK	US566007AC41	0,01 %	https://pka.dk/ansvarlighed/ansvarlige-investeringer/politikker-og-rapporter
Pensionskassernes Administration a/s	Market bidco fin mrwln 8.75 01/31/31	2026	4.590.844,53	DKK	XS3121804135	0,04 %	https://pka.dk/ansvarlighed/ansvarlige-investeringer/politikker-og-rapporter
Pensionskassernes Administration a/s	Marriott ownersh vac 6.5 10/01/33	2026	1.453.502,10	DKK	US57164PAK21	0,01 %	https://pka.dk/ansvarlighed/ansvarlige-investeringer/politikker-og-rapporter
Pensionskassernes Administration a/s	Masterbrand inc masbra 7 07/15/32	2026	639.760,80	DKK	US57638PAA21	0,01 %	https://pka.dk/ansvarlighed/ansvarlige-investeringer/politikker-og-rapporter
Pensionskassernes Administration a/s	Matador resourc mtdr 6 04/15/34	2026	635.462,45	DKK	US576485AJ51	0,01 %	https://pka.dk/ansvarlighed/ansvarlige-investeringer/politikker-og-rapporter
Pensionskassernes Administration a/s	Matador resourc mtdr 6.5 04/15/32	2026	29.295.823,00	DKK	US576485AG13	0,25 %	https://pka.dk/ansvarlighed/ansvarlige-investeringer/politikker-og-rapporter
Pensionskassernes Administration a/s	Match group ii mtchii 4.125 08/01/30	2026	21.585.455,82	DKK	US57665RAL06	0,19 %	https://pka.dk/ansvarlighed/ansvarlige-investeringer/politikker-og-rapporter
Pensionskassernes Administration a/s	Match group ii mtchii 4.625 06/01/28	2026	18.270.747,50	DKK	US57665RAN61	0,16 %	https://pka.dk/ansvarlighed/ansvarlige-investeringer/politikker-og-rapporter
Pensionskassernes Administration a/s	Match group ii mtchii 6.125 09/15/33	2026	632.885,15	DKK	US57667JAC62	0,01 %	https://pka.dk/ansvarlighed/ansvarlige-investeringer/politikker-og-rapporter
Pensionskassernes Administration a/s	Mauser packaging bwy 9.25 04/15/30	2026	3.640.165,86	DKK	US57763RAF47	0,03 %	https://pka.dk/ansvarlighed/ansvarlige-investeringer/politikker-og-rapporter
Pensionskassernes Administration a/s	Mbh bank nyrt mbhban 5.25 01/29/30	2026	1.426.763,07	DKK	XS2978001324	0,01 %	https://pka.dk/ansvarlighed/ansvarlige-investeringer/politikker-og-rapporter
Pensionskassernes Administration a/s	Mcafee corp mcfe 7.375 02/15/30	2026	2.073.822,89	DKK	US579063AB46	0,02 %	https://pka.dk/ansvarlighed/ansvarlige-investeringer/politikker-og-rapporter
Pensionskassernes Administration a/s	Mcgraw-hill ed mhed 8 08/01/29	2026	1.293.073,43	DKK	US57767XAB64	0,01 %	https://pka.dk/ansvarlighed/ansvarlige-investeringer/politikker-og-rapporter
Pensionskassernes Administration a/s	Melco resorts mpel 5.375 12/04/29	2026	1.257.536,36	DKK	US58547DAD12	0,01 %	https://pka.dk/ansvarlighed/ansvarlige-investeringer/politikker-og-rapporter
Pensionskassernes Administration a/s	Melco resorts mpel 5.75 07/21/28	2026	1.281.210,08	DKK	US58547DAE94	0,01 %	https://pka.dk/ansvarlighed/ansvarlige-investeringer/politikker-og-rapporter
Pensionskassernes Administration a/s	Melco resorts mpel 7.625 04/17/32	2026	663.423,91	DKK	US58547DAH26	0,01 %	https://pka.dk/ansvarlighed/ansvarlige-investeringer/politikker-og-rapporter
Pensionskassernes Administration a/s	Men's wearhouse tlrd 9 02/01/31	2026	7.535.310,06	DKK	US587118AF73	0,06 %	https://pka.dk/ansvarlighed/ansvarlige-investeringer/politikker-og-rapporter
Pensionskassernes Administration a/s	Meridian arc hol meridi 6.25 04/30/31	2026	8.617.403,52	DKK	US58990CAA18	0,07 %	https://pka.dk/ansvarlighed/ansvarlige-investeringer/politikker-og-rapporter
Pensionskassernes Administration a/s	Methanex corp mxcn 5.125 10/15/27	2026	26.415.183,03	DKK	US59151KAM09	0,23 %	https://pka.dk/ansvarlighed/ansvarlige-investeringer/politikker-og-rapporter
Pensionskassernes Administration a/s	Methanex corp mxcn 5.25 12/15/29	2026	3.024.757,79	DKK	US59151KAL26	0,03 %	https://pka.dk/ansvarlighed/ansvarlige-investeringer/politikker-og-rapporter
Pensionskassernes Administration a/s	Metlen energy mytil 4 10/17/29	2026	1.486.370,11	DKK	XS2920504292	0,01 %	https://pka.dk/ansvarlighed/ansvarlige-investeringer/politikker-og-rapporter
Pensionskassernes Administration a/s	Metro meogr 4.625 03/07/29	2026	24.542.924,27	DKK	XS2778370051	0,21 %	https://pka.dk/ansvarlighed/ansvarlige-investeringer/politikker-og-rapporter
Pensionskassernes Administration a/s	Metro meogr 5.25 03/05/30	2026	5.759.826,43	DKK	XS3015684361	0,05 %	https://pka.dk/ansvarlighed/ansvarlige-investeringer/politikker-og-rapporter
Pensionskassernes Administration a/s	Metsa board oyj metsa 3.875 05/28/31	2026	24.681.817,38	DKK	FI4000590864	0,21 %	https://pka.dk/ansvarlighed/ansvarlige-investeringer/politikker-og-rapporter
Pensionskassernes Administration a/s	Mgm china holdin mgmchi 7.125 06/26/31	2026	670.353,29	DKK	US55300RAJ05	0,01 %	https://pka.dk/ansvarlighed/ansvarlige-investeringer/politikker-og-rapporter
Pensionskassernes Administration a/s	Mgm resorts mgm 5.5 04/15/27	2026	1.093.595,02	DKK	US552953CF65	0,01 %	https://pka.dk/ansvarlighed/ansvarlige-investeringer/politikker-og-rapporter
Pensionskassernes Administration a/s	Mgm resorts mgm 6.125 09/15/29	2026	32.233.715,86	DKK	US552953CK50	0,28 %	https://pka.dk/ansvarlighed/ansvarlige-investeringer/politikker-og-rapporter
Pensionskassernes Administration a/s	Mgm resorts mgm 6.5 04/15/32	2026	964.178,33	DKK	US552953CJ87	0,01 %	https://pka.dk/ansvarlighed/ansvarlige-investeringer/politikker-og-rapporter
Pensionskassernes Administration a/s	Michaels cos inc mik 11 03/15/34	2026	3.664.807,99	DKK	US59408QAA40	0,03 %	https://pka.dk/ansvarlighed/ansvarlige-investeringer/politikker-og-rapporter
Pensionskassernes Administration a/s	Midas opco hldgs stgw 5.625 08/15/29	2026	29.876.446,42	DKK	US59565JAA97	0,26 %	https://pka.dk/ansvarlighed/ansvarlige-investeringer/politikker-og-rapporter
Pensionskassernes Administration a/s	Midcontinent com midcon 8 08/15/32	2026	1.277.589,64	DKK	US59565XAD21	0,01 %	https://pka.dk/ansvarlighed/ansvarlige-investeringer/politikker-og-rapporter
Pensionskassernes Administration a/s	Millicom intl tigo 4.5 04/27/31	2026	26.431.390,97	DKK	USL6388GHX18	0,23 %	https://pka.dk/ansvarlighed/ansvarlige-investeringer/politikker-og-rapporter
Pensionskassernes Administration a/s	Mineral resource minau 7 04/01/31	2026	90.949.778,81	DKK	US603051AF02	0,78 %	https://pka.dk/ansvarlighed/ansvarlige-investeringer/politikker-og-rapporter
Pensionskassernes Administration a/s	Minerals technol mtx 5 07/01/28	2026	8.445.891,34	DKK	US603158AA41	0,07 %	https://pka.dk/ansvarlighed/ansvarlige-investeringer/politikker-og-rapporter
Pensionskassernes Administration a/s	Minerva lux sa beefbz 4.375 03/18/31	2026	1.608.220,82	DKK	US603374AF69	0,01 %	https://pka.dk/ansvarlighed/ansvarlige-investeringer/politikker-og-rapporter
Pensionskassernes Administration a/s	Minerva merger athena 6.5 02/15/30	2026	1.252.399,56	DKK	US60337JAA43	0,01 %	https://pka.dk/ansvarlighed/ansvarlige-investeringer/politikker-og-rapporter
Pensionskassernes Administration a/s	Minsur sa minsur 4.5 10/28/31	2026	1.226.644,25	DKK	US60447KAB61	0,01 %	https://pka.dk/ansvarlighed/ansvarlige-investeringer/politikker-og-rapporter
Pensionskassernes Administration a/s	Miwd hld/miwd fi miwido 5.5 02/01/30	2026	739.355,81	DKK	US55337PAA03	0,01 %	https://pka.dk/ansvarlighed/ansvarlige-investeringer/politikker-og-rapporter
Pensionskassernes Administration a/s	Mks inc mksi 4.25 02/15/34	2026	28.438.467,66	DKK	XS3281721863	0,24 %	https://pka.dk/ansvarlighed/ansvarlige-investeringer/politikker-og-rapporter
Pensionskassernes Administration a/s	Mobilux finance moblux 4.25 07/15/28	2026	967.438,85	DKK	XS2357737910	0,01 %	https://pka.dk/ansvarlighed/ansvarlige-investeringer/politikker-og-rapporter
Pensionskassernes Administration a/s	Molina healthcar moh 3.875 11/15/30	2026	2.023.924,08	DKK	US60855RAK68	0,02 %	https://pka.dk/ansvarlighed/ansvarlige-investeringer/politikker-og-rapporter
Pensionskassernes Administration a/s	Moog inc moga 5.5 10/15/34	2026	638.942,53	DKK	US615394AP83	0,01 %	https://pka.dk/ansvarlighed/ansvarlige-investeringer/politikker-og-rapporter
Pensionskassernes Administration a/s	Moss creek res msscrk 8.25 09/01/31	2026	8.958.405,16	DKK	US61965RAC97	0,08 %	https://pka.dk/ansvarlighed/ansvarlige-investeringer/politikker-og-rapporter
Pensionskassernes Administration a/s	Mpt op ptnr/finl mpw 3.692 06/05/28	2026	36.078.018,67	DKK	XS2085724156	0,31 %	https://pka.dk/ansvarlighed/ansvarlige-investeringer/politikker-og-rapporter
Pensionskassernes Administration a/s	Mpt op ptnr/finl mpw 4.625 08/01/29	2026	44.552.316,38	DKK	US55342UAJ34	0,38 %	https://pka.dk/ansvarlighed/ansvarlige-investeringer/politikker-og-rapporter
Pensionskassernes Administration a/s	Mpt op ptnr/finl mpw 5 10/15/27	2026	2.581.333,82	DKK	US55342UAH77	0,02 %	https://pka.dk/ansvarlighed/ansvarlige-investeringer/politikker-og-rapporter
Pensionskassernes Administration a/s	Mpt op ptnr/finl mpw 7 02/15/32	2026	1.811.640,14	DKK	XS2997159491	0,02 %	https://pka.dk/ansvarlighed/ansvarlige-investeringer/politikker-og-rapporter
Pensionskassernes Administration a/s	Mpt op ptnr/finl mpw 8.5 02/15/32	2026	669.502,59	DKK	US55342UAQ76	0,01 %	https://pka.dk/ansvarlighed/ansvarlige-investeringer/politikker-og-rapporter
Pensionskassernes Administration a/s	Mueller water mwa 4 06/15/29	2026	46.658.741,37	DKK	US624758AF53	0,40 %	https://pka.dk/ansvarlighed/ansvarlige-investeringer/politikker-og-rapporter
Pensionskassernes Administration a/s	Mundys spa atlim 3.7 09/29/31	2026	33.847.088,18	DKK	XS3192254632	0,29 %	https://pka.dk/ansvarlighed/ansvarlige-investeringer/politikker-og-rapporter
Pensionskassernes Administration a/s	Murphy oil usa musa 3.75 02/15/31	2026	3.591.001,69	DKK	US626738AF53	0,03 %	https://pka.dk/ansvarlighed/ansvarlige-investeringer/politikker-og-rapporter
Pensionskassernes Administration a/s	Nassau companies nassau 7.875 07/15/30	2026	7.395.108,51	DKK	US63155AAA60	0,06 %	https://pka.dk/ansvarlighed/ansvarlige-investeringer/politikker-og-rapporter
Pensionskassernes Administration a/s	Natl mentor hldg mentor 10.5 12/15/30	2026	2.840.208,97	DKK	US63688RAF47	0,02 %	https://pka.dk/ansvarlighed/ansvarlige-investeringer/politikker-og-rapporter
Pensionskassernes Administration a/s	Navient corp navi 11.5 03/15/31	2026	22.822.489,39	DKK	US63938CAP32	0,20 %	https://pka.dk/ansvarlighed/ansvarlige-investeringer/politikker-og-rapporter
Pensionskassernes Administration a/s	Navient corp navi 5.5 03/15/29	2026	172.699,32	DKK	US63938CAM01	0,00 %	https://pka.dk/ansvarlighed/ansvarlige-investeringer/politikker-og-rapporter
Pensionskassernes Administration a/s	Navient corp navi 7.875 06/15/32	2026	2.517.239,34	DKK	US63938CAQ15	0,02 %	https://pka.dk/ansvarlighed/ansvarlige-investeringer/politikker-og-rapporter
Pensionskassernes Administration a/s	Navient corp navi 9.375 07/25/30	2026	19.900.876,17	DKK	US63938CAN83	0,17 %	https://pka.dk/ansvarlighed/ansvarlige-investeringer/politikker-og-rapporter
Pensionskassernes Administration a/s	Ncl corp nclh 5.875 01/15/31	2026	620.473,62	DKK	US62886HBY62	0,01 %	https://pka.dk/ansvarlighed/ansvarlige-investeringer/politikker-og-rapporter
Pensionskassernes Administration a/s	Ncl corp nclh 6.75 02/01/32	2026	634.557,04	DKK	US62886HBR12	0,01 %	https://pka.dk/ansvarlighed/ansvarlige-investeringer/politikker-og-rapporter
Pensionskassernes Administration a/s	Ncl fin ltd nclh 6.125 03/15/28	2026	913.032,13	DKK	US62888HAA77	0,01 %	https://pka.dk/ansvarlighed/ansvarlige-investeringer/politikker-og-rapporter
Pensionskassernes Administration a/s	Ncr atleos llc ncratl 9.5 04/01/29	2026	2.271.760,80	DKK	US638962AA84	0,02 %	https://pka.dk/ansvarlighed/ansvarlige-investeringer/politikker-og-rapporter
Pensionskassernes Administration a/s	Nemak sab de cv tnemak 2.25 07/20/28	2026	8.881.382,21	DKK	XS2362994068	0,08 %	https://pka.dk/ansvarlighed/ansvarlige-investeringer/politikker-og-rapporter
Pensionskassernes Administration a/s	Neptune bidco us nlsn 10.375 05/15/31	2026	1.681.202,95	DKK	US640695AC66	0,01 %	https://pka.dk/ansvarlighed/ansvarlige-investeringer/politikker-og-rapporter
Pensionskassernes Administration a/s	Neptune bidco us nlsn 9.29 04/15/29	2026	3.419.396,78	DKK	US640695AA01	0,03 %	https://pka.dk/ansvarlighed/ansvarlige-investeringer/politikker-og-rapporter
Pensionskassernes Administration a/s	Neptune bidco us nlsn 9.5 02/15/33	2026	726.217,41	DKK	US640695AD40	0,01 %	https://pka.dk/ansvarlighed/ansvarlige-investeringer/politikker-og-rapporter
Pensionskassernes Administration a/s	Nesco holdings nsco 5.5 04/15/29	2026	963.773,94	DKK	US64083YAA91	0,01 %	https://pka.dk/ansvarlighed/ansvarlige-investeringer/politikker-og-rapporter
Pensionskassernes Administration a/s	New immo holding nimmoh 6 03/22/29	2026	19.245.951,67	DKK	FR001400KWR6	0,17 %	https://pka.dk/ansvarlighed/ansvarlige-investeringer/politikker-og-rapporter
Pensionskassernes Administration a/s	Newell brands i nwl 6.375 05/15/30	2026	34.867.496,69	DKK	US651229BF23	0,30 %	https://pka.dk/ansvarlighed/ansvarlige-investeringer/politikker-og-rapporter
Pensionskassernes Administration a/s	Newell brands i nwl 6.375 09/15/27	2026	2.598.375,15	DKK	US651229BC91	0,02 %	https://pka.dk/ansvarlighed/ansvarlige-investeringer/politikker-og-rapporter
Pensionskassernes Administration a/s	Newell brands i nwl 6.625 05/15/32	2026	2.059.671,54	DKK	US651229BE57	0,02 %	https://pka.dk/ansvarlighed/ansvarlige-investeringer/politikker-og-rapporter
Pensionskassernes Administration a/s	News corp nwsa 3.875 05/15/29	2026	12.757.499,91	DKK	US65249BAA70	0,11 %	https://pka.dk/ansvarlighed/ansvarlige-investeringer/politikker-og-rapporter
Pensionskassernes Administration a/s	News corp nwsa 5.125 02/15/32	2026	7.085.500,15	DKK	US65249BAB53	0,06 %	https://pka.dk/ansvarlighed/ansvarlige-investeringer/politikker-og-rapporter
Pensionskassernes Administration a/s	Nexstar broadc nxst 4.75 11/01/28	2026	1.585.269,04	DKK	US65336YAN31	0,01 %	https://pka.dk/ansvarlighed/ansvarlige-investeringer/politikker-og-rapporter
Pensionskassernes Administration a/s	Ngl en op/fin ngl 8.125 02/15/29	2026	1.471.895,01	DKK	US62922LAC28	0,01 %	https://pka.dk/ansvarlighed/ansvarlige-investeringer/politikker-og-rapporter
Pensionskassernes Administration a/s	Ngl en op/fin ngl 8.375 02/15/32	2026	74.032.841,84	DKK	US62922LAD01	0,64 %	https://pka.dk/ansvarlighed/ansvarlige-investeringer/politikker-og-rapporter
Pensionskassernes Administration a/s	Nickel industr nicau 9 09/30/30	2026	8.145.422,42	DKK	US653890AB97	0,07 %	https://pka.dk/ansvarlighed/ansvarlige-investeringer/politikker-og-rapporter
Pensionskassernes Administration a/s	Nidda healthcare sazgr 5.625 02/21/30	2026	1.599.385,11	DKK	XS2920589699	0,01 %	https://pka.dk/ansvarlighed/ansvarlige-investeringer/politikker-og-rapporter
Pensionskassernes Administration a/s	Nissan motor acc nsany 7.05 09/15/28	2026	3.233.253,25	DKK	US65480CAF23	0,03 %	https://pka.dk/ansvarlighed/ansvarlige-investeringer/politikker-og-rapporter
Pensionskassernes Administration a/s	Nissan motor co nsany 6.375 07/17/33	2026	3.376.013,48	DKK	XS2999659886	0,03 %	https://pka.dk/ansvarlighed/ansvarlige-investeringer/politikker-og-rapporter
Pensionskassernes Administration a/s	Nissan motor co nsany 7.5 07/17/30	2026	1.333.009,08	DKK	US654922AB97	0,01 %	https://pka.dk/ansvarlighed/ansvarlige-investeringer/politikker-og-rapporter
Pensionskassernes Administration a/s	Nomad foods bond igbond 2.5 06/24/28	2026	1.453.653,29	DKK	XS2355604880	0,01 %	https://pka.dk/ansvarlighed/ansvarlige-investeringer/politikker-og-rapporter
Pensionskassernes Administration a/s	Nordstrom inc jwn 4.375 04/01/30	2026	1.173.415,95	DKK	US655664AT70	0,01 %	https://pka.dk/ansvarlighed/ansvarlige-investeringer/politikker-og-rapporter
Pensionskassernes Administration a/s	Nordstrom inc jwn 5 01/15/44	2026	2.429.337,67	DKK	US655664AR15	0,02 %	https://pka.dk/ansvarlighed/ansvarlige-investeringer/politikker-og-rapporter
Pensionskassernes Administration a/s	Northern oil nog 7.875 10/15/33	2026	654.686,92	DKK	US665531AL37	0,01 %	https://pka.dk/ansvarlighed/ansvarlige-investeringer/politikker-og-rapporter
Pensionskassernes Administration a/s	Northern oil nog 8.75 06/15/31	2026	2.403.642,53	DKK	US665530AB71	0,02 %	https://pka.dk/ansvarlighed/ansvarlige-investeringer/politikker-og-rapporter
Pensionskassernes Administration a/s	Novelis corp hndlin 4.75 01/30/30	2026	3.041.939,28	DKK	US670001AE60	0,03 %	https://pka.dk/ansvarlighed/ansvarlige-investeringer/politikker-og-rapporter
Pensionskassernes Administration a/s	Nufarm au ltd/am nufau 5 01/27/30	2026	11.980.117,84	DKK	US67052NAB10	0,10 %	https://pka.dk/ansvarlighed/ansvarlige-investeringer/politikker-og-rapporter
Pensionskassernes Administration a/s	Nustar logistics nsus 6.375 10/01/30	2026	2.728.098,47	DKK	US67059TAH86	0,02 %	https://pka.dk/ansvarlighed/ansvarlige-investeringer/politikker-og-rapporter
Pensionskassernes Administration a/s	Oak-eagle acquir ea 7.25 07/01/33	2026	671.047,88	DKK	US67124CAA18	0,01 %	https://pka.dk/ansvarlighed/ansvarlige-investeringer/politikker-og-rapporter
Pensionskassernes Administration a/s	Oaktree special ocsl 6.34 02/27/30	2026	8.221.361,11	DKK	US67401PAE88	0,07 %	https://pka.dk/ansvarlighed/ansvarlige-investeringer/politikker-og-rapporter
Pensionskassernes Administration a/s	Occidental pete oxy 4.625 06/15/45	2026	10.796.672,30	DKK	US674599CF00	0,09 %	https://pka.dk/ansvarlighed/ansvarlige-investeringer/politikker-og-rapporter
Pensionskassernes Administration a/s	Occidental pete oxy 6.125 01/01/31	2026	30.149.503,64	DKK	US674599EF81	0,26 %	https://pka.dk/ansvarlighed/ansvarlige-investeringer/politikker-og-rapporter
Pensionskassernes Administration a/s	Occidental pete oxy 7.95 06/15/39	2026	15.349.385,08	DKK	US674599DH56	0,13 %	https://pka.dk/ansvarlighed/ansvarlige-investeringer/politikker-og-rapporter
Pensionskassernes Administration a/s	Oi european grp oi 5.25 06/01/29	2026	833.866,10	DKK	XS2825597656	0,01 %	https://pka.dk/ansvarlighed/ansvarlige-investeringer/politikker-og-rapporter
Pensionskassernes Administration a/s	Olin corp oln 5 02/01/30	2026	27.364.748,51	DKK	US680665AK27	0,24 %	https://pka.dk/ansvarlighed/ansvarlige-investeringer/politikker-og-rapporter
Pensionskassernes Administration a/s	Olin corp oln 5.625 08/01/29	2026	894.481,24	DKK	US680665AL00	0,01 %	https://pka.dk/ansvarlighed/ansvarlige-investeringer/politikker-og-rapporter
Pensionskassernes Administration a/s	Olin corp oln 6.625 04/01/33	2026	1.915.331,22	DKK	US680665AN65	0,02 %	https://pka.dk/ansvarlighed/ansvarlige-investeringer/politikker-og-rapporter
Pensionskassernes Administration a/s	Olympus wtr hldg solein 4.25 10/01/28	2026	1.440.795,89	DKK	US681639AA87	0,01 %	https://pka.dk/ansvarlighed/ansvarlige-investeringer/politikker-og-rapporter
Pensionskassernes Administration a/s	Olympus wtr hldg solein 6.125 02/15/33	2026	2.705.862,57	DKK	XS3193933663	0,02 %	https://pka.dk/ansvarlighed/ansvarlige-investeringer/politikker-og-rapporter
Pensionskassernes Administration a/s	On semiconductor on 3.875 09/01/28	2026	60.510.057,01	DKK	US682189AQ81	0,52 %	https://pka.dk/ansvarlighed/ansvarlige-investeringer/politikker-og-rapporter
Pensionskassernes Administration a/s	Onemain finance omf 4 09/15/30	2026	1.421.380,31	DKK	US682691AA80	0,01 %	https://pka.dk/ansvarlighed/ansvarlige-investeringer/politikker-og-rapporter
Pensionskassernes Administration a/s	Onemain finance omf 6.125 05/15/30	2026	640.988,91	DKK	US682691AL46	0,01 %	https://pka.dk/ansvarlighed/ansvarlige-investeringer/politikker-og-rapporter
Pensionskassernes Administration a/s	Onemain finance omf 6.5 03/15/33	2026	627.610,47	DKK	US682691AM29	0,01 %	https://pka.dk/ansvarlighed/ansvarlige-investeringer/politikker-og-rapporter
Pensionskassernes Administration a/s	Onemain finance omf 6.625 05/15/29	2026	653.678,91	DKK	US682691AH34	0,01 %	https://pka.dk/ansvarlighed/ansvarlige-investeringer/politikker-og-rapporter
Pensionskassernes Administration a/s	Onemain finance omf 6.75 09/15/33	2026	630.720,17	DKK	US682691AN02	0,01 %	https://pka.dk/ansvarlighed/ansvarlige-investeringer/politikker-og-rapporter
Pensionskassernes Administration a/s	Onemain finance omf 7.5 05/15/31	2026	662.496,83	DKK	US682691AF77	0,01 %	https://pka.dk/ansvarlighed/ansvarlige-investeringer/politikker-og-rapporter
Pensionskassernes Administration a/s	Onemain finance omf 7.875 03/15/30	2026	669.463,36	DKK	US682691AE03	0,01 %	https://pka.dk/ansvarlighed/ansvarlige-investeringer/politikker-og-rapporter
Pensionskassernes Administration a/s	Oneok inc oke 6.4 05/01/37	2026	11.361.930,95	DKK	US682680BT99	0,10 %	https://pka.dk/ansvarlighed/ansvarlige-investeringer/politikker-og-rapporter
Pensionskassernes Administration a/s	Opal bidco sas opalbd 5.5 03/31/32	2026	767.354,79	DKK	XS3037643304	0,01 %	https://pka.dk/ansvarlighed/ansvarlige-investeringer/politikker-og-rapporter
Pensionskassernes Administration a/s	Open text corp otexcn 3.875 12/01/29	2026	32.596.220,25	DKK	US683715AD87	0,28 %	https://pka.dk/ansvarlighed/ansvarlige-investeringer/politikker-og-rapporter
Pensionskassernes Administration a/s	Open text inc otexcn 4.125 02/15/30	2026	2.979.376,34	DKK	US683720AA42	0,03 %	https://pka.dk/ansvarlighed/ansvarlige-investeringer/politikker-og-rapporter
Pensionskassernes Administration a/s	Opmobility opmfp 4.875 03/13/29	2026	26.842.876,66	DKK	FR001400OLD1	0,23 %	https://pka.dk/ansvarlighed/ansvarlige-investeringer/politikker-og-rapporter
Pensionskassernes Administration a/s	Orbia advance orbia 2.875 05/11/31	2026	10.826.882,64	DKK	USP7S81YAC93	0,09 %	https://pka.dk/ansvarlighed/ansvarlige-investeringer/politikker-og-rapporter
Pensionskassernes Administration a/s	Orbia advance orbia 6.8 05/13/30	2026	913.032,13	DKK	US68560EAC21	0,01 %	https://pka.dk/ansvarlighed/ansvarlige-investeringer/politikker-og-rapporter
Pensionskassernes Administration a/s	Orbia advance orbia 6.8 05/13/30	2026	27.977.906,39	DKK	USP7S81YBJ38	0,24 %	https://pka.dk/ansvarlighed/ansvarlige-investeringer/politikker-og-rapporter
Pensionskassernes Administration a/s	Organon & co/org ogn 7.875 05/15/34	2026	3.723.745,86	DKK	US68622FAB76	0,03 %	https://pka.dk/ansvarlighed/ansvarlige-investeringer/politikker-og-rapporter
Pensionskassernes Administration a/s	Osaic holdings advgro 6.75 08/01/32	2026	10.285.611,78	DKK	US00791GAB32	0,09 %	https://pka.dk/ansvarlighed/ansvarlige-investeringer/politikker-og-rapporter
Pensionskassernes Administration a/s	Osaic holdings advgro 8 08/01/33	2026	651.807,40	DKK	US00791GAC15	0,01 %	https://pka.dk/ansvarlighed/ansvarlige-investeringer/politikker-og-rapporter
Pensionskassernes Administration a/s	Oscar acqco llc obebld 9.5 04/15/30	2026	79.771,68	DKK	US687785AB10	0,00 %	https://pka.dk/ansvarlighed/ansvarlige-investeringer/politikker-og-rapporter
Pensionskassernes Administration a/s	Outfront media c out 4.25 01/15/29	2026	1.001.210,03	DKK	US69007TAE47	0,01 %	https://pka.dk/ansvarlighed/ansvarlige-investeringer/politikker-og-rapporter
Pensionskassernes Administration a/s	Oztel hldg spc otelom 6.625 04/24/28	2026	5.503.615,01	DKK	US692733AB47	0,05 %	https://pka.dk/ansvarlighed/ansvarlige-investeringer/politikker-og-rapporter
Pensionskassernes Administration a/s	Pacific ntnl fin pnhau 3.7 09/24/29	2026	3.307.866,01	DKK	AU3CB0266906	0,03 %	https://pka.dk/ansvarlighed/ansvarlige-investeringer/politikker-og-rapporter
Pensionskassernes Administration a/s	Pacific ntnl fin pnhau 4.75 03/22/28	2026	20.968.224,12	DKK	XS1794216660	0,18 %	https://pka.dk/ansvarlighed/ansvarlige-investeringer/politikker-og-rapporter
Pensionskassernes Administration a/s	Pacific ntnl fin pnhau 5.4 05/12/27	2026	914.700,42	DKK	AU3CB0244325	0,01 %	https://pka.dk/ansvarlighed/ansvarlige-investeringer/politikker-og-rapporter
Pensionskassernes Administration a/s	Par petroleum parr 7.375 06/01/34	2026	658.300,49	DKK	US70178JAB35	0,01 %	https://pka.dk/ansvarlighed/ansvarlige-investeringer/politikker-og-rapporter
Pensionskassernes Administration a/s	Paramount glob para 7.875 07/30/30	2026	2.906.238,02	DKK	US925524AH30	0,02 %	https://pka.dk/ansvarlighed/ansvarlige-investeringer/politikker-og-rapporter
Pensionskassernes Administration a/s	Park intermed hl pk 4.875 05/15/29	2026	1.943.392,13	DKK	US70052LAC72	0,02 %	https://pka.dk/ansvarlighed/ansvarlige-investeringer/politikker-og-rapporter
Pensionskassernes Administration a/s	Park intermed hl pk 7 02/01/30	2026	660.207,26	DKK	US70052LAD55	0,01 %	https://pka.dk/ansvarlighed/ansvarlige-investeringer/politikker-og-rapporter
Pensionskassernes Administration a/s	Park river hold primbp 8 03/15/31	2026	649.880,75	DKK	US70082LAC19	0,01 %	https://pka.dk/ansvarlighed/ansvarlige-investeringer/politikker-og-rapporter
Pensionskassernes Administration a/s	Park river hold primbp 8.75 12/31/30	2026	625.030,33	DKK	US70082LAD91	0,01 %	https://pka.dk/ansvarlighed/ansvarlige-investeringer/politikker-og-rapporter
Pensionskassernes Administration a/s	Park-ohio indust pkoh 8.5 08/01/30	2026	674.119,76	DKK	US700677AS62	0,01 %	https://pka.dk/ansvarlighed/ansvarlige-investeringer/politikker-og-rapporter
Pensionskassernes Administration a/s	Patrick inds inc patk 4.75 05/01/29	2026	20.447.926,20	DKK	US703343AD59	0,18 %	https://pka.dk/ansvarlighed/ansvarlige-investeringer/politikker-og-rapporter
Pensionskassernes Administration a/s	Patrick inds inc patk 6.375 11/01/32	2026	642.634,72	DKK	US703343AH63	0,01 %	https://pka.dk/ansvarlighed/ansvarlige-investeringer/politikker-og-rapporter
Pensionskassernes Administration a/s	Pebblebr htl/fin peb 6.375 10/15/29	2026	655.868,10	DKK	US70510LAA70	0,01 %	https://pka.dk/ansvarlighed/ansvarlige-investeringer/politikker-og-rapporter
Pensionskassernes Administration a/s	Penn entrtmt inc penn 6.75 04/01/31	2026	640.236,93	DKK	US707569AY52	0,01 %	https://pka.dk/ansvarlighed/ansvarlige-investeringer/politikker-og-rapporter
Pensionskassernes Administration a/s	Pennymac fin svc pfsi 5.75 09/15/31	2026	1.269.913,96	DKK	US70932MAC10	0,01 %	https://pka.dk/ansvarlighed/ansvarlige-investeringer/politikker-og-rapporter
Pensionskassernes Administration a/s	Pennymac fin svc pfsi 6.75 02/15/34	2026	615.719,91	DKK	US70932MAH07	0,01 %	https://pka.dk/ansvarlighed/ansvarlige-investeringer/politikker-og-rapporter
Pensionskassernes Administration a/s	Pennymac fin svc pfsi 6.875 02/15/33	2026	624.827,88	DKK	US70932MAF41	0,01 %	https://pka.dk/ansvarlighed/ansvarlige-investeringer/politikker-og-rapporter
Pensionskassernes Administration a/s	Pennymac fin svc pfsi 6.875 05/15/32	2026	629.279,44	DKK	US70932MAG24	0,01 %	https://pka.dk/ansvarlighed/ansvarlige-investeringer/politikker-og-rapporter
Pensionskassernes Administration a/s	Pennymac fin svc pfsi 7.875 12/15/29	2026	1.668.944,55	DKK	US70932MAD92	0,01 %	https://pka.dk/ansvarlighed/ansvarlige-investeringer/politikker-og-rapporter
Pensionskassernes Administration a/s	Penske auto grp pag 3.75 06/15/29	2026	554.105,50	DKK	US70959WAK99	0,00 %	https://pka.dk/ansvarlighed/ansvarlige-investeringer/politikker-og-rapporter
Pensionskassernes Administration a/s	Perenti finance aslau 7.5 04/26/29	2026	24.524.834,88	DKK	USQ7390AAB81	0,21 %	https://pka.dk/ansvarlighed/ansvarlige-investeringer/politikker-og-rapporter
Pensionskassernes Administration a/s	Performance food pfgc 4.25 08/01/29	2026	1.054.936,36	DKK	US71376LAE02	0,01 %	https://pka.dk/ansvarlighed/ansvarlige-investeringer/politikker-og-rapporter
Pensionskassernes Administration a/s	Performance food pfgc 6.125 09/15/32	2026	1.627.111,01	DKK	US71376LAF76	0,01 %	https://pka.dk/ansvarlighed/ansvarlige-investeringer/politikker-og-rapporter
Pensionskassernes Administration a/s	Perrigo finance prgo 6.125 09/30/32	2026	1.290.207,74	DKK	US71429MAD74	0,01 %	https://pka.dk/ansvarlighed/ansvarlige-investeringer/politikker-og-rapporter
Pensionskassernes Administration a/s	Petco health & w woof 8.25 02/01/31	2026	645.735,08	DKK	US71601VAA35	0,01 %	https://pka.dk/ansvarlighed/ansvarlige-investeringer/politikker-og-rapporter
Pensionskassernes Administration a/s	Petsmart llc/pe petm 10 09/15/33	2026	1.363.622,80	DKK	US71677KAD00	0,01 %	https://pka.dk/ansvarlighed/ansvarlige-investeringer/politikker-og-rapporter
Pensionskassernes Administration a/s	Petsmart llc/pe petm 7.5 09/15/32	2026	12.490.798,19	DKK	US71677KAC27	0,11 %	https://pka.dk/ansvarlighed/ansvarlige-investeringer/politikker-og-rapporter
Pensionskassernes Administration a/s	Pg&e corp pcg 5 07/01/28	2026	576.544,61	DKK	US69331CAH16	0,00 %	https://pka.dk/ansvarlighed/ansvarlige-investeringer/politikker-og-rapporter
Pensionskassernes Administration a/s	Pg&e corp pcg 5.25 07/01/30	2026	5.156.021,86	DKK	US69331CAJ71	0,04 %	https://pka.dk/ansvarlighed/ansvarlige-investeringer/politikker-og-rapporter
Pensionskassernes Administration a/s	Phh escrow iss l phhesc 9.875 11/01/29	2026	948.083,36	DKK	US716964AA94	0,01 %	https://pka.dk/ansvarlighed/ansvarlige-investeringer/politikker-og-rapporter
Pensionskassernes Administration a/s	Phinia inc phin 6.625 10/15/32	2026	657.956,86	DKK	US71880KAB70	0,01 %	https://pka.dk/ansvarlighed/ansvarlige-investeringer/politikker-og-rapporter
Pensionskassernes Administration a/s	Phinia inc phin 6.75 04/15/29	2026	29.313.198,08	DKK	US71880KAA97	0,25 %	https://pka.dk/ansvarlighed/ansvarlige-investeringer/politikker-og-rapporter
Pensionskassernes Administration a/s	Picard groupe picsur 6.375 07/01/29	2026	1.008.825,62	DKK	XS2852970016	0,01 %	https://pka.dk/ansvarlighed/ansvarlige-investeringer/politikker-og-rapporter
Pensionskassernes Administration a/s	Pioneer opco llc venres 7 05/15/33	2026	2.344.753,76	DKK	US72382NAA46	0,02 %	https://pka.dk/ansvarlighed/ansvarlige-investeringer/politikker-og-rapporter
Pensionskassernes Administration a/s	Pitney bowes inc pbi 7.25 03/15/29	2026	26.974.618,04	DKK	US724479AQ31	0,23 %	https://pka.dk/ansvarlighed/ansvarlige-investeringer/politikker-og-rapporter
Pensionskassernes Administration a/s	Planet financial plnfin 10.5 12/15/29	2026	1.291.534,65	DKK	US72702AAA51	0,01 %	https://pka.dk/ansvarlighed/ansvarlige-investeringer/politikker-og-rapporter
Pensionskassernes Administration a/s	Playtech plc ptecln 5.875 06/28/28	2026	18.921.187,29	DKK	XS2641928036	0,16 %	https://pka.dk/ansvarlighed/ansvarlige-investeringer/politikker-og-rapporter
Pensionskassernes Administration a/s	Pls group plsau 6.875 05/01/31	2026	34.927.317,89	DKK	US69393GAA22	0,30 %	https://pka.dk/ansvarlighed/ansvarlige-investeringer/politikker-og-rapporter
Pensionskassernes Administration a/s	Pm general purch amgene 9.5 10/01/28	2026	227.890,97	DKK	US69356MAA45	0,00 %	https://pka.dk/ansvarlighed/ansvarlige-investeringer/politikker-og-rapporter
Pensionskassernes Administration a/s	Post holdings in post 4.5 09/15/31	2026	33.982.151,50	DKK	US737446AR57	0,29 %	https://pka.dk/ansvarlighed/ansvarlige-investeringer/politikker-og-rapporter
Pensionskassernes Administration a/s	Post holdings in post 4.625 04/15/30	2026	29.179.328,69	DKK	US737446AQ74	0,25 %	https://pka.dk/ansvarlighed/ansvarlige-investeringer/politikker-og-rapporter
Pensionskassernes Administration a/s	Post holdings in post 6.25 10/15/34	2026	635.447,95	DKK	US737446AX26	0,01 %	https://pka.dk/ansvarlighed/ansvarlige-investeringer/politikker-og-rapporter
Pensionskassernes Administration a/s	Post holdings in post 6.375 03/01/33	2026	641.166,41	DKK	US737446AV69	0,01 %	https://pka.dk/ansvarlighed/ansvarlige-investeringer/politikker-og-rapporter
Pensionskassernes Administration a/s	Pra group inc praa 5 10/01/29	2026	5.517.595,97	DKK	US69354NAD84	0,05 %	https://pka.dk/ansvarlighed/ansvarlige-investeringer/politikker-og-rapporter
Pensionskassernes Administration a/s	Pra group inc praa 8.375 02/01/28	2026	261.835,16	DKK	US69354NAE67	0,00 %	https://pka.dk/ansvarlighed/ansvarlige-investeringer/politikker-og-rapporter
Pensionskassernes Administration a/s	Pra group inc praa 8.875 01/31/30	2026	20.927.937,76	DKK	US69354NAF33	0,18 %	https://pka.dk/ansvarlighed/ansvarlige-investeringer/politikker-og-rapporter
Pensionskassernes Administration a/s	Premier entertai baly 5.875 09/01/31	2026	208.435,72	DKK	US74052HAB06	0,00 %	https://pka.dk/ansvarlighed/ansvarlige-investeringer/politikker-og-rapporter
Pensionskassernes Administration a/s	Prime healthcare prihea 9.375 09/01/29	2026	10.890.246,55	DKK	US74165HAC25	0,09 %	https://pka.dk/ansvarlighed/ansvarlige-investeringer/politikker-og-rapporter
Pensionskassernes Administration a/s	Prio lux hld priobz 6.75 10/15/30	2026	7.020.953,98	DKK	US74259PAA57	0,06 %	https://pka.dk/ansvarlighed/ansvarlige-investeringer/politikker-og-rapporter
Pensionskassernes Administration a/s	Prog holdings prg 6 11/15/29	2026	33.567.769,10	DKK	US74319RAA95	0,29 %	https://pka.dk/ansvarlighed/ansvarlige-investeringer/politikker-og-rapporter
Pensionskassernes Administration a/s	Project grand uk purgro 9 06/01/29	2026	7.488.332,48	DKK	XS2848791989	0,06 %	https://pka.dk/ansvarlighed/ansvarlige-investeringer/politikker-og-rapporter
Pensionskassernes Administration a/s	Prosus nv prxna 3.68 01/21/30	2026	4.637.914,41	DKK	USN7163RAA16	0,04 %	https://pka.dk/ansvarlighed/ansvarlige-investeringer/politikker-og-rapporter
Pensionskassernes Administration a/s	Ptc inc ptc 4 02/15/28	2026	7.287.208,86	DKK	US69370CAC47	0,06 %	https://pka.dk/ansvarlighed/ansvarlige-investeringer/politikker-og-rapporter
Pensionskassernes Administration a/s	Puma internation pumafn 7.75 04/25/29	2026	25.175.313,17	DKK	XS2801333530	0,22 %	https://pka.dk/ansvarlighed/ansvarlige-investeringer/politikker-og-rapporter
Pensionskassernes Administration a/s	Qnity electronic qntele 5.75 08/15/32	2026	647.728,10	DKK	US74743LAA89	0,01 %	https://pka.dk/ansvarlighed/ansvarlige-investeringer/politikker-og-rapporter
Pensionskassernes Administration a/s	Qnity electronic qntele 6.25 08/15/33	2026	656.336,91	DKK	US74743LAB62	0,01 %	https://pka.dk/ansvarlighed/ansvarlige-investeringer/politikker-og-rapporter
Pensionskassernes Administration a/s	Qorvo inc qrvo 3.375 04/01/31	2026	20.133.489,47	DKK	US74736KAJ07	0,17 %	https://pka.dk/ansvarlighed/ansvarlige-investeringer/politikker-og-rapporter
Pensionskassernes Administration a/s	Q-park holding qparkh 5.125 02/15/30	2026	1.676.384,52	DKK	XS2848642984	0,01 %	https://pka.dk/ansvarlighed/ansvarlige-investeringer/politikker-og-rapporter
Pensionskassernes Administration a/s	Quicken loans rkt 3.625 03/01/29	2026	1.544.658,46	DKK	US74841CAA99	0,01 %	https://pka.dk/ansvarlighed/ansvarlige-investeringer/politikker-og-rapporter
Pensionskassernes Administration a/s	Quikrete holding quikho 6.375 03/01/32	2026	1.962.412,88	DKK	US74843PAA84	0,02 %	https://pka.dk/ansvarlighed/ansvarlige-investeringer/politikker-og-rapporter
Pensionskassernes Administration a/s	Quikrete holding quikho 6.75 03/01/33	2026	653.483,25	DKK	US74843PAB67	0,01 %	https://pka.dk/ansvarlighed/ansvarlige-investeringer/politikker-og-rapporter
Pensionskassernes Administration a/s	Qxo bldg product becn 6.75 04/30/32	2026	4.454.836,85	DKK	US74825NAA54	0,04 %	https://pka.dk/ansvarlighed/ansvarlige-investeringer/politikker-og-rapporter
Pensionskassernes Administration a/s	Radiology partne radpar 8.5 07/15/32	2026	2.514.899,25	DKK	US75041VAE48	0,02 %	https://pka.dk/ansvarlighed/ansvarlige-investeringer/politikker-og-rapporter
Pensionskassernes Administration a/s	Rakuten group rakutn 9.75 04/15/29	2026	4.925.419,75	DKK	US75102WAK45	0,04 %	https://pka.dk/ansvarlighed/ansvarlige-investeringer/politikker-og-rapporter
Pensionskassernes Administration a/s	Rakuten group rakutn 9.75 04/15/29	2026	39.740.484,87	DKK	USJ64264AK09	0,34 %	https://pka.dk/ansvarlighed/ansvarlige-investeringer/politikker-og-rapporter
Pensionskassernes Administration a/s	Rand parent llc aaww 8.5 02/15/30	2026	1.589.266,81	DKK	US753272AA11	0,01 %	https://pka.dk/ansvarlighed/ansvarlige-investeringer/politikker-og-rapporter
Pensionskassernes Administration a/s	Range resources rrc 4.75 02/15/30	2026	5.674.083,59	DKK	US75281ABK43	0,05 %	https://pka.dk/ansvarlighed/ansvarlige-investeringer/politikker-og-rapporter
Pensionskassernes Administration a/s	Raven acquisitio rcm 6.875 11/15/31	2026	629.635,70	DKK	US75420NAA19	0,01 %	https://pka.dk/ansvarlighed/ansvarlige-investeringer/politikker-og-rapporter
Pensionskassernes Administration a/s	Ray financing ll sunmed 6.5 07/15/31	2026	752.597,27	DKK	XS2854277626	0,01 %	https://pka.dk/ansvarlighed/ansvarlige-investeringer/politikker-og-rapporter
Pensionskassernes Administration a/s	Rb global hlds rbacn 7.75 03/15/31	2026	2.274.780,00	DKK	US76774LAC19	0,02 %	https://pka.dk/ansvarlighed/ansvarlige-investeringer/politikker-og-rapporter
Pensionskassernes Administration a/s	Rede d'or fin rdedor 4.5 01/22/30	2026	1.967.122,50	DKK	US75735GAA67	0,02 %	https://pka.dk/ansvarlighed/ansvarlige-investeringer/politikker-og-rapporter
Pensionskassernes Administration a/s	Redexis sa redexs 4.375 05/30/31	2026	13.689.387,12	DKK	XS2828917943	0,12 %	https://pka.dk/ansvarlighed/ansvarlige-investeringer/politikker-og-rapporter
Pensionskassernes Administration a/s	Regal rexnord rrx 6.4 04/15/33	2026	14.169.803,94	DKK	US758750AP89	0,12 %	https://pka.dk/ansvarlighed/ansvarlige-investeringer/politikker-og-rapporter
Pensionskassernes Administration a/s	Renault renaul 3.875 09/30/30	2026	2.230.876,54	DKK	FR0014010DR1	0,02 %	https://pka.dk/ansvarlighed/ansvarlige-investeringer/politikker-og-rapporter
Pensionskassernes Administration a/s	Resorts world lv rwlvca 4.625 04/16/29	2026	9.366.741,16	DKK	US76120HAA59	0,08 %	https://pka.dk/ansvarlighed/ansvarlige-investeringer/politikker-og-rapporter
Pensionskassernes Administration a/s	Reworld holding cva 4.875 12/01/29	2026	612.762,44	DKK	US22303XAA37	0,01 %	https://pka.dk/ansvarlighed/ansvarlige-investeringer/politikker-og-rapporter
Pensionskassernes Administration a/s	Rfna lp rfnalp 7.875 02/15/30	2026	1.705.454,82	DKK	US74984AAA07	0,01 %	https://pka.dk/ansvarlighed/ansvarlige-investeringer/politikker-og-rapporter
Pensionskassernes Administration a/s	Rhp hotel ppty rhp 6.5 06/15/33	2026	661.343,38	DKK	US749571AL97	0,01 %	https://pka.dk/ansvarlighed/ansvarlige-investeringer/politikker-og-rapporter
Pensionskassernes Administration a/s	Risewell homes nwhm 8.5 11/01/30	2026	7.675.826,02	DKK	US645370AG22	0,07 %	https://pka.dk/ansvarlighed/ansvarlige-investeringer/politikker-og-rapporter
Pensionskassernes Administration a/s	Rithm cptl corp ritm 8 04/01/29	2026	50.848.612,28	DKK	US64828TAB89	0,44 %	https://pka.dk/ansvarlighed/ansvarlige-investeringer/politikker-og-rapporter
Pensionskassernes Administration a/s	Rithm cptl corp ritm 8 07/15/30	2026	4.610.786,90	DKK	US64828TAC62	0,04 %	https://pka.dk/ansvarlighed/ansvarlige-investeringer/politikker-og-rapporter
Pensionskassernes Administration a/s	Roblox corp rblx 3.875 05/01/30	2026	1.273.291,36	DKK	US771049AA15	0,01 %	https://pka.dk/ansvarlighed/ansvarlige-investeringer/politikker-og-rapporter
Pensionskassernes Administration a/s	Rocket cos inc rkt 6.125 08/01/30	2026	652.055,00	DKK	US77311WAA99	0,01 %	https://pka.dk/ansvarlighed/ansvarlige-investeringer/politikker-og-rapporter
Pensionskassernes Administration a/s	Rocket cos inc rkt 6.375 08/01/33	2026	652.482,18	DKK	US77311WAB72	0,01 %	https://pka.dk/ansvarlighed/ansvarlige-investeringer/politikker-og-rapporter
Pensionskassernes Administration a/s	Rockies express rockie 4.8 05/15/30	2026	29.795.365,80	DKK	US77340RAT41	0,26 %	https://pka.dk/ansvarlighed/ansvarlige-investeringer/politikker-og-rapporter
Pensionskassernes Administration a/s	Rockies express rockie 4.95 07/15/29	2026	1.274.213,12	DKK	US77340RAR84	0,01 %	https://pka.dk/ansvarlighed/ansvarlige-investeringer/politikker-og-rapporter
Pensionskassernes Administration a/s	Rogers communic rcicn 3.8 03/15/32	2026	8.612.373,21	DKK	US775109CH22	0,07 %	https://pka.dk/ansvarlighed/ansvarlige-investeringer/politikker-og-rapporter
Pensionskassernes Administration a/s	Rogers communic rcicn 6.68 11/04/39	2026	15.730.364,98	DKK	CA775109AP67	0,14 %	https://pka.dk/ansvarlighed/ansvarlige-investeringer/politikker-og-rapporter
Pensionskassernes Administration a/s	Rogers communic rcicn 7.5 08/15/38	2026	4.390.159,14	DKK	US775109AL51	0,04 %	https://pka.dk/ansvarlighed/ansvarlige-investeringer/politikker-og-rapporter
Pensionskassernes Administration a/s	Roller bearing rbc 4.375 10/15/29	2026	27.421.842,37	DKK	US775631AD66	0,24 %	https://pka.dk/ansvarlighed/ansvarlige-investeringer/politikker-og-rapporter
Pensionskassernes Administration a/s	Rossini sarl rosini 6.75 12/31/29	2026	2.329.359,12	DKK	XS2854303729	0,02 %	https://pka.dk/ansvarlighed/ansvarlige-investeringer/politikker-og-rapporter
Pensionskassernes Administration a/s	Rr donnelley rrd 9.5 08/01/29	2026	12.347.725,86	DKK	US257867BJ97	0,11 %	https://pka.dk/ansvarlighed/ansvarlige-investeringer/politikker-og-rapporter
Pensionskassernes Administration a/s	Rxo inc rxo 6.375 05/15/31	2026	18.746.690,90	DKK	US74982TAA16	0,16 %	https://pka.dk/ansvarlighed/ansvarlige-investeringer/politikker-og-rapporter
Pensionskassernes Administration a/s	S&s holdings llc ssacti 8.375 10/01/31	2026	861.632,73	DKK	US78525CAA36	0,01 %	https://pka.dk/ansvarlighed/ansvarlige-investeringer/politikker-og-rapporter
Pensionskassernes Administration a/s	Sabre glbl inc sabhld 11.125 07/15/30	2026	1.345.118,09	DKK	US78573NAM48	0,01 %	https://pka.dk/ansvarlighed/ansvarlige-investeringer/politikker-og-rapporter
Pensionskassernes Administration a/s	Saipem fin intl spmim 4.875 05/30/30	2026	1.719.762,06	DKK	XS2826718087	0,01 %	https://pka.dk/ansvarlighed/ansvarlige-investeringer/politikker-og-rapporter
Pensionskassernes Administration a/s	Samsonite finco samisa 4.375 02/15/33	2026	25.567.011,55	DKK	XS3224634991	0,22 %	https://pka.dk/ansvarlighed/ansvarlige-investeringer/politikker-og-rapporter
Pensionskassernes Administration a/s	Santander uk grp sanuk 0.603 09/13/29	2026	14.784.841,97	DKK	XS2385791046	0,13 %	https://pka.dk/ansvarlighed/ansvarlige-investeringer/politikker-og-rapporter
Pensionskassernes Administration a/s	Sasol financing sasol 8.75 04/10/33	2026	12.308.997,92	DKK	US80386WAG06	0,11 %	https://pka.dk/ansvarlighed/ansvarlige-investeringer/politikker-og-rapporter
Pensionskassernes Administration a/s	Sba communicatio sbac 3.125 02/01/29	2026	2.223.314,38	DKK	US78410GAG91	0,02 %	https://pka.dk/ansvarlighed/ansvarlige-investeringer/politikker-og-rapporter
Pensionskassernes Administration a/s	Sc games hld/fco scgalo 6.625 03/01/30	2026	1.425.323,98	DKK	US80874DAA46	0,01 %	https://pka.dk/ansvarlighed/ansvarlige-investeringer/politikker-og-rapporter
Pensionskassernes Administration a/s	Schaeffler ag shaeff 3.375 10/12/28	2026	2.975.405,40	DKK	DE000A3H2TA0	0,03 %	https://pka.dk/ansvarlighed/ansvarlige-investeringer/politikker-og-rapporter
Pensionskassernes Administration a/s	Schaeffler shaeff 4.25 04/01/28	2026	9.829.224,07	DKK	DE000A4DFLP8	0,08 %	https://pka.dk/ansvarlighed/ansvarlige-investeringer/politikker-og-rapporter
Pensionskassernes Administration a/s	Schaeffler shaeff 4.5 03/28/30	2026	2.270.060,44	DKK	DE000A383HC1	0,02 %	https://pka.dk/ansvarlighed/ansvarlige-investeringer/politikker-og-rapporter
Pensionskassernes Administration a/s	Schaeffler shaeff 4.5 05/12/32	2026	61.648.344,44	DKK	DE000A460PC0	0,53 %	https://pka.dk/ansvarlighed/ansvarlige-investeringer/politikker-og-rapporter
Pensionskassernes Administration a/s	Schaeffler shaeff 4.5 08/14/26	2026	1.498.292,02	DKK	DE000A3823R3	0,01 %	https://pka.dk/ansvarlighed/ansvarlige-investeringer/politikker-og-rapporter
Pensionskassernes Administration a/s	Schaeffler shaeff 4.75 08/14/29	2026	48.912.708,43	DKK	DE000A3823S1	0,42 %	https://pka.dk/ansvarlighed/ansvarlige-investeringer/politikker-og-rapporter
Pensionskassernes Administration a/s	Science app saic 4.875 04/01/28	2026	24.989.217,42	DKK	US808625AA58	0,21 %	https://pka.dk/ansvarlighed/ansvarlige-investeringer/politikker-og-rapporter
Pensionskassernes Administration a/s	Science app saic 5.875 11/01/33	2026	639.484,13	DKK	US808625AB32	0,01 %	https://pka.dk/ansvarlighed/ansvarlige-investeringer/politikker-og-rapporter
Pensionskassernes Administration a/s	Scotts miracle smg 4 04/01/31	2026	597.483,57	DKK	US810186AX41	0,01 %	https://pka.dk/ansvarlighed/ansvarlige-investeringer/politikker-og-rapporter
Pensionskassernes Administration a/s	Seagate data stx 4.091 06/01/29	2026	104.339.387,63	DKK	US81180LAK17	0,90 %	https://pka.dk/ansvarlighed/ansvarlige-investeringer/politikker-og-rapporter
Pensionskassernes Administration a/s	Seaspan corp ssw 5.5 08/01/29	2026	8.070.451,08	DKK	US81254UAK25	0,07 %	https://pka.dk/ansvarlighed/ansvarlige-investeringer/politikker-og-rapporter
Pensionskassernes Administration a/s	Select medical sem 6.25 12/01/32	2026	2.006.385,91	DKK	US816196AV14	0,02 %	https://pka.dk/ansvarlighed/ansvarlige-investeringer/politikker-og-rapporter
Pensionskassernes Administration a/s	Senior housing dhc 4.75 02/15/28	2026	48.067.579,37	DKK	US81721MAM10	0,41 %	https://pka.dk/ansvarlighed/ansvarlige-investeringer/politikker-og-rapporter
Pensionskassernes Administration a/s	Sensata technolo st 3.75 02/15/31	2026	4.758.102,28	DKK	US81728UAB08	0,04 %	https://pka.dk/ansvarlighed/ansvarlige-investeringer/politikker-og-rapporter
Pensionskassernes Administration a/s	Sensata technolo st 6.625 07/15/32	2026	1.332.539,38	DKK	US81728UAC80	0,01 %	https://pka.dk/ansvarlighed/ansvarlige-investeringer/politikker-og-rapporter
Pensionskassernes Administration a/s	Seplat energy seplln 9.125 03/21/30	2026	8.230.215,06	DKK	US81733MAA36	0,07 %	https://pka.dk/ansvarlighed/ansvarlige-investeringer/politikker-og-rapporter
Pensionskassernes Administration a/s	Service corp int sci 7.5 04/01/27	2026	16.371.182,01	DKK	US817565BT00	0,14 %	https://pka.dk/ansvarlighed/ansvarlige-investeringer/politikker-og-rapporter
Pensionskassernes Administration a/s	Service corp sci 4 05/15/31	2026	5.318.946,36	DKK	US817565CG79	0,05 %	https://pka.dk/ansvarlighed/ansvarlige-investeringer/politikker-og-rapporter
Pensionskassernes Administration a/s	Service corp sci 5.75 10/15/32	2026	646.017,57	DKK	US817565CH52	0,01 %	https://pka.dk/ansvarlighed/ansvarlige-investeringer/politikker-og-rapporter
Pensionskassernes Administration a/s	Service prop svc 8.875 06/15/32	2026	1.524.769,52	DKK	US81761LAE20	0,01 %	https://pka.dk/ansvarlighed/ansvarlige-investeringer/politikker-og-rapporter
Pensionskassernes Administration a/s	Ses sesgfp 2 07/02/28	2026	2.669.783,08	DKK	XS2196317742	0,02 %	https://pka.dk/ansvarlighed/ansvarlige-investeringer/politikker-og-rapporter
Pensionskassernes Administration a/s	Ses sesgfp 3.5 01/14/29	2026	35.495.890,71	DKK	XS2489775580	0,31 %	https://pka.dk/ansvarlighed/ansvarlige-investeringer/politikker-og-rapporter
Pensionskassernes Administration a/s	Ses sesgfp 4.875 06/24/33	2026	16.370.120,73	DKK	XS3100773996	0,14 %	https://pka.dk/ansvarlighed/ansvarlige-investeringer/politikker-og-rapporter
Pensionskassernes Administration a/s	Sesi llc spn 7.875 09/30/30	2026	5.242.863,05	DKK	US78412FAX24	0,05 %	https://pka.dk/ansvarlighed/ansvarlige-investeringer/politikker-og-rapporter
Pensionskassernes Administration a/s	Sherwood finan arwln 9.625 12/15/29	2026	8.748.042,41	DKK	XS2953605008	0,08 %	https://pka.dk/ansvarlighed/ansvarlige-investeringer/politikker-og-rapporter
Pensionskassernes Administration a/s	Shift4 payments four 5.5 05/15/33	2026	1.178.845,04	DKK	XS3068793754	0,01 %	https://pka.dk/ansvarlighed/ansvarlige-investeringer/politikker-og-rapporter
Pensionskassernes Administration a/s	Sierracol an/a/d sierra 9 11/14/30	2026	9.530.542,45	DKK	US82653NAA54	0,08 %	https://pka.dk/ansvarlighed/ansvarlige-investeringer/politikker-og-rapporter
Pensionskassernes Administration a/s	Silgan holdings slgn 4.125 02/01/28	2026	793.756,32	DKK	US827048AW93	0,01 %	https://pka.dk/ansvarlighed/ansvarlige-investeringer/politikker-og-rapporter
Pensionskassernes Administration a/s	Silgan holdings slgn 4.25 02/15/31	2026	29.908.910,15	DKK	XS3176108747	0,26 %	https://pka.dk/ansvarlighed/ansvarlige-investeringer/politikker-og-rapporter
Pensionskassernes Administration a/s	Simmons foods in simfoo 4.625 03/01/29	2026	1.180.242,50	DKK	US82873MAA18	0,01 %	https://pka.dk/ansvarlighed/ansvarlige-investeringer/politikker-og-rapporter
Pensionskassernes Administration a/s	Sinclair tele sbgi 8.125 02/15/33	2026	1.383.057,88	DKK	US829259BH26	0,01 %	https://pka.dk/ansvarlighed/ansvarlige-investeringer/politikker-og-rapporter
Pensionskassernes Administration a/s	Sirius real esta sreln 4 01/22/32	2026	7.386.628,54	DKK	XS2973477990	0,06 %	https://pka.dk/ansvarlighed/ansvarlige-investeringer/politikker-og-rapporter
Pensionskassernes Administration a/s	Sirius xm radio siri 3.875 09/01/31	2026	1.175.667,55	DKK	US82967NBM92	0,01 %	https://pka.dk/ansvarlighed/ansvarlige-investeringer/politikker-og-rapporter
Pensionskassernes Administration a/s	Sirius xm radio siri 4 07/15/28	2026	44.659.274,40	DKK	US82967NBJ63	0,38 %	https://pka.dk/ansvarlighed/ansvarlige-investeringer/politikker-og-rapporter
Pensionskassernes Administration a/s	Sirius xm radio siri 4.125 07/01/30	2026	604.528,25	DKK	US82967NBG25	0,01 %	https://pka.dk/ansvarlighed/ansvarlige-investeringer/politikker-og-rapporter
Pensionskassernes Administration a/s	Sirius xm radio siri 5.5 07/01/29	2026	4.070.395,34	DKK	US82967NBC11	0,04 %	https://pka.dk/ansvarlighed/ansvarlige-investeringer/politikker-og-rapporter
Pensionskassernes Administration a/s	Six flags ent fun 6.625 05/01/32	2026	2.165.007,94	DKK	US83002YAA73	0,02 %	https://pka.dk/ansvarlighed/ansvarlige-investeringer/politikker-og-rapporter
Pensionskassernes Administration a/s	Sixth street tslx 5.625 08/15/30	2026	8.034.998,31	DKK	US83012AAD19	0,07 %	https://pka.dk/ansvarlighed/ansvarlige-investeringer/politikker-og-rapporter
Pensionskassernes Administration a/s	Skeena resources skecn 8.5 04/01/31	2026	675.134,88	DKK	US83056PAA12	0,01 %	https://pka.dk/ansvarlighed/ansvarlige-investeringer/politikker-og-rapporter
Pensionskassernes Administration a/s	Slm corp slm 6.5 01/31/30	2026	652.074,43	DKK	US78442PGF71	0,01 %	https://pka.dk/ansvarlighed/ansvarlige-investeringer/politikker-og-rapporter
Pensionskassernes Administration a/s	Sm energy co sm 6.625 04/15/34	2026	647.658,07	DKK	US78454LAZ31	0,01 %	https://pka.dk/ansvarlighed/ansvarlige-investeringer/politikker-og-rapporter
Pensionskassernes Administration a/s	Sm energy co sm 6.75 08/01/29	2026	20.537.007,34	DKK	US78454LAX82	0,18 %	https://pka.dk/ansvarlighed/ansvarlige-investeringer/politikker-og-rapporter
Pensionskassernes Administration a/s	Sm energy co sm 7 08/01/32	2026	659.747,27	DKK	US78454LAY65	0,01 %	https://pka.dk/ansvarlighed/ansvarlige-investeringer/politikker-og-rapporter
Pensionskassernes Administration a/s	Sm energy co sm 9.625 06/15/33	2026	716.092,53	DKK	US17888HAD52	0,01 %	https://pka.dk/ansvarlighed/ansvarlige-investeringer/politikker-og-rapporter
Pensionskassernes Administration a/s	Smyrna ready mix smyrea 6 11/01/28	2026	1.160.339,66	DKK	US85236FAA12	0,01 %	https://pka.dk/ansvarlighed/ansvarlige-investeringer/politikker-og-rapporter
Pensionskassernes Administration a/s	Smyrna ready mix smyrea 8.875 11/15/31	2026	2.575.999,94	DKK	US83283WAE30	0,02 %	https://pka.dk/ansvarlighed/ansvarlige-investeringer/politikker-og-rapporter
Pensionskassernes Administration a/s	Snap inc snap 6.875 03/01/33	2026	639.270,02	DKK	US83304AAL08	0,01 %	https://pka.dk/ansvarlighed/ansvarlige-investeringer/politikker-og-rapporter
Pensionskassernes Administration a/s	Snap inc snap 6.875 03/15/34	2026	1.332.356,58	DKK	US83304AAM80	0,01 %	https://pka.dk/ansvarlighed/ansvarlige-investeringer/politikker-og-rapporter
Pensionskassernes Administration a/s	Snf group saca snff 2.625 02/01/29	2026	25.568.393,98	DKK	XS2234516164	0,22 %	https://pka.dk/ansvarlighed/ansvarlige-investeringer/politikker-og-rapporter
Pensionskassernes Administration a/s	Societe generale socgen 5.625 06/02/33	2026	47.101.164,98	DKK	FR001400IDY6	0,41 %	https://pka.dk/ansvarlighed/ansvarlige-investeringer/politikker-og-rapporter
Pensionskassernes Administration a/s	Softbank grp cor softbk 3.375 07/06/29	2026	1.361.013,15	DKK	XS2361255057	0,01 %	https://pka.dk/ansvarlighed/ansvarlige-investeringer/politikker-og-rapporter
Pensionskassernes Administration a/s	Softbank grp cor softbk 3.875 07/06/32	2026	2.599.711,33	DKK	XS2362416617	0,02 %	https://pka.dk/ansvarlighed/ansvarlige-investeringer/politikker-og-rapporter
Pensionskassernes Administration a/s	Softbank grp cor softbk 5 04/15/28	2026	1.898.231,86	DKK	XS1793255941	0,02 %	https://pka.dk/ansvarlighed/ansvarlige-investeringer/politikker-og-rapporter
Pensionskassernes Administration a/s	Softbank grp cor softbk 5.75 07/08/32	2026	12.025.165,11	DKK	XS2854423469	0,10 %	https://pka.dk/ansvarlighed/ansvarlige-investeringer/politikker-og-rapporter
Pensionskassernes Administration a/s	Softbank grp cor softbk 5.875 07/10/31	2026	751.905,97	DKK	XS3109835192	0,01 %	https://pka.dk/ansvarlighed/ansvarlige-investeringer/politikker-og-rapporter
Pensionskassernes Administration a/s	Softbank grp cor softbk 6.375 04/22/30	2026	34.081.314,31	DKK	XS3344489326	0,29 %	https://pka.dk/ansvarlighed/ansvarlige-investeringer/politikker-og-rapporter
Pensionskassernes Administration a/s	Softbank grp cor softbk 6.375 07/10/33	2026	3.018.345,60	DKK	XS3112543080	0,03 %	https://pka.dk/ansvarlighed/ansvarlige-investeringer/politikker-og-rapporter
Pensionskassernes Administration a/s	Softbank grp cor softbk 6.5 04/10/29	2026	1.290.715,43	DKK	XS3109833817	0,01 %	https://pka.dk/ansvarlighed/ansvarlige-investeringer/politikker-og-rapporter
Pensionskassernes Administration a/s	Softbank grp cor softbk 6.75 07/08/29	2026	38.840.445,00	DKK	XS2854422578	0,33 %	https://pka.dk/ansvarlighed/ansvarlige-investeringer/politikker-og-rapporter
Pensionskassernes Administration a/s	Softbank grp cor softbk 6.875 01/10/31	2026	1.284.481,21	DKK	XS3109834112	0,01 %	https://pka.dk/ansvarlighed/ansvarlige-investeringer/politikker-og-rapporter
Pensionskassernes Administration a/s	Softbank grp cor softbk 7.25 07/10/32	2026	88.533.952,42	DKK	XS3112542272	0,76 %	https://pka.dk/ansvarlighed/ansvarlige-investeringer/politikker-og-rapporter
Pensionskassernes Administration a/s	Softbank grp cor softbk 7.5 07/10/35	2026	1.329.255,99	DKK	XS3112542355	0,01 %	https://pka.dk/ansvarlighed/ansvarlige-investeringer/politikker-og-rapporter
Pensionskassernes Administration a/s	Solstice advance soladv 5.625 09/30/33	2026	1.276.032,32	DKK	US83443QAA13	0,01 %	https://pka.dk/ansvarlighed/ansvarlige-investeringer/politikker-og-rapporter
Pensionskassernes Administration a/s	Somnigroup intl sgi 4 04/15/29	2026	106.060.258,64	DKK	US88023UAH41	0,91 %	https://pka.dk/ansvarlighed/ansvarlige-investeringer/politikker-og-rapporter
Pensionskassernes Administration a/s	Sonic automotive sah 4.875 11/15/31	2026	1.048.531,39	DKK	US83545GBE17	0,01 %	https://pka.dk/ansvarlighed/ansvarlige-investeringer/politikker-og-rapporter
Pensionskassernes Administration a/s	Sotera health ho stenor 7.375 06/01/31	2026	669.052,91	DKK	US83600WAE93	0,01 %	https://pka.dk/ansvarlighed/ansvarlige-investeringer/politikker-og-rapporter
Pensionskassernes Administration a/s	Specialty build sbpllc 7.75 10/15/29	2026	654.121,93	DKK	US84749AAC18	0,01 %	https://pka.dk/ansvarlighed/ansvarlige-investeringer/politikker-og-rapporter
Pensionskassernes Administration a/s	Ss&c tech inc ssnc 6.5 06/01/32	2026	650.110,41	DKK	US78466CAD83	0,01 %	https://pka.dk/ansvarlighed/ansvarlige-investeringer/politikker-og-rapporter
Pensionskassernes Administration a/s	Standard buildin bmcaus 5.875 03/15/34	2026	1.693.156,58	DKK	US853192AA08	0,01 %	https://pka.dk/ansvarlighed/ansvarlige-investeringer/politikker-og-rapporter
Pensionskassernes Administration a/s	Standrd inds ny bmcaus 4.375 07/15/30	2026	2.632.672,98	DKK	US853496AG21	0,02 %	https://pka.dk/ansvarlighed/ansvarlige-investeringer/politikker-og-rapporter
Pensionskassernes Administration a/s	Staples inc spls 12.75 01/15/30	2026	3.190.867,87	DKK	US855030AS17	0,03 %	https://pka.dk/ansvarlighed/ansvarlige-investeringer/politikker-og-rapporter
Pensionskassernes Administration a/s	Star holding llc slca 8.75 08/01/31	2026	6.686.139,90	DKK	US85513AAA60	0,06 %	https://pka.dk/ansvarlighed/ansvarlige-investeringer/politikker-og-rapporter
Pensionskassernes Administration a/s	Star leasing co trailr 7.625 02/15/30	2026	8.469.991,88	DKK	US854938AA54	0,07 %	https://pka.dk/ansvarlighed/ansvarlige-investeringer/politikker-og-rapporter
Pensionskassernes Administration a/s	Star parent inc synh 9 10/01/30	2026	291.037,22	DKK	US855170AA41	0,00 %	https://pka.dk/ansvarlighed/ansvarlige-investeringer/politikker-og-rapporter
Pensionskassernes Administration a/s	Starwood prop tr stwd 5.75 01/15/31	2026	642.010,09	DKK	US85571BBG95	0,01 %	https://pka.dk/ansvarlighed/ansvarlige-investeringer/politikker-og-rapporter
Pensionskassernes Administration a/s	Starwood prop tr stwd 6.5 07/01/30	2026	10.475.416,49	DKK	US85571BBD64	0,09 %	https://pka.dk/ansvarlighed/ansvarlige-investeringer/politikker-og-rapporter
Pensionskassernes Administration a/s	Starwood prop tr stwd 6.5 10/15/30	2026	659.066,67	DKK	US85571BBE48	0,01 %	https://pka.dk/ansvarlighed/ansvarlige-investeringer/politikker-og-rapporter
Pensionskassernes Administration a/s	Starwood prop tr stwd 7.25 04/01/29	2026	11.317.359,67	DKK	US85571BBB09	0,10 %	https://pka.dk/ansvarlighed/ansvarlige-investeringer/politikker-og-rapporter
Pensionskassernes Administration a/s	Station cas rrr 4.5 02/15/28	2026	4.967.718,05	DKK	US857691AG41	0,04 %	https://pka.dk/ansvarlighed/ansvarlige-investeringer/politikker-og-rapporter
Pensionskassernes Administration a/s	Stonepeak nile atsg 7.25 03/15/32	2026	670.166,53	DKK	US861932AA97	0,01 %	https://pka.dk/ansvarlighed/ansvarlige-investeringer/politikker-og-rapporter
Pensionskassernes Administration a/s	Stonex escrow snex 6.875 07/15/32	2026	23.159.072,36	DKK	US86189AAA79	0,20 %	https://pka.dk/ansvarlighed/ansvarlige-investeringer/politikker-og-rapporter
Pensionskassernes Administration a/s	Studio city fin stcity 5 01/15/29	2026	1.916.255,58	DKK	US86389QAG73	0,02 %	https://pka.dk/ansvarlighed/ansvarlige-investeringer/politikker-og-rapporter
Pensionskassernes Administration a/s	Suburban propane sph 5 06/01/31	2026	13.851.969,10	DKK	US864486AL98	0,12 %	https://pka.dk/ansvarlighed/ansvarlige-investeringer/politikker-og-rapporter
Pensionskassernes Administration a/s	Suburban propane sph 6.5 12/15/35	2026	638.422,08	DKK	US864486AM71	0,01 %	https://pka.dk/ansvarlighed/ansvarlige-investeringer/politikker-og-rapporter
Pensionskassernes Administration a/s	Sudzucker int szugr 4.125 01/29/32	2026	26.100.302,41	DKK	XS2970728205	0,22 %	https://pka.dk/ansvarlighed/ansvarlige-investeringer/politikker-og-rapporter
Pensionskassernes Administration a/s	Summer bc holdco kangrp 5.875 02/15/30	2026	659.356,56	DKK	XS2998755040	0,01 %	https://pka.dk/ansvarlighed/ansvarlige-investeringer/politikker-og-rapporter
Pensionskassernes Administration a/s	Suncoke energy sxc 4.875 06/30/29	2026	5.794.819,94	DKK	US86722AAD54	0,05 %	https://pka.dk/ansvarlighed/ansvarlige-investeringer/politikker-og-rapporter
Pensionskassernes Administration a/s	Sunoco lp sun 4.625 05/01/30	2026	26.117.151,90	DKK	US86765KAK51	0,22 %	https://pka.dk/ansvarlighed/ansvarlige-investeringer/politikker-og-rapporter
Pensionskassernes Administration a/s	Sunoco lp sun 5.625 03/15/31	2026	18.119.940,03	DKK	US86765KAF66	0,16 %	https://pka.dk/ansvarlighed/ansvarlige-investeringer/politikker-og-rapporter
Pensionskassernes Administration a/s	Sunoco lp sun 5.875 03/15/34	2026	702.808,54	DKK	US86765KAG40	0,01 %	https://pka.dk/ansvarlighed/ansvarlige-investeringer/politikker-og-rapporter
Pensionskassernes Administration a/s	Sunoco lp sun 6.25 07/01/33	2026	654.020,44	DKK	US86765KAD19	0,01 %	https://pka.dk/ansvarlighed/ansvarlige-investeringer/politikker-og-rapporter
Pensionskassernes Administration a/s	Sunoco lp sun 6.625 08/15/32	2026	1.050.136,09	DKK	US86765KAL35	0,01 %	https://pka.dk/ansvarlighed/ansvarlige-investeringer/politikker-og-rapporter
Pensionskassernes Administration a/s	Sunoco lp/fin sun 4.5 05/15/29	2026	29.395.721,16	DKK	US86765LAT44	0,25 %	https://pka.dk/ansvarlighed/ansvarlige-investeringer/politikker-og-rapporter
Pensionskassernes Administration a/s	Sunoco lp/fin sun 7 09/15/28	2026	1.647.878,98	DKK	US86765KAA79	0,01 %	https://pka.dk/ansvarlighed/ansvarlige-investeringer/politikker-og-rapporter
Pensionskassernes Administration a/s	Sunrise finco sunn 4.875 07/15/31	2026	1.231.303,13	DKK	US90320BAA70	0,01 %	https://pka.dk/ansvarlighed/ansvarlige-investeringer/politikker-og-rapporter
Pensionskassernes Administration a/s	Sunrise holdco sunn 3.875 06/15/29	2026	25.731.426,51	DKK	XS1629969327	0,22 %	https://pka.dk/ansvarlighed/ansvarlige-investeringer/politikker-og-rapporter
Pensionskassernes Administration a/s	Superior plus spbcn 4.5 03/15/29	2026	68.030.917,66	DKK	US86828LAC63	0,59 %	https://pka.dk/ansvarlighed/ansvarlige-investeringer/politikker-og-rapporter
Pensionskassernes Administration a/s	Synaptics inc syna 4 06/15/29	2026	25.953.525,60	DKK	US87157DAG43	0,22 %	https://pka.dk/ansvarlighed/ansvarlige-investeringer/politikker-og-rapporter
Pensionskassernes Administration a/s	Synchrony financ syf 7.25 02/02/33	2026	13.314.428,80	DKK	US87165BAU70	0,11 %	https://pka.dk/ansvarlighed/ansvarlige-investeringer/politikker-og-rapporter
Pensionskassernes Administration a/s	Synergy infrastr synrgy 7.875 12/01/30	2026	674.865,99	DKK	US87191JAA25	0,01 %	https://pka.dk/ansvarlighed/ansvarlige-investeringer/politikker-og-rapporter
Pensionskassernes Administration a/s	Synn fin ag synnvx 2.125 11/01/29	2026	25.330.036,00	DKK	CH0240672235	0,22 %	https://pka.dk/ansvarlighed/ansvarlige-investeringer/politikker-og-rapporter
Pensionskassernes Administration a/s	Synthos snspw 2.5 06/07/28	2026	6.938.183,57	DKK	XS2348767836	0,06 %	https://pka.dk/ansvarlighed/ansvarlige-investeringer/politikker-og-rapporter
Pensionskassernes Administration a/s	Tallgrass nrg tep 6.75 03/15/34	2026	2.956.967,57	DKK	US87470LAM37	0,03 %	https://pka.dk/ansvarlighed/ansvarlige-investeringer/politikker-og-rapporter
Pensionskassernes Administration a/s	Tallgrass nrg tep 7.375 02/15/29	2026	664.205,04	DKK	US87470LAL53	0,01 %	https://pka.dk/ansvarlighed/ansvarlige-investeringer/politikker-og-rapporter
Pensionskassernes Administration a/s	Talos production talo 9 02/01/29	2026	29.167.591,21	DKK	US87485LAD64	0,25 %	https://pka.dk/ansvarlighed/ansvarlige-investeringer/politikker-og-rapporter
Pensionskassernes Administration a/s	Talos production talo 9.375 02/01/31	2026	46.679.232,75	DKK	US87485LAE48	0,40 %	https://pka.dk/ansvarlighed/ansvarlige-investeringer/politikker-og-rapporter
Pensionskassernes Administration a/s	Tap sa taptra 5.125 11/15/29	2026	26.529.745,01	DKK	PTTAPFOM0003	0,23 %	https://pka.dk/ansvarlighed/ansvarlige-investeringer/politikker-og-rapporter
Pensionskassernes Administration a/s	Tapestry inc tpr 3.05 03/15/32	2026	23.245.163,89	DKK	US876030AA54	0,20 %	https://pka.dk/ansvarlighed/ansvarlige-investeringer/politikker-og-rapporter
Pensionskassernes Administration a/s	Taseko mines ltd tkocn 8.25 05/01/30	2026	673.275,71	DKK	US876511AG15	0,01 %	https://pka.dk/ansvarlighed/ansvarlige-investeringer/politikker-og-rapporter
Pensionskassernes Administration a/s	Taylor morrison tmhc 5.125 08/01/30	2026	1.421.551,46	DKK	US87724RAJ14	0,01 %	https://pka.dk/ansvarlighed/ansvarlige-investeringer/politikker-og-rapporter
Pensionskassernes Administration a/s	Taylor morrison tmhc 5.75 01/15/28	2026	12.918.424,74	DKK	US87724RAB87	0,11 %	https://pka.dk/ansvarlighed/ansvarlige-investeringer/politikker-og-rapporter
Pensionskassernes Administration a/s	Team health hold tmh 8.375 06/30/28	2026	645.874,08	DKK	US87817AAE73	0,01 %	https://pka.dk/ansvarlighed/ansvarlige-investeringer/politikker-og-rapporter
Pensionskassernes Administration a/s	Team services hl teapub 9 02/15/33	2026	647.003,10	DKK	US87821TAA88	0,01 %	https://pka.dk/ansvarlighed/ansvarlige-investeringer/politikker-og-rapporter
Pensionskassernes Administration a/s	Teamsystem spa titanl 5 07/01/31	2026	9.683.797,12	DKK	XS3101363011	0,08 %	https://pka.dk/ansvarlighed/ansvarlige-investeringer/politikker-og-rapporter
Pensionskassernes Administration a/s	Telecom it cap titim 7.2 07/18/36	2026	2.687.089,78	DKK	US87927VAR96	0,02 %	https://pka.dk/ansvarlighed/ansvarlige-investeringer/politikker-og-rapporter
Pensionskassernes Administration a/s	Telecom it cap titim 7.721 06/04/38	2026	731.618,39	DKK	US87927VAV09	0,01 %	https://pka.dk/ansvarlighed/ansvarlige-investeringer/politikker-og-rapporter
Pensionskassernes Administration a/s	Telecom italia titim 7.875 07/31/28	2026	3.080.338,99	DKK	XS2637954582	0,03 %	https://pka.dk/ansvarlighed/ansvarlige-investeringer/politikker-og-rapporter
Pensionskassernes Administration a/s	Telecommunicatio telser 7 10/28/29	2026	1.289.213,40	DKK	US87945BAA89	0,01 %	https://pka.dk/ansvarlighed/ansvarlige-investeringer/politikker-og-rapporter
Pensionskassernes Administration a/s	Teleflex inc tfx 4.25 06/01/28	2026	27.804.555,73	DKK	US879369AG12	0,24 %	https://pka.dk/ansvarlighed/ansvarlige-investeringer/politikker-og-rapporter
Pensionskassernes Administration a/s	Teleperformance rcffp 4.25 01/21/30	2026	27.797.660,91	DKK	FR001400WRE9	0,24 %	https://pka.dk/ansvarlighed/ansvarlige-investeringer/politikker-og-rapporter
Pensionskassernes Administration a/s	Teleperformance rcffp 5.75 11/22/31	2026	23.705.183,57	DKK	FR001400M2G2	0,20 %	https://pka.dk/ansvarlighed/ansvarlige-investeringer/politikker-og-rapporter
Pensionskassernes Administration a/s	Tenet healthcare thc 4.25 06/01/29	2026	1.723.122,87	DKK	US88033GDM96	0,01 %	https://pka.dk/ansvarlighed/ansvarlige-investeringer/politikker-og-rapporter
Pensionskassernes Administration a/s	Tenet healthcare thc 4.375 01/15/30	2026	3.107.125,62	DKK	US88033GDR83	0,03 %	https://pka.dk/ansvarlighed/ansvarlige-investeringer/politikker-og-rapporter
Pensionskassernes Administration a/s	Tenet healthcare thc 6.125 06/15/30	2026	2.598.689,11	DKK	US88033GDQ01	0,02 %	https://pka.dk/ansvarlighed/ansvarlige-investeringer/politikker-og-rapporter
Pensionskassernes Administration a/s	Tenneco inc teninc 8 11/17/28	2026	8.205.599,76	DKK	US880349AU90	0,07 %	https://pka.dk/ansvarlighed/ansvarlige-investeringer/politikker-og-rapporter
Pensionskassernes Administration a/s	Tereos fin group tereos 5.75 04/30/31	2026	7.876.474,55	DKK	XS2967912887	0,07 %	https://pka.dk/ansvarlighed/ansvarlige-investeringer/politikker-og-rapporter
Pensionskassernes Administration a/s	Tereos fin group tereos 5.875 04/30/30	2026	27.634.316,19	DKK	XS2838492101	0,24 %	https://pka.dk/ansvarlighed/ansvarlige-investeringer/politikker-og-rapporter
Pensionskassernes Administration a/s	Tereos fin group tereos 8.125 04/30/32	2026	1.515.617,02	DKK	XS3266484180	0,01 %	https://pka.dk/ansvarlighed/ansvarlige-investeringer/politikker-og-rapporter
Pensionskassernes Administration a/s	Terex corp tex 6.25 10/15/32	2026	652.110,38	DKK	US880779BB83	0,01 %	https://pka.dk/ansvarlighed/ansvarlige-investeringer/politikker-og-rapporter
Pensionskassernes Administration a/s	Terraform power terp 4.75 01/15/30	2026	2.923.054,33	DKK	US88104LAG86	0,03 %	https://pka.dk/ansvarlighed/ansvarlige-investeringer/politikker-og-rapporter
Pensionskassernes Administration a/s	Texas capital bk tcbi 5.301 02/27/32	2026	5.336.875,02	DKK	US88224QAC15	0,05 %	https://pka.dk/ansvarlighed/ansvarlige-investeringer/politikker-og-rapporter
Pensionskassernes Administration a/s	Tgnr intermediat rckene 5.5 10/15/29	2026	1.588.196,61	DKK	US77289KAA34	0,01 %	https://pka.dk/ansvarlighed/ansvarlige-investeringer/politikker-og-rapporter
Pensionskassernes Administration a/s	Tgs asa tgsno 8.5 01/15/30	2026	25.862.205,62	DKK	US87243KAA79	0,22 %	https://pka.dk/ansvarlighed/ansvarlige-investeringer/politikker-og-rapporter
Pensionskassernes Administration a/s	The berkeley grp bkgln 2.5 08/11/31	2026	5.140.518,84	DKK	XS2370445921	0,04 %	https://pka.dk/ansvarlighed/ansvarlige-investeringer/politikker-og-rapporter
Pensionskassernes Administration a/s	Tidewater inc tdw 9.125 07/15/30	2026	65.323.640,20	DKK	US88642RAE99	0,56 %	https://pka.dk/ansvarlighed/ansvarlige-investeringer/politikker-og-rapporter
Pensionskassernes Administration a/s	Time warner cabl chtr 5.75 06/02/31	2026	856.497,85	DKK	XS0630584166	0,01 %	https://pka.dk/ansvarlighed/ansvarlige-investeringer/politikker-og-rapporter
Pensionskassernes Administration a/s	Time warner cabl chtr 6.55 05/01/37	2026	12.790.966,36	DKK	US88732JAJ79	0,11 %	https://pka.dk/ansvarlighed/ansvarlige-investeringer/politikker-og-rapporter
Pensionskassernes Administration a/s	Time warner cabl chtr 7.3 07/01/38	2026	2.671.501,58	DKK	US88732JAN81	0,02 %	https://pka.dk/ansvarlighed/ansvarlige-investeringer/politikker-og-rapporter
Pensionskassernes Administration a/s	Time warner ent chtr 8.375 07/15/33	2026	5.785.549,17	DKK	US88731EAJ91	0,05 %	https://pka.dk/ansvarlighed/ansvarlige-investeringer/politikker-og-rapporter
Pensionskassernes Administration a/s	Tkc holdings inc tkchol 12 02/15/31	2026	1.346.385,44	DKK	US87256YAG89	0,01 %	https://pka.dk/ansvarlighed/ansvarlige-investeringer/politikker-og-rapporter
Pensionskassernes Administration a/s	Topbuild corp bld 3.625 03/15/29	2026	772.949,11	DKK	US89055FAB94	0,01 %	https://pka.dk/ansvarlighed/ansvarlige-investeringer/politikker-og-rapporter
Pensionskassernes Administration a/s	Topbuild corp bld 5.625 01/31/34	2026	650.312,34	DKK	US89055FAD50	0,01 %	https://pka.dk/ansvarlighed/ansvarlige-investeringer/politikker-og-rapporter
Pensionskassernes Administration a/s	Tp icap fin plc tcapln 6.375 06/12/32	2026	13.166.126,11	DKK	XS3092057077	0,11 %	https://pka.dk/ansvarlighed/ansvarlige-investeringer/politikker-og-rapporter
Pensionskassernes Administration a/s	Transdigm inc tdg 4.875 05/01/29	2026	3.188.455,44	DKK	US893647BQ97	0,03 %	https://pka.dk/ansvarlighed/ansvarlige-investeringer/politikker-og-rapporter
Pensionskassernes Administration a/s	Transdigm inc tdg 6 01/15/33	2026	1.105.556,43	DKK	US893647BW65	0,01 %	https://pka.dk/ansvarlighed/ansvarlige-investeringer/politikker-og-rapporter
Pensionskassernes Administration a/s	Transdigm inc tdg 6.125 07/31/34	2026	640.683,77	DKK	US893647CB10	0,01 %	https://pka.dk/ansvarlighed/ansvarlige-investeringer/politikker-og-rapporter
Pensionskassernes Administration a/s	Transdigm inc tdg 6.25 01/31/34	2026	657.752,31	DKK	US893647BZ96	0,01 %	https://pka.dk/ansvarlighed/ansvarlige-investeringer/politikker-og-rapporter
Pensionskassernes Administration a/s	Transdigm inc tdg 6.375 03/01/29	2026	72.126.153,55	DKK	US893647BU00	0,62 %	https://pka.dk/ansvarlighed/ansvarlige-investeringer/politikker-og-rapporter
Pensionskassernes Administration a/s	Transdigm inc tdg 6.375 05/31/33	2026	1.104.231,68	DKK	US893647BY22	0,01 %	https://pka.dk/ansvarlighed/ansvarlige-investeringer/politikker-og-rapporter
Pensionskassernes Administration a/s	Transdigm inc tdg 6.75 01/31/34	2026	657.734,30	DKK	US893647CA37	0,01 %	https://pka.dk/ansvarlighed/ansvarlige-investeringer/politikker-og-rapporter
Pensionskassernes Administration a/s	Transdigm inc tdg 6.75 08/15/28	2026	717.284,69	DKK	US893647BR70	0,01 %	https://pka.dk/ansvarlighed/ansvarlige-investeringer/politikker-og-rapporter
Pensionskassernes Administration a/s	Transdigm inc tdg 6.875 12/15/30	2026	3.049.983,18	DKK	US893647BS53	0,03 %	https://pka.dk/ansvarlighed/ansvarlige-investeringer/politikker-og-rapporter
Pensionskassernes Administration a/s	Transdigm inc tdg 7.125 12/01/31	2026	1.871.197,48	DKK	US893647BT37	0,02 %	https://pka.dk/ansvarlighed/ansvarlige-investeringer/politikker-og-rapporter
Pensionskassernes Administration a/s	Transmontaigne p tlp 8.5 06/15/30	2026	663.380,71	DKK	US89377AAA34	0,01 %	https://pka.dk/ansvarlighed/ansvarlige-investeringer/politikker-og-rapporter
Pensionskassernes Administration a/s	Transnet/sa saftra 8.25 02/06/28	2026	1.410.748,51	DKK	US89378TAD54	0,01 %	https://pka.dk/ansvarlighed/ansvarlige-investeringer/politikker-og-rapporter
Pensionskassernes Administration a/s	Travel + leisure tnl 4.5 12/01/29	2026	2.675.842,91	DKK	US894164AA06	0,02 %	https://pka.dk/ansvarlighed/ansvarlige-investeringer/politikker-og-rapporter
Pensionskassernes Administration a/s	Travel + leisure tnl 6.125 09/01/33	2026	632.328,46	DKK	US894164AC61	0,01 %	https://pka.dk/ansvarlighed/ansvarlige-investeringer/politikker-og-rapporter
Pensionskassernes Administration a/s	Trident tpi hold tekni 12.75 12/31/28	2026	650.557,47	DKK	US89616RAC34	0,01 %	https://pka.dk/ansvarlighed/ansvarlige-investeringer/politikker-og-rapporter
Pensionskassernes Administration a/s	Trimas corp trs 4.125 04/15/29	2026	23.696.389,12	DKK	US896215AH37	0,20 %	https://pka.dk/ansvarlighed/ansvarlige-investeringer/politikker-og-rapporter
Pensionskassernes Administration a/s	Trivium pack fin triviu 12.25 01/15/31	2026	1.419.682,72	DKK	US89686QAC06	0,01 %	https://pka.dk/ansvarlighed/ansvarlige-investeringer/politikker-og-rapporter
Pensionskassernes Administration a/s	Trivium pack fin triviu 6.625 07/15/30	2026	3.579.334,82	DKK	XS3080735726	0,03 %	https://pka.dk/ansvarlighed/ansvarlige-investeringer/politikker-og-rapporter
Pensionskassernes Administration a/s	Tronox inc trox 4.625 03/15/29	2026	902.401,23	DKK	US897051AC29	0,01 %	https://pka.dk/ansvarlighed/ansvarlige-investeringer/politikker-og-rapporter
Pensionskassernes Administration a/s	Tronox inc trox 9.125 09/30/30	2026	650.085,22	DKK	US897051AD02	0,01 %	https://pka.dk/ansvarlighed/ansvarlige-investeringer/politikker-og-rapporter
Pensionskassernes Administration a/s	Truenoord dac tnoord 8.75 03/01/30	2026	7.342.725,46	DKK	US89785GAA67	0,06 %	https://pka.dk/ansvarlighed/ansvarlige-investeringer/politikker-og-rapporter
Pensionskassernes Administration a/s	Ttm technologies ttmi 4 03/01/29	2026	53.870.818,31	DKK	US87305RAK59	0,46 %	https://pka.dk/ansvarlighed/ansvarlige-investeringer/politikker-og-rapporter
Pensionskassernes Administration a/s	Tui ag tuigr 5.875 03/15/29	2026	1.145.242,69	DKK	XS2776523669	0,01 %	https://pka.dk/ansvarlighed/ansvarlige-investeringer/politikker-og-rapporter
Pensionskassernes Administration a/s	Turkiye sinai tskbti 7.125 10/17/29	2026	1.498.431,58	DKK	US90015YAG44	0,01 %	https://pka.dk/ansvarlighed/ansvarlige-investeringer/politikker-og-rapporter
Pensionskassernes Administration a/s	Twilio inc twlo 3.625 03/15/29	2026	38.191.986,39	DKK	US90138FAC68	0,33 %	https://pka.dk/ansvarlighed/ansvarlige-investeringer/politikker-og-rapporter
Pensionskassernes Administration a/s	Twilio inc twlo 3.875 03/15/31	2026	16.625.547,40	DKK	US90138FAD42	0,14 %	https://pka.dk/ansvarlighed/ansvarlige-investeringer/politikker-og-rapporter
Pensionskassernes Administration a/s	Ugi intl llc ugi 2.5 12/01/29	2026	26.403.826,38	DKK	XS2414835921	0,23 %	https://pka.dk/ansvarlighed/ansvarlige-investeringer/politikker-og-rapporter
Pensionskassernes Administration a/s	Ukg inc ulti 6.875 02/01/31	2026	13.093.036,44	DKK	US90279XAA00	0,11 %	https://pka.dk/ansvarlighed/ansvarlige-investeringer/politikker-og-rapporter
Pensionskassernes Administration a/s	Under armour inc ua 7.25 07/15/30	2026	10.997.271,06	DKK	US904311AD93	0,09 %	https://pka.dk/ansvarlighed/ansvarlige-investeringer/politikker-og-rapporter
Pensionskassernes Administration a/s	United airlines ual 5.375 03/01/31	2026	636.314,57	DKK	US910047AL34	0,01 %	https://pka.dk/ansvarlighed/ansvarlige-investeringer/politikker-og-rapporter
Pensionskassernes Administration a/s	United group adrbid 5.25 02/01/30	2026	1.204.289,67	DKK	XS2434783911	0,01 %	https://pka.dk/ansvarlighed/ansvarlige-investeringer/politikker-og-rapporter
Pensionskassernes Administration a/s	United group adrbid 6.5 10/31/31	2026	1.384.620,13	DKK	XS2919880679	0,01 %	https://pka.dk/ansvarlighed/ansvarlige-investeringer/politikker-og-rapporter
Pensionskassernes Administration a/s	United rental na uri 3.875 02/15/31	2026	2.670.018,48	DKK	US911363AM11	0,02 %	https://pka.dk/ansvarlighed/ansvarlige-investeringer/politikker-og-rapporter
Pensionskassernes Administration a/s	United rental na uri 3.875 11/15/27	2026	2.867.816,19	DKK	US911365BM59	0,02 %	https://pka.dk/ansvarlighed/ansvarlige-investeringer/politikker-og-rapporter
Pensionskassernes Administration a/s	United rental na uri 5.375 11/15/33	2026	761.342,25	DKK	US911365BS20	0,01 %	https://pka.dk/ansvarlighed/ansvarlige-investeringer/politikker-og-rapporter
Pensionskassernes Administration a/s	United wholesale uwmllc 5.5 04/15/29	2026	9.884.719,26	DKK	US913229AA80	0,09 %	https://pka.dk/ansvarlighed/ansvarlige-investeringer/politikker-og-rapporter
Pensionskassernes Administration a/s	Uniti / csl unit 6.5 02/15/29	2026	15.663.324,05	DKK	US91327BAA89	0,13 %	https://pka.dk/ansvarlighed/ansvarlige-investeringer/politikker-og-rapporter
Pensionskassernes Administration a/s	Uniti / csl unit 8.625 06/15/32	2026	875.014,17	DKK	US91327TAC53	0,01 %	https://pka.dk/ansvarlighed/ansvarlige-investeringer/politikker-og-rapporter
Pensionskassernes Administration a/s	Uniti/uniti/csl unit 6 01/15/30	2026	1.064.936,06	DKK	US91327AAB89	0,01 %	https://pka.dk/ansvarlighed/ansvarlige-investeringer/politikker-og-rapporter
Pensionskassernes Administration a/s	Univision comm uvn 4.5 05/01/29	2026	2.446.307,18	DKK	US914906AV42	0,02 %	https://pka.dk/ansvarlighed/ansvarlige-investeringer/politikker-og-rapporter
Pensionskassernes Administration a/s	Univision comm uvn 7.375 06/30/30	2026	640.965,60	DKK	US914906AX08	0,01 %	https://pka.dk/ansvarlighed/ansvarlige-investeringer/politikker-og-rapporter
Pensionskassernes Administration a/s	Univision comm uvn 9.375 08/01/32	2026	1.909.346,23	DKK	US914906BA95	0,02 %	https://pka.dk/ansvarlighed/ansvarlige-investeringer/politikker-og-rapporter
Pensionskassernes Administration a/s	Upbound grp inc upbd 6.375 02/15/29	2026	24.125.304,15	DKK	US76009NAL47	0,21 %	https://pka.dk/ansvarlighed/ansvarlige-investeringer/politikker-og-rapporter
Pensionskassernes Administration a/s	Upjohn finance vtrs 1.908 06/23/32	2026	58.502.155,11	DKK	XS2193983108	0,50 %	https://pka.dk/ansvarlighed/ansvarlige-investeringer/politikker-og-rapporter
Pensionskassernes Administration a/s	Us acute care usacut 9.75 05/15/29	2026	1.856.148,49	DKK	US90367UAD37	0,02 %	https://pka.dk/ansvarlighed/ansvarlige-investeringer/politikker-og-rapporter
Pensionskassernes Administration a/s	Us foods inc usfood 4.625 06/01/30	2026	688.191,75	DKK	US90290MAE12	0,01 %	https://pka.dk/ansvarlighed/ansvarlige-investeringer/politikker-og-rapporter
Pensionskassernes Administration a/s	Us foods inc usfood 4.75 02/15/29	2026	20.067.602,04	DKK	US90290MAD39	0,17 %	https://pka.dk/ansvarlighed/ansvarlige-investeringer/politikker-og-rapporter
Pensionskassernes Administration a/s	Us foods inc usfood 5.75 04/15/33	2026	770.696,84	DKK	US90290MAJ09	0,01 %	https://pka.dk/ansvarlighed/ansvarlige-investeringer/politikker-og-rapporter
Pensionskassernes Administration a/s	Us foods inc usfood 6.875 09/15/28	2026	989.917,19	DKK	US90290MAG69	0,01 %	https://pka.dk/ansvarlighed/ansvarlige-investeringer/politikker-og-rapporter
Pensionskassernes Administration a/s	Usa part/usa fin usac 6.25 10/01/33	2026	644.650,53	DKK	US91740PAH10	0,01 %	https://pka.dk/ansvarlighed/ansvarlige-investeringer/politikker-og-rapporter
Pensionskassernes Administration a/s	Usa part/usa fin usac 7.125 03/15/29	2026	11.089.366,08	DKK	US91740PAG37	0,10 %	https://pka.dk/ansvarlighed/ansvarlige-investeringer/politikker-og-rapporter
Pensionskassernes Administration a/s	Uwm holdings uwmc 6.25 03/15/31	2026	9.171.393,85	DKK	US903522AB68	0,08 %	https://pka.dk/ansvarlighed/ansvarlige-investeringer/politikker-og-rapporter
Pensionskassernes Administration a/s	Uwm holdings uwmc 6.625 02/01/30	2026	488.775,89	DKK	US903522AA85	0,00 %	https://pka.dk/ansvarlighed/ansvarlige-investeringer/politikker-og-rapporter
Pensionskassernes Administration a/s	Vakifbank vakbn 7.25 07/31/30	2026	1.613.618,37	DKK	US90015WAR43	0,01 %	https://pka.dk/ansvarlighed/ansvarlige-investeringer/politikker-og-rapporter
Pensionskassernes Administration a/s	Valeo se frfp 1 08/03/28	2026	2.834.574,96	DKK	FR0014004UE6	0,02 %	https://pka.dk/ansvarlighed/ansvarlige-investeringer/politikker-og-rapporter
Pensionskassernes Administration a/s	Valeo se frfp 4.5 04/11/30	2026	10.628.506,99	DKK	FR001400PAJ8	0,09 %	https://pka.dk/ansvarlighed/ansvarlige-investeringer/politikker-og-rapporter
Pensionskassernes Administration a/s	Valeo se frfp 5.125 05/20/31	2026	26.148.265,96	DKK	FR001400WJR8	0,22 %	https://pka.dk/ansvarlighed/ansvarlige-investeringer/politikker-og-rapporter
Pensionskassernes Administration a/s	Valvoline inc vvv 3.625 06/15/31	2026	470.028,66	DKK	US92047WAG69	0,00 %	https://pka.dk/ansvarlighed/ansvarlige-investeringer/politikker-og-rapporter
Pensionskassernes Administration a/s	Velocity com vel 9.375 02/15/31	2026	663.450,29	DKK	US92259RAE53	0,01 %	https://pka.dk/ansvarlighed/ansvarlige-investeringer/politikker-og-rapporter
Pensionskassernes Administration a/s	Velocity vehicle vlcyvg 8 06/01/29	2026	635.536,28	DKK	US92262TAA43	0,01 %	https://pka.dk/ansvarlighed/ansvarlige-investeringer/politikker-og-rapporter
Pensionskassernes Administration a/s	Venture global c ventgl 3.875 08/15/29	2026	1.727.043,37	DKK	US92328MAA18	0,01 %	https://pka.dk/ansvarlighed/ansvarlige-investeringer/politikker-og-rapporter
Pensionskassernes Administration a/s	Venture global l venlng 8.375 06/01/31	2026	1.475.454,76	DKK	US92332YAB74	0,01 %	https://pka.dk/ansvarlighed/ansvarlige-investeringer/politikker-og-rapporter
Pensionskassernes Administration a/s	Venture global l venlng 9.5 02/01/29	2026	981.711,94	DKK	US92332YAC57	0,01 %	https://pka.dk/ansvarlighed/ansvarlige-investeringer/politikker-og-rapporter
Pensionskassernes Administration a/s	Venture global l venlng 9.875 02/01/32	2026	30.347.665,83	DKK	US92332YAD31	0,26 %	https://pka.dk/ansvarlighed/ansvarlige-investeringer/politikker-og-rapporter
Pensionskassernes Administration a/s	Venture global veglpl 6.125 12/15/30	2026	659.684,05	DKK	US922966AE68	0,01 %	https://pka.dk/ansvarlighed/ansvarlige-investeringer/politikker-og-rapporter
Pensionskassernes Administration a/s	Venture global veglpl 6.5 01/15/34	2026	671.794,77	DKK	US922966AC03	0,01 %	https://pka.dk/ansvarlighed/ansvarlige-investeringer/politikker-og-rapporter
Pensionskassernes Administration a/s	Venture global veglpl 6.5 06/15/34	2026	671.761,22	DKK	US922966AF34	0,01 %	https://pka.dk/ansvarlighed/ansvarlige-investeringer/politikker-og-rapporter
Pensionskassernes Administration a/s	Venture global veglpl 6.75 01/15/36	2026	5.179.314,59	DKK	US922966AD85	0,04 %	https://pka.dk/ansvarlighed/ansvarlige-investeringer/politikker-og-rapporter
Pensionskassernes Administration a/s	Venture global veglpl 7.75 05/01/35	2026	1.587.385,52	DKK	US922966AB20	0,01 %	https://pka.dk/ansvarlighed/ansvarlige-investeringer/politikker-og-rapporter
Pensionskassernes Administration a/s	Veon midco bv veonhd 9 07/15/29	2026	24.598.202,25	DKK	XS3088629178	0,21 %	https://pka.dk/ansvarlighed/ansvarlige-investeringer/politikker-og-rapporter
Pensionskassernes Administration a/s	Verallia sa vrlafp 3.5 11/14/29	2026	10.290.480,52	DKK	FR00140144T7	0,09 %	https://pka.dk/ansvarlighed/ansvarlige-investeringer/politikker-og-rapporter
Pensionskassernes Administration a/s	Verisign inc vrsn 2.7 06/15/31	2026	8.711.701,64	DKK	US92343EAM49	0,07 %	https://pka.dk/ansvarlighed/ansvarlige-investeringer/politikker-og-rapporter
Pensionskassernes Administration a/s	Verisign inc vrsn 5.25 06/01/32	2026	13.016.315,57	DKK	US92343EAQ52	0,11 %	https://pka.dk/ansvarlighed/ansvarlige-investeringer/politikker-og-rapporter
Pensionskassernes Administration a/s	Veritiv operatin vrtv 10.5 11/30/30	2026	8.617.389,62	DKK	US92339LAA08	0,07 %	https://pka.dk/ansvarlighed/ansvarlige-investeringer/politikker-og-rapporter
Pensionskassernes Administration a/s	Versuni group phidom 3.125 06/15/28	2026	739.744,50	DKK	XS2355515516	0,01 %	https://pka.dk/ansvarlighed/ansvarlige-investeringer/politikker-og-rapporter
Pensionskassernes Administration a/s	Vf corp vfc 0.25 02/25/28	2026	1.404.604,75	DKK	XS2123970167	0,01 %	https://pka.dk/ansvarlighed/ansvarlige-investeringer/politikker-og-rapporter
Pensionskassernes Administration a/s	Vf corp vfc 0.625 02/25/32	2026	607.748,33	DKK	XS2123970241	0,01 %	https://pka.dk/ansvarlighed/ansvarlige-investeringer/politikker-og-rapporter
Pensionskassernes Administration a/s	Vf corp vfc 2.95 04/23/30	2026	3.783.128,39	DKK	US918204BC10	0,03 %	https://pka.dk/ansvarlighed/ansvarlige-investeringer/politikker-og-rapporter
Pensionskassernes Administration a/s	Vf corp vfc 4.25 03/07/29	2026	29.325.151,63	DKK	XS2592659671	0,25 %	https://pka.dk/ansvarlighed/ansvarlige-investeringer/politikker-og-rapporter
Pensionskassernes Administration a/s	Viacomcbs inc para 4.95 05/19/50	2026	2.439.427,27	DKK	US92556HAC16	0,02 %	https://pka.dk/ansvarlighed/ansvarlige-investeringer/politikker-og-rapporter
Pensionskassernes Administration a/s	Viasat inc vsat 6.5 07/15/28	2026	68.315.341,31	DKK	US92552VAN01	0,59 %	https://pka.dk/ansvarlighed/ansvarlige-investeringer/politikker-og-rapporter
Pensionskassernes Administration a/s	Viasat inc vsat 7.5 05/30/31	2026	26.405.374,32	DKK	US92552VAR15	0,23 %	https://pka.dk/ansvarlighed/ansvarlige-investeringer/politikker-og-rapporter
Pensionskassernes Administration a/s	Viavi solutions viav 3.75 10/01/29	2026	20.851.075,04	DKK	US925550AF21	0,18 %	https://pka.dk/ansvarlighed/ansvarlige-investeringer/politikker-og-rapporter
Pensionskassernes Administration a/s	Vic hldg/vic fin victra 8.75 09/15/29	2026	3.540.184,33	DKK	US92648DAA46	0,03 %	https://pka.dk/ansvarlighed/ansvarlige-investeringer/politikker-og-rapporter
Pensionskassernes Administration a/s	Victoria's secre vsco 4.625 07/15/29	2026	27.510.614,95	DKK	US926400AA00	0,24 %	https://pka.dk/ansvarlighed/ansvarlige-investeringer/politikker-og-rapporter
Pensionskassernes Administration a/s	Vik cruises ltd vikcru 5.875 10/15/33	2026	643.816,94	DKK	US92676XAH08	0,01 %	https://pka.dk/ansvarlighed/ansvarlige-investeringer/politikker-og-rapporter
Pensionskassernes Administration a/s	Viking baked goo risbak 8.625 11/01/31	2026	6.410.400,09	DKK	US92676AAA51	0,06 %	https://pka.dk/ansvarlighed/ansvarlige-investeringer/politikker-og-rapporter
Pensionskassernes Administration a/s	Virgin media fin vmed 5 07/15/30	2026	1.108.214,36	DKK	US92769VAJ89	0,01 %	https://pka.dk/ansvarlighed/ansvarlige-investeringer/politikker-og-rapporter
Pensionskassernes Administration a/s	Virgin media o2 vmed 7.875 03/15/32	2026	7.248.806,01	DKK	XS2963898890	0,06 %	https://pka.dk/ansvarlighed/ansvarlige-investeringer/politikker-og-rapporter
Pensionskassernes Administration a/s	Virgin media sec vmed 4.25 01/15/30	2026	14.546.597,13	DKK	XS2062666602	0,13 %	https://pka.dk/ansvarlighed/ansvarlige-investeringer/politikker-og-rapporter
Pensionskassernes Administration a/s	Virgin media sec vmed 4.5 08/15/30	2026	1.627.012,36	DKK	US92769XAR61	0,01 %	https://pka.dk/ansvarlighed/ansvarlige-investeringer/politikker-og-rapporter
Pensionskassernes Administration a/s	Virgin media sec vmed 5.25 05/15/29	2026	31.373.290,74	DKK	XS1996438948	0,27 %	https://pka.dk/ansvarlighed/ansvarlige-investeringer/politikker-og-rapporter
Pensionskassernes Administration a/s	Virgin media sec vmed 5.5 05/15/29	2026	4.269.129,09	DKK	US92769XAP06	0,04 %	https://pka.dk/ansvarlighed/ansvarlige-investeringer/politikker-og-rapporter
Pensionskassernes Administration a/s	Viridien virifp 10 10/15/30	2026	24.937.194,40	DKK	US12531QAA31	0,21 %	https://pka.dk/ansvarlighed/ansvarlige-investeringer/politikker-og-rapporter
Pensionskassernes Administration a/s	Vistajet malta vstjet 6.375 02/01/30	2026	2.189.861,72	DKK	US92840JAB52	0,02 %	https://pka.dk/ansvarlighed/ansvarlige-investeringer/politikker-og-rapporter
Pensionskassernes Administration a/s	Vistajet malta vstjet 9.5 06/01/28	2026	645.986,71	DKK	US92841HAA05	0,01 %	https://pka.dk/ansvarlighed/ansvarlige-investeringer/politikker-og-rapporter
Pensionskassernes Administration a/s	Vivion vivion 5.625 06/08/30	2026	425.995,47	DKK	XS3230546148	0,00 %	https://pka.dk/ansvarlighed/ansvarlige-investeringer/politikker-og-rapporter
Pensionskassernes Administration a/s	Vm consolidated vrrm 5.5 04/15/29	2026	1.887.171,60	DKK	US91835HAA05	0,02 %	https://pka.dk/ansvarlighed/ansvarlige-investeringer/politikker-og-rapporter
Pensionskassernes Administration a/s	Vmed o2 uk fin vmed 3.25 01/31/31	2026	4.817.192,16	DKK	XS2231188876	0,04 %	https://pka.dk/ansvarlighed/ansvarlige-investeringer/politikker-og-rapporter
Pensionskassernes Administration a/s	Vmed o2 uk fin vmed 4.5 07/15/31	2026	1.451.404,48	DKK	XS2358483258	0,01 %	https://pka.dk/ansvarlighed/ansvarlige-investeringer/politikker-og-rapporter
Pensionskassernes Administration a/s	Vmed o2 uk fin vmed 5.625 04/15/32	2026	1.751.589,84	DKK	XS2796600307	0,02 %	https://pka.dk/ansvarlighed/ansvarlige-investeringer/politikker-og-rapporter
Pensionskassernes Administration a/s	Vmed o2 uk fin vmed 7.75 04/15/32	2026	33.558.898,90	DKK	US92858RAD26	0,29 %	https://pka.dk/ansvarlighed/ansvarlige-investeringer/politikker-og-rapporter
Pensionskassernes Administration a/s	Volcan cia min-b volcan 8.5 10/28/32	2026	1.055.045,02	DKK	US92863UAD81	0,01 %	https://pka.dk/ansvarlighed/ansvarlige-investeringer/politikker-og-rapporter
Pensionskassernes Administration a/s	Volvo car ab vovcab 4.2 06/10/29	2026	29.293.813,39	DKK	XS3088627982	0,25 %	https://pka.dk/ansvarlighed/ansvarlige-investeringer/politikker-og-rapporter
Pensionskassernes Administration a/s	Volvo car ab vovcab 4.75 05/08/30	2026	2.150.184,80	DKK	XS2811097075	0,02 %	https://pka.dk/ansvarlighed/ansvarlige-investeringer/politikker-og-rapporter
Pensionskassernes Administration a/s	Voyager parent l evri 9.25 07/01/32	2026	11.046.801,57	DKK	US92921EAA01	0,10 %	https://pka.dk/ansvarlighed/ansvarlige-investeringer/politikker-og-rapporter
Pensionskassernes Administration a/s	Vz secured finan ziggo 5 01/15/32	2026	2.027.905,86	DKK	US91845AAA34	0,02 %	https://pka.dk/ansvarlighed/ansvarlige-investeringer/politikker-og-rapporter
Pensionskassernes Administration a/s	Vz secured finan ziggo 5.25 01/15/33	2026	2.464.063,20	DKK	XS3181123129	0,02 %	https://pka.dk/ansvarlighed/ansvarlige-investeringer/politikker-og-rapporter
Pensionskassernes Administration a/s	Vz vendor ziggo 2.875 01/15/29	2026	1.220.939,47	DKK	XS2272845798	0,01 %	https://pka.dk/ansvarlighed/ansvarlige-investeringer/politikker-og-rapporter
Pensionskassernes Administration a/s	W & t offshore wti 10.75 02/01/29	2026	665.073,97	DKK	US92922PAN69	0,01 %	https://pka.dk/ansvarlighed/ansvarlige-investeringer/politikker-og-rapporter
Pensionskassernes Administration a/s	Waste pro usa in waspro 7 02/01/33	2026	658.243,84	DKK	US94107JAC71	0,01 %	https://pka.dk/ansvarlighed/ansvarlige-investeringer/politikker-og-rapporter
Pensionskassernes Administration a/s	Wayfair llc w 7.25 10/31/29	2026	1.916.709,29	DKK	US94419NAA54	0,02 %	https://pka.dk/ansvarlighed/ansvarlige-investeringer/politikker-og-rapporter
Pensionskassernes Administration a/s	Wayfair llc w 7.75 09/15/30	2026	23.208.898,60	DKK	US94419NAB38	0,20 %	https://pka.dk/ansvarlighed/ansvarlige-investeringer/politikker-og-rapporter
Pensionskassernes Administration a/s	Webuild spa ipgim 4.875 04/30/30	2026	1.541.402,50	DKK	XS2922654418	0,01 %	https://pka.dk/ansvarlighed/ansvarlige-investeringer/politikker-og-rapporter
Pensionskassernes Administration a/s	Webuild spa ipgim 5.375 06/20/29	2026	1.241.010,69	DKK	XS2830945452	0,01 %	https://pka.dk/ansvarlighed/ansvarlige-investeringer/politikker-og-rapporter
Pensionskassernes Administration a/s	Weir group plc weirln 6.875 06/14/28	2026	3.110.528,76	DKK	XS2630496672	0,03 %	https://pka.dk/ansvarlighed/ansvarlige-investeringer/politikker-og-rapporter
Pensionskassernes Administration a/s	Wesco distribut wcc 5.25 04/15/31	2026	2.046.888,20	DKK	US95081QAT13	0,02 %	https://pka.dk/ansvarlighed/ansvarlige-investeringer/politikker-og-rapporter
Pensionskassernes Administration a/s	Wesco distribut wcc 6.375 03/15/29	2026	921.221,69	DKK	US95081QAQ73	0,01 %	https://pka.dk/ansvarlighed/ansvarlige-investeringer/politikker-og-rapporter
Pensionskassernes Administration a/s	Wesco distribut wcc 6.375 03/15/33	2026	727.574,66	DKK	US95081QAS30	0,01 %	https://pka.dk/ansvarlighed/ansvarlige-investeringer/politikker-og-rapporter
Pensionskassernes Administration a/s	Wesco distribut wcc 7.25 06/15/28	2026	6.445.463,65	DKK	US95081QAP90	0,06 %	https://pka.dk/ansvarlighed/ansvarlige-investeringer/politikker-og-rapporter
Pensionskassernes Administration a/s	Western union co wu 6.2 11/17/36	2026	24.398.482,20	DKK	US959802AH24	0,21 %	https://pka.dk/ansvarlighed/ansvarlige-investeringer/politikker-og-rapporter
Pensionskassernes Administration a/s	Westlake corp wlk 6.375 11/15/55	2026	24.424.125,45	DKK	US960413BC50	0,21 %	https://pka.dk/ansvarlighed/ansvarlige-investeringer/politikker-og-rapporter
Pensionskassernes Administration a/s	Weston (george) wncn 6.69 03/01/33	2026	520.219,37	DKK	CA96115ZAE21	0,00 %	https://pka.dk/ansvarlighed/ansvarlige-investeringer/politikker-og-rapporter
Pensionskassernes Administration a/s	Wex inc wex 6.5 03/15/33	2026	641.910,46	DKK	US96208TAD63	0,01 %	https://pka.dk/ansvarlighed/ansvarlige-investeringer/politikker-og-rapporter
Pensionskassernes Administration a/s	Whirlpool corp whr 4.75 02/26/29	2026	3.781.160,12	DKK	US963320AW61	0,03 %	https://pka.dk/ansvarlighed/ansvarlige-investeringer/politikker-og-rapporter
Pensionskassernes Administration a/s	Whirlpool corp whr 6.125 06/15/30	2026	32.589.193,17	DKK	US963320BD71	0,28 %	https://pka.dk/ansvarlighed/ansvarlige-investeringer/politikker-og-rapporter
Pensionskassernes Administration a/s	Whirlpool corp whr 6.5 06/15/33	2026	1.739.001,42	DKK	US963320BE54	0,01 %	https://pka.dk/ansvarlighed/ansvarlige-investeringer/politikker-og-rapporter
Pensionskassernes Administration a/s	Whirlpool emea whr 0.5 02/20/28	2026	2.081.247,06	DKK	XS2115092954	0,02 %	https://pka.dk/ansvarlighed/ansvarlige-investeringer/politikker-og-rapporter
Pensionskassernes Administration a/s	Whitbread group wtbln 3 05/31/31	2026	19.176.189,16	DKK	XS2293740101	0,16 %	https://pka.dk/ansvarlighed/ansvarlige-investeringer/politikker-og-rapporter
Pensionskassernes Administration a/s	Whitbread group wtbln 5.5 05/31/32	2026	848.473,59	DKK	XS2992313721	0,01 %	https://pka.dk/ansvarlighed/ansvarlige-investeringer/politikker-og-rapporter
Pensionskassernes Administration a/s	Wildfire interme wildfi 7.5 10/15/29	2026	661.395,47	DKK	US96812HAA68	0,01 %	https://pka.dk/ansvarlighed/ansvarlige-investeringer/politikker-og-rapporter
Pensionskassernes Administration a/s	William carter cri 7.375 02/15/31	2026	7.903.517,18	DKK	US96926JAG22	0,07 %	https://pka.dk/ansvarlighed/ansvarlige-investeringer/politikker-og-rapporter
Pensionskassernes Administration a/s	Williams scotsm wlsc 7.375 10/01/31	2026	1.142.588,12	DKK	US96949VAL71	0,01 %	https://pka.dk/ansvarlighed/ansvarlige-investeringer/politikker-og-rapporter
Pensionskassernes Administration a/s	Wilsonart llc wlsnrt 11 08/15/32	2026	543.222,51	DKK	US97246JAA60	0,00 %	https://pka.dk/ansvarlighed/ansvarlige-investeringer/politikker-og-rapporter
Pensionskassernes Administration a/s	Windsor holdings unvr 8.5 06/15/30	2026	939.895,38	DKK	US97360AAA51	0,01 %	https://pka.dk/ansvarlighed/ansvarlige-investeringer/politikker-og-rapporter
Pensionskassernes Administration a/s	Windst servi/esc win 8.25 10/01/31	2026	677.887,28	DKK	US97381AAA07	0,01 %	https://pka.dk/ansvarlighed/ansvarlige-investeringer/politikker-og-rapporter
Pensionskassernes Administration a/s	Wolverine world www 4 08/15/29	2026	666.665,30	DKK	US978097AG86	0,01 %	https://pka.dk/ansvarlighed/ansvarlige-investeringer/politikker-og-rapporter
Pensionskassernes Administration a/s	Worldline sa wlnfp 5.5 06/10/30	2026	16.418.886,11	DKK	FR0014010A08	0,14 %	https://pka.dk/ansvarlighed/ansvarlige-investeringer/politikker-og-rapporter
Pensionskassernes Administration a/s	Wr grace holding gra 5.625 08/15/29	2026	1.350.982,96	DKK	US92943GAA94	0,01 %	https://pka.dk/ansvarlighed/ansvarlige-investeringer/politikker-og-rapporter
Pensionskassernes Administration a/s	Wr grace holding gra 6.625 08/15/32	2026	1.782.188,39	DKK	US92943GAF81	0,02 %	https://pka.dk/ansvarlighed/ansvarlige-investeringer/politikker-og-rapporter
Pensionskassernes Administration a/s	Ws escrow llc ws 7.75 06/01/33	2026	7.537.410,10	DKK	US982104AA93	0,06 %	https://pka.dk/ansvarlighed/ansvarlige-investeringer/politikker-og-rapporter
Pensionskassernes Administration a/s	Wyndham hotels & wh 4.375 08/15/28	2026	26.476.209,60	DKK	US98311AAB17	0,23 %	https://pka.dk/ansvarlighed/ansvarlige-investeringer/politikker-og-rapporter
Pensionskassernes Administration a/s	Wyndham inc tnl 4.625 03/01/30	2026	8.476.818,63	DKK	US98310WAQ15	0,07 %	https://pka.dk/ansvarlighed/ansvarlige-investeringer/politikker-og-rapporter
Pensionskassernes Administration a/s	Wynn las vegas wynnlv 5.25 05/15/27	2026	2.384.409,30	DKK	US983130AX35	0,02 %	https://pka.dk/ansvarlighed/ansvarlige-investeringer/politikker-og-rapporter
Pensionskassernes Administration a/s	Wynn macau ltd wynmac 5.125 12/15/29	2026	2.520.873,75	DKK	US98313RAE62	0,02 %	https://pka.dk/ansvarlighed/ansvarlige-investeringer/politikker-og-rapporter
Pensionskassernes Administration a/s	Xplr infrast op xifr 8.625 03/15/33	2026	5.877.763,57	DKK	US98380MAB19	0,05 %	https://pka.dk/ansvarlighed/ansvarlige-investeringer/politikker-og-rapporter
Pensionskassernes Administration a/s	Xpo inc xpo 7.125 02/01/32	2026	5.598.607,42	DKK	US983793AK61	0,05 %	https://pka.dk/ansvarlighed/ansvarlige-investeringer/politikker-og-rapporter
Pensionskassernes Administration a/s	Yapi kredi banka ykbnk 7.125 10/10/29	2026	1.305.111,89	DKK	US984848AT81	0,01 %	https://pka.dk/ansvarlighed/ansvarlige-investeringer/politikker-og-rapporter
Pensionskassernes Administration a/s	Yorkshire water kel 6.6011 04/17/31	2026	22.436.417,45	DKK	XS0439817577	0,19 %	https://pka.dk/ansvarlighed/ansvarlige-investeringer/politikker-og-rapporter
Pensionskassernes Administration a/s	Yum! brands inc yum 3.625 03/15/31	2026	1.374.000,73	DKK	US988498AN16	0,01 %	https://pka.dk/ansvarlighed/ansvarlige-investeringer/politikker-og-rapporter
Pensionskassernes Administration a/s	Yum! brands inc yum 4.625 01/31/32	2026	2.237.789,11	DKK	US988498AP63	0,02 %	https://pka.dk/ansvarlighed/ansvarlige-investeringer/politikker-og-rapporter
Pensionskassernes Administration a/s	Yum! brands inc yum 4.75 01/15/30	2026	50.511.913,11	DKK	US988498AL59	0,43 %	https://pka.dk/ansvarlighed/ansvarlige-investeringer/politikker-og-rapporter
Pensionskassernes Administration a/s	Zebra tech corp zbra 6.5 06/01/32	2026	655.098,34	DKK	US989207AD75	0,01 %	https://pka.dk/ansvarlighed/ansvarlige-investeringer/politikker-og-rapporter
Pensionskassernes Administration a/s	Zf europe fin bv zffngr 4.75 01/31/29	2026	52.737.120,61	DKK	XS2757520965	0,45 %	https://pka.dk/ansvarlighed/ansvarlige-investeringer/politikker-og-rapporter
Pensionskassernes Administration a/s	Zf europe fin bv zffngr 6.125 03/13/29	2026	6.987.208,75	DKK	XS2681541327	0,06 %	https://pka.dk/ansvarlighed/ansvarlige-investeringer/politikker-og-rapporter
Pensionskassernes Administration a/s	Zf europe fin bv zffngr 7 06/12/30	2026	2.396.263,92	DKK	XS3091660194	0,02 %	https://pka.dk/ansvarlighed/ansvarlige-investeringer/politikker-og-rapporter
Pensionskassernes Administration a/s	Zf na capital zffngr 6.75 04/23/30	2026	2.374.389,72	DKK	US98877DAF24	0,02 %	https://pka.dk/ansvarlighed/ansvarlige-investeringer/politikker-og-rapporter
Pensionskassernes Administration a/s	Zf na capital zffngr 6.875 04/23/32	2026	4.612.916,39	DKK	US98877DAG07	0,04 %	https://pka.dk/ansvarlighed/ansvarlige-investeringer/politikker-og-rapporter
Pensionskassernes Administration a/s	Zf na capital zffngr 7.125 04/14/30	2026	2.858.914,71	DKK	US98877DAE58	0,02 %	https://pka.dk/ansvarlighed/ansvarlige-investeringer/politikker-og-rapporter
Pensionskassernes Administration a/s	Zf na capital zffngr 7.5 03/24/31	2026	8.238.281,98	DKK	US98877DAH89	0,07 %	https://pka.dk/ansvarlighed/ansvarlige-investeringer/politikker-og-rapporter
Pensionskassernes Administration a/s	Zi tech/zi fin zminfo 3.875 02/01/29	2026	1.185.099,64	DKK	US98981BAA08	0,01 %	https://pka.dk/ansvarlighed/ansvarlige-investeringer/politikker-og-rapporter
Pensionskassernes Administration a/s	Ziggo ziggo 3.375 02/28/30	2026	1.108.340,66	DKK	XS2116386132	0,01 %	https://pka.dk/ansvarlighed/ansvarlige-investeringer/politikker-og-rapporter
Pensionskassernes Administration a/s	Ziggo ziggo 6.125 11/15/32	2026	2.547.687,67	DKK	XS2914769299	0,02 %	https://pka.dk/ansvarlighed/ansvarlige-investeringer/politikker-og-rapporter
Pensionskassernes Administration a/s	Zions bancorp zion 3.25 10/29/29	2026	6.111.849,14	DKK	US98971DAB64	0,05 %	https://pka.dk/ansvarlighed/ansvarlige-investeringer/politikker-og-rapporter
