Shareholder - Name	Issuer - Name	Security - Report Date	Security - Market Value - Amount	Security - Market Value - Multiplier	Security - Market Value - Currency Code	Stock - Percent Ownership	Data Source URL
BPL Pension	Staat der Nederlanden	2023-12-31	1.680.293	x1_000	EUR	10,34%	https://www.bplpensioen.nl/beleggen
BPL Pension	Federal Republic of Germany	2023-12-31	1.499.830	x1_000	EUR	9,23%	https://www.bplpensioen.nl/beleggen
BPL Pension	French Republic Government	2023-12-31	393.664	x1_000	EUR	2,42%	https://www.bplpensioen.nl/beleggen
BPL Pension	Republic of Austria	2023-12-31	372.522	x1_000	EUR	2,29%	https://www.bplpensioen.nl/beleggen
BPL Pension	Finland	2023-12-31	150.564	x1_000	EUR	0,93%	https://www.bplpensioen.nl/beleggen
BPL Pension	2I RETE GAS SPA	2023-12-31	2.514	x1_000	EUR	0,02%	https://www.bplpensioen.nl/beleggen
BPL Pension	A2A SpA	2023-12-31	162	x1_000	EUR	0,00%	https://www.bplpensioen.nl/beleggen
BPL Pension	ABANCA CORP BANCARIA SA	2023-12-31	6.9251819400	x1_000	EUR	0,04%	https://www.bplpensioen.nl/beleggen
BPL Pension	ABB International Finance Ltd	2023-12-31	1.459	x1_000	EUR	0,01%	https://www.bplpensioen.nl/beleggen
BPL Pension	Abertis Infraestructuras	2023-12-31	1.487	x1_000	EUR	0,01%	https://www.bplpensioen.nl/beleggen
BPL Pension	ABN AMRO Bank NV	2023-12-31	6.055	x1_000	EUR	0,04%	https://www.bplpensioen.nl/beleggen
BPL Pension	ACCIONA ENERGIA FINANCIA	2023-12-31	5.163	x1_000	EUR	0,03%	https://www.bplpensioen.nl/beleggen
BPL Pension	Acea Spa	2023-12-31	1.910	x1_000	EUR	0,01%	https://www.bplpensioen.nl/beleggen
BPL Pension	ACEF HOLDING SCA	2023-12-31	1.381	x1_000	EUR	0,01%	https://www.bplpensioen.nl/beleggen
BPL Pension	Adp	2023-12-31	2.360	x1_000	EUR	0,01%	https://www.bplpensioen.nl/beleggen
BPL Pension	Aegon NV	2023-12-31	2.43877	x1_000	EUR	0,02%	https://www.bplpensioen.nl/beleggen
BPL Pension	Ageas Hybrid Financing SA	2023-12-31	880888	x1_000	EUR	0,01%	https://www.bplpensioen.nl/beleggen
BPL Pension	AKELIUS RESIDENTIAL AB	2023-12-31	3.364	x1_000	EUR	0,02%	https://www.bplpensioen.nl/beleggen
BPL Pension	ALD SA	2023-12-31	5.668	x1_000	EUR	0,03%	https://www.bplpensioen.nl/beleggen
BPL Pension	Allianz Finance II B.V.	2023-12-31	8.095	x1_000	EUR	0,05%	https://www.bplpensioen.nl/beleggen
BPL Pension	ALPERIA SPA	2023-12-31	105	x1_000	EUR	0,00%	https://www.bplpensioen.nl/beleggen
BPL Pension	Amadeus Capital Markets	2023-12-31	403	x1_000	EUR	0,00%	https://www.bplpensioen.nl/beleggen
BPL Pension	American Tower Corp	2023-12-31	4.400	x1_000	EUR	0,03%	https://www.bplpensioen.nl/beleggen
BPL Pension	AMPRION GMBH	2023-12-31	3.546	x1_000	EUR	0,02%	https://www.bplpensioen.nl/beleggen
BPL Pension	Anglo American Capital PLC	2023-12-31	2.685	x1_000	EUR	0,02%	https://www.bplpensioen.nl/beleggen
BPL Pension	Anheuser Busch InBev NV	2023-12-31	1.676	x1_000	EUR	0,01%	https://www.bplpensioen.nl/beleggen
BPL Pension	ARGENTA SPAARBANK	2023-12-31	1.476	x1_000	EUR	0,01%	https://www.bplpensioen.nl/beleggen
BPL Pension	ARION BANKI HF	2023-12-31	2.658	x1_000	EUR	0,02%	https://www.bplpensioen.nl/beleggen
BPL Pension	Aroundtown SA	2023-12-31	8.661	x1_000	EUR	0,05%	https://www.bplpensioen.nl/beleggen
BPL Pension	ASB Finance Ltd.	2023-12-31	3.850	x1_000	EUR	0,02%	https://www.bplpensioen.nl/beleggen
BPL Pension	Asr Nederland Nv	2023-12-31	949	x1_000	EUR	0,01%	https://www.bplpensioen.nl/beleggen
BPL Pension	Assa Abloy AB	2023-12-31	1.750	x1_000	EUR	0,01%	https://www.bplpensioen.nl/beleggen
BPL Pension	AT&T Inc	2023-12-31	4.620	x1_000	EUR	0,03%	https://www.bplpensioen.nl/beleggen
BPL Pension	ATHENE HOLDING LTD	2023-12-31	11.447	x1_000	EUR	0,07%	https://www.bplpensioen.nl/beleggen
BPL Pension	ATHORA NETHERLANDS	2023-12-31	6.833	x1_000	EUR	0,04%	https://www.bplpensioen.nl/beleggen
BPL Pension	Atlas Copco AB	2023-12-31	283	x1_000	EUR	0,00%	https://www.bplpensioen.nl/beleggen
BPL Pension	AUSNET SERVICES HOLDINGS	2023-12-31	1.773	x1_000	EUR	0,01%	https://www.bplpensioen.nl/beleggen
BPL Pension	Autostrada Torino-Milano SpA	2023-12-31	1.007	x1_000	EUR	0,01%	https://www.bplpensioen.nl/beleggen
BPL Pension	Axa Bank Europe Scf	2023-12-31	8.647	x1_000	EUR	0,05%	https://www.bplpensioen.nl/beleggen
BPL Pension	AXA LOGISTICS EUROPE	2023-12-31	91	x1_000	EUR	0,00%	https://www.bplpensioen.nl/beleggen
BPL Pension	Banca BPM Spa	2023-12-31	7.625	x1_000	EUR	0,05%	https://www.bplpensioen.nl/beleggen
BPL Pension	Banca Monte dei Paschi di Sien	2023-12-31	2.521	x1_000	EUR	0,02%	https://www.bplpensioen.nl/beleggen
BPL Pension	Banco de Sabadell SA	2023-12-31	2.697	x1_000	EUR	0,02%	https://www.bplpensioen.nl/beleggen
BPL Pension	Banco Santander SA	2023-12-31	18.060	x1_000	EUR	0,11%	https://www.bplpensioen.nl/beleggen
BPL Pension	Bank of America Corp	2023-12-31	13.474	x1_000	EUR	0,08%	https://www.bplpensioen.nl/beleggen
BPL Pension	Bank of Nova Scotia	2023-12-31	10.701	x1_000	EUR	0,07%	https://www.bplpensioen.nl/beleggen
BPL Pension	Bankinter SA	2023-12-31	2.983	x1_000	EUR	0,02%	https://www.bplpensioen.nl/beleggen
BPL Pension	Banque Federative Credit Mutuel	2023-12-31	25.975	x1_000	EUR	0,16%	https://www.bplpensioen.nl/beleggen
BPL Pension	BARCLAYS BANK PLC	2023-12-31	2.260	x1_000	EUR	0,01%	https://www.bplpensioen.nl/beleggen
BPL Pension	Bayerische Motoren Werke	2023-12-31	6.878	x1_000	EUR	0,04%	https://www.bplpensioen.nl/beleggen
BPL Pension	Becton Dickinson	2023-12-31	5.976	x1_000	EUR	0,04%	https://www.bplpensioen.nl/beleggen
BPL Pension	Berlin-Hannoversche Hypothekenbank AG	2023-12-31	10.879	x1_000	EUR	0,07%	https://www.bplpensioen.nl/beleggen
BPL Pension	Bertelsmann AG	2023-12-31	4.624	x1_000	EUR	0,03%	https://www.bplpensioen.nl/beleggen
BPL Pension	Blackstone Holdings Fina	2023-12-31	690	x1_000	EUR	0,00%	https://www.bplpensioen.nl/beleggen
BPL Pension	BLACKSTONE PP EUR HOLD	2023-12-31	3.934	x1_000	EUR	0,02%	https://www.bplpensioen.nl/beleggen
BPL Pension	BNP Paribas	2023-12-31	29.895	x1_000	EUR	0,18%	https://www.bplpensioen.nl/beleggen
BPL Pension	BNP Paribas Fortis SA	2023-12-31	5.770	x1_000	EUR	0,04%	https://www.bplpensioen.nl/beleggen
BPL Pension	Bouygues SA	2023-12-31	1.456	x1_000	EUR	0,01%	https://www.bplpensioen.nl/beleggen
BPL Pension	BP Captial Markets PLC	2023-12-31	22.347	x1_000	EUR	0,14%	https://www.bplpensioen.nl/beleggen
BPL Pension	Bpce Sa	2023-12-31	5.533	x1_000	EUR	0,03%	https://www.bplpensioen.nl/beleggen
BPL Pension	BPCE Sfh - Societe de Fi	2023-12-31	25.184	x1_000	EUR	0,15%	https://www.bplpensioen.nl/beleggen
BPL Pension	British Telecommunications PLC	2023-12-31	98	x1_000	EUR	0,00%	https://www.bplpensioen.nl/beleggen
BPL Pension	CA AUTOBANK SPA	2023-12-31	7.810	x1_000	EUR	0,05%	https://www.bplpensioen.nl/beleggen
BPL Pension	CADENT FINANCE PLC	2023-12-31	2.995	x1_000	EUR	0,02%	https://www.bplpensioen.nl/beleggen
BPL Pension	Caisse Francaise De Financemen	2023-12-31	5.266	x1_000	EUR	0,03%	https://www.bplpensioen.nl/beleggen
BPL Pension	Caixabank	2023-12-31	3.161	x1_000	EUR	0,02%	https://www.bplpensioen.nl/beleggen
BPL Pension	Cajamar Caja Rural SCC	2023-12-31	4.537	x1_000	EUR	0,03%	https://www.bplpensioen.nl/beleggen
BPL Pension	Carrefour SA	2023-12-31	4.471	x1_000	EUR	0,03%	https://www.bplpensioen.nl/beleggen
BPL Pension	CASTELLUM AB	2023-12-31	3.623	x1_000	EUR	0,02%	https://www.bplpensioen.nl/beleggen
BPL Pension	CBRE GI OPEN END FUND	2023-12-31	4.784	x1_000	EUR	0,03%	https://www.bplpensioen.nl/beleggen
BPL Pension	CELANESE US HOLDINGS LLC	2023-12-31	4.895	x1_000	EUR	0,03%	https://www.bplpensioen.nl/beleggen
BPL Pension	Cie Financement Foncier	2023-12-31	11.397	x1_000	EUR	0,07%	https://www.bplpensioen.nl/beleggen
BPL Pension	CK Hutchison Holdings Ltd	2023-12-31	2.504	x1_000	EUR	0,02%	https://www.bplpensioen.nl/beleggen
BPL Pension	Coca-Cola Co	2023-12-31	10.636	x1_000	EUR	0,07%	https://www.bplpensioen.nl/beleggen
BPL Pension	Coca-Cola European Partners Plc	2023-12-31	3.490	x1_000	EUR	0,02%	https://www.bplpensioen.nl/beleggen
BPL Pension	Coca-Cola HBC Finance BV	2023-12-31	3.320	x1_000	EUR	0,02%	https://www.bplpensioen.nl/beleggen
BPL Pension	Colgate-Palmolive Co	2023-12-31	1.223	x1_000	EUR	0,01%	https://www.bplpensioen.nl/beleggen
BPL Pension	COLOPLAST FINANCE BV	2023-12-31	5.115	x1_000	EUR	0,03%	https://www.bplpensioen.nl/beleggen
BPL Pension	COMMERZBANK AG	2023-12-31	28.948	x1_000	EUR	0,18%	https://www.bplpensioen.nl/beleggen
BPL Pension	Commonwealth Bank Australia	2023-12-31	1.384	x1_000	EUR	0,01%	https://www.bplpensioen.nl/beleggen
BPL Pension	Compagnie de Saint-Gobain S.A.	2023-12-31	4.974	x1_000	EUR	0,03%	https://www.bplpensioen.nl/beleggen
BPL Pension	Compagnie Financiere Richemont	2023-12-31	2.343	x1_000	EUR	0,01%	https://www.bplpensioen.nl/beleggen
BPL Pension	Credit Agricole Covered Bonds	2023-12-31	17.888	x1_000	EUR	0,11%	https://www.bplpensioen.nl/beleggen
BPL Pension	CREDIT AGRICOLE SA	2023-12-31	16.682	x1_000	EUR	0,10%	https://www.bplpensioen.nl/beleggen
BPL Pension	Credit Logement SA	2023-12-31	773	x1_000	EUR	0,00%	https://www.bplpensioen.nl/beleggen
BPL Pension	Credit Mutuel Arkea	2023-12-31	4.253	x1_000	EUR	0,03%	https://www.bplpensioen.nl/beleggen
BPL Pension	CRELAN SA	2023-12-31	3.437	x1_000	EUR	0,02%	https://www.bplpensioen.nl/beleggen
BPL Pension	CROMWELL EREIT LU FINCO	2023-12-31	4.427	x1_000	EUR	0,03%	https://www.bplpensioen.nl/beleggen
BPL Pension	Danske Bank A/S	2023-12-31	10.924	x1_000	EUR	0,07%	https://www.bplpensioen.nl/beleggen
BPL Pension	DEUTSCHE ANN FIN BV	2023-12-31	4.207	x1_000	EUR	0,03%	https://www.bplpensioen.nl/beleggen
BPL Pension	Deutsche Bahn Finance Bv	2023-12-31	7.199	x1_000	EUR	0,04%	https://www.bplpensioen.nl/beleggen
BPL Pension	Deutsche Bank AG	2023-12-31	15.838	x1_000	EUR	0,10%	https://www.bplpensioen.nl/beleggen
BPL Pension	Deutsche Boerse AG	2023-12-31	11.141	x1_000	EUR	0,07%	https://www.bplpensioen.nl/beleggen
BPL Pension	DH Europe Finance SA	2023-12-31	5.681	x1_000	EUR	0,03%	https://www.bplpensioen.nl/beleggen
BPL Pension	DnB ASA	2023-12-31	12.486	x1_000	EUR	0,08%	https://www.bplpensioen.nl/beleggen
BPL Pension	DVI DT VERMOEGENS IMMVWL	2023-12-31	3.534	x1_000	EUR	0,02%	https://www.bplpensioen.nl/beleggen
BPL Pension	East Japan Railway Co	2023-12-31	3.444	x1_000	EUR	0,02%	https://www.bplpensioen.nl/beleggen
BPL Pension	Edenred	2023-12-31	3.466	x1_000	EUR	0,02%	https://www.bplpensioen.nl/beleggen
BPL Pension	Overzicht beleggingen per 31-12-2023 Pagina 1Electricite de France	2023-12-31	7.834	x1_000	EUR	0,05%	https://www.bplpensioen.nl/beleggen
BPL Pension	Elia System Operator SA/NV	2023-12-31	1.466	x1_000	EUR	0,01%	https://www.bplpensioen.nl/beleggen
BPL Pension	Elis sa	2023-12-31	581	x1_000	EUR	0,00%	https://www.bplpensioen.nl/beleggen
BPL Pension	Enel SpA	2023-12-31	7.873	x1_000	EUR	0,05%	https://www.bplpensioen.nl/beleggen
BPL Pension	Enexis Holding BV	2023-12-31	1.289	x1_000	EUR	0,01%	https://www.bplpensioen.nl/beleggen
BPL Pension	Engie	2023-12-31	7.169	x1_000	EUR	0,04%	https://www.bplpensioen.nl/beleggen
BPL Pension	EON AG	2023-12-31	8.916	x1_000	EUR	0,05%	https://www.bplpensioen.nl/beleggen
BPL Pension	ESB Finance Limited	2023-12-31	1.522	x1_000	EUR	0,01%	https://www.bplpensioen.nl/beleggen
BPL Pension	ESSITY AB	2023-12-31	1.161	x1_000	EUR	0,01%	https://www.bplpensioen.nl/beleggen
BPL Pension	Eurofins Scientific	2023-12-31	491	x1_000	EUR	0,00%	https://www.bplpensioen.nl/beleggen
BPL Pension	Eurogrid Gmbh	2023-12-31	5.327	x1_000	EUR	0,03%	https://www.bplpensioen.nl/beleggen
BPL Pension	EVERETT SPINCO INC	2023-12-31	8.439	x1_000	EUR	0,05%	https://www.bplpensioen.nl/beleggen
BPL Pension	Exxon mobil corp	2023-12-31	523	x1_000	EUR	0,00%	https://www.bplpensioen.nl/beleggen
BPL Pension	Fairfax Financial Holdings Ltd	2023-12-31	4.186	x1_000	EUR	0,03%	https://www.bplpensioen.nl/beleggen
BPL Pension	FASTIGHETS AB BALDER	2023-12-31	293	x1_000	EUR	0,00%	https://www.bplpensioen.nl/beleggen
BPL Pension	FIDELIDADE CIA SEGUROS	2023-12-31	5.157	x1_000	EUR	0,03%	https://www.bplpensioen.nl/beleggen
BPL Pension	Fluviu System OP	2023-12-31	2.721	x1_000	EUR	0,02%	https://www.bplpensioen.nl/beleggen
BPL Pension	Fonciere Des Regions	2023-12-31	1.883	x1_000	EUR	0,01%	https://www.bplpensioen.nl/beleggen
BPL Pension	Fortum Oyj	2023-12-31	1.849	x1_000	EUR	0,01%	https://www.bplpensioen.nl/beleggen
BPL Pension	Fresenius SE	2023-12-31	1.928	x1_000	EUR	0,01%	https://www.bplpensioen.nl/beleggen
BPL Pension	Gecina	2023-12-31	665	x1_000	EUR	0,00%	https://www.bplpensioen.nl/beleggen
BPL Pension	General Electric Co	2023-12-31	431	x1_000	EUR	0,00%	https://www.bplpensioen.nl/beleggen
BPL Pension	Glencore Funding LLC	2023-12-31	5.416	x1_000	EUR	0,03%	https://www.bplpensioen.nl/beleggen
BPL Pension	Goldman Sachs Group Inc	2023-12-31	1.312	x1_000	EUR	0,01%	https://www.bplpensioen.nl/beleggen
BPL Pension	Goodman Funding Pty Ltd	2023-12-31	5.042	x1_000	EUR	0,03%	https://www.bplpensioen.nl/beleggen
BPL Pension	GRAND CITY PROPERTIES SA	2023-12-31	6.524	x1_000	EUR	0,04%	https://www.bplpensioen.nl/beleggen
BPL Pension	Heathrow Funding Ltd	2023-12-31	2.359	x1_000	EUR	0,01%	https://www.bplpensioen.nl/beleggen
BPL Pension	HEIDELBERGCEMENT FINANCE	2023-12-31	1.391	x1_000	EUR	0,01%	https://www.bplpensioen.nl/beleggen
BPL Pension	Heineken Holding NV	2023-12-31	86	x1_000	EUR	0,00%	https://www.bplpensioen.nl/beleggen
BPL Pension	HERAEUS FINANCE GMBH	2023-12-31	9.256	x1_000	EUR	0,06%	https://www.bplpensioen.nl/beleggen
BPL Pension	HOWOGE WOHNUNGS	2023-12-31	3.380	x1_000	EUR	0,02%	https://www.bplpensioen.nl/beleggen
BPL Pension	Huhtamaki OYJ	2023-12-31	419	x1_000	EUR	0,00%	https://www.bplpensioen.nl/beleggen
BPL Pension	Iberdrola International BV	2023-12-31	6.859	x1_000	EUR	0,04%	https://www.bplpensioen.nl/beleggen
BPL Pension	IBM Corp	2023-12-31	3.190	x1_000	EUR	0,02%	https://www.bplpensioen.nl/beleggen
BPL Pension	INFINEON TECHNOLOGIES AG	2023-12-31	3.109	x1_000	EUR	0,02%	https://www.bplpensioen.nl/beleggen
BPL Pension	ING Groep NV	2023-12-31	28.195	x1_000	EUR	0,17%	https://www.bplpensioen.nl/beleggen
BPL Pension	Ing-Diba Ag	2023-12-31	9.437	x1_000	EUR	0,06%	https://www.bplpensioen.nl/beleggen
BPL Pension	International Flavors & Fragrances	2023-12-31	667	x1_000	EUR	0,00%	https://www.bplpensioen.nl/beleggen
BPL Pension	Investec PLC	2023-12-31	10.753	x1_000	EUR	0,07%	https://www.bplpensioen.nl/beleggen
BPL Pension	Investor AB	2023-12-31	1.810	x1_000	EUR	0,01%	https://www.bplpensioen.nl/beleggen
BPL Pension	ISLANDSBANKI	2023-12-31	17.400	x1_000	EUR	0,11%	https://www.bplpensioen.nl/beleggen
BPL Pension	Italgas SpA	2023-12-31	950	x1_000	EUR	0,01%	https://www.bplpensioen.nl/beleggen
BPL Pension	JAB HOLDINGS BV	2023-12-31	4.345	x1_000	EUR	0,03%	https://www.bplpensioen.nl/beleggen
BPL Pension	JP Morgan Chase & Co	2023-12-31	14.293	x1_000	EUR	0,09%	https://www.bplpensioen.nl/beleggen
BPL Pension	KBC Groep NV	2023-12-31	10.603	x1_000	EUR	0,07%	https://www.bplpensioen.nl/beleggen
BPL Pension	Keb Hana Ban	2023-12-31	5.180	x1_000	EUR	0,03%	https://www.bplpensioen.nl/beleggen
BPL Pension	KERING	2023-12-31	7.918	x1_000	EUR	0,05%	https://www.bplpensioen.nl/beleggen
BPL Pension	Kojamo Oyj	2023-12-31	275	x1_000	EUR	0,00%	https://www.bplpensioen.nl/beleggen
BPL Pension	Koninklijke Ahold Delhaize NV	2023-12-31	1.778	x1_000	EUR	0,01%	https://www.bplpensioen.nl/beleggen
BPL Pension	KOREA HOUSING FINANCE CO	2023-12-31	18.752	x1_000	EUR	0,12%	https://www.bplpensioen.nl/beleggen
BPL Pension	KRAFT HEINZ FOODS CO	2023-12-31	587	x1_000	EUR	0,00%	https://www.bplpensioen.nl/beleggen
BPL Pension	LANDSBANKINN HF	2023-12-31	21.218	x1_000	EUR	0,13%	https://www.bplpensioen.nl/beleggen
BPL Pension	LANSFORSAKRINGAR BANK	2023-12-31	6.977	x1_000	EUR	0,04%	https://www.bplpensioen.nl/beleggen
BPL Pension	Lanxess Finance BV	2023-12-31	488	x1_000	EUR	0,00%	https://www.bplpensioen.nl/beleggen
BPL Pension	LEASYS SPA	2023-12-31	15.917	x1_000	EUR	0,10%	https://www.bplpensioen.nl/beleggen
BPL Pension	Lehman Brothers Holdings Inc	2023-12-31	0	x1_000	EUR	0,00%	https://www.bplpensioen.nl/beleggen
BPL Pension	LIBERTY MUTUAL GROUP INC	2023-12-31	4.711	x1_000	EUR	0,03%	https://www.bplpensioen.nl/beleggen
BPL Pension	LOGICOR FINANCING SARL	2023-12-31	1.104	x1_000	EUR	0,01%	https://www.bplpensioen.nl/beleggen
BPL Pension	Lonza Group AG	2023-12-31	1.059	x1_000	EUR	0,01%	https://www.bplpensioen.nl/beleggen
BPL Pension	LUMINOR BANK ESTONIA	2023-12-31	1.839	x1_000	EUR	0,01%	https://www.bplpensioen.nl/beleggen
BPL Pension	LVMH Moet Hennessy Louis Vuitton	2023-12-31	8.230	x1_000	EUR	0,05%	https://www.bplpensioen.nl/beleggen
BPL Pension	Macquarie Group Ltd	2023-12-31	4.754	x1_000	EUR	0,03%	https://www.bplpensioen.nl/beleggen
BPL Pension	Medtronic Inc	2023-12-31	2.225	x1_000	EUR	0,01%	https://www.bplpensioen.nl/beleggen
BPL Pension	MERCEDES-BENZ CA FIN INC	2023-12-31	5.625	x1_000	EUR	0,03%	https://www.bplpensioen.nl/beleggen
BPL Pension	MERLIN PROPERTIES SOCIMI	2023-12-31	427	x1_000	EUR	0,00%	https://www.bplpensioen.nl/beleggen
BPL Pension	Metavante Technologies Inc	2023-12-31	9.457	x1_000	EUR	0,06%	https://www.bplpensioen.nl/beleggen
BPL Pension	MetLife Inc	2023-12-31	4.752	x1_000	EUR	0,03%	https://www.bplpensioen.nl/beleggen
BPL Pension	Michelin Luxembourg	2023-12-31	386	x1_000	EUR	0,00%	https://www.bplpensioen.nl/beleggen
BPL Pension	Mitsubishi UFJ Financial Group	2023-12-31	2.705	x1_000	EUR	0,02%	https://www.bplpensioen.nl/beleggen
BPL Pension	Mizuho Bank Ltd	2023-12-31	5.372	x1_000	EUR	0,03%	https://www.bplpensioen.nl/beleggen
BPL Pension	Morgan Stanley	2023-12-31	13.816	x1_000	EUR	0,09%	https://www.bplpensioen.nl/beleggen
BPL Pension	National Bank of Australia	2023-12-31	5.481	x1_000	EUR	0,03%	https://www.bplpensioen.nl/beleggen
BPL Pension	National Bank of Canada	2023-12-31	10.892	x1_000	EUR	0,07%	https://www.bplpensioen.nl/beleggen
BPL Pension	National Grid PLC	2023-12-31	8.288	x1_000	EUR	0,05%	https://www.bplpensioen.nl/beleggen
BPL Pension	Nationwide Building Society	2023-12-31	25.367	x1_000	EUR	0,16%	https://www.bplpensioen.nl/beleggen
BPL Pension	NATL GAS TRANSMISSION	2023-12-31	1.068	x1_000	EUR	0,01%	https://www.bplpensioen.nl/beleggen
BPL Pension	Natwest Group PLC	2023-12-31	14.139	x1_000	EUR	0,09%	https://www.bplpensioen.nl/beleggen
BPL Pension	NBN CO LTD	2023-12-31	5.305	x1_000	EUR	0,03%	https://www.bplpensioen.nl/beleggen
BPL Pension	Nederlandse Gasunie NV	2023-12-31	2.071	x1_000	EUR	0,01%	https://www.bplpensioen.nl/beleggen
BPL Pension	Neste Oil OYJ	2023-12-31	4.189	x1_000	EUR	0,03%	https://www.bplpensioen.nl/beleggen
BPL Pension	Nestle SA	2023-12-31	25.115	x1_000	EUR	0,15%	https://www.bplpensioen.nl/beleggen
BPL Pension	NetFlix Inc	2023-12-31	6.737	x1_000	EUR	0,04%	https://www.bplpensioen.nl/beleggen
BPL Pension	NN GROUP NV	2023-12-31	17.870	x1_000	EUR	0,11%	https://www.bplpensioen.nl/beleggen
BPL Pension	OMA SAASTOPANKKI OYJ	2023-12-31	22.460	x1_000	EUR	0,14%	https://www.bplpensioen.nl/beleggen
BPL Pension	OMV AG	2023-12-31	1.615	x1_000	EUR	0,01%	https://www.bplpensioen.nl/beleggen
BPL Pension	OP CORPORATE BANK PLC	2023-12-31	14.553	x1_000	EUR	0,09%	https://www.bplpensioen.nl/beleggen
BPL Pension	Orange SA	2023-12-31	11.706	x1_000	EUR	0,07%	https://www.bplpensioen.nl/beleggen
BPL Pension	ORIX Corp	2023-12-31	3.764	x1_000	EUR	0,02%	https://www.bplpensioen.nl/beleggen
BPL Pension	ORSTED A/S	2023-12-31	2.002	x1_000	EUR	0,01%	https://www.bplpensioen.nl/beleggen
BPL Pension	PepsiCo Inc /NC	2023-12-31	1.943	x1_000	EUR	0,01%	https://www.bplpensioen.nl/beleggen
BPL Pension	PERMANENT TSB GROUP	2023-12-31	2.420	x1_000	EUR	0,01%	https://www.bplpensioen.nl/beleggen
BPL Pension	PROCTER & GAMBLE CO	2023-12-31	766	x1_000	EUR	0,00%	https://www.bplpensioen.nl/beleggen
BPL Pension	Prologis International Fund II	2023-12-31	2.769	x1_000	EUR	0,02%	https://www.bplpensioen.nl/beleggen
BPL Pension	Prologis LP	2023-12-31	21.152	x1_000	EUR	0,13%	https://www.bplpensioen.nl/beleggen
BPL Pension	PROSUS NV	2023-12-31	2.219	x1_000	EUR	0,01%	https://www.bplpensioen.nl/beleggen
BPL Pension	Raiffeisen Bank International	2023-12-31	20.021	x1_000	EUR	0,12%	https://www.bplpensioen.nl/beleggen
BPL Pension	Realty Income Corp	2023-12-31	1.130	x1_000	EUR	0,01%	https://www.bplpensioen.nl/beleggen
BPL Pension	Reckitt Benckiser Group PLC	2023-12-31	3.134	x1_000	EUR	0,02%	https://www.bplpensioen.nl/beleggen
BPL Pension	Relx Capital Inc.	2023-12-31	5.813	x1_000	EUR	0,04%	https://www.bplpensioen.nl/beleggen
BPL Pension	REWE INT FINANCE	2023-12-31	4.831	x1_000	EUR	0,03%	https://www.bplpensioen.nl/beleggen
BPL Pension	Roche Holding AG	2023-12-31	6.394	x1_000	EUR	0,04%	https://www.bplpensioen.nl/beleggen
BPL Pension	ROYAL BK CANADA	2023-12-31	7.409	x1_000	EUR	0,05%	https://www.bplpensioen.nl/beleggen
BPL Pension	Sanofi	2023-12-31	1.772	x1_000	EUR	0,01%	https://www.bplpensioen.nl/beleggen
BPL Pension	SanPaolo IMI SpA	2023-12-31	12.039	x1_000	EUR	0,07%	https://www.bplpensioen.nl/beleggen
BPL Pension	SARTORIUS FINANCE BV	2023-12-31	13.317	x1_000	EUR	0,08%	https://www.bplpensioen.nl/beleggen
BPL Pension	Schiphol Airport	2023-12-31	832	x1_000	EUR	0,01%	https://www.bplpensioen.nl/beleggen
BPL Pension	Schneider Electric SA	2023-12-31	3.872	x1_000	EUR	0,02%	https://www.bplpensioen.nl/beleggen
BPL Pension	Segro PLC	2023-12-31	675	x1_000	EUR	0,00%	https://www.bplpensioen.nl/beleggen
BPL Pension	SELP FINANCE SARL	2023-12-31	7.633	x1_000	EUR	0,05%	https://www.bplpensioen.nl/beleggen
BPL Pension	SERVICIOS MEDIO AMBIENTE	2023-12-31	4.758	x1_000	EUR	0,03%	https://www.bplpensioen.nl/beleggen
BPL Pension	Siemens AG	2023-12-31	7.742	x1_000	EUR	0,05%	https://www.bplpensioen.nl/beleggen
BPL Pension	Sirius Real Estate Ltd	2023-12-31	746	x1_000	EUR	0,00%	https://www.bplpensioen.nl/beleggen
BPL Pension	Skandinaviska Enskilda Banken AB	2023-12-31	5.233	x1_000	EUR	0,03%	https://www.bplpensioen.nl/beleggen
BPL Pension	Snam Spa	2023-12-31	2.894	x1_000	EUR	0,02%	https://www.bplpensioen.nl/beleggen
BPL Pension	Societe De Autoroute Paris-Rhone	2023-12-31	4.805	x1_000	EUR	0,03%	https://www.bplpensioen.nl/beleggen
BPL Pension	Societe Generale	2023-12-31	9.077	x1_000	EUR	0,06%	https://www.bplpensioen.nl/beleggen
BPL Pension	Societe Generale SA	2023-12-31	16.130	x1_000	EUR	0,10%	https://www.bplpensioen.nl/beleggen
BPL Pension	SOGECAP SA	2023-12-31	1.630	x1_000	EUR	0,01%	https://www.bplpensioen.nl/beleggen
BPL Pension	Sparebank 1 Boligkreditt	2023-12-31	5.179	x1_000	EUR	0,03%	https://www.bplpensioen.nl/beleggen
BPL Pension	Overzicht beleggingen per 31-12-2023 Pagina 2Sparebank 1 Oestlandet	2023-12-31	1.022	x1_000	EUR	0,01%	https://www.bplpensioen.nl/beleggen
BPL Pension	Sparebanken Vest Boligkr	2023-12-31	12.865	x1_000	EUR	0,08%	https://www.bplpensioen.nl/beleggen
BPL Pension	Stellantis NV	2023-12-31	3.390	x1_000	EUR	0,02%	https://www.bplpensioen.nl/beleggen
BPL Pension	Stryker Corp	2023-12-31	3.013	x1_000	EUR	0,02%	https://www.bplpensioen.nl/beleggen
BPL Pension	SUEZ	2023-12-31	2.389	x1_000	EUR	0,01%	https://www.bplpensioen.nl/beleggen
BPL Pension	Sumitomo Mitsui Banking Corp	2023-12-31	3.526	x1_000	EUR	0,02%	https://www.bplpensioen.nl/beleggen
BPL Pension	Sumitomo Mitsui Trust Holdings	2023-12-31	15.565	x1_000	EUR	0,10%	https://www.bplpensioen.nl/beleggen
BPL Pension	Svenska Handelsbanken AB	2023-12-31	1.921	x1_000	EUR	0,01%	https://www.bplpensioen.nl/beleggen
BPL Pension	Takeda Pharmaceutical Co Ltd	2023-12-31	517	x1_000	EUR	0,00%	https://www.bplpensioen.nl/beleggen
BPL Pension	Tapestry Inc	2023-12-31	5.172	x1_000	EUR	0,03%	https://www.bplpensioen.nl/beleggen
BPL Pension	TATRA BANKA AS	2023-12-31	2.022	x1_000	EUR	0,01%	https://www.bplpensioen.nl/beleggen
BPL Pension	TD Bank US Holding Co	2023-12-31	19.296	x1_000	EUR	0,12%	https://www.bplpensioen.nl/beleggen
BPL Pension	TDF Infrastructure SAS	2023-12-31	1.570	x1_000	EUR	0,01%	https://www.bplpensioen.nl/beleggen
BPL Pension	TELEFONICA EUROPE BV	2023-12-31	3.690	x1_000	EUR	0,02%	https://www.bplpensioen.nl/beleggen
BPL Pension	Teleperformance	2023-12-31	2.536	x1_000	EUR	0,02%	https://www.bplpensioen.nl/beleggen
BPL Pension	Telia Company AB	2023-12-31	1.210	x1_000	EUR	0,01%	https://www.bplpensioen.nl/beleggen
BPL Pension	Tennet BV	2023-12-31	21.442	x1_000	EUR	0,13%	https://www.bplpensioen.nl/beleggen
BPL Pension	Teollisuuden Voima Oy	2023-12-31	1.610	x1_000	EUR	0,01%	https://www.bplpensioen.nl/beleggen
BPL Pension	TERNA SPA	2023-12-31	6.861	x1_000	EUR	0,04%	https://www.bplpensioen.nl/beleggen
BPL Pension	THAMES WATER KEMBLE FINA	2023-12-31	6.423	x1_000	EUR	0,04%	https://www.bplpensioen.nl/beleggen
BPL Pension	Thermo Fisher Scientific Inc	2023-12-31	5.725	x1_000	EUR	0,04%	https://www.bplpensioen.nl/beleggen
BPL Pension	Total SA	2023-12-31	22.919	x1_000	EUR	0,14%	https://www.bplpensioen.nl/beleggen
BPL Pension	Transurban Group	2023-12-31	1.727	x1_000	EUR	0,01%	https://www.bplpensioen.nl/beleggen
BPL Pension	TRIODOS BANK NV	2023-12-31	2.724	x1_000	EUR	0,02%	https://www.bplpensioen.nl/beleggen
BPL Pension	UBS	2023-12-31	50.036	x1_000	EUR	0,31%	https://www.bplpensioen.nl/beleggen
BPL Pension	Unicaja Banco SA	2023-12-31	5.479	x1_000	EUR	0,03%	https://www.bplpensioen.nl/beleggen
BPL Pension	UNICREDIT BANK CZECH RE	2023-12-31	2.696	x1_000	EUR	0,02%	https://www.bplpensioen.nl/beleggen
BPL Pension	UNICREDIT BK AUSTRIA AG	2023-12-31	1.081	x1_000	EUR	0,01%	https://www.bplpensioen.nl/beleggen
BPL Pension	UniCredit SpA	2023-12-31	7.397	x1_000	EUR	0,05%	https://www.bplpensioen.nl/beleggen
BPL Pension	Unilever N.V.	2023-12-31	95	x1_000	EUR	0,00%	https://www.bplpensioen.nl/beleggen
BPL Pension	Uniqa Insurance Group AG	2023-12-31	2.996	x1_000	EUR	0,02%	https://www.bplpensioen.nl/beleggen
BPL Pension	UNIVERSAL MUSIC GROUP NV	2023-12-31	1.918	x1_000	EUR	0,01%	https://www.bplpensioen.nl/beleggen
BPL Pension	UPJOHN FINANCE BV	2023-12-31	4.183	x1_000	EUR	0,03%	https://www.bplpensioen.nl/beleggen
BPL Pension	Vattenfall AB	2023-12-31	2.048	x1_000	EUR	0,01%	https://www.bplpensioen.nl/beleggen
BPL Pension	Veralto Corp	2023-12-31	7.356	x1_000	EUR	0,05%	https://www.bplpensioen.nl/beleggen
BPL Pension	Verizon Communications	2023-12-31	1.814	x1_000	EUR	0,01%	https://www.bplpensioen.nl/beleggen
BPL Pension	Vinci SA	2023-12-31	2.819	x1_000	EUR	0,02%	https://www.bplpensioen.nl/beleggen
BPL Pension	Vodafone Group PLC	2023-12-31	1.894	x1_000	EUR	0,01%	https://www.bplpensioen.nl/beleggen
BPL Pension	Volvo AB	2023-12-31	390	x1_000	EUR	0,00%	https://www.bplpensioen.nl/beleggen
BPL Pension	VSEOBECNA UVEROVA BANKA	2023-12-31	4.061	x1_000	EUR	0,02%	https://www.bplpensioen.nl/beleggen
BPL Pension	VW Credit Inc	2023-12-31	24.878	x1_000	EUR	0,15%	https://www.bplpensioen.nl/beleggen
BPL Pension	Westpac Banking Corp	2023-12-31	10.729	x1_000	EUR	0,07%	https://www.bplpensioen.nl/beleggen
BPL Pension	WESTPAC NEW ZEALAND LTD	2023-12-31	7.423	x1_000	EUR	0,05%	https://www.bplpensioen.nl/beleggen
BPL Pension	WFD UNIBAIL RODAMCO	2023-12-31	5.215	x1_000	EUR	0,03%	https://www.bplpensioen.nl/beleggen
BPL Pension	WINTERSHALL DEA FINANCE	2023-12-31	2.063	x1_000	EUR	0,01%	https://www.bplpensioen.nl/beleggen
BPL Pension	WP Carey Inc	2023-12-31	923	x1_000	EUR	0,01%	https://www.bplpensioen.nl/beleggen
BPL Pension	WPP PLC	2023-12-31	2.849	x1_000	EUR	0,02%	https://www.bplpensioen.nl/beleggen
BPL Pension	Yorkshire Building Society	2023-12-31	12.056	x1_000	EUR	0,07%	https://www.bplpensioen.nl/beleggen
BPL Pension	Anterix Inc	2023-12-31	9	x1_000	EUR	0,00%	https://www.bplpensioen.nl/beleggen
BPL Pension	Vastrentende Waarden - Staatsobligaties Antero Midstream Corp	2023-12-31	145	x1_000	EUR	0,00%	https://www.bplpensioen.nl/beleggen
BPL Pension	Bagan Capital Ltd	2023-12-31	2.233	x1_000	EUR	0,01%	https://www.bplpensioen.nl/beleggen
BPL Pension	Banco Del Estado - Chile	2023-12-31	700	x1_000	EUR	0,00%	https://www.bplpensioen.nl/beleggen
BPL Pension	BANCO NACIONAL COMERCIO	2023-12-31	787	x1_000	EUR	0,00%	https://www.bplpensioen.nl/beleggen
BPL Pension	BANCO NACIONAL DE PANAMA	2023-12-31	864	x1_000	EUR	0,01%	https://www.bplpensioen.nl/beleggen
BPL Pension	BANK GOSPODARSTWA KRAJOW	2023-12-31	3.359	x1_000	EUR	0,02%	https://www.bplpensioen.nl/beleggen
BPL Pension	BONOS TESORERIA PESOS	2023-12-31	44.390	x1_000	EUR	0,27%	https://www.bplpensioen.nl/beleggen
BPL Pension	Bundesobligation	2023-12-31	115.430	x1_000	EUR	0,71%	https://www.bplpensioen.nl/beleggen
BPL Pension	Codelco Inc	2023-12-31	12.803	x1_000	EUR	0,08%	https://www.bplpensioen.nl/beleggen
BPL Pension	Colombia Government International Bond	2023-12-31	28.809	x1_000	EUR	0,18%	https://www.bplpensioen.nl/beleggen
BPL Pension	CORP FINANCI DE DESARROL	2023-12-31	486	x1_000	EUR	0,00%	https://www.bplpensioen.nl/beleggen
BPL Pension	Czech Republic Government Bond	2023-12-31	78.420	x1_000	EUR	0,48%	https://www.bplpensioen.nl/beleggen
BPL Pension	Dominican Republic International Bond	2023-12-31	21.174	x1_000	EUR	0,13%	https://www.bplpensioen.nl/beleggen
BPL Pension	Ecuador Government International Bond	2023-12-31	5.118	x1_000	EUR	0,03%	https://www.bplpensioen.nl/beleggen
BPL Pension	EL FONDO MIVIVIENDA SA	2023-12-31	820	x1_000	EUR	0,01%	https://www.bplpensioen.nl/beleggen
BPL Pension	EMPRESA DE LOS FERROCARR	2023-12-31	564	x1_000	EUR	0,00%	https://www.bplpensioen.nl/beleggen
BPL Pension	Empresa De Transporte Me	2023-12-31	1.888	x1_000	EUR	0,01%	https://www.bplpensioen.nl/beleggen
BPL Pension	Empresa Nacional De Pertroleo	2023-12-31	1.703	x1_000	EUR	0,01%	https://www.bplpensioen.nl/beleggen
BPL Pension	Fed Republic Of Brazil	2023-12-31	27.336	x1_000	EUR	0,17%	https://www.bplpensioen.nl/beleggen
BPL Pension	Federal Republic of Germany	2023-12-31	1.499.830	x1_000	EUR	9,23%	https://www.bplpensioen.nl/beleggen
BPL Pension	Federative Republic of Brazil	2023-12-31	89.731	x1_000	EUR	0,55%	https://www.bplpensioen.nl/beleggen
BPL Pension	Finland	2023-12-31	150.564	x1_000	EUR	0,93%	https://www.bplpensioen.nl/beleggen
BPL Pension	French Republic Government	2023-12-31	393.664	x1_000	EUR	2,42%	https://www.bplpensioen.nl/beleggen
BPL Pension	Hungarian Development Ba	2023-12-31	1.674	x1_000	EUR	0,01%	https://www.bplpensioen.nl/beleggen
BPL Pension	Hungary Government Bond	2023-12-31	38.506	x1_000	EUR	0,24%	https://www.bplpensioen.nl/beleggen
BPL Pension	Instituto Costarricense de Electricidad	2023-12-31	1.057	x1_000	EUR	0,01%	https://www.bplpensioen.nl/beleggen
BPL Pension	Jamaica Government International Bond	2023-12-31	1.453	x1_000	EUR	0,01%	https://www.bplpensioen.nl/beleggen
BPL Pension	Jsc Georgian Railway	2023-12-31	1.283	x1_000	EUR	0,01%	https://www.bplpensioen.nl/beleggen
BPL Pension	KUWAIT INTL BOND	2023-12-31	2.768	x1_000	EUR	0,02%	https://www.bplpensioen.nl/beleggen
BPL Pension	Magyar Export-Import Bank	2023-12-31	2.103	x1_000	EUR	0,01%	https://www.bplpensioen.nl/beleggen
BPL Pension	Malaysia Government Bond	2023-12-31	63.573	x1_000	EUR	0,39%	https://www.bplpensioen.nl/beleggen
BPL Pension	MALAYSIA INVESTMNT ISSUE	2023-12-31	41.676	x1_000	EUR	0,26%	https://www.bplpensioen.nl/beleggen
BPL Pension	Malaysia Sukuk Global B	2023-12-31	6.515	x1_000	EUR	0,04%	https://www.bplpensioen.nl/beleggen
BPL Pension	Mexican Bonos	2023-12-31	91.449	x1_000	EUR	0,56%	https://www.bplpensioen.nl/beleggen
BPL Pension	MEXICO CITY ARPT TRUST	2023-12-31	1.321	x1_000	EUR	0,01%	https://www.bplpensioen.nl/beleggen
BPL Pension	Morocco Government International Bond	2023-12-31	1.945	x1_000	EUR	0,01%	https://www.bplpensioen.nl/beleggen
BPL Pension	MVM ENERGETIKA ZRT	2023-12-31	1.161	x1_000	EUR	0,01%	https://www.bplpensioen.nl/beleggen
BPL Pension	Namibia International Bonds	2023-12-31	477	x1_000	EUR	0,00%	https://www.bplpensioen.nl/beleggen
BPL Pension	NPC UKRENERGO	2023-12-31	129	x1_000	EUR	0,00%	https://www.bplpensioen.nl/beleggen
BPL Pension	PEMEX Project Funding Master Trust	2023-12-31	14.165	x1_000	EUR	0,09%	https://www.bplpensioen.nl/beleggen
BPL Pension	PERU BONO SOBERANO	2023-12-31	32.801	x1_000	EUR	0,20%	https://www.bplpensioen.nl/beleggen
BPL Pension	Peruvian Government International Bond	2023-12-31	25.753	x1_000	EUR	0,16%	https://www.bplpensioen.nl/beleggen
BPL Pension	PETROLEOS DEL PERU SA	2023-12-31	2.602	x1_000	EUR	0,02%	https://www.bplpensioen.nl/beleggen
BPL Pension	Petroliam Nasional Berhd	2023-12-31	18.973	x1_000	EUR	0,12%	https://www.bplpensioen.nl/beleggen
BPL Pension	Poland Government Bond	2023-12-31	83.172	x1_000	EUR	0,51%	https://www.bplpensioen.nl/beleggen
BPL Pension	Rep of Trinidad & Tobaco	2023-12-31	2.586	x1_000	EUR	0,02%	https://www.bplpensioen.nl/beleggen
BPL Pension	Republic of Armenia	2023-12-31	869	x1_000	EUR	0,01%	https://www.bplpensioen.nl/beleggen
BPL Pension	Republic of Austria	2023-12-31	372.522	x1_000	EUR	2,29%	https://www.bplpensioen.nl/beleggen
BPL Pension	Republic of Chile	2023-12-31	20.984	x1_000	EUR	0,13%	https://www.bplpensioen.nl/beleggen
BPL Pension	Republic of Colombia	2023-12-31	38.886	x1_000	EUR	0,24%	https://www.bplpensioen.nl/beleggen
BPL Pension	Republic of Costa Rica	2023-12-31	7.584	x1_000	EUR	0,05%	https://www.bplpensioen.nl/beleggen
BPL Pension	Republic Of El Salvador	2023-12-31	2.317	x1_000	EUR	0,01%	https://www.bplpensioen.nl/beleggen
BPL Pension	Republic Of Georgia	2023-12-31	855	x1_000	EUR	0,01%	https://www.bplpensioen.nl/beleggen
BPL Pension	Republic of Ghana	2023-12-31	171	x1_000	EUR	0,00%	https://www.bplpensioen.nl/beleggen
BPL Pension	Republic of Hungary	2023-12-31	21.395	x1_000	EUR	0,13%	https://www.bplpensioen.nl/beleggen
BPL Pension	Republic Of Panama	2023-12-31	16.384	x1_000	EUR	0,10%	https://www.bplpensioen.nl/beleggen
BPL Pension	REPUBLIC OF PARAGUAY	2023-12-31	3.858	x1_000	EUR	0,02%	https://www.bplpensioen.nl/beleggen
BPL Pension	Republic Of Poland	2023-12-31	14.590	x1_000	EUR	0,09%	https://www.bplpensioen.nl/beleggen
BPL Pension	Republic of Serbia	2023-12-31	1.534	x1_000	EUR	0,01%	https://www.bplpensioen.nl/beleggen
BPL Pension	Republic Of South Africa	2023-12-31	11.747	x1_000	EUR	0,07%	https://www.bplpensioen.nl/beleggen
BPL Pension	Republic of zambia	2023-12-31	378	x1_000	EUR	0,00%	https://www.bplpensioen.nl/beleggen
BPL Pension	Romania	2023-12-31	30.201	x1_000	EUR	0,19%	https://www.bplpensioen.nl/beleggen
BPL Pension	Romania Government Bond	2023-12-31	33.337	x1_000	EUR	0,21%	https://www.bplpensioen.nl/beleggen
BPL Pension	Serbia Treasury Bonds	2023-12-31	1.414	x1_000	EUR	0,01%	https://www.bplpensioen.nl/beleggen
BPL Pension	South Africa Government Bond	2023-12-31	58.416	x1_000	EUR	0,36%	https://www.bplpensioen.nl/beleggen
BPL Pension	Sri Lanka Government International Bond	2023-12-31	3.168	x1_000	EUR	0,02%	https://www.bplpensioen.nl/beleggen
BPL Pension	Staat der Nederlanden	2023-12-31	1.680.293	x1_000	EUR	10,34%	https://www.bplpensioen.nl/beleggen
BPL Pension	Transnet Ltd	2023-12-31	657	x1_000	EUR	0,00%	https://www.bplpensioen.nl/beleggen
BPL Pension	TRINIDAD PETROLEUM HOLDI	2023-12-31	930	x1_000	EUR	0,01%	https://www.bplpensioen.nl/beleggen
BPL Pension	TUNISIAN REPUBLIC	2023-12-31	531	x1_000	EUR	0,00%	https://www.bplpensioen.nl/beleggen
BPL Pension	Ukraine Government	2023-12-31	1.594	x1_000	EUR	0,01%	https://www.bplpensioen.nl/beleggen
BPL Pension	Overzicht beleggingen per 31-12-2023 Pagina 3UNITED MEXICAN STATES	2023-12-31	25.088	x1_000	EUR	0,15%	https://www.bplpensioen.nl/beleggen
BPL Pension	Uruguay Government International Bond	2023-12-31	5.000	x1_000	EUR	0,03%	https://www.bplpensioen.nl/beleggen
BPL Pension	Uz Rail via Shortline	2023-12-31	171	x1_000	EUR	0,00%	https://www.bplpensioen.nl/beleggen
BPL Pension	Arthur J Gallagher & Co	2023-12-31	1.917	x1_000	EUR	0,01%	https://www.bplpensioen.nl/beleggen
BPL Pension	Artis Real Estate Investment T	2023-12-31	11	x1_000	EUR	0,00%	https://www.bplpensioen.nl/beleggen
BPL Pension	Artisan Partners Asset Managem	2023-12-31	3.080	x1_000	EUR	0,02%	https://www.bplpensioen.nl/beleggen
BPL Pension	Artivion Inc	2023-12-31	10	x1_000	EUR	0,00%	https://www.bplpensioen.nl/beleggen
BPL Pension	Arvinas Inc	2023-12-31	49	x1_000	EUR	0,00%	https://www.bplpensioen.nl/beleggen
BPL Pension	Aryzta AG	2023-12-31	2.662	x1_000	EUR	0,02%	https://www.bplpensioen.nl/beleggen
BPL Pension	As One Corp	2023-12-31	25	x1_000	EUR	0,00%	https://www.bplpensioen.nl/beleggen
BPL Pension	Asahi Breweries Ltd	2023-12-31	29	x1_000	EUR	0,00%	https://www.bplpensioen.nl/beleggen
BPL Pension	Asahi Kasei Corp	2023-12-31	1.246	x1_000	EUR	0,01%	https://www.bplpensioen.nl/beleggen
BPL Pension	Asahi Organic Chemicals Indust	2023-12-31	29	x1_000	EUR	0,00%	https://www.bplpensioen.nl/beleggen
BPL Pension	Asana Inc	2023-12-31	43	x1_000	EUR	0,00%	https://www.bplpensioen.nl/beleggen
BPL Pension	Asbury Automotive Group Inc	2023-12-31	152	x1_000	EUR	0,00%	https://www.bplpensioen.nl/beleggen
BPL Pension	Ascential PLC	2023-12-31	47	x1_000	EUR	0,00%	https://www.bplpensioen.nl/beleggen
BPL Pension	Ascopiave SpA	2023-12-31	47	x1_000	EUR	0,00%	https://www.bplpensioen.nl/beleggen
BPL Pension	Ashikaga Holdings Co Ltd	2023-12-31	169	x1_000	EUR	0,00%	https://www.bplpensioen.nl/beleggen
BPL Pension	ASHLAND INC	2023-12-31	115	x1_000	EUR	0,00%	https://www.bplpensioen.nl/beleggen
BPL Pension	Ashmore Group PLC	2023-12-31	18	x1_000	EUR	0,00%	https://www.bplpensioen.nl/beleggen
BPL Pension	Ashtead Group PLC	2023-12-31	612	x1_000	EUR	0,00%	https://www.bplpensioen.nl/beleggen
BPL Pension	Ashtrom Group Ltd	2023-12-31	18	x1_000	EUR	0,00%	https://www.bplpensioen.nl/beleggen
BPL Pension	Asics Corp	2023-12-31	811	x1_000	EUR	0,00%	https://www.bplpensioen.nl/beleggen
BPL Pension	ASKUL Corp	2023-12-31	15	x1_000	EUR	0,00%	https://www.bplpensioen.nl/beleggen
BPL Pension	ASM International NV	2023-12-31	2.550	x1_000	EUR	0,02%	https://www.bplpensioen.nl/beleggen
BPL Pension	ASM Pacific Technology Limited	2023-12-31	1.404	x1_000	EUR	0,01%	https://www.bplpensioen.nl/beleggen
BPL Pension	ASML Holding N.V.	2023-12-31	3.811	x1_000	EUR	0,02%	https://www.bplpensioen.nl/beleggen
BPL Pension	ASOS PLC	2023-12-31	8	x1_000	EUR	0,00%	https://www.bplpensioen.nl/beleggen
BPL Pension	Aspen Aerogels Inc	2023-12-31	29	x1_000	EUR	0,00%	https://www.bplpensioen.nl/beleggen
BPL Pension	Assa Abloy AB	2023-12-31	1.497	x1_000	EUR	0,01%	https://www.bplpensioen.nl/beleggen
BPL Pension	Asset Managers Holdings Co Ltd	2023-12-31	17	x1_000	EUR	0,00%	https://www.bplpensioen.nl/beleggen
BPL Pension	Assetmark Financial Holdings I	2023-12-31	16	x1_000	EUR	0,00%	https://www.bplpensioen.nl/beleggen
BPL Pension	Assicurazioni Generali SpA	2023-12-31	12.631	x1_000	EUR	0,08%	https://www.bplpensioen.nl/beleggen
BPL Pension	Assoc Banc-Corp	2023-12-31	150	x1_000	EUR	0,00%	https://www.bplpensioen.nl/beleggen
BPL Pension	Assura Group Ltd	2023-12-31	48	x1_000	EUR	0,00%	https://www.bplpensioen.nl/beleggen
BPL Pension	Assured Guaranty Ltd	2023-12-31	185	x1_000	EUR	0,00%	https://www.bplpensioen.nl/beleggen
BPL Pension	Astec Industries Inc	2023-12-31	10	x1_000	EUR	0,00%	https://www.bplpensioen.nl/beleggen
BPL Pension	Aston Martin Lagonda Global Ho	2023-12-31	38	x1_000	EUR	0,00%	https://www.bplpensioen.nl/beleggen
BPL Pension	AstraZeneca	2023-12-31	5.368	x1_000	EUR	0,03%	https://www.bplpensioen.nl/beleggen
BPL Pension	Astronics Corp	2023-12-31	48	x1_000	EUR	0,00%	https://www.bplpensioen.nl/beleggen
BPL Pension	AT&T Inc	2023-12-31	21.842	x1_000	EUR	0,13%	https://www.bplpensioen.nl/beleggen
BPL Pension	Atalaya Mining PLC	2023-12-31	12	x1_000	EUR	0,00%	https://www.bplpensioen.nl/beleggen
BPL Pension	Atco Ltd/Canada	2023-12-31	118	x1_000	EUR	0,00%	https://www.bplpensioen.nl/beleggen
BPL Pension	Atea ASA	2023-12-31	619	x1_000	EUR	0,00%	https://www.bplpensioen.nl/beleggen
BPL Pension	Atlanta Braves Holdings Inc	2023-12-31	34	x1_000	EUR	0,00%	https://www.bplpensioen.nl/beleggen
BPL Pension	Atlantic Tele-Network Inc	2023-12-31	11	x1_000	EUR	0,00%	https://www.bplpensioen.nl/beleggen
BPL Pension	Atlantic Union Bankshares Corp	2023-12-31	60	x1_000	EUR	0,00%	https://www.bplpensioen.nl/beleggen
BPL Pension	Atlanticus Holdings Corp	2023-12-31	11	x1_000	EUR	0,00%	https://www.bplpensioen.nl/beleggen
BPL Pension	Atlas Arteria	2023-12-31	212	x1_000	EUR	0,00%	https://www.bplpensioen.nl/beleggen
BPL Pension	Atlas Copco AB	2023-12-31	2.818	x1_000	EUR	0,02%	https://www.bplpensioen.nl/beleggen
BPL Pension	Atlassian Corp PLC	2023-12-31	9.842	x1_000	EUR	0,06%	https://www.bplpensioen.nl/beleggen
BPL Pension	Atmos Energy Corp	2023-12-31	2.883	x1_000	EUR	0,02%	https://www.bplpensioen.nl/beleggen
BPL Pension	Atmus Filtration Technologies	2023-12-31	36	x1_000	EUR	0,00%	https://www.bplpensioen.nl/beleggen
BPL Pension	Atom Corp	2023-12-31	14	x1_000	EUR	0,00%	https://www.bplpensioen.nl/beleggen
BPL Pension	ATOS SE	2023-12-31	23	x1_000	EUR	0,00%	https://www.bplpensioen.nl/beleggen
BPL Pension	Atoss Software AG	2023-12-31	18	x1_000	EUR	0,00%	https://www.bplpensioen.nl/beleggen
BPL Pension	AtriCure Inc	2023-12-31	39	x1_000	EUR	0,00%	https://www.bplpensioen.nl/beleggen
BPL Pension	Atrion Corp	2023-12-31	7	x1_000	EUR	0,00%	https://www.bplpensioen.nl/beleggen
BPL Pension	Atrium Ljungberg AB-B Shares	2023-12-31	34	x1_000	EUR	0,00%	https://www.bplpensioen.nl/beleggen
BPL Pension	ATS Corp	2023-12-31	110	x1_000	EUR	0,00%	https://www.bplpensioen.nl/beleggen
BPL Pension	AUB Group Ltd	2023-12-31	62	x1_000	EUR	0,00%	https://www.bplpensioen.nl/beleggen
BPL Pension	Aubay	2023-12-31	10	x1_000	EUR	0,00%	https://www.bplpensioen.nl/beleggen
BPL Pension	Auckland International Airport	2023-12-31	246	x1_000	EUR	0,00%	https://www.bplpensioen.nl/beleggen
BPL Pension	Auction Technology Group PLC	2023-12-31	15	x1_000	EUR	0,00%	https://www.bplpensioen.nl/beleggen
BPL Pension	Audax Renovables SA	2023-12-31	13	x1_000	EUR	0,00%	https://www.bplpensioen.nl/beleggen
BPL Pension	Audinate Group Ltd	2023-12-31	12	x1_000	EUR	0,00%	https://www.bplpensioen.nl/beleggen
BPL Pension	Aura Investments Ltd	2023-12-31	17	x1_000	EUR	0,00%	https://www.bplpensioen.nl/beleggen
BPL Pension	Aurinia Pharmaceuticals Inc	2023-12-31	36	x1_000	EUR	0,00%	https://www.bplpensioen.nl/beleggen
BPL Pension	Aurizon Holdings Ltd	2023-12-31	913	x1_000	EUR	0,01%	https://www.bplpensioen.nl/beleggen
BPL Pension	Aurora Innovation Inc	2023-12-31	62	x1_000	EUR	0,00%	https://www.bplpensioen.nl/beleggen
BPL Pension	Aurubis AG	2023-12-31	17	x1_000	EUR	0,00%	https://www.bplpensioen.nl/beleggen
BPL Pension	Aussie Broadband Ltd	2023-12-31	16	x1_000	EUR	0,00%	https://www.bplpensioen.nl/beleggen
BPL Pension	Austal Ltd	2023-12-31	11	x1_000	EUR	0,00%	https://www.bplpensioen.nl/beleggen
BPL Pension	AustAsia Group Ltd	2023-12-31	1	x1_000	EUR	0,00%	https://www.bplpensioen.nl/beleggen
BPL Pension	Austevoll Seafood ASA	2023-12-31	1.162	x1_000	EUR	0,01%	https://www.bplpensioen.nl/beleggen
BPL Pension	Australian & New Zealand Banking Group Ltd	2023-12-31	5.992	x1_000	EUR	0,04%	https://www.bplpensioen.nl/beleggen
BPL Pension	Australian Clinical Labs Ltd	2023-12-31	24	x1_000	EUR	0,00%	https://www.bplpensioen.nl/beleggen
BPL Pension	Austria Technologie & Systemte	2023-12-31	7	x1_000	EUR	0,00%	https://www.bplpensioen.nl/beleggen
BPL Pension	Auto Trader Group PLC	2023-12-31	256	x1_000	EUR	0,00%	https://www.bplpensioen.nl/beleggen
BPL Pension	Auto1 Group SE	2023-12-31	19	x1_000	EUR	0,00%	https://www.bplpensioen.nl/beleggen
BPL Pension	Autobacs Seven Co Ltd	2023-12-31	27	x1_000	EUR	0,00%	https://www.bplpensioen.nl/beleggen
BPL Pension	AutoCanada Inc	2023-12-31	13	x1_000	EUR	0,00%	https://www.bplpensioen.nl/beleggen
BPL Pension	Autodesk Inc	2023-12-31	312	x1_000	EUR	0,00%	https://www.bplpensioen.nl/beleggen
BPL Pension	AUTONATION INC	2023-12-31	170	x1_000	EUR	0,00%	https://www.bplpensioen.nl/beleggen
BPL Pension	Autoneum Holding AG	2023-12-31	20	x1_000	EUR	0,00%	https://www.bplpensioen.nl/beleggen
BPL Pension	Autozone Inc	2023-12-31	10.219	x1_000	EUR	0,06%	https://www.bplpensioen.nl/beleggen
BPL Pension	Avalonbay Communities	2023-12-31	8.096	x1_000	EUR	0,05%	https://www.bplpensioen.nl/beleggen
BPL Pension	Avance Gas Holding Ltd	2023-12-31	19	x1_000	EUR	0,00%	https://www.bplpensioen.nl/beleggen
BPL Pension	Avanos Medical Inc	2023-12-31	39	x1_000	EUR	0,00%	https://www.bplpensioen.nl/beleggen
BPL Pension	Avanza Bank Holding AB	2023-12-31	78	x1_000	EUR	0,00%	https://www.bplpensioen.nl/beleggen
BPL Pension	AvePoint Inc	2023-12-31	19	x1_000	EUR	0,00%	https://www.bplpensioen.nl/beleggen
BPL Pension	Avery Dennison Corp	2023-12-31	1.590	x1_000	EUR	0,01%	https://www.bplpensioen.nl/beleggen
BPL Pension	Avex Inc	2023-12-31	11	x1_000	EUR	0,00%	https://www.bplpensioen.nl/beleggen
BPL Pension	Avid Bioservices Inc	2023-12-31	11	x1_000	EUR	0,00%	https://www.bplpensioen.nl/beleggen
BPL Pension	Avidity Biosciences Inc	2023-12-31	14	x1_000	EUR	0,00%	https://www.bplpensioen.nl/beleggen
BPL Pension	AvidXchange Holdings Inc	2023-12-31	40	x1_000	EUR	0,00%	https://www.bplpensioen.nl/beleggen
BPL Pension	AVIENT CORP	2023-12-31	218	x1_000	EUR	0,00%	https://www.bplpensioen.nl/beleggen
BPL Pension	Aviva PLC	2023-12-31	4.145	x1_000	EUR	0,03%	https://www.bplpensioen.nl/beleggen
BPL Pension	Avnet Inc	2023-12-31	216	x1_000	EUR	0,00%	https://www.bplpensioen.nl/beleggen
BPL Pension	Avolta AG	2023-12-31	2.419	x1_000	EUR	0,01%	https://www.bplpensioen.nl/beleggen
BPL Pension	Awa Bank Ltd/The	2023-12-31	955	x1_000	EUR	0,01%	https://www.bplpensioen.nl/beleggen
BPL Pension	AXA	2023-12-31	3.996	x1_000	EUR	0,02%	https://www.bplpensioen.nl/beleggen
BPL Pension	Axalta Coating Systems Ltd	2023-12-31	390	x1_000	EUR	0,00%	https://www.bplpensioen.nl/beleggen
BPL Pension	Axcelis Technologies Inc	2023-12-31	3.499	x1_000	EUR	0,02%	https://www.bplpensioen.nl/beleggen
BPL Pension	Axfood AB	2023-12-31	151	x1_000	EUR	0,00%	https://www.bplpensioen.nl/beleggen
BPL Pension	Axial Retailing Inc	2023-12-31	13	x1_000	EUR	0,00%	https://www.bplpensioen.nl/beleggen
BPL Pension	Axis Capital Holdings	2023-12-31	3.858	x1_000	EUR	0,02%	https://www.bplpensioen.nl/beleggen
BPL Pension	Axonics Modulation Technologie	2023-12-31	90	x1_000	EUR	0,00%	https://www.bplpensioen.nl/beleggen
BPL Pension	Axos Financial Inc	2023-12-31	88	x1_000	EUR	0,00%	https://www.bplpensioen.nl/beleggen
BPL Pension	Axsome Therapeutics Inc	2023-12-31	82	x1_000	EUR	0,00%	https://www.bplpensioen.nl/beleggen
BPL Pension	AZEK Co Inc/The	2023-12-31	161	x1_000	EUR	0,00%	https://www.bplpensioen.nl/beleggen
BPL Pension	Azenta Inc	2023-12-31	154	x1_000	EUR	0,00%	https://www.bplpensioen.nl/beleggen
BPL Pension	Azimut Holding SpA	2023-12-31	114	x1_000	EUR	0,00%	https://www.bplpensioen.nl/beleggen
BPL Pension	Azorim-Investment Development	2023-12-31	15	x1_000	EUR	0,00%	https://www.bplpensioen.nl/beleggen
BPL Pension	Azrieli Group	2023-12-31	167	x1_000	EUR	0,00%	https://www.bplpensioen.nl/beleggen
BPL Pension	AZZ Inc	2023-12-31	48	x1_000	EUR	0,00%	https://www.bplpensioen.nl/beleggen
BPL Pension	B&G FOODS INC	2023-12-31	1.236	x1_000	EUR	0,01%	https://www.bplpensioen.nl/beleggen
BPL Pension	B&M European Value Retail SA	2023-12-31	3.121	x1_000	EUR	0,02%	https://www.bplpensioen.nl/beleggen
BPL Pension	B. Riley Financial Inc	2023-12-31	15	x1_000	EUR	0,00%	https://www.bplpensioen.nl/beleggen
BPL Pension	B2Gold Corp	2023-12-31	2.859	x1_000	EUR	0,02%	https://www.bplpensioen.nl/beleggen
BPL Pension	Badger Infrastructure Solution	2023-12-31	37	x1_000	EUR	0,00%	https://www.bplpensioen.nl/beleggen
BPL Pension	Badger Meter Inc	2023-12-31	3.159	x1_000	EUR	0,02%	https://www.bplpensioen.nl/beleggen
BPL Pension	Overzicht beleggingen per 31-12-2023 Pagina 4Bain Capital Partners LLC	2023-12-31	2.288	x1_000	EUR	0,01%	https://www.bplpensioen.nl/beleggen
BPL Pension	Baker Hughes Co	2023-12-31	7.949	x1_000	EUR	0,05%	https://www.bplpensioen.nl/beleggen
BPL Pension	Bakkafrost P/F	2023-12-31	99	x1_000	EUR	0,00%	https://www.bplpensioen.nl/beleggen
BPL Pension	Balchem Corp	2023-12-31	217	x1_000	EUR	0,00%	https://www.bplpensioen.nl/beleggen
BPL Pension	Balfour Beatty PLC	2023-12-31	79	x1_000	EUR	0,00%	https://www.bplpensioen.nl/beleggen
BPL Pension	Ballard Power Systems Inc	2023-12-31	26	x1_000	EUR	0,00%	https://www.bplpensioen.nl/beleggen
BPL Pension	Baloise Holding AG	2023-12-31	1.525	x1_000	EUR	0,01%	https://www.bplpensioen.nl/beleggen
BPL Pension	Banc of California Inc	2023-12-31	2.390	x1_000	EUR	0,01%	https://www.bplpensioen.nl/beleggen
BPL Pension	Banca Farmafactoring SpA	2023-12-31	82	x1_000	EUR	0,00%	https://www.bplpensioen.nl/beleggen
BPL Pension	Banca IFIS SpA	2023-12-31	1.210	x1_000	EUR	0,01%	https://www.bplpensioen.nl/beleggen
BPL Pension	Banca Mediolanum SpA	2023-12-31	49	x1_000	EUR	0,00%	https://www.bplpensioen.nl/beleggen
BPL Pension	Banca Monte dei Paschi di Sien	2023-12-31	85	x1_000	EUR	0,00%	https://www.bplpensioen.nl/beleggen
BPL Pension	Banca Popolare di Sondrio SCAR	2023-12-31	93	x1_000	EUR	0,00%	https://www.bplpensioen.nl/beleggen
BPL Pension	BancFirst Corp	2023-12-31	85	x1_000	EUR	0,00%	https://www.bplpensioen.nl/beleggen
BPL Pension	Banco Bilbao Vizcaya Argent. SA	2023-12-31	5.242	x1_000	EUR	0,03%	https://www.bplpensioen.nl/beleggen
BPL Pension	Banco BPM SpA	2023-12-31	3.823	x1_000	EUR	0,02%	https://www.bplpensioen.nl/beleggen
BPL Pension	Banco Comercial Portugues SA	2023-12-31	841	x1_000	EUR	0,01%	https://www.bplpensioen.nl/beleggen
BPL Pension	Banco de Sabadell SA	2023-12-31	472	x1_000	EUR	0,00%	https://www.bplpensioen.nl/beleggen
BPL Pension	Banco Santander SA	2023-12-31	7.190	x1_000	EUR	0,04%	https://www.bplpensioen.nl/beleggen
BPL Pension	Bancorp Inc/DE	2023-12-31	63	x1_000	EUR	0,00%	https://www.bplpensioen.nl/beleggen
BPL Pension	Bank First Corp	2023-12-31	16	x1_000	EUR	0,00%	https://www.bplpensioen.nl/beleggen
BPL Pension	Bank of America Corp	2023-12-31	887	x1_000	EUR	0,01%	https://www.bplpensioen.nl/beleggen
BPL Pension	Bank of East Asia Ltd	2023-12-31	953	x1_000	EUR	0,01%	https://www.bplpensioen.nl/beleggen
BPL Pension	Bank of Fukuoka Ltd	2023-12-31	190	x1_000	EUR	0,00%	https://www.bplpensioen.nl/beleggen
BPL Pension	Bank of Georgia Group PLC	2023-12-31	110	x1_000	EUR	0,00%	https://www.bplpensioen.nl/beleggen
BPL Pension	Bank Of Hawaii Corp	2023-12-31	83	x1_000	EUR	0,00%	https://www.bplpensioen.nl/beleggen
BPL Pension	Bank of Ireland Group PLC	2023-12-31	829	x1_000	EUR	0,01%	https://www.bplpensioen.nl/beleggen
BPL Pension	Bank of Montreal	2023-12-31	2.917	x1_000	EUR	0,02%	https://www.bplpensioen.nl/beleggen
BPL Pension	Bank of Nagoya Ltd/The	2023-12-31	10	x1_000	EUR	0,00%	https://www.bplpensioen.nl/beleggen
BPL Pension	Bank Of New York Mellon	2023-12-31	8.772	x1_000	EUR	0,05%	https://www.bplpensioen.nl/beleggen
BPL Pension	Bank of Nova Scotia	2023-12-31	16.780	x1_000	EUR	0,10%	https://www.bplpensioen.nl/beleggen
BPL Pension	Bank Of Queensland Ltd	2023-12-31	88	x1_000	EUR	0,00%	https://www.bplpensioen.nl/beleggen
BPL Pension	Bank OZK	2023-12-31	227	x1_000	EUR	0,00%	https://www.bplpensioen.nl/beleggen
BPL Pension	Bankinter SA	2023-12-31	147	x1_000	EUR	0,00%	https://www.bplpensioen.nl/beleggen
BPL Pension	BankUnited Inc	2023-12-31	110	x1_000	EUR	0,00%	https://www.bplpensioen.nl/beleggen
BPL Pension	Banner Corp	2023-12-31	59	x1_000	EUR	0,00%	https://www.bplpensioen.nl/beleggen
BPL Pension	Bapcor Ltd	2023-12-31	18	x1_000	EUR	0,00%	https://www.bplpensioen.nl/beleggen
BPL Pension	Bar Harbor Bankshares	2023-12-31	13	x1_000	EUR	0,00%	https://www.bplpensioen.nl/beleggen
BPL Pension	BARCLAYS BANK PLC	2023-12-31	1.583	x1_000	EUR	0,01%	https://www.bplpensioen.nl/beleggen
BPL Pension	Barco NV	2023-12-31	49	x1_000	EUR	0,00%	https://www.bplpensioen.nl/beleggen
BPL Pension	Barnes Group Inc	2023-12-31	1.102	x1_000	EUR	0,01%	https://www.bplpensioen.nl/beleggen
BPL Pension	Barratt Developments PLC	2023-12-31	918	x1_000	EUR	0,01%	https://www.bplpensioen.nl/beleggen
BPL Pension	Barrett Business Services Inc	2023-12-31	32	x1_000	EUR	0,00%	https://www.bplpensioen.nl/beleggen
BPL Pension	Barry Callebaut AG	2023-12-31	1.346	x1_000	EUR	0,01%	https://www.bplpensioen.nl/beleggen
BPL Pension	Base Co Ltd	2023-12-31	17	x1_000	EUR	0,00%	https://www.bplpensioen.nl/beleggen
BPL Pension	Basic-Fit NV	2023-12-31	59	x1_000	EUR	0,00%	https://www.bplpensioen.nl/beleggen
BPL Pension	Basilea Pharmaceutica	2023-12-31	577	x1_000	EUR	0,00%	https://www.bplpensioen.nl/beleggen
BPL Pension	BAUSCH HEALTH COS INC	2023-12-31	80	x1_000	EUR	0,00%	https://www.bplpensioen.nl/beleggen
BPL Pension	Bavarian Nordic A/S	2023-12-31	2.540	x1_000	EUR	0,02%	https://www.bplpensioen.nl/beleggen
BPL Pension	BAWAG Group AG	2023-12-31	134	x1_000	EUR	0,00%	https://www.bplpensioen.nl/beleggen
BPL Pension	BayCurrent Consulting Inc	2023-12-31	1.030	x1_000	EUR	0,01%	https://www.bplpensioen.nl/beleggen
BPL Pension	Bayer AG	2023-12-31	3.473	x1_000	EUR	0,02%	https://www.bplpensioen.nl/beleggen
BPL Pension	Bayerische Motoren Werke	2023-12-31	23.669	x1_000	EUR	0,15%	https://www.bplpensioen.nl/beleggen
BPL Pension	BayWa AG	2023-12-31	15	x1_000	EUR	0,00%	https://www.bplpensioen.nl/beleggen
BPL Pension	Bazaarvoice Inc	2023-12-31	15	x1_000	EUR	0,00%	https://www.bplpensioen.nl/beleggen
BPL Pension	BC EUROPEAN CAPITAL	2023-12-31	219	x1_000	EUR	0,00%	https://www.bplpensioen.nl/beleggen
BPL Pension	BCE Inc	2023-12-31	768	x1_000	EUR	0,00%	https://www.bplpensioen.nl/beleggen
BPL Pension	BE Semiconductor Industries NV	2023-12-31	1.607	x1_000	EUR	0,01%	https://www.bplpensioen.nl/beleggen
BPL Pension	Beacon Roofing Supply Inc	2023-12-31	1.343	x1_000	EUR	0,01%	https://www.bplpensioen.nl/beleggen
BPL Pension	Beam Therapeutics Inc	2023-12-31	37	x1_000	EUR	0,00%	https://www.bplpensioen.nl/beleggen
BPL Pension	Beauty Health Co/The	2023-12-31	10	x1_000	EUR	0,00%	https://www.bplpensioen.nl/beleggen
BPL Pension	BEAZER HOMES USA	2023-12-31	25	x1_000	EUR	0,00%	https://www.bplpensioen.nl/beleggen
BPL Pension	Beazley PLC	2023-12-31	152	x1_000	EUR	0,00%	https://www.bplpensioen.nl/beleggen
BPL Pension	Becton Dickinson	2023-12-31	9.598	x1_000	EUR	0,06%	https://www.bplpensioen.nl/beleggen
BPL Pension	Bega Cheese Ltd	2023-12-31	8	x1_000	EUR	0,00%	https://www.bplpensioen.nl/beleggen
BPL Pension	Beiersdorf AG	2023-12-31	3.505	x1_000	EUR	0,02%	https://www.bplpensioen.nl/beleggen
BPL Pension	Beijer Ref AB	2023-12-31	190	x1_000	EUR	0,00%	https://www.bplpensioen.nl/beleggen
BPL Pension	Bel Fuse Inc	2023-12-31	18	x1_000	EUR	0,00%	https://www.bplpensioen.nl/beleggen
BPL Pension	Belc Co Ltd	2023-12-31	12	x1_000	EUR	0,00%	https://www.bplpensioen.nl/beleggen
BPL Pension	Belden Inc	2023-12-31	1.694	x1_000	EUR	0,01%	https://www.bplpensioen.nl/beleggen
BPL Pension	Believe SA	2023-12-31	12	x1_000	EUR	0,00%	https://www.bplpensioen.nl/beleggen
BPL Pension	Belimo Holding AG	2023-12-31	171	x1_000	EUR	0,00%	https://www.bplpensioen.nl/beleggen
BPL Pension	Bell AG	2023-12-31	13	x1_000	EUR	0,00%	https://www.bplpensioen.nl/beleggen
BPL Pension	Bell System24 Holdings Inc	2023-12-31	25	x1_000	EUR	0,00%	https://www.bplpensioen.nl/beleggen
BPL Pension	Bellevue Gold Ltd	2023-12-31	49	x1_000	EUR	0,00%	https://www.bplpensioen.nl/beleggen
BPL Pension	BellRing Brands Inc	2023-12-31	246	x1_000	EUR	0,00%	https://www.bplpensioen.nl/beleggen
BPL Pension	Belluna Co Ltd	2023-12-31	9	x1_000	EUR	0,00%	https://www.bplpensioen.nl/beleggen
BPL Pension	Bellway PLC	2023-12-31	354	x1_000	EUR	0,00%	https://www.bplpensioen.nl/beleggen
BPL Pension	Belships ASA	2023-12-31	41	x1_000	EUR	0,00%	https://www.bplpensioen.nl/beleggen
BPL Pension	Benchmark Electronics Inc	2023-12-31	1.484	x1_000	EUR	0,01%	https://www.bplpensioen.nl/beleggen
BPL Pension	Bendigo and Adelaide Bank Ltd	2023-12-31	145	x1_000	EUR	0,00%	https://www.bplpensioen.nl/beleggen
BPL Pension	Benefit One Inc	2023-12-31	37	x1_000	EUR	0,00%	https://www.bplpensioen.nl/beleggen
BPL Pension	Benefit Street Partners Realty	2023-12-31	47	x1_000	EUR	0,00%	https://www.bplpensioen.nl/beleggen
BPL Pension	Benesse Holdings Inc	2023-12-31	55	x1_000	EUR	0,00%	https://www.bplpensioen.nl/beleggen
BPL Pension	Beneteau	2023-12-31	12	x1_000	EUR	0,00%	https://www.bplpensioen.nl/beleggen
BPL Pension	Bengo4.com Inc	2023-12-31	14	x1_000	EUR	0,00%	https://www.bplpensioen.nl/beleggen
BPL Pension	Berkeley Group Holdings PLC	2023-12-31	405	x1_000	EUR	0,00%	https://www.bplpensioen.nl/beleggen
BPL Pension	Berkshire Hathaway Fin	2023-12-31	9.840	x1_000	EUR	0,06%	https://www.bplpensioen.nl/beleggen
BPL Pension	Berkshire Hills Bancorp Inc	2023-12-31	52	x1_000	EUR	0,00%	https://www.bplpensioen.nl/beleggen
BPL Pension	BERRY PLASTICS CORP	2023-12-31	286	x1_000	EUR	0,00%	https://www.bplpensioen.nl/beleggen
BPL Pension	Bertrandt AG	2023-12-31	14	x1_000	EUR	0,00%	https://www.bplpensioen.nl/beleggen
BPL Pension	Best Buy Co	2023-12-31	11.264	x1_000	EUR	0,07%	https://www.bplpensioen.nl/beleggen
BPL Pension	Best World International Ltd	2023-12-31	18	x1_000	EUR	0,00%	https://www.bplpensioen.nl/beleggen
BPL Pension	Betsson AB	2023-12-31	50	x1_000	EUR	0,00%	https://www.bplpensioen.nl/beleggen
BPL Pension	Better Collective A/S	2023-12-31	19	x1_000	EUR	0,00%	https://www.bplpensioen.nl/beleggen
BPL Pension	Beyond Inc	2023-12-31	33	x1_000	EUR	0,00%	https://www.bplpensioen.nl/beleggen
BPL Pension	Beyond Meat Inc	2023-12-31	15	x1_000	EUR	0,00%	https://www.bplpensioen.nl/beleggen
BPL Pension	BGC Group Inc	2023-12-31	92	x1_000	EUR	0,00%	https://www.bplpensioen.nl/beleggen
BPL Pension	Bic Camera Inc	2023-12-31	13	x1_000	EUR	0,00%	https://www.bplpensioen.nl/beleggen
BPL Pension	Big Shopping Centers 2004 Ltd	2023-12-31	116	x1_000	EUR	0,00%	https://www.bplpensioen.nl/beleggen
BPL Pension	Big Yellow Group PLC	2023-12-31	81	x1_000	EUR	0,00%	https://www.bplpensioen.nl/beleggen
BPL Pension	BigCommerce Holdings Inc	2023-12-31	17	x1_000	EUR	0,00%	https://www.bplpensioen.nl/beleggen
BPL Pension	Bilfinger Berger AG	2023-12-31	49	x1_000	EUR	0,00%	https://www.bplpensioen.nl/beleggen
BPL Pension	Bilia AB	2023-12-31	32	x1_000	EUR	0,00%	https://www.bplpensioen.nl/beleggen
BPL Pension	Billerud AB	2023-12-31	171	x1_000	EUR	0,00%	https://www.bplpensioen.nl/beleggen
BPL Pension	BioArctic AB	2023-12-31	52	x1_000	EUR	0,00%	https://www.bplpensioen.nl/beleggen
BPL Pension	BioCryst Pharmaceuticals Inc	2023-12-31	37	x1_000	EUR	0,00%	https://www.bplpensioen.nl/beleggen
BPL Pension	BioGaia AB	2023-12-31	19	x1_000	EUR	0,00%	https://www.bplpensioen.nl/beleggen
BPL Pension	Biogen Idec Inc	2023-12-31	14.414	x1_000	EUR	0,09%	https://www.bplpensioen.nl/beleggen
BPL Pension	Biohaven Pharmaceutical Holdin	2023-12-31	77	x1_000	EUR	0,00%	https://www.bplpensioen.nl/beleggen
BPL Pension	BioLife Solutions Inc	2023-12-31	24	x1_000	EUR	0,00%	https://www.bplpensioen.nl/beleggen
BPL Pension	BioMarin Pharmaceutical Inc	2023-12-31	1.719	x1_000	EUR	0,01%	https://www.bplpensioen.nl/beleggen
BPL Pension	Biomea Fusion Inc	2023-12-31	16	x1_000	EUR	0,00%	https://www.bplpensioen.nl/beleggen
BPL Pension	BioMerieux	2023-12-31	1.593	x1_000	EUR	0,01%	https://www.bplpensioen.nl/beleggen
BPL Pension	BIOSTIME	2023-12-31	25	x1_000	EUR	0,00%	https://www.bplpensioen.nl/beleggen
BPL Pension	Biotage AB	2023-12-31	23	x1_000	EUR	0,00%	https://www.bplpensioen.nl/beleggen
BPL Pension	Birchcliff Energy Ltd	2023-12-31	22	x1_000	EUR	0,00%	https://www.bplpensioen.nl/beleggen
BPL Pension	Bird Construction Inc	2023-12-31	860	x1_000	EUR	0,01%	https://www.bplpensioen.nl/beleggen
BPL Pension	Blackbaud Inc	2023-12-31	118	x1_000	EUR	0,00%	https://www.bplpensioen.nl/beleggen
BPL Pension	Overzicht beleggingen per 31-12-2023 Pagina 5Blackberry Ltd	2023-12-31	105	x1_000	EUR	0,00%	https://www.bplpensioen.nl/beleggen
BPL Pension	Blackline Inc	2023-12-31	103	x1_000	EUR	0,00%	https://www.bplpensioen.nl/beleggen
BPL Pension	Blackrock Inc	2023-12-31	4.093	x1_000	EUR	0,03%	https://www.bplpensioen.nl/beleggen
BPL Pension	Blackstone Holdings Fina	2023-12-31	257	x1_000	EUR	0,00%	https://www.bplpensioen.nl/beleggen
BPL Pension	Blackstone Inc	2023-12-31	265	x1_000	EUR	0,00%	https://www.bplpensioen.nl/beleggen
BPL Pension	Blackstone Mortgage Trust Inc	2023-12-31	138	x1_000	EUR	0,00%	https://www.bplpensioen.nl/beleggen
BPL Pension	BleuScope Steel Limited	2023-12-31	3.008	x1_000	EUR	0,02%	https://www.bplpensioen.nl/beleggen
BPL Pension	Bloom Energy Corp	2023-12-31	70	x1_000	EUR	0,00%	https://www.bplpensioen.nl/beleggen
BPL Pension	Blue Bird Corp	2023-12-31	17	x1_000	EUR	0,00%	https://www.bplpensioen.nl/beleggen
BPL Pension	Blue Owl Capital Inc	2023-12-31	160	x1_000	EUR	0,00%	https://www.bplpensioen.nl/beleggen
BPL Pension	Blue Square Real Estate Ltd	2023-12-31	11	x1_000	EUR	0,00%	https://www.bplpensioen.nl/beleggen
BPL Pension	Bluegreen Vacations Holding Co	2023-12-31	41	x1_000	EUR	0,00%	https://www.bplpensioen.nl/beleggen
BPL Pension	Blueprint Medicines Corp	2023-12-31	170	x1_000	EUR	0,00%	https://www.bplpensioen.nl/beleggen
BPL Pension	BML Inc	2023-12-31	15	x1_000	EUR	0,00%	https://www.bplpensioen.nl/beleggen
BPL Pension	BMO Commercial Property Trust	2023-12-31	31	x1_000	EUR	0,00%	https://www.bplpensioen.nl/beleggen
BPL Pension	BNP Paribas	2023-12-31	314	x1_000	EUR	0,00%	https://www.bplpensioen.nl/beleggen
BPL Pension	BNP Paribas SA	2023-12-31	105	x1_000	EUR	0,00%	https://www.bplpensioen.nl/beleggen
BPL Pension	Boardwalk Real Estate Investment	2023-12-31	30	x1_000	EUR	0,00%	https://www.bplpensioen.nl/beleggen
BPL Pension	Bodycote PLC	2023-12-31	12	x1_000	EUR	0,00%	https://www.bplpensioen.nl/beleggen
BPL Pension	Boiron SA	2023-12-31	12	x1_000	EUR	0,00%	https://www.bplpensioen.nl/beleggen
BPL Pension	BOISE CASCADE COMPANY	2023-12-31	106	x1_000	EUR	0,00%	https://www.bplpensioen.nl/beleggen
BPL Pension	BOK Financial Corp	2023-12-31	109	x1_000	EUR	0,00%	https://www.bplpensioen.nl/beleggen
BPL Pension	Boliden AB	2023-12-31	1.357	x1_000	EUR	0,01%	https://www.bplpensioen.nl/beleggen
BPL Pension	Bombardier Inc	2023-12-31	3.037	x1_000	EUR	0,02%	https://www.bplpensioen.nl/beleggen
BPL Pension	BoneSupport Holding AB	2023-12-31	27	x1_000	EUR	0,00%	https://www.bplpensioen.nl/beleggen
BPL Pension	boohoo.com plc	2023-12-31	13	x1_000	EUR	0,00%	https://www.bplpensioen.nl/beleggen
BPL Pension	Booking Holdings Inc	2023-12-31	15.176	x1_000	EUR	0,09%	https://www.bplpensioen.nl/beleggen
BPL Pension	Boozt AB	2023-12-31	15	x1_000	EUR	0,00%	https://www.bplpensioen.nl/beleggen
BPL Pension	Boralex Inc	2023-12-31	138	x1_000	EUR	0,00%	https://www.bplpensioen.nl/beleggen
BPL Pension	Borgwarner Inc	2023-12-31	2.158	x1_000	EUR	0,01%	https://www.bplpensioen.nl/beleggen
BPL Pension	Borr Drilling Ltd	2023-12-31	43	x1_000	EUR	0,00%	https://www.bplpensioen.nl/beleggen
BPL Pension	Borregaard ASA	2023-12-31	41	x1_000	EUR	0,00%	https://www.bplpensioen.nl/beleggen
BPL Pension	Borussia Dortmund GmbH & Co KG	2023-12-31	22	x1_000	EUR	0,00%	https://www.bplpensioen.nl/beleggen
BPL Pension	Boss Energy Ltd	2023-12-31	73	x1_000	EUR	0,00%	https://www.bplpensioen.nl/beleggen
BPL Pension	Bossard Holding AG	2023-12-31	24	x1_000	EUR	0,00%	https://www.bplpensioen.nl/beleggen
BPL Pension	Boston Beer Co Inc/The	2023-12-31	114	x1_000	EUR	0,00%	https://www.bplpensioen.nl/beleggen
BPL Pension	Boston Omaha Corp	2023-12-31	9	x1_000	EUR	0,00%	https://www.bplpensioen.nl/beleggen
BPL Pension	Boston Properties LP	2023-12-31	2.639	x1_000	EUR	0,02%	https://www.bplpensioen.nl/beleggen
BPL Pension	Boston Scientific Corp	2023-12-31	5.890	x1_000	EUR	0,04%	https://www.bplpensioen.nl/beleggen
BPL Pension	Bouygues SA	2023-12-31	10.930	x1_000	EUR	0,07%	https://www.bplpensioen.nl/beleggen
BPL Pension	Bowlero Corp	2023-12-31	25	x1_000	EUR	0,00%	https://www.bplpensioen.nl/beleggen
BPL Pension	Box Inc	2023-12-31	134	x1_000	EUR	0,00%	https://www.bplpensioen.nl/beleggen
BPL Pension	Boyd Gaming Corp	2023-12-31	183	x1_000	EUR	0,00%	https://www.bplpensioen.nl/beleggen
BPL Pension	Boyd Group Services Inc	2023-12-31	177	x1_000	EUR	0,00%	https://www.bplpensioen.nl/beleggen
BPL Pension	BP Captial Markets PLC	2023-12-31	4.758	x1_000	EUR	0,03%	https://www.bplpensioen.nl/beleggen
BPL Pension	BPost SA	2023-12-31	42	x1_000	EUR	0,00%	https://www.bplpensioen.nl/beleggen
BPL Pension	Brady Corp	2023-12-31	36	x1_000	EUR	0,00%	https://www.bplpensioen.nl/beleggen
BPL Pension	Brambles Finance PLC	2023-12-31	4.407	x1_000	EUR	0,03%	https://www.bplpensioen.nl/beleggen
BPL Pension	Brandywine Oper Partners	2023-12-31	1.493	x1_000	EUR	0,01%	https://www.bplpensioen.nl/beleggen
BPL Pension	Bravida Holding AB	2023-12-31	32	x1_000	EUR	0,00%	https://www.bplpensioen.nl/beleggen
BPL Pension	Braze Inc	2023-12-31	66	x1_000	EUR	0,00%	https://www.bplpensioen.nl/beleggen
BPL Pension	Bread Financial Holdings Inc	2023-12-31	76	x1_000	EUR	0,00%	https://www.bplpensioen.nl/beleggen
BPL Pension	Brembo SpA	2023-12-31	15	x1_000	EUR	0,00%	https://www.bplpensioen.nl/beleggen
BPL Pension	Brenntag AG	2023-12-31	2.868	x1_000	EUR	0,02%	https://www.bplpensioen.nl/beleggen
BPL Pension	Breville Group Ltd	2023-12-31	39	x1_000	EUR	0,00%	https://www.bplpensioen.nl/beleggen
BPL Pension	Brickworks Ltd	2023-12-31	42	x1_000	EUR	0,00%	https://www.bplpensioen.nl/beleggen
BPL Pension	Bridgebio Pharma Inc	2023-12-31	103	x1_000	EUR	0,00%	https://www.bplpensioen.nl/beleggen
BPL Pension	Bridgepoint Group PLC	2023-12-31	36	x1_000	EUR	0,00%	https://www.bplpensioen.nl/beleggen
BPL Pension	Bridgestone Corp	2023-12-31	2.119	x1_000	EUR	0,01%	https://www.bplpensioen.nl/beleggen
BPL Pension	Bright Horizons Family Solutio	2023-12-31	173	x1_000	EUR	0,00%	https://www.bplpensioen.nl/beleggen
BPL Pension	Brighthouse Financial Inc	2023-12-31	174	x1_000	EUR	0,00%	https://www.bplpensioen.nl/beleggen
BPL Pension	BrightSpire Capital Inc	2023-12-31	31	x1_000	EUR	0,00%	https://www.bplpensioen.nl/beleggen
BPL Pension	Brinker International Inc	2023-12-31	2.534	x1_000	EUR	0,02%	https://www.bplpensioen.nl/beleggen
BPL Pension	Bristol Myers Squibb Company	2023-12-31	30.337	x1_000	EUR	0,19%	https://www.bplpensioen.nl/beleggen
BPL Pension	BRITISH LAND CO PLC	2023-12-31	1.557	x1_000	EUR	0,01%	https://www.bplpensioen.nl/beleggen
BPL Pension	British Telecommunications PLC	2023-12-31	159	x1_000	EUR	0,00%	https://www.bplpensioen.nl/beleggen
BPL Pension	Britvic PLC	2023-12-31	134	x1_000	EUR	0,00%	https://www.bplpensioen.nl/beleggen
BPL Pension	Broadcom Inc	2023-12-31	30.157	x1_000	EUR	0,19%	https://www.bplpensioen.nl/beleggen
BPL Pension	Broadridge Financial Solutions	2023-12-31	868	x1_000	EUR	0,01%	https://www.bplpensioen.nl/beleggen
BPL Pension	Broadstone Net Lease Inc	2023-12-31	1.807	x1_000	EUR	0,01%	https://www.bplpensioen.nl/beleggen
BPL Pension	Brookdale Senior Living Inc	2023-12-31	29	x1_000	EUR	0,00%	https://www.bplpensioen.nl/beleggen
BPL Pension	Brookfield Infrastructure Corp	2023-12-31	209	x1_000	EUR	0,00%	https://www.bplpensioen.nl/beleggen
BPL Pension	Brookfield Reinsurance Ltd	2023-12-31	11	x1_000	EUR	0,00%	https://www.bplpensioen.nl/beleggen
BPL Pension	Brookline Bancorp Inc	2023-12-31	15	x1_000	EUR	0,00%	https://www.bplpensioen.nl/beleggen
BPL Pension	Brother Industries Ltd	2023-12-31	3.892	x1_000	EUR	0,02%	https://www.bplpensioen.nl/beleggen
BPL Pension	Brown & Brown Inc	2023-12-31	2.705	x1_000	EUR	0,02%	https://www.bplpensioen.nl/beleggen
BPL Pension	Brown-Forman Corporation	2023-12-31	3.811	x1_000	EUR	0,02%	https://www.bplpensioen.nl/beleggen
BPL Pension	BRP Group Inc	2023-12-31	39	x1_000	EUR	0,00%	https://www.bplpensioen.nl/beleggen
BPL Pension	Bruker Corp	2023-12-31	263	x1_000	EUR	0,00%	https://www.bplpensioen.nl/beleggen
BPL Pension	Brunel International NV	2023-12-31	13	x1_000	EUR	0,00%	https://www.bplpensioen.nl/beleggen
BPL Pension	Brunello Cucinelli SpA	2023-12-31	91	x1_000	EUR	0,00%	https://www.bplpensioen.nl/beleggen
BPL Pension	BSR Real Estate Investment Tru	2023-12-31	24	x1_000	EUR	0,00%	https://www.bplpensioen.nl/beleggen
BPL Pension	Bucher Industries AG	2023-12-31	80	x1_000	EUR	0,00%	https://www.bplpensioen.nl/beleggen
BPL Pension	Buckle Inc/The	2023-12-31	940	x1_000	EUR	0,01%	https://www.bplpensioen.nl/beleggen
BPL Pension	Bufab AB	2023-12-31	27	x1_000	EUR	0,00%	https://www.bplpensioen.nl/beleggen
BPL Pension	Builders FirstSource Inc	2023-12-31	3.264	x1_000	EUR	0,02%	https://www.bplpensioen.nl/beleggen
BPL Pension	Bumble Inc	2023-12-31	1.764	x1_000	EUR	0,01%	https://www.bplpensioen.nl/beleggen
BPL Pension	Bunge Global SA	2023-12-31	3.825	x1_000	EUR	0,02%	https://www.bplpensioen.nl/beleggen
BPL Pension	Bunka Shutter Co Ltd	2023-12-31	15	x1_000	EUR	0,00%	https://www.bplpensioen.nl/beleggen
BPL Pension	Bunzl PLC	2023-12-31	3.878	x1_000	EUR	0,02%	https://www.bplpensioen.nl/beleggen
BPL Pension	Burberry Group PLC	2023-12-31	1.245	x1_000	EUR	0,01%	https://www.bplpensioen.nl/beleggen
BPL Pension	Burckhardt Compression Holding	2023-12-31	81	x1_000	EUR	0,00%	https://www.bplpensioen.nl/beleggen
BPL Pension	Bure Equity AB	2023-12-31	44	x1_000	EUR	0,00%	https://www.bplpensioen.nl/beleggen
BPL Pension	Burford Capital Ltd	2023-12-31	95	x1_000	EUR	0,00%	https://www.bplpensioen.nl/beleggen
BPL Pension	Burkhalter Holding AG	2023-12-31	17	x1_000	EUR	0,00%	https://www.bplpensioen.nl/beleggen
BPL Pension	Burlington Resources Fin	2023-12-31	1.651	x1_000	EUR	0,01%	https://www.bplpensioen.nl/beleggen
BPL Pension	Business First Bancshares Inc	2023-12-31	13	x1_000	EUR	0,00%	https://www.bplpensioen.nl/beleggen
BPL Pension	BWP Trust	2023-12-31	38	x1_000	EUR	0,00%	https://www.bplpensioen.nl/beleggen
BPL Pension	Byline Bancorp Inc	2023-12-31	5	x1_000	EUR	0,00%	https://www.bplpensioen.nl/beleggen
BPL Pension	Bystronic AG	2023-12-31	8	x1_000	EUR	0,00%	https://www.bplpensioen.nl/beleggen
BPL Pension	Bytes Technology Group PLC	2023-12-31	33	x1_000	EUR	0,00%	https://www.bplpensioen.nl/beleggen
BPL Pension	C Uyemura & Co Ltd	2023-12-31	36	x1_000	EUR	0,00%	https://www.bplpensioen.nl/beleggen
BPL Pension	C&C Group PLC	2023-12-31	30	x1_000	EUR	0,00%	https://www.bplpensioen.nl/beleggen
BPL Pension	CA Immobilien Anlagen AG	2023-12-31	46	x1_000	EUR	0,00%	https://www.bplpensioen.nl/beleggen
BPL Pension	Cabaletta Bio Inc	2023-12-31	21	x1_000	EUR	0,00%	https://www.bplpensioen.nl/beleggen
BPL Pension	Cable One Inc	2023-12-31	73	x1_000	EUR	0,00%	https://www.bplpensioen.nl/beleggen
BPL Pension	Cactus Inc	2023-12-31	136	x1_000	EUR	0,00%	https://www.bplpensioen.nl/beleggen
BPL Pension	Cadeler A/S	2023-12-31	13	x1_000	EUR	0,00%	https://www.bplpensioen.nl/beleggen
BPL Pension	Cadence BanCorp	2023-12-31	158	x1_000	EUR	0,00%	https://www.bplpensioen.nl/beleggen
BPL Pension	Cadence Design Inc	2023-12-31	16.528	x1_000	EUR	0,10%	https://www.bplpensioen.nl/beleggen
BPL Pension	Cadre Holdings Inc	2023-12-31	11	x1_000	EUR	0,00%	https://www.bplpensioen.nl/beleggen
BPL Pension	Cafe de Coral Holdings Ltd	2023-12-31	8	x1_000	EUR	0,00%	https://www.bplpensioen.nl/beleggen
BPL Pension	Cairn Homes PLC	2023-12-31	43	x1_000	EUR	0,00%	https://www.bplpensioen.nl/beleggen
BPL Pension	Calavo Growers Inc	2023-12-31	21	x1_000	EUR	0,00%	https://www.bplpensioen.nl/beleggen
BPL Pension	Calbee Inc	2023-12-31	42	x1_000	EUR	0,00%	https://www.bplpensioen.nl/beleggen
BPL Pension	Caleres Inc	2023-12-31	28	x1_000	EUR	0,00%	https://www.bplpensioen.nl/beleggen
BPL Pension	California Water Service Group	2023-12-31	192	x1_000	EUR	0,00%	https://www.bplpensioen.nl/beleggen
BPL Pension	Calix Inc	2023-12-31	768	x1_000	EUR	0,00%	https://www.bplpensioen.nl/beleggen
BPL Pension	Calix Ltd	2023-12-31	21	x1_000	EUR	0,00%	https://www.bplpensioen.nl/beleggen
BPL Pension	Calliditas Therapeutics AB	2023-12-31	20	x1_000	EUR	0,00%	https://www.bplpensioen.nl/beleggen
BPL Pension	Overzicht beleggingen per 31-12-2023 Pagina 6Callon Petroleum Co	2023-12-31	57	x1_000	EUR	0,00%	https://www.bplpensioen.nl/beleggen
BPL Pension	Cal-Maine Foods Inc	2023-12-31	93	x1_000	EUR	0,00%	https://www.bplpensioen.nl/beleggen
BPL Pension	Camden National Corp	2023-12-31	10	x1_000	EUR	0,00%	https://www.bplpensioen.nl/beleggen
BPL Pension	Campbell Soup Co	2023-12-31	1.746	x1_000	EUR	0,01%	https://www.bplpensioen.nl/beleggen
BPL Pension	Camping World Holdings Inc	2023-12-31	31	x1_000	EUR	0,00%	https://www.bplpensioen.nl/beleggen
BPL Pension	Camtek Ltd/Israel	2023-12-31	28	x1_000	EUR	0,00%	https://www.bplpensioen.nl/beleggen
BPL Pension	Camurus AB	2023-12-31	36	x1_000	EUR	0,00%	https://www.bplpensioen.nl/beleggen
BPL Pension	Canaccord Genuity Group Inc	2023-12-31	27	x1_000	EUR	0,00%	https://www.bplpensioen.nl/beleggen
BPL Pension	Canada Goose Holdings Inc	2023-12-31	21	x1_000	EUR	0,00%	https://www.bplpensioen.nl/beleggen
BPL Pension	Canadia Apartment Properties	2023-12-31	2.416	x1_000	EUR	0,01%	https://www.bplpensioen.nl/beleggen
BPL Pension	Canadian Energy Services & Tec	2023-12-31	1.017	x1_000	EUR	0,01%	https://www.bplpensioen.nl/beleggen
BPL Pension	Canadian Imperial Bank of Commerce	2023-12-31	8.684	x1_000	EUR	0,05%	https://www.bplpensioen.nl/beleggen
BPL Pension	Canadian National Railway Co	2023-12-31	3.418	x1_000	EUR	0,02%	https://www.bplpensioen.nl/beleggen
BPL Pension	Canadian Pacific Railway Ltd	2023-12-31	515	x1_000	EUR	0,00%	https://www.bplpensioen.nl/beleggen
BPL Pension	Canadian Tire Corp Ltd	2023-12-31	9	x1_000	EUR	0,00%	https://www.bplpensioen.nl/beleggen
BPL Pension	Canadian Tire Corp-Class A	2023-12-31	2.566	x1_000	EUR	0,02%	https://www.bplpensioen.nl/beleggen
BPL Pension	Canadian Western Bank	2023-12-31	95	x1_000	EUR	0,00%	https://www.bplpensioen.nl/beleggen
BPL Pension	CANCOM AG	2023-12-31	33	x1_000	EUR	0,00%	https://www.bplpensioen.nl/beleggen
BPL Pension	Cannae Holdings Inc	2023-12-31	27	x1_000	EUR	0,00%	https://www.bplpensioen.nl/beleggen
BPL Pension	Canon Electronics Inc	2023-12-31	8.600	x1_000	EUR	0,05%	https://www.bplpensioen.nl/beleggen
BPL Pension	Capcom Co Ltd	2023-12-31	916	x1_000	EUR	0,01%	https://www.bplpensioen.nl/beleggen
BPL Pension	Capgemini SE	2023-12-31	891	x1_000	EUR	0,01%	https://www.bplpensioen.nl/beleggen
BPL Pension	CapGen Capital Group III LLC	2023-12-31	26	x1_000	EUR	0,00%	https://www.bplpensioen.nl/beleggen
BPL Pension	Capital & Regional PLC	2023-12-31	1.477	x1_000	EUR	0,01%	https://www.bplpensioen.nl/beleggen
BPL Pension	Capital City Bank Group Inc	2023-12-31	13	x1_000	EUR	0,00%	https://www.bplpensioen.nl/beleggen
BPL Pension	Capital One Bank Usa Na	2023-12-31	10.776	x1_000	EUR	0,07%	https://www.bplpensioen.nl/beleggen
BPL Pension	Capitaland Ascott Trust	2023-12-31	56	x1_000	EUR	0,00%	https://www.bplpensioen.nl/beleggen
BPL Pension	CapitaLand China Trust	2023-12-31	10	x1_000	EUR	0,00%	https://www.bplpensioen.nl/beleggen
BPL Pension	Capitaland India Trust	2023-12-31	13	x1_000	EUR	0,00%	https://www.bplpensioen.nl/beleggen
BPL Pension	CapitaLand Integrated Commerci	2023-12-31	427	x1_000	EUR	0,00%	https://www.bplpensioen.nl/beleggen
BPL Pension	Capitaland Investment Ltd/Sing	2023-12-31	177	x1_000	EUR	0,00%	https://www.bplpensioen.nl/beleggen
BPL Pension	Capitol Federal Financial Inc	2023-12-31	8	x1_000	EUR	0,00%	https://www.bplpensioen.nl/beleggen
BPL Pension	CapLand Ascendas REIT	2023-12-31	2.074	x1_000	EUR	0,01%	https://www.bplpensioen.nl/beleggen
BPL Pension	Capri Holdings Ltd	2023-12-31	208	x1_000	EUR	0,00%	https://www.bplpensioen.nl/beleggen
BPL Pension	Capricorn Metals Ltd	2023-12-31	66	x1_000	EUR	0,00%	https://www.bplpensioen.nl/beleggen
BPL Pension	Capstone Mining Corp	2023-12-31	77	x1_000	EUR	0,00%	https://www.bplpensioen.nl/beleggen
BPL Pension	CAR Group Ltd	2023-12-31	1.011	x1_000	EUR	0,01%	https://www.bplpensioen.nl/beleggen
BPL Pension	Carbone Lorraine	2023-12-31	16	x1_000	EUR	0,00%	https://www.bplpensioen.nl/beleggen
BPL Pension	Cardinal Health Inc	2023-12-31	18.219	x1_000	EUR	0,11%	https://www.bplpensioen.nl/beleggen
BPL Pension	Carel Industries SpA	2023-12-31	43	x1_000	EUR	0,00%	https://www.bplpensioen.nl/beleggen
BPL Pension	CareTrust REIT Inc	2023-12-31	51	x1_000	EUR	0,00%	https://www.bplpensioen.nl/beleggen
BPL Pension	Cargojet Inc	2023-12-31	8	x1_000	EUR	0,00%	https://www.bplpensioen.nl/beleggen
BPL Pension	Cargotec Corp	2023-12-31	2.701	x1_000	EUR	0,02%	https://www.bplpensioen.nl/beleggen
BPL Pension	Cargurus Inc	2023-12-31	2.496	x1_000	EUR	0,02%	https://www.bplpensioen.nl/beleggen
BPL Pension	Carl Zeiss Foundation	2023-12-31	955	x1_000	EUR	0,01%	https://www.bplpensioen.nl/beleggen
BPL Pension	Carlsberg Breweries A/S	2023-12-31	1.009	x1_000	EUR	0,01%	https://www.bplpensioen.nl/beleggen
BPL Pension	Carlyle Group LP/The	2023-12-31	22	x1_000	EUR	0,00%	https://www.bplpensioen.nl/beleggen
BPL Pension	Carmila	2023-12-31	41	x1_000	EUR	0,00%	https://www.bplpensioen.nl/beleggen
BPL Pension	Carpenter Technology	2023-12-31	102	x1_000	EUR	0,00%	https://www.bplpensioen.nl/beleggen
BPL Pension	Carrefour SA	2023-12-31	7.361	x1_000	EUR	0,05%	https://www.bplpensioen.nl/beleggen
BPL Pension	Carriage Services Inc	2023-12-31	9	x1_000	EUR	0,00%	https://www.bplpensioen.nl/beleggen
BPL Pension	Carrier Global Corp	2023-12-31	3.583	x1_000	EUR	0,02%	https://www.bplpensioen.nl/beleggen
BPL Pension	Carrols Restaurant Group Inc	2023-12-31	868	x1_000	EUR	0,01%	https://www.bplpensioen.nl/beleggen
BPL Pension	Cars.com Inc	2023-12-31	59	x1_000	EUR	0,00%	https://www.bplpensioen.nl/beleggen
BPL Pension	Carvana Co	2023-12-31	139	x1_000	EUR	0,00%	https://www.bplpensioen.nl/beleggen
BPL Pension	Cascades Inc	2023-12-31	414	x1_000	EUR	0,00%	https://www.bplpensioen.nl/beleggen
BPL Pension	Casella Waste Systems Inc	2023-12-31	55	x1_000	EUR	0,00%	https://www.bplpensioen.nl/beleggen
BPL Pension	Casino Guichard Perrachon	2023-12-31	60	x1_000	EUR	0,00%	https://www.bplpensioen.nl/beleggen
BPL Pension	Casio Computer Co Ltd	2023-12-31	1.006	x1_000	EUR	0,01%	https://www.bplpensioen.nl/beleggen
BPL Pension	Cass Information Systems Inc	2023-12-31	12	x1_000	EUR	0,00%	https://www.bplpensioen.nl/beleggen
BPL Pension	Cassava Sciences Inc	2023-12-31	24	x1_000	EUR	0,00%	https://www.bplpensioen.nl/beleggen
BPL Pension	CASTELLUM AB	2023-12-31	177	x1_000	EUR	0,00%	https://www.bplpensioen.nl/beleggen
BPL Pension	Castle Biosciences Inc	2023-12-31	10	x1_000	EUR	0,00%	https://www.bplpensioen.nl/beleggen
BPL Pension	Catalyst Pharmaceuticals Inc	2023-12-31	55	x1_000	EUR	0,00%	https://www.bplpensioen.nl/beleggen
BPL Pension	Catena AB	2023-12-31	35	x1_000	EUR	0,00%	https://www.bplpensioen.nl/beleggen
BPL Pension	Caterpillar Inc	2023-12-31	11.134	x1_000	EUR	0,07%	https://www.bplpensioen.nl/beleggen
BPL Pension	Cathay General Bancorp	2023-12-31	141	x1_000	EUR	0,00%	https://www.bplpensioen.nl/beleggen
BPL Pension	Cava Group Inc	2023-12-31	35	x1_000	EUR	0,00%	https://www.bplpensioen.nl/beleggen
BPL Pension	Cavco Industries Inc	2023-12-31	95	x1_000	EUR	0,00%	https://www.bplpensioen.nl/beleggen
BPL Pension	Cawachi Ltd	2023-12-31	14	x1_000	EUR	0,00%	https://www.bplpensioen.nl/beleggen
BPL Pension	CBIZ Inc	2023-12-31	1.363	x1_000	EUR	0,01%	https://www.bplpensioen.nl/beleggen
BPL Pension	CBOE GLOBAL MKTS INC	2023-12-31	502	x1_000	EUR	0,00%	https://www.bplpensioen.nl/beleggen
BPL Pension	cBrain A/S	2023-12-31	15	x1_000	EUR	0,00%	https://www.bplpensioen.nl/beleggen
BPL Pension	CBRE Group Inc	2023-12-31	6.921	x1_000	EUR	0,04%	https://www.bplpensioen.nl/beleggen
BPL Pension	CCC Intelligent Solutions Hold	2023-12-31	58	x1_000	EUR	0,00%	https://www.bplpensioen.nl/beleggen
BPL Pension	CCL Industries Inc	2023-12-31	207	x1_000	EUR	0,00%	https://www.bplpensioen.nl/beleggen
BPL Pension	CDL Hospitality Trusts	2023-12-31	16	x1_000	EUR	0,00%	https://www.bplpensioen.nl/beleggen
BPL Pension	CDW Corp	2023-12-31	7.411	x1_000	EUR	0,05%	https://www.bplpensioen.nl/beleggen
BPL Pension	Ceco Environmental Corp	2023-12-31	13	x1_000	EUR	0,00%	https://www.bplpensioen.nl/beleggen
BPL Pension	CECONOMY AG	2023-12-31	14	x1_000	EUR	0,00%	https://www.bplpensioen.nl/beleggen
BPL Pension	Celestica Inc	2023-12-31	2.590	x1_000	EUR	0,02%	https://www.bplpensioen.nl/beleggen
BPL Pension	Celldex Therapeutics Inc	2023-12-31	43	x1_000	EUR	0,00%	https://www.bplpensioen.nl/beleggen
BPL Pension	Cellebrite DI Ltd	2023-12-31	19	x1_000	EUR	0,00%	https://www.bplpensioen.nl/beleggen
BPL Pension	Cembra Money Bank AG	2023-12-31	71	x1_000	EUR	0,00%	https://www.bplpensioen.nl/beleggen
BPL Pension	Centene Corp	2023-12-31	13.629	x1_000	EUR	0,08%	https://www.bplpensioen.nl/beleggen
BPL Pension	Centerra Gold Inc	2023-12-31	31	x1_000	EUR	0,00%	https://www.bplpensioen.nl/beleggen
BPL Pension	Centerspace	2023-12-31	27	x1_000	EUR	0,00%	https://www.bplpensioen.nl/beleggen
BPL Pension	Central Garden and Pet Co	2023-12-31	14	x1_000	EUR	0,00%	https://www.bplpensioen.nl/beleggen
BPL Pension	Central Pacific Financial Corp	2023-12-31	9	x1_000	EUR	0,00%	https://www.bplpensioen.nl/beleggen
BPL Pension	Centrica Plc	2023-12-31	2.124	x1_000	EUR	0,01%	https://www.bplpensioen.nl/beleggen
BPL Pension	Centrus Energy Corp	2023-12-31	49	x1_000	EUR	0,00%	https://www.bplpensioen.nl/beleggen
BPL Pension	Centuria Capital Group	2023-12-31	8	x1_000	EUR	0,00%	https://www.bplpensioen.nl/beleggen
BPL Pension	Centuria Industrial REIT	2023-12-31	63	x1_000	EUR	0,00%	https://www.bplpensioen.nl/beleggen
BPL Pension	Centuria Office REIT	2023-12-31	7	x1_000	EUR	0,00%	https://www.bplpensioen.nl/beleggen
BPL Pension	Century Communities Inc	2023-12-31	83	x1_000	EUR	0,00%	https://www.bplpensioen.nl/beleggen
BPL Pension	Century Tokyo Leasing Corporation	2023-12-31	67	x1_000	EUR	0,00%	https://www.bplpensioen.nl/beleggen
BPL Pension	Cerence Inc	2023-12-31	23	x1_000	EUR	0,00%	https://www.bplpensioen.nl/beleggen
BPL Pension	Ceres Power Holdings PLC	2023-12-31	4	x1_000	EUR	0,00%	https://www.bplpensioen.nl/beleggen
BPL Pension	Cerevel Therapeutics Holdings	2023-12-31	69	x1_000	EUR	0,00%	https://www.bplpensioen.nl/beleggen
BPL Pension	Certara Inc	2023-12-31	65	x1_000	EUR	0,00%	https://www.bplpensioen.nl/beleggen
BPL Pension	Cettire Ltd	2023-12-31	10	x1_000	EUR	0,00%	https://www.bplpensioen.nl/beleggen
BPL Pension	CEVA Inc	2023-12-31	19	x1_000	EUR	0,00%	https://www.bplpensioen.nl/beleggen
BPL Pension	Cewe Color Holding AG	2023-12-31	14	x1_000	EUR	0,00%	https://www.bplpensioen.nl/beleggen
BPL Pension	CF Industries Holdings Inc	2023-12-31	672	x1_000	EUR	0,00%	https://www.bplpensioen.nl/beleggen
BPL Pension	CGG SA	2023-12-31	39	x1_000	EUR	0,00%	https://www.bplpensioen.nl/beleggen
BPL Pension	CGI Group Inc	2023-12-31	8.329	x1_000	EUR	0,05%	https://www.bplpensioen.nl/beleggen
BPL Pension	CH Robinson Worldwide Inc	2023-12-31	11.194	x1_000	EUR	0,07%	https://www.bplpensioen.nl/beleggen
BPL Pension	Chalice Gold Mines Ltd	2023-12-31	16	x1_000	EUR	0,00%	https://www.bplpensioen.nl/beleggen
BPL Pension	Challenger Financial Services	2023-12-31	80	x1_000	EUR	0,00%	https://www.bplpensioen.nl/beleggen
BPL Pension	Champion Iron Ltd	2023-12-31	219	x1_000	EUR	0,00%	https://www.bplpensioen.nl/beleggen
BPL Pension	Champion REIT	2023-12-31	24	x1_000	EUR	0,00%	https://www.bplpensioen.nl/beleggen
BPL Pension	ChampionX Corp	2023-12-31	209	x1_000	EUR	0,00%	https://www.bplpensioen.nl/beleggen
BPL Pension	Change Holdings Inc	2023-12-31	16	x1_000	EUR	0,00%	https://www.bplpensioen.nl/beleggen
BPL Pension	ChargePoint Holdings Inc	2023-12-31	16	x1_000	EUR	0,00%	https://www.bplpensioen.nl/beleggen
BPL Pension	Chart Industries Inc	2023-12-31	187	x1_000	EUR	0,00%	https://www.bplpensioen.nl/beleggen
BPL Pension	Charter Communications Inc	2023-12-31	384	x1_000	EUR	0,00%	https://www.bplpensioen.nl/beleggen
BPL Pension	Charter Hall Group	2023-12-31	120	x1_000	EUR	0,00%	https://www.bplpensioen.nl/beleggen
BPL Pension	Charter Hall Long Wale REIT	2023-12-31	57	x1_000	EUR	0,00%	https://www.bplpensioen.nl/beleggen
BPL Pension	Charter Hall Retail REIT	2023-12-31	32	x1_000	EUR	0,00%	https://www.bplpensioen.nl/beleggen
BPL Pension	Charter Hall Social Infrastructure REIT	2023-12-31	14	x1_000	EUR	0,00%	https://www.bplpensioen.nl/beleggen
BPL Pension	Overzicht beleggingen per 31-12-2023 Pagina 7Chatham Lodging Trust	2023-12-31	9	x1_000	EUR	0,00%	https://www.bplpensioen.nl/beleggen
BPL Pension	Check Point Software Technolog	2023-12-31	11.588	x1_000	EUR	0,07%	https://www.bplpensioen.nl/beleggen
BPL Pension	Cheesecake Factory Inc / The	2023-12-31	1.496	x1_000	EUR	0,01%	https://www.bplpensioen.nl/beleggen
BPL Pension	Chegg Inc	2023-12-31	54	x1_000	EUR	0,00%	https://www.bplpensioen.nl/beleggen
BPL Pension	Chemed Corp	2023-12-31	319	x1_000	EUR	0,00%	https://www.bplpensioen.nl/beleggen
BPL Pension	Chemometec A/S	2023-12-31	30	x1_000	EUR	0,00%	https://www.bplpensioen.nl/beleggen
BPL Pension	Chemring Group PLC	2023-12-31	60	x1_000	EUR	0,00%	https://www.bplpensioen.nl/beleggen
BPL Pension	Cheniere Energy Inc	2023-12-31	281	x1_000	EUR	0,00%	https://www.bplpensioen.nl/beleggen
BPL Pension	Chesapeake Utilities Corp	2023-12-31	48	x1_000	EUR	0,00%	https://www.bplpensioen.nl/beleggen
BPL Pension	Chevron Corp	2023-12-31	42.537	x1_000	EUR	0,26%	https://www.bplpensioen.nl/beleggen
BPL Pension	Chewy Inc	2023-12-31	80	x1_000	EUR	0,00%	https://www.bplpensioen.nl/beleggen
BPL Pension	Chiba Bank Ltd	2023-12-31	401	x1_000	EUR	0,00%	https://www.bplpensioen.nl/beleggen
BPL Pension	Chipotle Mexican Grill Inc	2023-12-31	6.960	x1_000	EUR	0,04%	https://www.bplpensioen.nl/beleggen
BPL Pension	Chiyoda Corp	2023-12-31	12	x1_000	EUR	0,00%	https://www.bplpensioen.nl/beleggen
BPL Pension	Chofu Seisakusho Co Ltd	2023-12-31	12	x1_000	EUR	0,00%	https://www.bplpensioen.nl/beleggen
BPL Pension	Choice Hotels Intl Inc	2023-12-31	157	x1_000	EUR	0,00%	https://www.bplpensioen.nl/beleggen
BPL Pension	Chord Energy Corp	2023-12-31	147	x1_000	EUR	0,00%	https://www.bplpensioen.nl/beleggen
BPL Pension	Chow Sang Sang Holdings Intern	2023-12-31	12	x1_000	EUR	0,00%	https://www.bplpensioen.nl/beleggen
BPL Pension	CHS/COMMUNITY HEALTH SYS	2023-12-31	12	x1_000	EUR	0,00%	https://www.bplpensioen.nl/beleggen
BPL Pension	Chubb Corporation	2023-12-31	15.197	x1_000	EUR	0,09%	https://www.bplpensioen.nl/beleggen
BPL Pension	Chubu Electric Power Co Inc	2023-12-31	26	x1_000	EUR	0,00%	https://www.bplpensioen.nl/beleggen
BPL Pension	Chudenko Corp	2023-12-31	13	x1_000	EUR	0,00%	https://www.bplpensioen.nl/beleggen
BPL Pension	Chugin Financial Group Inc	2023-12-31	33	x1_000	EUR	0,00%	https://www.bplpensioen.nl/beleggen
BPL Pension	Chugoku Marine Paints Ltd	2023-12-31	66	x1_000	EUR	0,00%	https://www.bplpensioen.nl/beleggen
BPL Pension	Chuo Mitsui Trust & Banking Co. Ltd.	2023-12-31	622	x1_000	EUR	0,00%	https://www.bplpensioen.nl/beleggen
BPL Pension	Church & Dwight Co Inc	2023-12-31	9.092	x1_000	EUR	0,06%	https://www.bplpensioen.nl/beleggen
BPL Pension	CHURCHILL DOWNS INC	2023-12-31	319	x1_000	EUR	0,00%	https://www.bplpensioen.nl/beleggen
BPL Pension	Ci Financial Corp	2023-12-31	62	x1_000	EUR	0,00%	https://www.bplpensioen.nl/beleggen
BPL Pension	Ciba Special Chem Fin Lux	2023-12-31	2.465	x1_000	EUR	0,02%	https://www.bplpensioen.nl/beleggen
BPL Pension	Cibus Nordic Real Estate AB	2023-12-31	25	x1_000	EUR	0,00%	https://www.bplpensioen.nl/beleggen
BPL Pension	Cie Automotive SA	2023-12-31	26	x1_000	EUR	0,00%	https://www.bplpensioen.nl/beleggen
BPL Pension	Cie des Alpes	2023-12-31	12	x1_000	EUR	0,00%	https://www.bplpensioen.nl/beleggen
BPL Pension	Cie Financiere Richemont SA	2023-12-31	816	x1_000	EUR	0,01%	https://www.bplpensioen.nl/beleggen
BPL Pension	Ciena Corp	2023-12-31	230	x1_000	EUR	0,00%	https://www.bplpensioen.nl/beleggen
BPL Pension	Cigna Corp	2023-12-31	21.949	x1_000	EUR	0,14%	https://www.bplpensioen.nl/beleggen
BPL Pension	Cim Asset Management Ltd.	2023-12-31	39	x1_000	EUR	0,00%	https://www.bplpensioen.nl/beleggen
BPL Pension	Cimpress PLC	2023-12-31	51	x1_000	EUR	0,00%	https://www.bplpensioen.nl/beleggen
BPL Pension	Cincinnati Finl Corp	2023-12-31	3.064	x1_000	EUR	0,02%	https://www.bplpensioen.nl/beleggen
BPL Pension	Cinemark Holdings Inc	2023-12-31	2.129	x1_000	EUR	0,01%	https://www.bplpensioen.nl/beleggen
BPL Pension	Cineplex Inc	2023-12-31	861	x1_000	EUR	0,01%	https://www.bplpensioen.nl/beleggen
BPL Pension	Cintas Corporation No. 2	2023-12-31	10.739	x1_000	EUR	0,07%	https://www.bplpensioen.nl/beleggen
BPL Pension	CIR-Compagnie Industriali Riun	2023-12-31	13	x1_000	EUR	0,00%	https://www.bplpensioen.nl/beleggen
BPL Pension	Cirrus Logic Inc	2023-12-31	180	x1_000	EUR	0,00%	https://www.bplpensioen.nl/beleggen
BPL Pension	Cisco Systems Inc	2023-12-31	18.790	x1_000	EUR	0,12%	https://www.bplpensioen.nl/beleggen
BPL Pension	Citic Telecom International Ho	2023-12-31	38	x1_000	EUR	0,00%	https://www.bplpensioen.nl/beleggen
BPL Pension	Citigroup Inc	2023-12-31	18.633	x1_000	EUR	0,11%	https://www.bplpensioen.nl/beleggen
BPL Pension	Citizen Watch Co Ltd	2023-12-31	19	x1_000	EUR	0,00%	https://www.bplpensioen.nl/beleggen
BPL Pension	City Developments Ltd	2023-12-31	1.104	x1_000	EUR	0,01%	https://www.bplpensioen.nl/beleggen
BPL Pension	City Holding Co	2023-12-31	20	x1_000	EUR	0,00%	https://www.bplpensioen.nl/beleggen
BPL Pension	City of Rome	2023-12-31	23	x1_000	EUR	0,00%	https://www.bplpensioen.nl/beleggen
BPL Pension	CITYCHAMP	2023-12-31	12	x1_000	EUR	0,00%	https://www.bplpensioen.nl/beleggen
BPL Pension	Citycon OYJ	2023-12-31	20	x1_000	EUR	0,00%	https://www.bplpensioen.nl/beleggen
BPL Pension	Civitas Resources Inc	2023-12-31	63	x1_000	EUR	0,00%	https://www.bplpensioen.nl/beleggen
BPL Pension	CK Asset Holdings Ltd	2023-12-31	3.670	x1_000	EUR	0,02%	https://www.bplpensioen.nl/beleggen
BPL Pension	CK Hutchison Holdings Ltd	2023-12-31	3.874	x1_000	EUR	0,02%	https://www.bplpensioen.nl/beleggen
BPL Pension	CK Life Sciences International	2023-12-31	12	x1_000	EUR	0,00%	https://www.bplpensioen.nl/beleggen
BPL Pension	CKD Corp	2023-12-31	26	x1_000	EUR	0,00%	https://www.bplpensioen.nl/beleggen
BPL Pension	Clal Insurance Enterprises Hol	2023-12-31	51	x1_000	EUR	0,00%	https://www.bplpensioen.nl/beleggen
BPL Pension	Clariane SE	2023-12-31	6	x1_000	EUR	0,00%	https://www.bplpensioen.nl/beleggen
BPL Pension	Clarivate PLC	2023-12-31	92	x1_000	EUR	0,00%	https://www.bplpensioen.nl/beleggen
BPL Pension	Clarkson PLC	2023-12-31	60	x1_000	EUR	0,00%	https://www.bplpensioen.nl/beleggen
BPL Pension	Claros Mortgage Trust Inc	2023-12-31	27	x1_000	EUR	0,00%	https://www.bplpensioen.nl/beleggen
BPL Pension	Clas Ohlson AB	2023-12-31	34	x1_000	EUR	0,00%	https://www.bplpensioen.nl/beleggen
BPL Pension	Clayton Dubilier & Rice LLC	2023-12-31	4.750	x1_000	EUR	0,03%	https://www.bplpensioen.nl/beleggen
BPL Pension	Clean Energy Fuels Corp	2023-12-31	42	x1_000	EUR	0,00%	https://www.bplpensioen.nl/beleggen
BPL Pension	Clean Harbors Inc	2023-12-31	142	x1_000	EUR	0,00%	https://www.bplpensioen.nl/beleggen
BPL Pension	Cleanaway Waste Management Ltd	2023-12-31	10	x1_000	EUR	0,00%	https://www.bplpensioen.nl/beleggen
BPL Pension	Cleanspark Inc	2023-12-31	48	x1_000	EUR	0,00%	https://www.bplpensioen.nl/beleggen
BPL Pension	Clear Channel Outdoor Holdings	2023-12-31	16	x1_000	EUR	0,00%	https://www.bplpensioen.nl/beleggen
BPL Pension	Clear Secure Inc	2023-12-31	35	x1_000	EUR	0,00%	https://www.bplpensioen.nl/beleggen
BPL Pension	Clearfield Inc	2023-12-31	8	x1_000	EUR	0,00%	https://www.bplpensioen.nl/beleggen
BPL Pension	Clearwater Analytics Holdings	2023-12-31	51	x1_000	EUR	0,00%	https://www.bplpensioen.nl/beleggen
BPL Pension	Clearway Energy Inc	2023-12-31	258	x1_000	EUR	0,00%	https://www.bplpensioen.nl/beleggen
BPL Pension	Clinuvel Pharmaceuticals Ltd	2023-12-31	23	x1_000	EUR	0,00%	https://www.bplpensioen.nl/beleggen
BPL Pension	Cloetta AB	2023-12-31	18	x1_000	EUR	0,00%	https://www.bplpensioen.nl/beleggen
BPL Pension	Clorox Company	2023-12-31	5.932	x1_000	EUR	0,04%	https://www.bplpensioen.nl/beleggen
BPL Pension	Close Brothers Group PLC	2023-12-31	47	x1_000	EUR	0,00%	https://www.bplpensioen.nl/beleggen
BPL Pension	Clover Health Investments Corp	2023-12-31	6	x1_000	EUR	0,00%	https://www.bplpensioen.nl/beleggen
BPL Pension	CLS Holdings PLC	2023-12-31	6	x1_000	EUR	0,00%	https://www.bplpensioen.nl/beleggen
BPL Pension	Cme Group Inc	2023-12-31	3.989	x1_000	EUR	0,02%	https://www.bplpensioen.nl/beleggen
BPL Pension	C-Mer Eye Care Holdings Ltd	2023-12-31	10	x1_000	EUR	0,00%	https://www.bplpensioen.nl/beleggen
BPL Pension	CNX Resources Corp	2023-12-31	80	x1_000	EUR	0,00%	https://www.bplpensioen.nl/beleggen
BPL Pension	Coats Group PLC	2023-12-31	13	x1_000	EUR	0,00%	https://www.bplpensioen.nl/beleggen
BPL Pension	Coca-Cola Bottling Co Consolid	2023-12-31	169	x1_000	EUR	0,00%	https://www.bplpensioen.nl/beleggen
BPL Pension	Coca-Cola Co	2023-12-31	11.991	x1_000	EUR	0,07%	https://www.bplpensioen.nl/beleggen
BPL Pension	Coca-Cola European Partners PL	2023-12-31	701	x1_000	EUR	0,00%	https://www.bplpensioen.nl/beleggen
BPL Pension	Coca-Cola HBC AG	2023-12-31	411	x1_000	EUR	0,00%	https://www.bplpensioen.nl/beleggen
BPL Pension	Coca-Cola West Co Ltd	2023-12-31	47	x1_000	EUR	0,00%	https://www.bplpensioen.nl/beleggen
BPL Pension	Cochlear Ltd	2023-12-31	1.731	x1_000	EUR	0,01%	https://www.bplpensioen.nl/beleggen
BPL Pension	Codan Ltd/Australia	2023-12-31	37	x1_000	EUR	0,00%	https://www.bplpensioen.nl/beleggen
BPL Pension	COFINIMMO	2023-12-31	152	x1_000	EUR	0,00%	https://www.bplpensioen.nl/beleggen
BPL Pension	COGECO CABLE INC	2023-12-31	36	x1_000	EUR	0,00%	https://www.bplpensioen.nl/beleggen
BPL Pension	Cogent Biosciences Inc	2023-12-31	5	x1_000	EUR	0,00%	https://www.bplpensioen.nl/beleggen
BPL Pension	Cogent Communications Holdings	2023-12-31	104	x1_000	EUR	0,00%	https://www.bplpensioen.nl/beleggen
BPL Pension	Cognex Corp	2023-12-31	226	x1_000	EUR	0,00%	https://www.bplpensioen.nl/beleggen
BPL Pension	Cognizant Technology Solutions	2023-12-31	25.092	x1_000	EUR	0,15%	https://www.bplpensioen.nl/beleggen
BPL Pension	Cohen & Steers Inc	2023-12-31	55	x1_000	EUR	0,00%	https://www.bplpensioen.nl/beleggen
BPL Pension	Coherent Inc	2023-12-31	199	x1_000	EUR	0,00%	https://www.bplpensioen.nl/beleggen
BPL Pension	Coherus Biosciences Inc	2023-12-31	4	x1_000	EUR	0,00%	https://www.bplpensioen.nl/beleggen
BPL Pension	Cohu Inc	2023-12-31	64	x1_000	EUR	0,00%	https://www.bplpensioen.nl/beleggen
BPL Pension	Coles Group Ltd	2023-12-31	2.989	x1_000	EUR	0,02%	https://www.bplpensioen.nl/beleggen
BPL Pension	Colgate-Palmolive Co	2023-12-31	20.916	x1_000	EUR	0,13%	https://www.bplpensioen.nl/beleggen
BPL Pension	Collegium Pharmaceutical Inc	2023-12-31	56	x1_000	EUR	0,00%	https://www.bplpensioen.nl/beleggen
BPL Pension	Colliers International Group I	2023-12-31	127	x1_000	EUR	0,00%	https://www.bplpensioen.nl/beleggen
BPL Pension	Collins Foods Ltd	2023-12-31	14	x1_000	EUR	0,00%	https://www.bplpensioen.nl/beleggen
BPL Pension	Coloplast A/S	2023-12-31	2.454	x1_000	EUR	0,02%	https://www.bplpensioen.nl/beleggen
BPL Pension	Colowide Co Ltd	2023-12-31	30	x1_000	EUR	0,00%	https://www.bplpensioen.nl/beleggen
BPL Pension	Colruyt SA	2023-12-31	106	x1_000	EUR	0,00%	https://www.bplpensioen.nl/beleggen
BPL Pension	Coltene Holding AG	2023-12-31	11	x1_000	EUR	0,00%	https://www.bplpensioen.nl/beleggen
BPL Pension	Columbia Financial Inc	2023-12-31	20	x1_000	EUR	0,00%	https://www.bplpensioen.nl/beleggen
BPL Pension	Columbia Sportswear Co	2023-12-31	90	x1_000	EUR	0,00%	https://www.bplpensioen.nl/beleggen
BPL Pension	Columbus McKinnon Corp/NY	2023-12-31	32	x1_000	EUR	0,00%	https://www.bplpensioen.nl/beleggen
BPL Pension	COMBA	2023-12-31	7	x1_000	EUR	0,00%	https://www.bplpensioen.nl/beleggen
BPL Pension	Comcast Cable Comm Hldgs	2023-12-31	25.750	x1_000	EUR	0,16%	https://www.bplpensioen.nl/beleggen
BPL Pension	Comet Holding AG	2023-12-31	54	x1_000	EUR	0,00%	https://www.bplpensioen.nl/beleggen
BPL Pension	Comforia Residential REIT Inc	2023-12-31	28	x1_000	EUR	0,00%	https://www.bplpensioen.nl/beleggen
BPL Pension	Comfort Systems USA Inc	2023-12-31	5.415	x1_000	EUR	0,03%	https://www.bplpensioen.nl/beleggen
BPL Pension	Overzicht beleggingen per 31-12-2023 Pagina 8Comfortdelgro Corp Ltd	2023-12-31	489	x1_000	EUR	0,00%	https://www.bplpensioen.nl/beleggen
BPL Pension	Commerce Bancshares Inc/Kansas	2023-12-31	202	x1_000	EUR	0,00%	https://www.bplpensioen.nl/beleggen
BPL Pension	Commercial Metals Co	2023-12-31	132	x1_000	EUR	0,00%	https://www.bplpensioen.nl/beleggen
BPL Pension	COMMERZBANK AG	2023-12-31	1.985	x1_000	EUR	0,01%	https://www.bplpensioen.nl/beleggen
BPL Pension	Commonwealth Bank Australia	2023-12-31	2.933	x1_000	EUR	0,02%	https://www.bplpensioen.nl/beleggen
BPL Pension	Community Bank System Inc	2023-12-31	57	x1_000	EUR	0,00%	https://www.bplpensioen.nl/beleggen
BPL Pension	Community Healthcare Trust Inc	2023-12-31	7	x1_000	EUR	0,00%	https://www.bplpensioen.nl/beleggen
BPL Pension	Community Trust Bancorp Inc	2023-12-31	12	x1_000	EUR	0,00%	https://www.bplpensioen.nl/beleggen
BPL Pension	CommVault Systems Inc	2023-12-31	116	x1_000	EUR	0,00%	https://www.bplpensioen.nl/beleggen
BPL Pension	Compagnie de Saint-Gobain S.A.	2023-12-31	1.914	x1_000	EUR	0,01%	https://www.bplpensioen.nl/beleggen
BPL Pension	Compass Diversified Holdings	2023-12-31	102	x1_000	EUR	0,00%	https://www.bplpensioen.nl/beleggen
BPL Pension	Compass Group PLC	2023-12-31	639	x1_000	EUR	0,00%	https://www.bplpensioen.nl/beleggen
BPL Pension	Compass Inc	2023-12-31	26	x1_000	EUR	0,00%	https://www.bplpensioen.nl/beleggen
BPL Pension	Compass Minerals International	2023-12-31	39	x1_000	EUR	0,00%	https://www.bplpensioen.nl/beleggen
BPL Pension	CompuGroup Medical SE & Co Kga	2023-12-31	29	x1_000	EUR	0,00%	https://www.bplpensioen.nl/beleggen
BPL Pension	Computacenter PLC	2023-12-31	92	x1_000	EUR	0,00%	https://www.bplpensioen.nl/beleggen
BPL Pension	Computershare Ltd.	2023-12-31	330	x1_000	EUR	0,00%	https://www.bplpensioen.nl/beleggen
BPL Pension	Comstock Resources Inc	2023-12-31	49	x1_000	EUR	0,00%	https://www.bplpensioen.nl/beleggen
BPL Pension	Comsys Holdings Corp	2023-12-31	521	x1_000	EUR	0,00%	https://www.bplpensioen.nl/beleggen
BPL Pension	Comture Corp	2023-12-31	7	x1_000	EUR	0,00%	https://www.bplpensioen.nl/beleggen
BPL Pension	Concentrix Corp	2023-12-31	988	x1_000	EUR	0,01%	https://www.bplpensioen.nl/beleggen
BPL Pension	Concordia Financial Group Ltd	2023-12-31	385	x1_000	EUR	0,00%	https://www.bplpensioen.nl/beleggen
BPL Pension	Conduent Inc	2023-12-31	27	x1_000	EUR	0,00%	https://www.bplpensioen.nl/beleggen
BPL Pension	CONMED Corp	2023-12-31	120	x1_000	EUR	0,00%	https://www.bplpensioen.nl/beleggen
BPL Pension	ConnectOne Bancorp Inc	2023-12-31	23	x1_000	EUR	0,00%	https://www.bplpensioen.nl/beleggen
BPL Pension	Conseco Inc	2023-12-31	176	x1_000	EUR	0,00%	https://www.bplpensioen.nl/beleggen
BPL Pension	Consensus Cloud Solutions Inc	2023-12-31	679	x1_000	EUR	0,00%	https://www.bplpensioen.nl/beleggen
BPL Pension	Consolidated Communications Ho	2023-12-31	8	x1_000	EUR	0,00%	https://www.bplpensioen.nl/beleggen
BPL Pension	Consolidated Edison Inc	2023-12-31	13.189	x1_000	EUR	0,08%	https://www.bplpensioen.nl/beleggen
BPL Pension	CONSTELLATION BRANDS INC	2023-12-31	3.935	x1_000	EUR	0,02%	https://www.bplpensioen.nl/beleggen
BPL Pension	Constellation Software Inc/Can	2023-12-31	2.364	x1_000	EUR	0,01%	https://www.bplpensioen.nl/beleggen
BPL Pension	Construcciones y Auxiliar de F	2023-12-31	18	x1_000	EUR	0,00%	https://www.bplpensioen.nl/beleggen
BPL Pension	Construction Partners Inc	2023-12-31	48	x1_000	EUR	0,00%	https://www.bplpensioen.nl/beleggen
BPL Pension	Contact Energy Ltd	2023-12-31	774	x1_000	EUR	0,00%	https://www.bplpensioen.nl/beleggen
BPL Pension	Continental AG	2023-12-31	2.189	x1_000	EUR	0,01%	https://www.bplpensioen.nl/beleggen
BPL Pension	Contura Energy Inc	2023-12-31	440	x1_000	EUR	0,00%	https://www.bplpensioen.nl/beleggen
BPL Pension	ConvaTec Group PLC	2023-12-31	2.319	x1_000	EUR	0,01%	https://www.bplpensioen.nl/beleggen
BPL Pension	Converge Technology Solutions	2023-12-31	19	x1_000	EUR	0,00%	https://www.bplpensioen.nl/beleggen
BPL Pension	Cooper Cos Inc / The	2023-12-31	1.121	x1_000	EUR	0,01%	https://www.bplpensioen.nl/beleggen
BPL Pension	Coor Service Management Holdin	2023-12-31	8	x1_000	EUR	0,00%	https://www.bplpensioen.nl/beleggen
BPL Pension	Copart Inc	2023-12-31	3.278	x1_000	EUR	0,02%	https://www.bplpensioen.nl/beleggen
BPL Pension	Corbion NV	2023-12-31	52	x1_000	EUR	0,00%	https://www.bplpensioen.nl/beleggen
BPL Pension	Corcept Therapeutics Inc	2023-12-31	109	x1_000	EUR	0,00%	https://www.bplpensioen.nl/beleggen
BPL Pension	Core & Main Inc	2023-12-31	144	x1_000	EUR	0,00%	https://www.bplpensioen.nl/beleggen
BPL Pension	Core Laboratories Inc	2023-12-31	50	x1_000	EUR	0,00%	https://www.bplpensioen.nl/beleggen
BPL Pension	Core Lithium Ltd	2023-12-31	17	x1_000	EUR	0,00%	https://www.bplpensioen.nl/beleggen
BPL Pension	CoreCivic Inc	2023-12-31	1.435	x1_000	EUR	0,01%	https://www.bplpensioen.nl/beleggen
BPL Pension	Corem Property Group AB	2023-12-31	8	x1_000	EUR	0,00%	https://www.bplpensioen.nl/beleggen
BPL Pension	Corning Inc	2023-12-31	4.004	x1_000	EUR	0,02%	https://www.bplpensioen.nl/beleggen
BPL Pension	Corporate Travel Management Ltd.	2023-12-31	50	x1_000	EUR	0,00%	https://www.bplpensioen.nl/beleggen
BPL Pension	Corsair Gaming Inc	2023-12-31	43	x1_000	EUR	0,00%	https://www.bplpensioen.nl/beleggen
BPL Pension	Corteva Inc	2023-12-31	7.543	x1_000	EUR	0,05%	https://www.bplpensioen.nl/beleggen
BPL Pension	Corticeira Amorim SGPS SA	2023-12-31	28	x1_000	EUR	0,00%	https://www.bplpensioen.nl/beleggen
BPL Pension	CorVel Corp	2023-12-31	90	x1_000	EUR	0,00%	https://www.bplpensioen.nl/beleggen
BPL Pension	COSMO Pharmaceuticals NV	2023-12-31	13	x1_000	EUR	0,00%	https://www.bplpensioen.nl/beleggen
BPL Pension	Cosmos Pharmaceutical Corp	2023-12-31	94	x1_000	EUR	0,00%	https://www.bplpensioen.nl/beleggen
BPL Pension	Costa Group Holdings Ltd	2023-12-31	12	x1_000	EUR	0,00%	https://www.bplpensioen.nl/beleggen
BPL Pension	CoStar Group Inc	2023-12-31	1.226	x1_000	EUR	0,01%	https://www.bplpensioen.nl/beleggen
BPL Pension	Costco Wholesale Corp	2023-12-31	93.625	x1_000	EUR	0,58%	https://www.bplpensioen.nl/beleggen
BPL Pension	Coty Inc	2023-12-31	161	x1_000	EUR	0,00%	https://www.bplpensioen.nl/beleggen
BPL Pension	Couchbase Inc	2023-12-31	14	x1_000	EUR	0,00%	https://www.bplpensioen.nl/beleggen
BPL Pension	Coursera Inc	2023-12-31	42	x1_000	EUR	0,00%	https://www.bplpensioen.nl/beleggen
BPL Pension	Cousins Properties Inc	2023-12-31	115	x1_000	EUR	0,00%	https://www.bplpensioen.nl/beleggen
BPL Pension	Covenant Logistics Group Inc	2023-12-31	21	x1_000	EUR	0,00%	https://www.bplpensioen.nl/beleggen
BPL Pension	Cover Corp	2023-12-31	12	x1_000	EUR	0,00%	https://www.bplpensioen.nl/beleggen
BPL Pension	Cowell e Holdings Inc	2023-12-31	32	x1_000	EUR	0,00%	https://www.bplpensioen.nl/beleggen
BPL Pension	CRA International Inc	2023-12-31	27	x1_000	EUR	0,00%	https://www.bplpensioen.nl/beleggen
BPL Pension	Cracker Barrel Old Country	2023-12-31	49	x1_000	EUR	0,00%	https://www.bplpensioen.nl/beleggen
BPL Pension	Crane Holdings Co	2023-12-31	224	x1_000	EUR	0,00%	https://www.bplpensioen.nl/beleggen
BPL Pension	Craneware PLC	2023-12-31	13	x1_000	EUR	0,00%	https://www.bplpensioen.nl/beleggen
BPL Pension	Cranswick PLC	2023-12-31	64	x1_000	EUR	0,00%	https://www.bplpensioen.nl/beleggen
BPL Pension	Crayon Group Holding ASA	2023-12-31	9	x1_000	EUR	0,00%	https://www.bplpensioen.nl/beleggen
BPL Pension	CRE Logistics REIT Inc	2023-12-31	32	x1_000	EUR	0,00%	https://www.bplpensioen.nl/beleggen
BPL Pension	Creades AB	2023-12-31	11	x1_000	EUR	0,00%	https://www.bplpensioen.nl/beleggen
BPL Pension	Create Restaurants Holdings Inc	2023-12-31	37	x1_000	EUR	0,00%	https://www.bplpensioen.nl/beleggen
BPL Pension	CREATE SD HOLDINGS Co Ltd	2023-12-31	12	x1_000	EUR	0,00%	https://www.bplpensioen.nl/beleggen
BPL Pension	Credit Acceptance Corp	2023-12-31	126	x1_000	EUR	0,00%	https://www.bplpensioen.nl/beleggen
BPL Pension	CREDIT AGRICOLE SA	2023-12-31	5.349	x1_000	EUR	0,03%	https://www.bplpensioen.nl/beleggen
BPL Pension	Credit Corp Group Ltd	2023-12-31	13	x1_000	EUR	0,00%	https://www.bplpensioen.nl/beleggen
BPL Pension	Credit Saison Co Ltd	2023-12-31	127	x1_000	EUR	0,00%	https://www.bplpensioen.nl/beleggen
BPL Pension	Credito Emiliano SpA	2023-12-31	1.844	x1_000	EUR	0,01%	https://www.bplpensioen.nl/beleggen
BPL Pension	Credo Technology Group Holding	2023-12-31	63	x1_000	EUR	0,00%	https://www.bplpensioen.nl/beleggen
BPL Pension	Crescent Energy Inc	2023-12-31	23	x1_000	EUR	0,00%	https://www.bplpensioen.nl/beleggen
BPL Pension	Crescent Point Energy Corp	2023-12-31	1.337	x1_000	EUR	0,01%	https://www.bplpensioen.nl/beleggen
BPL Pension	Crest Nicholson Holdings plc	2023-12-31	1.215	x1_000	EUR	0,01%	https://www.bplpensioen.nl/beleggen
BPL Pension	Crew Energy Inc	2023-12-31	15	x1_000	EUR	0,00%	https://www.bplpensioen.nl/beleggen
BPL Pension	Cricut Inc	2023-12-31	6	x1_000	EUR	0,00%	https://www.bplpensioen.nl/beleggen
BPL Pension	Crinetics Pharmaceuticals Inc	2023-12-31	41	x1_000	EUR	0,00%	https://www.bplpensioen.nl/beleggen
BPL Pension	CRISPR Therapeutics AG	2023-12-31	146	x1_000	EUR	0,00%	https://www.bplpensioen.nl/beleggen
BPL Pension	Crocs Inc	2023-12-31	1.652	x1_000	EUR	0,01%	https://www.bplpensioen.nl/beleggen
BPL Pension	Croda International PLC	2023-12-31	1.286	x1_000	EUR	0,01%	https://www.bplpensioen.nl/beleggen
BPL Pension	Crombie Real Estate Investment	2023-12-31	10	x1_000	EUR	0,00%	https://www.bplpensioen.nl/beleggen
BPL Pension	Cromwell European Real Estate	2023-12-31	8	x1_000	EUR	0,00%	https://www.bplpensioen.nl/beleggen
BPL Pension	Cromwell Property Group	2023-12-31	966	x1_000	EUR	0,01%	https://www.bplpensioen.nl/beleggen
BPL Pension	Cronos Group Inc	2023-12-31	33	x1_000	EUR	0,00%	https://www.bplpensioen.nl/beleggen
BPL Pension	Cross Country Healthcare Inc	2023-12-31	35	x1_000	EUR	0,00%	https://www.bplpensioen.nl/beleggen
BPL Pension	CrossFirst Bankshares Inc	2023-12-31	12	x1_000	EUR	0,00%	https://www.bplpensioen.nl/beleggen
BPL Pension	CROWN CASTLE INTL CORP	2023-12-31	630	x1_000	EUR	0,00%	https://www.bplpensioen.nl/beleggen
BPL Pension	CryoPort Inc	2023-12-31	20	x1_000	EUR	0,00%	https://www.bplpensioen.nl/beleggen
BPL Pension	CS Disco Inc	2023-12-31	11	x1_000	EUR	0,00%	https://www.bplpensioen.nl/beleggen
BPL Pension	CSG Systems International Inc	2023-12-31	2.084	x1_000	EUR	0,01%	https://www.bplpensioen.nl/beleggen
BPL Pension	CSL Ltd	2023-12-31	1.942	x1_000	EUR	0,01%	https://www.bplpensioen.nl/beleggen
BPL Pension	CSR Limited	2023-12-31	12	x1_000	EUR	0,00%	https://www.bplpensioen.nl/beleggen
BPL Pension	CSW Industrials Inc	2023-12-31	113	x1_000	EUR	0,00%	https://www.bplpensioen.nl/beleggen
BPL Pension	Csx Corp	2023-12-31	1.029	x1_000	EUR	0,01%	https://www.bplpensioen.nl/beleggen
BPL Pension	CTS Corp	2023-12-31	20	x1_000	EUR	0,00%	https://www.bplpensioen.nl/beleggen
BPL Pension	CTS EVENTIM AG	2023-12-31	123	x1_000	EUR	0,00%	https://www.bplpensioen.nl/beleggen
BPL Pension	CTT-Correios de Portugal SA	2023-12-31	23	x1_000	EUR	0,00%	https://www.bplpensioen.nl/beleggen
BPL Pension	CU INC	2023-12-31	814	x1_000	EUR	0,01%	https://www.bplpensioen.nl/beleggen
BPL Pension	CubeSmart	2023-12-31	355	x1_000	EUR	0,00%	https://www.bplpensioen.nl/beleggen
BPL Pension	Cullen/Frost Bankers Inc	2023-12-31	219	x1_000	EUR	0,00%	https://www.bplpensioen.nl/beleggen
BPL Pension	Cullinan Oncology Inc	2023-12-31	11	x1_000	EUR	0,00%	https://www.bplpensioen.nl/beleggen
BPL Pension	Cummins Inc	2023-12-31	11.677	x1_000	EUR	0,07%	https://www.bplpensioen.nl/beleggen
BPL Pension	CureVac NV	2023-12-31	6	x1_000	EUR	0,00%	https://www.bplpensioen.nl/beleggen
BPL Pension	Currys PLC	2023-12-31	30	x1_000	EUR	0,00%	https://www.bplpensioen.nl/beleggen
BPL Pension	Curtiss-Wright Corp	2023-12-31	444	x1_000	EUR	0,00%	https://www.bplpensioen.nl/beleggen
BPL Pension	Curves Holdings Co Ltd	2023-12-31	10	x1_000	EUR	0,00%	https://www.bplpensioen.nl/beleggen
BPL Pension	Cushman & Wakefield PLC	2023-12-31	54	x1_000	EUR	0,00%	https://www.bplpensioen.nl/beleggen
BPL Pension	Custodian Reit PLC	2023-12-31	32	x1_000	EUR	0,00%	https://www.bplpensioen.nl/beleggen
BPL Pension	Custom Truck One Source Inc	2023-12-31	30	x1_000	EUR	0,00%	https://www.bplpensioen.nl/beleggen
BPL Pension	Customers Bancorp Inc	2023-12-31	2.236	x1_000	EUR	0,01%	https://www.bplpensioen.nl/beleggen
BPL Pension	Overzicht beleggingen per 31-12-2023 Pagina 9CVB Financial Corp	2023-12-31	74	x1_000	EUR	0,00%	https://www.bplpensioen.nl/beleggen
BPL Pension	CVS Group PLC	2023-12-31	41	x1_000	EUR	0,00%	https://www.bplpensioen.nl/beleggen
BPL Pension	CVS Health Corp	2023-12-31	30.707	x1_000	EUR	0,19%	https://www.bplpensioen.nl/beleggen
BPL Pension	CyberAgent Inc	2023-12-31	65	x1_000	EUR	0,00%	https://www.bplpensioen.nl/beleggen
BPL Pension	CYBERDYNE Inc	2023-12-31	8	x1_000	EUR	0,00%	https://www.bplpensioen.nl/beleggen
BPL Pension	Cybozu Inc	2023-12-31	18	x1_000	EUR	0,00%	https://www.bplpensioen.nl/beleggen
BPL Pension	Cymabay Therapeutics Inc	2023-12-31	72	x1_000	EUR	0,00%	https://www.bplpensioen.nl/beleggen
BPL Pension	Cytek Biosciences Inc	2023-12-31	21	x1_000	EUR	0,00%	https://www.bplpensioen.nl/beleggen
BPL Pension	Cytokinetics Inc	2023-12-31	209	x1_000	EUR	0,00%	https://www.bplpensioen.nl/beleggen
BPL Pension	D.R. HORTON INC	2023-12-31	11.682	x1_000	EUR	0,07%	https://www.bplpensioen.nl/beleggen
BPL Pension	DA Office Investment Corp	2023-12-31	38	x1_000	EUR	0,00%	https://www.bplpensioen.nl/beleggen
BPL Pension	Daetwyler Holding AG	2023-12-31	60	x1_000	EUR	0,00%	https://www.bplpensioen.nl/beleggen
BPL Pension	Dah Sing Banking Group Ltd	2023-12-31	38	x1_000	EUR	0,00%	https://www.bplpensioen.nl/beleggen
BPL Pension	Dah Sing Financial Holdings Lt	2023-12-31	403	x1_000	EUR	0,00%	https://www.bplpensioen.nl/beleggen
BPL Pension	Dai Nippon Printing Co Ltd	2023-12-31	1.632	x1_000	EUR	0,01%	https://www.bplpensioen.nl/beleggen
BPL Pension	Daiei Kankyo Co Ltd	2023-12-31	54	x1_000	EUR	0,00%	https://www.bplpensioen.nl/beleggen
BPL Pension	Daihen Corp	2023-12-31	21	x1_000	EUR	0,00%	https://www.bplpensioen.nl/beleggen
BPL Pension	Daiho Corp	2023-12-31	10	x1_000	EUR	0,00%	https://www.bplpensioen.nl/beleggen
BPL Pension	Daiichikosho Co Ltd	2023-12-31	13	x1_000	EUR	0,00%	https://www.bplpensioen.nl/beleggen
BPL Pension	Daikin Industries Ltd	2023-12-31	458	x1_000	EUR	0,00%	https://www.bplpensioen.nl/beleggen
BPL Pension	Daikokutenbussan Co Ltd	2023-12-31	19	x1_000	EUR	0,00%	https://www.bplpensioen.nl/beleggen
BPL Pension	Daimaru Inc	2023-12-31	83	x1_000	EUR	0,00%	https://www.bplpensioen.nl/beleggen
BPL Pension	Daimler Truck Holding AG	2023-12-31	522	x1_000	EUR	0,00%	https://www.bplpensioen.nl/beleggen
BPL Pension	Dainippon Screen Manufacturing	2023-12-31	965	x1_000	EUR	0,01%	https://www.bplpensioen.nl/beleggen
BPL Pension	Daiseki Co Ltd	2023-12-31	33	x1_000	EUR	0,00%	https://www.bplpensioen.nl/beleggen
BPL Pension	Daishi Hokuetsu Financial Grou	2023-12-31	1.633	x1_000	EUR	0,01%	https://www.bplpensioen.nl/beleggen
BPL Pension	Daito Trust Construction Co Lt	2023-12-31	2.626	x1_000	EUR	0,02%	https://www.bplpensioen.nl/beleggen
BPL Pension	Daiwa House Industry Co Ltd	2023-12-31	3.327	x1_000	EUR	0,02%	https://www.bplpensioen.nl/beleggen
BPL Pension	Daiwa House REIT Investment Co	2023-12-31	242	x1_000	EUR	0,00%	https://www.bplpensioen.nl/beleggen
BPL Pension	Daiwa Industries Ltd	2023-12-31	15	x1_000	EUR	0,00%	https://www.bplpensioen.nl/beleggen
BPL Pension	Daiwa Securities Group Inc	2023-12-31	778	x1_000	EUR	0,00%	https://www.bplpensioen.nl/beleggen
BPL Pension	Daiwabo Holdings Co Ltd	2023-12-31	20	x1_000	EUR	0,00%	https://www.bplpensioen.nl/beleggen
BPL Pension	Dalata Hotel Group PLC	2023-12-31	38	x1_000	EUR	0,00%	https://www.bplpensioen.nl/beleggen
BPL Pension	Dana Inc	2023-12-31	786	x1_000	EUR	0,00%	https://www.bplpensioen.nl/beleggen
BPL Pension	Danel Adir Yeoshua Ltd	2023-12-31	9	x1_000	EUR	0,00%	https://www.bplpensioen.nl/beleggen
BPL Pension	Danone Groupe	2023-12-31	4.570	x1_000	EUR	0,03%	https://www.bplpensioen.nl/beleggen
BPL Pension	Danske Bank A/S	2023-12-31	3.401	x1_000	EUR	0,02%	https://www.bplpensioen.nl/beleggen
BPL Pension	Darden Restaurants Inc	2023-12-31	3.063	x1_000	EUR	0,02%	https://www.bplpensioen.nl/beleggen
BPL Pension	Darktrace PLC	2023-12-31	48	x1_000	EUR	0,00%	https://www.bplpensioen.nl/beleggen
BPL Pension	Dassault Systemes SE	2023-12-31	6.529	x1_000	EUR	0,04%	https://www.bplpensioen.nl/beleggen
BPL Pension	Datagroup SE	2023-12-31	9	x1_000	EUR	0,00%	https://www.bplpensioen.nl/beleggen
BPL Pension	Davide Campari-Milano SpA	2023-12-31	1.660	x1_000	EUR	0,01%	https://www.bplpensioen.nl/beleggen
BPL Pension	DAVITA HEALTHCARE PARTNE	2023-12-31	625	x1_000	EUR	0,00%	https://www.bplpensioen.nl/beleggen
BPL Pension	Day One Biopharmaceuticals Inc	2023-12-31	42	x1_000	EUR	0,00%	https://www.bplpensioen.nl/beleggen
BPL Pension	DBS Group Holdings Ltd	2023-12-31	555	x1_000	EUR	0,00%	https://www.bplpensioen.nl/beleggen
BPL Pension	DCC PLC	2023-12-31	5.910	x1_000	EUR	0,04%	https://www.bplpensioen.nl/beleggen
BPL Pension	DCM Holdings Co Ltd	2023-12-31	19	x1_000	EUR	0,00%	https://www.bplpensioen.nl/beleggen
BPL Pension	De Grey Mining Ltd	2023-12-31	32	x1_000	EUR	0,00%	https://www.bplpensioen.nl/beleggen
BPL Pension	Dechra Pharmaceuticals PLC	2023-12-31	175	x1_000	EUR	0,00%	https://www.bplpensioen.nl/beleggen
BPL Pension	Deciphera Pharmaceuticals Inc	2023-12-31	44	x1_000	EUR	0,00%	https://www.bplpensioen.nl/beleggen
BPL Pension	Deep Yellow Ltd	2023-12-31	19	x1_000	EUR	0,00%	https://www.bplpensioen.nl/beleggen
BPL Pension	Deere & Co	2023-12-31	1.829	x1_000	EUR	0,01%	https://www.bplpensioen.nl/beleggen
BPL Pension	Definitive Healthcare Corp	2023-12-31	21	x1_000	EUR	0,00%	https://www.bplpensioen.nl/beleggen
BPL Pension	Definity Financial Corp	2023-12-31	41	x1_000	EUR	0,00%	https://www.bplpensioen.nl/beleggen
BPL Pension	Delek Automotive Systems Ltd	2023-12-31	14	x1_000	EUR	0,00%	https://www.bplpensioen.nl/beleggen
BPL Pension	Delek Group Ltd	2023-12-31	22	x1_000	EUR	0,00%	https://www.bplpensioen.nl/beleggen
BPL Pension	Delek US Holdings Inc	2023-12-31	47	x1_000	EUR	0,00%	https://www.bplpensioen.nl/beleggen
BPL Pension	Deliveroo PLC	2023-12-31	15	x1_000	EUR	0,00%	https://www.bplpensioen.nl/beleggen
BPL Pension	Delta Galil Ltd	2023-12-31	21	x1_000	EUR	0,00%	https://www.bplpensioen.nl/beleggen
BPL Pension	Deluxe Corp	2023-12-31	1.458	x1_000	EUR	0,01%	https://www.bplpensioen.nl/beleggen
BPL Pension	Demae-Can Co Ltd	2023-12-31	13	x1_000	EUR	0,00%	https://www.bplpensioen.nl/beleggen
BPL Pension	Dena Co Ltd	2023-12-31	41	x1_000	EUR	0,00%	https://www.bplpensioen.nl/beleggen
BPL Pension	Denali Therapeutics Inc	2023-12-31	58	x1_000	EUR	0,00%	https://www.bplpensioen.nl/beleggen
BPL Pension	Denison Mines Corp	2023-12-31	115	x1_000	EUR	0,00%	https://www.bplpensioen.nl/beleggen
BPL Pension	dentalcorp Holdings Ltd	2023-12-31	10	x1_000	EUR	0,00%	https://www.bplpensioen.nl/beleggen
BPL Pension	DENTSPLY SIRONA Inc	2023-12-31	2.031	x1_000	EUR	0,01%	https://www.bplpensioen.nl/beleggen
BPL Pension	Dentsu Inc	2023-12-31	797	x1_000	EUR	0,00%	https://www.bplpensioen.nl/beleggen
BPL Pension	Derichebourg SA	2023-12-31	7	x1_000	EUR	0,00%	https://www.bplpensioen.nl/beleggen
BPL Pension	Dermapharm Holding SE	2023-12-31	15	x1_000	EUR	0,00%	https://www.bplpensioen.nl/beleggen
BPL Pension	Descartes Systems Group Inc/Th	2023-12-31	659	x1_000	EUR	0,00%	https://www.bplpensioen.nl/beleggen
BPL Pension	Descente Ltd	2023-12-31	31	x1_000	EUR	0,00%	https://www.bplpensioen.nl/beleggen
BPL Pension	Designer Brands Inc	2023-12-31	19	x1_000	EUR	0,00%	https://www.bplpensioen.nl/beleggen
BPL Pension	Desktop Metal Inc	2023-12-31	3	x1_000	EUR	0,00%	https://www.bplpensioen.nl/beleggen
BPL Pension	Deterra Royalties Ltd	2023-12-31	202	x1_000	EUR	0,00%	https://www.bplpensioen.nl/beleggen
BPL Pension	Deutsche Bank AG	2023-12-31	2.052	x1_000	EUR	0,01%	https://www.bplpensioen.nl/beleggen
BPL Pension	Deutsche Pfandbriefbank AG	2023-12-31	36	x1_000	EUR	0,00%	https://www.bplpensioen.nl/beleggen
BPL Pension	Deutsche Telekom AG	2023-12-31	3.298	x1_000	EUR	0,02%	https://www.bplpensioen.nl/beleggen
BPL Pension	Deutz AG	2023-12-31	722	x1_000	EUR	0,00%	https://www.bplpensioen.nl/beleggen
BPL Pension	Dexerials Corp	2023-12-31	61	x1_000	EUR	0,00%	https://www.bplpensioen.nl/beleggen
BPL Pension	Dexus	2023-12-31	1.052	x1_000	EUR	0,01%	https://www.bplpensioen.nl/beleggen
BPL Pension	Dexus Industria REIT	2023-12-31	10	x1_000	EUR	0,00%	https://www.bplpensioen.nl/beleggen
BPL Pension	DH Europe Finance SA	2023-12-31	3.696	x1_000	EUR	0,02%	https://www.bplpensioen.nl/beleggen
BPL Pension	DHL Group	2023-12-31	3.021	x1_000	EUR	0,02%	https://www.bplpensioen.nl/beleggen
BPL Pension	Diageo PLC	2023-12-31	1.772	x1_000	EUR	0,01%	https://www.bplpensioen.nl/beleggen
BPL Pension	Diamond Hill Investment Group	2023-12-31	15	x1_000	EUR	0,00%	https://www.bplpensioen.nl/beleggen
BPL Pension	Diamond Offshore Drilling Inc	2023-12-31	48	x1_000	EUR	0,00%	https://www.bplpensioen.nl/beleggen
BPL Pension	Diamondback Energy Inc	2023-12-31	1.885	x1_000	EUR	0,01%	https://www.bplpensioen.nl/beleggen
BPL Pension	DiamondRock Hospitality Co	2023-12-31	64	x1_000	EUR	0,00%	https://www.bplpensioen.nl/beleggen
BPL Pension	DIC Corp	2023-12-31	269	x1_000	EUR	0,00%	https://www.bplpensioen.nl/beleggen
BPL Pension	Dicker Data Ltd	2023-12-31	21	x1_000	EUR	0,00%	https://www.bplpensioen.nl/beleggen
BPL Pension	Diethelm Keller Holding Ltd	2023-12-31	325	x1_000	EUR	0,00%	https://www.bplpensioen.nl/beleggen
BPL Pension	Digi International Inc	2023-12-31	19	x1_000	EUR	0,00%	https://www.bplpensioen.nl/beleggen
BPL Pension	Digital Arts Inc	2023-12-31	13	x1_000	EUR	0,00%	https://www.bplpensioen.nl/beleggen
BPL Pension	Digital Garage Inc	2023-12-31	28	x1_000	EUR	0,00%	https://www.bplpensioen.nl/beleggen
BPL Pension	Digital Turbine Inc	2023-12-31	19	x1_000	EUR	0,00%	https://www.bplpensioen.nl/beleggen
BPL Pension	Digital Value SpA	2023-12-31	10	x1_000	EUR	0,00%	https://www.bplpensioen.nl/beleggen
BPL Pension	DigitalBridge Group Inc	2023-12-31	81	x1_000	EUR	0,00%	https://www.bplpensioen.nl/beleggen
BPL Pension	DigitalOcean Holdings Inc	2023-12-31	52	x1_000	EUR	0,00%	https://www.bplpensioen.nl/beleggen
BPL Pension	Dime Community Bancshares Inc	2023-12-31	20	x1_000	EUR	0,00%	https://www.bplpensioen.nl/beleggen
BPL Pension	DineEquity Inc	2023-12-31	36	x1_000	EUR	0,00%	https://www.bplpensioen.nl/beleggen
BPL Pension	Diodes Inc	2023-12-31	80	x1_000	EUR	0,00%	https://www.bplpensioen.nl/beleggen
BPL Pension	Dios Fastigheter AB	2023-12-31	20	x1_000	EUR	0,00%	https://www.bplpensioen.nl/beleggen
BPL Pension	Dip Corp	2023-12-31	25	x1_000	EUR	0,00%	https://www.bplpensioen.nl/beleggen
BPL Pension	Diploma PLC	2023-12-31	176	x1_000	EUR	0,00%	https://www.bplpensioen.nl/beleggen
BPL Pension	Direct Line Insurance Group PL	2023-12-31	83	x1_000	EUR	0,00%	https://www.bplpensioen.nl/beleggen
BPL Pension	Disc Medicine Inc	2023-12-31	16	x1_000	EUR	0,00%	https://www.bplpensioen.nl/beleggen
BPL Pension	Disco Corp	2023-12-31	3.549	x1_000	EUR	0,02%	https://www.bplpensioen.nl/beleggen
BPL Pension	Discover Financial Services	2023-12-31	6.072	x1_000	EUR	0,04%	https://www.bplpensioen.nl/beleggen
BPL Pension	DiscoverIE Group PLC	2023-12-31	25	x1_000	EUR	0,00%	https://www.bplpensioen.nl/beleggen
BPL Pension	DISH DBS CORP	2023-12-31	79	x1_000	EUR	0,00%	https://www.bplpensioen.nl/beleggen
BPL Pension	Diversified Healthcare Trust	2023-12-31	17	x1_000	EUR	0,00%	https://www.bplpensioen.nl/beleggen
BPL Pension	DMG Mori Seiki Co Ltd	2023-12-31	99	x1_000	EUR	0,00%	https://www.bplpensioen.nl/beleggen
BPL Pension	DNB Bank ASA	2023-12-31	1.267	x1_000	EUR	0,01%	https://www.bplpensioen.nl/beleggen
BPL Pension	DNO International ASA	2023-12-31	785	x1_000	EUR	0,00%	https://www.bplpensioen.nl/beleggen
BPL Pension	DNOW Inc	2023-12-31	857	x1_000	EUR	0,01%	https://www.bplpensioen.nl/beleggen
BPL Pension	DO & CO AG	2023-12-31	42	x1_000	EUR	0,00%	https://www.bplpensioen.nl/beleggen
BPL Pension	Docebo Inc	2023-12-31	13	x1_000	EUR	0,00%	https://www.bplpensioen.nl/beleggen
BPL Pension	DocGo Inc	2023-12-31	14	x1_000	EUR	0,00%	https://www.bplpensioen.nl/beleggen
BPL Pension	Overzicht beleggingen per 31-12-2023 Pagina 10DocMorris AG	2023-12-31	35	x1_000	EUR	0,00%	https://www.bplpensioen.nl/beleggen
BPL Pension	DocuSign Inc	2023-12-31	1.951	x1_000	EUR	0,01%	https://www.bplpensioen.nl/beleggen
BPL Pension	DOF Group ASA	2023-12-31	25	x1_000	EUR	0,00%	https://www.bplpensioen.nl/beleggen
BPL Pension	Dolby Laboratories Inc	2023-12-31	186	x1_000	EUR	0,00%	https://www.bplpensioen.nl/beleggen
BPL Pension	Dollar General Corp	2023-12-31	8.609	x1_000	EUR	0,05%	https://www.bplpensioen.nl/beleggen
BPL Pension	Dollar Tree Inc	2023-12-31	5.987	x1_000	EUR	0,04%	https://www.bplpensioen.nl/beleggen
BPL Pension	Dollarama Inc	2023-12-31	3.471	x1_000	EUR	0,02%	https://www.bplpensioen.nl/beleggen
BPL Pension	Domain Holdings Australia Ltd	2023-12-31	11	x1_000	EUR	0,00%	https://www.bplpensioen.nl/beleggen
BPL Pension	Dometic Group AB	2023-12-31	113	x1_000	EUR	0,00%	https://www.bplpensioen.nl/beleggen
BPL Pension	Domo Inc	2023-12-31	8	x1_000	EUR	0,00%	https://www.bplpensioen.nl/beleggen
BPL Pension	Don Quijote Co Ltd	2023-12-31	2.160	x1_000	EUR	0,01%	https://www.bplpensioen.nl/beleggen
BPL Pension	Donaldson Co Inc	2023-12-31	276	x1_000	EUR	0,00%	https://www.bplpensioen.nl/beleggen
BPL Pension	Donegal Mutual Insurance Co	2023-12-31	11	x1_000	EUR	0,00%	https://www.bplpensioen.nl/beleggen
BPL Pension	Donnelley Financial Solutions	2023-12-31	74	x1_000	EUR	0,00%	https://www.bplpensioen.nl/beleggen
BPL Pension	DoorDash Inc	2023-12-31	941	x1_000	EUR	0,01%	https://www.bplpensioen.nl/beleggen
BPL Pension	Dorma+Kaba Holding AG	2023-12-31	55	x1_000	EUR	0,00%	https://www.bplpensioen.nl/beleggen
BPL Pension	Dorman Products Inc	2023-12-31	68	x1_000	EUR	0,00%	https://www.bplpensioen.nl/beleggen
BPL Pension	Doshisha Co Ltd	2023-12-31	15	x1_000	EUR	0,00%	https://www.bplpensioen.nl/beleggen
BPL Pension	Dottikon Es Holding AG	2023-12-31	22	x1_000	EUR	0,00%	https://www.bplpensioen.nl/beleggen
BPL Pension	DoubleVerify Holdings Inc	2023-12-31	127	x1_000	EUR	0,00%	https://www.bplpensioen.nl/beleggen
BPL Pension	Douglas Dynamics Inc	2023-12-31	11	x1_000	EUR	0,00%	https://www.bplpensioen.nl/beleggen
BPL Pension	Douglas Emmett Inc	2023-12-31	79	x1_000	EUR	0,00%	https://www.bplpensioen.nl/beleggen
BPL Pension	Doutor Nichires Holdings Co Lt	2023-12-31	15	x1_000	EUR	0,00%	https://www.bplpensioen.nl/beleggen
BPL Pension	Dover Corp	2023-12-31	4.100	x1_000	EUR	0,03%	https://www.bplpensioen.nl/beleggen
BPL Pension	Dow Inc	2023-12-31	1.319	x1_000	EUR	0,01%	https://www.bplpensioen.nl/beleggen
BPL Pension	Dowa Holdings Co Ltd	2023-12-31	179	x1_000	EUR	0,00%	https://www.bplpensioen.nl/beleggen
BPL Pension	Dowlais Group PLC	2023-12-31	107	x1_000	EUR	0,00%	https://www.bplpensioen.nl/beleggen
BPL Pension	Downer Edi Ltd	2023-12-31	28	x1_000	EUR	0,00%	https://www.bplpensioen.nl/beleggen
BPL Pension	Doximity Inc	2023-12-31	102	x1_000	EUR	0,00%	https://www.bplpensioen.nl/beleggen
BPL Pension	Dr. Martens Plc	2023-12-31	13	x1_000	EUR	0,00%	https://www.bplpensioen.nl/beleggen
BPL Pension	Draegerwerk AG & Co KGaA	2023-12-31	32	x1_000	EUR	0,00%	https://www.bplpensioen.nl/beleggen
BPL Pension	Draper Esprit PLC	2023-12-31	16	x1_000	EUR	0,00%	https://www.bplpensioen.nl/beleggen
BPL Pension	Drax Group PLC	2023-12-31	2.429	x1_000	EUR	0,01%	https://www.bplpensioen.nl/beleggen
BPL Pension	Dream Finders Homes Inc	2023-12-31	26	x1_000	EUR	0,00%	https://www.bplpensioen.nl/beleggen
BPL Pension	Dream Industrial Real Estate I	2023-12-31	63	x1_000	EUR	0,00%	https://www.bplpensioen.nl/beleggen
BPL Pension	Dream Unlimited Corp	2023-12-31	14	x1_000	EUR	0,00%	https://www.bplpensioen.nl/beleggen
BPL Pension	Dril-Quip Inc	2023-12-31	40	x1_000	EUR	0,00%	https://www.bplpensioen.nl/beleggen
BPL Pension	Driven Brands Holdings Inc	2023-12-31	52	x1_000	EUR	0,00%	https://www.bplpensioen.nl/beleggen
BPL Pension	DS Smith PLC	2023-12-31	42	x1_000	EUR	0,00%	https://www.bplpensioen.nl/beleggen
BPL Pension	DSM-Firmenich AG	2023-12-31	1.436	x1_000	EUR	0,01%	https://www.bplpensioen.nl/beleggen
BPL Pension	DSV A/S	2023-12-31	4.490	x1_000	EUR	0,03%	https://www.bplpensioen.nl/beleggen
BPL Pension	DT Midstream Inc	2023-12-31	765	x1_000	EUR	0,00%	https://www.bplpensioen.nl/beleggen
BPL Pension	DTS Corporation	2023-12-31	14	x1_000	EUR	0,00%	https://www.bplpensioen.nl/beleggen
BPL Pension	Duckhorn Portfolio Inc/The	2023-12-31	41	x1_000	EUR	0,00%	https://www.bplpensioen.nl/beleggen
BPL Pension	Ducommun Inc	2023-12-31	52	x1_000	EUR	0,00%	https://www.bplpensioen.nl/beleggen
BPL Pension	Duerr AG	2023-12-31	45	x1_000	EUR	0,00%	https://www.bplpensioen.nl/beleggen
BPL Pension	Dun & Bradstreet Holdings Inc	2023-12-31	106	x1_000	EUR	0,00%	https://www.bplpensioen.nl/beleggen
BPL Pension	Dundee Precious Metals Inc	2023-12-31	12	x1_000	EUR	0,00%	https://www.bplpensioen.nl/beleggen
BPL Pension	Dunelm Group PLC	2023-12-31	37	x1_000	EUR	0,00%	https://www.bplpensioen.nl/beleggen
BPL Pension	Duolingo Inc	2023-12-31	212	x1_000	EUR	0,00%	https://www.bplpensioen.nl/beleggen
BPL Pension	DuPont de Nemours Inc	2023-12-31	5.606	x1_000	EUR	0,03%	https://www.bplpensioen.nl/beleggen
BPL Pension	Duskin Co Ltd	2023-12-31	13	x1_000	EUR	0,00%	https://www.bplpensioen.nl/beleggen
BPL Pension	Dustin Group AB	2023-12-31	874	x1_000	EUR	0,01%	https://www.bplpensioen.nl/beleggen
BPL Pension	Dutch Bros Inc	2023-12-31	55	x1_000	EUR	0,00%	https://www.bplpensioen.nl/beleggen
BPL Pension	DXC Technology Co	2023-12-31	3.998	x1_000	EUR	0,02%	https://www.bplpensioen.nl/beleggen
BPL Pension	DXP Enterprises Inc	2023-12-31	15	x1_000	EUR	0,00%	https://www.bplpensioen.nl/beleggen
BPL Pension	Dycom Industries Inc	2023-12-31	133	x1_000	EUR	0,00%	https://www.bplpensioen.nl/beleggen
BPL Pension	Dydo Drinco Inc	2023-12-31	26	x1_000	EUR	0,00%	https://www.bplpensioen.nl/beleggen
BPL Pension	Dye & Durham Ltd	2023-12-31	23	x1_000	EUR	0,00%	https://www.bplpensioen.nl/beleggen
BPL Pension	Dynamic Materials Corp	2023-12-31	10	x1_000	EUR	0,00%	https://www.bplpensioen.nl/beleggen
BPL Pension	Dynavax Technologies Corp	2023-12-31	1.947	x1_000	EUR	0,01%	https://www.bplpensioen.nl/beleggen
BPL Pension	Dyne Therapeutics Inc	2023-12-31	18	x1_000	EUR	0,00%	https://www.bplpensioen.nl/beleggen
BPL Pension	Dynex Capital Inc	2023-12-31	9	x1_000	EUR	0,00%	https://www.bplpensioen.nl/beleggen
BPL Pension	E2open Parent Holdings Inc	2023-12-31	20	x1_000	EUR	0,00%	https://www.bplpensioen.nl/beleggen
BPL Pension	Eagle Bancorp Inc	2023-12-31	33	x1_000	EUR	0,00%	https://www.bplpensioen.nl/beleggen
BPL Pension	East Japan Railway Co	2023-12-31	1.806	x1_000	EUR	0,01%	https://www.bplpensioen.nl/beleggen
BPL Pension	East West Bancorp Inc	2023-12-31	5.814	x1_000	EUR	0,04%	https://www.bplpensioen.nl/beleggen
BPL Pension	Easterly Government Properties	2023-12-31	12	x1_000	EUR	0,00%	https://www.bplpensioen.nl/beleggen
BPL Pension	Eastern Bankshares Inc	2023-12-31	78	x1_000	EUR	0,00%	https://www.bplpensioen.nl/beleggen
BPL Pension	EastGroup Properties Inc	2023-12-31	267	x1_000	EUR	0,00%	https://www.bplpensioen.nl/beleggen
BPL Pension	Ebara Corporation	2023-12-31	6.041	x1_000	EUR	0,04%	https://www.bplpensioen.nl/beleggen
BPL Pension	eBay Inc	2023-12-31	6.500	x1_000	EUR	0,04%	https://www.bplpensioen.nl/beleggen
BPL Pension	Ebos Group Ltd	2023-12-31	2.268	x1_000	EUR	0,01%	https://www.bplpensioen.nl/beleggen
BPL Pension	EC Healthcare	2023-12-31	3	x1_000	EUR	0,00%	https://www.bplpensioen.nl/beleggen
BPL Pension	Eckert & Ziegler AG	2023-12-31	29	x1_000	EUR	0,00%	https://www.bplpensioen.nl/beleggen
BPL Pension	ECN Capital Corp	2023-12-31	25	x1_000	EUR	0,00%	https://www.bplpensioen.nl/beleggen
BPL Pension	Ecolab Inc	2023-12-31	2.434	x1_000	EUR	0,01%	https://www.bplpensioen.nl/beleggen
BPL Pension	Edgewell Personal Care Co	2023-12-31	2.367	x1_000	EUR	0,01%	https://www.bplpensioen.nl/beleggen
BPL Pension	EDION Corp	2023-12-31	14	x1_000	EUR	0,00%	https://www.bplpensioen.nl/beleggen
BPL Pension	Edison International	2023-12-31	5.010	x1_000	EUR	0,03%	https://www.bplpensioen.nl/beleggen
BPL Pension	Editas Medicine Inc	2023-12-31	25	x1_000	EUR	0,00%	https://www.bplpensioen.nl/beleggen
BPL Pension	eDreams ODIGEO SA	2023-12-31	20	x1_000	EUR	0,00%	https://www.bplpensioen.nl/beleggen
BPL Pension	Education Realty Trust Inc	2023-12-31	114	x1_000	EUR	0,00%	https://www.bplpensioen.nl/beleggen
BPL Pension	Edwards Lifesciences Corp	2023-12-31	4.411	x1_000	EUR	0,03%	https://www.bplpensioen.nl/beleggen
BPL Pension	EFG Financial Products Holding	2023-12-31	8	x1_000	EUR	0,00%	https://www.bplpensioen.nl/beleggen
BPL Pension	EFG International AG	2023-12-31	36	x1_000	EUR	0,00%	https://www.bplpensioen.nl/beleggen
BPL Pension	eGuarantee Inc	2023-12-31	13	x1_000	EUR	0,00%	https://www.bplpensioen.nl/beleggen
BPL Pension	Eiken Chemical Co Ltd	2023-12-31	11	x1_000	EUR	0,00%	https://www.bplpensioen.nl/beleggen
BPL Pension	Einhell Germany AG	2023-12-31	10	x1_000	EUR	0,00%	https://www.bplpensioen.nl/beleggen
BPL Pension	Eisai Co	2023-12-31	1.748	x1_000	EUR	0,01%	https://www.bplpensioen.nl/beleggen
BPL Pension	Eizo Nanao Corp	2023-12-31	29	x1_000	EUR	0,00%	https://www.bplpensioen.nl/beleggen
BPL Pension	El Paso Electric Co	2023-12-31	66	x1_000	EUR	0,00%	https://www.bplpensioen.nl/beleggen
BPL Pension	El.En. SpA	2023-12-31	16	x1_000	EUR	0,00%	https://www.bplpensioen.nl/beleggen
BPL Pension	Elan Corp	2023-12-31	12	x1_000	EUR	0,00%	https://www.bplpensioen.nl/beleggen
BPL Pension	Elanco Animal Health Inc	2023-12-31	1.062	x1_000	EUR	0,01%	https://www.bplpensioen.nl/beleggen
BPL Pension	Elastic NV	2023-12-31	273	x1_000	EUR	0,00%	https://www.bplpensioen.nl/beleggen
BPL Pension	Elco Ltd	2023-12-31	21	x1_000	EUR	0,00%	https://www.bplpensioen.nl/beleggen
BPL Pension	Elders Ltd	2023-12-31	28	x1_000	EUR	0,00%	https://www.bplpensioen.nl/beleggen
BPL Pension	Eldorado Gold Corp	2023-12-31	72	x1_000	EUR	0,00%	https://www.bplpensioen.nl/beleggen
BPL Pension	Elecom Co Ltd	2023-12-31	25	x1_000	EUR	0,00%	https://www.bplpensioen.nl/beleggen
BPL Pension	Electra Consumer Products 1970	2023-12-31	4	x1_000	EUR	0,00%	https://www.bplpensioen.nl/beleggen
BPL Pension	Electra Real Estate Ltd	2023-12-31	9	x1_000	EUR	0,00%	https://www.bplpensioen.nl/beleggen
BPL Pension	Electrolux AB	2023-12-31	61	x1_000	EUR	0,00%	https://www.bplpensioen.nl/beleggen
BPL Pension	Electrolux Professional AB	2023-12-31	39	x1_000	EUR	0,00%	https://www.bplpensioen.nl/beleggen
BPL Pension	Electronic Arts Inc	2023-12-31	12.493	x1_000	EUR	0,08%	https://www.bplpensioen.nl/beleggen
BPL Pension	Elekta AB	2023-12-31	2.869	x1_000	EUR	0,02%	https://www.bplpensioen.nl/beleggen
BPL Pension	Element Fleet Management Corp	2023-12-31	4.419	x1_000	EUR	0,03%	https://www.bplpensioen.nl/beleggen
BPL Pension	Element Solutions Inc	2023-12-31	298	x1_000	EUR	0,00%	https://www.bplpensioen.nl/beleggen
BPL Pension	Elevance Health Inc	2023-12-31	14.448	x1_000	EUR	0,09%	https://www.bplpensioen.nl/beleggen
BPL Pension	elf Beauty Inc	2023-12-31	5.327	x1_000	EUR	0,03%	https://www.bplpensioen.nl/beleggen
BPL Pension	Eli Lilly & Co	2023-12-31	34.567	x1_000	EUR	0,21%	https://www.bplpensioen.nl/beleggen
BPL Pension	Elia System Operator SA/NV	2023-12-31	213	x1_000	EUR	0,00%	https://www.bplpensioen.nl/beleggen
BPL Pension	Elior SCA	2023-12-31	25	x1_000	EUR	0,00%	https://www.bplpensioen.nl/beleggen
BPL Pension	ELISA OYJ	2023-12-31	3.128	x1_000	EUR	0,02%	https://www.bplpensioen.nl/beleggen
BPL Pension	Ellington Financial Inc	2023-12-31	25	x1_000	EUR	0,00%	https://www.bplpensioen.nl/beleggen
BPL Pension	Elmos Semiconductor AG	2023-12-31	18	x1_000	EUR	0,00%	https://www.bplpensioen.nl/beleggen
BPL Pension	ElringKlinger AG	2023-12-31	9	x1_000	EUR	0,00%	https://www.bplpensioen.nl/beleggen
BPL Pension	EM SYSTEMS CO LTD	2023-12-31	8	x1_000	EUR	0,00%	https://www.bplpensioen.nl/beleggen
BPL Pension	Embecta Corp	2023-12-31	43	x1_000	EUR	0,00%	https://www.bplpensioen.nl/beleggen
BPL Pension	Overzicht beleggingen per 31-12-2023 Pagina 11Embracer Group AB	2023-12-31	2.105	x1_000	EUR	0,01%	https://www.bplpensioen.nl/beleggen
BPL Pension	Emcor Group Inc	2023-12-31	4.826	x1_000	EUR	0,03%	https://www.bplpensioen.nl/beleggen
BPL Pension	Emmi AG	2023-12-31	67	x1_000	EUR	0,00%	https://www.bplpensioen.nl/beleggen
BPL Pension	Empire State Realty Trust Inc	2023-12-31	54	x1_000	EUR	0,00%	https://www.bplpensioen.nl/beleggen
BPL Pension	Empiric Student Property PLC	2023-12-31	13	x1_000	EUR	0,00%	https://www.bplpensioen.nl/beleggen
BPL Pension	Employers Holdings Inc	2023-12-31	47	x1_000	EUR	0,00%	https://www.bplpensioen.nl/beleggen
BPL Pension	Enact Holdings Inc	2023-12-31	1.441	x1_000	EUR	0,01%	https://www.bplpensioen.nl/beleggen
BPL Pension	Enagas	2023-12-31	1.340	x1_000	EUR	0,01%	https://www.bplpensioen.nl/beleggen
BPL Pension	Encavis AG	2023-12-31	108	x1_000	EUR	0,00%	https://www.bplpensioen.nl/beleggen
BPL Pension	Ence Energia y Celulosa S.A	2023-12-31	10	x1_000	EUR	0,00%	https://www.bplpensioen.nl/beleggen
BPL Pension	Encore Capital Group Inc	2023-12-31	51	x1_000	EUR	0,00%	https://www.bplpensioen.nl/beleggen
BPL Pension	Encore Wire Corp	2023-12-31	142	x1_000	EUR	0,00%	https://www.bplpensioen.nl/beleggen
BPL Pension	Endeavour Group Ltd/Australia	2023-12-31	951	x1_000	EUR	0,01%	https://www.bplpensioen.nl/beleggen
BPL Pension	Endeavour Silver Corp	2023-12-31	10	x1_000	EUR	0,00%	https://www.bplpensioen.nl/beleggen
BPL Pension	Endesa SA	2023-12-31	407	x1_000	EUR	0,00%	https://www.bplpensioen.nl/beleggen
BPL Pension	Enel SpA	2023-12-31	1.379	x1_000	EUR	0,01%	https://www.bplpensioen.nl/beleggen
BPL Pension	Energean Oil & Gas PLC	2023-12-31	97	x1_000	EUR	0,00%	https://www.bplpensioen.nl/beleggen
BPL Pension	Energiekontor AG	2023-12-31	17	x1_000	EUR	0,00%	https://www.bplpensioen.nl/beleggen
BPL Pension	Energix-Renewable Energies Ltd	2023-12-31	123	x1_000	EUR	0,00%	https://www.bplpensioen.nl/beleggen
BPL Pension	Energizer Holdings Inc	2023-12-31	2.630	x1_000	EUR	0,02%	https://www.bplpensioen.nl/beleggen
BPL Pension	Energy Fuels Inc/Canada	2023-12-31	75	x1_000	EUR	0,00%	https://www.bplpensioen.nl/beleggen
BPL Pension	Energy Recovery Inc	2023-12-31	18	x1_000	EUR	0,00%	https://www.bplpensioen.nl/beleggen
BPL Pension	Enerpac Tool Group Corp	2023-12-31	59	x1_000	EUR	0,00%	https://www.bplpensioen.nl/beleggen
BPL Pension	Enerplus Corp	2023-12-31	774	x1_000	EUR	0,00%	https://www.bplpensioen.nl/beleggen
BPL Pension	EnerSys	2023-12-31	53	x1_000	EUR	0,00%	https://www.bplpensioen.nl/beleggen
BPL Pension	Enfusion Inc	2023-12-31	8	x1_000	EUR	0,00%	https://www.bplpensioen.nl/beleggen
BPL Pension	EngageSmart Inc	2023-12-31	79	x1_000	EUR	0,00%	https://www.bplpensioen.nl/beleggen
BPL Pension	Engcon AB	2023-12-31	12	x1_000	EUR	0,00%	https://www.bplpensioen.nl/beleggen
BPL Pension	Enghouse Systems Ltd	2023-12-31	954	x1_000	EUR	0,01%	https://www.bplpensioen.nl/beleggen
BPL Pension	Engie	2023-12-31	1.338	x1_000	EUR	0,01%	https://www.bplpensioen.nl/beleggen
BPL Pension	Enhabit Inc	2023-12-31	23	x1_000	EUR	0,00%	https://www.bplpensioen.nl/beleggen
BPL Pension	Eni SpA	2023-12-31	2.094	x1_000	EUR	0,01%	https://www.bplpensioen.nl/beleggen
BPL Pension	en-japan Inc	2023-12-31	21	x1_000	EUR	0,00%	https://www.bplpensioen.nl/beleggen
BPL Pension	Enlight Renewable Energy Ltd	2023-12-31	123	x1_000	EUR	0,00%	https://www.bplpensioen.nl/beleggen
BPL Pension	Enliven Therapeutics Inc	2023-12-31	20	x1_000	EUR	0,00%	https://www.bplpensioen.nl/beleggen
BPL Pension	Ennis Inc	2023-12-31	14	x1_000	EUR	0,00%	https://www.bplpensioen.nl/beleggen
BPL Pension	Enova International Inc	2023-12-31	60	x1_000	EUR	0,00%	https://www.bplpensioen.nl/beleggen
BPL Pension	Enovix Corp	2023-12-31	51	x1_000	EUR	0,00%	https://www.bplpensioen.nl/beleggen
BPL Pension	Enpro Inc	2023-12-31	114	x1_000	EUR	0,00%	https://www.bplpensioen.nl/beleggen
BPL Pension	Ensign Group Inc/The	2023-12-31	5.280	x1_000	EUR	0,03%	https://www.bplpensioen.nl/beleggen
BPL Pension	Enstar Group Ltd	2023-12-31	134	x1_000	EUR	0,00%	https://www.bplpensioen.nl/beleggen
BPL Pension	Enterprise Financial Services	2023-12-31	20	x1_000	EUR	0,00%	https://www.bplpensioen.nl/beleggen
BPL Pension	Entra ASA	2023-12-31	16	x1_000	EUR	0,00%	https://www.bplpensioen.nl/beleggen
BPL Pension	Entravision Communications Cor	2023-12-31	25	x1_000	EUR	0,00%	https://www.bplpensioen.nl/beleggen
BPL Pension	Envestnet Inc	2023-12-31	90	x1_000	EUR	0,00%	https://www.bplpensioen.nl/beleggen
BPL Pension	Enviri Corp	2023-12-31	11	x1_000	EUR	0,00%	https://www.bplpensioen.nl/beleggen
BPL Pension	Envista Holdings Corp	2023-12-31	1.076	x1_000	EUR	0,01%	https://www.bplpensioen.nl/beleggen
BPL Pension	Enviva Inc	2023-12-31	3	x1_000	EUR	0,00%	https://www.bplpensioen.nl/beleggen
BPL Pension	EOG Resources Inc	2023-12-31	18.341	x1_000	EUR	0,11%	https://www.bplpensioen.nl/beleggen
BPL Pension	EON AG	2023-12-31	32.904	x1_000	EUR	0,20%	https://www.bplpensioen.nl/beleggen
BPL Pension	EPAM Systems Inc	2023-12-31	1.138	x1_000	EUR	0,01%	https://www.bplpensioen.nl/beleggen
BPL Pension	Epiroc AB	2023-12-31	1.416	x1_000	EUR	0,01%	https://www.bplpensioen.nl/beleggen
BPL Pension	ePlus Inc	2023-12-31	94	x1_000	EUR	0,00%	https://www.bplpensioen.nl/beleggen
BPL Pension	EPR Properties	2023-12-31	124	x1_000	EUR	0,00%	https://www.bplpensioen.nl/beleggen
BPL Pension	Eqt Corp	2023-12-31	1.939	x1_000	EUR	0,01%	https://www.bplpensioen.nl/beleggen
BPL Pension	EQT Partners AB	2023-12-31	591	x1_000	EUR	0,00%	https://www.bplpensioen.nl/beleggen
BPL Pension	Equasens	2023-12-31	10	x1_000	EUR	0,00%	https://www.bplpensioen.nl/beleggen
BPL Pension	Equinix Inc	2023-12-31	1.663	x1_000	EUR	0,01%	https://www.bplpensioen.nl/beleggen
BPL Pension	Equinor ASA	2023-12-31	9.623	x1_000	EUR	0,06%	https://www.bplpensioen.nl/beleggen
BPL Pension	Equinox Gold Corp	2023-12-31	26	x1_000	EUR	0,00%	https://www.bplpensioen.nl/beleggen
BPL Pension	Equitable Group Inc	2023-12-31	34	x1_000	EUR	0,00%	https://www.bplpensioen.nl/beleggen
BPL Pension	Equital Ltd	2023-12-31	50	x1_000	EUR	0,00%	https://www.bplpensioen.nl/beleggen
BPL Pension	Equitrans Midstream Corp	2023-12-31	147	x1_000	EUR	0,00%	https://www.bplpensioen.nl/beleggen
BPL Pension	Equity Bancshares Inc	2023-12-31	9	x1_000	EUR	0,00%	https://www.bplpensioen.nl/beleggen
BPL Pension	Equity Commonwealth	2023-12-31	85	x1_000	EUR	0,00%	https://www.bplpensioen.nl/beleggen
BPL Pension	Equity Lifestyle Properties In	2023-12-31	2.982	x1_000	EUR	0,02%	https://www.bplpensioen.nl/beleggen
BPL Pension	Equity Residential	2023-12-31	7.159	x1_000	EUR	0,04%	https://www.bplpensioen.nl/beleggen
BPL Pension	Erasca Inc	2023-12-31	3	x1_000	EUR	0,00%	https://www.bplpensioen.nl/beleggen
BPL Pension	ERG SpA	2023-12-31	50	x1_000	EUR	0,00%	https://www.bplpensioen.nl/beleggen
BPL Pension	Erich Sixt Vermogensverwaltung	2023-12-31	79	x1_000	EUR	0,00%	https://www.bplpensioen.nl/beleggen
BPL Pension	ERO Copper Corp	2023-12-31	95	x1_000	EUR	0,00%	https://www.bplpensioen.nl/beleggen
BPL Pension	Erste Bank der Oestereichische Sparkassen	2023-12-31	316	x1_000	EUR	0,00%	https://www.bplpensioen.nl/beleggen
BPL Pension	Esab Corp	2023-12-31	142	x1_000	EUR	0,00%	https://www.bplpensioen.nl/beleggen
BPL Pension	ESCO Technologies Inc	2023-12-31	85	x1_000	EUR	0,00%	https://www.bplpensioen.nl/beleggen
BPL Pension	ES-CON JAPAN LTD	2023-12-31	13	x1_000	EUR	0,00%	https://www.bplpensioen.nl/beleggen
BPL Pension	Esker SA	2023-12-31	27	x1_000	EUR	0,00%	https://www.bplpensioen.nl/beleggen
BPL Pension	ESR REIT	2023-12-31	32	x1_000	EUR	0,00%	https://www.bplpensioen.nl/beleggen
BPL Pension	Essent Group Ltd	2023-12-31	1.774	x1_000	EUR	0,01%	https://www.bplpensioen.nl/beleggen
BPL Pension	Essential Properties Realty Tr	2023-12-31	85	x1_000	EUR	0,00%	https://www.bplpensioen.nl/beleggen
BPL Pension	Essex Portfolio LP	2023-12-31	5.779	x1_000	EUR	0,04%	https://www.bplpensioen.nl/beleggen
BPL Pension	EssilorLuxottica	2023-12-31	630	x1_000	EUR	0,00%	https://www.bplpensioen.nl/beleggen
BPL Pension	Establishment Labs Holdings In	2023-12-31	14	x1_000	EUR	0,00%	https://www.bplpensioen.nl/beleggen
BPL Pension	Estee Lauder Cos Inc / The	2023-12-31	3.848	x1_000	EUR	0,02%	https://www.bplpensioen.nl/beleggen
BPL Pension	Etablis Maurel et Prom	2023-12-31	34	x1_000	EUR	0,00%	https://www.bplpensioen.nl/beleggen
BPL Pension	Ethan Allen Interiors Inc	2023-12-31	15	x1_000	EUR	0,00%	https://www.bplpensioen.nl/beleggen
BPL Pension	Etsy Inc	2023-12-31	1.200	x1_000	EUR	0,01%	https://www.bplpensioen.nl/beleggen
BPL Pension	Euglena Co Ltd	2023-12-31	18	x1_000	EUR	0,00%	https://www.bplpensioen.nl/beleggen
BPL Pension	Eurazeo	2023-12-31	3.867	x1_000	EUR	0,02%	https://www.bplpensioen.nl/beleggen
BPL Pension	Euroapi SASU	2023-12-31	11	x1_000	EUR	0,00%	https://www.bplpensioen.nl/beleggen
BPL Pension	Eurocommercial Properties NV	2023-12-31	34	x1_000	EUR	0,00%	https://www.bplpensioen.nl/beleggen
BPL Pension	Eurogroup Laminations SpA	2023-12-31	15	x1_000	EUR	0,00%	https://www.bplpensioen.nl/beleggen
BPL Pension	European Wax Center Inc	2023-12-31	7	x1_000	EUR	0,00%	https://www.bplpensioen.nl/beleggen
BPL Pension	Europris ASA	2023-12-31	40	x1_000	EUR	0,00%	https://www.bplpensioen.nl/beleggen
BPL Pension	Eutelsat Communications	2023-12-31	37	x1_000	EUR	0,00%	https://www.bplpensioen.nl/beleggen
BPL Pension	Event Hospitality and Entertainment	2023-12-31	10	x1_000	EUR	0,00%	https://www.bplpensioen.nl/beleggen
BPL Pension	Eventbrite Inc	2023-12-31	14	x1_000	EUR	0,00%	https://www.bplpensioen.nl/beleggen
BPL Pension	Everbridge Inc	2023-12-31	31	x1_000	EUR	0,00%	https://www.bplpensioen.nl/beleggen
BPL Pension	Evercore Partners Inc	2023-12-31	241	x1_000	EUR	0,00%	https://www.bplpensioen.nl/beleggen
BPL Pension	Everest Group Ltd	2023-12-31	2.183	x1_000	EUR	0,01%	https://www.bplpensioen.nl/beleggen
BPL Pension	Everi Holdings Inc	2023-12-31	826	x1_000	EUR	0,01%	https://www.bplpensioen.nl/beleggen
BPL Pension	Eversource Energy	2023-12-31	9.988	x1_000	EUR	0,06%	https://www.bplpensioen.nl/beleggen
BPL Pension	EVERTEC Inc	2023-12-31	92	x1_000	EUR	0,00%	https://www.bplpensioen.nl/beleggen
BPL Pension	Evertz Technologies Ltd	2023-12-31	11	x1_000	EUR	0,00%	https://www.bplpensioen.nl/beleggen
BPL Pension	Evolable Asia Corp	2023-12-31	10	x1_000	EUR	0,00%	https://www.bplpensioen.nl/beleggen
BPL Pension	Evolent Health Inc	2023-12-31	110	x1_000	EUR	0,00%	https://www.bplpensioen.nl/beleggen
BPL Pension	Evolus Inc	2023-12-31	11	x1_000	EUR	0,00%	https://www.bplpensioen.nl/beleggen
BPL Pension	Evolution Mining Ltd	2023-12-31	131	x1_000	EUR	0,00%	https://www.bplpensioen.nl/beleggen
BPL Pension	Evolv Technologies Holdings In	2023-12-31	24	x1_000	EUR	0,00%	https://www.bplpensioen.nl/beleggen
BPL Pension	Evotec AG	2023-12-31	110	x1_000	EUR	0,00%	https://www.bplpensioen.nl/beleggen
BPL Pension	EW Scripps Co	2023-12-31	15	x1_000	EUR	0,00%	https://www.bplpensioen.nl/beleggen
BPL Pension	Exact Sciences Corp	2023-12-31	1.229	x1_000	EUR	0,01%	https://www.bplpensioen.nl/beleggen
BPL Pension	Exchange Income Corp	2023-12-31	12	x1_000	EUR	0,00%	https://www.bplpensioen.nl/beleggen
BPL Pension	Exelixis Inc	2023-12-31	250	x1_000	EUR	0,00%	https://www.bplpensioen.nl/beleggen
BPL Pension	Exelon Corp	2023-12-31	5.798	x1_000	EUR	0,04%	https://www.bplpensioen.nl/beleggen
BPL Pension	ExlService Holdings Inc	2023-12-31	4.087	x1_000	EUR	0,03%	https://www.bplpensioen.nl/beleggen
BPL Pension	EXOR NV	2023-12-31	8.648	x1_000	EUR	0,05%	https://www.bplpensioen.nl/beleggen
BPL Pension	eXp World Holdings Inc	2023-12-31	31	x1_000	EUR	0,00%	https://www.bplpensioen.nl/beleggen
BPL Pension	Expeditors International of Wa	2023-12-31	26.124	x1_000	EUR	0,16%	https://www.bplpensioen.nl/beleggen
BPL Pension	Exponent Inc	2023-12-31	160	x1_000	EUR	0,00%	https://www.bplpensioen.nl/beleggen
BPL Pension	Expro Group Holdings NV	2023-12-31	81	x1_000	EUR	0,00%	https://www.bplpensioen.nl/beleggen
BPL Pension	Extendicare Inc	2023-12-31	12	x1_000	EUR	0,00%	https://www.bplpensioen.nl/beleggen
BPL Pension	Exterran Holdings Inc	2023-12-31	66	x1_000	EUR	0,00%	https://www.bplpensioen.nl/beleggen
BPL Pension	Overzicht beleggingen per 31-12-2023 Pagina 12Extra Space Storage Inc	2023-12-31	4.910	x1_000	EUR	0,03%	https://www.bplpensioen.nl/beleggen
BPL Pension	Extreme Networks Inc	2023-12-31	717	x1_000	EUR	0,00%	https://www.bplpensioen.nl/beleggen
BPL Pension	Exxon mobil corp	2023-12-31	38.945	x1_000	EUR	0,24%	https://www.bplpensioen.nl/beleggen
BPL Pension	Ezaki Glico Co Ltd	2023-12-31	59	x1_000	EUR	0,00%	https://www.bplpensioen.nl/beleggen
BPL Pension	Ezcorp Inc	2023-12-31	660	x1_000	EUR	0,00%	https://www.bplpensioen.nl/beleggen
BPL Pension	F5 Networks Inc	2023-12-31	5.353	x1_000	EUR	0,03%	https://www.bplpensioen.nl/beleggen
BPL Pension	Fabege AB	2023-12-31	90	x1_000	EUR	0,00%	https://www.bplpensioen.nl/beleggen
BPL Pension	Fabrinet	2023-12-31	205	x1_000	EUR	0,00%	https://www.bplpensioen.nl/beleggen
BPL Pension	Factset Research Systems Inc	2023-12-31	2.911	x1_000	EUR	0,02%	https://www.bplpensioen.nl/beleggen
BPL Pension	Faes Farma SA	2023-12-31	21	x1_000	EUR	0,00%	https://www.bplpensioen.nl/beleggen
BPL Pension	Fair Isaac Corp	2023-12-31	9.625	x1_000	EUR	0,06%	https://www.bplpensioen.nl/beleggen
BPL Pension	Fancl Corp	2023-12-31	52	x1_000	EUR	0,00%	https://www.bplpensioen.nl/beleggen
BPL Pension	Far East Consortium Internatio	2023-12-31	9	x1_000	EUR	0,00%	https://www.bplpensioen.nl/beleggen
BPL Pension	Far East Hospitality Trust	2023-12-31	13	x1_000	EUR	0,00%	https://www.bplpensioen.nl/beleggen
BPL Pension	Farmers National Banc Corp	2023-12-31	12	x1_000	EUR	0,00%	https://www.bplpensioen.nl/beleggen
BPL Pension	Farmland Partners Inc	2023-12-31	21	x1_000	EUR	0,00%	https://www.bplpensioen.nl/beleggen
BPL Pension	Fast Retailing Co Ltd	2023-12-31	2.382	x1_000	EUR	0,01%	https://www.bplpensioen.nl/beleggen
BPL Pension	Fastenal Co	2023-12-31	22.504	x1_000	EUR	0,14%	https://www.bplpensioen.nl/beleggen
BPL Pension	Fastly Inc	2023-12-31	66	x1_000	EUR	0,00%	https://www.bplpensioen.nl/beleggen
BPL Pension	Fastned BV	2023-12-31	12	x1_000	EUR	0,00%	https://www.bplpensioen.nl/beleggen
BPL Pension	FastPartner AB	2023-12-31	1.502	x1_000	EUR	0,01%	https://www.bplpensioen.nl/beleggen
BPL Pension	Fattal Holdings 1998 Ltd	2023-12-31	28	x1_000	EUR	0,00%	https://www.bplpensioen.nl/beleggen
BPL Pension	FB Financial Corp	2023-12-31	33	x1_000	EUR	0,00%	https://www.bplpensioen.nl/beleggen
BPL Pension	FCC Co Ltd	2023-12-31	931	x1_000	EUR	0,01%	https://www.bplpensioen.nl/beleggen
BPL Pension	Federal Agricultural Mortgage	2023-12-31	17	x1_000	EUR	0,00%	https://www.bplpensioen.nl/beleggen
BPL Pension	Federal National Mortgage Asso	2023-12-31	7.863	x1_000	EUR	0,05%	https://www.bplpensioen.nl/beleggen
BPL Pension	Federal Realty Investment Trus	2023-12-31	266	x1_000	EUR	0,00%	https://www.bplpensioen.nl/beleggen
BPL Pension	Federal Signal Corp	2023-12-31	922	x1_000	EUR	0,01%	https://www.bplpensioen.nl/beleggen
BPL Pension	Federated Hermes Inc	2023-12-31	89	x1_000	EUR	0,00%	https://www.bplpensioen.nl/beleggen
BPL Pension	FedEx Corp	2023-12-31	9.454	x1_000	EUR	0,06%	https://www.bplpensioen.nl/beleggen
BPL Pension	Ferguson PLC	2023-12-31	3.278	x1_000	EUR	0,02%	https://www.bplpensioen.nl/beleggen
BPL Pension	Ferrari NV	2023-12-31	1.697	x1_000	EUR	0,01%	https://www.bplpensioen.nl/beleggen
BPL Pension	Ferrotec Corp	2023-12-31	973	x1_000	EUR	0,01%	https://www.bplpensioen.nl/beleggen
BPL Pension	Ferrovial SA	2023-12-31	3.644	x1_000	EUR	0,02%	https://www.bplpensioen.nl/beleggen
BPL Pension	Fevertree Drinks PLC	2023-12-31	50	x1_000	EUR	0,00%	https://www.bplpensioen.nl/beleggen
BPL Pension	FGL Holdings	2023-12-31	46	x1_000	EUR	0,00%	https://www.bplpensioen.nl/beleggen
BPL Pension	FIBI Holdings Ltd	2023-12-31	17	x1_000	EUR	0,00%	https://www.bplpensioen.nl/beleggen
BPL Pension	Fields Corp	2023-12-31	13	x1_000	EUR	0,00%	https://www.bplpensioen.nl/beleggen
BPL Pension	Fielmann Group AG	2023-12-31	12	x1_000	EUR	0,00%	https://www.bplpensioen.nl/beleggen
BPL Pension	Fifth Third Ban Corp	2023-12-31	2.846	x1_000	EUR	0,02%	https://www.bplpensioen.nl/beleggen
BPL Pension	Figs Inc	2023-12-31	17	x1_000	EUR	0,00%	https://www.bplpensioen.nl/beleggen
BPL Pension	Filo Mining Corp	2023-12-31	67	x1_000	EUR	0,00%	https://www.bplpensioen.nl/beleggen
BPL Pension	Financial Partners Group Co Lt	2023-12-31	39	x1_000	EUR	0,00%	https://www.bplpensioen.nl/beleggen
BPL Pension	Fincantieri SpA	2023-12-31	25	x1_000	EUR	0,00%	https://www.bplpensioen.nl/beleggen
BPL Pension	Finning International Inc	2023-12-31	4.469	x1_000	EUR	0,03%	https://www.bplpensioen.nl/beleggen
BPL Pension	FinTech Group AG	2023-12-31	40	x1_000	EUR	0,00%	https://www.bplpensioen.nl/beleggen
BPL Pension	First Advantage Corp	2023-12-31	38	x1_000	EUR	0,00%	https://www.bplpensioen.nl/beleggen
BPL Pension	First American Corp	2023-12-31	273	x1_000	EUR	0,00%	https://www.bplpensioen.nl/beleggen
BPL Pension	First BanCorp/Puerto Rico	2023-12-31	150	x1_000	EUR	0,00%	https://www.bplpensioen.nl/beleggen
BPL Pension	First Bancorp/Troy NC	2023-12-31	17	x1_000	EUR	0,00%	https://www.bplpensioen.nl/beleggen
BPL Pension	First Bancshares Inc/The	2023-12-31	11	x1_000	EUR	0,00%	https://www.bplpensioen.nl/beleggen
BPL Pension	First Busey Corp	2023-12-31	18	x1_000	EUR	0,00%	https://www.bplpensioen.nl/beleggen
BPL Pension	First Capital Real Estate Inve	2023-12-31	47	x1_000	EUR	0,00%	https://www.bplpensioen.nl/beleggen
BPL Pension	First Cash Financial Services	2023-12-31	118	x1_000	EUR	0,00%	https://www.bplpensioen.nl/beleggen
BPL Pension	First Commonwealth Financial C	2023-12-31	54	x1_000	EUR	0,00%	https://www.bplpensioen.nl/beleggen
BPL Pension	First Community Bancshares Inc	2023-12-31	17	x1_000	EUR	0,00%	https://www.bplpensioen.nl/beleggen
BPL Pension	First Derivatives PLC	2023-12-31	9	x1_000	EUR	0,00%	https://www.bplpensioen.nl/beleggen
BPL Pension	First Financial Bancorp	2023-12-31	44	x1_000	EUR	0,00%	https://www.bplpensioen.nl/beleggen
BPL Pension	First Financial Bankshares Inc	2023-12-31	104	x1_000	EUR	0,00%	https://www.bplpensioen.nl/beleggen
BPL Pension	First Financial Corp/IN	2023-12-31	12	x1_000	EUR	0,00%	https://www.bplpensioen.nl/beleggen
BPL Pension	First Horizon National Corp	2023-12-31	266	x1_000	EUR	0,00%	https://www.bplpensioen.nl/beleggen
BPL Pension	First Industrial Realty Trust	2023-12-31	247	x1_000	EUR	0,00%	https://www.bplpensioen.nl/beleggen
BPL Pension	First Interstate BancSystem In	2023-12-31	85	x1_000	EUR	0,00%	https://www.bplpensioen.nl/beleggen
BPL Pension	First Majestic Silver Corp	2023-12-31	49	x1_000	EUR	0,00%	https://www.bplpensioen.nl/beleggen
BPL Pension	First Merchants Corp	2023-12-31	44	x1_000	EUR	0,00%	https://www.bplpensioen.nl/beleggen
BPL Pension	First Mid Bancshares Inc	2023-12-31	13	x1_000	EUR	0,00%	https://www.bplpensioen.nl/beleggen
BPL Pension	First National Financial Corp	2023-12-31	13	x1_000	EUR	0,00%	https://www.bplpensioen.nl/beleggen
BPL Pension	First Quantum Minerals Ltd	2023-12-31	392	x1_000	EUR	0,00%	https://www.bplpensioen.nl/beleggen
BPL Pension	FIRST RESOURCES LTD	2023-12-31	35	x1_000	EUR	0,00%	https://www.bplpensioen.nl/beleggen
BPL Pension	First Watch Restaurant Group I	2023-12-31	13	x1_000	EUR	0,00%	https://www.bplpensioen.nl/beleggen
BPL Pension	Firstgroup PLC	2023-12-31	2.230	x1_000	EUR	0,01%	https://www.bplpensioen.nl/beleggen
BPL Pension	FirstService Corp	2023-12-31	1.590	x1_000	EUR	0,01%	https://www.bplpensioen.nl/beleggen
BPL Pension	Fiserv Inc	2023-12-31	985	x1_000	EUR	0,01%	https://www.bplpensioen.nl/beleggen
BPL Pension	Fisher & Paykel Healthcare Cor	2023-12-31	1.503	x1_000	EUR	0,01%	https://www.bplpensioen.nl/beleggen
BPL Pension	Fisker Inc	2023-12-31	12	x1_000	EUR	0,00%	https://www.bplpensioen.nl/beleggen
BPL Pension	Five Below Inc	2023-12-31	349	x1_000	EUR	0,00%	https://www.bplpensioen.nl/beleggen
BPL Pension	Five9 Inc	2023-12-31	151	x1_000	EUR	0,00%	https://www.bplpensioen.nl/beleggen
BPL Pension	Fiverr International Ltd	2023-12-31	20	x1_000	EUR	0,00%	https://www.bplpensioen.nl/beleggen
BPL Pension	FleetPartners Group Ltd	2023-12-31	833	x1_000	EUR	0,01%	https://www.bplpensioen.nl/beleggen
BPL Pension	Fletcher Building Ltd	2023-12-31	875	x1_000	EUR	0,01%	https://www.bplpensioen.nl/beleggen
BPL Pension	FLEX LNG Ltd	2023-12-31	48	x1_000	EUR	0,00%	https://www.bplpensioen.nl/beleggen
BPL Pension	FLEXTRONICS INTL LTD	2023-12-31	1.260	x1_000	EUR	0,01%	https://www.bplpensioen.nl/beleggen
BPL Pension	Flight Centre Ltd	2023-12-31	77	x1_000	EUR	0,00%	https://www.bplpensioen.nl/beleggen
BPL Pension	Floor & Decor Holdings Inc	2023-12-31	349	x1_000	EUR	0,00%	https://www.bplpensioen.nl/beleggen
BPL Pension	Flow Traders	2023-12-31	36	x1_000	EUR	0,00%	https://www.bplpensioen.nl/beleggen
BPL Pension	Flowers Foods Inc	2023-12-31	154	x1_000	EUR	0,00%	https://www.bplpensioen.nl/beleggen
BPL Pension	Flowserve Corp	2023-12-31	196	x1_000	EUR	0,00%	https://www.bplpensioen.nl/beleggen
BPL Pension	FLSmidth & Co A/S	2023-12-31	86	x1_000	EUR	0,00%	https://www.bplpensioen.nl/beleggen
BPL Pension	Fluence Energy Inc	2023-12-31	22	x1_000	EUR	0,00%	https://www.bplpensioen.nl/beleggen
BPL Pension	Flughafen Zuerich AG	2023-12-31	240	x1_000	EUR	0,00%	https://www.bplpensioen.nl/beleggen
BPL Pension	Fluidra SA	2023-12-31	66	x1_000	EUR	0,00%	https://www.bplpensioen.nl/beleggen
BPL Pension	Flushing Financial Corp	2023-12-31	9	x1_000	EUR	0,00%	https://www.bplpensioen.nl/beleggen
BPL Pension	Flywire Corp	2023-12-31	57	x1_000	EUR	0,00%	https://www.bplpensioen.nl/beleggen
BPL Pension	FMC Corp	2023-12-31	1.999	x1_000	EUR	0,01%	https://www.bplpensioen.nl/beleggen
BPL Pension	FMC Technologies Inc	2023-12-31	335	x1_000	EUR	0,00%	https://www.bplpensioen.nl/beleggen
BPL Pension	FMG RESOURCES AUG 2006	2023-12-31	4.863	x1_000	EUR	0,03%	https://www.bplpensioen.nl/beleggen
BPL Pension	FNB Corp	2023-12-31	218	x1_000	EUR	0,00%	https://www.bplpensioen.nl/beleggen
BPL Pension	Foot Locker Inc	2023-12-31	2.800	x1_000	EUR	0,02%	https://www.bplpensioen.nl/beleggen
BPL Pension	Foran Mining Corp	2023-12-31	19	x1_000	EUR	0,00%	https://www.bplpensioen.nl/beleggen
BPL Pension	Forbo Holding AG	2023-12-31	10	x1_000	EUR	0,00%	https://www.bplpensioen.nl/beleggen
BPL Pension	FORD MOTOR COMPANY	2023-12-31	1.702	x1_000	EUR	0,01%	https://www.bplpensioen.nl/beleggen
BPL Pension	Forestar Group Inc	2023-12-31	24	x1_000	EUR	0,00%	https://www.bplpensioen.nl/beleggen
BPL Pension	Forge Global Holdings Inc	2023-12-31	13	x1_000	EUR	0,00%	https://www.bplpensioen.nl/beleggen
BPL Pension	FormFactor Inc	2023-12-31	101	x1_000	EUR	0,00%	https://www.bplpensioen.nl/beleggen
BPL Pension	Formula Systems 1985 Ltd	2023-12-31	17	x1_000	EUR	0,00%	https://www.bplpensioen.nl/beleggen
BPL Pension	Formycon AG	2023-12-31	25	x1_000	EUR	0,00%	https://www.bplpensioen.nl/beleggen
BPL Pension	Forrester Research Inc	2023-12-31	20	x1_000	EUR	0,00%	https://www.bplpensioen.nl/beleggen
BPL Pension	Fortinet Inc	2023-12-31	3.398	x1_000	EUR	0,02%	https://www.bplpensioen.nl/beleggen
BPL Pension	Fortnox AB	2023-12-31	87	x1_000	EUR	0,00%	https://www.bplpensioen.nl/beleggen
BPL Pension	Fortrea Holdings Inc	2023-12-31	104	x1_000	EUR	0,00%	https://www.bplpensioen.nl/beleggen
BPL Pension	Fortuna Silver Mines Inc	2023-12-31	35	x1_000	EUR	0,00%	https://www.bplpensioen.nl/beleggen
BPL Pension	Fortune Brands Innovations Inc	2023-12-31	536	x1_000	EUR	0,00%	https://www.bplpensioen.nl/beleggen
BPL Pension	Fortune Real Estate Investment	2023-12-31	32	x1_000	EUR	0,00%	https://www.bplpensioen.nl/beleggen
BPL Pension	Forvia	2023-12-31	111	x1_000	EUR	0,00%	https://www.bplpensioen.nl/beleggen
BPL Pension	Forward Air Corp	2023-12-31	57	x1_000	EUR	0,00%	https://www.bplpensioen.nl/beleggen
BPL Pension	Fosun Tourism Group	2023-12-31	6	x1_000	EUR	0,00%	https://www.bplpensioen.nl/beleggen
BPL Pension	Four Corners Property Trust Inc	2023-12-31	37	x1_000	EUR	0,00%	https://www.bplpensioen.nl/beleggen
BPL Pension	Fox Wizel Ltd	2023-12-31	18	x1_000	EUR	0,00%	https://www.bplpensioen.nl/beleggen
BPL Pension	FP Corp	2023-12-31	46	x1_000	EUR	0,00%	https://www.bplpensioen.nl/beleggen
BPL Pension	Franco-Nevada Corp	2023-12-31	308	x1_000	EUR	0,00%	https://www.bplpensioen.nl/beleggen
BPL Pension	Franklin Covey Co	2023-12-31	825	x1_000	EUR	0,01%	https://www.bplpensioen.nl/beleggen
BPL Pension	Overzicht beleggingen per 31-12-2023 Pagina 13Franklin Electric Co Inc	2023-12-31	127	x1_000	EUR	0,00%	https://www.bplpensioen.nl/beleggen
BPL Pension	Franz Haniel & Cie GmbH	2023-12-31	11	x1_000	EUR	0,00%	https://www.bplpensioen.nl/beleggen
BPL Pension	Fraport AG Frankfurt Airport S	2023-12-31	123	x1_000	EUR	0,00%	https://www.bplpensioen.nl/beleggen
BPL Pension	Frasers Centrepoint Trust	2023-12-31	82	x1_000	EUR	0,00%	https://www.bplpensioen.nl/beleggen
BPL Pension	Frasers Group PLC	2023-12-31	77	x1_000	EUR	0,00%	https://www.bplpensioen.nl/beleggen
BPL Pension	Frasers Hospitality Trust	2023-12-31	9	x1_000	EUR	0,00%	https://www.bplpensioen.nl/beleggen
BPL Pension	Frasers Logistics & Industrial	2023-12-31	553	x1_000	EUR	0,00%	https://www.bplpensioen.nl/beleggen
BPL Pension	Freedom Holding Corp/NV	2023-12-31	88	x1_000	EUR	0,00%	https://www.bplpensioen.nl/beleggen
BPL Pension	Freee KK	2023-12-31	35	x1_000	EUR	0,00%	https://www.bplpensioen.nl/beleggen
BPL Pension	Freehold Royalties Ltd	2023-12-31	214	x1_000	EUR	0,00%	https://www.bplpensioen.nl/beleggen
BPL Pension	Freeman Spogli & Co Inc	2023-12-31	77	x1_000	EUR	0,00%	https://www.bplpensioen.nl/beleggen
BPL Pension	Freenet AG	2023-12-31	171	x1_000	EUR	0,00%	https://www.bplpensioen.nl/beleggen
BPL Pension	Fresenius SE	2023-12-31	470	x1_000	EUR	0,00%	https://www.bplpensioen.nl/beleggen
BPL Pension	Fresh Del Monte Produce Inc	2023-12-31	834	x1_000	EUR	0,01%	https://www.bplpensioen.nl/beleggen
BPL Pension	Freshpet Inc	2023-12-31	126	x1_000	EUR	0,00%	https://www.bplpensioen.nl/beleggen
BPL Pension	FREYR Battery SA	2023-12-31	6	x1_000	EUR	0,00%	https://www.bplpensioen.nl/beleggen
BPL Pension	Frontdoor Inc	2023-12-31	90	x1_000	EUR	0,00%	https://www.bplpensioen.nl/beleggen
BPL Pension	Frontier Real Estate Investment	2023-12-31	44	x1_000	EUR	0,00%	https://www.bplpensioen.nl/beleggen
BPL Pension	Frontline Ltd/Bermuda	2023-12-31	62	x1_000	EUR	0,00%	https://www.bplpensioen.nl/beleggen
BPL Pension	FRP Holdings Inc	2023-12-31	11	x1_000	EUR	0,00%	https://www.bplpensioen.nl/beleggen
BPL Pension	FTAI Aviation Ltd	2023-12-31	130	x1_000	EUR	0,00%	https://www.bplpensioen.nl/beleggen
BPL Pension	F-Tech Inc	2023-12-31	10	x1_000	EUR	0,00%	https://www.bplpensioen.nl/beleggen
BPL Pension	FTI Consulting Inc	2023-12-31	208	x1_000	EUR	0,00%	https://www.bplpensioen.nl/beleggen
BPL Pension	fuboTV Inc	2023-12-31	17	x1_000	EUR	0,00%	https://www.bplpensioen.nl/beleggen
BPL Pension	FUCHS PETROLUB SE	2023-12-31	160	x1_000	EUR	0,00%	https://www.bplpensioen.nl/beleggen
BPL Pension	FuelCell Energy Inc	2023-12-31	18	x1_000	EUR	0,00%	https://www.bplpensioen.nl/beleggen
BPL Pension	Fugro NV	2023-12-31	43	x1_000	EUR	0,00%	https://www.bplpensioen.nl/beleggen
BPL Pension	Fuji Co Ltd/Ehime	2023-12-31	22	x1_000	EUR	0,00%	https://www.bplpensioen.nl/beleggen
BPL Pension	Fuji Electric Holdings Co Ltd	2023-12-31	440	x1_000	EUR	0,00%	https://www.bplpensioen.nl/beleggen
BPL Pension	Fuji Kyuko Co Ltd	2023-12-31	14	x1_000	EUR	0,00%	https://www.bplpensioen.nl/beleggen
BPL Pension	Fuji Machine Manufacturing Co Ltd	2023-12-31	36	x1_000	EUR	0,00%	https://www.bplpensioen.nl/beleggen
BPL Pension	Fuji Media Holdings Inc	2023-12-31	15	x1_000	EUR	0,00%	https://www.bplpensioen.nl/beleggen
BPL Pension	Fuji Oil Holdings Inc	2023-12-31	14	x1_000	EUR	0,00%	https://www.bplpensioen.nl/beleggen
BPL Pension	Fuji Seal International Inc	2023-12-31	14	x1_000	EUR	0,00%	https://www.bplpensioen.nl/beleggen
BPL Pension	Fuji Soft Inc	2023-12-31	61	x1_000	EUR	0,00%	https://www.bplpensioen.nl/beleggen
BPL Pension	Fujicco Co Ltd	2023-12-31	12	x1_000	EUR	0,00%	https://www.bplpensioen.nl/beleggen
BPL Pension	FUJIFILM Holdings Corp	2023-12-31	2.269	x1_000	EUR	0,01%	https://www.bplpensioen.nl/beleggen
BPL Pension	Fujikura Ltd	2023-12-31	2.514	x1_000	EUR	0,02%	https://www.bplpensioen.nl/beleggen
BPL Pension	Fujimi Inc	2023-12-31	97	x1_000	EUR	0,00%	https://www.bplpensioen.nl/beleggen
BPL Pension	Fujio Food System Co Ltd	2023-12-31	12	x1_000	EUR	0,00%	https://www.bplpensioen.nl/beleggen
BPL Pension	Fujisawa Pharmaceutical Co Ltd	2023-12-31	1.548	x1_000	EUR	0,01%	https://www.bplpensioen.nl/beleggen
BPL Pension	Fujitec Co Ltd	2023-12-31	62	x1_000	EUR	0,00%	https://www.bplpensioen.nl/beleggen
BPL Pension	Fujitsu General Ltd.	2023-12-31	10	x1_000	EUR	0,00%	https://www.bplpensioen.nl/beleggen
BPL Pension	Fukui Computer Holdings Inc	2023-12-31	8	x1_000	EUR	0,00%	https://www.bplpensioen.nl/beleggen
BPL Pension	Fukuoka REIT Corp	2023-12-31	11	x1_000	EUR	0,00%	https://www.bplpensioen.nl/beleggen
BPL Pension	Fukushima Galilei Co Ltd	2023-12-31	13	x1_000	EUR	0,00%	https://www.bplpensioen.nl/beleggen
BPL Pension	Fukuyama Transporting Co Ltd	2023-12-31	13	x1_000	EUR	0,00%	https://www.bplpensioen.nl/beleggen
BPL Pension	Fulgent Genetics Inc	2023-12-31	18	x1_000	EUR	0,00%	https://www.bplpensioen.nl/beleggen
BPL Pension	FULLCAST Holdings Co Ltd	2023-12-31	724	x1_000	EUR	0,00%	https://www.bplpensioen.nl/beleggen
BPL Pension	Fulton Financial Corp	2023-12-31	95	x1_000	EUR	0,00%	https://www.bplpensioen.nl/beleggen
BPL Pension	Funai Soken Holdings Inc	2023-12-31	30	x1_000	EUR	0,00%	https://www.bplpensioen.nl/beleggen
BPL Pension	Funko Inc	2023-12-31	5	x1_000	EUR	0,00%	https://www.bplpensioen.nl/beleggen
BPL Pension	Furukawa Co Ltd	2023-12-31	75	x1_000	EUR	0,00%	https://www.bplpensioen.nl/beleggen
BPL Pension	Furukawa Electric Co Ltd	2023-12-31	11	x1_000	EUR	0,00%	https://www.bplpensioen.nl/beleggen
BPL Pension	Furukawa-Sky Aluminum Corp	2023-12-31	20	x1_000	EUR	0,00%	https://www.bplpensioen.nl/beleggen
BPL Pension	Future Architect Inc	2023-12-31	22	x1_000	EUR	0,00%	https://www.bplpensioen.nl/beleggen
BPL Pension	Future PLC	2023-12-31	35	x1_000	EUR	0,00%	https://www.bplpensioen.nl/beleggen
BPL Pension	Fuyo General Lease Co Ltd	2023-12-31	2.288	x1_000	EUR	0,01%	https://www.bplpensioen.nl/beleggen
BPL Pension	G City Ltd	2023-12-31	11	x1_000	EUR	0,00%	https://www.bplpensioen.nl/beleggen
BPL Pension	G-7 Holdings Inc	2023-12-31	8	x1_000	EUR	0,00%	https://www.bplpensioen.nl/beleggen
BPL Pension	G8 Education Ltd	2023-12-31	12	x1_000	EUR	0,00%	https://www.bplpensioen.nl/beleggen
BPL Pension	Galapagos NV	2023-12-31	63	x1_000	EUR	0,00%	https://www.bplpensioen.nl/beleggen
BPL Pension	Galaxy Entertainment Group Ltd	2023-12-31	345	x1_000	EUR	0,00%	https://www.bplpensioen.nl/beleggen
BPL Pension	Galenica AG	2023-12-31	154	x1_000	EUR	0,00%	https://www.bplpensioen.nl/beleggen
BPL Pension	Galp Energia SGPS SA	2023-12-31	3.810	x1_000	EUR	0,02%	https://www.bplpensioen.nl/beleggen
BPL Pension	Games Workshop Group PLC	2023-12-31	89	x1_000	EUR	0,00%	https://www.bplpensioen.nl/beleggen
BPL Pension	GameStop Corp	2023-12-31	151	x1_000	EUR	0,00%	https://www.bplpensioen.nl/beleggen
BPL Pension	Gamma Communications PLC	2023-12-31	30	x1_000	EUR	0,00%	https://www.bplpensioen.nl/beleggen
BPL Pension	Gap Inc	2023-12-31	123	x1_000	EUR	0,00%	https://www.bplpensioen.nl/beleggen
BPL Pension	Garmin Ltd	2023-12-31	9.142	x1_000	EUR	0,06%	https://www.bplpensioen.nl/beleggen
BPL Pension	Garrett Motion Inc	2023-12-31	32	x1_000	EUR	0,00%	https://www.bplpensioen.nl/beleggen
BPL Pension	Gartner Inc	2023-12-31	11.515	x1_000	EUR	0,07%	https://www.bplpensioen.nl/beleggen
BPL Pension	Gas Natural SDG SA	2023-12-31	820	x1_000	EUR	0,01%	https://www.bplpensioen.nl/beleggen
BPL Pension	Gates Industrial Corp PLC	2023-12-31	20	x1_000	EUR	0,00%	https://www.bplpensioen.nl/beleggen
BPL Pension	Gatx Corp	2023-12-31	217	x1_000	EUR	0,00%	https://www.bplpensioen.nl/beleggen
BPL Pension	Gaztransport Et Technigaz SA	2023-12-31	271	x1_000	EUR	0,00%	https://www.bplpensioen.nl/beleggen
BPL Pension	GB Group PLC	2023-12-31	23	x1_000	EUR	0,00%	https://www.bplpensioen.nl/beleggen
BPL Pension	GDI Integrated Facility Servic	2023-12-31	10	x1_000	EUR	0,00%	https://www.bplpensioen.nl/beleggen
BPL Pension	GE HealthCare Technologies Inc	2023-12-31	263	x1_000	EUR	0,00%	https://www.bplpensioen.nl/beleggen
BPL Pension	GEA Group AG	2023-12-31	2.939	x1_000	EUR	0,02%	https://www.bplpensioen.nl/beleggen
BPL Pension	Geberit AG	2023-12-31	5.460	x1_000	EUR	0,03%	https://www.bplpensioen.nl/beleggen
BPL Pension	Gecina	2023-12-31	2.440	x1_000	EUR	0,02%	https://www.bplpensioen.nl/beleggen
BPL Pension	Generac Holdings Inc	2023-12-31	247	x1_000	EUR	0,00%	https://www.bplpensioen.nl/beleggen
BPL Pension	General Electric Co	2023-12-31	17.008	x1_000	EUR	0,10%	https://www.bplpensioen.nl/beleggen
BPL Pension	General Mills Inc	2023-12-31	4.143	x1_000	EUR	0,03%	https://www.bplpensioen.nl/beleggen
BPL Pension	GENERAL MOTORS FINL CO	2023-12-31	10.441	x1_000	EUR	0,06%	https://www.bplpensioen.nl/beleggen
BPL Pension	Genesco Inc	2023-12-31	16	x1_000	EUR	0,00%	https://www.bplpensioen.nl/beleggen
BPL Pension	Genesis Healthcare Inc	2023-12-31	846	x1_000	EUR	0,01%	https://www.bplpensioen.nl/beleggen
BPL Pension	Genesis Minerals Ltd	2023-12-31	38	x1_000	EUR	0,00%	https://www.bplpensioen.nl/beleggen
BPL Pension	Genie Energy Ltd	2023-12-31	31	x1_000	EUR	0,00%	https://www.bplpensioen.nl/beleggen
BPL Pension	Genky DrugStores Co Ltd	2023-12-31	18	x1_000	EUR	0,00%	https://www.bplpensioen.nl/beleggen
BPL Pension	Genmab A/S	2023-12-31	3.238	x1_000	EUR	0,02%	https://www.bplpensioen.nl/beleggen
BPL Pension	Gentex Corp/MI	2023-12-31	303	x1_000	EUR	0,00%	https://www.bplpensioen.nl/beleggen
BPL Pension	Gentherm Inc	2023-12-31	57	x1_000	EUR	0,00%	https://www.bplpensioen.nl/beleggen
BPL Pension	Genting Singapore PLC	2023-12-31	916	x1_000	EUR	0,01%	https://www.bplpensioen.nl/beleggen
BPL Pension	Genuine Parts Co	2023-12-31	6.672	x1_000	EUR	0,04%	https://www.bplpensioen.nl/beleggen
BPL Pension	Genuit Group PLC	2023-12-31	43	x1_000	EUR	0,00%	https://www.bplpensioen.nl/beleggen
BPL Pension	Genus PLC	2023-12-31	32	x1_000	EUR	0,00%	https://www.bplpensioen.nl/beleggen
BPL Pension	Genworth Financial Inc	2023-12-31	134	x1_000	EUR	0,00%	https://www.bplpensioen.nl/beleggen
BPL Pension	Geo Corp	2023-12-31	18	x1_000	EUR	0,00%	https://www.bplpensioen.nl/beleggen
BPL Pension	Geo Group Inc/The	2023-12-31	52	x1_000	EUR	0,00%	https://www.bplpensioen.nl/beleggen
BPL Pension	Georg Fischer AG	2023-12-31	1.794	x1_000	EUR	0,01%	https://www.bplpensioen.nl/beleggen
BPL Pension	George Weston Ltd	2023-12-31	52	x1_000	EUR	0,00%	https://www.bplpensioen.nl/beleggen
BPL Pension	George Wimpey Ltd	2023-12-31	603	x1_000	EUR	0,00%	https://www.bplpensioen.nl/beleggen
BPL Pension	German American Bancorp Inc	2023-12-31	12	x1_000	EUR	0,00%	https://www.bplpensioen.nl/beleggen
BPL Pension	Geron Corp	2023-12-31	26	x1_000	EUR	0,00%	https://www.bplpensioen.nl/beleggen
BPL Pension	Gesell Holdings Ltd	2023-12-31	1.343	x1_000	EUR	0,01%	https://www.bplpensioen.nl/beleggen
BPL Pension	Gestamp Automocion SA	2023-12-31	14	x1_000	EUR	0,00%	https://www.bplpensioen.nl/beleggen
BPL Pension	Gestion Audem Inc	2023-12-31	672	x1_000	EUR	0,00%	https://www.bplpensioen.nl/beleggen
BPL Pension	Getinge AB	2023-12-31	1.020	x1_000	EUR	0,01%	https://www.bplpensioen.nl/beleggen
BPL Pension	Getty Realty Corp	2023-12-31	13	x1_000	EUR	0,00%	https://www.bplpensioen.nl/beleggen
BPL Pension	GFT Technologies AG	2023-12-31	25	x1_000	EUR	0,00%	https://www.bplpensioen.nl/beleggen
BPL Pension	GI Partners LLC	2023-12-31	240	x1_000	EUR	0,00%	https://www.bplpensioen.nl/beleggen
BPL Pension	Gibraltar Industries Inc	2023-12-31	93	x1_000	EUR	0,00%	https://www.bplpensioen.nl/beleggen
BPL Pension	Gibson Energy Inc	2023-12-31	261	x1_000	EUR	0,00%	https://www.bplpensioen.nl/beleggen
BPL Pension	G-III Apparel Group Ltd	2023-12-31	53	x1_000	EUR	0,00%	https://www.bplpensioen.nl/beleggen
BPL Pension	Giken Ltd	2023-12-31	6	x1_000	EUR	0,00%	https://www.bplpensioen.nl/beleggen
BPL Pension	Gildan Activewear Inc	2023-12-31	856	x1_000	EUR	0,01%	https://www.bplpensioen.nl/beleggen
BPL Pension	Gilead Sciences Inc	2023-12-31	23.884	x1_000	EUR	0,15%	https://www.bplpensioen.nl/beleggen
BPL Pension	Ginkgo Bioworks Holdings Inc	2023-12-31	60	x1_000	EUR	0,00%	https://www.bplpensioen.nl/beleggen
BPL Pension	Giovanni Agnelli & C Sapaz	2023-12-31	11	x1_000	EUR	0,00%	https://www.bplpensioen.nl/beleggen
BPL Pension	Gitlab Inc	2023-12-31	142	x1_000	EUR	0,00%	https://www.bplpensioen.nl/beleggen
BPL Pension	Overzicht beleggingen per 31-12-2023 Pagina 14Givaudan SA	2023-12-31	1.986	x1_000	EUR	0,01%	https://www.bplpensioen.nl/beleggen
BPL Pension	Glacier Bancorp Inc	2023-12-31	109	x1_000	EUR	0,00%	https://www.bplpensioen.nl/beleggen
BPL Pension	Gladstone Commercial Corp	2023-12-31	7	x1_000	EUR	0,00%	https://www.bplpensioen.nl/beleggen
BPL Pension	Gladstone Land Corp	2023-12-31	14	x1_000	EUR	0,00%	https://www.bplpensioen.nl/beleggen
BPL Pension	Glanbia PLC	2023-12-31	564	x1_000	EUR	0,00%	https://www.bplpensioen.nl/beleggen
BPL Pension	Glaukos Corp	2023-12-31	116	x1_000	EUR	0,00%	https://www.bplpensioen.nl/beleggen
BPL Pension	GlaxoSmithKline PLC	2023-12-31	38.454	x1_000	EUR	0,24%	https://www.bplpensioen.nl/beleggen
BPL Pension	Glencore Finance Europe	2023-12-31	34.477	x1_000	EUR	0,21%	https://www.bplpensioen.nl/beleggen
BPL Pension	Glenveagh Properties PLC	2023-12-31	60	x1_000	EUR	0,00%	https://www.bplpensioen.nl/beleggen
BPL Pension	Global Industrial Co	2023-12-31	14	x1_000	EUR	0,00%	https://www.bplpensioen.nl/beleggen
BPL Pension	Global Medical REIT Inc	2023-12-31	9	x1_000	EUR	0,00%	https://www.bplpensioen.nl/beleggen
BPL Pension	Global Net Lease Inc	2023-12-31	40	x1_000	EUR	0,00%	https://www.bplpensioen.nl/beleggen
BPL Pension	Global One Real Estate Investm	2023-12-31	11	x1_000	EUR	0,00%	https://www.bplpensioen.nl/beleggen
BPL Pension	Globalstar Inc	2023-12-31	42	x1_000	EUR	0,00%	https://www.bplpensioen.nl/beleggen
BPL Pension	GLOBERIDE Inc	2023-12-31	13	x1_000	EUR	0,00%	https://www.bplpensioen.nl/beleggen
BPL Pension	Globus Medical Inc	2023-12-31	214	x1_000	EUR	0,00%	https://www.bplpensioen.nl/beleggen
BPL Pension	Glory Ltd	2023-12-31	57	x1_000	EUR	0,00%	https://www.bplpensioen.nl/beleggen
BPL Pension	GMO Financial Gate Inc	2023-12-31	13	x1_000	EUR	0,00%	https://www.bplpensioen.nl/beleggen
BPL Pension	GMO Financial Holdings Inc	2023-12-31	10	x1_000	EUR	0,00%	https://www.bplpensioen.nl/beleggen
BPL Pension	GMO Internet Inc	2023-12-31	104	x1_000	EUR	0,00%	https://www.bplpensioen.nl/beleggen
BPL Pension	GMS Inc	2023-12-31	2.707	x1_000	EUR	0,02%	https://www.bplpensioen.nl/beleggen
BPL Pension	GN Store Nord	2023-12-31	102	x1_000	EUR	0,00%	https://www.bplpensioen.nl/beleggen
BPL Pension	GNI Group Ltd	2023-12-31	27	x1_000	EUR	0,00%	https://www.bplpensioen.nl/beleggen
BPL Pension	Goeasy Ltd	2023-12-31	33	x1_000	EUR	0,00%	https://www.bplpensioen.nl/beleggen
BPL Pension	Gogo Inc	2023-12-31	21	x1_000	EUR	0,00%	https://www.bplpensioen.nl/beleggen
BPL Pension	GoGold Resources Inc	2023-12-31	6	x1_000	EUR	0,00%	https://www.bplpensioen.nl/beleggen
BPL Pension	Gold Road Resources Ltd	2023-12-31	25	x1_000	EUR	0,00%	https://www.bplpensioen.nl/beleggen
BPL Pension	Goldcrest Co Ltd	2023-12-31	14	x1_000	EUR	0,00%	https://www.bplpensioen.nl/beleggen
BPL Pension	Golden Entertainment Inc	2023-12-31	29	x1_000	EUR	0,00%	https://www.bplpensioen.nl/beleggen
BPL Pension	Goldman Sachs Group Inc	2023-12-31	3.387	x1_000	EUR	0,02%	https://www.bplpensioen.nl/beleggen
BPL Pension	Goldwin Inc	2023-12-31	39	x1_000	EUR	0,00%	https://www.bplpensioen.nl/beleggen
BPL Pension	Goodman Funding Pty Ltd	2023-12-31	16.624	x1_000	EUR	0,10%	https://www.bplpensioen.nl/beleggen
BPL Pension	Goodman Property Trust	2023-12-31	116	x1_000	EUR	0,00%	https://www.bplpensioen.nl/beleggen
BPL Pension	GoodRx Holdings Inc	2023-12-31	15	x1_000	EUR	0,00%	https://www.bplpensioen.nl/beleggen
BPL Pension	Goosehead Insurance Inc	2023-12-31	45	x1_000	EUR	0,00%	https://www.bplpensioen.nl/beleggen
BPL Pension	GoPro Inc	2023-12-31	15	x1_000	EUR	0,00%	https://www.bplpensioen.nl/beleggen
BPL Pension	Gorman-Rupp Co/The	2023-12-31	13	x1_000	EUR	0,00%	https://www.bplpensioen.nl/beleggen
BPL Pension	GPT Group	2023-12-31	664	x1_000	EUR	0,00%	https://www.bplpensioen.nl/beleggen
BPL Pension	GrafTech International Ltd	2023-12-31	18	x1_000	EUR	0,00%	https://www.bplpensioen.nl/beleggen
BPL Pension	Grafton Group PLC	2023-12-31	93	x1_000	EUR	0,00%	https://www.bplpensioen.nl/beleggen
BPL Pension	Graham Holdings Co	2023-12-31	64	x1_000	EUR	0,00%	https://www.bplpensioen.nl/beleggen
BPL Pension	GrainCorp Ltd	2023-12-31	1.644	x1_000	EUR	0,01%	https://www.bplpensioen.nl/beleggen
BPL Pension	Grainger PLC	2023-12-31	63	x1_000	EUR	0,00%	https://www.bplpensioen.nl/beleggen
BPL Pension	Gram Car Carriers ASA	2023-12-31	11	x1_000	EUR	0,00%	https://www.bplpensioen.nl/beleggen
BPL Pension	Grand Canyon Education Inc	2023-12-31	171	x1_000	EUR	0,00%	https://www.bplpensioen.nl/beleggen
BPL Pension	GRAND CITY PROPERTIES SA	2023-12-31	41	x1_000	EUR	0,00%	https://www.bplpensioen.nl/beleggen
BPL Pension	Grange Resources Ltd	2023-12-31	602	x1_000	EUR	0,00%	https://www.bplpensioen.nl/beleggen
BPL Pension	Granges AB	2023-12-31	18	x1_000	EUR	0,00%	https://www.bplpensioen.nl/beleggen
BPL Pension	Granite Construction Inc	2023-12-31	19	x1_000	EUR	0,00%	https://www.bplpensioen.nl/beleggen
BPL Pension	Granite Real Estate Investment	2023-12-31	60	x1_000	EUR	0,00%	https://www.bplpensioen.nl/beleggen
BPL Pension	Granite Ridge Resources Inc	2023-12-31	22	x1_000	EUR	0,00%	https://www.bplpensioen.nl/beleggen
BPL Pension	Graphic Packaging Holding Co	2023-12-31	186	x1_000	EUR	0,00%	https://www.bplpensioen.nl/beleggen
BPL Pension	GRAY TELEVISION INC	2023-12-31	30	x1_000	EUR	0,00%	https://www.bplpensioen.nl/beleggen
BPL Pension	Great Lakes Dredge & Dock Corp	2023-12-31	30	x1_000	EUR	0,00%	https://www.bplpensioen.nl/beleggen
BPL Pension	Great Portland Estates PLC	2023-12-31	40	x1_000	EUR	0,00%	https://www.bplpensioen.nl/beleggen
BPL Pension	Greatland Gold PLC	2023-12-31	13	x1_000	EUR	0,00%	https://www.bplpensioen.nl/beleggen
BPL Pension	Great-West Lifeco Inc	2023-12-31	3.998	x1_000	EUR	0,02%	https://www.bplpensioen.nl/beleggen
BPL Pension	Gree Inc	2023-12-31	20	x1_000	EUR	0,00%	https://www.bplpensioen.nl/beleggen
BPL Pension	Green Brick Partners Inc	2023-12-31	28	x1_000	EUR	0,00%	https://www.bplpensioen.nl/beleggen
BPL Pension	Green Dot Corp-Class A	2023-12-31	999	x1_000	EUR	0,01%	https://www.bplpensioen.nl/beleggen
BPL Pension	Greenbrier Cos Inc	2023-12-31	36	x1_000	EUR	0,00%	https://www.bplpensioen.nl/beleggen
BPL Pension	Greencore Group PLC	2023-12-31	28	x1_000	EUR	0,00%	https://www.bplpensioen.nl/beleggen
BPL Pension	Greenvolt-Energias Renovaveis	2023-12-31	32	x1_000	EUR	0,00%	https://www.bplpensioen.nl/beleggen
BPL Pension	Greggs PLC	2023-12-31	126	x1_000	EUR	0,00%	https://www.bplpensioen.nl/beleggen
BPL Pension	Greif Inc	2023-12-31	27	x1_000	EUR	0,00%	https://www.bplpensioen.nl/beleggen
BPL Pension	Grenergy Renovables SA	2023-12-31	33	x1_000	EUR	0,00%	https://www.bplpensioen.nl/beleggen
BPL Pension	GRENKELEASING AG	2023-12-31	22	x1_000	EUR	0,00%	https://www.bplpensioen.nl/beleggen
BPL Pension	Grid Dynamics Holdings Inc	2023-12-31	14	x1_000	EUR	0,00%	https://www.bplpensioen.nl/beleggen
BPL Pension	Grieg Seafood ASA	2023-12-31	33	x1_000	EUR	0,00%	https://www.bplpensioen.nl/beleggen
BPL Pension	Griffon Corp	2023-12-31	89	x1_000	EUR	0,00%	https://www.bplpensioen.nl/beleggen
BPL Pension	Grocery Outlet Holding Corp	2023-12-31	99	x1_000	EUR	0,00%	https://www.bplpensioen.nl/beleggen
BPL Pension	Group 1 Automotive Inc	2023-12-31	194	x1_000	EUR	0,00%	https://www.bplpensioen.nl/beleggen
BPL Pension	Groupe BPCE	2023-12-31	34	x1_000	EUR	0,00%	https://www.bplpensioen.nl/beleggen
BPL Pension	Groupe Bruxelles Lambert SA	2023-12-31	1.280	x1_000	EUR	0,01%	https://www.bplpensioen.nl/beleggen
BPL Pension	Groupe FNAC	2023-12-31	24	x1_000	EUR	0,00%	https://www.bplpensioen.nl/beleggen
BPL Pension	Growthpoint Properties Ltd	2023-12-31	26	x1_000	EUR	0,00%	https://www.bplpensioen.nl/beleggen
BPL Pension	G-Tekt Corp	2023-12-31	14	x1_000	EUR	0,00%	https://www.bplpensioen.nl/beleggen
BPL Pension	Guardant Health Inc	2023-12-31	93	x1_000	EUR	0,00%	https://www.bplpensioen.nl/beleggen
BPL Pension	GUD Holdings Ltd	2023-12-31	35	x1_000	EUR	0,00%	https://www.bplpensioen.nl/beleggen
BPL Pension	Guidewire Software Inc	2023-12-31	230	x1_000	EUR	0,00%	https://www.bplpensioen.nl/beleggen
BPL Pension	Gulfport Energy Corp	2023-12-31	65	x1_000	EUR	0,00%	https://www.bplpensioen.nl/beleggen
BPL Pension	Gulliver International Co Ltd	2023-12-31	16	x1_000	EUR	0,00%	https://www.bplpensioen.nl/beleggen
BPL Pension	GungHo Online Entertainment In	2023-12-31	35	x1_000	EUR	0,00%	https://www.bplpensioen.nl/beleggen
BPL Pension	Gunma Bank Ltd/The	2023-12-31	113	x1_000	EUR	0,00%	https://www.bplpensioen.nl/beleggen
BPL Pension	Gunze Ltd	2023-12-31	13	x1_000	EUR	0,00%	https://www.bplpensioen.nl/beleggen
BPL Pension	Guotai Junan International Hol	2023-12-31	8	x1_000	EUR	0,00%	https://www.bplpensioen.nl/beleggen
BPL Pension	GVS SpA	2023-12-31	9	x1_000	EUR	0,00%	https://www.bplpensioen.nl/beleggen
BPL Pension	GXO Logistics Inc	2023-12-31	207	x1_000	EUR	0,00%	https://www.bplpensioen.nl/beleggen
BPL Pension	H Lundbeck A/S	2023-12-31	1.960	x1_000	EUR	0,01%	https://www.bplpensioen.nl/beleggen
BPL Pension	H&E Equipment Services Inc	2023-12-31	2.160	x1_000	EUR	0,01%	https://www.bplpensioen.nl/beleggen
BPL Pension	H&R Real Estate Investment Tru	2023-12-31	53	x1_000	EUR	0,00%	https://www.bplpensioen.nl/beleggen
BPL Pension	H2O Retailing Corp	2023-12-31	19	x1_000	EUR	0,00%	https://www.bplpensioen.nl/beleggen
BPL Pension	Hachijuni Bank Ltd/The	2023-12-31	103	x1_000	EUR	0,00%	https://www.bplpensioen.nl/beleggen
BPL Pension	Hackett Group Inc/The	2023-12-31	14	x1_000	EUR	0,00%	https://www.bplpensioen.nl/beleggen
BPL Pension	Haemonetics Corp	2023-12-31	3.293	x1_000	EUR	0,02%	https://www.bplpensioen.nl/beleggen
BPL Pension	Hagerty Inc	2023-12-31	11	x1_000	EUR	0,00%	https://www.bplpensioen.nl/beleggen
BPL Pension	Hain Celestial Group Inc/The	2023-12-31	47	x1_000	EUR	0,00%	https://www.bplpensioen.nl/beleggen
BPL Pension	Haitong Securities Co Ltd	2023-12-31	21	x1_000	EUR	0,00%	https://www.bplpensioen.nl/beleggen
BPL Pension	Hakuhodo DY Holdings Inc	2023-12-31	547	x1_000	EUR	0,00%	https://www.bplpensioen.nl/beleggen
BPL Pension	Haleon PLC	2023-12-31	628	x1_000	EUR	0,00%	https://www.bplpensioen.nl/beleggen
BPL Pension	Halfords Group PLC	2023-12-31	12	x1_000	EUR	0,00%	https://www.bplpensioen.nl/beleggen
BPL Pension	Hallador Energy Co	2023-12-31	18	x1_000	EUR	0,00%	https://www.bplpensioen.nl/beleggen
BPL Pension	Halma Plc	2023-12-31	1.466	x1_000	EUR	0,01%	https://www.bplpensioen.nl/beleggen
BPL Pension	Halows Co Ltd	2023-12-31	14	x1_000	EUR	0,00%	https://www.bplpensioen.nl/beleggen
BPL Pension	Halozyme Therapeutics Inc	2023-12-31	807	x1_000	EUR	0,00%	https://www.bplpensioen.nl/beleggen
BPL Pension	Hamamatsu Photonics KK	2023-12-31	816	x1_000	EUR	0,01%	https://www.bplpensioen.nl/beleggen
BPL Pension	Hamborner REIT AG	2023-12-31	10	x1_000	EUR	0,00%	https://www.bplpensioen.nl/beleggen
BPL Pension	Hamburger Hafen und Logistik A	2023-12-31	13	x1_000	EUR	0,00%	https://www.bplpensioen.nl/beleggen
BPL Pension	Hamilton Lane Inc	2023-12-31	83	x1_000	EUR	0,00%	https://www.bplpensioen.nl/beleggen
BPL Pension	Hammerson PLC	2023-12-31	37	x1_000	EUR	0,00%	https://www.bplpensioen.nl/beleggen
BPL Pension	Hancock Whitney Corp	2023-12-31	176	x1_000	EUR	0,00%	https://www.bplpensioen.nl/beleggen
BPL Pension	HANESBRANDS INC	2023-12-31	45	x1_000	EUR	0,00%	https://www.bplpensioen.nl/beleggen
BPL Pension	Hang Lung Group Ltd	2023-12-31	826	x1_000	EUR	0,01%	https://www.bplpensioen.nl/beleggen
BPL Pension	Hang Seng Bank Ltd	2023-12-31	410	x1_000	EUR	0,00%	https://www.bplpensioen.nl/beleggen
BPL Pension	Hankyu Hanshin Holdings Inc	2023-12-31	219	x1_000	EUR	0,00%	https://www.bplpensioen.nl/beleggen
BPL Pension	Hankyu Reit Inc	2023-12-31	10	x1_000	EUR	0,00%	https://www.bplpensioen.nl/beleggen
BPL Pension	Hanmi Financial Corp	2023-12-31	12	x1_000	EUR	0,00%	https://www.bplpensioen.nl/beleggen
BPL Pension	Hannon Armstrong Sustainable I	2023-12-31	96	x1_000	EUR	0,00%	https://www.bplpensioen.nl/beleggen
BPL Pension	Hannover Rueckversicherung AG	2023-12-31	897	x1_000	EUR	0,01%	https://www.bplpensioen.nl/beleggen
BPL Pension	Hanover Insurance Group	2023-12-31	143	x1_000	EUR	0,00%	https://www.bplpensioen.nl/beleggen
BPL Pension	Hansen Technologies Ltd	2023-12-31	1.070	x1_000	EUR	0,01%	https://www.bplpensioen.nl/beleggen
BPL Pension	Overzicht beleggingen per 31-12-2023 Pagina 15Hanwa Co Ltd	2023-12-31	112	x1_000	EUR	0,00%	https://www.bplpensioen.nl/beleggen
BPL Pension	HarborOne Bancorp Inc	2023-12-31	10	x1_000	EUR	0,00%	https://www.bplpensioen.nl/beleggen
BPL Pension	Harbour Energy PLC	2023-12-31	62	x1_000	EUR	0,00%	https://www.bplpensioen.nl/beleggen
BPL Pension	Harel Insurance Investments &	2023-12-31	1.111	x1_000	EUR	0,01%	https://www.bplpensioen.nl/beleggen
BPL Pension	Hargreaves Lansdown PLC	2023-12-31	1.050	x1_000	EUR	0,01%	https://www.bplpensioen.nl/beleggen
BPL Pension	Harley-Davidson Inc	2023-12-31	200	x1_000	EUR	0,00%	https://www.bplpensioen.nl/beleggen
BPL Pension	Harmonic Drive Systems Inc	2023-12-31	43	x1_000	EUR	0,00%	https://www.bplpensioen.nl/beleggen
BPL Pension	Harmonic Inc	2023-12-31	40	x1_000	EUR	0,00%	https://www.bplpensioen.nl/beleggen
BPL Pension	Harmony Biosciences Holdings I	2023-12-31	26	x1_000	EUR	0,00%	https://www.bplpensioen.nl/beleggen
BPL Pension	Harrow Inc	2023-12-31	15	x1_000	EUR	0,00%	https://www.bplpensioen.nl/beleggen
BPL Pension	Hartford Financial Services Grp	2023-12-31	10.191	x1_000	EUR	0,06%	https://www.bplpensioen.nl/beleggen
BPL Pension	Harvey Norman Holdings Ltd	2023-12-31	55	x1_000	EUR	0,00%	https://www.bplpensioen.nl/beleggen
BPL Pension	Haseko Corp	2023-12-31	1.020	x1_000	EUR	0,01%	https://www.bplpensioen.nl/beleggen
BPL Pension	HashiCorp Inc	2023-12-31	62	x1_000	EUR	0,00%	https://www.bplpensioen.nl/beleggen
BPL Pension	Haverty Furniture Cos Inc	2023-12-31	1.131	x1_000	EUR	0,01%	https://www.bplpensioen.nl/beleggen
BPL Pension	Hawkins Inc	2023-12-31	19	x1_000	EUR	0,00%	https://www.bplpensioen.nl/beleggen
BPL Pension	Haynes International Inc	2023-12-31	15	x1_000	EUR	0,00%	https://www.bplpensioen.nl/beleggen
BPL Pension	Hays PLC	2023-12-31	72	x1_000	EUR	0,00%	https://www.bplpensioen.nl/beleggen
BPL Pension	Hayward Holdings Inc	2023-12-31	70	x1_000	EUR	0,00%	https://www.bplpensioen.nl/beleggen
BPL Pension	Hazama Ando Corp	2023-12-31	36	x1_000	EUR	0,00%	https://www.bplpensioen.nl/beleggen
BPL Pension	HB Fuller Co	2023-12-31	267	x1_000	EUR	0,00%	https://www.bplpensioen.nl/beleggen
BPL Pension	HCA Healthcare Inc	2023-12-31	604	x1_000	EUR	0,00%	https://www.bplpensioen.nl/beleggen
BPL Pension	HCI Group Inc	2023-12-31	16	x1_000	EUR	0,00%	https://www.bplpensioen.nl/beleggen
BPL Pension	Headwater Exploration Inc	2023-12-31	94	x1_000	EUR	0,00%	https://www.bplpensioen.nl/beleggen
BPL Pension	Healius Ltd	2023-12-31	42	x1_000	EUR	0,00%	https://www.bplpensioen.nl/beleggen
BPL Pension	Health Catalyst Inc	2023-12-31	19	x1_000	EUR	0,00%	https://www.bplpensioen.nl/beleggen
BPL Pension	Healthcare Realty Trust Inc	2023-12-31	204	x1_000	EUR	0,00%	https://www.bplpensioen.nl/beleggen
BPL Pension	Healthcare Services Group Inc	2023-12-31	14	x1_000	EUR	0,00%	https://www.bplpensioen.nl/beleggen
BPL Pension	HealthEquity Inc	2023-12-31	194	x1_000	EUR	0,00%	https://www.bplpensioen.nl/beleggen
BPL Pension	Healthpeak Properties Inc	2023-12-31	3.980	x1_000	EUR	0,02%	https://www.bplpensioen.nl/beleggen
BPL Pension	HealthStream Inc	2023-12-31	17	x1_000	EUR	0,00%	https://www.bplpensioen.nl/beleggen
BPL Pension	Heartland Express Inc	2023-12-31	14	x1_000	EUR	0,00%	https://www.bplpensioen.nl/beleggen
BPL Pension	Heartland Financial USA Inc	2023-12-31	41	x1_000	EUR	0,00%	https://www.bplpensioen.nl/beleggen
BPL Pension	Hecla Mining Co	2023-12-31	108	x1_000	EUR	0,00%	https://www.bplpensioen.nl/beleggen
BPL Pension	Heidelberger Druckmaschinen AG	2023-12-31	7	x1_000	EUR	0,00%	https://www.bplpensioen.nl/beleggen
BPL Pension	Heidrick & Struggles Internati	2023-12-31	38	x1_000	EUR	0,00%	https://www.bplpensioen.nl/beleggen
BPL Pension	Heijmans NV	2023-12-31	758	x1_000	EUR	0,00%	https://www.bplpensioen.nl/beleggen
BPL Pension	Heineken Holding NV	2023-12-31	247	x1_000	EUR	0,00%	https://www.bplpensioen.nl/beleggen
BPL Pension	Heiwa Corp	2023-12-31	31	x1_000	EUR	0,00%	https://www.bplpensioen.nl/beleggen
BPL Pension	Heiwa Real Estate Co Ltd	2023-12-31	17	x1_000	EUR	0,00%	https://www.bplpensioen.nl/beleggen
BPL Pension	Heiwa Real Estate REIT Inc	2023-12-31	28	x1_000	EUR	0,00%	https://www.bplpensioen.nl/beleggen
BPL Pension	Heiwado Co Ltd	2023-12-31	12	x1_000	EUR	0,00%	https://www.bplpensioen.nl/beleggen
BPL Pension	Helen of Troy Ltd	2023-12-31	99	x1_000	EUR	0,00%	https://www.bplpensioen.nl/beleggen
BPL Pension	Helia Group Ltd	2023-12-31	1.645	x1_000	EUR	0,01%	https://www.bplpensioen.nl/beleggen
BPL Pension	Helios Technologies Inc	2023-12-31	41	x1_000	EUR	0,00%	https://www.bplpensioen.nl/beleggen
BPL Pension	Helios Towers PLC	2023-12-31	10	x1_000	EUR	0,00%	https://www.bplpensioen.nl/beleggen
BPL Pension	Helix Energy Solutions Group	2023-12-31	18	x1_000	EUR	0,00%	https://www.bplpensioen.nl/beleggen
BPL Pension	HelloFresh SE	2023-12-31	227	x1_000	EUR	0,00%	https://www.bplpensioen.nl/beleggen
BPL Pension	Helmerich & Payne Inc	2023-12-31	60	x1_000	EUR	0,00%	https://www.bplpensioen.nl/beleggen
BPL Pension	Hemnet Group AB	2023-12-31	60	x1_000	EUR	0,00%	https://www.bplpensioen.nl/beleggen
BPL Pension	Henkel AG & Co KGaA	2023-12-31	4.781	x1_000	EUR	0,03%	https://www.bplpensioen.nl/beleggen
BPL Pension	Hennes & Mauritz AB	2023-12-31	3.101	x1_000	EUR	0,02%	https://www.bplpensioen.nl/beleggen
BPL Pension	Henry Schein Inc	2023-12-31	4.442	x1_000	EUR	0,03%	https://www.bplpensioen.nl/beleggen
BPL Pension	Hensoldt AG	2023-12-31	59	x1_000	EUR	0,00%	https://www.bplpensioen.nl/beleggen
BPL Pension	HERA SPA	2023-12-31	885	x1_000	EUR	0,01%	https://www.bplpensioen.nl/beleggen
BPL Pension	Herbalife Ltd	2023-12-31	56	x1_000	EUR	0,00%	https://www.bplpensioen.nl/beleggen
BPL Pension	Herc Holdings Inc	2023-12-31	122	x1_000	EUR	0,00%	https://www.bplpensioen.nl/beleggen
BPL Pension	Heritage Commerce Corp	2023-12-31	10	x1_000	EUR	0,00%	https://www.bplpensioen.nl/beleggen
BPL Pension	Heritage Financial Corp/WA	2023-12-31	10	x1_000	EUR	0,00%	https://www.bplpensioen.nl/beleggen
BPL Pension	Hermes International	2023-12-31	2.796	x1_000	EUR	0,02%	https://www.bplpensioen.nl/beleggen
BPL Pension	Hershey Co	2023-12-31	6.349	x1_000	EUR	0,04%	https://www.bplpensioen.nl/beleggen
BPL Pension	Hess Midstream LP	2023-12-31	154	x1_000	EUR	0,00%	https://www.bplpensioen.nl/beleggen
BPL Pension	Hexagon AB	2023-12-31	730	x1_000	EUR	0,00%	https://www.bplpensioen.nl/beleggen
BPL Pension	Hexagon Composites ASA	2023-12-31	9	x1_000	EUR	0,00%	https://www.bplpensioen.nl/beleggen
BPL Pension	Hexatronic Group AB	2023-12-31	15	x1_000	EUR	0,00%	https://www.bplpensioen.nl/beleggen
BPL Pension	Hexcel Corp	2023-12-31	253	x1_000	EUR	0,00%	https://www.bplpensioen.nl/beleggen
BPL Pension	Hexpol AB	2023-12-31	142	x1_000	EUR	0,00%	https://www.bplpensioen.nl/beleggen
BPL Pension	Hibbett Sports Inc	2023-12-31	20	x1_000	EUR	0,00%	https://www.bplpensioen.nl/beleggen
BPL Pension	Hiday Hidaka Corp	2023-12-31	16	x1_000	EUR	0,00%	https://www.bplpensioen.nl/beleggen
BPL Pension	Highwoods Realty Limited	2023-12-31	1.678	x1_000	EUR	0,01%	https://www.bplpensioen.nl/beleggen
BPL Pension	Hikari Tsushin Inc	2023-12-31	165	x1_000	EUR	0,00%	https://www.bplpensioen.nl/beleggen
BPL Pension	Hikma Pharmaceuticals PLC	2023-12-31	1.561	x1_000	EUR	0,01%	https://www.bplpensioen.nl/beleggen
BPL Pension	HILAN ltd	2023-12-31	11	x1_000	EUR	0,00%	https://www.bplpensioen.nl/beleggen
BPL Pension	Hill & Smith Holdings PLC	2023-12-31	145	x1_000	EUR	0,00%	https://www.bplpensioen.nl/beleggen
BPL Pension	Hillenbrand Inc	2023-12-31	111	x1_000	EUR	0,00%	https://www.bplpensioen.nl/beleggen
BPL Pension	Hillman Solutions Corp	2023-12-31	67	x1_000	EUR	0,00%	https://www.bplpensioen.nl/beleggen
BPL Pension	Hilltop Holdings Inc	2023-12-31	67	x1_000	EUR	0,00%	https://www.bplpensioen.nl/beleggen
BPL Pension	Hilton Food Group PLC	2023-12-31	18	x1_000	EUR	0,00%	https://www.bplpensioen.nl/beleggen
BPL Pension	HILTON GRAND VACA LLC/IN	2023-12-31	129	x1_000	EUR	0,00%	https://www.bplpensioen.nl/beleggen
BPL Pension	Hims & Hers Health Inc	2023-12-31	35	x1_000	EUR	0,00%	https://www.bplpensioen.nl/beleggen
BPL Pension	Hioki EE Corp	2023-12-31	12	x1_000	EUR	0,00%	https://www.bplpensioen.nl/beleggen
BPL Pension	Hirata Corp	2023-12-31	12	x1_000	EUR	0,00%	https://www.bplpensioen.nl/beleggen
BPL Pension	HireRight Holdings Corp	2023-12-31	14	x1_000	EUR	0,00%	https://www.bplpensioen.nl/beleggen
BPL Pension	Hirogin Holdings Inc	2023-12-31	28	x1_000	EUR	0,00%	https://www.bplpensioen.nl/beleggen
BPL Pension	Hirose Electric Co Ltd	2023-12-31	759	x1_000	EUR	0,00%	https://www.bplpensioen.nl/beleggen
BPL Pension	HIS Co Ltd	2023-12-31	30	x1_000	EUR	0,00%	https://www.bplpensioen.nl/beleggen
BPL Pension	Hisamitsu Pharmaceutical Co Inc	2023-12-31	853	x1_000	EUR	0,01%	https://www.bplpensioen.nl/beleggen
BPL Pension	Hiscox Ltd	2023-12-31	1.015	x1_000	EUR	0,01%	https://www.bplpensioen.nl/beleggen
BPL Pension	Hitachi Ltd	2023-12-31	1.495	x1_000	EUR	0,01%	https://www.bplpensioen.nl/beleggen
BPL Pension	HKBN Ltd	2023-12-31	8	x1_000	EUR	0,00%	https://www.bplpensioen.nl/beleggen
BPL Pension	HMS Networks AB	2023-12-31	32	x1_000	EUR	0,00%	https://www.bplpensioen.nl/beleggen
BPL Pension	HNI Corp	2023-12-31	1.311	x1_000	EUR	0,01%	https://www.bplpensioen.nl/beleggen
BPL Pension	Hochschild Mining PLC	2023-12-31	23	x1_000	EUR	0,00%	https://www.bplpensioen.nl/beleggen
BPL Pension	Hogy Medical Co Ltd	2023-12-31	12	x1_000	EUR	0,00%	https://www.bplpensioen.nl/beleggen
BPL Pension	Hokkoku Financial Holdings Inc	2023-12-31	27	x1_000	EUR	0,00%	https://www.bplpensioen.nl/beleggen
BPL Pension	Hokuhoku Financial Group Inc	2023-12-31	82	x1_000	EUR	0,00%	https://www.bplpensioen.nl/beleggen
BPL Pension	Holcim Ltd	2023-12-31	573	x1_000	EUR	0,00%	https://www.bplpensioen.nl/beleggen
BPL Pension	Holley Inc	2023-12-31	12	x1_000	EUR	0,00%	https://www.bplpensioen.nl/beleggen
BPL Pension	Holmen AB	2023-12-31	351	x1_000	EUR	0,00%	https://www.bplpensioen.nl/beleggen
BPL Pension	HOLOGIC INC	2023-12-31	6.202	x1_000	EUR	0,04%	https://www.bplpensioen.nl/beleggen
BPL Pension	Home BancShares Inc/AR	2023-12-31	128	x1_000	EUR	0,00%	https://www.bplpensioen.nl/beleggen
BPL Pension	Home Consortium Ltd	2023-12-31	26	x1_000	EUR	0,00%	https://www.bplpensioen.nl/beleggen
BPL Pension	Home Depot Inc	2023-12-31	39.083	x1_000	EUR	0,24%	https://www.bplpensioen.nl/beleggen
BPL Pension	Home Reit PLC	2023-12-31	4	x1_000	EUR	0,00%	https://www.bplpensioen.nl/beleggen
BPL Pension	HomeCo Daily Needs REIT	2023-12-31	41	x1_000	EUR	0,00%	https://www.bplpensioen.nl/beleggen
BPL Pension	Honda Motor Co Ltd	2023-12-31	9.927	x1_000	EUR	0,06%	https://www.bplpensioen.nl/beleggen
BPL Pension	Hong Kong & China Gas	2023-12-31	3.504	x1_000	EUR	0,02%	https://www.bplpensioen.nl/beleggen
BPL Pension	Hongkong Land Holdings Ltd	2023-12-31	1.039	x1_000	EUR	0,01%	https://www.bplpensioen.nl/beleggen
BPL Pension	Hope Bancorp Inc	2023-12-31	86	x1_000	EUR	0,00%	https://www.bplpensioen.nl/beleggen
BPL Pension	Horace Mann Educators Corp	2023-12-31	59	x1_000	EUR	0,00%	https://www.bplpensioen.nl/beleggen
BPL Pension	Horiba Ltd	2023-12-31	113	x1_000	EUR	0,00%	https://www.bplpensioen.nl/beleggen
BPL Pension	Horizon Bancorp/IN	2023-12-31	9	x1_000	EUR	0,00%	https://www.bplpensioen.nl/beleggen
BPL Pension	Hormel Foods Corp	2023-12-31	527	x1_000	EUR	0,00%	https://www.bplpensioen.nl/beleggen
BPL Pension	Hornbach Holding AG & Co KGaA	2023-12-31	13	x1_000	EUR	0,00%	https://www.bplpensioen.nl/beleggen
BPL Pension	Hoshino Resorts REIT Inc	2023-12-31	11	x1_000	EUR	0,00%	https://www.bplpensioen.nl/beleggen
BPL Pension	Hoshizaki Electric Co Ltd	2023-12-31	693	x1_000	EUR	0,00%	https://www.bplpensioen.nl/beleggen
BPL Pension	Host Hotels & Resorts Inc	2023-12-31	5.564	x1_000	EUR	0,03%	https://www.bplpensioen.nl/beleggen
BPL Pension	Houlihan Lokey Inc	2023-12-31	203	x1_000	EUR	0,00%	https://www.bplpensioen.nl/beleggen
BPL Pension	House Foods Corp	2023-12-31	44	x1_000	EUR	0,00%	https://www.bplpensioen.nl/beleggen
BPL Pension	Howard Hughes Holdings Inc	2023-12-31	125	x1_000	EUR	0,00%	https://www.bplpensioen.nl/beleggen
BPL Pension	Howden Joinery Group PLC	2023-12-31	1.200	x1_000	EUR	0,01%	https://www.bplpensioen.nl/beleggen
BPL Pension	HP Inc	2023-12-31	44.115	x1_000	EUR	0,27%	https://www.bplpensioen.nl/beleggen
BPL Pension	Overzicht beleggingen per 31-12-2023 Pagina 16HSBC Holdings PLC	2023-12-31	9.514	x1_000	EUR	0,06%	https://www.bplpensioen.nl/beleggen
BPL Pension	HUB Group Inc	2023-12-31	120	x1_000	EUR	0,00%	https://www.bplpensioen.nl/beleggen
BPL Pension	HUB24 Ltd	2023-12-31	62	x1_000	EUR	0,00%	https://www.bplpensioen.nl/beleggen
BPL Pension	Hubbell Inc	2023-12-31	1.956	x1_000	EUR	0,01%	https://www.bplpensioen.nl/beleggen
BPL Pension	Huber & Suhner AG	2023-12-31	44	x1_000	EUR	0,00%	https://www.bplpensioen.nl/beleggen
BPL Pension	HubSpot Inc	2023-12-31	3.911	x1_000	EUR	0,02%	https://www.bplpensioen.nl/beleggen
BPL Pension	HudBay Minerals Inc	2023-12-31	98	x1_000	EUR	0,00%	https://www.bplpensioen.nl/beleggen
BPL Pension	Hudson Pacific Properties Inc	2023-12-31	51	x1_000	EUR	0,00%	https://www.bplpensioen.nl/beleggen
BPL Pension	Hudson Technologies Inc	2023-12-31	13	x1_000	EUR	0,00%	https://www.bplpensioen.nl/beleggen
BPL Pension	Hufvudstaden AB	2023-12-31	33	x1_000	EUR	0,00%	https://www.bplpensioen.nl/beleggen
BPL Pension	HUGHES SATELLITE SYSTEMS	2023-12-31	1.106	x1_000	EUR	0,01%	https://www.bplpensioen.nl/beleggen
BPL Pension	Hugo Boss AG	2023-12-31	3.842	x1_000	EUR	0,02%	https://www.bplpensioen.nl/beleggen
BPL Pension	Huhtamaki OYJ	2023-12-31	104	x1_000	EUR	0,00%	https://www.bplpensioen.nl/beleggen
BPL Pension	Hulic Co Ltd	2023-12-31	1.387	x1_000	EUR	0,01%	https://www.bplpensioen.nl/beleggen
BPL Pension	Hulic Reit Inc	2023-12-31	30	x1_000	EUR	0,00%	https://www.bplpensioen.nl/beleggen
BPL Pension	Humana Inc	2023-12-31	15.408	x1_000	EUR	0,09%	https://www.bplpensioen.nl/beleggen
BPL Pension	Hunting PLC	2023-12-31	16	x1_000	EUR	0,00%	https://www.bplpensioen.nl/beleggen
BPL Pension	Huntington Bancshares Inc / OH	2023-12-31	290	x1_000	EUR	0,00%	https://www.bplpensioen.nl/beleggen
BPL Pension	HUNTSMAN INTERNATIONAL L	2023-12-31	147	x1_000	EUR	0,00%	https://www.bplpensioen.nl/beleggen
BPL Pension	Huron Consulting Group Inc	2023-12-31	1.713	x1_000	EUR	0,01%	https://www.bplpensioen.nl/beleggen
BPL Pension	Hutchison Port Holdings Trust	2023-12-31	54	x1_000	EUR	0,00%	https://www.bplpensioen.nl/beleggen
BPL Pension	Hutchison Whampoa Ltd	2023-12-31	9	x1_000	EUR	0,00%	https://www.bplpensioen.nl/beleggen
BPL Pension	Hyakugo Bank Ltd/The	2023-12-31	1.303	x1_000	EUR	0,01%	https://www.bplpensioen.nl/beleggen
BPL Pension	Hydra SpA	2023-12-31	9	x1_000	EUR	0,00%	https://www.bplpensioen.nl/beleggen
BPL Pension	Hydro One Ltd	2023-12-31	6.565	x1_000	EUR	0,04%	https://www.bplpensioen.nl/beleggen
BPL Pension	Hypoport AG	2023-12-31	19	x1_000	EUR	0,00%	https://www.bplpensioen.nl/beleggen
BPL Pension	Hysan Development Company Limited	2023-12-31	27	x1_000	EUR	0,00%	https://www.bplpensioen.nl/beleggen
BPL Pension	Hyster-Yale Materials Handling	2023-12-31	850	x1_000	EUR	0,01%	https://www.bplpensioen.nl/beleggen
BPL Pension	I3 Verticals Inc	2023-12-31	12	x1_000	EUR	0,00%	https://www.bplpensioen.nl/beleggen
BPL Pension	i-80 Gold Corp	2023-12-31	43	x1_000	EUR	0,00%	https://www.bplpensioen.nl/beleggen
BPL Pension	iA Financial Corp Inc	2023-12-31	2.076	x1_000	EUR	0,01%	https://www.bplpensioen.nl/beleggen
BPL Pension	IAC Inc	2023-12-31	97	x1_000	EUR	0,00%	https://www.bplpensioen.nl/beleggen
BPL Pension	IAMGOLD CORP	2023-12-31	14	x1_000	EUR	0,00%	https://www.bplpensioen.nl/beleggen
BPL Pension	Iberdrola International BV	2023-12-31	4.914	x1_000	EUR	0,03%	https://www.bplpensioen.nl/beleggen
BPL Pension	IBJ Leasing Co Ltd	2023-12-31	40	x1_000	EUR	0,00%	https://www.bplpensioen.nl/beleggen
BPL Pension	IBM Corp	2023-12-31	38.334	x1_000	EUR	0,24%	https://www.bplpensioen.nl/beleggen
BPL Pension	IBS Partners Ltd	2023-12-31	45	x1_000	EUR	0,00%	https://www.bplpensioen.nl/beleggen
BPL Pension	ICADE	2023-12-31	52	x1_000	EUR	0,00%	https://www.bplpensioen.nl/beleggen
BPL Pension	ICF International Inc	2023-12-31	78	x1_000	EUR	0,00%	https://www.bplpensioen.nl/beleggen
BPL Pension	Ichibanya Co Ltd	2023-12-31	10	x1_000	EUR	0,00%	https://www.bplpensioen.nl/beleggen
BPL Pension	Ichigo Office REIT Investment	2023-12-31	11	x1_000	EUR	0,00%	https://www.bplpensioen.nl/beleggen
BPL Pension	Ichor Holdings Ltd	2023-12-31	12	x1_000	EUR	0,00%	https://www.bplpensioen.nl/beleggen
BPL Pension	ICU Medical Inc	2023-12-31	82	x1_000	EUR	0,00%	https://www.bplpensioen.nl/beleggen
BPL Pension	ID Logistics Group	2023-12-31	16	x1_000	EUR	0,00%	https://www.bplpensioen.nl/beleggen
BPL Pension	Ideaya Biosciences Inc	2023-12-31	42	x1_000	EUR	0,00%	https://www.bplpensioen.nl/beleggen
BPL Pension	Idec Corp/Japan	2023-12-31	13	x1_000	EUR	0,00%	https://www.bplpensioen.nl/beleggen
BPL Pension	Idemitsu Kosan Co Ltd	2023-12-31	3.056	x1_000	EUR	0,02%	https://www.bplpensioen.nl/beleggen
BPL Pension	Idex Corp	2023-12-31	1.073	x1_000	EUR	0,01%	https://www.bplpensioen.nl/beleggen
BPL Pension	IDEXX Laboratories Inc	2023-12-31	4.343	x1_000	EUR	0,03%	https://www.bplpensioen.nl/beleggen
BPL Pension	Idorsia Ltd	2023-12-31	10	x1_000	EUR	0,00%	https://www.bplpensioen.nl/beleggen
BPL Pension	IDT Corp	2023-12-31	17	x1_000	EUR	0,00%	https://www.bplpensioen.nl/beleggen
BPL Pension	iFAST Corp Ltd	2023-12-31	20	x1_000	EUR	0,00%	https://www.bplpensioen.nl/beleggen
BPL Pension	IG Group Holdings PLC	2023-12-31	1.459	x1_000	EUR	0,01%	https://www.bplpensioen.nl/beleggen
BPL Pension	IGG Inc	2023-12-31	12	x1_000	EUR	0,00%	https://www.bplpensioen.nl/beleggen
BPL Pension	IGM Financial Inc	2023-12-31	16.298	x1_000	EUR	0,10%	https://www.bplpensioen.nl/beleggen
BPL Pension	iHeartMedia Inc	2023-12-31	10	x1_000	EUR	0,00%	https://www.bplpensioen.nl/beleggen
BPL Pension	IHI Corp	2023-12-31	440	x1_000	EUR	0,00%	https://www.bplpensioen.nl/beleggen
BPL Pension	Illimity Bank SpA	2023-12-31	8	x1_000	EUR	0,00%	https://www.bplpensioen.nl/beleggen
BPL Pension	Illinois Tool Works Inc	2023-12-31	20.389	x1_000	EUR	0,13%	https://www.bplpensioen.nl/beleggen
BPL Pension	Iluka Resources Ltd	2023-12-31	47	x1_000	EUR	0,00%	https://www.bplpensioen.nl/beleggen
BPL Pension	Imax Corp	2023-12-31	11	x1_000	EUR	0,00%	https://www.bplpensioen.nl/beleggen
BPL Pension	Imdex Ltd	2023-12-31	44	x1_000	EUR	0,00%	https://www.bplpensioen.nl/beleggen
BPL Pension	IMI PLC	2023-12-31	958	x1_000	EUR	0,01%	https://www.bplpensioen.nl/beleggen
BPL Pension	IMMOFINANZ AG	2023-12-31	15	x1_000	EUR	0,00%	https://www.bplpensioen.nl/beleggen
BPL Pension	ImmunityBio Inc	2023-12-31	25	x1_000	EUR	0,00%	https://www.bplpensioen.nl/beleggen
BPL Pension	Immunogen Inc	2023-12-31	204	x1_000	EUR	0,00%	https://www.bplpensioen.nl/beleggen
BPL Pension	Immunovant Inc	2023-12-31	104	x1_000	EUR	0,00%	https://www.bplpensioen.nl/beleggen
BPL Pension	Impact Healthcare Reit PLC	2023-12-31	10	x1_000	EUR	0,00%	https://www.bplpensioen.nl/beleggen
BPL Pension	Impax Asset Management Group P	2023-12-31	12	x1_000	EUR	0,00%	https://www.bplpensioen.nl/beleggen
BPL Pension	Impinj Inc	2023-12-31	59	x1_000	EUR	0,00%	https://www.bplpensioen.nl/beleggen
BPL Pension	Implenia AG	2023-12-31	1.239	x1_000	EUR	0,01%	https://www.bplpensioen.nl/beleggen
BPL Pension	Inaba Denki Sangyo Co Ltd	2023-12-31	15	x1_000	EUR	0,00%	https://www.bplpensioen.nl/beleggen
BPL Pension	Inageya Co Ltd	2023-12-31	4	x1_000	EUR	0,00%	https://www.bplpensioen.nl/beleggen
BPL Pension	Inari Medical Inc	2023-12-31	99	x1_000	EUR	0,00%	https://www.bplpensioen.nl/beleggen
BPL Pension	Inchcape PLC	2023-12-31	927	x1_000	EUR	0,01%	https://www.bplpensioen.nl/beleggen
BPL Pension	Incitec Pivot Fin LLC	2023-12-31	715	x1_000	EUR	0,00%	https://www.bplpensioen.nl/beleggen
BPL Pension	Incyte Corp Ltd	2023-12-31	2.283	x1_000	EUR	0,01%	https://www.bplpensioen.nl/beleggen
BPL Pension	Independence Group NL	2023-12-31	55	x1_000	EUR	0,00%	https://www.bplpensioen.nl/beleggen
BPL Pension	Independence Realty Trust Inc	2023-12-31	92	x1_000	EUR	0,00%	https://www.bplpensioen.nl/beleggen
BPL Pension	Independent Bank Corp/MI	2023-12-31	14	x1_000	EUR	0,00%	https://www.bplpensioen.nl/beleggen
BPL Pension	Independent Bank Corp/Rockland	2023-12-31	78	x1_000	EUR	0,00%	https://www.bplpensioen.nl/beleggen
BPL Pension	Independent Bank Group Inc	2023-12-31	46	x1_000	EUR	0,00%	https://www.bplpensioen.nl/beleggen
BPL Pension	indie Semiconductor Inc	2023-12-31	12	x1_000	EUR	0,00%	https://www.bplpensioen.nl/beleggen
BPL Pension	Inditex SA	2023-12-31	6.717	x1_000	EUR	0,04%	https://www.bplpensioen.nl/beleggen
BPL Pension	Indivior Plc	2023-12-31	83	x1_000	EUR	0,00%	https://www.bplpensioen.nl/beleggen
BPL Pension	Indra Sistemas SA	2023-12-31	2.300	x1_000	EUR	0,01%	https://www.bplpensioen.nl/beleggen
BPL Pension	Industrial & Infrastructure Fu	2023-12-31	63	x1_000	EUR	0,00%	https://www.bplpensioen.nl/beleggen
BPL Pension	Industrie De Nora SpA	2023-12-31	11	x1_000	EUR	0,00%	https://www.bplpensioen.nl/beleggen
BPL Pension	Industrivarden AB	2023-12-31	811	x1_000	EUR	0,00%	https://www.bplpensioen.nl/beleggen
BPL Pension	Inficon Holding AG	2023-12-31	40	x1_000	EUR	0,00%	https://www.bplpensioen.nl/beleggen
BPL Pension	Infinera Corp	2023-12-31	32	x1_000	EUR	0,00%	https://www.bplpensioen.nl/beleggen
BPL Pension	Infomart Corp	2023-12-31	30	x1_000	EUR	0,00%	https://www.bplpensioen.nl/beleggen
BPL Pension	Informatica Inc	2023-12-31	39	x1_000	EUR	0,00%	https://www.bplpensioen.nl/beleggen
BPL Pension	Infratil Ltd	2023-12-31	444	x1_000	EUR	0,00%	https://www.bplpensioen.nl/beleggen
BPL Pension	INFRONEER Holdings Inc	2023-12-31	134	x1_000	EUR	0,00%	https://www.bplpensioen.nl/beleggen
BPL Pension	ING Groep NV	2023-12-31	6.049	x1_000	EUR	0,04%	https://www.bplpensioen.nl/beleggen
BPL Pension	Ingenia Communities Group	2023-12-31	26	x1_000	EUR	0,00%	https://www.bplpensioen.nl/beleggen
BPL Pension	Ingersoll Rand Inc	2023-12-31	1.623	x1_000	EUR	0,01%	https://www.bplpensioen.nl/beleggen
BPL Pension	Ingevity Corp	2023-12-31	105	x1_000	EUR	0,00%	https://www.bplpensioen.nl/beleggen
BPL Pension	Inghams Group Ltd	2023-12-31	1.609	x1_000	EUR	0,01%	https://www.bplpensioen.nl/beleggen
BPL Pension	Ingles Markets Inc	2023-12-31	31	x1_000	EUR	0,00%	https://www.bplpensioen.nl/beleggen
BPL Pension	Inhibrx Inc	2023-12-31	24	x1_000	EUR	0,00%	https://www.bplpensioen.nl/beleggen
BPL Pension	Inmobiliaria Colonial SA	2023-12-31	77	x1_000	EUR	0,00%	https://www.bplpensioen.nl/beleggen
BPL Pension	Inmode Ltd	2023-12-31	59	x1_000	EUR	0,00%	https://www.bplpensioen.nl/beleggen
BPL Pension	Innergex Renewable Energy Inc	2023-12-31	72	x1_000	EUR	0,00%	https://www.bplpensioen.nl/beleggen
BPL Pension	Innospec Inc	2023-12-31	180	x1_000	EUR	0,00%	https://www.bplpensioen.nl/beleggen
BPL Pension	Innoviva Inc	2023-12-31	47	x1_000	EUR	0,00%	https://www.bplpensioen.nl/beleggen
BPL Pension	Inpex Corp	2023-12-31	1.134	x1_000	EUR	0,01%	https://www.bplpensioen.nl/beleggen
BPL Pension	InPost SA	2023-12-31	104	x1_000	EUR	0,00%	https://www.bplpensioen.nl/beleggen
BPL Pension	Insight Enterprises Inc	2023-12-31	197	x1_000	EUR	0,00%	https://www.bplpensioen.nl/beleggen
BPL Pension	Insmed Inc	2023-12-31	109	x1_000	EUR	0,00%	https://www.bplpensioen.nl/beleggen
BPL Pension	Insource Co Ltd	2023-12-31	9	x1_000	EUR	0,00%	https://www.bplpensioen.nl/beleggen
BPL Pension	Insperity Inc	2023-12-31	160	x1_000	EUR	0,00%	https://www.bplpensioen.nl/beleggen
BPL Pension	Inspire Medical Systems Inc	2023-12-31	167	x1_000	EUR	0,00%	https://www.bplpensioen.nl/beleggen
BPL Pension	Instalco AB	2023-12-31	27	x1_000	EUR	0,00%	https://www.bplpensioen.nl/beleggen
BPL Pension	Installed Building Products In	2023-12-31	3.774	x1_000	EUR	0,02%	https://www.bplpensioen.nl/beleggen
BPL Pension	Insteel Industries Inc	2023-12-31	24	x1_000	EUR	0,00%	https://www.bplpensioen.nl/beleggen
BPL Pension	Instructure Inc	2023-12-31	1.808	x1_000	EUR	0,01%	https://www.bplpensioen.nl/beleggen
BPL Pension	Insurance Australia Group Ltd	2023-12-31	434	x1_000	EUR	0,00%	https://www.bplpensioen.nl/beleggen
BPL Pension	Intact Financial Corp	2023-12-31	3.502	x1_000	EUR	0,02%	https://www.bplpensioen.nl/beleggen
BPL Pension	Intapp Inc	2023-12-31	31	x1_000	EUR	0,00%	https://www.bplpensioen.nl/beleggen
BPL Pension	Integer Holdings Corp	2023-12-31	3.095	x1_000	EUR	0,02%	https://www.bplpensioen.nl/beleggen
BPL Pension	Overzicht beleggingen per 31-12-2023 Pagina 17Integra LifeSciences Holdings	2023-12-31	108	x1_000	EUR	0,00%	https://www.bplpensioen.nl/beleggen
BPL Pension	IntegraFin Holdings PLC	2023-12-31	10	x1_000	EUR	0,00%	https://www.bplpensioen.nl/beleggen
BPL Pension	Integral Ad Science Holding Co	2023-12-31	836	x1_000	EUR	0,01%	https://www.bplpensioen.nl/beleggen
BPL Pension	Integral Diagnostics Ltd	2023-12-31	14	x1_000	EUR	0,00%	https://www.bplpensioen.nl/beleggen
BPL Pension	Integrated Electrical Services	2023-12-31	36	x1_000	EUR	0,00%	https://www.bplpensioen.nl/beleggen
BPL Pension	Intellia Therapeutics Inc	2023-12-31	61	x1_000	EUR	0,00%	https://www.bplpensioen.nl/beleggen
BPL Pension	Inter Parfums Inc	2023-12-31	124	x1_000	EUR	0,00%	https://www.bplpensioen.nl/beleggen
BPL Pension	IntercontinentalExchange Inc	2023-12-31	888	x1_000	EUR	0,01%	https://www.bplpensioen.nl/beleggen
BPL Pension	InterDigital Inc/PA	2023-12-31	128	x1_000	EUR	0,00%	https://www.bplpensioen.nl/beleggen
BPL Pension	Interface Inc	2023-12-31	1.595	x1_000	EUR	0,01%	https://www.bplpensioen.nl/beleggen
BPL Pension	Interfor Corp	2023-12-31	36	x1_000	EUR	0,00%	https://www.bplpensioen.nl/beleggen
BPL Pension	Intermediate Capital Group PLC	2023-12-31	191	x1_000	EUR	0,00%	https://www.bplpensioen.nl/beleggen
BPL Pension	International Bancshares Corp	2023-12-31	99	x1_000	EUR	0,00%	https://www.bplpensioen.nl/beleggen
BPL Pension	International Distributions Se	2023-12-31	62	x1_000	EUR	0,00%	https://www.bplpensioen.nl/beleggen
BPL Pension	International Money Express In	2023-12-31	24	x1_000	EUR	0,00%	https://www.bplpensioen.nl/beleggen
BPL Pension	International Petroleum Corp/S	2023-12-31	53	x1_000	EUR	0,00%	https://www.bplpensioen.nl/beleggen
BPL Pension	Internet Initiative Japan Inc	2023-12-31	67	x1_000	EUR	0,00%	https://www.bplpensioen.nl/beleggen
BPL Pension	Interpublic Group of Cos Inc	2023-12-31	564	x1_000	EUR	0,00%	https://www.bplpensioen.nl/beleggen
BPL Pension	Interpump Group SpA	2023-12-31	112	x1_000	EUR	0,00%	https://www.bplpensioen.nl/beleggen
BPL Pension	InterRent Real Estate Investme	2023-12-31	29	x1_000	EUR	0,00%	https://www.bplpensioen.nl/beleggen
BPL Pension	Interroll Holding AG	2023-12-31	40	x1_000	EUR	0,00%	https://www.bplpensioen.nl/beleggen
BPL Pension	Intershop Holdings	2023-12-31	13	x1_000	EUR	0,00%	https://www.bplpensioen.nl/beleggen
BPL Pension	Intertek Group PLC	2023-12-31	2.421	x1_000	EUR	0,01%	https://www.bplpensioen.nl/beleggen
BPL Pension	Intl Paper Co	2023-12-31	772	x1_000	EUR	0,00%	https://www.bplpensioen.nl/beleggen
BPL Pension	Intra-Cellular Therapies Inc	2023-12-31	190	x1_000	EUR	0,00%	https://www.bplpensioen.nl/beleggen
BPL Pension	Intrum Justitia AB	2023-12-31	25	x1_000	EUR	0,00%	https://www.bplpensioen.nl/beleggen
BPL Pension	Intuit Inc	2023-12-31	7.105	x1_000	EUR	0,04%	https://www.bplpensioen.nl/beleggen
BPL Pension	Intuitive Surgical Inc	2023-12-31	4.652	x1_000	EUR	0,03%	https://www.bplpensioen.nl/beleggen
BPL Pension	InvenTrust Properties Corp	2023-12-31	56	x1_000	EUR	0,00%	https://www.bplpensioen.nl/beleggen
BPL Pension	Inversiones Clidia SL	2023-12-31	43	x1_000	EUR	0,00%	https://www.bplpensioen.nl/beleggen
BPL Pension	Invesco Ltd	2023-12-31	5.031	x1_000	EUR	0,03%	https://www.bplpensioen.nl/beleggen
BPL Pension	Invesco Mortgage Capital Inc	2023-12-31	19	x1_000	EUR	0,00%	https://www.bplpensioen.nl/beleggen
BPL Pension	Investec PLC	2023-12-31	201	x1_000	EUR	0,00%	https://www.bplpensioen.nl/beleggen
BPL Pension	Investment AB Oresund	2023-12-31	11	x1_000	EUR	0,00%	https://www.bplpensioen.nl/beleggen
BPL Pension	Investor AB	2023-12-31	3.147	x1_000	EUR	0,02%	https://www.bplpensioen.nl/beleggen
BPL Pension	Invincible Investment Corp	2023-12-31	92	x1_000	EUR	0,00%	https://www.bplpensioen.nl/beleggen
BPL Pension	INVISIO Communications AB	2023-12-31	28	x1_000	EUR	0,00%	https://www.bplpensioen.nl/beleggen
BPL Pension	Invitation Homes Inc	2023-12-31	3.233	x1_000	EUR	0,02%	https://www.bplpensioen.nl/beleggen
BPL Pension	Inwido AB	2023-12-31	1.270	x1_000	EUR	0,01%	https://www.bplpensioen.nl/beleggen
BPL Pension	Ionis Pharmaceuticals Inc	2023-12-31	216	x1_000	EUR	0,00%	https://www.bplpensioen.nl/beleggen
BPL Pension	Ionos SE	2023-12-31	32	x1_000	EUR	0,00%	https://www.bplpensioen.nl/beleggen
BPL Pension	IonQ Inc	2023-12-31	55	x1_000	EUR	0,00%	https://www.bplpensioen.nl/beleggen
BPL Pension	IOOF Holdings Ltd	2023-12-31	17	x1_000	EUR	0,00%	https://www.bplpensioen.nl/beleggen
BPL Pension	Iovance Biotherapeutics Inc	2023-12-31	45	x1_000	EUR	0,00%	https://www.bplpensioen.nl/beleggen
BPL Pension	IP Group PLC	2023-12-31	16	x1_000	EUR	0,00%	https://www.bplpensioen.nl/beleggen
BPL Pension	IPG Photonics Corp	2023-12-31	906	x1_000	EUR	0,01%	https://www.bplpensioen.nl/beleggen
BPL Pension	IPH Ltd	2023-12-31	33	x1_000	EUR	0,00%	https://www.bplpensioen.nl/beleggen
BPL Pension	Ipsen SA	2023-12-31	1.367	x1_000	EUR	0,01%	https://www.bplpensioen.nl/beleggen
BPL Pension	IPSOS	2023-12-31	73	x1_000	EUR	0,00%	https://www.bplpensioen.nl/beleggen
BPL Pension	Iress Ltd	2023-12-31	33	x1_000	EUR	0,00%	https://www.bplpensioen.nl/beleggen
BPL Pension	iRhythm Technologies Inc	2023-12-31	95	x1_000	EUR	0,00%	https://www.bplpensioen.nl/beleggen
BPL Pension	Iridium Communications Inc	2023-12-31	178	x1_000	EUR	0,00%	https://www.bplpensioen.nl/beleggen
BPL Pension	Irish Residential Properties R	2023-12-31	9	x1_000	EUR	0,00%	https://www.bplpensioen.nl/beleggen
BPL Pension	Iriso Electronics Co Ltd	2023-12-31	14	x1_000	EUR	0,00%	https://www.bplpensioen.nl/beleggen
BPL Pension	iRobot Corp	2023-12-31	28	x1_000	EUR	0,00%	https://www.bplpensioen.nl/beleggen
BPL Pension	Ironwood Pharmaceuticals Inc	2023-12-31	858	x1_000	EUR	0,01%	https://www.bplpensioen.nl/beleggen
BPL Pension	Isetan Mitsukoshi Holdings Ltd	2023-12-31	730	x1_000	EUR	0,00%	https://www.bplpensioen.nl/beleggen
BPL Pension	ISI-Dentsu	2023-12-31	19	x1_000	EUR	0,00%	https://www.bplpensioen.nl/beleggen
BPL Pension	Ispace Inc/Japan	2023-12-31	8	x1_000	EUR	0,00%	https://www.bplpensioen.nl/beleggen
BPL Pension	Isracard Ltd	2023-12-31	55	x1_000	EUR	0,00%	https://www.bplpensioen.nl/beleggen
BPL Pension	Israel Canada T.R Ltd	2023-12-31	9	x1_000	EUR	0,00%	https://www.bplpensioen.nl/beleggen
BPL Pension	Isras Investment Co Ltd	2023-12-31	12	x1_000	EUR	0,00%	https://www.bplpensioen.nl/beleggen
BPL Pension	ISS A/S	2023-12-31	125	x1_000	EUR	0,00%	https://www.bplpensioen.nl/beleggen
BPL Pension	Isuzu Motors Ltd	2023-12-31	452	x1_000	EUR	0,00%	https://www.bplpensioen.nl/beleggen
BPL Pension	Italgas SpA	2023-12-31	240	x1_000	EUR	0,00%	https://www.bplpensioen.nl/beleggen
BPL Pension	iTeos Therapeutics Inc	2023-12-31	9	x1_000	EUR	0,00%	https://www.bplpensioen.nl/beleggen
BPL Pension	ITM Power PLC	2023-12-31	10	x1_000	EUR	0,00%	https://www.bplpensioen.nl/beleggen
BPL Pension	Ito En Ltd	2023-12-31	44	x1_000	EUR	0,00%	https://www.bplpensioen.nl/beleggen
BPL Pension	Itochu Advance Logistics Inves	2023-12-31	7	x1_000	EUR	0,00%	https://www.bplpensioen.nl/beleggen
BPL Pension	ITOCHU Corp	2023-12-31	31.225	x1_000	EUR	0,19%	https://www.bplpensioen.nl/beleggen
BPL Pension	Itoham Yonekyu Holdings Inc	2023-12-31	155	x1_000	EUR	0,00%	https://www.bplpensioen.nl/beleggen
BPL Pension	Itron Inc	2023-12-31	124	x1_000	EUR	0,00%	https://www.bplpensioen.nl/beleggen
BPL Pension	ITT Inc	2023-12-31	310	x1_000	EUR	0,00%	https://www.bplpensioen.nl/beleggen
BPL Pension	Ituran Location and Control Lt	2023-12-31	22	x1_000	EUR	0,00%	https://www.bplpensioen.nl/beleggen
BPL Pension	ITV PLC	2023-12-31	101	x1_000	EUR	0,00%	https://www.bplpensioen.nl/beleggen
BPL Pension	Ivanhoe Electric Inc / US	2023-12-31	28	x1_000	EUR	0,00%	https://www.bplpensioen.nl/beleggen
BPL Pension	Iveco Group NV	2023-12-31	79	x1_000	EUR	0,00%	https://www.bplpensioen.nl/beleggen
BPL Pension	Iwatani Corp	2023-12-31	256	x1_000	EUR	0,00%	https://www.bplpensioen.nl/beleggen
BPL Pension	IWG PLC	2023-12-31	69	x1_000	EUR	0,00%	https://www.bplpensioen.nl/beleggen
BPL Pension	Iyogin Holdings Inc	2023-12-31	77	x1_000	EUR	0,00%	https://www.bplpensioen.nl/beleggen
BPL Pension	Izumi Co Ltd	2023-12-31	1.329	x1_000	EUR	0,01%	https://www.bplpensioen.nl/beleggen
BPL Pension	J Trust Co Ltd	2023-12-31	19	x1_000	EUR	0,00%	https://www.bplpensioen.nl/beleggen
BPL Pension	J&J Snack Foods Corp	2023-12-31	112	x1_000	EUR	0,00%	https://www.bplpensioen.nl/beleggen
BPL Pension	JAC Recruitment Co Ltd	2023-12-31	15	x1_000	EUR	0,00%	https://www.bplpensioen.nl/beleggen
BPL Pension	Jaccs Co Ltd	2023-12-31	47	x1_000	EUR	0,00%	https://www.bplpensioen.nl/beleggen
BPL Pension	Jack Henry & Associates Inc	2023-12-31	3.054	x1_000	EUR	0,02%	https://www.bplpensioen.nl/beleggen
BPL Pension	Jack in the Box Inc	2023-12-31	63	x1_000	EUR	0,00%	https://www.bplpensioen.nl/beleggen
BPL Pension	Jackson Financial Inc	2023-12-31	141	x1_000	EUR	0,00%	https://www.bplpensioen.nl/beleggen
BPL Pension	Jafco Co Ltd	2023-12-31	39	x1_000	EUR	0,00%	https://www.bplpensioen.nl/beleggen
BPL Pension	James River Group Holdings Ltd	2023-12-31	20	x1_000	EUR	0,00%	https://www.bplpensioen.nl/beleggen
BPL Pension	Jamf Holding Corp	2023-12-31	21	x1_000	EUR	0,00%	https://www.bplpensioen.nl/beleggen
BPL Pension	Jamieson Wellness Inc	2023-12-31	11	x1_000	EUR	0,00%	https://www.bplpensioen.nl/beleggen
BPL Pension	Janus Henderson Group PLC	2023-12-31	155	x1_000	EUR	0,00%	https://www.bplpensioen.nl/beleggen
BPL Pension	Janus International Group Inc	2023-12-31	1.401	x1_000	EUR	0,01%	https://www.bplpensioen.nl/beleggen
BPL Pension	Japan Airport Terminal Co Ltd	2023-12-31	128	x1_000	EUR	0,00%	https://www.bplpensioen.nl/beleggen
BPL Pension	Japan Aviation Electronics Ind	2023-12-31	46	x1_000	EUR	0,00%	https://www.bplpensioen.nl/beleggen
BPL Pension	Japan Elevator Service Holding	2023-12-31	32	x1_000	EUR	0,00%	https://www.bplpensioen.nl/beleggen
BPL Pension	Japan Excellent Inc	2023-12-31	10	x1_000	EUR	0,00%	https://www.bplpensioen.nl/beleggen
BPL Pension	Japan Hotel REIT Investment Co	2023-12-31	76	x1_000	EUR	0,00%	https://www.bplpensioen.nl/beleggen
BPL Pension	Japan Lifeline Co Ltd	2023-12-31	27	x1_000	EUR	0,00%	https://www.bplpensioen.nl/beleggen
BPL Pension	Japan Logistics Fund Inc	2023-12-31	31	x1_000	EUR	0,00%	https://www.bplpensioen.nl/beleggen
BPL Pension	Japan Material Co Ltd	2023-12-31	37	x1_000	EUR	0,00%	https://www.bplpensioen.nl/beleggen
BPL Pension	Japan Post Bank Co Ltd	2023-12-31	665	x1_000	EUR	0,00%	https://www.bplpensioen.nl/beleggen
BPL Pension	Japan Post Holdings Co Ltd	2023-12-31	15.785	x1_000	EUR	0,10%	https://www.bplpensioen.nl/beleggen
BPL Pension	Japan Post Insurance Co Ltd	2023-12-31	1.002	x1_000	EUR	0,01%	https://www.bplpensioen.nl/beleggen
BPL Pension	Japan Prime Realty Investment	2023-12-31	1.081	x1_000	EUR	0,01%	https://www.bplpensioen.nl/beleggen
BPL Pension	Japan Pulp & Paper Co Ltd	2023-12-31	13	x1_000	EUR	0,00%	https://www.bplpensioen.nl/beleggen
BPL Pension	Japan Real Estate Investment C	2023-12-31	2.632	x1_000	EUR	0,02%	https://www.bplpensioen.nl/beleggen
BPL Pension	Japan Rental Housing Investments Inc	2023-12-31	35	x1_000	EUR	0,00%	https://www.bplpensioen.nl/beleggen
BPL Pension	Japan Retail Fund Investment C	2023-12-31	265	x1_000	EUR	0,00%	https://www.bplpensioen.nl/beleggen
BPL Pension	Japan Securities Finance Co Lt	2023-12-31	34	x1_000	EUR	0,00%	https://www.bplpensioen.nl/beleggen
BPL Pension	Japan Steel Works Ltd	2023-12-31	24	x1_000	EUR	0,00%	https://www.bplpensioen.nl/beleggen
BPL Pension	Japan Wool Textile Co Ltd/The	2023-12-31	15	x1_000	EUR	0,00%	https://www.bplpensioen.nl/beleggen
BPL Pension	JB Hi-Fi Ltd	2023-12-31	6.557	x1_000	EUR	0,04%	https://www.bplpensioen.nl/beleggen
BPL Pension	JB Hunt Transport Services Inc	2023-12-31	5.585	x1_000	EUR	0,03%	https://www.bplpensioen.nl/beleggen
BPL Pension	JBG SMITH PROPERTIES	2023-12-31	43	x1_000	EUR	0,00%	https://www.bplpensioen.nl/beleggen
BPL Pension	JC Decaux SA	2023-12-31	34	x1_000	EUR	0,00%	https://www.bplpensioen.nl/beleggen
BPL Pension	JCR Pharmaceuticals Co Ltd	2023-12-31	21	x1_000	EUR	0,00%	https://www.bplpensioen.nl/beleggen
BPL Pension	JCU Corp	2023-12-31	36	x1_000	EUR	0,00%	https://www.bplpensioen.nl/beleggen
BPL Pension	JDC Corp	2023-12-31	12	x1_000	EUR	0,00%	https://www.bplpensioen.nl/beleggen
BPL Pension	JELD-WEN Holding Inc	2023-12-31	48	x1_000	EUR	0,00%	https://www.bplpensioen.nl/beleggen
BPL Pension	Jenoptik AG	2023-12-31	52	x1_000	EUR	0,00%	https://www.bplpensioen.nl/beleggen
BPL Pension	Overzicht beleggingen per 31-12-2023 Pagina 18Jeol Ltd	2023-12-31	52	x1_000	EUR	0,00%	https://www.bplpensioen.nl/beleggen
BPL Pension	Jeronimo Martins SGPS SA	2023-12-31	2.841	x1_000	EUR	0,02%	https://www.bplpensioen.nl/beleggen
BPL Pension	JET2 PLC	2023-12-31	860	x1_000	EUR	0,01%	https://www.bplpensioen.nl/beleggen
BPL Pension	JFE Holdings Inc	2023-12-31	465	x1_000	EUR	0,00%	https://www.bplpensioen.nl/beleggen
BPL Pension	JFrog Ltd	2023-12-31	63	x1_000	EUR	0,00%	https://www.bplpensioen.nl/beleggen
BPL Pension	JGC Corp	2023-12-31	107	x1_000	EUR	0,00%	https://www.bplpensioen.nl/beleggen
BPL Pension	Jin Co Ltd	2023-12-31	12	x1_000	EUR	0,00%	https://www.bplpensioen.nl/beleggen
BPL Pension	JM AB	2023-12-31	21	x1_000	EUR	0,00%	https://www.bplpensioen.nl/beleggen
BPL Pension	JM Smucker Co	2023-12-31	4.294	x1_000	EUR	0,03%	https://www.bplpensioen.nl/beleggen
BPL Pension	JMDC Inc	2023-12-31	25	x1_000	EUR	0,00%	https://www.bplpensioen.nl/beleggen
BPL Pension	Joby Aviation Inc	2023-12-31	42	x1_000	EUR	0,00%	https://www.bplpensioen.nl/beleggen
BPL Pension	John B Sanfilippo & Son Inc	2023-12-31	19	x1_000	EUR	0,00%	https://www.bplpensioen.nl/beleggen
BPL Pension	John Bean Technologies Corp	2023-12-31	109	x1_000	EUR	0,00%	https://www.bplpensioen.nl/beleggen
BPL Pension	John Wiley & Sons Inc	2023-12-31	45	x1_000	EUR	0,00%	https://www.bplpensioen.nl/beleggen
BPL Pension	John Wood Group PLC	2023-12-31	55	x1_000	EUR	0,00%	https://www.bplpensioen.nl/beleggen
BPL Pension	Johns Lyng Group Ltd	2023-12-31	23	x1_000	EUR	0,00%	https://www.bplpensioen.nl/beleggen
BPL Pension	Johnson & Johnson	2023-12-31	133.974	x1_000	EUR	0,82%	https://www.bplpensioen.nl/beleggen
BPL Pension	Johnson Controls International	2023-12-31	3.789	x1_000	EUR	0,02%	https://www.bplpensioen.nl/beleggen
BPL Pension	Johnson Electric Holdings Ltd	2023-12-31	17	x1_000	EUR	0,00%	https://www.bplpensioen.nl/beleggen
BPL Pension	Johnson Matthey PLC	2023-12-31	1.944	x1_000	EUR	0,01%	https://www.bplpensioen.nl/beleggen
BPL Pension	Johnson Outdoors Inc	2023-12-31	10	x1_000	EUR	0,00%	https://www.bplpensioen.nl/beleggen
BPL Pension	Johnson Service Group PLC	2023-12-31	15	x1_000	EUR	0,00%	https://www.bplpensioen.nl/beleggen
BPL Pension	Jones Lang LaSalle Inc	2023-12-31	320	x1_000	EUR	0,00%	https://www.bplpensioen.nl/beleggen
BPL Pension	Joshin Denki Co Ltd	2023-12-31	14	x1_000	EUR	0,00%	https://www.bplpensioen.nl/beleggen
BPL Pension	JOST Werke AG	2023-12-31	15	x1_000	EUR	0,00%	https://www.bplpensioen.nl/beleggen
BPL Pension	Joyful Honda Co Ltd	2023-12-31	13	x1_000	EUR	0,00%	https://www.bplpensioen.nl/beleggen
BPL Pension	JP Morgan Chase & Co	2023-12-31	34.822	x1_000	EUR	0,21%	https://www.bplpensioen.nl/beleggen
BPL Pension	JS Global Lifestyle Co Ltd	2023-12-31	6	x1_000	EUR	0,00%	https://www.bplpensioen.nl/beleggen
BPL Pension	JS Group Corp	2023-12-31	1.172	x1_000	EUR	0,01%	https://www.bplpensioen.nl/beleggen
BPL Pension	JTC PLC	2023-12-31	54	x1_000	EUR	0,00%	https://www.bplpensioen.nl/beleggen
BPL Pension	JTOWER Inc	2023-12-31	13	x1_000	EUR	0,00%	https://www.bplpensioen.nl/beleggen
BPL Pension	Judges Scientific PLC	2023-12-31	16	x1_000	EUR	0,00%	https://www.bplpensioen.nl/beleggen
BPL Pension	Judo Capital Holdings Ltd	2023-12-31	8	x1_000	EUR	0,00%	https://www.bplpensioen.nl/beleggen
BPL Pension	Julius Baer Group Ltd	2023-12-31	1.537	x1_000	EUR	0,01%	https://www.bplpensioen.nl/beleggen
BPL Pension	Jumbo Interactive Ltd	2023-12-31	665	x1_000	EUR	0,00%	https://www.bplpensioen.nl/beleggen
BPL Pension	Jungheinrich - PRFD	2023-12-31	2.263	x1_000	EUR	0,01%	https://www.bplpensioen.nl/beleggen
BPL Pension	Jupiter Fund Management PLC	2023-12-31	6	x1_000	EUR	0,00%	https://www.bplpensioen.nl/beleggen
BPL Pension	Juroku Financial Group Inc	2023-12-31	1.636	x1_000	EUR	0,01%	https://www.bplpensioen.nl/beleggen
BPL Pension	Just Group PLC	2023-12-31	1.720	x1_000	EUR	0,01%	https://www.bplpensioen.nl/beleggen
BPL Pension	Justsystems Corp	2023-12-31	19	x1_000	EUR	0,00%	https://www.bplpensioen.nl/beleggen
BPL Pension	JVC Kenwood Holdings Inc	2023-12-31	33	x1_000	EUR	0,00%	https://www.bplpensioen.nl/beleggen
BPL Pension	JX Holdings Inc	2023-12-31	16	x1_000	EUR	0,00%	https://www.bplpensioen.nl/beleggen
BPL Pension	Jyske Bank A/S	2023-12-31	83	x1_000	EUR	0,00%	https://www.bplpensioen.nl/beleggen
BPL Pension	K+S AG	2023-12-31	42	x1_000	EUR	0,00%	https://www.bplpensioen.nl/beleggen
BPL Pension	K12 Inc	2023-12-31	2.623	x1_000	EUR	0,02%	https://www.bplpensioen.nl/beleggen
BPL Pension	K92 Mining Inc	2023-12-31	30	x1_000	EUR	0,00%	https://www.bplpensioen.nl/beleggen
BPL Pension	Kadant Inc	2023-12-31	77	x1_000	EUR	0,00%	https://www.bplpensioen.nl/beleggen
BPL Pension	Kadokawa Dwango Corp	2023-12-31	66	x1_000	EUR	0,00%	https://www.bplpensioen.nl/beleggen
BPL Pension	Kaga Electronics Co Ltd	2023-12-31	31	x1_000	EUR	0,00%	https://www.bplpensioen.nl/beleggen
BPL Pension	Kagome Co Ltd	2023-12-31	24	x1_000	EUR	0,00%	https://www.bplpensioen.nl/beleggen
BPL Pension	Kainos Group PLC	2023-12-31	18	x1_000	EUR	0,00%	https://www.bplpensioen.nl/beleggen
BPL Pension	Kajima Corp	2023-12-31	1.922	x1_000	EUR	0,01%	https://www.bplpensioen.nl/beleggen
BPL Pension	Kakaku.com Inc	2023-12-31	35	x1_000	EUR	0,00%	https://www.bplpensioen.nl/beleggen
BPL Pension	Kaken Pharmaceutical Co Ltd	2023-12-31	13	x1_000	EUR	0,00%	https://www.bplpensioen.nl/beleggen
BPL Pension	Kaman Corp	2023-12-31	1.169	x1_000	EUR	0,01%	https://www.bplpensioen.nl/beleggen
BPL Pension	Kambi Group PLC	2023-12-31	14	x1_000	EUR	0,00%	https://www.bplpensioen.nl/beleggen
BPL Pension	Kameda Seika Co Ltd	2023-12-31	11	x1_000	EUR	0,00%	https://www.bplpensioen.nl/beleggen
BPL Pension	Kamigumi Co Ltd	2023-12-31	104	x1_000	EUR	0,00%	https://www.bplpensioen.nl/beleggen
BPL Pension	Kandenko Co Ltd	2023-12-31	1.133	x1_000	EUR	0,01%	https://www.bplpensioen.nl/beleggen
BPL Pension	Kanematsu Corp	2023-12-31	50	x1_000	EUR	0,00%	https://www.bplpensioen.nl/beleggen
BPL Pension	Kansai Paint Co Ltd	2023-12-31	3.378	x1_000	EUR	0,02%	https://www.bplpensioen.nl/beleggen
BPL Pension	Kao Corp	2023-12-31	2.838	x1_000	EUR	0,02%	https://www.bplpensioen.nl/beleggen
BPL Pension	Kappa Create Holdings Co Ltd	2023-12-31	14	x1_000	EUR	0,00%	https://www.bplpensioen.nl/beleggen
BPL Pension	Kardex AG	2023-12-31	17	x1_000	EUR	0,00%	https://www.bplpensioen.nl/beleggen
BPL Pension	Karoon Energy Ltd	2023-12-31	61	x1_000	EUR	0,00%	https://www.bplpensioen.nl/beleggen
BPL Pension	Karora Resources Inc	2023-12-31	17	x1_000	EUR	0,00%	https://www.bplpensioen.nl/beleggen
BPL Pension	Karuna Therapeutics Inc	2023-12-31	272	x1_000	EUR	0,00%	https://www.bplpensioen.nl/beleggen
BPL Pension	Kasumigaseki Capital Co Ltd	2023-12-31	17	x1_000	EUR	0,00%	https://www.bplpensioen.nl/beleggen
BPL Pension	Katakura Industries Co Ltd	2023-12-31	9	x1_000	EUR	0,00%	https://www.bplpensioen.nl/beleggen
BPL Pension	Katitas Co Ltd	2023-12-31	17	x1_000	EUR	0,00%	https://www.bplpensioen.nl/beleggen
BPL Pension	Kaufman & Broad SA	2023-12-31	13	x1_000	EUR	0,00%	https://www.bplpensioen.nl/beleggen
BPL Pension	Kawasaki Heavy Industries Ltd	2023-12-31	903	x1_000	EUR	0,01%	https://www.bplpensioen.nl/beleggen
BPL Pension	KB Home	2023-12-31	4.584	x1_000	EUR	0,03%	https://www.bplpensioen.nl/beleggen
BPL Pension	KBC Ancora	2023-12-31	77	x1_000	EUR	0,00%	https://www.bplpensioen.nl/beleggen
BPL Pension	KBC Groep NV	2023-12-31	931	x1_000	EUR	0,01%	https://www.bplpensioen.nl/beleggen
BPL Pension	KDDI Corp	2023-12-31	2.977	x1_000	EUR	0,02%	https://www.bplpensioen.nl/beleggen
BPL Pension	Kearny Financial Corp/MD	2023-12-31	9	x1_000	EUR	0,00%	https://www.bplpensioen.nl/beleggen
BPL Pension	KeePer Technical Laboratory Co	2023-12-31	54	x1_000	EUR	0,00%	https://www.bplpensioen.nl/beleggen
BPL Pension	Keihan Electric Railway Co Ltd	2023-12-31	80	x1_000	EUR	0,00%	https://www.bplpensioen.nl/beleggen
BPL Pension	Keihanshin Building Co Ltd	2023-12-31	12	x1_000	EUR	0,00%	https://www.bplpensioen.nl/beleggen
BPL Pension	Keikyu Corp	2023-12-31	82	x1_000	EUR	0,00%	https://www.bplpensioen.nl/beleggen
BPL Pension	Keio Corp	2023-12-31	74	x1_000	EUR	0,00%	https://www.bplpensioen.nl/beleggen
BPL Pension	Keiyo Bank Ltd/The	2023-12-31	28	x1_000	EUR	0,00%	https://www.bplpensioen.nl/beleggen
BPL Pension	Kellanova	2023-12-31	3.123	x1_000	EUR	0,02%	https://www.bplpensioen.nl/beleggen
BPL Pension	Keller Group PLC	2023-12-31	1.093	x1_000	EUR	0,01%	https://www.bplpensioen.nl/beleggen
BPL Pension	Kelly Services Inc	2023-12-31	906	x1_000	EUR	0,01%	https://www.bplpensioen.nl/beleggen
BPL Pension	Kelsian Group Ltd	2023-12-31	11	x1_000	EUR	0,00%	https://www.bplpensioen.nl/beleggen
BPL Pension	Kelt Exploration Ltd	2023-12-31	26	x1_000	EUR	0,00%	https://www.bplpensioen.nl/beleggen
BPL Pension	Kemira OYJ	2023-12-31	16	x1_000	EUR	0,00%	https://www.bplpensioen.nl/beleggen
BPL Pension	Kemper Corp	2023-12-31	99	x1_000	EUR	0,00%	https://www.bplpensioen.nl/beleggen
BPL Pension	Kempower Oyj	2023-12-31	20	x1_000	EUR	0,00%	https://www.bplpensioen.nl/beleggen
BPL Pension	Kenamoto Co Ltd	2023-12-31	58	x1_000	EUR	0,00%	https://www.bplpensioen.nl/beleggen
BPL Pension	Kennametal Inc	2023-12-31	71	x1_000	EUR	0,00%	https://www.bplpensioen.nl/beleggen
BPL Pension	Kennedy-Wilson Holdings Inc	2023-12-31	73	x1_000	EUR	0,00%	https://www.bplpensioen.nl/beleggen
BPL Pension	Kent Reliance Provident Societ	2023-12-31	103	x1_000	EUR	0,00%	https://www.bplpensioen.nl/beleggen
BPL Pension	Keppel DC REIT	2023-12-31	12	x1_000	EUR	0,00%	https://www.bplpensioen.nl/beleggen
BPL Pension	Keppel Ltd	2023-12-31	2.497	x1_000	EUR	0,02%	https://www.bplpensioen.nl/beleggen
BPL Pension	KERING	2023-12-31	683	x1_000	EUR	0,00%	https://www.bplpensioen.nl/beleggen
BPL Pension	Keros Therapeutics Inc	2023-12-31	14	x1_000	EUR	0,00%	https://www.bplpensioen.nl/beleggen
BPL Pension	Kerry Group Ltd	2023-12-31	11	x1_000	EUR	0,00%	https://www.bplpensioen.nl/beleggen
BPL Pension	Kerry Group PLC	2023-12-31	3.901	x1_000	EUR	0,02%	https://www.bplpensioen.nl/beleggen
BPL Pension	Kerry Properties Ltd	2023-12-31	375	x1_000	EUR	0,00%	https://www.bplpensioen.nl/beleggen
BPL Pension	KESKO OYJ-B SHS	2023-12-31	2.710	x1_000	EUR	0,02%	https://www.bplpensioen.nl/beleggen
BPL Pension	Keurig Dr Pepper Inc	2023-12-31	8.299	x1_000	EUR	0,05%	https://www.bplpensioen.nl/beleggen
BPL Pension	Keyence Corp	2023-12-31	279	x1_000	EUR	0,00%	https://www.bplpensioen.nl/beleggen
BPL Pension	Keyera Corp	2023-12-31	820	x1_000	EUR	0,01%	https://www.bplpensioen.nl/beleggen
BPL Pension	Keywords Studios PLC	2023-12-31	44	x1_000	EUR	0,00%	https://www.bplpensioen.nl/beleggen
BPL Pension	Kforce Inc	2023-12-31	55	x1_000	EUR	0,00%	https://www.bplpensioen.nl/beleggen
BPL Pension	Kikkoman Corp	2023-12-31	499	x1_000	EUR	0,00%	https://www.bplpensioen.nl/beleggen
BPL Pension	Killam Apartment Real Estate I	2023-12-31	11	x1_000	EUR	0,00%	https://www.bplpensioen.nl/beleggen
BPL Pension	Kilroy Realty Corporation	2023-12-31	2.247	x1_000	EUR	0,01%	https://www.bplpensioen.nl/beleggen
BPL Pension	Kimball Electronics Inc	2023-12-31	17	x1_000	EUR	0,00%	https://www.bplpensioen.nl/beleggen
BPL Pension	Kimbell Royalty Partners LP	2023-12-31	90	x1_000	EUR	0,00%	https://www.bplpensioen.nl/beleggen
BPL Pension	Kimberly-Clark Corp	2023-12-31	12.879	x1_000	EUR	0,08%	https://www.bplpensioen.nl/beleggen
BPL Pension	Kinaxis Inc	2023-12-31	82	x1_000	EUR	0,00%	https://www.bplpensioen.nl/beleggen
BPL Pension	Kinden Corp	2023-12-31	1.435	x1_000	EUR	0,01%	https://www.bplpensioen.nl/beleggen
BPL Pension	Kindred Group PLC	2023-12-31	74	x1_000	EUR	0,00%	https://www.bplpensioen.nl/beleggen
BPL Pension	Kinepolis Group NV	2023-12-31	24	x1_000	EUR	0,00%	https://www.bplpensioen.nl/beleggen
BPL Pension	Kinetik Holdings Inc	2023-12-31	59	x1_000	EUR	0,00%	https://www.bplpensioen.nl/beleggen
BPL Pension	Kingdom of Norway	2023-12-31	4.704	x1_000	EUR	0,03%	https://www.bplpensioen.nl/beleggen
BPL Pension	Kingdom of the Netherlands	2023-12-31	3.715	x1_000	EUR	0,02%	https://www.bplpensioen.nl/beleggen
BPL Pension	Kingfisher PLC	2023-12-31	2.833	x1_000	EUR	0,02%	https://www.bplpensioen.nl/beleggen
BPL Pension	Overzicht beleggingen per 31-12-2023 Pagina 19Kingspan Group PLC	2023-12-31	373	x1_000	EUR	0,00%	https://www.bplpensioen.nl/beleggen
BPL Pension	Kiniksa Pharmaceuticals Ltd	2023-12-31	21	x1_000	EUR	0,00%	https://www.bplpensioen.nl/beleggen
BPL Pension	Kinnevik AB	2023-12-31	71	x1_000	EUR	0,00%	https://www.bplpensioen.nl/beleggen
BPL Pension	Kinross Gold Corp	2023-12-31	1.742	x1_000	EUR	0,01%	https://www.bplpensioen.nl/beleggen
BPL Pension	Kinsale Capital Group Inc	2023-12-31	960	x1_000	EUR	0,01%	https://www.bplpensioen.nl/beleggen
BPL Pension	Kintetsu Corp	2023-12-31	428	x1_000	EUR	0,00%	https://www.bplpensioen.nl/beleggen
BPL Pension	Kintetsu Department Store Co L	2023-12-31	12	x1_000	EUR	0,00%	https://www.bplpensioen.nl/beleggen
BPL Pension	KION Group AG	2023-12-31	2.320	x1_000	EUR	0,01%	https://www.bplpensioen.nl/beleggen
BPL Pension	Kirby Corp	2023-12-31	14	x1_000	EUR	0,00%	https://www.bplpensioen.nl/beleggen
BPL Pension	Kirin Holdings Co Ltd	2023-12-31	3.176	x1_000	EUR	0,02%	https://www.bplpensioen.nl/beleggen
BPL Pension	Kisoji Co Ltd	2023-12-31	13	x1_000	EUR	0,00%	https://www.bplpensioen.nl/beleggen
BPL Pension	Kissei Pharmaceutical Co Ltd	2023-12-31	24	x1_000	EUR	0,00%	https://www.bplpensioen.nl/beleggen
BPL Pension	KI-STAR REAL ESTATE CO LTD	2023-12-31	8	x1_000	EUR	0,00%	https://www.bplpensioen.nl/beleggen
BPL Pension	Kite Realty Group Trust	2023-12-31	158	x1_000	EUR	0,00%	https://www.bplpensioen.nl/beleggen
BPL Pension	Kitron ASA	2023-12-31	51	x1_000	EUR	0,00%	https://www.bplpensioen.nl/beleggen
BPL Pension	Kitz Corp	2023-12-31	20	x1_000	EUR	0,00%	https://www.bplpensioen.nl/beleggen
BPL Pension	Kiwi Income Property Trust	2023-12-31	1.858	x1_000	EUR	0,01%	https://www.bplpensioen.nl/beleggen
BPL Pension	Kiyo Bank Ltd/The	2023-12-31	23	x1_000	EUR	0,00%	https://www.bplpensioen.nl/beleggen
BPL Pension	KKR My Best Friend Ltd	2023-12-31	57	x1_000	EUR	0,00%	https://www.bplpensioen.nl/beleggen
BPL Pension	KKR Real Estate Finance Trust	2023-12-31	31	x1_000	EUR	0,00%	https://www.bplpensioen.nl/beleggen
BPL Pension	KLA-Tencor Corp	2023-12-31	7.395	x1_000	EUR	0,05%	https://www.bplpensioen.nl/beleggen
BPL Pension	Kleppiere	2023-12-31	1.411	x1_000	EUR	0,01%	https://www.bplpensioen.nl/beleggen
BPL Pension	Kloeckner & Co SE	2023-12-31	33	x1_000	EUR	0,00%	https://www.bplpensioen.nl/beleggen
BPL Pension	Knife River Corp	2023-12-31	150	x1_000	EUR	0,00%	https://www.bplpensioen.nl/beleggen
BPL Pension	Knight Therapeutics Inc	2023-12-31	21	x1_000	EUR	0,00%	https://www.bplpensioen.nl/beleggen
BPL Pension	Knorr-Bremse AG	2023-12-31	1.960	x1_000	EUR	0,01%	https://www.bplpensioen.nl/beleggen
BPL Pension	Knowles Corp	2023-12-31	58	x1_000	EUR	0,00%	https://www.bplpensioen.nl/beleggen
BPL Pension	Koa Corp	2023-12-31	11	x1_000	EUR	0,00%	https://www.bplpensioen.nl/beleggen
BPL Pension	Kobayashi Pharmaceutical Co Lt	2023-12-31	1.461	x1_000	EUR	0,01%	https://www.bplpensioen.nl/beleggen
BPL Pension	Kohnan Shoji Co Ltd	2023-12-31	15	x1_000	EUR	0,00%	https://www.bplpensioen.nl/beleggen
BPL Pension	Kojamo Oyj	2023-12-31	64	x1_000	EUR	0,00%	https://www.bplpensioen.nl/beleggen
BPL Pension	Kokuyo Co Ltd	2023-12-31	31	x1_000	EUR	0,00%	https://www.bplpensioen.nl/beleggen
BPL Pension	Komatsu Ltd	2023-12-31	687	x1_000	EUR	0,00%	https://www.bplpensioen.nl/beleggen
BPL Pension	Komax Holding AG	2023-12-31	13	x1_000	EUR	0,00%	https://www.bplpensioen.nl/beleggen
BPL Pension	KOMEDA Holdings Co Ltd	2023-12-31	14	x1_000	EUR	0,00%	https://www.bplpensioen.nl/beleggen
BPL Pension	Komeri Co Ltd	2023-12-31	12	x1_000	EUR	0,00%	https://www.bplpensioen.nl/beleggen
BPL Pension	Konami Corp	2023-12-31	204	x1_000	EUR	0,00%	https://www.bplpensioen.nl/beleggen
BPL Pension	Kone OYJ	2023-12-31	9.363	x1_000	EUR	0,06%	https://www.bplpensioen.nl/beleggen
BPL Pension	Konecranes OYJ	2023-12-31	1.342	x1_000	EUR	0,01%	https://www.bplpensioen.nl/beleggen
BPL Pension	Konica Minolta Holdings Inc	2023-12-31	51	x1_000	EUR	0,00%	https://www.bplpensioen.nl/beleggen
BPL Pension	Koninklijke Ahold Delhaize NV	2023-12-31	22.889	x1_000	EUR	0,14%	https://www.bplpensioen.nl/beleggen
BPL Pension	Koninklijke BAM Groep NV	2023-12-31	1.221	x1_000	EUR	0,01%	https://www.bplpensioen.nl/beleggen
BPL Pension	KONINKLIJKE KPN NV	2023-12-31	4.519	x1_000	EUR	0,03%	https://www.bplpensioen.nl/beleggen
BPL Pension	Koninklijke Philips NV	2023-12-31	4.294	x1_000	EUR	0,03%	https://www.bplpensioen.nl/beleggen
BPL Pension	Koninklijke Vopak NV	2023-12-31	148	x1_000	EUR	0,00%	https://www.bplpensioen.nl/beleggen
BPL Pension	Konishi Co Ltd	2023-12-31	82	x1_000	EUR	0,00%	https://www.bplpensioen.nl/beleggen
