Shareholder - Name	Issuer - Name	Security - Report Date	Security - Market Value - Amount	Security - Market Value - Multiplier	Security - Market Value - Currency Code	Data Source URL
Pensioenfonds Vervoer	NVIDIA Corp	2025-12-31	435.481	x1	EUR	https://www.pfvervoer.nl/over-ons/beleggen/spreiden-van-beleggingen
Pensioenfonds Vervoer	Microsoft Corp	2025-12-31	362.626	x1	EUR	https://www.pfvervoer.nl/over-ons/beleggen/spreiden-van-beleggingen
Pensioenfonds Vervoer	Apple Inc	2025-12-31	346.174	x1	EUR	https://www.pfvervoer.nl/over-ons/beleggen/spreiden-van-beleggingen
Pensioenfonds Vervoer	Alphabet Inc	2025-12-31	338.691	x1	EUR	https://www.pfvervoer.nl/over-ons/beleggen/spreiden-van-beleggingen
Pensioenfonds Vervoer	Taiwan Semiconductor Manufacturing	2025-12-31	264.192	x1	EUR	https://www.pfvervoer.nl/over-ons/beleggen/spreiden-van-beleggingen
Pensioenfonds Vervoer	Albertsons Cos Inc	2025-12-31	4.399	x1	EUR	https://www.pfvervoer.nl/over-ons/beleggen/spreiden-van-beleggingen
Pensioenfonds Vervoer	Alchip Technologies Ltd	2025-12-31	4.090	x1	EUR	https://www.pfvervoer.nl/over-ons/beleggen/spreiden-van-beleggingen
Pensioenfonds Vervoer	ALCON INC	2025-12-31	21.289	x1	EUR	https://www.pfvervoer.nl/over-ons/beleggen/spreiden-van-beleggingen
Pensioenfonds Vervoer	Alexandria Real Estate	2025-12-31	68	x1	EUR	https://www.pfvervoer.nl/over-ons/beleggen/spreiden-van-beleggingen
Pensioenfonds Vervoer	Alibaba Group Holding Ltd	2025-12-31	60.126	x1	EUR	https://www.pfvervoer.nl/over-ons/beleggen/spreiden-van-beleggingen
Pensioenfonds Vervoer	Align Technology Inc	2025-12-31	3.031	x1	EUR	https://www.pfvervoer.nl/over-ons/beleggen/spreiden-van-beleggingen
Pensioenfonds Vervoer	All Nippon Airways Co Ltd	2025-12-31	231	x1	EUR	https://www.pfvervoer.nl/over-ons/beleggen/spreiden-van-beleggingen
Pensioenfonds Vervoer	ALLIANZ SE	2025-12-31	1.462	x1	EUR	https://www.pfvervoer.nl/over-ons/beleggen/spreiden-van-beleggingen
Pensioenfonds Vervoer	Allison Transmission Holdings	2025-12-31	6.819	x1	EUR	https://www.pfvervoer.nl/over-ons/beleggen/spreiden-van-beleggingen
Pensioenfonds Vervoer	ALLSTATE CORP	2025-12-31	16.396	x1	EUR	https://www.pfvervoer.nl/over-ons/beleggen/spreiden-van-beleggingen
Pensioenfonds Vervoer	Alnylam Pharmaceuticals Inc	2025-12-31	11.666	x1	EUR	https://www.pfvervoer.nl/over-ons/beleggen/spreiden-van-beleggingen
Pensioenfonds Vervoer	Alphabet Inc	2025-12-31	338.691	x1	EUR	https://www.pfvervoer.nl/over-ons/beleggen/spreiden-van-beleggingen
Pensioenfonds Vervoer	Alstom SA	2025-12-31	2.135	x1	EUR	https://www.pfvervoer.nl/over-ons/beleggen/spreiden-van-beleggingen
Pensioenfonds Vervoer	Amada Co Ltd	2025-12-31	1.364	x1	EUR	https://www.pfvervoer.nl/over-ons/beleggen/spreiden-van-beleggingen
Pensioenfonds Vervoer	Amadeus Capital Markets	2025-12-31	11.229	x1	EUR	https://www.pfvervoer.nl/over-ons/beleggen/spreiden-van-beleggingen
Pensioenfonds Vervoer	Amazoncom Inc	2025-12-31	231.950	x1	EUR	https://www.pfvervoer.nl/over-ons/beleggen/spreiden-van-beleggingen
Pensioenfonds Vervoer	AMDOCS LTD	2025-12-31	5.847	x1	EUR	https://www.pfvervoer.nl/over-ons/beleggen/spreiden-van-beleggingen
Pensioenfonds Vervoer	Amentum Holdings Inc	2025-12-31	34	x1	EUR	https://www.pfvervoer.nl/over-ons/beleggen/spreiden-van-beleggingen
Pensioenfonds Vervoer	Amer Sports Inc	2025-12-31	198	x1	EUR	https://www.pfvervoer.nl/over-ons/beleggen/spreiden-van-beleggingen
Pensioenfonds Vervoer	America Movil SAB de CV	2025-12-31	14.261	x1	EUR	https://www.pfvervoer.nl/over-ons/beleggen/spreiden-van-beleggingen
Pensioenfonds Vervoer	American Apparel Inc	2025-12-31	29.051	x1	EUR	https://www.pfvervoer.nl/over-ons/beleggen/spreiden-van-beleggingen
Pensioenfonds Vervoer	American Express Bk Fsb	2025-12-31	20.190	x1	EUR	https://www.pfvervoer.nl/over-ons/beleggen/spreiden-van-beleggingen
Pensioenfonds Vervoer	American International Group I	2025-12-31	21.290	x1	EUR	https://www.pfvervoer.nl/over-ons/beleggen/spreiden-van-beleggingen
Pensioenfonds Vervoer	AMERICAN TOWER CORP	2025-12-31	2.566	x1	EUR	https://www.pfvervoer.nl/over-ons/beleggen/spreiden-van-beleggingen
Pensioenfonds Vervoer	American Water Cap Corp	2025-12-31	1.639	x1	EUR	https://www.pfvervoer.nl/over-ons/beleggen/spreiden-van-beleggingen
Pensioenfonds Vervoer	AMERIPRISE FINANCIAL INC	2025-12-31	4.985	x1	EUR	https://www.pfvervoer.nl/over-ons/beleggen/spreiden-van-beleggingen
Pensioenfonds Vervoer	AMETEK INC	2025-12-31	1.049	x1	EUR	https://www.pfvervoer.nl/over-ons/beleggen/spreiden-van-beleggingen
Pensioenfonds Vervoer	Amgen Inc	2025-12-31	9.176	x1	EUR	https://www.pfvervoer.nl/over-ons/beleggen/spreiden-van-beleggingen
Pensioenfonds Vervoer	Amkor Technology Inc	2025-12-31	401	x1	EUR	https://www.pfvervoer.nl/over-ons/beleggen/spreiden-van-beleggingen
Pensioenfonds Vervoer	Amlogic Shanghai Co Ltd	2025-12-31	34	x1	EUR	https://www.pfvervoer.nl/over-ons/beleggen/spreiden-van-beleggingen
Pensioenfonds Vervoer	AMMB HOLDINGS BHD	2025-12-31	473	x1	EUR	https://www.pfvervoer.nl/over-ons/beleggen/spreiden-van-beleggingen
Pensioenfonds Vervoer	Amphenol Corp	2025-12-31	33.560	x1	EUR	https://www.pfvervoer.nl/over-ons/beleggen/spreiden-van-beleggingen
Pensioenfonds Vervoer	Analog Devices	2025-12-31	8.740	x1	EUR	https://www.pfvervoer.nl/over-ons/beleggen/spreiden-van-beleggingen
Pensioenfonds Vervoer	Andritz AG	2025-12-31	1.119	x1	EUR	https://www.pfvervoer.nl/over-ons/beleggen/spreiden-van-beleggingen
Pensioenfonds Vervoer	Anglogold Ashanti Plc	2025-12-31	10.893	x1	EUR	https://www.pfvervoer.nl/over-ons/beleggen/spreiden-van-beleggingen
Pensioenfonds Vervoer	ANHEUSER BUSCH INBEV NV	2025-12-31	18.300	x1	EUR	https://www.pfvervoer.nl/over-ons/beleggen/spreiden-van-beleggingen
Pensioenfonds Vervoer	Annaly Capital Management Inc	2025-12-31	4.778	x1	EUR	https://www.pfvervoer.nl/over-ons/beleggen/spreiden-van-beleggingen
Pensioenfonds Vervoer	AON PLC	2025-12-31	2.682	x1	EUR	https://www.pfvervoer.nl/over-ons/beleggen/spreiden-van-beleggingen
Pensioenfonds Vervoer	APA Group	2025-12-31	1.604	x1	EUR	https://www.pfvervoer.nl/over-ons/beleggen/spreiden-van-beleggingen
Pensioenfonds Vervoer	Apellis Pharmaceuticals Inc	2025-12-31	258	x1	EUR	https://www.pfvervoer.nl/over-ons/beleggen/spreiden-van-beleggingen
Pensioenfonds Vervoer	Apollo Global Management LLC	2025-12-31	4.047	x1	EUR	https://www.pfvervoer.nl/over-ons/beleggen/spreiden-van-beleggingen
Pensioenfonds Vervoer	Apollo Hospitals Enterprise Ltd	2025-12-31	3.184	x1	EUR	https://www.pfvervoer.nl/over-ons/beleggen/spreiden-van-beleggingen
Pensioenfonds Vervoer	Apollo Investment Management LLC	2025-12-31	1.712	x1	EUR	https://www.pfvervoer.nl/over-ons/beleggen/spreiden-van-beleggingen
Pensioenfonds Vervoer	Apple Inc	2025-12-31	346.174	x1	EUR	https://www.pfvervoer.nl/over-ons/beleggen/spreiden-van-beleggingen
Pensioenfonds Vervoer	Applied Industrial Technologie	2025-12-31	117	x1	EUR	https://www.pfvervoer.nl/over-ons/beleggen/spreiden-van-beleggingen
Pensioenfonds Vervoer	Applied Materials Inc	2025-12-31	13.840	x1	EUR	https://www.pfvervoer.nl/over-ons/beleggen/spreiden-van-beleggingen
Pensioenfonds Vervoer	Aptargroup Inc	2025-12-31	293	x1	EUR	https://www.pfvervoer.nl/over-ons/beleggen/spreiden-van-beleggingen
Pensioenfonds Vervoer	Arch Capital Group Ltd	2025-12-31	8.664	x1	EUR	https://www.pfvervoer.nl/over-ons/beleggen/spreiden-van-beleggingen
Pensioenfonds Vervoer	Archer-Daniels-Midland Co	2025-12-31	5.112	x1	EUR	https://www.pfvervoer.nl/over-ons/beleggen/spreiden-van-beleggingen
Pensioenfonds Vervoer	ARDAGH GLASS FINANCE	2025-12-31	1.388	x1	EUR	https://www.pfvervoer.nl/over-ons/beleggen/spreiden-van-beleggingen
Pensioenfonds Vervoer	Ares Management LP	2025-12-31	9.037	x1	EUR	https://www.pfvervoer.nl/over-ons/beleggen/spreiden-van-beleggingen
Pensioenfonds Vervoer	ARGENX SE	2025-12-31	19.630	x1	EUR	https://www.pfvervoer.nl/over-ons/beleggen/spreiden-van-beleggingen
Pensioenfonds Vervoer	Arista Networks Inc	2025-12-31	43.888	x1	EUR	https://www.pfvervoer.nl/over-ons/beleggen/spreiden-van-beleggingen
Pensioenfonds Vervoer	Aristocrat Leisure Ltd	2025-12-31	1.837	x1	EUR	https://www.pfvervoer.nl/over-ons/beleggen/spreiden-van-beleggingen
Pensioenfonds Vervoer	Armstrong World Industries	2025-12-31	85	x1	EUR	https://www.pfvervoer.nl/over-ons/beleggen/spreiden-van-beleggingen
Pensioenfonds Vervoer	Arthur J Gallagher & Co	2025-12-31	2.413	x1	EUR	https://www.pfvervoer.nl/over-ons/beleggen/spreiden-van-beleggingen
Pensioenfonds Vervoer	Asahi Breweries Ltd	2025-12-31	1.538	x1	EUR	https://www.pfvervoer.nl/over-ons/beleggen/spreiden-van-beleggingen
Pensioenfonds Vervoer	Asahi Glass Co	2025-12-31	673	x1	EUR	https://www.pfvervoer.nl/over-ons/beleggen/spreiden-van-beleggingen
Pensioenfonds Vervoer	Asahi Kasei Corp	2025-12-31	1.280	x1	EUR	https://www.pfvervoer.nl/over-ons/beleggen/spreiden-van-beleggingen
Pensioenfonds Vervoer	ASE Industrial Holding Co Ltd	2025-12-31	33.412	x1	EUR	https://www.pfvervoer.nl/over-ons/beleggen/spreiden-van-beleggingen
Pensioenfonds Vervoer	Ashok Leyland Ltd	2025-12-31	3.570	x1	EUR	https://www.pfvervoer.nl/over-ons/beleggen/spreiden-van-beleggingen
Pensioenfonds Vervoer	ASHTEAD GROUP PLC	2025-12-31	7.502	x1	EUR	https://www.pfvervoer.nl/over-ons/beleggen/spreiden-van-beleggingen
Pensioenfonds Vervoer	Asia Commercial Bank JSC	2025-12-31	1.488	x1	EUR	https://www.pfvervoer.nl/over-ons/beleggen/spreiden-van-beleggingen
Pensioenfonds Vervoer	ASICS CORP	2025-12-31	4.979	x1	EUR	https://www.pfvervoer.nl/over-ons/beleggen/spreiden-van-beleggingen
Pensioenfonds Vervoer	ASM PACIFIC TECHNOLOGY LIMITED	2025-12-31	5.252	x1	EUR	https://www.pfvervoer.nl/over-ons/beleggen/spreiden-van-beleggingen
Pensioenfonds Vervoer	ASR NEDERLAND NV	2025-12-31	14.932	x1	EUR	https://www.pfvervoer.nl/over-ons/beleggen/spreiden-van-beleggingen
Pensioenfonds Vervoer	ASSA ABLOY AB	2025-12-31	15.973	x1	EUR	https://www.pfvervoer.nl/over-ons/beleggen/spreiden-van-beleggingen
Pensioenfonds Vervoer	Assoc Banc-Corp	2025-12-31	2.424	x1	EUR	https://www.pfvervoer.nl/over-ons/beleggen/spreiden-van-beleggingen
Pensioenfonds Vervoer	ASTERA LABS INC	2025-12-31	865	x1	EUR	https://www.pfvervoer.nl/over-ons/beleggen/spreiden-van-beleggingen
Pensioenfonds Vervoer	ASTM SPA	2025-12-31	1.277	x1	EUR	https://www.pfvervoer.nl/over-ons/beleggen/spreiden-van-beleggingen
Pensioenfonds Vervoer	Astral Ltd	2025-12-31	3.365	x1	EUR	https://www.pfvervoer.nl/over-ons/beleggen/spreiden-van-beleggingen
Pensioenfonds Vervoer	AstraZeneca	2025-12-31	97.905	x1	EUR	https://www.pfvervoer.nl/over-ons/beleggen/spreiden-van-beleggingen
Pensioenfonds Vervoer	ASX Ltd	2025-12-31	1.357	x1	EUR	https://www.pfvervoer.nl/over-ons/beleggen/spreiden-van-beleggingen
Pensioenfonds Vervoer	At&t inc	2025-12-31	27.169	x1	EUR	https://www.pfvervoer.nl/over-ons/beleggen/spreiden-van-beleggingen
Pensioenfonds Vervoer	Atlas Copco AB	2025-12-31	43.247	x1	EUR	https://www.pfvervoer.nl/over-ons/beleggen/spreiden-van-beleggingen
Pensioenfonds Vervoer	Atlassian Corp PLC	2025-12-31	6.174	x1	EUR	https://www.pfvervoer.nl/over-ons/beleggen/spreiden-van-beleggingen
Pensioenfonds Vervoer	Australian & New Zealand Banking Group Ltd	2025-12-31	5.363	x1	EUR	https://www.pfvervoer.nl/over-ons/beleggen/spreiden-van-beleggingen
Pensioenfonds Vervoer	Autodesk Inc	2025-12-31	31.022	x1	EUR	https://www.pfvervoer.nl/over-ons/beleggen/spreiden-van-beleggingen
Pensioenfonds Vervoer	AUTOLIV INC	2025-12-31	3.123	x1	EUR	https://www.pfvervoer.nl/over-ons/beleggen/spreiden-van-beleggingen
Pensioenfonds Vervoer	AUTONATION INC	2025-12-31	3.903	x1	EUR	https://www.pfvervoer.nl/over-ons/beleggen/spreiden-van-beleggingen
Pensioenfonds Vervoer	Autozone Inc	2025-12-31	7.110	x1	EUR	https://www.pfvervoer.nl/over-ons/beleggen/spreiden-van-beleggingen
Pensioenfonds Vervoer	Avalonbay Communities	2025-12-31	15.448	x1	EUR	https://www.pfvervoer.nl/over-ons/beleggen/spreiden-van-beleggingen
Pensioenfonds Vervoer	Avary Holding Shenzhen Co Ltd	2025-12-31	296	x1	EUR	https://www.pfvervoer.nl/over-ons/beleggen/spreiden-van-beleggingen
Pensioenfonds Vervoer	Axis Bank Ltd	2025-12-31	12.323	x1	EUR	https://www.pfvervoer.nl/over-ons/beleggen/spreiden-van-beleggingen
Pensioenfonds Vervoer	Axis Capital Holdings	2025-12-31	1.152	x1	EUR	https://www.pfvervoer.nl/over-ons/beleggen/spreiden-van-beleggingen
Pensioenfonds Vervoer	Axon Enterprise Inc	2025-12-31	3.506	x1	EUR	https://www.pfvervoer.nl/over-ons/beleggen/spreiden-van-beleggingen
Pensioenfonds Vervoer	Azrieli Group	2025-12-31	1.210	x1	EUR	https://www.pfvervoer.nl/over-ons/beleggen/spreiden-van-beleggingen
Pensioenfonds Vervoer	Baker Hughes Co	2025-12-31	511	x1	EUR	https://www.pfvervoer.nl/over-ons/beleggen/spreiden-van-beleggingen
Pensioenfonds Vervoer	BANCA MEDIOLANUM SPA	2025-12-31	3.242	x1	EUR	https://www.pfvervoer.nl/over-ons/beleggen/spreiden-van-beleggingen
Pensioenfonds Vervoer	Banca Popolare dell'Emilia Rom	2025-12-31	9.584	x1	EUR	https://www.pfvervoer.nl/over-ons/beleggen/spreiden-van-beleggingen
Pensioenfonds Vervoer	BANCO BPM SPA	2025-12-31	4.462	x1	EUR	https://www.pfvervoer.nl/over-ons/beleggen/spreiden-van-beleggingen
Pensioenfonds Vervoer	Banco Bradesco SA	2025-12-31	9.511	x1	EUR	https://www.pfvervoer.nl/over-ons/beleggen/spreiden-van-beleggingen
Pensioenfonds Vervoer	Banco BTG Pactual SA	2025-12-31	321	x1	EUR	https://www.pfvervoer.nl/over-ons/beleggen/spreiden-van-beleggingen
Pensioenfonds Vervoer	Banco do Brasil SA	2025-12-31	21.411	x1	EUR	https://www.pfvervoer.nl/over-ons/beleggen/spreiden-van-beleggingen
Pensioenfonds Vervoer	Banco Santander SA	2025-12-31	36.482	x1	EUR	https://www.pfvervoer.nl/over-ons/beleggen/spreiden-van-beleggingen
Pensioenfonds Vervoer	Bangkok Bank PCL	2025-12-31	2.268	x1	EUR	https://www.pfvervoer.nl/over-ons/beleggen/spreiden-van-beleggingen
Pensioenfonds Vervoer	Bank Central Asia Tbk PT	2025-12-31	4.901	x1	EUR	https://www.pfvervoer.nl/over-ons/beleggen/spreiden-van-beleggingen
Pensioenfonds Vervoer	Bank Mandiri Persero Tbk PT	2025-12-31	13.752	x1	EUR	https://www.pfvervoer.nl/over-ons/beleggen/spreiden-van-beleggingen
Pensioenfonds Vervoer	BANK OF AMERICA CORP	2025-12-31	45.751	x1	EUR	https://www.pfvervoer.nl/over-ons/beleggen/spreiden-van-beleggingen
Pensioenfonds Vervoer	Bank of Baroda	2025-12-31	2.652	x1	EUR	https://www.pfvervoer.nl/over-ons/beleggen/spreiden-van-beleggingen
Pensioenfonds Vervoer	Bank of Beijing Co Ltd	2025-12-31	374	x1	EUR	https://www.pfvervoer.nl/over-ons/beleggen/spreiden-van-beleggingen
Pensioenfonds Vervoer	Bank of Changsha Co Ltd	2025-12-31	108	x1	EUR	https://www.pfvervoer.nl/over-ons/beleggen/spreiden-van-beleggingen
Pensioenfonds Vervoer	Bank of Chengdu Co Ltd	2025-12-31	115	x1	EUR	https://www.pfvervoer.nl/over-ons/beleggen/spreiden-van-beleggingen
Pensioenfonds Vervoer	BANK OF HANGZHOU CO LTD	2025-12-31	214	x1	EUR	https://www.pfvervoer.nl/over-ons/beleggen/spreiden-van-beleggingen
Pensioenfonds Vervoer	Bank of Ireland Group PLC	2025-12-31	12.564	x1	EUR	https://www.pfvervoer.nl/over-ons/beleggen/spreiden-van-beleggingen
Pensioenfonds Vervoer	Bank of Jiangsu Co Ltd	2025-12-31	348	x1	EUR	https://www.pfvervoer.nl/over-ons/beleggen/spreiden-van-beleggingen
Pensioenfonds Vervoer	Bank of Nanjing Co Ltd	2025-12-31	92	x1	EUR	https://www.pfvervoer.nl/over-ons/beleggen/spreiden-van-beleggingen
Pensioenfonds Vervoer	Bank Of New York Mellon	2025-12-31	23.001	x1	EUR	https://www.pfvervoer.nl/over-ons/beleggen/spreiden-van-beleggingen
Pensioenfonds Vervoer	Bank of Shanghai Co Ltd	2025-12-31	614	x1	EUR	https://www.pfvervoer.nl/over-ons/beleggen/spreiden-van-beleggingen
Pensioenfonds Vervoer	Bank of the Philippine Islands	2025-12-31	2.293	x1	EUR	https://www.pfvervoer.nl/over-ons/beleggen/spreiden-van-beleggingen
Pensioenfonds Vervoer	Bank Rakyat Indonesia Persero	2025-12-31	4.360	x1	EUR	https://www.pfvervoer.nl/over-ons/beleggen/spreiden-van-beleggingen
Pensioenfonds Vervoer	Banque Cantonale Vaudoise	2025-12-31	889	x1	EUR	https://www.pfvervoer.nl/over-ons/beleggen/spreiden-van-beleggingen
Pensioenfonds Vervoer	BARCLAYS BANK PLC	2025-12-31	17.300	x1	EUR	https://www.pfvervoer.nl/over-ons/beleggen/spreiden-van-beleggingen
Pensioenfonds Vervoer	BAWAG GROUP AG	2025-12-31	3.625	x1	EUR	https://www.pfvervoer.nl/over-ons/beleggen/spreiden-van-beleggingen
Pensioenfonds Vervoer	BB SEGURIDADE PARTICIPACOES SA	2025-12-31	13.542	x1	EUR	https://www.pfvervoer.nl/over-ons/beleggen/spreiden-van-beleggingen
Pensioenfonds Vervoer	BCE Inc	2025-12-31	869	x1	EUR	https://www.pfvervoer.nl/over-ons/beleggen/spreiden-van-beleggingen
Pensioenfonds Vervoer	BDO Unibank Inc	2025-12-31	2.420	x1	EUR	https://www.pfvervoer.nl/over-ons/beleggen/spreiden-van-beleggingen
Pensioenfonds Vervoer	BEAZLEY PLC	2025-12-31	13.651	x1	EUR	https://www.pfvervoer.nl/over-ons/beleggen/spreiden-van-beleggingen
Pensioenfonds Vervoer	Becton Dickinson	2025-12-31	5.834	x1	EUR	https://www.pfvervoer.nl/over-ons/beleggen/spreiden-van-beleggingen
Pensioenfonds Vervoer	Beiersdorf AG	2025-12-31	8.547	x1	EUR	https://www.pfvervoer.nl/over-ons/beleggen/spreiden-van-beleggingen
Pensioenfonds Vervoer	BeiGene Ltd	2025-12-31	2.577	x1	EUR	https://www.pfvervoer.nl/over-ons/beleggen/spreiden-van-beleggingen
Pensioenfonds Vervoer	Beijing Compass Technology Dev	2025-12-31	61	x1	EUR	https://www.pfvervoer.nl/over-ons/beleggen/spreiden-van-beleggingen
Pensioenfonds Vervoer	BEIJING ENLIGHT MEDIA CO LTD	2025-12-31	156	x1	EUR	https://www.pfvervoer.nl/over-ons/beleggen/spreiden-van-beleggingen
Pensioenfonds Vervoer	Beijing Kingsoft Office Softwa	2025-12-31	111	x1	EUR	https://www.pfvervoer.nl/over-ons/beleggen/spreiden-van-beleggingen
Pensioenfonds Vervoer	Beijing Roborock Technology Co	2025-12-31	36	x1	EUR	https://www.pfvervoer.nl/over-ons/beleggen/spreiden-van-beleggingen
Pensioenfonds Vervoer	Bentley Systems Inc	2025-12-31	246	x1	EUR	https://www.pfvervoer.nl/over-ons/beleggen/spreiden-van-beleggingen
Pensioenfonds Vervoer	Best Buy Co	2025-12-31	2.610	x1	EUR	https://www.pfvervoer.nl/over-ons/beleggen/spreiden-van-beleggingen
Pensioenfonds Vervoer	Bestechnic Shanghai Co Ltd	2025-12-31	62	x1	EUR	https://www.pfvervoer.nl/over-ons/beleggen/spreiden-van-beleggingen
Pensioenfonds Vervoer	Bharti Airtel Ltd	2025-12-31	23.913	x1	EUR	https://www.pfvervoer.nl/over-ons/beleggen/spreiden-van-beleggingen
Pensioenfonds Vervoer	BIDVEST GROUP LTD	2025-12-31	8.825	x1	EUR	https://www.pfvervoer.nl/over-ons/beleggen/spreiden-van-beleggingen
Pensioenfonds Vervoer	Big Yellow Group PLC	2025-12-31	2.445	x1	EUR	https://www.pfvervoer.nl/over-ons/beleggen/spreiden-van-beleggingen
Pensioenfonds Vervoer	Bilibili Inc	2025-12-31	410	x1	EUR	https://www.pfvervoer.nl/over-ons/beleggen/spreiden-van-beleggingen
Pensioenfonds Vervoer	BIM Birlesik Magazalar AS	2025-12-31	5.993	x1	EUR	https://www.pfvervoer.nl/over-ons/beleggen/spreiden-van-beleggingen
Pensioenfonds Vervoer	BioMarin Pharmaceutical Inc	2025-12-31	595	x1	EUR	https://www.pfvervoer.nl/over-ons/beleggen/spreiden-van-beleggingen
Pensioenfonds Vervoer	Bio-Rad Labs	2025-12-31	1.111	x1	EUR	https://www.pfvervoer.nl/over-ons/beleggen/spreiden-van-beleggingen
Pensioenfonds Vervoer	BKW AG	2025-12-31	2.069	x1	EUR	https://www.pfvervoer.nl/over-ons/beleggen/spreiden-van-beleggingen
Pensioenfonds Vervoer	BLACKROCK INC	2025-12-31	4.855	x1	EUR	https://www.pfvervoer.nl/over-ons/beleggen/spreiden-van-beleggingen
Pensioenfonds Vervoer	Blackstone Inc	2025-12-31	2.820	x1	EUR	https://www.pfvervoer.nl/over-ons/beleggen/spreiden-van-beleggingen
Pensioenfonds Vervoer	Bloomin' Brands Inc	2025-12-31	342	x1	EUR	https://www.pfvervoer.nl/over-ons/beleggen/spreiden-van-beleggingen
Pensioenfonds Vervoer	BLUE OWL CAPITAL CORP	2025-12-31	1.787	x1	EUR	https://www.pfvervoer.nl/over-ons/beleggen/spreiden-van-beleggingen
Pensioenfonds Vervoer	BNP Paribas	2025-12-31	22.365	x1	EUR	https://www.pfvervoer.nl/over-ons/beleggen/spreiden-van-beleggingen
Pensioenfonds Vervoer	BNP Paribas SA	2025-12-31	195	x1	EUR	https://www.pfvervoer.nl/over-ons/beleggen/spreiden-van-beleggingen
Pensioenfonds Vervoer	BOE Technology Group Co Ltd	2025-12-31	273	x1	EUR	https://www.pfvervoer.nl/over-ons/beleggen/spreiden-van-beleggingen
Pensioenfonds Vervoer	BOOKING HOLDINGS INC	2025-12-31	34.815	x1	EUR	https://www.pfvervoer.nl/over-ons/beleggen/spreiden-van-beleggingen
Pensioenfonds Vervoer	Borgwarner Inc	2025-12-31	7.476	x1	EUR	https://www.pfvervoer.nl/over-ons/beleggen/spreiden-van-beleggingen
Pensioenfonds Vervoer	Boston Beer Co Inc/The	2025-12-31	756	x1	EUR	https://www.pfvervoer.nl/over-ons/beleggen/spreiden-van-beleggingen
Pensioenfonds Vervoer	Boston Properties LP	2025-12-31	4.703	x1	EUR	https://www.pfvervoer.nl/over-ons/beleggen/spreiden-van-beleggingen
Pensioenfonds Vervoer	BOSTON SCIENTIFIC CORP	2025-12-31	38.510	x1	EUR	https://www.pfvervoer.nl/over-ons/beleggen/spreiden-van-beleggingen
Pensioenfonds Vervoer	Brambles Finance PLC	2025-12-31	5.400	x1	EUR	https://www.pfvervoer.nl/over-ons/beleggen/spreiden-van-beleggingen
Pensioenfonds Vervoer	Bread Financial Holdings Inc	2025-12-31	3.669	x1	EUR	https://www.pfvervoer.nl/over-ons/beleggen/spreiden-van-beleggingen
Pensioenfonds Vervoer	Bridgestone Corp	2025-12-31	4.317	x1	EUR	https://www.pfvervoer.nl/over-ons/beleggen/spreiden-van-beleggingen
Pensioenfonds Vervoer	Brink's Co/The	2025-12-31	4.214	x1	EUR	https://www.pfvervoer.nl/over-ons/beleggen/spreiden-van-beleggingen
Pensioenfonds Vervoer	Bristol Myers Squibb Company	2025-12-31	27.583	x1	EUR	https://www.pfvervoer.nl/over-ons/beleggen/spreiden-van-beleggingen
Pensioenfonds Vervoer	British Telecommunications PLC	2025-12-31	3.144	x1	EUR	https://www.pfvervoer.nl/over-ons/beleggen/spreiden-van-beleggingen
Pensioenfonds Vervoer	Broadcom Inc	2025-12-31	135.905	x1	EUR	https://www.pfvervoer.nl/over-ons/beleggen/spreiden-van-beleggingen
Pensioenfonds Vervoer	Broadridge Financial Solutions	2025-12-31	1.687	x1	EUR	https://www.pfvervoer.nl/over-ons/beleggen/spreiden-van-beleggingen
Pensioenfonds Vervoer	BROTHER INDUSTRIES LTD	2025-12-31	1.672	x1	EUR	https://www.pfvervoer.nl/over-ons/beleggen/spreiden-van-beleggingen
Pensioenfonds Vervoer	Brown-Forman Corporation	2025-12-31	389	x1	EUR	https://www.pfvervoer.nl/over-ons/beleggen/spreiden-van-beleggingen
Pensioenfonds Vervoer	BUMRUNGRAD HOSPITAL PCL-NVDR	2025-12-31	15.753	x1	EUR	https://www.pfvervoer.nl/over-ons/beleggen/spreiden-van-beleggingen
Pensioenfonds Vervoer	Bunge Global SA	2025-12-31	1.763	x1	EUR	https://www.pfvervoer.nl/over-ons/beleggen/spreiden-van-beleggingen
Pensioenfonds Vervoer	BURBERRY GROUP PLC	2025-12-31	3.220	x1	EUR	https://www.pfvervoer.nl/over-ons/beleggen/spreiden-van-beleggingen
Pensioenfonds Vervoer	Cadence Design Inc	2025-12-31	36.522	x1	EUR	https://www.pfvervoer.nl/over-ons/beleggen/spreiden-van-beleggingen
Pensioenfonds Vervoer	Caja Ahorros Barcelona	2025-12-31	4.519	x1	EUR	https://www.pfvervoer.nl/over-ons/beleggen/spreiden-van-beleggingen
Pensioenfonds Vervoer	Cambricon Technologies Corp Lt	2025-12-31	673	x1	EUR	https://www.pfvervoer.nl/over-ons/beleggen/spreiden-van-beleggingen
Pensioenfonds Vervoer	CANARA BANK	2025-12-31	7.320	x1	EUR	https://www.pfvervoer.nl/over-ons/beleggen/spreiden-van-beleggingen
Pensioenfonds Vervoer	Canon Electronics Inc	2025-12-31	6.054	x1	EUR	https://www.pfvervoer.nl/over-ons/beleggen/spreiden-van-beleggingen
Pensioenfonds Vervoer	Capcom Co Ltd	2025-12-31	1.350	x1	EUR	https://www.pfvervoer.nl/over-ons/beleggen/spreiden-van-beleggingen
Pensioenfonds Vervoer	Capgemini SE	2025-12-31	6.765	x1	EUR	https://www.pfvervoer.nl/over-ons/beleggen/spreiden-van-beleggingen
Pensioenfonds Vervoer	CAPITAL ONE BANK USA NA	2025-12-31	1.891	x1	EUR	https://www.pfvervoer.nl/over-ons/beleggen/spreiden-van-beleggingen
Pensioenfonds Vervoer	CapitaLand Integrated Commerci	2025-12-31	5.091	x1	EUR	https://www.pfvervoer.nl/over-ons/beleggen/spreiden-van-beleggingen
Pensioenfonds Vervoer	Capitaland Investment Ltd/Sing	2025-12-31	1.888	x1	EUR	https://www.pfvervoer.nl/over-ons/beleggen/spreiden-van-beleggingen
Pensioenfonds Vervoer	CapLand Ascendas REIT	2025-12-31	3.958	x1	EUR	https://www.pfvervoer.nl/over-ons/beleggen/spreiden-van-beleggingen
Pensioenfonds Vervoer	Capstone Mining Corp	2025-12-31	4.549	x1	EUR	https://www.pfvervoer.nl/over-ons/beleggen/spreiden-van-beleggingen
Pensioenfonds Vervoer	CAR GROUP LTD	2025-12-31	683	x1	EUR	https://www.pfvervoer.nl/over-ons/beleggen/spreiden-van-beleggingen
Pensioenfonds Vervoer	Cardinal Health Inc	2025-12-31	6.356	x1	EUR	https://www.pfvervoer.nl/over-ons/beleggen/spreiden-van-beleggingen
Pensioenfonds Vervoer	Carlisle Companies Inc	2025-12-31	1.280	x1	EUR	https://www.pfvervoer.nl/over-ons/beleggen/spreiden-van-beleggingen
Pensioenfonds Vervoer	Carlsberg Breweries A/S	2025-12-31	13.136	x1	EUR	https://www.pfvervoer.nl/over-ons/beleggen/spreiden-van-beleggingen
Pensioenfonds Vervoer	Carlyle Group LP/The	2025-12-31	855	x1	EUR	https://www.pfvervoer.nl/over-ons/beleggen/spreiden-van-beleggingen
Pensioenfonds Vervoer	CARVANA CO	2025-12-31	1.281	x1	EUR	https://www.pfvervoer.nl/over-ons/beleggen/spreiden-van-beleggingen
Pensioenfonds Vervoer	Catalyst Paper Corp	2025-12-31	1.127	x1	EUR	https://www.pfvervoer.nl/over-ons/beleggen/spreiden-van-beleggingen
Pensioenfonds Vervoer	Catcher Technology Co Ltd	2025-12-31	220	x1	EUR	https://www.pfvervoer.nl/over-ons/beleggen/spreiden-van-beleggingen
Pensioenfonds Vervoer	CATERPILLAR INC	2025-12-31	6.694	x1	EUR	https://www.pfvervoer.nl/over-ons/beleggen/spreiden-van-beleggingen
Pensioenfonds Vervoer	Cathay Financial Holding Co Lt	2025-12-31	3.354	x1	EUR	https://www.pfvervoer.nl/over-ons/beleggen/spreiden-van-beleggingen
Pensioenfonds Vervoer	CATL	2025-12-31	10.319	x1	EUR	https://www.pfvervoer.nl/over-ons/beleggen/spreiden-van-beleggingen
Pensioenfonds Vervoer	CBOE GLOBAL MKTS INC	2025-12-31	892	x1	EUR	https://www.pfvervoer.nl/over-ons/beleggen/spreiden-van-beleggingen
Pensioenfonds Vervoer	CBRE Group Inc	2025-12-31	5.129	x1	EUR	https://www.pfvervoer.nl/over-ons/beleggen/spreiden-van-beleggingen
Pensioenfonds Vervoer	CCR	2025-12-31	7.107	x1	EUR	https://www.pfvervoer.nl/over-ons/beleggen/spreiden-van-beleggingen
Pensioenfonds Vervoer	Centene Corp	2025-12-31	1.982	x1	EUR	https://www.pfvervoer.nl/over-ons/beleggen/spreiden-van-beleggingen
Pensioenfonds Vervoer	Central Japan Railway Co	2025-12-31	11.562	x1	EUR	https://www.pfvervoer.nl/over-ons/beleggen/spreiden-van-beleggingen
Pensioenfonds Vervoer	CF Industries Holdings Inc	2025-12-31	8.965	x1	EUR	https://www.pfvervoer.nl/over-ons/beleggen/spreiden-van-beleggingen
Pensioenfonds Vervoer	CGI Group Inc	2025-12-31	922	x1	EUR	https://www.pfvervoer.nl/over-ons/beleggen/spreiden-van-beleggingen
Pensioenfonds Vervoer	Changjiang Securities Co Ltd	2025-12-31	130	x1	EUR	https://www.pfvervoer.nl/over-ons/beleggen/spreiden-van-beleggingen
Pensioenfonds Vervoer	Charles River Laboratories Int	2025-12-31	3.380	x1	EUR	https://www.pfvervoer.nl/over-ons/beleggen/spreiden-van-beleggingen
Pensioenfonds Vervoer	Charles Schwab Corp	2025-12-31	37.370	x1	EUR	https://www.pfvervoer.nl/over-ons/beleggen/spreiden-van-beleggingen
Pensioenfonds Vervoer	Charoen Pokphand Foods PCL	2025-12-31	4.005	x1	EUR	https://www.pfvervoer.nl/over-ons/beleggen/spreiden-van-beleggingen
Pensioenfonds Vervoer	Check Point Software Technolog	2025-12-31	3.172	x1	EUR	https://www.pfvervoer.nl/over-ons/beleggen/spreiden-van-beleggingen
Pensioenfonds Vervoer	Chemed Corp	2025-12-31	194	x1	EUR	https://www.pfvervoer.nl/over-ons/beleggen/spreiden-van-beleggingen
Pensioenfonds Vervoer	Cheniere Energy Inc	2025-12-31	8.060	x1	EUR	https://www.pfvervoer.nl/over-ons/beleggen/spreiden-van-beleggingen
Pensioenfonds Vervoer	Chennai Petroleum Corp Ltd	2025-12-31	2.729	x1	EUR	https://www.pfvervoer.nl/over-ons/beleggen/spreiden-van-beleggingen
Pensioenfonds Vervoer	Chiba Bank Ltd	2025-12-31	605	x1	EUR	https://www.pfvervoer.nl/over-ons/beleggen/spreiden-van-beleggingen
Pensioenfonds Vervoer	CHIFENG GOLD	2025-12-31	55	x1	EUR	https://www.pfvervoer.nl/over-ons/beleggen/spreiden-van-beleggingen
Pensioenfonds Vervoer	China Airlines Ltd	2025-12-31	741	x1	EUR	https://www.pfvervoer.nl/over-ons/beleggen/spreiden-van-beleggingen
Pensioenfonds Vervoer	China Lodging Group Ltd	2025-12-31	1.860	x1	EUR	https://www.pfvervoer.nl/over-ons/beleggen/spreiden-van-beleggingen
Pensioenfonds Vervoer	China Medical System Holdings	2025-12-31	8.443	x1	EUR	https://www.pfvervoer.nl/over-ons/beleggen/spreiden-van-beleggingen
Pensioenfonds Vervoer	China Merchants Bank Co Ltd	2025-12-31	27.148	x1	EUR	https://www.pfvervoer.nl/over-ons/beleggen/spreiden-van-beleggingen
Pensioenfonds Vervoer	China Minsheng Banking Corp Lt	2025-12-31	415	x1	EUR	https://www.pfvervoer.nl/over-ons/beleggen/spreiden-van-beleggingen
Pensioenfonds Vervoer	China Minsheng Banking Corp Ltd	2025-12-31	3.469	x1	EUR	https://www.pfvervoer.nl/over-ons/beleggen/spreiden-van-beleggingen
Pensioenfonds Vervoer	China Molybdenum Co Ltd	2025-12-31	960	x1	EUR	https://www.pfvervoer.nl/over-ons/beleggen/spreiden-van-beleggingen
Pensioenfonds Vervoer	China Resources Mixc Lifestyle	2025-12-31	2.836	x1	EUR	https://www.pfvervoer.nl/over-ons/beleggen/spreiden-van-beleggingen
Pensioenfonds Vervoer	China Zheshang Bank Co Ltd	2025-12-31	112	x1	EUR	https://www.pfvervoer.nl/over-ons/beleggen/spreiden-van-beleggingen
Pensioenfonds Vervoer	CHINT ELECTRICS	2025-12-31	233	x1	EUR	https://www.pfvervoer.nl/over-ons/beleggen/spreiden-van-beleggingen
Pensioenfonds Vervoer	CHIPOTLE MEXICAN GRILL INC	2025-12-31	1.133	x1	EUR	https://www.pfvervoer.nl/over-ons/beleggen/spreiden-van-beleggingen
Pensioenfonds Vervoer	Cholamandalam Investment and F	2025-12-31	3.248	x1	EUR	https://www.pfvervoer.nl/over-ons/beleggen/spreiden-van-beleggingen
Pensioenfonds Vervoer	Chongqing Rural Commercial Ban	2025-12-31	21	x1	EUR	https://www.pfvervoer.nl/over-ons/beleggen/spreiden-van-beleggingen
Pensioenfonds Vervoer	Chow Tai Fook Jewellery Group	2025-12-31	1.648	x1	EUR	https://www.pfvervoer.nl/over-ons/beleggen/spreiden-van-beleggingen
Pensioenfonds Vervoer	Chroma ATE Inc	2025-12-31	3.234	x1	EUR	https://www.pfvervoer.nl/over-ons/beleggen/spreiden-van-beleggingen
Pensioenfonds Vervoer	Chubb Corporation	2025-12-31	28.995	x1	EUR	https://www.pfvervoer.nl/over-ons/beleggen/spreiden-van-beleggingen
Pensioenfonds Vervoer	Church & Dwight Co Inc	2025-12-31	379	x1	EUR	https://www.pfvervoer.nl/over-ons/beleggen/spreiden-van-beleggingen
Pensioenfonds Vervoer	Ciba Special Chem Fin Lux	2025-12-31	2.852	x1	EUR	https://www.pfvervoer.nl/over-ons/beleggen/spreiden-van-beleggingen
Pensioenfonds Vervoer	CICC	2025-12-31	3.869	x1	EUR	https://www.pfvervoer.nl/over-ons/beleggen/spreiden-van-beleggingen
Pensioenfonds Vervoer	Cie Financiere Richemont SA	2025-12-31	15.472	x1	EUR	https://www.pfvervoer.nl/over-ons/beleggen/spreiden-van-beleggingen
Pensioenfonds Vervoer	Ciena Corp	2025-12-31	1.095	x1	EUR	https://www.pfvervoer.nl/over-ons/beleggen/spreiden-van-beleggingen
Pensioenfonds Vervoer	Cigna Corp	2025-12-31	13.989	x1	EUR	https://www.pfvervoer.nl/over-ons/beleggen/spreiden-van-beleggingen
Pensioenfonds Vervoer	Cincinnati Finl Corp	2025-12-31	1.615	x1	EUR	https://www.pfvervoer.nl/over-ons/beleggen/spreiden-van-beleggingen
Pensioenfonds Vervoer	Cirrus Logic Inc	2025-12-31	3.704	x1	EUR	https://www.pfvervoer.nl/over-ons/beleggen/spreiden-van-beleggingen
Pensioenfonds Vervoer	Cisco Systems Inc	2025-12-31	45.836	x1	EUR	https://www.pfvervoer.nl/over-ons/beleggen/spreiden-van-beleggingen
Pensioenfonds Vervoer	Citigroup Inc	2025-12-31	38.264	x1	EUR	https://www.pfvervoer.nl/over-ons/beleggen/spreiden-van-beleggingen
Pensioenfonds Vervoer	Citizens Financial Group Inc	2025-12-31	6.953	x1	EUR	https://www.pfvervoer.nl/over-ons/beleggen/spreiden-van-beleggingen
Pensioenfonds Vervoer	City Developments Ltd	2025-12-31	2.762	x1	EUR	https://www.pfvervoer.nl/over-ons/beleggen/spreiden-van-beleggingen
Pensioenfonds Vervoer	CJ CheilJedang Corp	2025-12-31	619	x1	EUR	https://www.pfvervoer.nl/over-ons/beleggen/spreiden-van-beleggingen
Pensioenfonds Vervoer	CK ASSET HOLDINGS LTD	2025-12-31	2.622	x1	EUR	https://www.pfvervoer.nl/over-ons/beleggen/spreiden-van-beleggingen
Pensioenfonds Vervoer	CK Hutchison Holdings Ltd	2025-12-31	1.611	x1	EUR	https://www.pfvervoer.nl/over-ons/beleggen/spreiden-van-beleggingen
Pensioenfonds Vervoer	Classys Inc	2025-12-31	2.024	x1	EUR	https://www.pfvervoer.nl/over-ons/beleggen/spreiden-van-beleggingen
Pensioenfonds Vervoer	Clayton Dubilier & Rice LLC	2025-12-31	3.068	x1	EUR	https://www.pfvervoer.nl/over-ons/beleggen/spreiden-van-beleggingen
Pensioenfonds Vervoer	Cloudflare Inc	2025-12-31	8.587	x1	EUR	https://www.pfvervoer.nl/over-ons/beleggen/spreiden-van-beleggingen
Pensioenfonds Vervoer	CME GROUP INC	2025-12-31	3.166	x1	EUR	https://www.pfvervoer.nl/over-ons/beleggen/spreiden-van-beleggingen
Pensioenfonds Vervoer	CNH INDUSTRIAL FIN EUR S	2025-12-31	2.563	x1	EUR	https://www.pfvervoer.nl/over-ons/beleggen/spreiden-van-beleggingen
Pensioenfonds Vervoer	COCA-COLA CO	2025-12-31	17.524	x1	EUR	https://www.pfvervoer.nl/over-ons/beleggen/spreiden-van-beleggingen
Pensioenfonds Vervoer	Cochlear Ltd	2025-12-31	4.919	x1	EUR	https://www.pfvervoer.nl/over-ons/beleggen/spreiden-van-beleggingen
Pensioenfonds Vervoer	Coforge Ltd	2025-12-31	4.779	x1	EUR	https://www.pfvervoer.nl/over-ons/beleggen/spreiden-van-beleggingen
Pensioenfonds Vervoer	Cognizant Technology Solutions	2025-12-31	5.359	x1	EUR	https://www.pfvervoer.nl/over-ons/beleggen/spreiden-van-beleggingen
Pensioenfonds Vervoer	COINBASE GLOBAL INC	2025-12-31	984	x1	EUR	https://www.pfvervoer.nl/over-ons/beleggen/spreiden-van-beleggingen
Pensioenfonds Vervoer	Coles Group Ltd	2025-12-31	1.304	x1	EUR	https://www.pfvervoer.nl/over-ons/beleggen/spreiden-van-beleggingen
Pensioenfonds Vervoer	COLGATE-PALMOLIVE CO	2025-12-31	21.820	x1	EUR	https://www.pfvervoer.nl/over-ons/beleggen/spreiden-van-beleggingen
Pensioenfonds Vervoer	Columbia Sportswear Co	2025-12-31	624	x1	EUR	https://www.pfvervoer.nl/over-ons/beleggen/spreiden-van-beleggingen
Pensioenfonds Vervoer	Comcast Cable Comm Hldgs	2025-12-31	17.825	x1	EUR	https://www.pfvervoer.nl/over-ons/beleggen/spreiden-van-beleggingen
Pensioenfonds Vervoer	COMERICA BANK	2025-12-31	4.752	x1	EUR	https://www.pfvervoer.nl/over-ons/beleggen/spreiden-van-beleggingen
Pensioenfonds Vervoer	COMFORT SYSTEMS USA INC	2025-12-31	376	x1	EUR	https://www.pfvervoer.nl/over-ons/beleggen/spreiden-van-beleggingen
Pensioenfonds Vervoer	Commerce Bancshares Inc/Kansas	2025-12-31	340	x1	EUR	https://www.pfvervoer.nl/over-ons/beleggen/spreiden-van-beleggingen
Pensioenfonds Vervoer	Commercial International Bank	2025-12-31	8.355	x1	EUR	https://www.pfvervoer.nl/over-ons/beleggen/spreiden-van-beleggingen
Pensioenfonds Vervoer	COMMONWEALTH BANK AUSTRALIA	2025-12-31	14.138	x1	EUR	https://www.pfvervoer.nl/over-ons/beleggen/spreiden-van-beleggingen
Pensioenfonds Vervoer	Compal Electronics Inc	2025-12-31	2.060	x1	EUR	https://www.pfvervoer.nl/over-ons/beleggen/spreiden-van-beleggingen
Pensioenfonds Vervoer	COMPASS GROUP PLC	2025-12-31	8.830	x1	EUR	https://www.pfvervoer.nl/over-ons/beleggen/spreiden-van-beleggingen
Pensioenfonds Vervoer	Conagra Foods Inc	2025-12-31	2.635	x1	EUR	https://www.pfvervoer.nl/over-ons/beleggen/spreiden-van-beleggingen
Pensioenfonds Vervoer	Concordia Financial Group Ltd	2025-12-31	714	x1	EUR	https://www.pfvervoer.nl/over-ons/beleggen/spreiden-van-beleggingen
Pensioenfonds Vervoer	Confluent Inc	2025-12-31	243	x1	EUR	https://www.pfvervoer.nl/over-ons/beleggen/spreiden-van-beleggingen
Pensioenfonds Vervoer	CONSOLIDATED EDISON INC	2025-12-31	3.785	x1	EUR	https://www.pfvervoer.nl/over-ons/beleggen/spreiden-van-beleggingen
Pensioenfonds Vervoer	CONSTELLATION BRANDS INC	2025-12-31	2.690	x1	EUR	https://www.pfvervoer.nl/over-ons/beleggen/spreiden-van-beleggingen
Pensioenfonds Vervoer	Constellation Energy Corp	2025-12-31	9.759	x1	EUR	https://www.pfvervoer.nl/over-ons/beleggen/spreiden-van-beleggingen
Pensioenfonds Vervoer	Constellation Software Inc/Can	2025-12-31	388	x1	EUR	https://www.pfvervoer.nl/over-ons/beleggen/spreiden-van-beleggingen
Pensioenfonds Vervoer	CONSTELLIS HOLDINGS LLC	2025-12-31	153	x1	EUR	https://www.pfvervoer.nl/over-ons/beleggen/spreiden-van-beleggingen
Pensioenfonds Vervoer	CONVATEC GROUP PLC	2025-12-31	7.143	x1	EUR	https://www.pfvervoer.nl/over-ons/beleggen/spreiden-van-beleggingen
Pensioenfonds Vervoer	Copart Inc	2025-12-31	423	x1	EUR	https://www.pfvervoer.nl/over-ons/beleggen/spreiden-van-beleggingen
Pensioenfonds Vervoer	Corebridge Financial Inc	2025-12-31	4.639	x1	EUR	https://www.pfvervoer.nl/over-ons/beleggen/spreiden-van-beleggingen
Pensioenfonds Vervoer	CORNING INC	2025-12-31	8.654	x1	EUR	https://www.pfvervoer.nl/over-ons/beleggen/spreiden-van-beleggingen
Pensioenfonds Vervoer	Corpay Inc	2025-12-31	1.205	x1	EUR	https://www.pfvervoer.nl/over-ons/beleggen/spreiden-van-beleggingen
Pensioenfonds Vervoer	COSCO SHIP ENGY	2025-12-31	103	x1	EUR	https://www.pfvervoer.nl/over-ons/beleggen/spreiden-van-beleggingen
Pensioenfonds Vervoer	CoStar Group Inc	2025-12-31	2.069	x1	EUR	https://www.pfvervoer.nl/over-ons/beleggen/spreiden-van-beleggingen
Pensioenfonds Vervoer	COSTCO WHOLESALE CORP	2025-12-31	20.590	x1	EUR	https://www.pfvervoer.nl/over-ons/beleggen/spreiden-van-beleggingen
Pensioenfonds Vervoer	Coupang Inc	2025-12-31	1.543	x1	EUR	https://www.pfvervoer.nl/over-ons/beleggen/spreiden-van-beleggingen
Pensioenfonds Vervoer	Covista Inc	2025-12-31	1.797	x1	EUR	https://www.pfvervoer.nl/over-ons/beleggen/spreiden-van-beleggingen
Pensioenfonds Vervoer	Coway Co Ltd	2025-12-31	2.966	x1	EUR	https://www.pfvervoer.nl/over-ons/beleggen/spreiden-van-beleggingen
Pensioenfonds Vervoer	Credicorp Ltd	2025-12-31	9.720	x1	EUR	https://www.pfvervoer.nl/over-ons/beleggen/spreiden-van-beleggingen
Pensioenfonds Vervoer	Credo Technology Group Holding	2025-12-31	273	x1	EUR	https://www.pfvervoer.nl/over-ons/beleggen/spreiden-van-beleggingen
Pensioenfonds Vervoer	Croda International PLC	2025-12-31	4.196	x1	EUR	https://www.pfvervoer.nl/over-ons/beleggen/spreiden-van-beleggingen
Pensioenfonds Vervoer	CROWDSTRIKE HOLDINGS INC	2025-12-31	17.210	x1	EUR	https://www.pfvervoer.nl/over-ons/beleggen/spreiden-van-beleggingen
Pensioenfonds Vervoer	CROWN CASTLE INTL CORP	2025-12-31	4.687	x1	EUR	https://www.pfvervoer.nl/over-ons/beleggen/spreiden-van-beleggingen
Pensioenfonds Vervoer	CROWN EURO HOLDINGS SA	2025-12-31	4.549	x1	EUR	https://www.pfvervoer.nl/over-ons/beleggen/spreiden-van-beleggingen
Pensioenfonds Vervoer	CSI Solar Co Ltd	2025-12-31	60	x1	EUR	https://www.pfvervoer.nl/over-ons/beleggen/spreiden-van-beleggingen
Pensioenfonds Vervoer	CSL Ltd	2025-12-31	4.853	x1	EUR	https://www.pfvervoer.nl/over-ons/beleggen/spreiden-van-beleggingen
Pensioenfonds Vervoer	CSX CORP	2025-12-31	25.589	x1	EUR	https://www.pfvervoer.nl/over-ons/beleggen/spreiden-van-beleggingen
Pensioenfonds Vervoer	Cukurova Finance International	2025-12-31	1.570	x1	EUR	https://www.pfvervoer.nl/over-ons/beleggen/spreiden-van-beleggingen
Pensioenfonds Vervoer	CUMMINS INC	2025-12-31	12.942	x1	EUR	https://www.pfvervoer.nl/over-ons/beleggen/spreiden-van-beleggingen
Pensioenfonds Vervoer	CVC Capital Partners PLC	2025-12-31	206	x1	EUR	https://www.pfvervoer.nl/over-ons/beleggen/spreiden-van-beleggingen
Pensioenfonds Vervoer	CVS Health Corp	2025-12-31	28.418	x1	EUR	https://www.pfvervoer.nl/over-ons/beleggen/spreiden-van-beleggingen
Pensioenfonds Vervoer	DAHUA INC	2025-12-31	129	x1	EUR	https://www.pfvervoer.nl/over-ons/beleggen/spreiden-van-beleggingen
Pensioenfonds Vervoer	Dai - Ichi Mutual Life	2025-12-31	2.448	x1	EUR	https://www.pfvervoer.nl/over-ons/beleggen/spreiden-van-beleggingen
Pensioenfonds Vervoer	DAI NIPPON PRINTING CO LTD	2025-12-31	2.169	x1	EUR	https://www.pfvervoer.nl/over-ons/beleggen/spreiden-van-beleggingen
Pensioenfonds Vervoer	Daifuku Co Ltd	2025-12-31	11.970	x1	EUR	https://www.pfvervoer.nl/over-ons/beleggen/spreiden-van-beleggingen
Pensioenfonds Vervoer	Daimaru Inc	2025-12-31	1.586	x1	EUR	https://www.pfvervoer.nl/over-ons/beleggen/spreiden-van-beleggingen
Pensioenfonds Vervoer	Dainippon Screen Manufacturing	2025-12-31	870	x1	EUR	https://www.pfvervoer.nl/over-ons/beleggen/spreiden-van-beleggingen
Pensioenfonds Vervoer	Daito Trust Construction Co Lt	2025-12-31	546	x1	EUR	https://www.pfvervoer.nl/over-ons/beleggen/spreiden-van-beleggingen
Pensioenfonds Vervoer	Daiwa House Industry Co Ltd	2025-12-31	7.071	x1	EUR	https://www.pfvervoer.nl/over-ons/beleggen/spreiden-van-beleggingen
Pensioenfonds Vervoer	Daiwa Securities Group Inc	2025-12-31	1.878	x1	EUR	https://www.pfvervoer.nl/over-ons/beleggen/spreiden-van-beleggingen
Pensioenfonds Vervoer	Danone Groupe	2025-12-31	28.112	x1	EUR	https://www.pfvervoer.nl/over-ons/beleggen/spreiden-van-beleggingen
Pensioenfonds Vervoer	DASHENLIN PHARMACEUTICAL GROUP	2025-12-31	5.434	x1	EUR	https://www.pfvervoer.nl/over-ons/beleggen/spreiden-van-beleggingen
Pensioenfonds Vervoer	Datadog Inc	2025-12-31	4.004	x1	EUR	https://www.pfvervoer.nl/over-ons/beleggen/spreiden-van-beleggingen
Pensioenfonds Vervoer	Davide Campari-Milano SpA	2025-12-31	7.403	x1	EUR	https://www.pfvervoer.nl/over-ons/beleggen/spreiden-van-beleggingen
Pensioenfonds Vervoer	DAVITA HEALTHCARE PARTNE	2025-12-31	3.103	x1	EUR	https://www.pfvervoer.nl/over-ons/beleggen/spreiden-van-beleggingen
Pensioenfonds Vervoer	DBS Group Holdings Ltd	2025-12-31	14.705	x1	EUR	https://www.pfvervoer.nl/over-ons/beleggen/spreiden-van-beleggingen
Pensioenfonds Vervoer	DEERE & CO	2025-12-31	228	x1	EUR	https://www.pfvervoer.nl/over-ons/beleggen/spreiden-van-beleggingen
Pensioenfonds Vervoer	Dell Technologies Inc	2025-12-31	7.576	x1	EUR	https://www.pfvervoer.nl/over-ons/beleggen/spreiden-van-beleggingen
Pensioenfonds Vervoer	Delta Air Lines	2025-12-31	4.964	x1	EUR	https://www.pfvervoer.nl/over-ons/beleggen/spreiden-van-beleggingen
Pensioenfonds Vervoer	Delta Electronics Inc	2025-12-31	6.028	x1	EUR	https://www.pfvervoer.nl/over-ons/beleggen/spreiden-van-beleggingen
Pensioenfonds Vervoer	Delta Electronics Thailand PCL	2025-12-31	797	x1	EUR	https://www.pfvervoer.nl/over-ons/beleggen/spreiden-van-beleggingen
Pensioenfonds Vervoer	DELUXE CORP	2025-12-31	1.770	x1	EUR	https://www.pfvervoer.nl/over-ons/beleggen/spreiden-van-beleggingen
Pensioenfonds Vervoer	DENSO CORP	2025-12-31	16.689	x1	EUR	https://www.pfvervoer.nl/over-ons/beleggen/spreiden-van-beleggingen
Pensioenfonds Vervoer	Descartes Systems Group Inc/Th	2025-12-31	180	x1	EUR	https://www.pfvervoer.nl/over-ons/beleggen/spreiden-van-beleggingen
Pensioenfonds Vervoer	DEUTSCHE BANK AG	2025-12-31	1.090	x1	EUR	https://www.pfvervoer.nl/over-ons/beleggen/spreiden-van-beleggingen
Pensioenfonds Vervoer	DEUTSCHE BOERSE AG	2025-12-31	25.190	x1	EUR	https://www.pfvervoer.nl/over-ons/beleggen/spreiden-van-beleggingen
Pensioenfonds Vervoer	Deutsche telekom ag	2025-12-31	8.059	x1	EUR	https://www.pfvervoer.nl/over-ons/beleggen/spreiden-van-beleggingen
Pensioenfonds Vervoer	DexCom Inc	2025-12-31	668	x1	EUR	https://www.pfvervoer.nl/over-ons/beleggen/spreiden-van-beleggingen
Pensioenfonds Vervoer	Dexus	2025-12-31	1.774	x1	EUR	https://www.pfvervoer.nl/over-ons/beleggen/spreiden-van-beleggingen
Pensioenfonds Vervoer	DH Europe Finance SA	2025-12-31	18.279	x1	EUR	https://www.pfvervoer.nl/over-ons/beleggen/spreiden-van-beleggingen
Pensioenfonds Vervoer	DHL Group	2025-12-31	6.101	x1	EUR	https://www.pfvervoer.nl/over-ons/beleggen/spreiden-van-beleggingen
Pensioenfonds Vervoer	D'Ieteren SA	2025-12-31	2.185	x1	EUR	https://www.pfvervoer.nl/over-ons/beleggen/spreiden-van-beleggingen
Pensioenfonds Vervoer	DIGITAL REALTY TRUST LP	2025-12-31	24.128	x1	EUR	https://www.pfvervoer.nl/over-ons/beleggen/spreiden-van-beleggingen
Pensioenfonds Vervoer	DineEquity Inc	2025-12-31	758	x1	EUR	https://www.pfvervoer.nl/over-ons/beleggen/spreiden-van-beleggingen
Pensioenfonds Vervoer	Disco Corp	2025-12-31	15.626	x1	EUR	https://www.pfvervoer.nl/over-ons/beleggen/spreiden-van-beleggingen
Pensioenfonds Vervoer	DLF Ltd	2025-12-31	2.171	x1	EUR	https://www.pfvervoer.nl/over-ons/beleggen/spreiden-van-beleggingen
Pensioenfonds Vervoer	DocuSign Inc	2025-12-31	426	x1	EUR	https://www.pfvervoer.nl/over-ons/beleggen/spreiden-van-beleggingen
Pensioenfonds Vervoer	Dolby Laboratories Inc	2025-12-31	42	x1	EUR	https://www.pfvervoer.nl/over-ons/beleggen/spreiden-van-beleggingen
Pensioenfonds Vervoer	DOLLAR GENERAL CORP	2025-12-31	9.815	x1	EUR	https://www.pfvervoer.nl/over-ons/beleggen/spreiden-van-beleggingen
Pensioenfonds Vervoer	DOLLAR TREE INC	2025-12-31	4.490	x1	EUR	https://www.pfvervoer.nl/over-ons/beleggen/spreiden-van-beleggingen
Pensioenfonds Vervoer	Dollarama Inc	2025-12-31	4.241	x1	EUR	https://www.pfvervoer.nl/over-ons/beleggen/spreiden-van-beleggingen
Pensioenfonds Vervoer	Don Quijote Co Ltd	2025-12-31	1.302	x1	EUR	https://www.pfvervoer.nl/over-ons/beleggen/spreiden-van-beleggingen
Pensioenfonds Vervoer	Donaldson Co Inc	2025-12-31	615	x1	EUR	https://www.pfvervoer.nl/over-ons/beleggen/spreiden-van-beleggingen
Pensioenfonds Vervoer	Dongbu Insurance Co Ltd	2025-12-31	5.889	x1	EUR	https://www.pfvervoer.nl/over-ons/beleggen/spreiden-van-beleggingen
Pensioenfonds Vervoer	DoorDash Inc	2025-12-31	31.755	x1	EUR	https://www.pfvervoer.nl/over-ons/beleggen/spreiden-van-beleggingen
Pensioenfonds Vervoer	DOOSAN BOBCAT INC	2025-12-31	4.419	x1	EUR	https://www.pfvervoer.nl/over-ons/beleggen/spreiden-van-beleggingen
Pensioenfonds Vervoer	DoubleVerify Holdings Inc	2025-12-31	520	x1	EUR	https://www.pfvervoer.nl/over-ons/beleggen/spreiden-van-beleggingen
Pensioenfonds Vervoer	Dover Corp	2025-12-31	6.371	x1	EUR	https://www.pfvervoer.nl/over-ons/beleggen/spreiden-van-beleggingen
Pensioenfonds Vervoer	DraftKings Inc	2025-12-31	227	x1	EUR	https://www.pfvervoer.nl/over-ons/beleggen/spreiden-van-beleggingen
Pensioenfonds Vervoer	DROPBOX INC	2025-12-31	4.152	x1	EUR	https://www.pfvervoer.nl/over-ons/beleggen/spreiden-van-beleggingen
Pensioenfonds Vervoer	DSM-FIRMENICH AG	2025-12-31	14.155	x1	EUR	https://www.pfvervoer.nl/over-ons/beleggen/spreiden-van-beleggingen
Pensioenfonds Vervoer	Duolingo Inc	2025-12-31	59	x1	EUR	https://www.pfvervoer.nl/over-ons/beleggen/spreiden-van-beleggingen
Pensioenfonds Vervoer	DXC TECHNOLOGY CO	2025-12-31	1.448	x1	EUR	https://www.pfvervoer.nl/over-ons/beleggen/spreiden-van-beleggingen
Pensioenfonds Vervoer	E Ink Holdings Inc	2025-12-31	579	x1	EUR	https://www.pfvervoer.nl/over-ons/beleggen/spreiden-van-beleggingen
Pensioenfonds Vervoer	EAST JAPAN RAILWAY CO	2025-12-31	27.134	x1	EUR	https://www.pfvervoer.nl/over-ons/beleggen/spreiden-van-beleggingen
Pensioenfonds Vervoer	East West Bancorp Inc	2025-12-31	3.684	x1	EUR	https://www.pfvervoer.nl/over-ons/beleggen/spreiden-van-beleggingen
Pensioenfonds Vervoer	EBARA CORPORATION	2025-12-31	909	x1	EUR	https://www.pfvervoer.nl/over-ons/beleggen/spreiden-van-beleggingen
Pensioenfonds Vervoer	EBAY INC	2025-12-31	17.659	x1	EUR	https://www.pfvervoer.nl/over-ons/beleggen/spreiden-van-beleggingen
Pensioenfonds Vervoer	Ecolab Inc	2025-12-31	2.964	x1	EUR	https://www.pfvervoer.nl/over-ons/beleggen/spreiden-van-beleggingen
Pensioenfonds Vervoer	Ecovacs Robotics Co Ltd	2025-12-31	22	x1	EUR	https://www.pfvervoer.nl/over-ons/beleggen/spreiden-van-beleggingen
Pensioenfonds Vervoer	ECT	2025-12-31	4.517	x1	EUR	https://www.pfvervoer.nl/over-ons/beleggen/spreiden-van-beleggingen
Pensioenfonds Vervoer	EDISON INTERNATIONAL	2025-12-31	11.281	x1	EUR	https://www.pfvervoer.nl/over-ons/beleggen/spreiden-van-beleggingen
Pensioenfonds Vervoer	EDP FINANCE BV	2025-12-31	2.329	x1	EUR	https://www.pfvervoer.nl/over-ons/beleggen/spreiden-van-beleggingen
Pensioenfonds Vervoer	EDWARDS LIFESCIENCES CORP	2025-12-31	687	x1	EUR	https://www.pfvervoer.nl/over-ons/beleggen/spreiden-van-beleggingen
Pensioenfonds Vervoer	Eicher Motors Ltd	2025-12-31	3.189	x1	EUR	https://www.pfvervoer.nl/over-ons/beleggen/spreiden-van-beleggingen
Pensioenfonds Vervoer	Eisai Co	2025-12-31	918	x1	EUR	https://www.pfvervoer.nl/over-ons/beleggen/spreiden-van-beleggingen
Pensioenfonds Vervoer	Elastic NV	2025-12-31	882	x1	EUR	https://www.pfvervoer.nl/over-ons/beleggen/spreiden-van-beleggingen
Pensioenfonds Vervoer	ELECTRONIC ARTS INC	2025-12-31	6.155	x1	EUR	https://www.pfvervoer.nl/over-ons/beleggen/spreiden-van-beleggingen
Pensioenfonds Vervoer	Element Fleet Management Corp	2025-12-31	1.917	x1	EUR	https://www.pfvervoer.nl/over-ons/beleggen/spreiden-van-beleggingen
Pensioenfonds Vervoer	Elevance Health Inc	2025-12-31	16.602	x1	EUR	https://www.pfvervoer.nl/over-ons/beleggen/spreiden-van-beleggingen
Pensioenfonds Vervoer	Eli Lilly & Co	2025-12-31	26.116	x1	EUR	https://www.pfvervoer.nl/over-ons/beleggen/spreiden-van-beleggingen
Pensioenfonds Vervoer	Elia System Operator SA/NV	2025-12-31	2.580	x1	EUR	https://www.pfvervoer.nl/over-ons/beleggen/spreiden-van-beleggingen
Pensioenfonds Vervoer	ELISA OYJ	2025-12-31	2.951	x1	EUR	https://www.pfvervoer.nl/over-ons/beleggen/spreiden-van-beleggingen
Pensioenfonds Vervoer	Emcor Group Inc	2025-12-31	21.136	x1	EUR	https://www.pfvervoer.nl/over-ons/beleggen/spreiden-van-beleggingen
Pensioenfonds Vervoer	eMemory Technology Inc	2025-12-31	1.031	x1	EUR	https://www.pfvervoer.nl/over-ons/beleggen/spreiden-van-beleggingen
Pensioenfonds Vervoer	Empire Co Ltd 'A'	2025-12-31	1.713	x1	EUR	https://www.pfvervoer.nl/over-ons/beleggen/spreiden-van-beleggingen
Pensioenfonds Vervoer	Endeavour Group Ltd/Australia	2025-12-31	1.206	x1	EUR	https://www.pfvervoer.nl/over-ons/beleggen/spreiden-van-beleggingen
Pensioenfonds Vervoer	ENEL GENERACION CHILE SA	2025-12-31	224	x1	EUR	https://www.pfvervoer.nl/over-ons/beleggen/spreiden-van-beleggingen
Pensioenfonds Vervoer	ENEL SPA	2025-12-31	37	x1	EUR	https://www.pfvervoer.nl/over-ons/beleggen/spreiden-van-beleggingen
Pensioenfonds Vervoer	Energizer Holdings Inc	2025-12-31	2.195	x1	EUR	https://www.pfvervoer.nl/over-ons/beleggen/spreiden-van-beleggingen
Pensioenfonds Vervoer	ENI SPA	2025-12-31	19.650	x1	EUR	https://www.pfvervoer.nl/over-ons/beleggen/spreiden-van-beleggingen
Pensioenfonds Vervoer	ENN NATURAL GAS CO LTD	2025-12-31	8	x1	EUR	https://www.pfvervoer.nl/over-ons/beleggen/spreiden-van-beleggingen
Pensioenfonds Vervoer	Enphase Energy Inc	2025-12-31	434	x1	EUR	https://www.pfvervoer.nl/over-ons/beleggen/spreiden-van-beleggingen
Pensioenfonds Vervoer	Envista Holdings Corp	2025-12-31	98	x1	EUR	https://www.pfvervoer.nl/over-ons/beleggen/spreiden-van-beleggingen
Pensioenfonds Vervoer	EON AG	2025-12-31	9.413	x1	EUR	https://www.pfvervoer.nl/over-ons/beleggen/spreiden-van-beleggingen
Pensioenfonds Vervoer	Eoptolink Technology Inc Ltd	2025-12-31	500	x1	EUR	https://www.pfvervoer.nl/over-ons/beleggen/spreiden-van-beleggingen
Pensioenfonds Vervoer	EQT AB	2025-12-31	189	x1	EUR	https://www.pfvervoer.nl/over-ons/beleggen/spreiden-van-beleggingen
Pensioenfonds Vervoer	Equinix Inc	2025-12-31	20.594	x1	EUR	https://www.pfvervoer.nl/over-ons/beleggen/spreiden-van-beleggingen
Pensioenfonds Vervoer	Equity Lifestyle Properties In	2025-12-31	5.151	x1	EUR	https://www.pfvervoer.nl/over-ons/beleggen/spreiden-van-beleggingen
Pensioenfonds Vervoer	Erie Indemnity Co	2025-12-31	676	x1	EUR	https://www.pfvervoer.nl/over-ons/beleggen/spreiden-van-beleggingen
Pensioenfonds Vervoer	ESSENT GROUP LTD	2025-12-31	1.805	x1	EUR	https://www.pfvervoer.nl/over-ons/beleggen/spreiden-van-beleggingen
Pensioenfonds Vervoer	Essex Portfolio LP	2025-12-31	1.336	x1	EUR	https://www.pfvervoer.nl/over-ons/beleggen/spreiden-van-beleggingen
Pensioenfonds Vervoer	EssilorLuxottica	2025-12-31	23.601	x1	EUR	https://www.pfvervoer.nl/over-ons/beleggen/spreiden-van-beleggingen
Pensioenfonds Vervoer	Estee Lauder Cos Inc / The	2025-12-31	4.449	x1	EUR	https://www.pfvervoer.nl/over-ons/beleggen/spreiden-van-beleggingen
Pensioenfonds Vervoer	Etsy Inc	2025-12-31	698	x1	EUR	https://www.pfvervoer.nl/over-ons/beleggen/spreiden-van-beleggingen
Pensioenfonds Vervoer	EUROFINS SCIENTIFIC SE	2025-12-31	16.066	x1	EUR	https://www.pfvervoer.nl/over-ons/beleggen/spreiden-van-beleggingen
Pensioenfonds Vervoer	EURONEXT NV	2025-12-31	6.213	x1	EUR	https://www.pfvervoer.nl/over-ons/beleggen/spreiden-van-beleggingen
Pensioenfonds Vervoer	Eve Energy Co Ltd	2025-12-31	79	x1	EUR	https://www.pfvervoer.nl/over-ons/beleggen/spreiden-van-beleggingen
Pensioenfonds Vervoer	Everest Group Ltd	2025-12-31	2.687	x1	EUR	https://www.pfvervoer.nl/over-ons/beleggen/spreiden-van-beleggingen
Pensioenfonds Vervoer	EVERSOURCE ENERGY	2025-12-31	3.917	x1	EUR	https://www.pfvervoer.nl/over-ons/beleggen/spreiden-van-beleggingen
Pensioenfonds Vervoer	Evolution Mining Ltd	2025-12-31	2.125	x1	EUR	https://www.pfvervoer.nl/over-ons/beleggen/spreiden-van-beleggingen
Pensioenfonds Vervoer	Exelon Corp	2025-12-31	16.418	x1	EUR	https://www.pfvervoer.nl/over-ons/beleggen/spreiden-van-beleggingen
Pensioenfonds Vervoer	EXOR NV	2025-12-31	2.363	x1	EUR	https://www.pfvervoer.nl/over-ons/beleggen/spreiden-van-beleggingen
Pensioenfonds Vervoer	EXPEDIA INC	2025-12-31	9.177	x1	EUR	https://www.pfvervoer.nl/over-ons/beleggen/spreiden-van-beleggingen
Pensioenfonds Vervoer	Experian Finance PLC	2025-12-31	28.911	x1	EUR	https://www.pfvervoer.nl/over-ons/beleggen/spreiden-van-beleggingen
Pensioenfonds Vervoer	Export Finance & Insurance Corp, Sydney	2025-12-31	2.338	x1	EUR	https://www.pfvervoer.nl/over-ons/beleggen/spreiden-van-beleggingen
Pensioenfonds Vervoer	FAIR ISAAC CORP	2025-12-31	5.250	x1	EUR	https://www.pfvervoer.nl/over-ons/beleggen/spreiden-van-beleggingen
Pensioenfonds Vervoer	Fairfax Financial Holdings Ltd	2025-12-31	5.382	x1	EUR	https://www.pfvervoer.nl/over-ons/beleggen/spreiden-van-beleggingen
Pensioenfonds Vervoer	Fanuc	2025-12-31	15.888	x1	EUR	https://www.pfvervoer.nl/over-ons/beleggen/spreiden-van-beleggingen
Pensioenfonds Vervoer	Far East Horizon Ltd	2025-12-31	5.456	x1	EUR	https://www.pfvervoer.nl/over-ons/beleggen/spreiden-van-beleggingen
Pensioenfonds Vervoer	Far Eastern New Century Corp	2025-12-31	2.769	x1	EUR	https://www.pfvervoer.nl/over-ons/beleggen/spreiden-van-beleggingen
Pensioenfonds Vervoer	Fast Retailing Co Ltd	2025-12-31	7.676	x1	EUR	https://www.pfvervoer.nl/over-ons/beleggen/spreiden-van-beleggingen
Pensioenfonds Vervoer	Fastenal Co	2025-12-31	6.372	x1	EUR	https://www.pfvervoer.nl/over-ons/beleggen/spreiden-van-beleggingen
Pensioenfonds Vervoer	FDJ UNITED	2025-12-31	2.282	x1	EUR	https://www.pfvervoer.nl/over-ons/beleggen/spreiden-van-beleggingen
Pensioenfonds Vervoer	FEDEX CORP	2025-12-31	11.649	x1	EUR	https://www.pfvervoer.nl/over-ons/beleggen/spreiden-van-beleggingen
Pensioenfonds Vervoer	Ferguson PLC	2025-12-31	5.866	x1	EUR	https://www.pfvervoer.nl/over-ons/beleggen/spreiden-van-beleggingen
Pensioenfonds Vervoer	Ferrari NV	2025-12-31	3.327	x1	EUR	https://www.pfvervoer.nl/over-ons/beleggen/spreiden-van-beleggingen
Pensioenfonds Vervoer	Ferrovial SA	2025-12-31	15.398	x1	EUR	https://www.pfvervoer.nl/over-ons/beleggen/spreiden-van-beleggingen
Pensioenfonds Vervoer	Fidelis Insurance Holdings Ltd	2025-12-31	2.463	x1	EUR	https://www.pfvervoer.nl/over-ons/beleggen/spreiden-van-beleggingen
Pensioenfonds Vervoer	Fifth Third Ban Corp	2025-12-31	7.358	x1	EUR	https://www.pfvervoer.nl/over-ons/beleggen/spreiden-van-beleggingen
Pensioenfonds Vervoer	FIRST HORIZON NATIONAL CORP	2025-12-31	6.561	x1	EUR	https://www.pfvervoer.nl/over-ons/beleggen/spreiden-van-beleggingen
Pensioenfonds Vervoer	FIRST SOLAR INC	2025-12-31	7.995	x1	EUR	https://www.pfvervoer.nl/over-ons/beleggen/spreiden-van-beleggingen
Pensioenfonds Vervoer	FISERV INC	2025-12-31	2.022	x1	EUR	https://www.pfvervoer.nl/over-ons/beleggen/spreiden-van-beleggingen
Pensioenfonds Vervoer	Fisher & Paykel Healthcare Cor	2025-12-31	2.543	x1	EUR	https://www.pfvervoer.nl/over-ons/beleggen/spreiden-van-beleggingen
Pensioenfonds Vervoer	Five Below Inc	2025-12-31	553	x1	EUR	https://www.pfvervoer.nl/over-ons/beleggen/spreiden-van-beleggingen
Pensioenfonds Vervoer	FLUTTER ENTERTAINMENT PLC	2025-12-31	8.707	x1	EUR	https://www.pfvervoer.nl/over-ons/beleggen/spreiden-van-beleggingen
Pensioenfonds Vervoer	FMC TECHNOLOGIES INC	2025-12-31	1.649	x1	EUR	https://www.pfvervoer.nl/over-ons/beleggen/spreiden-van-beleggingen
Pensioenfonds Vervoer	Fonciere Des Regions	2025-12-31	1.678	x1	EUR	https://www.pfvervoer.nl/over-ons/beleggen/spreiden-van-beleggingen
Pensioenfonds Vervoer	FORD MOTOR COMPANY	2025-12-31	8.446	x1	EUR	https://www.pfvervoer.nl/over-ons/beleggen/spreiden-van-beleggingen
Pensioenfonds Vervoer	Fortinet Inc	2025-12-31	6.117	x1	EUR	https://www.pfvervoer.nl/over-ons/beleggen/spreiden-van-beleggingen
Pensioenfonds Vervoer	Fortis Healthcare Ltd	2025-12-31	1.969	x1	EUR	https://www.pfvervoer.nl/over-ons/beleggen/spreiden-van-beleggingen
Pensioenfonds Vervoer	Fox Entertainment Group Inc	2025-12-31	4.360	x1	EUR	https://www.pfvervoer.nl/over-ons/beleggen/spreiden-van-beleggingen
Pensioenfonds Vervoer	Foxconn Industrial Internet Co	2025-12-31	686	x1	EUR	https://www.pfvervoer.nl/over-ons/beleggen/spreiden-van-beleggingen
Pensioenfonds Vervoer	Fresenius SE	2025-12-31	4.879	x1	EUR	https://www.pfvervoer.nl/over-ons/beleggen/spreiden-van-beleggingen
Pensioenfonds Vervoer	FRESNILLO PLC	2025-12-31	2.868	x1	EUR	https://www.pfvervoer.nl/over-ons/beleggen/spreiden-van-beleggingen
Pensioenfonds Vervoer	Fubon Financial Holding Co Ltd	2025-12-31	10.416	x1	EUR	https://www.pfvervoer.nl/over-ons/beleggen/spreiden-van-beleggingen
Pensioenfonds Vervoer	Fuji Electric Holdings Co Ltd	2025-12-31	1.392	x1	EUR	https://www.pfvervoer.nl/over-ons/beleggen/spreiden-van-beleggingen
Pensioenfonds Vervoer	FUJIFILM Holdings Corp	2025-12-31	11.890	x1	EUR	https://www.pfvervoer.nl/over-ons/beleggen/spreiden-van-beleggingen
Pensioenfonds Vervoer	Fujikura Ltd	2025-12-31	2.340	x1	EUR	https://www.pfvervoer.nl/over-ons/beleggen/spreiden-van-beleggingen
Pensioenfonds Vervoer	Fujisawa Pharmaceutical Co Ltd	2025-12-31	6.221	x1	EUR	https://www.pfvervoer.nl/over-ons/beleggen/spreiden-van-beleggingen
Pensioenfonds Vervoer	Fuori dal Sacco	2025-12-31	1.498	x1	EUR	https://www.pfvervoer.nl/over-ons/beleggen/spreiden-van-beleggingen
Pensioenfonds Vervoer	FUTU HOLDINGS LTD	2025-12-31	255	x1	EUR	https://www.pfvervoer.nl/over-ons/beleggen/spreiden-van-beleggingen
Pensioenfonds Vervoer	Fuyao Glass Industry Group Co	2025-12-31	3.356	x1	EUR	https://www.pfvervoer.nl/over-ons/beleggen/spreiden-van-beleggingen
Pensioenfonds Vervoer	Galderma Group AG	2025-12-31	635	x1	EUR	https://www.pfvervoer.nl/over-ons/beleggen/spreiden-van-beleggingen
Pensioenfonds Vervoer	Gap Inc	2025-12-31	206	x1	EUR	https://www.pfvervoer.nl/over-ons/beleggen/spreiden-van-beleggingen
Pensioenfonds Vervoer	Garmin Ltd	2025-12-31	6.359	x1	EUR	https://www.pfvervoer.nl/over-ons/beleggen/spreiden-van-beleggingen
Pensioenfonds Vervoer	Gartner Inc	2025-12-31	200	x1	EUR	https://www.pfvervoer.nl/over-ons/beleggen/spreiden-van-beleggingen
Pensioenfonds Vervoer	Gaztransport Et Technigaz SA	2025-12-31	4.729	x1	EUR	https://www.pfvervoer.nl/over-ons/beleggen/spreiden-van-beleggingen
Pensioenfonds Vervoer	GDK Family Trust	2025-12-31	4.702	x1	EUR	https://www.pfvervoer.nl/over-ons/beleggen/spreiden-van-beleggingen
Pensioenfonds Vervoer	GE Vernova LLC	2025-12-31	25.403	x1	EUR	https://www.pfvervoer.nl/over-ons/beleggen/spreiden-van-beleggingen
Pensioenfonds Vervoer	GEBERIT AG	2025-12-31	4.334	x1	EUR	https://www.pfvervoer.nl/over-ons/beleggen/spreiden-van-beleggingen
Pensioenfonds Vervoer	Gecina	2025-12-31	1.992	x1	EUR	https://www.pfvervoer.nl/over-ons/beleggen/spreiden-van-beleggingen
Pensioenfonds Vervoer	Geely Automobile Holdings Ltd	2025-12-31	8.330	x1	EUR	https://www.pfvervoer.nl/over-ons/beleggen/spreiden-van-beleggingen
Pensioenfonds Vervoer	General Electric Co	2025-12-31	64.344	x1	EUR	https://www.pfvervoer.nl/over-ons/beleggen/spreiden-van-beleggingen
Pensioenfonds Vervoer	GENERAL MILLS INC	2025-12-31	9.147	x1	EUR	https://www.pfvervoer.nl/over-ons/beleggen/spreiden-van-beleggingen
Pensioenfonds Vervoer	General motors finl co	2025-12-31	17.957	x1	EUR	https://www.pfvervoer.nl/over-ons/beleggen/spreiden-van-beleggingen
Pensioenfonds Vervoer	Genpact Ltd	2025-12-31	3.553	x1	EUR	https://www.pfvervoer.nl/over-ons/beleggen/spreiden-van-beleggingen
Pensioenfonds Vervoer	GF Securities Co Ltd	2025-12-31	164	x1	EUR	https://www.pfvervoer.nl/over-ons/beleggen/spreiden-van-beleggingen
Pensioenfonds Vervoer	GFL Environmental Inc	2025-12-31	1.576	x1	EUR	https://www.pfvervoer.nl/over-ons/beleggen/spreiden-van-beleggingen
Pensioenfonds Vervoer	Giant Network Group Co Ltd	2025-12-31	176	x1	EUR	https://www.pfvervoer.nl/over-ons/beleggen/spreiden-van-beleggingen
Pensioenfonds Vervoer	GIGADEVICE SEMICONDUCTOR BEIJI	2025-12-31	50	x1	EUR	https://www.pfvervoer.nl/over-ons/beleggen/spreiden-van-beleggingen
Pensioenfonds Vervoer	Gilead Sciences Inc	2025-12-31	33.775	x1	EUR	https://www.pfvervoer.nl/over-ons/beleggen/spreiden-van-beleggingen
Pensioenfonds Vervoer	Givaudan SA	2025-12-31	16.098	x1	EUR	https://www.pfvervoer.nl/over-ons/beleggen/spreiden-van-beleggingen
Pensioenfonds Vervoer	Gjensidige Forsikring ASA	2025-12-31	2.713	x1	EUR	https://www.pfvervoer.nl/over-ons/beleggen/spreiden-van-beleggingen
Pensioenfonds Vervoer	Glanbia PLC	2025-12-31	8.630	x1	EUR	https://www.pfvervoer.nl/over-ons/beleggen/spreiden-van-beleggingen
Pensioenfonds Vervoer	GLAXOSMITHKLINE PLC	2025-12-31	20.204	x1	EUR	https://www.pfvervoer.nl/over-ons/beleggen/spreiden-van-beleggingen
Pensioenfonds Vervoer	GLOBAL PAYMENTS INC	2025-12-31	3.450	x1	EUR	https://www.pfvervoer.nl/over-ons/beleggen/spreiden-van-beleggingen
Pensioenfonds Vervoer	Globalwafers Co Ltd	2025-12-31	6.260	x1	EUR	https://www.pfvervoer.nl/over-ons/beleggen/spreiden-van-beleggingen
Pensioenfonds Vervoer	GLP CAPITAL LP / FIN II	2025-12-31	3.326	x1	EUR	https://www.pfvervoer.nl/over-ons/beleggen/spreiden-van-beleggingen
Pensioenfonds Vervoer	GODADDY INC	2025-12-31	1.345	x1	EUR	https://www.pfvervoer.nl/over-ons/beleggen/spreiden-van-beleggingen
Pensioenfonds Vervoer	GoerTek Inc	2025-12-31	155	x1	EUR	https://www.pfvervoer.nl/over-ons/beleggen/spreiden-van-beleggingen
Pensioenfonds Vervoer	Gold Fields Ltd	2025-12-31	5.351	x1	EUR	https://www.pfvervoer.nl/over-ons/beleggen/spreiden-van-beleggingen
Pensioenfonds Vervoer	Goldman Sachs Group Inc	2025-12-31	23.392	x1	EUR	https://www.pfvervoer.nl/over-ons/beleggen/spreiden-van-beleggingen
Pensioenfonds Vervoer	Goodman Funding Pty Ltd	2025-12-31	9.136	x1	EUR	https://www.pfvervoer.nl/over-ons/beleggen/spreiden-van-beleggingen
Pensioenfonds Vervoer	GoTo Gojek Tokopedia Tbk PT	2025-12-31	7.018	x1	EUR	https://www.pfvervoer.nl/over-ons/beleggen/spreiden-van-beleggingen
Pensioenfonds Vervoer	GRAB HOLDINGS LTD	2025-12-31	496	x1	EUR	https://www.pfvervoer.nl/over-ons/beleggen/spreiden-van-beleggingen
Pensioenfonds Vervoer	Graco Inc	2025-12-31	3.268	x1	EUR	https://www.pfvervoer.nl/over-ons/beleggen/spreiden-van-beleggingen
Pensioenfonds Vervoer	Graphic Packaging Holding Co	2025-12-31	1.322	x1	EUR	https://www.pfvervoer.nl/over-ons/beleggen/spreiden-van-beleggingen
Pensioenfonds Vervoer	Gree Electric Appliances Inc	2025-12-31	207	x1	EUR	https://www.pfvervoer.nl/over-ons/beleggen/spreiden-van-beleggingen
Pensioenfonds Vervoer	Griffon Corp	2025-12-31	3.399	x1	EUR	https://www.pfvervoer.nl/over-ons/beleggen/spreiden-van-beleggingen
Pensioenfonds Vervoer	Groupe Bruxelles Lambert SA	2025-12-31	2.317	x1	EUR	https://www.pfvervoer.nl/over-ons/beleggen/spreiden-van-beleggingen
Pensioenfonds Vervoer	Groupe Eurotunnel SA	2025-12-31	2.555	x1	EUR	https://www.pfvervoer.nl/over-ons/beleggen/spreiden-van-beleggingen
Pensioenfonds Vervoer	Grupo Aeroportuario del CentroV	2025-12-31	228	x1	EUR	https://www.pfvervoer.nl/over-ons/beleggen/spreiden-van-beleggingen
Pensioenfonds Vervoer	Grupo Aeroportuario del Pacifi	2025-12-31	10.677	x1	EUR	https://www.pfvervoer.nl/over-ons/beleggen/spreiden-van-beleggingen
Pensioenfonds Vervoer	Grupo Aeroportuario del Surest	2025-12-31	772	x1	EUR	https://www.pfvervoer.nl/over-ons/beleggen/spreiden-van-beleggingen
Pensioenfonds Vervoer	Grupo Financiero Banorte SAB d	2025-12-31	16.084	x1	EUR	https://www.pfvervoer.nl/over-ons/beleggen/spreiden-van-beleggingen
Pensioenfonds Vervoer	Guidewire Software Inc	2025-12-31	5.771	x1	EUR	https://www.pfvervoer.nl/over-ons/beleggen/spreiden-van-beleggingen
Pensioenfonds Vervoer	H&R Block Inc	2025-12-31	200	x1	EUR	https://www.pfvervoer.nl/over-ons/beleggen/spreiden-van-beleggingen
Pensioenfonds Vervoer	Hainan HNA Infrastructure	2025-12-31	57	x1	EUR	https://www.pfvervoer.nl/over-ons/beleggen/spreiden-van-beleggingen
Pensioenfonds Vervoer	Hakuhodo DY Holdings Inc	2025-12-31	1.034	x1	EUR	https://www.pfvervoer.nl/over-ons/beleggen/spreiden-van-beleggingen
Pensioenfonds Vervoer	Haleon PLC	2025-12-31	15.854	x1	EUR	https://www.pfvervoer.nl/over-ons/beleggen/spreiden-van-beleggingen
Pensioenfonds Vervoer	Halozyme Therapeutics Inc	2025-12-31	148	x1	EUR	https://www.pfvervoer.nl/over-ons/beleggen/spreiden-van-beleggingen
Pensioenfonds Vervoer	Hana Financial Group Inc	2025-12-31	9.858	x1	EUR	https://www.pfvervoer.nl/over-ons/beleggen/spreiden-van-beleggingen
Pensioenfonds Vervoer	Hankyu Hanshin Holdings Inc	2025-12-31	602	x1	EUR	https://www.pfvervoer.nl/over-ons/beleggen/spreiden-van-beleggingen
Pensioenfonds Vervoer	Hannover Rueckversicherung AG	2025-12-31	11.641	x1	EUR	https://www.pfvervoer.nl/over-ons/beleggen/spreiden-van-beleggingen
Pensioenfonds Vervoer	HARLEY-DAVIDSON INC	2025-12-31	1.513	x1	EUR	https://www.pfvervoer.nl/over-ons/beleggen/spreiden-van-beleggingen
Pensioenfonds Vervoer	Harmony Gold Mining Co Ltd	2025-12-31	7.745	x1	EUR	https://www.pfvervoer.nl/over-ons/beleggen/spreiden-van-beleggingen
Pensioenfonds Vervoer	HASBRO INC	2025-12-31	163	x1	EUR	https://www.pfvervoer.nl/over-ons/beleggen/spreiden-van-beleggingen
Pensioenfonds Vervoer	HCA HEALTHCARE INC	2025-12-31	7.495	x1	EUR	https://www.pfvervoer.nl/over-ons/beleggen/spreiden-van-beleggingen
Pensioenfonds Vervoer	HDFC Asset Management Co Ltd	2025-12-31	5.568	x1	EUR	https://www.pfvervoer.nl/over-ons/beleggen/spreiden-van-beleggingen
Pensioenfonds Vervoer	HDFC Bank Ltd	2025-12-31	19.199	x1	EUR	https://www.pfvervoer.nl/over-ons/beleggen/spreiden-van-beleggingen
Pensioenfonds Vervoer	HDFC Life Insurance Co Ltd	2025-12-31	5.890	x1	EUR	https://www.pfvervoer.nl/over-ons/beleggen/spreiden-van-beleggingen
Pensioenfonds Vervoer	HDGF	2025-12-31	37	x1	EUR	https://www.pfvervoer.nl/over-ons/beleggen/spreiden-van-beleggingen
Pensioenfonds Vervoer	Henderson Land Development Co	2025-12-31	2.395	x1	EUR	https://www.pfvervoer.nl/over-ons/beleggen/spreiden-van-beleggingen
Pensioenfonds Vervoer	Hengan International Group Co	2025-12-31	6.911	x1	EUR	https://www.pfvervoer.nl/over-ons/beleggen/spreiden-van-beleggingen
Pensioenfonds Vervoer	Hengtong Optic-electric Co Ltd	2025-12-31	548	x1	EUR	https://www.pfvervoer.nl/over-ons/beleggen/spreiden-van-beleggingen
Pensioenfonds Vervoer	HENKEL AG & CO KGAA	2025-12-31	1.844	x1	EUR	https://www.pfvervoer.nl/over-ons/beleggen/spreiden-van-beleggingen
Pensioenfonds Vervoer	HENSOLDT AG	2025-12-31	222	x1	EUR	https://www.pfvervoer.nl/over-ons/beleggen/spreiden-van-beleggingen
Pensioenfonds Vervoer	Hermes International	2025-12-31	2.988	x1	EUR	https://www.pfvervoer.nl/over-ons/beleggen/spreiden-van-beleggingen
Pensioenfonds Vervoer	Hesai Group	2025-12-31	896	x1	EUR	https://www.pfvervoer.nl/over-ons/beleggen/spreiden-van-beleggingen
Pensioenfonds Vervoer	HEXAGON AB	2025-12-31	327	x1	EUR	https://www.pfvervoer.nl/over-ons/beleggen/spreiden-van-beleggingen
Pensioenfonds Vervoer	HF Sinclair Corp	2025-12-31	2.527	x1	EUR	https://www.pfvervoer.nl/over-ons/beleggen/spreiden-van-beleggingen
Pensioenfonds Vervoer	Hikari Tsushin Inc	2025-12-31	714	x1	EUR	https://www.pfvervoer.nl/over-ons/beleggen/spreiden-van-beleggingen
Pensioenfonds Vervoer	Hilton Worldwide Finance	2025-12-31	12.402	x1	EUR	https://www.pfvervoer.nl/over-ons/beleggen/spreiden-van-beleggingen
Pensioenfonds Vervoer	Hindalco Industries Ltd	2025-12-31	5.235	x1	EUR	https://www.pfvervoer.nl/over-ons/beleggen/spreiden-van-beleggingen
Pensioenfonds Vervoer	Hindustan Aeronautics Ltd	2025-12-31	2.003	x1	EUR	https://www.pfvervoer.nl/over-ons/beleggen/spreiden-van-beleggingen
Pensioenfonds Vervoer	Hindustan Petroleum Corp Ltd	2025-12-31	1.343	x1	EUR	https://www.pfvervoer.nl/over-ons/beleggen/spreiden-van-beleggingen
Pensioenfonds Vervoer	Hiscox Ltd	2025-12-31	11.008	x1	EUR	https://www.pfvervoer.nl/over-ons/beleggen/spreiden-van-beleggingen
Pensioenfonds Vervoer	Hitachi Construction Machinery	2025-12-31	1.356	x1	EUR	https://www.pfvervoer.nl/over-ons/beleggen/spreiden-van-beleggingen
Pensioenfonds Vervoer	HITACHI ENERGY INDIA LTD	2025-12-31	1.430	x1	EUR	https://www.pfvervoer.nl/over-ons/beleggen/spreiden-van-beleggingen
Pensioenfonds Vervoer	HITACHI LTD	2025-12-31	42.665	x1	EUR	https://www.pfvervoer.nl/over-ons/beleggen/spreiden-van-beleggingen
Pensioenfonds Vervoer	HKT Trust / HKT Ltd	2025-12-31	1.745	x1	EUR	https://www.pfvervoer.nl/over-ons/beleggen/spreiden-van-beleggingen
Pensioenfonds Vervoer	Holmen AB	2025-12-31	1.253	x1	EUR	https://www.pfvervoer.nl/over-ons/beleggen/spreiden-van-beleggingen
Pensioenfonds Vervoer	HOME DEPOT INC	2025-12-31	30.292	x1	EUR	https://www.pfvervoer.nl/over-ons/beleggen/spreiden-van-beleggingen
Pensioenfonds Vervoer	Hon Hai Precision Industry Co	2025-12-31	12.468	x1	EUR	https://www.pfvervoer.nl/over-ons/beleggen/spreiden-van-beleggingen
Pensioenfonds Vervoer	Honda Motor Co Ltd	2025-12-31	3.256	x1	EUR	https://www.pfvervoer.nl/over-ons/beleggen/spreiden-van-beleggingen
Pensioenfonds Vervoer	Hong Kong Futures Exchange Limited	2025-12-31	9.267	x1	EUR	https://www.pfvervoer.nl/over-ons/beleggen/spreiden-van-beleggingen
Pensioenfonds Vervoer	Hong Leong Bank Bhd	2025-12-31	1.611	x1	EUR	https://www.pfvervoer.nl/over-ons/beleggen/spreiden-van-beleggingen
Pensioenfonds Vervoer	Hongfa Technology Co Ltd	2025-12-31	6.387	x1	EUR	https://www.pfvervoer.nl/over-ons/beleggen/spreiden-van-beleggingen
Pensioenfonds Vervoer	Hongkong Land Holdings Ltd	2025-12-31	2.511	x1	EUR	https://www.pfvervoer.nl/over-ons/beleggen/spreiden-van-beleggingen
Pensioenfonds Vervoer	Hony Capital Ltd	2025-12-31	1.994	x1	EUR	https://www.pfvervoer.nl/over-ons/beleggen/spreiden-van-beleggingen
Pensioenfonds Vervoer	Host Hotels & Resorts Inc	2025-12-31	4.280	x1	EUR	https://www.pfvervoer.nl/over-ons/beleggen/spreiden-van-beleggingen
Pensioenfonds Vervoer	Howmet Aerospace Inc	2025-12-31	41.566	x1	EUR	https://www.pfvervoer.nl/over-ons/beleggen/spreiden-van-beleggingen
Pensioenfonds Vervoer	HOYA CORP	2025-12-31	9.471	x1	EUR	https://www.pfvervoer.nl/over-ons/beleggen/spreiden-van-beleggingen
Pensioenfonds Vervoer	HP Inc	2025-12-31	13.853	x1	EUR	https://www.pfvervoer.nl/over-ons/beleggen/spreiden-van-beleggingen
Pensioenfonds Vervoer	HSBC HOLDINGS PLC	2025-12-31	16.377	x1	EUR	https://www.pfvervoer.nl/over-ons/beleggen/spreiden-van-beleggingen
Pensioenfonds Vervoer	Huagong Tech Co Ltd	2025-12-31	8	x1	EUR	https://www.pfvervoer.nl/over-ons/beleggen/spreiden-van-beleggingen
Pensioenfonds Vervoer	Huaqin Technology Co Ltd	2025-12-31	103	x1	EUR	https://www.pfvervoer.nl/over-ons/beleggen/spreiden-van-beleggingen
Pensioenfonds Vervoer	Huatai Securities Co Ltd	2025-12-31	26	x1	EUR	https://www.pfvervoer.nl/over-ons/beleggen/spreiden-van-beleggingen
Pensioenfonds Vervoer	HUBSPOT INC	2025-12-31	3.774	x1	EUR	https://www.pfvervoer.nl/over-ons/beleggen/spreiden-van-beleggingen
Pensioenfonds Vervoer	Hulic Co Ltd	2025-12-31	467	x1	EUR	https://www.pfvervoer.nl/over-ons/beleggen/spreiden-van-beleggingen
Pensioenfonds Vervoer	HUMANA INC	2025-12-31	909	x1	EUR	https://www.pfvervoer.nl/over-ons/beleggen/spreiden-van-beleggingen
Pensioenfonds Vervoer	Huntington Bancshares Inc / OH	2025-12-31	6.948	x1	EUR	https://www.pfvervoer.nl/over-ons/beleggen/spreiden-van-beleggingen
Pensioenfonds Vervoer	HUNTSMAN INTERNATIONAL L	2025-12-31	233	x1	EUR	https://www.pfvervoer.nl/over-ons/beleggen/spreiden-van-beleggingen
Pensioenfonds Vervoer	HYDRO ONE LTD	2025-12-31	4.258	x1	EUR	https://www.pfvervoer.nl/over-ons/beleggen/spreiden-van-beleggingen
Pensioenfonds Vervoer	Hyundai Electric & Energy Syst	2025-12-31	2.701	x1	EUR	https://www.pfvervoer.nl/over-ons/beleggen/spreiden-van-beleggingen
Pensioenfonds Vervoer	Hyundai Glovis Co Ltd	2025-12-31	1.462	x1	EUR	https://www.pfvervoer.nl/over-ons/beleggen/spreiden-van-beleggingen
Pensioenfonds Vervoer	Hyundai Heavy Industries Co Lt	2025-12-31	281	x1	EUR	https://www.pfvervoer.nl/over-ons/beleggen/spreiden-van-beleggingen
Pensioenfonds Vervoer	Hyundai Heavy Industries Co Ltd	2025-12-31	12.865	x1	EUR	https://www.pfvervoer.nl/over-ons/beleggen/spreiden-van-beleggingen
Pensioenfonds Vervoer	Hyundai Mobis	2025-12-31	11.106	x1	EUR	https://www.pfvervoer.nl/over-ons/beleggen/spreiden-van-beleggingen
Pensioenfonds Vervoer	Hyundai Robotics Co Ltd	2025-12-31	5.405	x1	EUR	https://www.pfvervoer.nl/over-ons/beleggen/spreiden-van-beleggingen
Pensioenfonds Vervoer	iA Financial Corp Inc	2025-12-31	713	x1	EUR	https://www.pfvervoer.nl/over-ons/beleggen/spreiden-van-beleggingen
Pensioenfonds Vervoer	IAC Inc	2025-12-31	951	x1	EUR	https://www.pfvervoer.nl/over-ons/beleggen/spreiden-van-beleggingen
Pensioenfonds Vervoer	Iberdrola International BV	2025-12-31	45.484	x1	EUR	https://www.pfvervoer.nl/over-ons/beleggen/spreiden-van-beleggingen
Pensioenfonds Vervoer	IBM Corp	2025-12-31	31.639	x1	EUR	https://www.pfvervoer.nl/over-ons/beleggen/spreiden-van-beleggingen
Pensioenfonds Vervoer	Icici Bank Ltd	2025-12-31	16.694	x1	EUR	https://www.pfvervoer.nl/over-ons/beleggen/spreiden-van-beleggingen
Pensioenfonds Vervoer	ICICI Lombard General Insuranc	2025-12-31	4.843	x1	EUR	https://www.pfvervoer.nl/over-ons/beleggen/spreiden-van-beleggingen
Pensioenfonds Vervoer	ICICI Prudential Asset Managem	2025-12-31	25	x1	EUR	https://www.pfvervoer.nl/over-ons/beleggen/spreiden-van-beleggingen
Pensioenfonds Vervoer	Idemitsu Kosan Co Ltd	2025-12-31	548	x1	EUR	https://www.pfvervoer.nl/over-ons/beleggen/spreiden-van-beleggingen
Pensioenfonds Vervoer	IDEXX Laboratories Inc	2025-12-31	8.970	x1	EUR	https://www.pfvervoer.nl/over-ons/beleggen/spreiden-van-beleggingen
Pensioenfonds Vervoer	IG Group Holdings PLC	2025-12-31	5.557	x1	EUR	https://www.pfvervoer.nl/over-ons/beleggen/spreiden-van-beleggingen
Pensioenfonds Vervoer	IGM Financial Inc	2025-12-31	734	x1	EUR	https://www.pfvervoer.nl/over-ons/beleggen/spreiden-van-beleggingen
Pensioenfonds Vervoer	IHI Corp	2025-12-31	1.510	x1	EUR	https://www.pfvervoer.nl/over-ons/beleggen/spreiden-van-beleggingen
Pensioenfonds Vervoer	Iida Group Holdings Co Ltd	2025-12-31	1.378	x1	EUR	https://www.pfvervoer.nl/over-ons/beleggen/spreiden-van-beleggingen
Pensioenfonds Vervoer	ILLUMINA INC	2025-12-31	870	x1	EUR	https://www.pfvervoer.nl/over-ons/beleggen/spreiden-van-beleggingen
Pensioenfonds Vervoer	IMI PLC	2025-12-31	6.925	x1	EUR	https://www.pfvervoer.nl/over-ons/beleggen/spreiden-van-beleggingen
Pensioenfonds Vervoer	Incyte Corp Ltd	2025-12-31	9.151	x1	EUR	https://www.pfvervoer.nl/over-ons/beleggen/spreiden-van-beleggingen
Pensioenfonds Vervoer	Indian Hotels Co Ltd	2025-12-31	3.127	x1	EUR	https://www.pfvervoer.nl/over-ons/beleggen/spreiden-van-beleggingen
Pensioenfonds Vervoer	Indus Towers Ltd	2025-12-31	16.470	x1	EUR	https://www.pfvervoer.nl/over-ons/beleggen/spreiden-van-beleggingen
Pensioenfonds Vervoer	Industrial Bank Co Ltd	2025-12-31	748	x1	EUR	https://www.pfvervoer.nl/over-ons/beleggen/spreiden-van-beleggingen
Pensioenfonds Vervoer	INDUSTRIAL BANK OF KOREA	2025-12-31	3.811	x1	EUR	https://www.pfvervoer.nl/over-ons/beleggen/spreiden-van-beleggingen
Pensioenfonds Vervoer	Industrias Penoles SAB de CV	2025-12-31	7.169	x1	EUR	https://www.pfvervoer.nl/over-ons/beleggen/spreiden-van-beleggingen
Pensioenfonds Vervoer	Industrivarden AB	2025-12-31	1.061	x1	EUR	https://www.pfvervoer.nl/over-ons/beleggen/spreiden-van-beleggingen
Pensioenfonds Vervoer	INFORMA PLC	2025-12-31	813	x1	EUR	https://www.pfvervoer.nl/over-ons/beleggen/spreiden-van-beleggingen
Pensioenfonds Vervoer	Infosys Ltd	2025-12-31	19.686	x1	EUR	https://www.pfvervoer.nl/over-ons/beleggen/spreiden-van-beleggingen
Pensioenfonds Vervoer	ING Groep NV	2025-12-31	17.622	x1	EUR	https://www.pfvervoer.nl/over-ons/beleggen/spreiden-van-beleggingen
Pensioenfonds Vervoer	Innovent Biologics Inc	2025-12-31	3.820	x1	EUR	https://www.pfvervoer.nl/over-ons/beleggen/spreiden-van-beleggingen
Pensioenfonds Vervoer	INOVANCE	2025-12-31	4.719	x1	EUR	https://www.pfvervoer.nl/over-ons/beleggen/spreiden-van-beleggingen
Pensioenfonds Vervoer	InPost SA	2025-12-31	7.638	x1	EUR	https://www.pfvervoer.nl/over-ons/beleggen/spreiden-van-beleggingen
Pensioenfonds Vervoer	INSMED INC	2025-12-31	691	x1	EUR	https://www.pfvervoer.nl/over-ons/beleggen/spreiden-van-beleggingen
Pensioenfonds Vervoer	Inspire Medical Systems Inc	2025-12-31	254	x1	EUR	https://www.pfvervoer.nl/over-ons/beleggen/spreiden-van-beleggingen
Pensioenfonds Vervoer	Insulet Corp	2025-12-31	794	x1	EUR	https://www.pfvervoer.nl/over-ons/beleggen/spreiden-van-beleggingen
Pensioenfonds Vervoer	Insurance Australia Group Ltd	2025-12-31	5.724	x1	EUR	https://www.pfvervoer.nl/over-ons/beleggen/spreiden-van-beleggingen
Pensioenfonds Vervoer	INTACT FINANCIAL CORP	2025-12-31	5.977	x1	EUR	https://www.pfvervoer.nl/over-ons/beleggen/spreiden-van-beleggingen
Pensioenfonds Vervoer	INTERACTIVE BROKERS GROUP INC	2025-12-31	5.200	x1	EUR	https://www.pfvervoer.nl/over-ons/beleggen/spreiden-van-beleggingen
Pensioenfonds Vervoer	IntercontinentalExchange Inc	2025-12-31	3.076	x1	EUR	https://www.pfvervoer.nl/over-ons/beleggen/spreiden-van-beleggingen
Pensioenfonds Vervoer	International Container Termin	2025-12-31	6.344	x1	EUR	https://www.pfvervoer.nl/over-ons/beleggen/spreiden-van-beleggingen
Pensioenfonds Vervoer	Intl Paper Co	2025-12-31	9.074	x1	EUR	https://www.pfvervoer.nl/over-ons/beleggen/spreiden-van-beleggingen
Pensioenfonds Vervoer	Intrawest Resorts Holdings Inc	2025-12-31	30.172	x1	EUR	https://www.pfvervoer.nl/over-ons/beleggen/spreiden-van-beleggingen
Pensioenfonds Vervoer	INTUIT INC	2025-12-31	18.866	x1	EUR	https://www.pfvervoer.nl/over-ons/beleggen/spreiden-van-beleggingen
Pensioenfonds Vervoer	INTUITIVE SURGICAL INC	2025-12-31	15.411	x1	EUR	https://www.pfvervoer.nl/over-ons/beleggen/spreiden-van-beleggingen
Pensioenfonds Vervoer	Investment AB Latour	2025-12-31	1.658	x1	EUR	https://www.pfvervoer.nl/over-ons/beleggen/spreiden-van-beleggingen
Pensioenfonds Vervoer	Investor AB	2025-12-31	2.000	x1	EUR	https://www.pfvervoer.nl/over-ons/beleggen/spreiden-van-beleggingen
Pensioenfonds Vervoer	Ionis Pharmaceuticals Inc	2025-12-31	216	x1	EUR	https://www.pfvervoer.nl/over-ons/beleggen/spreiden-van-beleggingen
Pensioenfonds Vervoer	IonQ Inc	2025-12-31	422	x1	EUR	https://www.pfvervoer.nl/over-ons/beleggen/spreiden-van-beleggingen
Pensioenfonds Vervoer	IPG PHOTONICS CORP	2025-12-31	87	x1	EUR	https://www.pfvervoer.nl/over-ons/beleggen/spreiden-van-beleggingen
Pensioenfonds Vervoer	iQIYI Inc	2025-12-31	1.832	x1	EUR	https://www.pfvervoer.nl/over-ons/beleggen/spreiden-van-beleggingen
Pensioenfonds Vervoer	IQVIA HOLDINGS INC	2025-12-31	2.008	x1	EUR	https://www.pfvervoer.nl/over-ons/beleggen/spreiden-van-beleggingen
Pensioenfonds Vervoer	Iridium Communications Inc	2025-12-31	599	x1	EUR	https://www.pfvervoer.nl/over-ons/beleggen/spreiden-van-beleggingen
Pensioenfonds Vervoer	Isetan Mitsukoshi Holdings Ltd	2025-12-31	1.154	x1	EUR	https://www.pfvervoer.nl/over-ons/beleggen/spreiden-van-beleggingen
Pensioenfonds Vervoer	ISUZU MOTORS LTD	2025-12-31	827	x1	EUR	https://www.pfvervoer.nl/over-ons/beleggen/spreiden-van-beleggingen
Pensioenfonds Vervoer	ITOCHU Corp	2025-12-31	6.465	x1	EUR	https://www.pfvervoer.nl/over-ons/beleggen/spreiden-van-beleggingen
Pensioenfonds Vervoer	IVANHOE MINES LTD	2025-12-31	1.703	x1	EUR	https://www.pfvervoer.nl/over-ons/beleggen/spreiden-van-beleggingen
Pensioenfonds Vervoer	Jabil Circuit Inc	2025-12-31	4.194	x1	EUR	https://www.pfvervoer.nl/over-ons/beleggen/spreiden-van-beleggingen
Pensioenfonds Vervoer	Jack Henry & Associates Inc	2025-12-31	528	x1	EUR	https://www.pfvervoer.nl/over-ons/beleggen/spreiden-van-beleggingen
Pensioenfonds Vervoer	Jack in the Box Inc	2025-12-31	345	x1	EUR	https://www.pfvervoer.nl/over-ons/beleggen/spreiden-van-beleggingen
Pensioenfonds Vervoer	JAPAN AIRLINES CO LTD	2025-12-31	297	x1	EUR	https://www.pfvervoer.nl/over-ons/beleggen/spreiden-van-beleggingen
Pensioenfonds Vervoer	Japan Post Bank Co Ltd	2025-12-31	3.386	x1	EUR	https://www.pfvervoer.nl/over-ons/beleggen/spreiden-van-beleggingen
Pensioenfonds Vervoer	Japan Post Holdings Co Ltd	2025-12-31	1.572	x1	EUR	https://www.pfvervoer.nl/over-ons/beleggen/spreiden-van-beleggingen
Pensioenfonds Vervoer	Japan Post Insurance Co Ltd	2025-12-31	518	x1	EUR	https://www.pfvervoer.nl/over-ons/beleggen/spreiden-van-beleggingen
Pensioenfonds Vervoer	Jazz Pharmaceuticals Plc	2025-12-31	6.108	x1	EUR	https://www.pfvervoer.nl/over-ons/beleggen/spreiden-van-beleggingen
Pensioenfonds Vervoer	JB Hi-Fi Ltd	2025-12-31	1.314	x1	EUR	https://www.pfvervoer.nl/over-ons/beleggen/spreiden-van-beleggingen
Pensioenfonds Vervoer	JCET Group Co Ltd	2025-12-31	339	x1	EUR	https://www.pfvervoer.nl/over-ons/beleggen/spreiden-van-beleggingen
Pensioenfonds Vervoer	JD Health International Inc	2025-12-31	879	x1	EUR	https://www.pfvervoer.nl/over-ons/beleggen/spreiden-van-beleggingen
Pensioenfonds Vervoer	Jefferies Group Inc	2025-12-31	953	x1	EUR	https://www.pfvervoer.nl/over-ons/beleggen/spreiden-van-beleggingen
Pensioenfonds Vervoer	JEREH GROUP	2025-12-31	195	x1	EUR	https://www.pfvervoer.nl/over-ons/beleggen/spreiden-van-beleggingen
Pensioenfonds Vervoer	Jeronimo Martins SGPS SA	2025-12-31	24.289	x1	EUR	https://www.pfvervoer.nl/over-ons/beleggen/spreiden-van-beleggingen
Pensioenfonds Vervoer	JFE Holdings Inc	2025-12-31	733	x1	EUR	https://www.pfvervoer.nl/over-ons/beleggen/spreiden-van-beleggingen
Pensioenfonds Vervoer	JFrog Ltd	2025-12-31	2.107	x1	EUR	https://www.pfvervoer.nl/over-ons/beleggen/spreiden-van-beleggingen
Pensioenfonds Vervoer	Jiangxi Copper Co Ltd	2025-12-31	10.283	x1	EUR	https://www.pfvervoer.nl/over-ons/beleggen/spreiden-van-beleggingen
Pensioenfonds Vervoer	John Wiley & Sons Inc	2025-12-31	2.616	x1	EUR	https://www.pfvervoer.nl/over-ons/beleggen/spreiden-van-beleggingen
Pensioenfonds Vervoer	JOHNSON & JOHNSON	2025-12-31	33.964	x1	EUR	https://www.pfvervoer.nl/over-ons/beleggen/spreiden-van-beleggingen
Pensioenfonds Vervoer	Johnson Controls International	2025-12-31	29.065	x1	EUR	https://www.pfvervoer.nl/over-ons/beleggen/spreiden-van-beleggingen
Pensioenfonds Vervoer	JP Morgan Chase & Co	2025-12-31	58.422	x1	EUR	https://www.pfvervoer.nl/over-ons/beleggen/spreiden-van-beleggingen
Pensioenfonds Vervoer	JPMF	2025-12-31	58	x1	EUR	https://www.pfvervoer.nl/over-ons/beleggen/spreiden-van-beleggingen
Pensioenfonds Vervoer	JS Group Corp	2025-12-31	1.431	x1	EUR	https://www.pfvervoer.nl/over-ons/beleggen/spreiden-van-beleggingen
Pensioenfonds Vervoer	JX ADVANCED METALS CORP	2025-12-31	582	x1	EUR	https://www.pfvervoer.nl/over-ons/beleggen/spreiden-van-beleggingen
Pensioenfonds Vervoer	JYP Entertainment Corp	2025-12-31	2.126	x1	EUR	https://www.pfvervoer.nl/over-ons/beleggen/spreiden-van-beleggingen
Pensioenfonds Vervoer	Kajima Corp	2025-12-31	1.317	x1	EUR	https://www.pfvervoer.nl/over-ons/beleggen/spreiden-van-beleggingen
Pensioenfonds Vervoer	Kansai Paint Co Ltd	2025-12-31	1.315	x1	EUR	https://www.pfvervoer.nl/over-ons/beleggen/spreiden-van-beleggingen
Pensioenfonds Vervoer	Kao Corp	2025-12-31	1.779	x1	EUR	https://www.pfvervoer.nl/over-ons/beleggen/spreiden-van-beleggingen
Pensioenfonds Vervoer	Kasikornbank PCL	2025-12-31	11.231	x1	EUR	https://www.pfvervoer.nl/over-ons/beleggen/spreiden-van-beleggingen
Pensioenfonds Vervoer	KAWASAKI HEAVY INDUSTRIES LTD	2025-12-31	1.376	x1	EUR	https://www.pfvervoer.nl/over-ons/beleggen/spreiden-van-beleggingen
Pensioenfonds Vervoer	Kawassaki Kisen Kaisha	2025-12-31	541	x1	EUR	https://www.pfvervoer.nl/over-ons/beleggen/spreiden-van-beleggingen
Pensioenfonds Vervoer	KB FINANCIAL GROUP INC	2025-12-31	28.288	x1	EUR	https://www.pfvervoer.nl/over-ons/beleggen/spreiden-van-beleggingen
Pensioenfonds Vervoer	KBC GROEP NV	2025-12-31	10.601	x1	EUR	https://www.pfvervoer.nl/over-ons/beleggen/spreiden-van-beleggingen
Pensioenfonds Vervoer	KDDI Corp	2025-12-31	7.889	x1	EUR	https://www.pfvervoer.nl/over-ons/beleggen/spreiden-van-beleggingen
Pensioenfonds Vervoer	KE Holdings Inc	2025-12-31	2.728	x1	EUR	https://www.pfvervoer.nl/over-ons/beleggen/spreiden-van-beleggingen
Pensioenfonds Vervoer	KEPPEL LTD	2025-12-31	3.126	x1	EUR	https://www.pfvervoer.nl/over-ons/beleggen/spreiden-van-beleggingen
Pensioenfonds Vervoer	KESKO OYJ-B SHS	2025-12-31	908	x1	EUR	https://www.pfvervoer.nl/over-ons/beleggen/spreiden-van-beleggingen
Pensioenfonds Vervoer	Kikkoman Corp	2025-12-31	806	x1	EUR	https://www.pfvervoer.nl/over-ons/beleggen/spreiden-van-beleggingen
Pensioenfonds Vervoer	KILROY REALTY CORPORATION	2025-12-31	3.090	x1	EUR	https://www.pfvervoer.nl/over-ons/beleggen/spreiden-van-beleggingen
Pensioenfonds Vervoer	KIMBERLY-CLARK CORP	2025-12-31	3.547	x1	EUR	https://www.pfvervoer.nl/over-ons/beleggen/spreiden-van-beleggingen
Pensioenfonds Vervoer	Kimberly-Clark de Mexico SAB d	2025-12-31	6.070	x1	EUR	https://www.pfvervoer.nl/over-ons/beleggen/spreiden-van-beleggingen
Pensioenfonds Vervoer	KINGDEE INT'L	2025-12-31	2.809	x1	EUR	https://www.pfvervoer.nl/over-ons/beleggen/spreiden-van-beleggingen
Pensioenfonds Vervoer	KINGSPAN GROUP PLC	2025-12-31	6.154	x1	EUR	https://www.pfvervoer.nl/over-ons/beleggen/spreiden-van-beleggingen
Pensioenfonds Vervoer	KINROSS GOLD CORP	2025-12-31	7.903	x1	EUR	https://www.pfvervoer.nl/over-ons/beleggen/spreiden-van-beleggingen
Pensioenfonds Vervoer	KIOXIA HOLDINGS CORP	2025-12-31	1.054	x1	EUR	https://www.pfvervoer.nl/over-ons/beleggen/spreiden-van-beleggingen
Pensioenfonds Vervoer	KIRIN HOLDINGS CO LTD	2025-12-31	1.843	x1	EUR	https://www.pfvervoer.nl/over-ons/beleggen/spreiden-van-beleggingen
Pensioenfonds Vervoer	KKR & Co LP	2025-12-31	33.115	x1	EUR	https://www.pfvervoer.nl/over-ons/beleggen/spreiden-van-beleggingen
Pensioenfonds Vervoer	KLA-Tencor Corp	2025-12-31	25.551	x1	EUR	https://www.pfvervoer.nl/over-ons/beleggen/spreiden-van-beleggingen
Pensioenfonds Vervoer	Kleppiere	2025-12-31	3.898	x1	EUR	https://www.pfvervoer.nl/over-ons/beleggen/spreiden-van-beleggingen
Pensioenfonds Vervoer	KNORR-BREMSE AG	2025-12-31	2.330	x1	EUR	https://www.pfvervoer.nl/over-ons/beleggen/spreiden-van-beleggingen
Pensioenfonds Vervoer	KOBE BUSSAN CO LTD	2025-12-31	422	x1	EUR	https://www.pfvervoer.nl/over-ons/beleggen/spreiden-van-beleggingen
Pensioenfonds Vervoer	KOC Holding AS	2025-12-31	189	x1	EUR	https://www.pfvervoer.nl/over-ons/beleggen/spreiden-van-beleggingen
Pensioenfonds Vervoer	Konami Corp	2025-12-31	1.658	x1	EUR	https://www.pfvervoer.nl/over-ons/beleggen/spreiden-van-beleggingen
Pensioenfonds Vervoer	Koninklijke Ahold Delhaize NV	2025-12-31	4.452	x1	EUR	https://www.pfvervoer.nl/over-ons/beleggen/spreiden-van-beleggingen
Pensioenfonds Vervoer	KONINKLIJKE KPN NV	2025-12-31	20.109	x1	EUR	https://www.pfvervoer.nl/over-ons/beleggen/spreiden-van-beleggingen
Pensioenfonds Vervoer	Koninklijke Philips NV	2025-12-31	3.302	x1	EUR	https://www.pfvervoer.nl/over-ons/beleggen/spreiden-van-beleggingen
Pensioenfonds Vervoer	Korea Investment Holdings Co L	2025-12-31	1.781	x1	EUR	https://www.pfvervoer.nl/over-ons/beleggen/spreiden-van-beleggingen
Pensioenfonds Vervoer	Kotak Mahindra Bank Ltd	2025-12-31	5.164	x1	EUR	https://www.pfvervoer.nl/over-ons/beleggen/spreiden-van-beleggingen
Pensioenfonds Vervoer	Kraft Heinz Co/The	2025-12-31	4.408	x1	EUR	https://www.pfvervoer.nl/over-ons/beleggen/spreiden-van-beleggingen
Pensioenfonds Vervoer	Krafton Inc	2025-12-31	1.832	x1	EUR	https://www.pfvervoer.nl/over-ons/beleggen/spreiden-van-beleggingen
Pensioenfonds Vervoer	Kroger Co	2025-12-31	13.317	x1	EUR	https://www.pfvervoer.nl/over-ons/beleggen/spreiden-van-beleggingen
Pensioenfonds Vervoer	Krung Thai Bank PCL	2025-12-31	2.699	x1	EUR	https://www.pfvervoer.nl/over-ons/beleggen/spreiden-van-beleggingen
Pensioenfonds Vervoer	KT Corp	2025-12-31	5.800	x1	EUR	https://www.pfvervoer.nl/over-ons/beleggen/spreiden-van-beleggingen
Pensioenfonds Vervoer	Kuaishou Technology	2025-12-31	1.481	x1	EUR	https://www.pfvervoer.nl/over-ons/beleggen/spreiden-van-beleggingen
Pensioenfonds Vervoer	Kubota Corp	2025-12-31	1.717	x1	EUR	https://www.pfvervoer.nl/over-ons/beleggen/spreiden-van-beleggingen
Pensioenfonds Vervoer	Kumba Iron Ore Ltd	2025-12-31	3.317	x1	EUR	https://www.pfvervoer.nl/over-ons/beleggen/spreiden-van-beleggingen
Pensioenfonds Vervoer	Kuraray Co Ltd	2025-12-31	1.164	x1	EUR	https://www.pfvervoer.nl/over-ons/beleggen/spreiden-van-beleggingen
Pensioenfonds Vervoer	KYOCERA CORP	2025-12-31	1.505	x1	EUR	https://www.pfvervoer.nl/over-ons/beleggen/spreiden-van-beleggingen
Pensioenfonds Vervoer	Lam Research Corp	2025-12-31	15.769	x1	EUR	https://www.pfvervoer.nl/over-ons/beleggen/spreiden-van-beleggingen
Pensioenfonds Vervoer	LAND SECURITIES GROUP PLC	2025-12-31	2.731	x1	EUR	https://www.pfvervoer.nl/over-ons/beleggen/spreiden-van-beleggingen
Pensioenfonds Vervoer	Lasertec Corp	2025-12-31	2.694	x1	EUR	https://www.pfvervoer.nl/over-ons/beleggen/spreiden-van-beleggingen
Pensioenfonds Vervoer	LATAM AIRLINES GROUP SA	2025-12-31	10.823	x1	EUR	https://www.pfvervoer.nl/over-ons/beleggen/spreiden-van-beleggingen
Pensioenfonds Vervoer	Legal & General Group	2025-12-31	7.596	x1	EUR	https://www.pfvervoer.nl/over-ons/beleggen/spreiden-van-beleggingen
Pensioenfonds Vervoer	LEGRAND SA	2025-12-31	11.765	x1	EUR	https://www.pfvervoer.nl/over-ons/beleggen/spreiden-van-beleggingen
Pensioenfonds Vervoer	Lenovo Group Ltd	2025-12-31	15.148	x1	EUR	https://www.pfvervoer.nl/over-ons/beleggen/spreiden-van-beleggingen
Pensioenfonds Vervoer	Lens Technology Co Ltd	2025-12-31	211	x1	EUR	https://www.pfvervoer.nl/over-ons/beleggen/spreiden-van-beleggingen
Pensioenfonds Vervoer	LG Display Co Ltd	2025-12-31	461	x1	EUR	https://www.pfvervoer.nl/over-ons/beleggen/spreiden-van-beleggingen
Pensioenfonds Vervoer	LG Innotek Co Ltd	2025-12-31	1.322	x1	EUR	https://www.pfvervoer.nl/over-ons/beleggen/spreiden-van-beleggingen
Pensioenfonds Vervoer	LG Uplus Corp	2025-12-31	1.560	x1	EUR	https://www.pfvervoer.nl/over-ons/beleggen/spreiden-van-beleggingen
Pensioenfonds Vervoer	Liberty Media Corp-Liberty For	2025-12-31	1.414	x1	EUR	https://www.pfvervoer.nl/over-ons/beleggen/spreiden-van-beleggingen
Pensioenfonds Vervoer	Life Healthcare Group Holdings	2025-12-31	4.138	x1	EUR	https://www.pfvervoer.nl/over-ons/beleggen/spreiden-van-beleggingen
Pensioenfonds Vervoer	Lincoln Electric Holdings Inc	2025-12-31	195	x1	EUR	https://www.pfvervoer.nl/over-ons/beleggen/spreiden-van-beleggingen
Pensioenfonds Vervoer	LINCOLN NATIONAL CORP	2025-12-31	2.976	x1	EUR	https://www.pfvervoer.nl/over-ons/beleggen/spreiden-van-beleggingen
Pensioenfonds Vervoer	Link REIT/The	2025-12-31	2.848	x1	EUR	https://www.pfvervoer.nl/over-ons/beleggen/spreiden-van-beleggingen
Pensioenfonds Vervoer	Lloyds Bank PLC	2025-12-31	19.589	x1	EUR	https://www.pfvervoer.nl/over-ons/beleggen/spreiden-van-beleggingen
Pensioenfonds Vervoer	LOBLAW COS LTD	2025-12-31	3.592	x1	EUR	https://www.pfvervoer.nl/over-ons/beleggen/spreiden-van-beleggingen
Pensioenfonds Vervoer	London Stock Exchange Group PL	2025-12-31	23.783	x1	EUR	https://www.pfvervoer.nl/over-ons/beleggen/spreiden-van-beleggingen
Pensioenfonds Vervoer	Lonza Group AG	2025-12-31	665	x1	EUR	https://www.pfvervoer.nl/over-ons/beleggen/spreiden-van-beleggingen
Pensioenfonds Vervoer	L'Oreal SA	2025-12-31	6.657	x1	EUR	https://www.pfvervoer.nl/over-ons/beleggen/spreiden-van-beleggingen
Pensioenfonds Vervoer	Lotes Co Ltd	2025-12-31	2.070	x1	EUR	https://www.pfvervoer.nl/over-ons/beleggen/spreiden-van-beleggingen
Pensioenfonds Vervoer	Lottery Corp Ltd/The	2025-12-31	338	x1	EUR	https://www.pfvervoer.nl/over-ons/beleggen/spreiden-van-beleggingen
Pensioenfonds Vervoer	LOWE'S COS INC	2025-12-31	9.571	x1	EUR	https://www.pfvervoer.nl/over-ons/beleggen/spreiden-van-beleggingen
Pensioenfonds Vervoer	LPL Financial Holdings Inc	2025-12-31	7.260	x1	EUR	https://www.pfvervoer.nl/over-ons/beleggen/spreiden-van-beleggingen
Pensioenfonds Vervoer	Lululemon Athletica Inc	2025-12-31	353	x1	EUR	https://www.pfvervoer.nl/over-ons/beleggen/spreiden-van-beleggingen
Pensioenfonds Vervoer	Lundbergforetagen AB	2025-12-31	1.928	x1	EUR	https://www.pfvervoer.nl/over-ons/beleggen/spreiden-van-beleggingen
Pensioenfonds Vervoer	LUNDIN GOLD INC	2025-12-31	2.622	x1	EUR	https://www.pfvervoer.nl/over-ons/beleggen/spreiden-van-beleggingen
Pensioenfonds Vervoer	LVMH Moet Hennessy Louis Vuitton	2025-12-31	51.476	x1	EUR	https://www.pfvervoer.nl/over-ons/beleggen/spreiden-van-beleggingen
Pensioenfonds Vervoer	LXJM	2025-12-31	3.910	x1	EUR	https://www.pfvervoer.nl/over-ons/beleggen/spreiden-van-beleggingen
Pensioenfonds Vervoer	Lyft Inc	2025-12-31	535	x1	EUR	https://www.pfvervoer.nl/over-ons/beleggen/spreiden-van-beleggingen
Pensioenfonds Vervoer	M&T Bank Corp	2025-12-31	259	x1	EUR	https://www.pfvervoer.nl/over-ons/beleggen/spreiden-van-beleggingen
Pensioenfonds Vervoer	Macquarie Group Ltd	2025-12-31	5.539	x1	EUR	https://www.pfvervoer.nl/over-ons/beleggen/spreiden-van-beleggingen
Pensioenfonds Vervoer	Macrotech Developers Ltd	2025-12-31	168	x1	EUR	https://www.pfvervoer.nl/over-ons/beleggen/spreiden-van-beleggingen
Pensioenfonds Vervoer	Mahindra & Mahindra Ltd	2025-12-31	3.284	x1	EUR	https://www.pfvervoer.nl/over-ons/beleggen/spreiden-van-beleggingen
Pensioenfonds Vervoer	MakeMyTrip Ltd	2025-12-31	4.843	x1	EUR	https://www.pfvervoer.nl/over-ons/beleggen/spreiden-van-beleggingen
Pensioenfonds Vervoer	MAKITA CORP	2025-12-31	11.675	x1	EUR	https://www.pfvervoer.nl/over-ons/beleggen/spreiden-van-beleggingen
Pensioenfonds Vervoer	ManpowerGroup	2025-12-31	643	x1	EUR	https://www.pfvervoer.nl/over-ons/beleggen/spreiden-van-beleggingen
Pensioenfonds Vervoer	MANULIFE FINANCIAL CORP	2025-12-31	1.466	x1	EUR	https://www.pfvervoer.nl/over-ons/beleggen/spreiden-van-beleggingen
Pensioenfonds Vervoer	Markel Corp	2025-12-31	500	x1	EUR	https://www.pfvervoer.nl/over-ons/beleggen/spreiden-van-beleggingen
Pensioenfonds Vervoer	Marks & Spencer Group PLC	2025-12-31	2.173	x1	EUR	https://www.pfvervoer.nl/over-ons/beleggen/spreiden-van-beleggingen
Pensioenfonds Vervoer	Marsh & McLennan Cos Inc	2025-12-31	21.440	x1	EUR	https://www.pfvervoer.nl/over-ons/beleggen/spreiden-van-beleggingen
Pensioenfonds Vervoer	Marubeni Corp	2025-12-31	3.281	x1	EUR	https://www.pfvervoer.nl/over-ons/beleggen/spreiden-van-beleggingen
Pensioenfonds Vervoer	Marvell Technology Inc	2025-12-31	17.086	x1	EUR	https://www.pfvervoer.nl/over-ons/beleggen/spreiden-van-beleggingen
Pensioenfonds Vervoer	MASCO CORP	2025-12-31	353	x1	EUR	https://www.pfvervoer.nl/over-ons/beleggen/spreiden-van-beleggingen
Pensioenfonds Vervoer	MASTERCARD INC	2025-12-31	58.840	x1	EUR	https://www.pfvervoer.nl/over-ons/beleggen/spreiden-van-beleggingen
Pensioenfonds Vervoer	Match Group Inc	2025-12-31	3.635	x1	EUR	https://www.pfvervoer.nl/over-ons/beleggen/spreiden-van-beleggingen
Pensioenfonds Vervoer	Matsumotokiyoshi Holdings Co L	2025-12-31	8.297	x1	EUR	https://www.pfvervoer.nl/over-ons/beleggen/spreiden-van-beleggingen
Pensioenfonds Vervoer	McAfee Inc	2025-12-31	10.497	x1	EUR	https://www.pfvervoer.nl/over-ons/beleggen/spreiden-van-beleggingen
Pensioenfonds Vervoer	McDonald's Corp	2025-12-31	6.103	x1	EUR	https://www.pfvervoer.nl/over-ons/beleggen/spreiden-van-beleggingen
Pensioenfonds Vervoer	MCKESSON CORP	2025-12-31	35.474	x1	EUR	https://www.pfvervoer.nl/over-ons/beleggen/spreiden-van-beleggingen
Pensioenfonds Vervoer	MediaTek Inc	2025-12-31	30.304	x1	EUR	https://www.pfvervoer.nl/over-ons/beleggen/spreiden-van-beleggingen
Pensioenfonds Vervoer	Medibank Pvt Ltd	2025-12-31	4.034	x1	EUR	https://www.pfvervoer.nl/over-ons/beleggen/spreiden-van-beleggingen
Pensioenfonds Vervoer	MEDIPAL HOLDINGS Corp	2025-12-31	808	x1	EUR	https://www.pfvervoer.nl/over-ons/beleggen/spreiden-van-beleggingen
Pensioenfonds Vervoer	Medline Inc	2025-12-31	2.304	x1	EUR	https://www.pfvervoer.nl/over-ons/beleggen/spreiden-van-beleggingen
Pensioenfonds Vervoer	MEDTRONIC INC	2025-12-31	21.771	x1	EUR	https://www.pfvervoer.nl/over-ons/beleggen/spreiden-van-beleggingen
Pensioenfonds Vervoer	Meituan Dianping	2025-12-31	4.001	x1	EUR	https://www.pfvervoer.nl/over-ons/beleggen/spreiden-van-beleggingen
Pensioenfonds Vervoer	Melrose Industries PLC	2025-12-31	14.194	x1	EUR	https://www.pfvervoer.nl/over-ons/beleggen/spreiden-van-beleggingen
Pensioenfonds Vervoer	Menorah Mivtachim Holdings Ltd	2025-12-31	1.332	x1	EUR	https://www.pfvervoer.nl/over-ons/beleggen/spreiden-van-beleggingen
Pensioenfonds Vervoer	MERCADOLIBRE INC	2025-12-31	18.394	x1	EUR	https://www.pfvervoer.nl/over-ons/beleggen/spreiden-van-beleggingen
Pensioenfonds Vervoer	Merck KGaA	2025-12-31	22.810	x1	EUR	https://www.pfvervoer.nl/over-ons/beleggen/spreiden-van-beleggingen
Pensioenfonds Vervoer	META PLATFORMS INC	2025-12-31	159.751	x1	EUR	https://www.pfvervoer.nl/over-ons/beleggen/spreiden-van-beleggingen
Pensioenfonds Vervoer	Metavante Technologies Inc	2025-12-31	5.042	x1	EUR	https://www.pfvervoer.nl/over-ons/beleggen/spreiden-van-beleggingen
Pensioenfonds Vervoer	Metcash Ltd	2025-12-31	2.174	x1	EUR	https://www.pfvervoer.nl/over-ons/beleggen/spreiden-van-beleggingen
Pensioenfonds Vervoer	MetLife Inc	2025-12-31	18.861	x1	EUR	https://www.pfvervoer.nl/over-ons/beleggen/spreiden-van-beleggingen
Pensioenfonds Vervoer	Metro Inc	2025-12-31	2.884	x1	EUR	https://www.pfvervoer.nl/over-ons/beleggen/spreiden-van-beleggingen
Pensioenfonds Vervoer	Mettler-Toledo International I	2025-12-31	5.013	x1	EUR	https://www.pfvervoer.nl/over-ons/beleggen/spreiden-van-beleggingen
Pensioenfonds Vervoer	MGIC INVESTMENT CORP	2025-12-31	6.456	x1	EUR	https://www.pfvervoer.nl/over-ons/beleggen/spreiden-van-beleggingen
Pensioenfonds Vervoer	MGM RESORTS INTL	2025-12-31	2.538	x1	EUR	https://www.pfvervoer.nl/over-ons/beleggen/spreiden-van-beleggingen
Pensioenfonds Vervoer	Michelin	2025-12-31	25.814	x1	EUR	https://www.pfvervoer.nl/over-ons/beleggen/spreiden-van-beleggingen
Pensioenfonds Vervoer	Micron Technologies	2025-12-31	20.693	x1	EUR	https://www.pfvervoer.nl/over-ons/beleggen/spreiden-van-beleggingen
Pensioenfonds Vervoer	Microsoft Corp	2025-12-31	362.626	x1	EUR	https://www.pfvervoer.nl/over-ons/beleggen/spreiden-van-beleggingen
Pensioenfonds Vervoer	Middleby Corp/The	2025-12-31	4.845	x1	EUR	https://www.pfvervoer.nl/over-ons/beleggen/spreiden-van-beleggingen
Pensioenfonds Vervoer	MINEBEA CO LTD	2025-12-31	1.030	x1	EUR	https://www.pfvervoer.nl/over-ons/beleggen/spreiden-van-beleggingen
Pensioenfonds Vervoer	Mirvac Group	2025-12-31	2.468	x1	EUR	https://www.pfvervoer.nl/over-ons/beleggen/spreiden-van-beleggingen
Pensioenfonds Vervoer	Mitsubishi Corp	2025-12-31	20.337	x1	EUR	https://www.pfvervoer.nl/over-ons/beleggen/spreiden-van-beleggingen
Pensioenfonds Vervoer	Mitsubishi Electric Corp	2025-12-31	21.910	x1	EUR	https://www.pfvervoer.nl/over-ons/beleggen/spreiden-van-beleggingen
Pensioenfonds Vervoer	Mitsubishi Estate Co Ltd	2025-12-31	2.414	x1	EUR	https://www.pfvervoer.nl/over-ons/beleggen/spreiden-van-beleggingen
Pensioenfonds Vervoer	Mitsubishi Heavy Industries Lt	2025-12-31	6.757	x1	EUR	https://www.pfvervoer.nl/over-ons/beleggen/spreiden-van-beleggingen
Pensioenfonds Vervoer	Mitsubishi Logistics Corp	2025-12-31	4.253	x1	EUR	https://www.pfvervoer.nl/over-ons/beleggen/spreiden-van-beleggingen
Pensioenfonds Vervoer	Mitsubishi Rayon Co Ltd	2025-12-31	758	x1	EUR	https://www.pfvervoer.nl/over-ons/beleggen/spreiden-van-beleggingen
Pensioenfonds Vervoer	Mitsubishi UFJ Lease & Finance	2025-12-31	737	x1	EUR	https://www.pfvervoer.nl/over-ons/beleggen/spreiden-van-beleggingen
Pensioenfonds Vervoer	Mitsui & Co Ltd	2025-12-31	6.323	x1	EUR	https://www.pfvervoer.nl/over-ons/beleggen/spreiden-van-beleggingen
Pensioenfonds Vervoer	MITSUI CHEMICALS INC	2025-12-31	3.194	x1	EUR	https://www.pfvervoer.nl/over-ons/beleggen/spreiden-van-beleggingen
Pensioenfonds Vervoer	Mitsui Fudosan Co Ltd	2025-12-31	17.106	x1	EUR	https://www.pfvervoer.nl/over-ons/beleggen/spreiden-van-beleggingen
Pensioenfonds Vervoer	Mitsui OSK Lines Ltd	2025-12-31	1.100	x1	EUR	https://www.pfvervoer.nl/over-ons/beleggen/spreiden-van-beleggingen
Pensioenfonds Vervoer	Mitsui Sumitomo Insurance Group Holdings Inc	2025-12-31	6.917	x1	EUR	https://www.pfvervoer.nl/over-ons/beleggen/spreiden-van-beleggingen
Pensioenfonds Vervoer	Mizuho Bank Ltd	2025-12-31	35.744	x1	EUR	https://www.pfvervoer.nl/over-ons/beleggen/spreiden-van-beleggingen
Pensioenfonds Vervoer	Moderna Inc	2025-12-31	34	x1	EUR	https://www.pfvervoer.nl/over-ons/beleggen/spreiden-van-beleggingen
Pensioenfonds Vervoer	MOL Hungarian Oil & Gas PLC	2025-12-31	5.030	x1	EUR	https://www.pfvervoer.nl/over-ons/beleggen/spreiden-van-beleggingen
Pensioenfonds Vervoer	MOLINA HEALTHCARE INC	2025-12-31	541	x1	EUR	https://www.pfvervoer.nl/over-ons/beleggen/spreiden-van-beleggingen
Pensioenfonds Vervoer	Molson Coors Brewing Co	2025-12-31	5.262	x1	EUR	https://www.pfvervoer.nl/over-ons/beleggen/spreiden-van-beleggingen
Pensioenfonds Vervoer	MONGODB INC	2025-12-31	4.108	x1	EUR	https://www.pfvervoer.nl/over-ons/beleggen/spreiden-van-beleggingen
Pensioenfonds Vervoer	MONOLITHIC POWER SYSTEMS INC	2025-12-31	1.462	x1	EUR	https://www.pfvervoer.nl/over-ons/beleggen/spreiden-van-beleggingen
Pensioenfonds Vervoer	MonotaRO Co Ltd	2025-12-31	441	x1	EUR	https://www.pfvervoer.nl/over-ons/beleggen/spreiden-van-beleggingen
Pensioenfonds Vervoer	Monster Beverage Corp	2025-12-31	20.946	x1	EUR	https://www.pfvervoer.nl/over-ons/beleggen/spreiden-van-beleggingen
Pensioenfonds Vervoer	MONTAGE TECHNOLOGY CO LTD	2025-12-31	1.553	x1	EUR	https://www.pfvervoer.nl/over-ons/beleggen/spreiden-van-beleggingen
Pensioenfonds Vervoer	Moody's Corp	2025-12-31	12.722	x1	EUR	https://www.pfvervoer.nl/over-ons/beleggen/spreiden-van-beleggingen
Pensioenfonds Vervoer	Morgan Stanley	2025-12-31	9.275	x1	EUR	https://www.pfvervoer.nl/over-ons/beleggen/spreiden-van-beleggingen
Pensioenfonds Vervoer	MOTION FINCO SAR	2025-12-31	2.287	x1	EUR	https://www.pfvervoer.nl/over-ons/beleggen/spreiden-van-beleggingen
Pensioenfonds Vervoer	Motorola Inc	2025-12-31	17.812	x1	EUR	https://www.pfvervoer.nl/over-ons/beleggen/spreiden-van-beleggingen
Pensioenfonds Vervoer	MOWI ASA	2025-12-31	5.131	x1	EUR	https://www.pfvervoer.nl/over-ons/beleggen/spreiden-van-beleggingen
Pensioenfonds Vervoer	MTU Aero Engines Holding AG	2025-12-31	16.055	x1	EUR	https://www.pfvervoer.nl/over-ons/beleggen/spreiden-van-beleggingen
Pensioenfonds Vervoer	Mueller Industries Inc	2025-12-31	4.247	x1	EUR	https://www.pfvervoer.nl/over-ons/beleggen/spreiden-van-beleggingen
Pensioenfonds Vervoer	Muenchener Rueckversicherungs-Gesellschaft AG	2025-12-31	7.874	x1	EUR	https://www.pfvervoer.nl/over-ons/beleggen/spreiden-van-beleggingen
Pensioenfonds Vervoer	MURATA MANUFACTURING CO LTD	2025-12-31	11.173	x1	EUR	https://www.pfvervoer.nl/over-ons/beleggen/spreiden-van-beleggingen
Pensioenfonds Vervoer	MUTHOOT FINANCE LTD	2025-12-31	1.194	x1	EUR	https://www.pfvervoer.nl/over-ons/beleggen/spreiden-van-beleggingen
Pensioenfonds Vervoer	Namco Bandai Holdings Inc	2025-12-31	1.299	x1	EUR	https://www.pfvervoer.nl/over-ons/beleggen/spreiden-van-beleggingen
Pensioenfonds Vervoer	NANSHAN ALUMINIUM	2025-12-31	522	x1	EUR	https://www.pfvervoer.nl/over-ons/beleggen/spreiden-van-beleggingen
Pensioenfonds Vervoer	NATERA INC	2025-12-31	360	x1	EUR	https://www.pfvervoer.nl/over-ons/beleggen/spreiden-van-beleggingen
Pensioenfonds Vervoer	National Bank of Australia	2025-12-31	6.089	x1	EUR	https://www.pfvervoer.nl/over-ons/beleggen/spreiden-van-beleggingen
Pensioenfonds Vervoer	National Bank of Greece SA	2025-12-31	11.240	x1	EUR	https://www.pfvervoer.nl/over-ons/beleggen/spreiden-van-beleggingen
Pensioenfonds Vervoer	National Grid PLC	2025-12-31	14.244	x1	EUR	https://www.pfvervoer.nl/over-ons/beleggen/spreiden-van-beleggingen
Pensioenfonds Vervoer	NATWEST GROUP PLC	2025-12-31	17.752	x1	EUR	https://www.pfvervoer.nl/over-ons/beleggen/spreiden-van-beleggingen
Pensioenfonds Vervoer	NCR Atleos Corp	2025-12-31	1.384	x1	EUR	https://www.pfvervoer.nl/over-ons/beleggen/spreiden-van-beleggingen
Pensioenfonds Vervoer	NEC CORP	2025-12-31	11.538	x1	EUR	https://www.pfvervoer.nl/over-ons/beleggen/spreiden-van-beleggingen
Pensioenfonds Vervoer	NEC ELECTRONICS CORP	2025-12-31	2.038	x1	EUR	https://www.pfvervoer.nl/over-ons/beleggen/spreiden-van-beleggingen
Pensioenfonds Vervoer	NEPI Rockcastle PLC	2025-12-31	4.579	x1	EUR	https://www.pfvervoer.nl/over-ons/beleggen/spreiden-van-beleggingen
Pensioenfonds Vervoer	Nestle SA	2025-12-31	7.820	x1	EUR	https://www.pfvervoer.nl/over-ons/beleggen/spreiden-van-beleggingen
Pensioenfonds Vervoer	NETAPP INC	2025-12-31	1.177	x1	EUR	https://www.pfvervoer.nl/over-ons/beleggen/spreiden-van-beleggingen
Pensioenfonds Vervoer	NetEase Inc	2025-12-31	16.379	x1	EUR	https://www.pfvervoer.nl/over-ons/beleggen/spreiden-van-beleggingen
Pensioenfonds Vervoer	NetFlix Inc	2025-12-31	62.502	x1	EUR	https://www.pfvervoer.nl/over-ons/beleggen/spreiden-van-beleggingen
Pensioenfonds Vervoer	NetScout Systems Inc	2025-12-31	915	x1	EUR	https://www.pfvervoer.nl/over-ons/beleggen/spreiden-van-beleggingen
Pensioenfonds Vervoer	NEUROCRINE BIOSCIENCES INC	2025-12-31	353	x1	EUR	https://www.pfvervoer.nl/over-ons/beleggen/spreiden-van-beleggingen
Pensioenfonds Vervoer	New China Life Insurance Co Lt	2025-12-31	4.993	x1	EUR	https://www.pfvervoer.nl/over-ons/beleggen/spreiden-van-beleggingen
Pensioenfonds Vervoer	New Linde PLC	2025-12-31	34.688	x1	EUR	https://www.pfvervoer.nl/over-ons/beleggen/spreiden-van-beleggingen
Pensioenfonds Vervoer	New Oriental Education & Techn	2025-12-31	5.097	x1	EUR	https://www.pfvervoer.nl/over-ons/beleggen/spreiden-van-beleggingen
Pensioenfonds Vervoer	New York Times Co	2025-12-31	656	x1	EUR	https://www.pfvervoer.nl/over-ons/beleggen/spreiden-van-beleggingen
Pensioenfonds Vervoer	NEWMARKET CORP	2025-12-31	4.096	x1	EUR	https://www.pfvervoer.nl/over-ons/beleggen/spreiden-van-beleggingen
Pensioenfonds Vervoer	Newmont Mining Corp	2025-12-31	21.928	x1	EUR	https://www.pfvervoer.nl/over-ons/beleggen/spreiden-van-beleggingen
Pensioenfonds Vervoer	Nexi SpA	2025-12-31	248	x1	EUR	https://www.pfvervoer.nl/over-ons/beleggen/spreiden-van-beleggingen
Pensioenfonds Vervoer	Nexon Co Ltd	2025-12-31	1.333	x1	EUR	https://www.pfvervoer.nl/over-ons/beleggen/spreiden-van-beleggingen
Pensioenfonds Vervoer	Nexstar Broadcasting Group Inc	2025-12-31	3.040	x1	EUR	https://www.pfvervoer.nl/over-ons/beleggen/spreiden-van-beleggingen
Pensioenfonds Vervoer	NEXT PLC	2025-12-31	13.889	x1	EUR	https://www.pfvervoer.nl/over-ons/beleggen/spreiden-van-beleggingen
Pensioenfonds Vervoer	Nextera Energy Capital	2025-12-31	7.288	x1	EUR	https://www.pfvervoer.nl/over-ons/beleggen/spreiden-van-beleggingen
Pensioenfonds Vervoer	NICE Systems Ltd	2025-12-31	3.746	x1	EUR	https://www.pfvervoer.nl/over-ons/beleggen/spreiden-van-beleggingen
Pensioenfonds Vervoer	Nidec Corp	2025-12-31	1.422	x1	EUR	https://www.pfvervoer.nl/over-ons/beleggen/spreiden-van-beleggingen
Pensioenfonds Vervoer	Nien Made Enterprise Co Ltd	2025-12-31	1.233	x1	EUR	https://www.pfvervoer.nl/over-ons/beleggen/spreiden-van-beleggingen
Pensioenfonds Vervoer	Nihon Unisys Ltd	2025-12-31	1.196	x1	EUR	https://www.pfvervoer.nl/over-ons/beleggen/spreiden-van-beleggingen
Pensioenfonds Vervoer	NII Holdings Inc	2025-12-31	74	x1	EUR	https://www.pfvervoer.nl/over-ons/beleggen/spreiden-van-beleggingen
Pensioenfonds Vervoer	NIKE Inc	2025-12-31	92	x1	EUR	https://www.pfvervoer.nl/over-ons/beleggen/spreiden-van-beleggingen
Pensioenfonds Vervoer	Nippon	2025-12-31	3.862	x1	EUR	https://www.pfvervoer.nl/over-ons/beleggen/spreiden-van-beleggingen
Pensioenfonds Vervoer	Nippon Oil Corp	2025-12-31	2.106	x1	EUR	https://www.pfvervoer.nl/over-ons/beleggen/spreiden-van-beleggingen
Pensioenfonds Vervoer	Nippon Paint Co Ltd	2025-12-31	4.288	x1	EUR	https://www.pfvervoer.nl/over-ons/beleggen/spreiden-van-beleggingen
Pensioenfonds Vervoer	Nippon Steel & Sumitomo Metal	2025-12-31	1.659	x1	EUR	https://www.pfvervoer.nl/over-ons/beleggen/spreiden-van-beleggingen
Pensioenfonds Vervoer	Nippon Telegraph & Telephone C	2025-12-31	21.901	x1	EUR	https://www.pfvervoer.nl/over-ons/beleggen/spreiden-van-beleggingen
Pensioenfonds Vervoer	Nippon Yusen Kabushiki	2025-12-31	1.179	x1	EUR	https://www.pfvervoer.nl/over-ons/beleggen/spreiden-van-beleggingen
Pensioenfonds Vervoer	Nissan Chemical Industries Ltd	2025-12-31	3.768	x1	EUR	https://www.pfvervoer.nl/over-ons/beleggen/spreiden-van-beleggingen
Pensioenfonds Vervoer	NISSAN MOTOR CO LTD	2025-12-31	581	x1	EUR	https://www.pfvervoer.nl/over-ons/beleggen/spreiden-van-beleggingen
Pensioenfonds Vervoer	Niterra Co Ltd	2025-12-31	1.459	x1	EUR	https://www.pfvervoer.nl/over-ons/beleggen/spreiden-van-beleggingen
Pensioenfonds Vervoer	Nitori Co Ltd	2025-12-31	4.662	x1	EUR	https://www.pfvervoer.nl/over-ons/beleggen/spreiden-van-beleggingen
Pensioenfonds Vervoer	Nitto Denko Corp	2025-12-31	12.034	x1	EUR	https://www.pfvervoer.nl/over-ons/beleggen/spreiden-van-beleggingen
Pensioenfonds Vervoer	NNIT A/S	2025-12-31	3.862	x1	EUR	https://www.pfvervoer.nl/over-ons/beleggen/spreiden-van-beleggingen
Pensioenfonds Vervoer	Nokia Oyj	2025-12-31	5.449	x1	EUR	https://www.pfvervoer.nl/over-ons/beleggen/spreiden-van-beleggingen
Pensioenfonds Vervoer	Nomura International PLC	2025-12-31	10.038	x1	EUR	https://www.pfvervoer.nl/over-ons/beleggen/spreiden-van-beleggingen
Pensioenfonds Vervoer	Nomura Research Institute Ltd	2025-12-31	15.710	x1	EUR	https://www.pfvervoer.nl/over-ons/beleggen/spreiden-van-beleggingen
Pensioenfonds Vervoer	Nordea Bank Abp	2025-12-31	17.248	x1	EUR	https://www.pfvervoer.nl/over-ons/beleggen/spreiden-van-beleggingen
Pensioenfonds Vervoer	Northern Star Resources Ltd	2025-12-31	2.394	x1	EUR	https://www.pfvervoer.nl/over-ons/beleggen/spreiden-van-beleggingen
Pensioenfonds Vervoer	Northern Trust Corp	2025-12-31	895	x1	EUR	https://www.pfvervoer.nl/over-ons/beleggen/spreiden-van-beleggingen
Pensioenfonds Vervoer	NOVARTIS AG	2025-12-31	46.300	x1	EUR	https://www.pfvervoer.nl/over-ons/beleggen/spreiden-van-beleggingen
Pensioenfonds Vervoer	Novatek Microelectronics Corp	2025-12-31	5.270	x1	EUR	https://www.pfvervoer.nl/over-ons/beleggen/spreiden-van-beleggingen
Pensioenfonds Vervoer	NUTANIX INC	2025-12-31	391	x1	EUR	https://www.pfvervoer.nl/over-ons/beleggen/spreiden-van-beleggingen
Pensioenfonds Vervoer	nVent Electric PLC	2025-12-31	22	x1	EUR	https://www.pfvervoer.nl/over-ons/beleggen/spreiden-van-beleggingen
Pensioenfonds Vervoer	NVIDIA Corp	2025-12-31	435.481	x1	EUR	https://www.pfvervoer.nl/over-ons/beleggen/spreiden-van-beleggingen
Pensioenfonds Vervoer	NVR INC	2025-12-31	3.235	x1	EUR	https://www.pfvervoer.nl/over-ons/beleggen/spreiden-van-beleggingen
Pensioenfonds Vervoer	NXP Semiconductor NV	2025-12-31	172	x1	EUR	https://www.pfvervoer.nl/over-ons/beleggen/spreiden-van-beleggingen
Pensioenfonds Vervoer	Obayashi Corp	2025-12-31	4.851	x1	EUR	https://www.pfvervoer.nl/over-ons/beleggen/spreiden-van-beleggingen
Pensioenfonds Vervoer	Obic Co Ltd	2025-12-31	1.448	x1	EUR	https://www.pfvervoer.nl/over-ons/beleggen/spreiden-van-beleggingen
Pensioenfonds Vervoer	Oddity Tech Ltd	2025-12-31	546	x1	EUR	https://www.pfvervoer.nl/over-ons/beleggen/spreiden-van-beleggingen
Pensioenfonds Vervoer	Oil & Natural Gas Corp Ltd	2025-12-31	7.241	x1	EUR	https://www.pfvervoer.nl/over-ons/beleggen/spreiden-van-beleggingen
Pensioenfonds Vervoer	Okamura Corp	2025-12-31	2.223	x1	EUR	https://www.pfvervoer.nl/over-ons/beleggen/spreiden-van-beleggingen
Pensioenfonds Vervoer	OKTA INC	2025-12-31	152	x1	EUR	https://www.pfvervoer.nl/over-ons/beleggen/spreiden-van-beleggingen
Pensioenfonds Vervoer	Old Dominion Freight Line Inc	2025-12-31	866	x1	EUR	https://www.pfvervoer.nl/over-ons/beleggen/spreiden-van-beleggingen
Pensioenfonds Vervoer	Old Mutual Ltd	2025-12-31	8.161	x1	EUR	https://www.pfvervoer.nl/over-ons/beleggen/spreiden-van-beleggingen
Pensioenfonds Vervoer	Old Mutual PLC	2025-12-31	12.768	x1	EUR	https://www.pfvervoer.nl/over-ons/beleggen/spreiden-van-beleggingen
Pensioenfonds Vervoer	OMEGA HLTHCARE INVESTORS	2025-12-31	3.383	x1	EUR	https://www.pfvervoer.nl/over-ons/beleggen/spreiden-van-beleggingen
Pensioenfonds Vervoer	ON SEMICONDUCTOR CORP	2025-12-31	61	x1	EUR	https://www.pfvervoer.nl/over-ons/beleggen/spreiden-van-beleggingen
Pensioenfonds Vervoer	Oneok Inc	2025-12-31	895	x1	EUR	https://www.pfvervoer.nl/over-ons/beleggen/spreiden-van-beleggingen
Pensioenfonds Vervoer	Ono Pharmaceutical Co Ltd	2025-12-31	2.268	x1	EUR	https://www.pfvervoer.nl/over-ons/beleggen/spreiden-van-beleggingen
Pensioenfonds Vervoer	Onto Innovation Inc	2025-12-31	59	x1	EUR	https://www.pfvervoer.nl/over-ons/beleggen/spreiden-van-beleggingen
Pensioenfonds Vervoer	OPAP SA	2025-12-31	5.222	x1	EUR	https://www.pfvervoer.nl/over-ons/beleggen/spreiden-van-beleggingen
Pensioenfonds Vervoer	Open House Co Ltd	2025-12-31	1.860	x1	EUR	https://www.pfvervoer.nl/over-ons/beleggen/spreiden-van-beleggingen
Pensioenfonds Vervoer	OPEN TEXT CORP	2025-12-31	2.500	x1	EUR	https://www.pfvervoer.nl/over-ons/beleggen/spreiden-van-beleggingen
Pensioenfonds Vervoer	Oracle Corp	2025-12-31	35.692	x1	EUR	https://www.pfvervoer.nl/over-ons/beleggen/spreiden-van-beleggingen
Pensioenfonds Vervoer	Orange SA	2025-12-31	20.038	x1	EUR	https://www.pfvervoer.nl/over-ons/beleggen/spreiden-van-beleggingen
Pensioenfonds Vervoer	ORGANON & CO	2025-12-31	1.016	x1	EUR	https://www.pfvervoer.nl/over-ons/beleggen/spreiden-van-beleggingen
Pensioenfonds Vervoer	Oriental Land Co Ltd	2025-12-31	2.528	x1	EUR	https://www.pfvervoer.nl/over-ons/beleggen/spreiden-van-beleggingen
Pensioenfonds Vervoer	Orion OYJ	2025-12-31	1.286	x1	EUR	https://www.pfvervoer.nl/over-ons/beleggen/spreiden-van-beleggingen
Pensioenfonds Vervoer	ORLEN SA	2025-12-31	2.540	x1	EUR	https://www.pfvervoer.nl/over-ons/beleggen/spreiden-van-beleggingen
Pensioenfonds Vervoer	Osaka Gas Co Ltd	2025-12-31	1.259	x1	EUR	https://www.pfvervoer.nl/over-ons/beleggen/spreiden-van-beleggingen
Pensioenfonds Vervoer	Osaka Securities Exchange Co L	2025-12-31	2.201	x1	EUR	https://www.pfvervoer.nl/over-ons/beleggen/spreiden-van-beleggingen
Pensioenfonds Vervoer	Oshkosh Corp	2025-12-31	4.610	x1	EUR	https://www.pfvervoer.nl/over-ons/beleggen/spreiden-van-beleggingen
Pensioenfonds Vervoer	OTP BANK PLC	2025-12-31	13.387	x1	EUR	https://www.pfvervoer.nl/over-ons/beleggen/spreiden-van-beleggingen
Pensioenfonds Vervoer	OTSUKA CORP	2025-12-31	712	x1	EUR	https://www.pfvervoer.nl/over-ons/beleggen/spreiden-van-beleggingen
Pensioenfonds Vervoer	Otsuka Holdings Co Ltd	2025-12-31	6.394	x1	EUR	https://www.pfvervoer.nl/over-ons/beleggen/spreiden-van-beleggingen
Pensioenfonds Vervoer	Owens Corning Inc	2025-12-31	3.135	x1	EUR	https://www.pfvervoer.nl/over-ons/beleggen/spreiden-van-beleggingen
Pensioenfonds Vervoer	Pagaya Technologies Ltd	2025-12-31	600	x1	EUR	https://www.pfvervoer.nl/over-ons/beleggen/spreiden-van-beleggingen
Pensioenfonds Vervoer	Page Industries Ltd	2025-12-31	513	x1	EUR	https://www.pfvervoer.nl/over-ons/beleggen/spreiden-van-beleggingen
Pensioenfonds Vervoer	PALANTIR TECHNOLOGIES INC	2025-12-31	30.022	x1	EUR	https://www.pfvervoer.nl/over-ons/beleggen/spreiden-van-beleggingen
Pensioenfonds Vervoer	Palo Alto Networks Inc	2025-12-31	2.176	x1	EUR	https://www.pfvervoer.nl/over-ons/beleggen/spreiden-van-beleggingen
Pensioenfonds Vervoer	Panasonic Corp	2025-12-31	2.520	x1	EUR	https://www.pfvervoer.nl/over-ons/beleggen/spreiden-van-beleggingen
Pensioenfonds Vervoer	Partners Group Holding AG	2025-12-31	3.950	x1	EUR	https://www.pfvervoer.nl/over-ons/beleggen/spreiden-van-beleggingen
Pensioenfonds Vervoer	Paychex Inc	2025-12-31	979	x1	EUR	https://www.pfvervoer.nl/over-ons/beleggen/spreiden-van-beleggingen
Pensioenfonds Vervoer	Paylocity Holding Corp	2025-12-31	1.228	x1	EUR	https://www.pfvervoer.nl/over-ons/beleggen/spreiden-van-beleggingen
Pensioenfonds Vervoer	PAYPAL HOLDINGS INC	2025-12-31	11.479	x1	EUR	https://www.pfvervoer.nl/over-ons/beleggen/spreiden-van-beleggingen
Pensioenfonds Vervoer	Pearson PLC	2025-12-31	1.571	x1	EUR	https://www.pfvervoer.nl/over-ons/beleggen/spreiden-van-beleggingen
Pensioenfonds Vervoer	Pegasystems Inc	2025-12-31	304	x1	EUR	https://www.pfvervoer.nl/over-ons/beleggen/spreiden-van-beleggingen
Pensioenfonds Vervoer	Pentair Inc	2025-12-31	1.845	x1	EUR	https://www.pfvervoer.nl/over-ons/beleggen/spreiden-van-beleggingen
Pensioenfonds Vervoer	PepsiCo Inc /NC	2025-12-31	1.420	x1	EUR	https://www.pfvervoer.nl/over-ons/beleggen/spreiden-van-beleggingen
Pensioenfonds Vervoer	PERNOD RICARD	2025-12-31	9.234	x1	EUR	https://www.pfvervoer.nl/over-ons/beleggen/spreiden-van-beleggingen
Pensioenfonds Vervoer	Petrindo Jaya Kreasi Tbk PT	2025-12-31	1.028	x1	EUR	https://www.pfvervoer.nl/over-ons/beleggen/spreiden-van-beleggingen
Pensioenfonds Vervoer	Petroleo Brasileiro SA	2025-12-31	4.240	x1	EUR	https://www.pfvervoer.nl/over-ons/beleggen/spreiden-van-beleggingen
Pensioenfonds Vervoer	Petronet LNG Ltd	2025-12-31	2.257	x1	EUR	https://www.pfvervoer.nl/over-ons/beleggen/spreiden-van-beleggingen
Pensioenfonds Vervoer	PG&E Corp	2025-12-31	1.099	x1	EUR	https://www.pfvervoer.nl/over-ons/beleggen/spreiden-van-beleggingen
Pensioenfonds Vervoer	PHARMAESSENTIA CORP	2025-12-31	1.652	x1	EUR	https://www.pfvervoer.nl/over-ons/beleggen/spreiden-van-beleggingen
Pensioenfonds Vervoer	PHI Group Inc/DE	2025-12-31	4.619	x1	EUR	https://www.pfvervoer.nl/over-ons/beleggen/spreiden-van-beleggingen
Pensioenfonds Vervoer	Phinia Inc	2025-12-31	1.874	x1	EUR	https://www.pfvervoer.nl/over-ons/beleggen/spreiden-van-beleggingen
Pensioenfonds Vervoer	Phoenix holdings ltd	2025-12-31	2.832	x1	EUR	https://www.pfvervoer.nl/over-ons/beleggen/spreiden-van-beleggingen
Pensioenfonds Vervoer	Phoenix Mills Ltd/The	2025-12-31	2.883	x1	EUR	https://www.pfvervoer.nl/over-ons/beleggen/spreiden-van-beleggingen
Pensioenfonds Vervoer	Pidilite Industries Ltd	2025-12-31	2.570	x1	EUR	https://www.pfvervoer.nl/over-ons/beleggen/spreiden-van-beleggingen
Pensioenfonds Vervoer	Piedmont Office Realty Trust I	2025-12-31	1.334	x1	EUR	https://www.pfvervoer.nl/over-ons/beleggen/spreiden-van-beleggingen
Pensioenfonds Vervoer	Pinduoduo Inc	2025-12-31	2.191	x1	EUR	https://www.pfvervoer.nl/over-ons/beleggen/spreiden-van-beleggingen
Pensioenfonds Vervoer	PING AN	2025-12-31	477	x1	EUR	https://www.pfvervoer.nl/over-ons/beleggen/spreiden-van-beleggingen
Pensioenfonds Vervoer	Ping An Bank Co Ltd	2025-12-31	559	x1	EUR	https://www.pfvervoer.nl/over-ons/beleggen/spreiden-van-beleggingen
Pensioenfonds Vervoer	Ping An Insurance Group Co of	2025-12-31	23.491	x1	EUR	https://www.pfvervoer.nl/over-ons/beleggen/spreiden-van-beleggingen
Pensioenfonds Vervoer	Piotech Inc	2025-12-31	14	x1	EUR	https://www.pfvervoer.nl/over-ons/beleggen/spreiden-van-beleggingen
Pensioenfonds Vervoer	PLAINS EXPLORATION & PRO	2025-12-31	569	x1	EUR	https://www.pfvervoer.nl/over-ons/beleggen/spreiden-van-beleggingen
Pensioenfonds Vervoer	Playtika Holding Corp	2025-12-31	652	x1	EUR	https://www.pfvervoer.nl/over-ons/beleggen/spreiden-van-beleggingen
Pensioenfonds Vervoer	Pluxee France SA	2025-12-31	2.613	x1	EUR	https://www.pfvervoer.nl/over-ons/beleggen/spreiden-van-beleggingen
Pensioenfonds Vervoer	PNC Financial Services Group I	2025-12-31	633	x1	EUR	https://www.pfvervoer.nl/over-ons/beleggen/spreiden-van-beleggingen
Pensioenfonds Vervoer	Popular Inc	2025-12-31	4.605	x1	EUR	https://www.pfvervoer.nl/over-ons/beleggen/spreiden-van-beleggingen
Pensioenfonds Vervoer	Powszechna Kasa Oszczednosci B	2025-12-31	9.266	x1	EUR	https://www.pfvervoer.nl/over-ons/beleggen/spreiden-van-beleggingen
Pensioenfonds Vervoer	Powszechny Zaklad Ubezpieczen	2025-12-31	1.558	x1	EUR	https://www.pfvervoer.nl/over-ons/beleggen/spreiden-van-beleggingen
Pensioenfonds Vervoer	Prada SpA	2025-12-31	930	x1	EUR	https://www.pfvervoer.nl/over-ons/beleggen/spreiden-van-beleggingen
Pensioenfonds Vervoer	Press Metal Aluminium Holdings	2025-12-31	285	x1	EUR	https://www.pfvervoer.nl/over-ons/beleggen/spreiden-van-beleggingen
Pensioenfonds Vervoer	Pro Medicus Ltd	2025-12-31	3.603	x1	EUR	https://www.pfvervoer.nl/over-ons/beleggen/spreiden-van-beleggingen
Pensioenfonds Vervoer	PROCTER & GAMBLE CO	2025-12-31	40.832	x1	EUR	https://www.pfvervoer.nl/over-ons/beleggen/spreiden-van-beleggingen
Pensioenfonds Vervoer	Progressive Corp	2025-12-31	17.426	x1	EUR	https://www.pfvervoer.nl/over-ons/beleggen/spreiden-van-beleggingen
Pensioenfonds Vervoer	PROLOGIS LP	2025-12-31	7.938	x1	EUR	https://www.pfvervoer.nl/over-ons/beleggen/spreiden-van-beleggingen
Pensioenfonds Vervoer	Promotora y Operadora de Infra	2025-12-31	324	x1	EUR	https://www.pfvervoer.nl/over-ons/beleggen/spreiden-van-beleggingen
Pensioenfonds Vervoer	Prosus NV	2025-12-31	20.244	x1	EUR	https://www.pfvervoer.nl/over-ons/beleggen/spreiden-van-beleggingen
Pensioenfonds Vervoer	Prudential Financial Inc	2025-12-31	443	x1	EUR	https://www.pfvervoer.nl/over-ons/beleggen/spreiden-van-beleggingen
Pensioenfonds Vervoer	PRUDENTIAL PLC	2025-12-31	25.901	x1	EUR	https://www.pfvervoer.nl/over-ons/beleggen/spreiden-van-beleggingen
Pensioenfonds Vervoer	Prysmian SpA	2025-12-31	9.329	x1	EUR	https://www.pfvervoer.nl/over-ons/beleggen/spreiden-van-beleggingen
Pensioenfonds Vervoer	PTC INC	2025-12-31	668	x1	EUR	https://www.pfvervoer.nl/over-ons/beleggen/spreiden-van-beleggingen
Pensioenfonds Vervoer	PTT Exploration & Production P	2025-12-31	2.806	x1	EUR	https://www.pfvervoer.nl/over-ons/beleggen/spreiden-van-beleggingen
Pensioenfonds Vervoer	Public Service Enterprise Grou	2025-12-31	845	x1	EUR	https://www.pfvervoer.nl/over-ons/beleggen/spreiden-van-beleggingen
Pensioenfonds Vervoer	PULTE GROUP INC	2025-12-31	7.279	x1	EUR	https://www.pfvervoer.nl/over-ons/beleggen/spreiden-van-beleggingen
Pensioenfonds Vervoer	Punjab National Bank	2025-12-31	1.989	x1	EUR	https://www.pfvervoer.nl/over-ons/beleggen/spreiden-van-beleggingen
Pensioenfonds Vervoer	Pure Storage Inc	2025-12-31	686	x1	EUR	https://www.pfvervoer.nl/over-ons/beleggen/spreiden-van-beleggingen
Pensioenfonds Vervoer	PVH Corp	2025-12-31	1.946	x1	EUR	https://www.pfvervoer.nl/over-ons/beleggen/spreiden-van-beleggingen
Pensioenfonds Vervoer	Qantas Airways Ltd	2025-12-31	484	x1	EUR	https://www.pfvervoer.nl/over-ons/beleggen/spreiden-van-beleggingen
Pensioenfonds Vervoer	QBE Insurance Group Ltd	2025-12-31	1.747	x1	EUR	https://www.pfvervoer.nl/over-ons/beleggen/spreiden-van-beleggingen
Pensioenfonds Vervoer	QIAGEN NV	2025-12-31	357	x1	EUR	https://www.pfvervoer.nl/over-ons/beleggen/spreiden-van-beleggingen
Pensioenfonds Vervoer	Qimonda AG	2025-12-31	708	x1	EUR	https://www.pfvervoer.nl/over-ons/beleggen/spreiden-van-beleggingen
Pensioenfonds Vervoer	QNB Finance Ltd	2025-12-31	4.875	x1	EUR	https://www.pfvervoer.nl/over-ons/beleggen/spreiden-van-beleggingen
Pensioenfonds Vervoer	Qorvo Inc	2025-12-31	704	x1	EUR	https://www.pfvervoer.nl/over-ons/beleggen/spreiden-van-beleggingen
Pensioenfonds Vervoer	QUALCOMM Inc	2025-12-31	39.598	x1	EUR	https://www.pfvervoer.nl/over-ons/beleggen/spreiden-van-beleggingen
Pensioenfonds Vervoer	Quanta Computer Inc	2025-12-31	11.152	x1	EUR	https://www.pfvervoer.nl/over-ons/beleggen/spreiden-van-beleggingen
Pensioenfonds Vervoer	Quanta Services Inc	2025-12-31	22.733	x1	EUR	https://www.pfvervoer.nl/over-ons/beleggen/spreiden-van-beleggingen
Pensioenfonds Vervoer	RADIAN GROUP INC	2025-12-31	4.750	x1	EUR	https://www.pfvervoer.nl/over-ons/beleggen/spreiden-van-beleggingen
Pensioenfonds Vervoer	Raia Drogasil SA	2025-12-31	3.862	x1	EUR	https://www.pfvervoer.nl/over-ons/beleggen/spreiden-van-beleggingen
Pensioenfonds Vervoer	RAKUTEN INC	2025-12-31	811	x1	EUR	https://www.pfvervoer.nl/over-ons/beleggen/spreiden-van-beleggingen
Pensioenfonds Vervoer	Ranbaxy Laboratories Ltd	2025-12-31	19.415	x1	EUR	https://www.pfvervoer.nl/over-ons/beleggen/spreiden-van-beleggingen
Pensioenfonds Vervoer	REA Group Ltd	2025-12-31	634	x1	EUR	https://www.pfvervoer.nl/over-ons/beleggen/spreiden-van-beleggingen
Pensioenfonds Vervoer	Realtek Semiconductor Corp	2025-12-31	9.104	x1	EUR	https://www.pfvervoer.nl/over-ons/beleggen/spreiden-van-beleggingen
Pensioenfonds Vervoer	REC Ltd	2025-12-31	2.385	x1	EUR	https://www.pfvervoer.nl/over-ons/beleggen/spreiden-van-beleggingen
Pensioenfonds Vervoer	Reckitt Benckiser Group PLC	2025-12-31	26.495	x1	EUR	https://www.pfvervoer.nl/over-ons/beleggen/spreiden-van-beleggingen
Pensioenfonds Vervoer	Recordati SpA	2025-12-31	1.513	x1	EUR	https://www.pfvervoer.nl/over-ons/beleggen/spreiden-van-beleggingen
Pensioenfonds Vervoer	RECRUIT HOLDINGS CO LTD	2025-12-31	29.346	x1	EUR	https://www.pfvervoer.nl/over-ons/beleggen/spreiden-van-beleggingen
Pensioenfonds Vervoer	Red Electrica Corp SA	2025-12-31	3.417	x1	EUR	https://www.pfvervoer.nl/over-ons/beleggen/spreiden-van-beleggingen
Pensioenfonds Vervoer	Reddit Inc	2025-12-31	7.960	x1	EUR	https://www.pfvervoer.nl/over-ons/beleggen/spreiden-van-beleggingen
Pensioenfonds Vervoer	Rede D'Or Sao Luiz SA	2025-12-31	5.668	x1	EUR	https://www.pfvervoer.nl/over-ons/beleggen/spreiden-van-beleggingen
Pensioenfonds Vervoer	Regeneron Pharmaceuticals Inc	2025-12-31	8.080	x1	EUR	https://www.pfvervoer.nl/over-ons/beleggen/spreiden-van-beleggingen
Pensioenfonds Vervoer	REGIONS FINANCIAL CORP	2025-12-31	4.984	x1	EUR	https://www.pfvervoer.nl/over-ons/beleggen/spreiden-van-beleggingen
Pensioenfonds Vervoer	Reliance Industries Ltd	2025-12-31	16.446	x1	EUR	https://www.pfvervoer.nl/over-ons/beleggen/spreiden-van-beleggingen
Pensioenfonds Vervoer	RELX PLC	2025-12-31	12.305	x1	EUR	https://www.pfvervoer.nl/over-ons/beleggen/spreiden-van-beleggingen
Pensioenfonds Vervoer	REMY COINTREAU SA	2025-12-31	2.797	x1	EUR	https://www.pfvervoer.nl/over-ons/beleggen/spreiden-van-beleggingen
Pensioenfonds Vervoer	RENAISSANCERE HOLDINGS LTD	2025-12-31	660	x1	EUR	https://www.pfvervoer.nl/over-ons/beleggen/spreiden-van-beleggingen
Pensioenfonds Vervoer	Rengo Co Ltd	2025-12-31	3.027	x1	EUR	https://www.pfvervoer.nl/over-ons/beleggen/spreiden-van-beleggingen
Pensioenfonds Vervoer	Repros Therapeutics Inc	2025-12-31	1.625	x1	EUR	https://www.pfvervoer.nl/over-ons/beleggen/spreiden-van-beleggingen
Pensioenfonds Vervoer	Republic Services Inc	2025-12-31	4.448	x1	EUR	https://www.pfvervoer.nl/over-ons/beleggen/spreiden-van-beleggingen
Pensioenfonds Vervoer	ResMed Inc	2025-12-31	7.136	x1	EUR	https://www.pfvervoer.nl/over-ons/beleggen/spreiden-van-beleggingen
Pensioenfonds Vervoer	Resona Bank Ltd	2025-12-31	18.028	x1	EUR	https://www.pfvervoer.nl/over-ons/beleggen/spreiden-van-beleggingen
Pensioenfonds Vervoer	Rexford Industrial Realty Inc	2025-12-31	6.573	x1	EUR	https://www.pfvervoer.nl/over-ons/beleggen/spreiden-van-beleggingen
Pensioenfonds Vervoer	RHB Bank Bhd	2025-12-31	5.732	x1	EUR	https://www.pfvervoer.nl/over-ons/beleggen/spreiden-van-beleggingen
Pensioenfonds Vervoer	RHEINMETALL AG	2025-12-31	9.777	x1	EUR	https://www.pfvervoer.nl/over-ons/beleggen/spreiden-van-beleggingen
Pensioenfonds Vervoer	RICOH CO LTD	2025-12-31	1.558	x1	EUR	https://www.pfvervoer.nl/over-ons/beleggen/spreiden-van-beleggingen
Pensioenfonds Vervoer	RingCentral Inc	2025-12-31	708	x1	EUR	https://www.pfvervoer.nl/over-ons/beleggen/spreiden-van-beleggingen
Pensioenfonds Vervoer	Rinnai Corp	2025-12-31	6.579	x1	EUR	https://www.pfvervoer.nl/over-ons/beleggen/spreiden-van-beleggingen
Pensioenfonds Vervoer	Rio Tinto Ltd	2025-12-31	17.448	x1	EUR	https://www.pfvervoer.nl/over-ons/beleggen/spreiden-van-beleggingen
Pensioenfonds Vervoer	RIVIAN AUTOMOTIVE INC	2025-12-31	7.140	x1	EUR	https://www.pfvervoer.nl/over-ons/beleggen/spreiden-van-beleggingen
Pensioenfonds Vervoer	ROBINHOOD MARKETS INC	2025-12-31	9.993	x1	EUR	https://www.pfvervoer.nl/over-ons/beleggen/spreiden-van-beleggingen
Pensioenfonds Vervoer	ROBLOX Corp	2025-12-31	1.559	x1	EUR	https://www.pfvervoer.nl/over-ons/beleggen/spreiden-van-beleggingen
Pensioenfonds Vervoer	Rocca & Partners Stichting Adm	2025-12-31	5.092	x1	EUR	https://www.pfvervoer.nl/over-ons/beleggen/spreiden-van-beleggingen
Pensioenfonds Vervoer	Roche Holding AG	2025-12-31	34.509	x1	EUR	https://www.pfvervoer.nl/over-ons/beleggen/spreiden-van-beleggingen
Pensioenfonds Vervoer	Rocket Cos Inc	2025-12-31	286	x1	EUR	https://www.pfvervoer.nl/over-ons/beleggen/spreiden-van-beleggingen
Pensioenfonds Vervoer	Rocket Lab USA Inc	2025-12-31	1.229	x1	EUR	https://www.pfvervoer.nl/over-ons/beleggen/spreiden-van-beleggingen
Pensioenfonds Vervoer	Rockwell Automation Inc /DE	2025-12-31	14.977	x1	EUR	https://www.pfvervoer.nl/over-ons/beleggen/spreiden-van-beleggingen
Pensioenfonds Vervoer	ROCKWOOL INTERNATIONAL A/S	2025-12-31	1.602	x1	EUR	https://www.pfvervoer.nl/over-ons/beleggen/spreiden-van-beleggingen
Pensioenfonds Vervoer	Rogers Communications Inc	2025-12-31	1.598	x1	EUR	https://www.pfvervoer.nl/over-ons/beleggen/spreiden-van-beleggingen
Pensioenfonds Vervoer	ROKU INC	2025-12-31	1.727	x1	EUR	https://www.pfvervoer.nl/over-ons/beleggen/spreiden-van-beleggingen
Pensioenfonds Vervoer	Rollins Inc	2025-12-31	4.355	x1	EUR	https://www.pfvervoer.nl/over-ons/beleggen/spreiden-van-beleggingen
Pensioenfonds Vervoer	ROPER INDUSTRIES INC	2025-12-31	2.104	x1	EUR	https://www.pfvervoer.nl/over-ons/beleggen/spreiden-van-beleggingen
Pensioenfonds Vervoer	ROSS STORES INC	2025-12-31	813	x1	EUR	https://www.pfvervoer.nl/over-ons/beleggen/spreiden-van-beleggingen
Pensioenfonds Vervoer	ROYAL BK CANADA	2025-12-31	3.827	x1	EUR	https://www.pfvervoer.nl/over-ons/beleggen/spreiden-van-beleggingen
Pensioenfonds Vervoer	Rpm International Inc	2025-12-31	13.032	x1	EUR	https://www.pfvervoer.nl/over-ons/beleggen/spreiden-van-beleggingen
Pensioenfonds Vervoer	RRD PARENT INC	2025-12-31	1.638	x1	EUR	https://www.pfvervoer.nl/over-ons/beleggen/spreiden-van-beleggingen
Pensioenfonds Vervoer	RUBRIK INC	2025-12-31	401	x1	EUR	https://www.pfvervoer.nl/over-ons/beleggen/spreiden-van-beleggingen
Pensioenfonds Vervoer	RYANAIR HOLDINGS PLC	2025-12-31	9.993	x1	EUR	https://www.pfvervoer.nl/over-ons/beleggen/spreiden-van-beleggingen
Pensioenfonds Vervoer	Ryder System Inc	2025-12-31	5.850	x1	EUR	https://www.pfvervoer.nl/over-ons/beleggen/spreiden-van-beleggingen
Pensioenfonds Vervoer	Ryohin Keikaku Co Ltd	2025-12-31	2.808	x1	EUR	https://www.pfvervoer.nl/over-ons/beleggen/spreiden-van-beleggingen
Pensioenfonds Vervoer	S&P Global Inc	2025-12-31	21.614	x1	EUR	https://www.pfvervoer.nl/over-ons/beleggen/spreiden-van-beleggingen
Pensioenfonds Vervoer	Safestore Holdings PLC	2025-12-31	4.258	x1	EUR	https://www.pfvervoer.nl/over-ons/beleggen/spreiden-van-beleggingen
Pensioenfonds Vervoer	Sagax AB	2025-12-31	1.381	x1	EUR	https://www.pfvervoer.nl/over-ons/beleggen/spreiden-van-beleggingen
Pensioenfonds Vervoer	Sage Group PLC/The	2025-12-31	2.834	x1	EUR	https://www.pfvervoer.nl/over-ons/beleggen/spreiden-van-beleggingen
Pensioenfonds Vervoer	Salesforce Inc	2025-12-31	35.277	x1	EUR	https://www.pfvervoer.nl/over-ons/beleggen/spreiden-van-beleggingen
Pensioenfonds Vervoer	SALLY BEAUTY HOLDINGS INC	2025-12-31	2.716	x1	EUR	https://www.pfvervoer.nl/over-ons/beleggen/spreiden-van-beleggingen
Pensioenfonds Vervoer	Salmar ASA	2025-12-31	1.939	x1	EUR	https://www.pfvervoer.nl/over-ons/beleggen/spreiden-van-beleggingen
Pensioenfonds Vervoer	Sampo Oyj	2025-12-31	22.230	x1	EUR	https://www.pfvervoer.nl/over-ons/beleggen/spreiden-van-beleggingen
Pensioenfonds Vervoer	SAMSARA INC	2025-12-31	590	x1	EUR	https://www.pfvervoer.nl/over-ons/beleggen/spreiden-van-beleggingen
Pensioenfonds Vervoer	Samsung Biologics Co Ltd	2025-12-31	3.153	x1	EUR	https://www.pfvervoer.nl/over-ons/beleggen/spreiden-van-beleggingen
Pensioenfonds Vervoer	Samsung E&A Co Ltd	2025-12-31	1.331	x1	EUR	https://www.pfvervoer.nl/over-ons/beleggen/spreiden-van-beleggingen
Pensioenfonds Vervoer	SAMSUNG ELECTRONICS CO LTD	2025-12-31	112.178	x1	EUR	https://www.pfvervoer.nl/over-ons/beleggen/spreiden-van-beleggingen
Pensioenfonds Vervoer	Samsung Episholdings Co Ltd	2025-12-31	655	x1	EUR	https://www.pfvervoer.nl/over-ons/beleggen/spreiden-van-beleggingen
Pensioenfonds Vervoer	Samsung Heavy Industries Co Lt	2025-12-31	3.725	x1	EUR	https://www.pfvervoer.nl/over-ons/beleggen/spreiden-van-beleggingen
Pensioenfonds Vervoer	Samsung Securities Co Ltd	2025-12-31	1.547	x1	EUR	https://www.pfvervoer.nl/over-ons/beleggen/spreiden-van-beleggingen
Pensioenfonds Vervoer	Sandisk Corp/DE	2025-12-31	4.120	x1	EUR	https://www.pfvervoer.nl/over-ons/beleggen/spreiden-van-beleggingen
Pensioenfonds Vervoer	Sanlam Ltd	2025-12-31	11.788	x1	EUR	https://www.pfvervoer.nl/over-ons/beleggen/spreiden-van-beleggingen
Pensioenfonds Vervoer	Sanofi	2025-12-31	9.917	x1	EUR	https://www.pfvervoer.nl/over-ons/beleggen/spreiden-van-beleggingen
Pensioenfonds Vervoer	SanPaolo IMI SpA	2025-12-31	23.445	x1	EUR	https://www.pfvervoer.nl/over-ons/beleggen/spreiden-van-beleggingen
Pensioenfonds Vervoer	SANQI HUYU	2025-12-31	357	x1	EUR	https://www.pfvervoer.nl/over-ons/beleggen/spreiden-van-beleggingen
Pensioenfonds Vervoer	Sanrio Co Ltd	2025-12-31	871	x1	EUR	https://www.pfvervoer.nl/over-ons/beleggen/spreiden-van-beleggingen
Pensioenfonds Vervoer	Santander Bank Polska SA	2025-12-31	4.774	x1	EUR	https://www.pfvervoer.nl/over-ons/beleggen/spreiden-van-beleggingen
Pensioenfonds Vervoer	Santen Pharmaceutical Co Ltd	2025-12-31	862	x1	EUR	https://www.pfvervoer.nl/over-ons/beleggen/spreiden-van-beleggingen
Pensioenfonds Vervoer	Sanwa Holdings Corp	2025-12-31	2.156	x1	EUR	https://www.pfvervoer.nl/over-ons/beleggen/spreiden-van-beleggingen
Pensioenfonds Vervoer	SANY HEAVY INDUSTRY CO LTD	2025-12-31	235	x1	EUR	https://www.pfvervoer.nl/over-ons/beleggen/spreiden-van-beleggingen
Pensioenfonds Vervoer	SAP AG	2025-12-31	53.360	x1	EUR	https://www.pfvervoer.nl/over-ons/beleggen/spreiden-van-beleggingen
Pensioenfonds Vervoer	Sarepta Therapeutics Inc	2025-12-31	100	x1	EUR	https://www.pfvervoer.nl/over-ons/beleggen/spreiden-van-beleggingen
Pensioenfonds Vervoer	Sasol Ltd	2025-12-31	911	x1	EUR	https://www.pfvervoer.nl/over-ons/beleggen/spreiden-van-beleggingen
Pensioenfonds Vervoer	SATELLITE CHEMICAL CO LTD	2025-12-31	309	x1	EUR	https://www.pfvervoer.nl/over-ons/beleggen/spreiden-van-beleggingen
Pensioenfonds Vervoer	SBI Holdings Inc /Japan	2025-12-31	4.342	x1	EUR	https://www.pfvervoer.nl/over-ons/beleggen/spreiden-van-beleggingen
Pensioenfonds Vervoer	SBI Life Insurance Co Ltd	2025-12-31	4.726	x1	EUR	https://www.pfvervoer.nl/over-ons/beleggen/spreiden-van-beleggingen
Pensioenfonds Vervoer	Schneider Electric SA	2025-12-31	64.609	x1	EUR	https://www.pfvervoer.nl/over-ons/beleggen/spreiden-van-beleggingen
Pensioenfonds Vervoer	Schroders PLC	2025-12-31	1.860	x1	EUR	https://www.pfvervoer.nl/over-ons/beleggen/spreiden-van-beleggingen
Pensioenfonds Vervoer	Scorpio Tankers Inc	2025-12-31	1.974	x1	EUR	https://www.pfvervoer.nl/over-ons/beleggen/spreiden-van-beleggingen
Pensioenfonds Vervoer	Scottish & Southern Energy PLC	2025-12-31	18.258	x1	EUR	https://www.pfvervoer.nl/over-ons/beleggen/spreiden-van-beleggingen
Pensioenfonds Vervoer	Sea Ltd	2025-12-31	3.455	x1	EUR	https://www.pfvervoer.nl/over-ons/beleggen/spreiden-van-beleggingen
Pensioenfonds Vervoer	Seaboard Corp	2025-12-31	344	x1	EUR	https://www.pfvervoer.nl/over-ons/beleggen/spreiden-van-beleggingen
Pensioenfonds Vervoer	Seagate Technology Holdings PL	2025-12-31	3.454	x1	EUR	https://www.pfvervoer.nl/over-ons/beleggen/spreiden-van-beleggingen
Pensioenfonds Vervoer	Secom	2025-12-31	1.862	x1	EUR	https://www.pfvervoer.nl/over-ons/beleggen/spreiden-van-beleggingen
Pensioenfonds Vervoer	Segro PLC	2025-12-31	5.731	x1	EUR	https://www.pfvervoer.nl/over-ons/beleggen/spreiden-van-beleggingen
Pensioenfonds Vervoer	Seibu Holdings Inc	2025-12-31	627	x1	EUR	https://www.pfvervoer.nl/over-ons/beleggen/spreiden-van-beleggingen
Pensioenfonds Vervoer	Seiko Epson Corp	2025-12-31	1.219	x1	EUR	https://www.pfvervoer.nl/over-ons/beleggen/spreiden-van-beleggingen
Pensioenfonds Vervoer	SEKISUI CHEMICAL CO LTD	2025-12-31	2.015	x1	EUR	https://www.pfvervoer.nl/over-ons/beleggen/spreiden-van-beleggingen
Pensioenfonds Vervoer	Sekisui House Ltd	2025-12-31	1.437	x1	EUR	https://www.pfvervoer.nl/over-ons/beleggen/spreiden-van-beleggingen
Pensioenfonds Vervoer	SEMPRA ENERGY	2025-12-31	11.464	x1	EUR	https://www.pfvervoer.nl/over-ons/beleggen/spreiden-van-beleggingen
Pensioenfonds Vervoer	Sensata Technologies Holding P	2025-12-31	325	x1	EUR	https://www.pfvervoer.nl/over-ons/beleggen/spreiden-van-beleggingen
Pensioenfonds Vervoer	SERVICE CORP INTL	2025-12-31	306	x1	EUR	https://www.pfvervoer.nl/over-ons/beleggen/spreiden-van-beleggingen
Pensioenfonds Vervoer	ServiceNow Inc	2025-12-31	36.163	x1	EUR	https://www.pfvervoer.nl/over-ons/beleggen/spreiden-van-beleggingen
Pensioenfonds Vervoer	Seven & I Holdings Co Ltd	2025-12-31	18.563	x1	EUR	https://www.pfvervoer.nl/over-ons/beleggen/spreiden-van-beleggingen
Pensioenfonds Vervoer	SEVERN TRENT PLC	2025-12-31	4.648	x1	EUR	https://www.pfvervoer.nl/over-ons/beleggen/spreiden-van-beleggingen
Pensioenfonds Vervoer	SF Holding Co Ltd	2025-12-31	294	x1	EUR	https://www.pfvervoer.nl/over-ons/beleggen/spreiden-van-beleggingen
Pensioenfonds Vervoer	SG Holdings Co Ltd	2025-12-31	269	x1	EUR	https://www.pfvervoer.nl/over-ons/beleggen/spreiden-van-beleggingen
Pensioenfonds Vervoer	SGS SA	2025-12-31	3.706	x1	EUR	https://www.pfvervoer.nl/over-ons/beleggen/spreiden-van-beleggingen
Pensioenfonds Vervoer	Shanghai Allist Pharmaceutical	2025-12-31	209	x1	EUR	https://www.pfvervoer.nl/over-ons/beleggen/spreiden-van-beleggingen
Pensioenfonds Vervoer	Shanghai Putailai New Energy T	2025-12-31	239	x1	EUR	https://www.pfvervoer.nl/over-ons/beleggen/spreiden-van-beleggingen
Pensioenfonds Vervoer	Shengyi Technology Co Ltd	2025-12-31	163	x1	EUR	https://www.pfvervoer.nl/over-ons/beleggen/spreiden-van-beleggingen
Pensioenfonds Vervoer	Shenzhen Mindray Bio-Medical E	2025-12-31	1.265	x1	EUR	https://www.pfvervoer.nl/over-ons/beleggen/spreiden-van-beleggingen
Pensioenfonds Vervoer	Shenzhen Transsion Holdings Co	2025-12-31	68	x1	EUR	https://www.pfvervoer.nl/over-ons/beleggen/spreiden-van-beleggingen
Pensioenfonds Vervoer	Sherwin-Williams Co	2025-12-31	20.695	x1	EUR	https://www.pfvervoer.nl/over-ons/beleggen/spreiden-van-beleggingen
Pensioenfonds Vervoer	Shimadzu Corp	2025-12-31	603	x1	EUR	https://www.pfvervoer.nl/over-ons/beleggen/spreiden-van-beleggingen
Pensioenfonds Vervoer	Shimamura Co Ltd	2025-12-31	1.262	x1	EUR	https://www.pfvervoer.nl/over-ons/beleggen/spreiden-van-beleggingen
Pensioenfonds Vervoer	Shimano Inc	2025-12-31	666	x1	EUR	https://www.pfvervoer.nl/over-ons/beleggen/spreiden-van-beleggingen
Pensioenfonds Vervoer	Shimizu Corp	2025-12-31	20.974	x1	EUR	https://www.pfvervoer.nl/over-ons/beleggen/spreiden-van-beleggingen
Pensioenfonds Vervoer	Shin-Etsu Chemical Co Ltd	2025-12-31	18.344	x1	EUR	https://www.pfvervoer.nl/over-ons/beleggen/spreiden-van-beleggingen
Pensioenfonds Vervoer	Shinhan Financial Group Co Ltd	2025-12-31	18.143	x1	EUR	https://www.pfvervoer.nl/over-ons/beleggen/spreiden-van-beleggingen
Pensioenfonds Vervoer	SHIONOGI & CO LTD	2025-12-31	3.475	x1	EUR	https://www.pfvervoer.nl/over-ons/beleggen/spreiden-van-beleggingen
Pensioenfonds Vervoer	Shiseido Co Ltd	2025-12-31	719	x1	EUR	https://www.pfvervoer.nl/over-ons/beleggen/spreiden-van-beleggingen
Pensioenfonds Vervoer	Shopify Inc	2025-12-31	13.901	x1	EUR	https://www.pfvervoer.nl/over-ons/beleggen/spreiden-van-beleggingen
Pensioenfonds Vervoer	Shutterstock Inc	2025-12-31	798	x1	EUR	https://www.pfvervoer.nl/over-ons/beleggen/spreiden-van-beleggingen
Pensioenfonds Vervoer	Siam Commercial Bank PCL/The	2025-12-31	1.658	x1	EUR	https://www.pfvervoer.nl/over-ons/beleggen/spreiden-van-beleggingen
Pensioenfonds Vervoer	Sibanye Stillwater Ltd	2025-12-31	629	x1	EUR	https://www.pfvervoer.nl/over-ons/beleggen/spreiden-van-beleggingen
Pensioenfonds Vervoer	SIEMENS AG	2025-12-31	47.020	x1	EUR	https://www.pfvervoer.nl/over-ons/beleggen/spreiden-van-beleggingen
Pensioenfonds Vervoer	Sigma Healthcare Ltd	2025-12-31	1.164	x1	EUR	https://www.pfvervoer.nl/over-ons/beleggen/spreiden-van-beleggingen
Pensioenfonds Vervoer	Signet Jewelers Ltd	2025-12-31	2.047	x1	EUR	https://www.pfvervoer.nl/over-ons/beleggen/spreiden-van-beleggingen
Pensioenfonds Vervoer	Singapore Exchange Ltd	2025-12-31	1.340	x1	EUR	https://www.pfvervoer.nl/over-ons/beleggen/spreiden-van-beleggingen
Pensioenfonds Vervoer	Singapore Technologies Engineering	2025-12-31	1.817	x1	EUR	https://www.pfvervoer.nl/over-ons/beleggen/spreiden-van-beleggingen
Pensioenfonds Vervoer	SingTel	2025-12-31	10.014	x1	EUR	https://www.pfvervoer.nl/over-ons/beleggen/spreiden-van-beleggingen
Pensioenfonds Vervoer	SINO LAND CO LTD	2025-12-31	829	x1	EUR	https://www.pfvervoer.nl/over-ons/beleggen/spreiden-van-beleggingen
Pensioenfonds Vervoer	Sinolink Securities Co Ltd	2025-12-31	58	x1	EUR	https://www.pfvervoer.nl/over-ons/beleggen/spreiden-van-beleggingen
Pensioenfonds Vervoer	SIRIUS XM HOLDINGS INC	2025-12-31	1.856	x1	EUR	https://www.pfvervoer.nl/over-ons/beleggen/spreiden-van-beleggingen
Pensioenfonds Vervoer	SK Hynix Inc	2025-12-31	81.302	x1	EUR	https://www.pfvervoer.nl/over-ons/beleggen/spreiden-van-beleggingen
Pensioenfonds Vervoer	SK Telecom Co Ltd	2025-12-31	1.598	x1	EUR	https://www.pfvervoer.nl/over-ons/beleggen/spreiden-van-beleggingen
Pensioenfonds Vervoer	Skandinaviska Enskilda Banken AB	2025-12-31	709	x1	EUR	https://www.pfvervoer.nl/over-ons/beleggen/spreiden-van-beleggingen
Pensioenfonds Vervoer	Skylark Co Ltd	2025-12-31	1.037	x1	EUR	https://www.pfvervoer.nl/over-ons/beleggen/spreiden-van-beleggingen
Pensioenfonds Vervoer	Skyworks Solutions Inc	2025-12-31	2.593	x1	EUR	https://www.pfvervoer.nl/over-ons/beleggen/spreiden-van-beleggingen
Pensioenfonds Vervoer	Slater & Gordon Ltd	2025-12-31	733	x1	EUR	https://www.pfvervoer.nl/over-ons/beleggen/spreiden-van-beleggingen
Pensioenfonds Vervoer	SLM CORP	2025-12-31	1.970	x1	EUR	https://www.pfvervoer.nl/over-ons/beleggen/spreiden-van-beleggingen
Pensioenfonds Vervoer	SMC Corp/Japan	2025-12-31	12.349	x1	EUR	https://www.pfvervoer.nl/over-ons/beleggen/spreiden-van-beleggingen
Pensioenfonds Vervoer	SMITH & NEPHEW PLC	2025-12-31	2.733	x1	EUR	https://www.pfvervoer.nl/over-ons/beleggen/spreiden-van-beleggingen
Pensioenfonds Vervoer	Smith International Inc	2025-12-31	30.600	x1	EUR	https://www.pfvervoer.nl/over-ons/beleggen/spreiden-van-beleggingen
Pensioenfonds Vervoer	SMITHFIELD FOODS INC	2025-12-31	120	x1	EUR	https://www.pfvervoer.nl/over-ons/beleggen/spreiden-van-beleggingen
Pensioenfonds Vervoer	Snap-On Inc	2025-12-31	3.649	x1	EUR	https://www.pfvervoer.nl/over-ons/beleggen/spreiden-van-beleggingen
Pensioenfonds Vervoer	Societe Generale	2025-12-31	3.379	x1	EUR	https://www.pfvervoer.nl/over-ons/beleggen/spreiden-van-beleggingen
Pensioenfonds Vervoer	Socionext Inc	2025-12-31	1.121	x1	EUR	https://www.pfvervoer.nl/over-ons/beleggen/spreiden-van-beleggingen
Pensioenfonds Vervoer	SoFi Technologies Inc	2025-12-31	609	x1	EUR	https://www.pfvervoer.nl/over-ons/beleggen/spreiden-van-beleggingen
Pensioenfonds Vervoer	SOFINA SA	2025-12-31	1.225	x1	EUR	https://www.pfvervoer.nl/over-ons/beleggen/spreiden-van-beleggingen
Pensioenfonds Vervoer	SOFTBANK CORP	2025-12-31	41.047	x1	EUR	https://www.pfvervoer.nl/over-ons/beleggen/spreiden-van-beleggingen
Pensioenfonds Vervoer	Sohgo Security Services Co Ltd	2025-12-31	1.216	x1	EUR	https://www.pfvervoer.nl/over-ons/beleggen/spreiden-van-beleggingen
Pensioenfonds Vervoer	SOLVENTUM CORP	2025-12-31	243	x1	EUR	https://www.pfvervoer.nl/over-ons/beleggen/spreiden-van-beleggingen
Pensioenfonds Vervoer	Sompo Holdings Inc	2025-12-31	9.724	x1	EUR	https://www.pfvervoer.nl/over-ons/beleggen/spreiden-van-beleggingen
Pensioenfonds Vervoer	Sonic Healthcare Ltd	2025-12-31	733	x1	EUR	https://www.pfvervoer.nl/over-ons/beleggen/spreiden-van-beleggingen
Pensioenfonds Vervoer	SONOCO PRODUCTS CO	2025-12-31	3.679	x1	EUR	https://www.pfvervoer.nl/over-ons/beleggen/spreiden-van-beleggingen
Pensioenfonds Vervoer	Sony Financial Holdings Inc	2025-12-31	45.550	x1	EUR	https://www.pfvervoer.nl/over-ons/beleggen/spreiden-van-beleggingen
Pensioenfonds Vervoer	SooChow Securities Co Ltd	2025-12-31	84	x1	EUR	https://www.pfvervoer.nl/over-ons/beleggen/spreiden-van-beleggingen
Pensioenfonds Vervoer	Southern Copper Corp	2025-12-31	612	x1	EUR	https://www.pfvervoer.nl/over-ons/beleggen/spreiden-van-beleggingen
Pensioenfonds Vervoer	Spectra Systems Corp	2025-12-31	292	x1	EUR	https://www.pfvervoer.nl/over-ons/beleggen/spreiden-van-beleggingen
Pensioenfonds Vervoer	Spectrum Brands Holdings Inc	2025-12-31	916	x1	EUR	https://www.pfvervoer.nl/over-ons/beleggen/spreiden-van-beleggingen
Pensioenfonds Vervoer	Spirax-Sarco Engineering PLC	2025-12-31	7.114	x1	EUR	https://www.pfvervoer.nl/over-ons/beleggen/spreiden-van-beleggingen
Pensioenfonds Vervoer	Splendid Steed Investments Ltd	2025-12-31	3.144	x1	EUR	https://www.pfvervoer.nl/over-ons/beleggen/spreiden-van-beleggingen
Pensioenfonds Vervoer	Sprouts Farmers Markets Inc	2025-12-31	106	x1	EUR	https://www.pfvervoer.nl/over-ons/beleggen/spreiden-van-beleggingen
Pensioenfonds Vervoer	Square Enix Holdings Co Ltd	2025-12-31	1.615	x1	EUR	https://www.pfvervoer.nl/over-ons/beleggen/spreiden-van-beleggingen
Pensioenfonds Vervoer	Square Inc	2025-12-31	410	x1	EUR	https://www.pfvervoer.nl/over-ons/beleggen/spreiden-van-beleggingen
Pensioenfonds Vervoer	Standard Bank Group Ltd	2025-12-31	12.117	x1	EUR	https://www.pfvervoer.nl/over-ons/beleggen/spreiden-van-beleggingen
Pensioenfonds Vervoer	Standard Chartered PLC	2025-12-31	23.516	x1	EUR	https://www.pfvervoer.nl/over-ons/beleggen/spreiden-van-beleggingen
Pensioenfonds Vervoer	Stanley Electric Co Ltd	2025-12-31	1.047	x1	EUR	https://www.pfvervoer.nl/over-ons/beleggen/spreiden-van-beleggingen
Pensioenfonds Vervoer	Stantec Inc	2025-12-31	6.753	x1	EUR	https://www.pfvervoer.nl/over-ons/beleggen/spreiden-van-beleggingen
Pensioenfonds Vervoer	STARBUCKS CORP	2025-12-31	9.244	x1	EUR	https://www.pfvervoer.nl/over-ons/beleggen/spreiden-van-beleggingen
Pensioenfonds Vervoer	Start Today Co Ltd	2025-12-31	843	x1	EUR	https://www.pfvervoer.nl/over-ons/beleggen/spreiden-van-beleggingen
Pensioenfonds Vervoer	State Bank of India	2025-12-31	9.549	x1	EUR	https://www.pfvervoer.nl/over-ons/beleggen/spreiden-van-beleggingen
Pensioenfonds Vervoer	State Of Qatar	2025-12-31	234	x1	EUR	https://www.pfvervoer.nl/over-ons/beleggen/spreiden-van-beleggingen
Pensioenfonds Vervoer	State Street Corp	2025-12-31	11.959	x1	EUR	https://www.pfvervoer.nl/over-ons/beleggen/spreiden-van-beleggingen
Pensioenfonds Vervoer	Steris Plc	2025-12-31	4.257	x1	EUR	https://www.pfvervoer.nl/over-ons/beleggen/spreiden-van-beleggingen
Pensioenfonds Vervoer	Stockland	2025-12-31	857	x1	EUR	https://www.pfvervoer.nl/over-ons/beleggen/spreiden-van-beleggingen
Pensioenfonds Vervoer	Strabag SE	2025-12-31	1.413	x1	EUR	https://www.pfvervoer.nl/over-ons/beleggen/spreiden-van-beleggingen
Pensioenfonds Vervoer	Strategy Inc	2025-12-31	847	x1	EUR	https://www.pfvervoer.nl/over-ons/beleggen/spreiden-van-beleggingen
Pensioenfonds Vervoer	Stryker Corp	2025-12-31	1.495	x1	EUR	https://www.pfvervoer.nl/over-ons/beleggen/spreiden-van-beleggingen
Pensioenfonds Vervoer	Subaru Corp	2025-12-31	1.389	x1	EUR	https://www.pfvervoer.nl/over-ons/beleggen/spreiden-van-beleggingen
Pensioenfonds Vervoer	Sugi Holdings Co Ltd	2025-12-31	1.298	x1	EUR	https://www.pfvervoer.nl/over-ons/beleggen/spreiden-van-beleggingen
Pensioenfonds Vervoer	Sumber Alfaria Trijaya Tbk PT	2025-12-31	1.040	x1	EUR	https://www.pfvervoer.nl/over-ons/beleggen/spreiden-van-beleggingen
Pensioenfonds Vervoer	SUMCO CORP	2025-12-31	4.185	x1	EUR	https://www.pfvervoer.nl/over-ons/beleggen/spreiden-van-beleggingen
Pensioenfonds Vervoer	Sumitomo Corp	2025-12-31	3.152	x1	EUR	https://www.pfvervoer.nl/over-ons/beleggen/spreiden-van-beleggingen
Pensioenfonds Vervoer	Sumitomo Electric Industries L	2025-12-31	9.025	x1	EUR	https://www.pfvervoer.nl/over-ons/beleggen/spreiden-van-beleggingen
Pensioenfonds Vervoer	Sumitomo Forestry Co Ltd	2025-12-31	10.596	x1	EUR	https://www.pfvervoer.nl/over-ons/beleggen/spreiden-van-beleggingen
Pensioenfonds Vervoer	SUMITOMO METAL MINING CO LTD	2025-12-31	840	x1	EUR	https://www.pfvervoer.nl/over-ons/beleggen/spreiden-van-beleggingen
Pensioenfonds Vervoer	Sumitomo Mitsui Banking Corp	2025-12-31	41.449	x1	EUR	https://www.pfvervoer.nl/over-ons/beleggen/spreiden-van-beleggingen
Pensioenfonds Vervoer	Sumitomo Realty & Development	2025-12-31	4.221	x1	EUR	https://www.pfvervoer.nl/over-ons/beleggen/spreiden-van-beleggingen
Pensioenfonds Vervoer	Sun Hung Kai Properties Ltd	2025-12-31	5.019	x1	EUR	https://www.pfvervoer.nl/over-ons/beleggen/spreiden-van-beleggingen
Pensioenfonds Vervoer	Sun Life Financial Inc	2025-12-31	1.547	x1	EUR	https://www.pfvervoer.nl/over-ons/beleggen/spreiden-van-beleggingen
Pensioenfonds Vervoer	Suncorp-Metway Ltd	2025-12-31	4.106	x1	EUR	https://www.pfvervoer.nl/over-ons/beleggen/spreiden-van-beleggingen
Pensioenfonds Vervoer	Sungrow Power Supply Co Ltd	2025-12-31	491	x1	EUR	https://www.pfvervoer.nl/over-ons/beleggen/spreiden-van-beleggingen
Pensioenfonds Vervoer	SUNTORY BEVERAGE & FOOD LTD	2025-12-31	579	x1	EUR	https://www.pfvervoer.nl/over-ons/beleggen/spreiden-van-beleggingen
Pensioenfonds Vervoer	Super Micro Computer Inc	2025-12-31	724	x1	EUR	https://www.pfvervoer.nl/over-ons/beleggen/spreiden-van-beleggingen
Pensioenfonds Vervoer	Sushiro Global Holdings Ltd	2025-12-31	1.917	x1	EUR	https://www.pfvervoer.nl/over-ons/beleggen/spreiden-van-beleggingen
Pensioenfonds Vervoer	Suzano Papel e Celulose SA	2025-12-31	4.535	x1	EUR	https://www.pfvervoer.nl/over-ons/beleggen/spreiden-van-beleggingen
Pensioenfonds Vervoer	SUZUKI MOTOR CORPORATION	2025-12-31	18.745	x1	EUR	https://www.pfvervoer.nl/over-ons/beleggen/spreiden-van-beleggingen
Pensioenfonds Vervoer	Svenska Cellulosa AB	2025-12-31	3.694	x1	EUR	https://www.pfvervoer.nl/over-ons/beleggen/spreiden-van-beleggingen
Pensioenfonds Vervoer	Svenska Handelsbanken AB	2025-12-31	4.754	x1	EUR	https://www.pfvervoer.nl/over-ons/beleggen/spreiden-van-beleggingen
Pensioenfonds Vervoer	Swedbank AB	2025-12-31	2.619	x1	EUR	https://www.pfvervoer.nl/over-ons/beleggen/spreiden-van-beleggingen
Pensioenfonds Vervoer	SWIGGY LTD	2025-12-31	2.924	x1	EUR	https://www.pfvervoer.nl/over-ons/beleggen/spreiden-van-beleggingen
Pensioenfonds Vervoer	SWIRE PACIFIC LTD	2025-12-31	3.601	x1	EUR	https://www.pfvervoer.nl/over-ons/beleggen/spreiden-van-beleggingen
Pensioenfonds Vervoer	Swiss Prime Site AG	2025-12-31	5.777	x1	EUR	https://www.pfvervoer.nl/over-ons/beleggen/spreiden-van-beleggingen
Pensioenfonds Vervoer	SWISS RE AG	2025-12-31	5.710	x1	EUR	https://www.pfvervoer.nl/over-ons/beleggen/spreiden-van-beleggingen
Pensioenfonds Vervoer	Swisscom AG	2025-12-31	4.234	x1	EUR	https://www.pfvervoer.nl/over-ons/beleggen/spreiden-van-beleggingen
Pensioenfonds Vervoer	Symrise AG	2025-12-31	5.351	x1	EUR	https://www.pfvervoer.nl/over-ons/beleggen/spreiden-van-beleggingen
Pensioenfonds Vervoer	SYNNEX CORP	2025-12-31	4.929	x1	EUR	https://www.pfvervoer.nl/over-ons/beleggen/spreiden-van-beleggingen
Pensioenfonds Vervoer	SYNOPSYS INC	2025-12-31	5.926	x1	EUR	https://www.pfvervoer.nl/over-ons/beleggen/spreiden-van-beleggingen
Pensioenfonds Vervoer	SYSMEX CORP	2025-12-31	778	x1	EUR	https://www.pfvervoer.nl/over-ons/beleggen/spreiden-van-beleggingen
Pensioenfonds Vervoer	T ROWE PRICE GROUP INC	2025-12-31	804	x1	EUR	https://www.pfvervoer.nl/over-ons/beleggen/spreiden-van-beleggingen
Pensioenfonds Vervoer	T&D HOLDINGS INC	2025-12-31	898	x1	EUR	https://www.pfvervoer.nl/over-ons/beleggen/spreiden-van-beleggingen
Pensioenfonds Vervoer	Taisei Corp	2025-12-31	1.234	x1	EUR	https://www.pfvervoer.nl/over-ons/beleggen/spreiden-van-beleggingen
Pensioenfonds Vervoer	Taiwan Mobile Co Ltd	2025-12-31	2.652	x1	EUR	https://www.pfvervoer.nl/over-ons/beleggen/spreiden-van-beleggingen
Pensioenfonds Vervoer	Taiwan Semiconductor Manufacturing	2025-12-31	264.192	x1	EUR	https://www.pfvervoer.nl/over-ons/beleggen/spreiden-van-beleggingen
Pensioenfonds Vervoer	Taiyo Nippon Sanso Corp	2025-12-31	5.499	x1	EUR	https://www.pfvervoer.nl/over-ons/beleggen/spreiden-van-beleggingen
Pensioenfonds Vervoer	Tata Motors Passenger Vehicles	2025-12-31	416	x1	EUR	https://www.pfvervoer.nl/over-ons/beleggen/spreiden-van-beleggingen
Pensioenfonds Vervoer	TD Bank US Holding Co	2025-12-31	10.884	x1	EUR	https://www.pfvervoer.nl/over-ons/beleggen/spreiden-van-beleggingen
Pensioenfonds Vervoer	TDK CORP	2025-12-31	20.401	x1	EUR	https://www.pfvervoer.nl/over-ons/beleggen/spreiden-van-beleggingen
Pensioenfonds Vervoer	TE CONNECTIVITY PLC	2025-12-31	20.424	x1	EUR	https://www.pfvervoer.nl/over-ons/beleggen/spreiden-van-beleggingen
Pensioenfonds Vervoer	Techtronic Industries Co	2025-12-31	5.802	x1	EUR	https://www.pfvervoer.nl/over-ons/beleggen/spreiden-van-beleggingen
Pensioenfonds Vervoer	Telecom Corp of New Zealand Lt	2025-12-31	402	x1	EUR	https://www.pfvervoer.nl/over-ons/beleggen/spreiden-van-beleggingen
Pensioenfonds Vervoer	Telecom Italia SpA	2025-12-31	4.263	x1	EUR	https://www.pfvervoer.nl/over-ons/beleggen/spreiden-van-beleggingen
Pensioenfonds Vervoer	Telefonica Brasil SA	2025-12-31	3.490	x1	EUR	https://www.pfvervoer.nl/over-ons/beleggen/spreiden-van-beleggingen
Pensioenfonds Vervoer	Telefonica Europe BV	2025-12-31	3.077	x1	EUR	https://www.pfvervoer.nl/over-ons/beleggen/spreiden-van-beleggingen
Pensioenfonds Vervoer	TELEKOMUNIK INDONESIA-SP ADR	2025-12-31	10.337	x1	EUR	https://www.pfvervoer.nl/over-ons/beleggen/spreiden-van-beleggingen
Pensioenfonds Vervoer	Telekomunikasi Indonesia Perse	2025-12-31	3.181	x1	EUR	https://www.pfvervoer.nl/over-ons/beleggen/spreiden-van-beleggingen
Pensioenfonds Vervoer	TELENOR ASA	2025-12-31	2.197	x1	EUR	https://www.pfvervoer.nl/over-ons/beleggen/spreiden-van-beleggingen
Pensioenfonds Vervoer	T-Mobile US Inc	2025-12-31	17.584	x1	EUR	https://www.pfvervoer.nl/over-ons/beleggen/spreiden-van-beleggingen
Pensioenfonds Vervoer	TMX Group Inc	2025-12-31	1.928	x1	EUR	https://www.pfvervoer.nl/over-ons/beleggen/spreiden-van-beleggingen
Pensioenfonds Vervoer	Toast Inc	2025-12-31	474	x1	EUR	https://www.pfvervoer.nl/over-ons/beleggen/spreiden-van-beleggingen
Pensioenfonds Vervoer	Toho Co Ltd/Tokyo	2025-12-31	985	x1	EUR	https://www.pfvervoer.nl/over-ons/beleggen/spreiden-van-beleggingen
Pensioenfonds Vervoer	TOKIO MARINE HOLDINGS INC	2025-12-31	32.335	x1	EUR	https://www.pfvervoer.nl/over-ons/beleggen/spreiden-van-beleggingen
Pensioenfonds Vervoer	Tokyo Broadcasting System Hold	2025-12-31	4.098	x1	EUR	https://www.pfvervoer.nl/over-ons/beleggen/spreiden-van-beleggingen
Pensioenfonds Vervoer	Tokyo Electron Ltd	2025-12-31	27.443	x1	EUR	https://www.pfvervoer.nl/over-ons/beleggen/spreiden-van-beleggingen
Pensioenfonds Vervoer	Tokyo Gas Co Ltd	2025-12-31	5.129	x1	EUR	https://www.pfvervoer.nl/over-ons/beleggen/spreiden-van-beleggingen
Pensioenfonds Vervoer	Tokyo Metro Co Ltd	2025-12-31	1.649	x1	EUR	https://www.pfvervoer.nl/over-ons/beleggen/spreiden-van-beleggingen
Pensioenfonds Vervoer	Tokyu Corp	2025-12-31	566	x1	EUR	https://www.pfvervoer.nl/over-ons/beleggen/spreiden-van-beleggingen
Pensioenfonds Vervoer	Tongcheng Travel Holdings Ltd	2025-12-31	2.160	x1	EUR	https://www.pfvervoer.nl/over-ons/beleggen/spreiden-van-beleggingen
Pensioenfonds Vervoer	Toppan Printing Co Ltd	2025-12-31	851	x1	EUR	https://www.pfvervoer.nl/over-ons/beleggen/spreiden-van-beleggingen
Pensioenfonds Vervoer	TORAY INDUSTRIES INC	2025-12-31	757	x1	EUR	https://www.pfvervoer.nl/over-ons/beleggen/spreiden-van-beleggingen
Pensioenfonds Vervoer	Toro Co	2025-12-31	745	x1	EUR	https://www.pfvervoer.nl/over-ons/beleggen/spreiden-van-beleggingen
Pensioenfonds Vervoer	Torrent Pharmaceuticals Ltd	2025-12-31	2.604	x1	EUR	https://www.pfvervoer.nl/over-ons/beleggen/spreiden-van-beleggingen
Pensioenfonds Vervoer	Totvs SA	2025-12-31	1.423	x1	EUR	https://www.pfvervoer.nl/over-ons/beleggen/spreiden-van-beleggingen
Pensioenfonds Vervoer	TOYO SUISAN KAISHA LTD	2025-12-31	7.819	x1	EUR	https://www.pfvervoer.nl/over-ons/beleggen/spreiden-van-beleggingen
Pensioenfonds Vervoer	Toyota Industries Corp	2025-12-31	1.549	x1	EUR	https://www.pfvervoer.nl/over-ons/beleggen/spreiden-van-beleggingen
Pensioenfonds Vervoer	Toyota Motor Corp	2025-12-31	31.906	x1	EUR	https://www.pfvervoer.nl/over-ons/beleggen/spreiden-van-beleggingen
Pensioenfonds Vervoer	Toyota Tsusho Corp	2025-12-31	16.397	x1	EUR	https://www.pfvervoer.nl/over-ons/beleggen/spreiden-van-beleggingen
Pensioenfonds Vervoer	TRANE TECHNOLOGIES PLC	2025-12-31	17.020	x1	EUR	https://www.pfvervoer.nl/over-ons/beleggen/spreiden-van-beleggingen
Pensioenfonds Vervoer	TRANSUNION	2025-12-31	2.245	x1	EUR	https://www.pfvervoer.nl/over-ons/beleggen/spreiden-van-beleggingen
Pensioenfonds Vervoer	Transurban Group	2025-12-31	5.528	x1	EUR	https://www.pfvervoer.nl/over-ons/beleggen/spreiden-van-beleggingen
Pensioenfonds Vervoer	Travelers Cos Inc	2025-12-31	8.143	x1	EUR	https://www.pfvervoer.nl/over-ons/beleggen/spreiden-van-beleggingen
Pensioenfonds Vervoer	Trend Micro Inc	2025-12-31	1.938	x1	EUR	https://www.pfvervoer.nl/over-ons/beleggen/spreiden-van-beleggingen
Pensioenfonds Vervoer	Trina Solar Co Ltd	2025-12-31	34	x1	EUR	https://www.pfvervoer.nl/over-ons/beleggen/spreiden-van-beleggingen
Pensioenfonds Vervoer	TRUIST FINANCIAL CORP	2025-12-31	2.828	x1	EUR	https://www.pfvervoer.nl/over-ons/beleggen/spreiden-van-beleggingen
Pensioenfonds Vervoer	Uniti Group Inc	2025-12-31	600	x1	EUR	https://www.pfvervoer.nl/over-ons/beleggen/spreiden-van-beleggingen
Pensioenfonds Vervoer	UNITY SOFTWARE INC	2025-12-31	126	x1	EUR	https://www.pfvervoer.nl/over-ons/beleggen/spreiden-van-beleggingen
Pensioenfonds Vervoer	Universal Health Services Inc	2025-12-31	4.437	x1	EUR	https://www.pfvervoer.nl/over-ons/beleggen/spreiden-van-beleggingen
Pensioenfonds Vervoer	Universal Music Group BV	2025-12-31	11.761	x1	EUR	https://www.pfvervoer.nl/over-ons/beleggen/spreiden-van-beleggingen
Pensioenfonds Vervoer	Unum Group	2025-12-31	5.979	x1	EUR	https://www.pfvervoer.nl/over-ons/beleggen/spreiden-van-beleggingen
Pensioenfonds Vervoer	UOL Group Limited	2025-12-31	1.586	x1	EUR	https://www.pfvervoer.nl/over-ons/beleggen/spreiden-van-beleggingen
Pensioenfonds Vervoer	UPL Ltd	2025-12-31	22.728	x1	EUR	https://www.pfvervoer.nl/over-ons/beleggen/spreiden-van-beleggingen
Pensioenfonds Vervoer	Upwork Inc	2025-12-31	1.882	x1	EUR	https://www.pfvervoer.nl/over-ons/beleggen/spreiden-van-beleggingen
Pensioenfonds Vervoer	US BANK NA	2025-12-31	15.646	x1	EUR	https://www.pfvervoer.nl/over-ons/beleggen/spreiden-van-beleggingen
Pensioenfonds Vervoer	Valero Energy Corp	2025-12-31	2.653	x1	EUR	https://www.pfvervoer.nl/over-ons/beleggen/spreiden-van-beleggingen
Pensioenfonds Vervoer	Valmont Industries Inc	2025-12-31	456	x1	EUR	https://www.pfvervoer.nl/over-ons/beleggen/spreiden-van-beleggingen
Pensioenfonds Vervoer	VAT GROUP AG	2025-12-31	790	x1	EUR	https://www.pfvervoer.nl/over-ons/beleggen/spreiden-van-beleggingen
Pensioenfonds Vervoer	Veeva Systems Inc	2025-12-31	2.269	x1	EUR	https://www.pfvervoer.nl/over-ons/beleggen/spreiden-van-beleggingen
Pensioenfonds Vervoer	VERALTO CORP	2025-12-31	7.553	x1	EUR	https://www.pfvervoer.nl/over-ons/beleggen/spreiden-van-beleggingen
Pensioenfonds Vervoer	VeriSign Inc	2025-12-31	338	x1	EUR	https://www.pfvervoer.nl/over-ons/beleggen/spreiden-van-beleggingen
Pensioenfonds Vervoer	Verisk Analytics Inc	2025-12-31	7.628	x1	EUR	https://www.pfvervoer.nl/over-ons/beleggen/spreiden-van-beleggingen
Pensioenfonds Vervoer	Verizon Communications	2025-12-31	22.790	x1	EUR	https://www.pfvervoer.nl/over-ons/beleggen/spreiden-van-beleggingen
Pensioenfonds Vervoer	VERTEX PHARMACEUTICALS INC	2025-12-31	2.416	x1	EUR	https://www.pfvervoer.nl/over-ons/beleggen/spreiden-van-beleggingen
Pensioenfonds Vervoer	Vertiv Holdings Co	2025-12-31	18.463	x1	EUR	https://www.pfvervoer.nl/over-ons/beleggen/spreiden-van-beleggingen
Pensioenfonds Vervoer	Vestas Wind Systems A/S	2025-12-31	8.391	x1	EUR	https://www.pfvervoer.nl/over-ons/beleggen/spreiden-van-beleggingen
Pensioenfonds Vervoer	Vicinity Centres	2025-12-31	3.755	x1	EUR	https://www.pfvervoer.nl/over-ons/beleggen/spreiden-van-beleggingen
Pensioenfonds Vervoer	Vinci SA	2025-12-31	5.826	x1	EUR	https://www.pfvervoer.nl/over-ons/beleggen/spreiden-van-beleggingen
Pensioenfonds Vervoer	VISA INC	2025-12-31	61.446	x1	EUR	https://www.pfvervoer.nl/over-ons/beleggen/spreiden-van-beleggingen
Pensioenfonds Vervoer	Vodacom Group Ltd	2025-12-31	10.239	x1	EUR	https://www.pfvervoer.nl/over-ons/beleggen/spreiden-van-beleggingen
Pensioenfonds Vervoer	Vodafone Group PLC	2025-12-31	4.256	x1	EUR	https://www.pfvervoer.nl/over-ons/beleggen/spreiden-van-beleggingen
Pensioenfonds Vervoer	Volcan Investments Ltd	2025-12-31	5.303	x1	EUR	https://www.pfvervoer.nl/over-ons/beleggen/spreiden-van-beleggingen
Pensioenfonds Vervoer	Voltronic Power Technology Cor	2025-12-31	684	x1	EUR	https://www.pfvervoer.nl/over-ons/beleggen/spreiden-van-beleggingen
Pensioenfonds Vervoer	VOLVO CAR AB	2025-12-31	1.087	x1	EUR	https://www.pfvervoer.nl/over-ons/beleggen/spreiden-van-beleggingen
Pensioenfonds Vervoer	Voya Financial Inc	2025-12-31	4.247	x1	EUR	https://www.pfvervoer.nl/over-ons/beleggen/spreiden-van-beleggingen
Pensioenfonds Vervoer	Vulcan Materials Co	2025-12-31	6.285	x1	EUR	https://www.pfvervoer.nl/over-ons/beleggen/spreiden-van-beleggingen
Pensioenfonds Vervoer	Staat der Nederlanden	2025-12-31	4.946.970	x1	EUR	https://www.pfvervoer.nl/over-ons/beleggen/spreiden-van-beleggingen
Pensioenfonds Vervoer	Federal Republic of Germany	2025-12-31	4.787.135	x1	EUR	https://www.pfvervoer.nl/over-ons/beleggen/spreiden-van-beleggingen
Pensioenfonds Vervoer	South Africa Government Bond	2025-12-31	145.034	x1	EUR	https://www.pfvervoer.nl/over-ons/beleggen/spreiden-van-beleggingen
Pensioenfonds Vervoer	Republic of Indonesia	2025-12-31	117.285	x1	EUR	https://www.pfvervoer.nl/over-ons/beleggen/spreiden-van-beleggingen
Pensioenfonds Vervoer	Bundesobligation	2025-12-31	106.276	x1	EUR	https://www.pfvervoer.nl/over-ons/beleggen/spreiden-van-beleggingen
Pensioenfonds Vervoer	MAERSK A/S	2025-12-31	749	x1	EUR	https://www.pfvervoer.nl/over-ons/beleggen/spreiden-van-beleggingen
Pensioenfonds Vervoer	MAERSK A/S	2025-12-31	2.671	x1	EUR	https://www.pfvervoer.nl/over-ons/beleggen/spreiden-van-beleggingen
Pensioenfonds Vervoer	AIA Group Ltd	2025-12-31	1.396	x1	EUR	https://www.pfvervoer.nl/over-ons/beleggen/spreiden-van-beleggingen
Pensioenfonds Vervoer	AIR MEDICAL GROUP HOLDIN	2025-12-31	4.424	x1	EUR	https://www.pfvervoer.nl/over-ons/beleggen/spreiden-van-beleggingen
Pensioenfonds Vervoer	AIRCASTLE LTD	2025-12-31	853	x1	EUR	https://www.pfvervoer.nl/over-ons/beleggen/spreiden-van-beleggingen
Pensioenfonds Vervoer	Akbank TAS	2025-12-31	388	x1	EUR	https://www.pfvervoer.nl/over-ons/beleggen/spreiden-van-beleggingen
Pensioenfonds Vervoer	AKELIUS RESIDENTIAL AB	2025-12-31	2.715	x1	EUR	https://www.pfvervoer.nl/over-ons/beleggen/spreiden-van-beleggingen
Pensioenfonds Vervoer	Aker BP ASA	2025-12-31	11.334	x1	EUR	https://www.pfvervoer.nl/over-ons/beleggen/spreiden-van-beleggingen
Pensioenfonds Vervoer	ALCOA CORP	2025-12-31	2.693	x1	EUR	https://www.pfvervoer.nl/over-ons/beleggen/spreiden-van-beleggingen
Pensioenfonds Vervoer	ALCON FINANCE CORP	2025-12-31	1.729	x1	EUR	https://www.pfvervoer.nl/over-ons/beleggen/spreiden-van-beleggingen
Pensioenfonds Vervoer	Alexandria Real Estate	2025-12-31	10.663	x1	EUR	https://www.pfvervoer.nl/over-ons/beleggen/spreiden-van-beleggingen
Pensioenfonds Vervoer	ALEXANDRITE LAKE LUX HOL	2025-12-31	3.241	x1	EUR	https://www.pfvervoer.nl/over-ons/beleggen/spreiden-van-beleggingen
Pensioenfonds Vervoer	ALGONQUIN POWER CO	2025-12-31	3.307	x1	EUR	https://www.pfvervoer.nl/over-ons/beleggen/spreiden-van-beleggingen
Pensioenfonds Vervoer	ALIMENTATION COUCHE-TARD	2025-12-31	908	x1	EUR	https://www.pfvervoer.nl/over-ons/beleggen/spreiden-van-beleggingen
Pensioenfonds Vervoer	Allegheny Technologies Inc	2025-12-31	1.830	x1	EUR	https://www.pfvervoer.nl/over-ons/beleggen/spreiden-van-beleggingen
Pensioenfonds Vervoer	Alliander Finance BV	2025-12-31	4.931	x1	EUR	https://www.pfvervoer.nl/over-ons/beleggen/spreiden-van-beleggingen
Pensioenfonds Vervoer	Allied Irish Banks PLC	2025-12-31	7.736	x1	EUR	https://www.pfvervoer.nl/over-ons/beleggen/spreiden-van-beleggingen
Pensioenfonds Vervoer	ALLIED UNIVERSAL HOLDCO	2025-12-31	17.324	x1	EUR	https://www.pfvervoer.nl/over-ons/beleggen/spreiden-van-beleggingen
Pensioenfonds Vervoer	Allison Transmission Holdings	2025-12-31	3.192	x1	EUR	https://www.pfvervoer.nl/over-ons/beleggen/spreiden-van-beleggingen
Pensioenfonds Vervoer	ALLY FINANCIAL INC	2025-12-31	9.953	x1	EUR	https://www.pfvervoer.nl/over-ons/beleggen/spreiden-van-beleggingen
Pensioenfonds Vervoer	ALMAVIVA THE ITALIAN INN	2025-12-31	4.067	x1	EUR	https://www.pfvervoer.nl/over-ons/beleggen/spreiden-van-beleggingen
Pensioenfonds Vervoer	ALPHA GENERATION LLC	2025-12-31	9.970	x1	EUR	https://www.pfvervoer.nl/over-ons/beleggen/spreiden-van-beleggingen
Pensioenfonds Vervoer	Alphabet Inc	2025-12-31	14.984	x1	EUR	https://www.pfvervoer.nl/over-ons/beleggen/spreiden-van-beleggingen
Pensioenfonds Vervoer	Alstom SA	2025-12-31	2.049	x1	EUR	https://www.pfvervoer.nl/over-ons/beleggen/spreiden-van-beleggingen
Pensioenfonds Vervoer	alstria office REIT-AG	2025-12-31	1.496	x1	EUR	https://www.pfvervoer.nl/over-ons/beleggen/spreiden-van-beleggingen
Pensioenfonds Vervoer	ALTICE FINANCING SA	2025-12-31	791	x1	EUR	https://www.pfvervoer.nl/over-ons/beleggen/spreiden-van-beleggingen
Pensioenfonds Vervoer	ALTICE FRANCE SA	2025-12-31	3.311	x1	EUR	https://www.pfvervoer.nl/over-ons/beleggen/spreiden-van-beleggingen
Pensioenfonds Vervoer	AMBER FINCO PLC	2025-12-31	1.594	x1	EUR	https://www.pfvervoer.nl/over-ons/beleggen/spreiden-van-beleggingen
Pensioenfonds Vervoer	AMBIPAR LUX SARL	2025-12-31	122	x1	EUR	https://www.pfvervoer.nl/over-ons/beleggen/spreiden-van-beleggingen
Pensioenfonds Vervoer	AMC NETWORKS INC	2025-12-31	1.674	x1	EUR	https://www.pfvervoer.nl/over-ons/beleggen/spreiden-van-beleggingen
Pensioenfonds Vervoer	AMCOR FINANCE USA INC	2025-12-31	10.166	x1	EUR	https://www.pfvervoer.nl/over-ons/beleggen/spreiden-van-beleggingen
Pensioenfonds Vervoer	AMER SPORTS COMPANY	2025-12-31	1.800	x1	EUR	https://www.pfvervoer.nl/over-ons/beleggen/spreiden-van-beleggingen
Pensioenfonds Vervoer	AMERICAN AXLE & MFG INC	2025-12-31	2.247	x1	EUR	https://www.pfvervoer.nl/over-ons/beleggen/spreiden-van-beleggingen
Pensioenfonds Vervoer	AMERICAN BATH GROUP LLC	2025-12-31	3.273	x1	EUR	https://www.pfvervoer.nl/over-ons/beleggen/spreiden-van-beleggingen
Pensioenfonds Vervoer	AMERICAN GREETINGS CORP	2025-12-31	4.163	x1	EUR	https://www.pfvervoer.nl/over-ons/beleggen/spreiden-van-beleggingen
Pensioenfonds Vervoer	American Homes	2025-12-31	4	x1	EUR	https://www.pfvervoer.nl/over-ons/beleggen/spreiden-van-beleggingen
Pensioenfonds Vervoer	AMERICAN TOWER CORP	2025-12-31	4.905	x1	EUR	https://www.pfvervoer.nl/over-ons/beleggen/spreiden-van-beleggingen
Pensioenfonds Vervoer	AMERIGAS FINANCE LLC/COR	2025-12-31	4.835	x1	EUR	https://www.pfvervoer.nl/over-ons/beleggen/spreiden-van-beleggingen
Pensioenfonds Vervoer	AMERITEX HOLDCO INTERMED	2025-12-31	2.678	x1	EUR	https://www.pfvervoer.nl/over-ons/beleggen/spreiden-van-beleggingen
Pensioenfonds Vervoer	AMFAM HOLDINGS INC	2025-12-31	1.813	x1	EUR	https://www.pfvervoer.nl/over-ons/beleggen/spreiden-van-beleggingen
Pensioenfonds Vervoer	Amgen Inc	2025-12-31	6.388	x1	EUR	https://www.pfvervoer.nl/over-ons/beleggen/spreiden-van-beleggingen
Pensioenfonds Vervoer	Amkor Technology Inc	2025-12-31	1.346	x1	EUR	https://www.pfvervoer.nl/over-ons/beleggen/spreiden-van-beleggingen
Pensioenfonds Vervoer	AMN HEALTHCARE INC	2025-12-31	3.242	x1	EUR	https://www.pfvervoer.nl/over-ons/beleggen/spreiden-van-beleggingen
Pensioenfonds Vervoer	AMNEAL PHARMACEUTICALS LLC	2025-12-31	6.002	x1	EUR	https://www.pfvervoer.nl/over-ons/beleggen/spreiden-van-beleggingen
Pensioenfonds Vervoer	AMPRION GMBH	2025-12-31	25.195	x1	EUR	https://www.pfvervoer.nl/over-ons/beleggen/spreiden-van-beleggingen
Pensioenfonds Vervoer	Amrize Ltd	2025-12-31	1.691	x1	EUR	https://www.pfvervoer.nl/over-ons/beleggen/spreiden-van-beleggingen
Pensioenfonds Vervoer	AMSTED INDUSTRIES	2025-12-31	2.478	x1	EUR	https://www.pfvervoer.nl/over-ons/beleggen/spreiden-van-beleggingen
Pensioenfonds Vervoer	AMVEST RCF CUSTODIAN BV	2025-12-31	1.639	x1	EUR	https://www.pfvervoer.nl/over-ons/beleggen/spreiden-van-beleggingen
Pensioenfonds Vervoer	AMYNTA AGENCY/WARRANTY	2025-12-31	1.984	x1	EUR	https://www.pfvervoer.nl/over-ons/beleggen/spreiden-van-beleggingen
Pensioenfonds Vervoer	Anadolu Efes	2025-12-31	321	x1	EUR	https://www.pfvervoer.nl/over-ons/beleggen/spreiden-van-beleggingen
Pensioenfonds Vervoer	ANGLIAN WATER OSPREY FIN	2025-12-31	6.342	x1	EUR	https://www.pfvervoer.nl/over-ons/beleggen/spreiden-van-beleggingen
Pensioenfonds Vervoer	ANHEUSER BUSCH INBEV NV	2025-12-31	4.813	x1	EUR	https://www.pfvervoer.nl/over-ons/beleggen/spreiden-van-beleggingen
Pensioenfonds Vervoer	ANTARES HOLDINGS	2025-12-31	5.664	x1	EUR	https://www.pfvervoer.nl/over-ons/beleggen/spreiden-van-beleggingen
Pensioenfonds Vervoer	Antofagasta PLC	2025-12-31	3.785	x1	EUR	https://www.pfvervoer.nl/over-ons/beleggen/spreiden-van-beleggingen
Pensioenfonds Vervoer	Aon Corp	2025-12-31	3.159	x1	EUR	https://www.pfvervoer.nl/over-ons/beleggen/spreiden-van-beleggingen
Pensioenfonds Vervoer	APA Group	2025-12-31	2.015	x1	EUR	https://www.pfvervoer.nl/over-ons/beleggen/spreiden-van-beleggingen
Pensioenfonds Vervoer	APOLLO DEBT SOLUTIONS BD	2025-12-31	462	x1	EUR	https://www.pfvervoer.nl/over-ons/beleggen/spreiden-van-beleggingen
Pensioenfonds Vervoer	Apollo Swedish Bidco AB	2025-12-31	5.674	x1	EUR	https://www.pfvervoer.nl/over-ons/beleggen/spreiden-van-beleggingen
Pensioenfonds Vervoer	APPF COMMERCIAL FINAN	2025-12-31	1.106	x1	EUR	https://www.pfvervoer.nl/over-ons/beleggen/spreiden-van-beleggingen
Pensioenfonds Vervoer	Aptiv PLC	2025-12-31	861	x1	EUR	https://www.pfvervoer.nl/over-ons/beleggen/spreiden-van-beleggingen
Pensioenfonds Vervoer	ARAMARK SERVICES INC	2025-12-31	2.455	x1	EUR	https://www.pfvervoer.nl/over-ons/beleggen/spreiden-van-beleggingen
Pensioenfonds Vervoer	ARCADIS NV	2025-12-31	1.613	x1	EUR	https://www.pfvervoer.nl/over-ons/beleggen/spreiden-van-beleggingen
Pensioenfonds Vervoer	Arch Coal Inc	2025-12-31	7.656	x1	EUR	https://www.pfvervoer.nl/over-ons/beleggen/spreiden-van-beleggingen
Pensioenfonds Vervoer	Arconic Inc	2025-12-31	5.919	x1	EUR	https://www.pfvervoer.nl/over-ons/beleggen/spreiden-van-beleggingen
Pensioenfonds Vervoer	ARCOSA INC	2025-12-31	3.403	x1	EUR	https://www.pfvervoer.nl/over-ons/beleggen/spreiden-van-beleggingen
Pensioenfonds Vervoer	ARDAGH GLASS FINANCE	2025-12-31	5.401	x1	EUR	https://www.pfvervoer.nl/over-ons/beleggen/spreiden-van-beleggingen
Pensioenfonds Vervoer	ARDONAGH FINCO LTD	2025-12-31	5.072	x1	EUR	https://www.pfvervoer.nl/over-ons/beleggen/spreiden-van-beleggingen
Pensioenfonds Vervoer	ARES FINANCE CO II LLC	2025-12-31	993	x1	EUR	https://www.pfvervoer.nl/over-ons/beleggen/spreiden-van-beleggingen
Pensioenfonds Vervoer	ARES STRATEGIC INCOME FU	2025-12-31	438	x1	EUR	https://www.pfvervoer.nl/over-ons/beleggen/spreiden-van-beleggingen
Pensioenfonds Vervoer	ARGENTA SPAARBANK	2025-12-31	503	x1	EUR	https://www.pfvervoer.nl/over-ons/beleggen/spreiden-van-beleggingen
Pensioenfonds Vervoer	ARIS MINING CORP	2025-12-31	295	x1	EUR	https://www.pfvervoer.nl/over-ons/beleggen/spreiden-van-beleggingen
Pensioenfonds Vervoer	Aroundtown SA	2025-12-31	1.515	x1	EUR	https://www.pfvervoer.nl/over-ons/beleggen/spreiden-van-beleggingen
Pensioenfonds Vervoer	ARROW GLOBAL FINANCE	2025-12-31	2.655	x1	EUR	https://www.pfvervoer.nl/over-ons/beleggen/spreiden-van-beleggingen
Pensioenfonds Vervoer	ASBURY AUTOMOTIVE GROUP	2025-12-31	7.292	x1	EUR	https://www.pfvervoer.nl/over-ons/beleggen/spreiden-van-beleggingen
Pensioenfonds Vervoer	ASCENSION HEALTH	2025-12-31	2.323	x1	EUR	https://www.pfvervoer.nl/over-ons/beleggen/spreiden-van-beleggingen
Pensioenfonds Vervoer	ASHLAND INC	2025-12-31	4.045	x1	EUR	https://www.pfvervoer.nl/over-ons/beleggen/spreiden-van-beleggingen
Pensioenfonds Vervoer	ASHTEAD CAPITAL INC	2025-12-31	849	x1	EUR	https://www.pfvervoer.nl/over-ons/beleggen/spreiden-van-beleggingen
Pensioenfonds Vervoer	ASHTON WOODS USA/FINANCE	2025-12-31	1.772	x1	EUR	https://www.pfvervoer.nl/over-ons/beleggen/spreiden-van-beleggingen
Pensioenfonds Vervoer	Asian Development Bank	2025-12-31	5.130	x1	EUR	https://www.pfvervoer.nl/over-ons/beleggen/spreiden-van-beleggingen
Pensioenfonds Vervoer	ASIAN INFRASTRUCTURE INVESTMENT BANK	2025-12-31	5.360	x1	EUR	https://www.pfvervoer.nl/over-ons/beleggen/spreiden-van-beleggingen
Pensioenfonds Vervoer	ASK CHEM DE HOLD GMBH	2025-12-31	1.467	x1	EUR	https://www.pfvervoer.nl/over-ons/beleggen/spreiden-van-beleggingen
Pensioenfonds Vervoer	Asmodee Group AB	2025-12-31	2.397	x1	EUR	https://www.pfvervoer.nl/over-ons/beleggen/spreiden-van-beleggingen
Pensioenfonds Vervoer	ASN Bank NV	2025-12-31	14.234	x1	EUR	https://www.pfvervoer.nl/over-ons/beleggen/spreiden-van-beleggingen
Pensioenfonds Vervoer	ASR NEDERLAND NV	2025-12-31	4.686	x1	EUR	https://www.pfvervoer.nl/over-ons/beleggen/spreiden-van-beleggingen
Pensioenfonds Vervoer	Asurion, LLC	2025-12-31	4.891	x1	EUR	https://www.pfvervoer.nl/over-ons/beleggen/spreiden-van-beleggingen
Pensioenfonds Vervoer	At&t inc	2025-12-31	10.315	x1	EUR	https://www.pfvervoer.nl/over-ons/beleggen/spreiden-van-beleggingen
Pensioenfonds Vervoer	ATHENE HOLDING LTD	2025-12-31	1.570	x1	EUR	https://www.pfvervoer.nl/over-ons/beleggen/spreiden-van-beleggingen
Pensioenfonds Vervoer	Atlantia SpA	2025-12-31	1.520	x1	EUR	https://www.pfvervoer.nl/over-ons/beleggen/spreiden-van-beleggingen
Pensioenfonds Vervoer	ATLANTICA SUSTAIN INFRA	2025-12-31	12.799	x1	EUR	https://www.pfvervoer.nl/over-ons/beleggen/spreiden-van-beleggingen
Pensioenfonds Vervoer	Atmos Energy Corp	2025-12-31	1.931	x1	EUR	https://www.pfvervoer.nl/over-ons/beleggen/spreiden-van-beleggingen
Pensioenfonds Vervoer	Atos SE	2025-12-31	7.999	x1	EUR	https://www.pfvervoer.nl/over-ons/beleggen/spreiden-van-beleggingen
Pensioenfonds Vervoer	Austriamicrosystems AG	2025-12-31	1.791	x1	EUR	https://www.pfvervoer.nl/over-ons/beleggen/spreiden-van-beleggingen
Pensioenfonds Vervoer	Autodesk Inc	2025-12-31	356	x1	EUR	https://www.pfvervoer.nl/over-ons/beleggen/spreiden-van-beleggingen
Pensioenfonds Vervoer	AUTOLIV INC	2025-12-31	7.971	x1	EUR	https://www.pfvervoer.nl/over-ons/beleggen/spreiden-van-beleggingen
Pensioenfonds Vervoer	AUTONATION INC	2025-12-31	3.343	x1	EUR	https://www.pfvervoer.nl/over-ons/beleggen/spreiden-van-beleggingen
Pensioenfonds Vervoer	AVAGO TECHNOLGIES CAYMA	2025-12-31	8.708	x1	EUR	https://www.pfvervoer.nl/over-ons/beleggen/spreiden-van-beleggingen
Pensioenfonds Vervoer	AVANGRID INC	2025-12-31	18.143	x1	EUR	https://www.pfvervoer.nl/over-ons/beleggen/spreiden-van-beleggingen
Pensioenfonds Vervoer	AVANTOR FUNDING INC	2025-12-31	4.409	x1	EUR	https://www.pfvervoer.nl/over-ons/beleggen/spreiden-van-beleggingen
Pensioenfonds Vervoer	Avient Corp	2025-12-31	7.708	x1	EUR	https://www.pfvervoer.nl/over-ons/beleggen/spreiden-van-beleggingen
Pensioenfonds Vervoer	AVIS BUDGET FINANCE PLC	2025-12-31	7.265	x1	EUR	https://www.pfvervoer.nl/over-ons/beleggen/spreiden-van-beleggingen
Pensioenfonds Vervoer	AXA EQUITABLE HOLDINGS I	2025-12-31	1.355	x1	EUR	https://www.pfvervoer.nl/over-ons/beleggen/spreiden-van-beleggingen
Pensioenfonds Vervoer	AXA LOGISTICS EUROPE	2025-12-31	1.599	x1	EUR	https://www.pfvervoer.nl/over-ons/beleggen/spreiden-van-beleggingen
Pensioenfonds Vervoer	AXALTA COATING SYSTEMS	2025-12-31	3.019	x1	EUR	https://www.pfvervoer.nl/over-ons/beleggen/spreiden-van-beleggingen
Pensioenfonds Vervoer	Axon Enterprise Inc	2025-12-31	2.379	x1	EUR	https://www.pfvervoer.nl/over-ons/beleggen/spreiden-van-beleggingen
Pensioenfonds Vervoer	AZELIS FINANCE NV	2025-12-31	1.296	x1	EUR	https://www.pfvervoer.nl/over-ons/beleggen/spreiden-van-beleggingen
Pensioenfonds Vervoer	AZORRA FINANCE	2025-12-31	3.045	x1	EUR	https://www.pfvervoer.nl/over-ons/beleggen/spreiden-van-beleggingen
Pensioenfonds Vervoer	AZULE ENERGY FINANCE PLC	2025-12-31	525	x1	EUR	https://www.pfvervoer.nl/over-ons/beleggen/spreiden-van-beleggingen
Pensioenfonds Vervoer	B&M EUROPEAN VALUE RET	2025-12-31	8.134	x1	EUR	https://www.pfvervoer.nl/over-ons/beleggen/spreiden-van-beleggingen
Pensioenfonds Vervoer	Bagan Capital Ltd	2025-12-31	1.221	x1	EUR	https://www.pfvervoer.nl/over-ons/beleggen/spreiden-van-beleggingen
Pensioenfonds Vervoer	Ball Corp	2025-12-31	1.495	x1	EUR	https://www.pfvervoer.nl/over-ons/beleggen/spreiden-van-beleggingen
Pensioenfonds Vervoer	Banca BPM Spa	2025-12-31	1.257	x1	EUR	https://www.pfvervoer.nl/over-ons/beleggen/spreiden-van-beleggingen
Pensioenfonds Vervoer	Banca Monte dei Paschi di Sien	2025-12-31	3.278	x1	EUR	https://www.pfvervoer.nl/over-ons/beleggen/spreiden-van-beleggingen
Pensioenfonds Vervoer	BANCO DE SABADELL SA	2025-12-31	7.145	x1	EUR	https://www.pfvervoer.nl/over-ons/beleggen/spreiden-van-beleggingen
Pensioenfonds Vervoer	Banco Espirito Santo SA	2025-12-31	254	x1	EUR	https://www.pfvervoer.nl/over-ons/beleggen/spreiden-van-beleggingen
Pensioenfonds Vervoer	Banco Santander SA	2025-12-31	22.124	x1	EUR	https://www.pfvervoer.nl/over-ons/beleggen/spreiden-van-beleggingen
Pensioenfonds Vervoer	BANIJAY ENTERTAINMENT	2025-12-31	944	x1	EUR	https://www.pfvervoer.nl/over-ons/beleggen/spreiden-van-beleggingen
Pensioenfonds Vervoer	BANK OF AMERICA CORP	2025-12-31	60.375	x1	EUR	https://www.pfvervoer.nl/over-ons/beleggen/spreiden-van-beleggingen
Pensioenfonds Vervoer	Bank of East Asia Ltd	2025-12-31	791	x1	EUR	https://www.pfvervoer.nl/over-ons/beleggen/spreiden-van-beleggingen
Pensioenfonds Vervoer	BANK OF IRELAND	2025-12-31	3.757	x1	EUR	https://www.pfvervoer.nl/over-ons/beleggen/spreiden-van-beleggingen
Pensioenfonds Vervoer	Bank Of New York Mellon	2025-12-31	174	x1	EUR	https://www.pfvervoer.nl/over-ons/beleggen/spreiden-van-beleggingen
Pensioenfonds Vervoer	Bank of Nova Scotia	2025-12-31	3.239	x1	EUR	https://www.pfvervoer.nl/over-ons/beleggen/spreiden-van-beleggingen
Pensioenfonds Vervoer	BANKINTER SA	2025-12-31	2.903	x1	EUR	https://www.pfvervoer.nl/over-ons/beleggen/spreiden-van-beleggingen
Pensioenfonds Vervoer	BankMuscat SAOG	2025-12-31	1.253	x1	EUR	https://www.pfvervoer.nl/over-ons/beleggen/spreiden-van-beleggingen
Pensioenfonds Vervoer	Banque Federative Credit Mutuel	2025-12-31	27.740	x1	EUR	https://www.pfvervoer.nl/over-ons/beleggen/spreiden-van-beleggingen
Pensioenfonds Vervoer	Barcardi Ltd	2025-12-31	2.221	x1	EUR	https://www.pfvervoer.nl/over-ons/beleggen/spreiden-van-beleggingen
Pensioenfonds Vervoer	BARCLAYS BANK PLC	2025-12-31	22.930	x1	EUR	https://www.pfvervoer.nl/over-ons/beleggen/spreiden-van-beleggingen
Pensioenfonds Vervoer	Barrick Gold Corp	2025-12-31	1.817	x1	EUR	https://www.pfvervoer.nl/over-ons/beleggen/spreiden-van-beleggingen
Pensioenfonds Vervoer	BARRY CALLEBAUT SVCS NV	2025-12-31	3.018	x1	EUR	https://www.pfvervoer.nl/over-ons/beleggen/spreiden-van-beleggingen
Pensioenfonds Vervoer	BATH & BODY WORKS INC	2025-12-31	2.708	x1	EUR	https://www.pfvervoer.nl/over-ons/beleggen/spreiden-van-beleggingen
Pensioenfonds Vervoer	BAUSCH HEALTH COS INC	2025-12-31	10.173	x1	EUR	https://www.pfvervoer.nl/over-ons/beleggen/spreiden-van-beleggingen
Pensioenfonds Vervoer	Baxter International Inc	2025-12-31	3.279	x1	EUR	https://www.pfvervoer.nl/over-ons/beleggen/spreiden-van-beleggingen
Pensioenfonds Vervoer	BAYCARE HEALTH SYSTEM	2025-12-31	214	x1	EUR	https://www.pfvervoer.nl/over-ons/beleggen/spreiden-van-beleggingen
Pensioenfonds Vervoer	Bayerische Landesboden	2025-12-31	3.708	x1	EUR	https://www.pfvervoer.nl/over-ons/beleggen/spreiden-van-beleggingen
Pensioenfonds Vervoer	Bayerische Motoren Werke	2025-12-31	175	x1	EUR	https://www.pfvervoer.nl/over-ons/beleggen/spreiden-van-beleggingen
Pensioenfonds Vervoer	BCP Finance	2025-12-31	1.568	x1	EUR	https://www.pfvervoer.nl/over-ons/beleggen/spreiden-van-beleggingen
Pensioenfonds Vervoer	BCP MODULAR SERVICES	2025-12-31	1.102	x1	EUR	https://www.pfvervoer.nl/over-ons/beleggen/spreiden-van-beleggingen
Pensioenfonds Vervoer	BE SEMICONDUCTOR INDUSTRIES NV	2025-12-31	169	x1	EUR	https://www.pfvervoer.nl/over-ons/beleggen/spreiden-van-beleggingen
Pensioenfonds Vervoer	Beacon Mobility Corp	2025-12-31	1.893	x1	EUR	https://www.pfvervoer.nl/over-ons/beleggen/spreiden-van-beleggingen
Pensioenfonds Vervoer	BEACON ROOFING SUPPLY IN	2025-12-31	890	x1	EUR	https://www.pfvervoer.nl/over-ons/beleggen/spreiden-van-beleggingen
Pensioenfonds Vervoer	Becton Dickinson	2025-12-31	1.639	x1	EUR	https://www.pfvervoer.nl/over-ons/beleggen/spreiden-van-beleggingen
Pensioenfonds Vervoer	Belden Inc	2025-12-31	1.554	x1	EUR	https://www.pfvervoer.nl/over-ons/beleggen/spreiden-van-beleggingen
Pensioenfonds Vervoer	Belfius Bank SA/NV	2025-12-31	4.948	x1	EUR	https://www.pfvervoer.nl/over-ons/beleggen/spreiden-van-beleggingen
Pensioenfonds Vervoer	BELL CANADA	2025-12-31	1.475	x1	EUR	https://www.pfvervoer.nl/over-ons/beleggen/spreiden-van-beleggingen
Pensioenfonds Vervoer	BELLIS FINCO PLC	2025-12-31	896	x1	EUR	https://www.pfvervoer.nl/over-ons/beleggen/spreiden-van-beleggingen
Pensioenfonds Vervoer	BellRing Brands Inc	2025-12-31	2.855	x1	EUR	https://www.pfvervoer.nl/over-ons/beleggen/spreiden-van-beleggingen
Pensioenfonds Vervoer	Belron	2025-12-31	3.541	x1	EUR	https://www.pfvervoer.nl/over-ons/beleggen/spreiden-van-beleggingen
Pensioenfonds Vervoer	BENTELER INTERNATIONAL A	2025-12-31	1.507	x1	EUR	https://www.pfvervoer.nl/over-ons/beleggen/spreiden-van-beleggingen
Pensioenfonds Vervoer	BERKELEY GROUP HOLDINGS PLC	2025-12-31	600	x1	EUR	https://www.pfvervoer.nl/over-ons/beleggen/spreiden-van-beleggingen
Pensioenfonds Vervoer	BERTRAND FRANCHISE	2025-12-31	439	x1	EUR	https://www.pfvervoer.nl/over-ons/beleggen/spreiden-van-beleggingen
Pensioenfonds Vervoer	BEVCO LUX SARL	2025-12-31	3.654	x1	EUR	https://www.pfvervoer.nl/over-ons/beleggen/spreiden-van-beleggingen
Pensioenfonds Vervoer	BIDVEST GROUP UK PLC	2025-12-31	1.539	x1	EUR	https://www.pfvervoer.nl/over-ons/beleggen/spreiden-van-beleggingen
Pensioenfonds Vervoer	BIFFA GROUP HOLDINGS LTD	2025-12-31	6.025	x1	EUR	https://www.pfvervoer.nl/over-ons/beleggen/spreiden-van-beleggingen
Pensioenfonds Vervoer	Big River Steel LLC	2025-12-31	1.300	x1	EUR	https://www.pfvervoer.nl/over-ons/beleggen/spreiden-van-beleggingen
Pensioenfonds Vervoer	BIOCON BIOLOGICS GLOBAL	2025-12-31	1.686	x1	EUR	https://www.pfvervoer.nl/over-ons/beleggen/spreiden-van-beleggingen
Pensioenfonds Vervoer	BK LC FINCO	2025-12-31	1	x1	EUR	https://www.pfvervoer.nl/over-ons/beleggen/spreiden-van-beleggingen
Pensioenfonds Vervoer	BLACKROCK INC	2025-12-31	353	x1	EUR	https://www.pfvervoer.nl/over-ons/beleggen/spreiden-van-beleggingen
Pensioenfonds Vervoer	BLACKSTONE CQP HOLDCO LP	2025-12-31	2.069	x1	EUR	https://www.pfvervoer.nl/over-ons/beleggen/spreiden-van-beleggingen
Pensioenfonds Vervoer	Blackstone Holdings Fina	2025-12-31	1.114	x1	EUR	https://www.pfvervoer.nl/over-ons/beleggen/spreiden-van-beleggingen
Pensioenfonds Vervoer	BLACKSTONE PP EUR HOLD	2025-12-31	5.725	x1	EUR	https://www.pfvervoer.nl/over-ons/beleggen/spreiden-van-beleggingen
Pensioenfonds Vervoer	BLACKSTONE PRIVATE CRE	2025-12-31	1.388	x1	EUR	https://www.pfvervoer.nl/over-ons/beleggen/spreiden-van-beleggingen
Pensioenfonds Vervoer	BLOCK COMMUNICATIONS INC	2025-12-31	4.639	x1	EUR	https://www.pfvervoer.nl/over-ons/beleggen/spreiden-van-beleggingen
Pensioenfonds Vervoer	BLOCK INC	2025-12-31	7.675	x1	EUR	https://www.pfvervoer.nl/over-ons/beleggen/spreiden-van-beleggingen
Pensioenfonds Vervoer	BLOOMIN' BRANDS INC/OSI	2025-12-31	1.431	x1	EUR	https://www.pfvervoer.nl/over-ons/beleggen/spreiden-van-beleggingen
Pensioenfonds Vervoer	BLUE OWL FINANCE LLC	2025-12-31	1.565	x1	EUR	https://www.pfvervoer.nl/over-ons/beleggen/spreiden-van-beleggingen
Pensioenfonds Vervoer	BLUE RACER MID LLC/FINAN	2025-12-31	3.274	x1	EUR	https://www.pfvervoer.nl/over-ons/beleggen/spreiden-van-beleggingen
Pensioenfonds Vervoer	BLUELINX HOLDING	2025-12-31	3.473	x1	EUR	https://www.pfvervoer.nl/over-ons/beleggen/spreiden-van-beleggingen
Pensioenfonds Vervoer	BNP Paribas	2025-12-31	33.454	x1	EUR	https://www.pfvervoer.nl/over-ons/beleggen/spreiden-van-beleggingen
Pensioenfonds Vervoer	Boardwalk Pipelines Llc	2025-12-31	4.982	x1	EUR	https://www.pfvervoer.nl/over-ons/beleggen/spreiden-van-beleggingen
Pensioenfonds Vervoer	BOE MERGER CORP	2025-12-31	4.320	x1	EUR	https://www.pfvervoer.nl/over-ons/beleggen/spreiden-van-beleggingen
Pensioenfonds Vervoer	Boels Topholding BV	2025-12-31	4.998	x1	EUR	https://www.pfvervoer.nl/over-ons/beleggen/spreiden-van-beleggingen
Pensioenfonds Vervoer	BOMBARDIER INC	2025-12-31	16.768	x1	EUR	https://www.pfvervoer.nl/over-ons/beleggen/spreiden-van-beleggingen
Pensioenfonds Vervoer	BOOKING HOLDINGS INC	2025-12-31	4.516	x1	EUR	https://www.pfvervoer.nl/over-ons/beleggen/spreiden-van-beleggingen
Pensioenfonds Vervoer	Boots Group Finco LP	2025-12-31	10.932	x1	EUR	https://www.pfvervoer.nl/over-ons/beleggen/spreiden-van-beleggingen
Pensioenfonds Vervoer	Boral Ltd	2025-12-31	1.122	x1	EUR	https://www.pfvervoer.nl/over-ons/beleggen/spreiden-van-beleggingen
Pensioenfonds Vervoer	Boston Properties LP	2025-12-31	2.643	x1	EUR	https://www.pfvervoer.nl/over-ons/beleggen/spreiden-van-beleggingen
Pensioenfonds Vervoer	BOSTON SCIENTIFIC CORP	2025-12-31	5.132	x1	EUR	https://www.pfvervoer.nl/over-ons/beleggen/spreiden-van-beleggingen
Pensioenfonds Vervoer	BOUBYAN SUKUK LTD	2025-12-31	1.187	x1	EUR	https://www.pfvervoer.nl/over-ons/beleggen/spreiden-van-beleggingen
Pensioenfonds Vervoer	BOYNE USA INC	2025-12-31	1.753	x1	EUR	https://www.pfvervoer.nl/over-ons/beleggen/spreiden-van-beleggingen
Pensioenfonds Vervoer	BP Captial Markets PLC	2025-12-31	11.279	x1	EUR	https://www.pfvervoer.nl/over-ons/beleggen/spreiden-van-beleggingen
Pensioenfonds Vervoer	BPCE ASSURANCES SA	2025-12-31	905	x1	EUR	https://www.pfvervoer.nl/over-ons/beleggen/spreiden-van-beleggingen
Pensioenfonds Vervoer	Bpce Sa	2025-12-31	13.471	x1	EUR	https://www.pfvervoer.nl/over-ons/beleggen/spreiden-van-beleggingen
Pensioenfonds Vervoer	BPCE Sfh - Societe de Fi	2025-12-31	6.563	x1	EUR	https://www.pfvervoer.nl/over-ons/beleggen/spreiden-van-beleggingen
Pensioenfonds Vervoer	Braskem Finance Ltd	2025-12-31	1.547	x1	EUR	https://www.pfvervoer.nl/over-ons/beleggen/spreiden-van-beleggingen
Pensioenfonds Vervoer	BRASKEM IDESA SAPI	2025-12-31	449	x1	EUR	https://www.pfvervoer.nl/over-ons/beleggen/spreiden-van-beleggingen
Pensioenfonds Vervoer	Brenntag AG	2025-12-31	1.762	x1	EUR	https://www.pfvervoer.nl/over-ons/beleggen/spreiden-van-beleggingen
Pensioenfonds Vervoer	BRIGHTSTAR LOTTERY PLC	2025-12-31	1.783	x1	EUR	https://www.pfvervoer.nl/over-ons/beleggen/spreiden-van-beleggingen
Pensioenfonds Vervoer	Brink's Co/The	2025-12-31	583	x1	EUR	https://www.pfvervoer.nl/over-ons/beleggen/spreiden-van-beleggingen
Pensioenfonds Vervoer	Bristol Myers Squibb Company	2025-12-31	8.620	x1	EUR	https://www.pfvervoer.nl/over-ons/beleggen/spreiden-van-beleggingen
Pensioenfonds Vervoer	British Telecommunications PLC	2025-12-31	397	x1	EUR	https://www.pfvervoer.nl/over-ons/beleggen/spreiden-van-beleggingen
Pensioenfonds Vervoer	BRIXMOR LLC	2025-12-31	10.257	x1	EUR	https://www.pfvervoer.nl/over-ons/beleggen/spreiden-van-beleggingen
Pensioenfonds Vervoer	BROADSTONE NET LEASE LLC	2025-12-31	1.609	x1	EUR	https://www.pfvervoer.nl/over-ons/beleggen/spreiden-van-beleggingen
Pensioenfonds Vervoer	BROWN & BROWN INC	2025-12-31	1.285	x1	EUR	https://www.pfvervoer.nl/over-ons/beleggen/spreiden-van-beleggingen
Pensioenfonds Vervoer	Buckeye Partners LP	2025-12-31	5.009	x1	EUR	https://www.pfvervoer.nl/over-ons/beleggen/spreiden-van-beleggingen
Pensioenfonds Vervoer	BUILDING MATERIALS CORP	2025-12-31	17.195	x1	EUR	https://www.pfvervoer.nl/over-ons/beleggen/spreiden-van-beleggingen
Pensioenfonds Vervoer	Bunge Ltd Finance Corp	2025-12-31	3.909	x1	EUR	https://www.pfvervoer.nl/over-ons/beleggen/spreiden-van-beleggingen
Pensioenfonds Vervoer	BURBERRY GROUP PLC	2025-12-31	3.399	x1	EUR	https://www.pfvervoer.nl/over-ons/beleggen/spreiden-van-beleggingen
Pensioenfonds Vervoer	BUREAU VERITAS SA	2025-12-31	1.694	x1	EUR	https://www.pfvervoer.nl/over-ons/beleggen/spreiden-van-beleggingen
Pensioenfonds Vervoer	Cable One Inc	2025-12-31	4.261	x1	EUR	https://www.pfvervoer.nl/over-ons/beleggen/spreiden-van-beleggingen
Pensioenfonds Vervoer	CABLEVISION LIGHTPATH	2025-12-31	6.417	x1	EUR	https://www.pfvervoer.nl/over-ons/beleggen/spreiden-van-beleggingen
Pensioenfonds Vervoer	CADENT FINANCE PLC	2025-12-31	2.280	x1	EUR	https://www.pfvervoer.nl/over-ons/beleggen/spreiden-van-beleggingen
Pensioenfonds Vervoer	CADILLAC FAIRVIEW PRP TR	2025-12-31	7.604	x1	EUR	https://www.pfvervoer.nl/over-ons/beleggen/spreiden-van-beleggingen
Pensioenfonds Vervoer	CAESARS ENTERTAINMENT OP	2025-12-31	8.797	x1	EUR	https://www.pfvervoer.nl/over-ons/beleggen/spreiden-van-beleggingen
Pensioenfonds Vervoer	Caisse Centrale Desjardin	2025-12-31	5.709	x1	EUR	https://www.pfvervoer.nl/over-ons/beleggen/spreiden-van-beleggingen
Pensioenfonds Vervoer	Caisse National D'Autoroutes	2025-12-31	787	x1	EUR	https://www.pfvervoer.nl/over-ons/beleggen/spreiden-van-beleggingen
Pensioenfonds Vervoer	CAIXA ECONOMICA FEDERAL	2025-12-31	886	x1	EUR	https://www.pfvervoer.nl/over-ons/beleggen/spreiden-van-beleggingen
Pensioenfonds Vervoer	Caixabank	2025-12-31	21.352	x1	EUR	https://www.pfvervoer.nl/over-ons/beleggen/spreiden-van-beleggingen
Pensioenfonds Vervoer	Calderys Financing LLC	2025-12-31	2.883	x1	EUR	https://www.pfvervoer.nl/over-ons/beleggen/spreiden-van-beleggingen
Pensioenfonds Vervoer	California Institute of Technology	2025-12-31	315	x1	EUR	https://www.pfvervoer.nl/over-ons/beleggen/spreiden-van-beleggingen
Pensioenfonds Vervoer	CALPINE CORP	2025-12-31	922	x1	EUR	https://www.pfvervoer.nl/over-ons/beleggen/spreiden-van-beleggingen
Pensioenfonds Vervoer	CALRIV SCI HLD CORP	2025-12-31	5.103	x1	EUR	https://www.pfvervoer.nl/over-ons/beleggen/spreiden-van-beleggingen
Pensioenfonds Vervoer	Canadian Imperial Bank of Commerce	2025-12-31	7.586	x1	EUR	https://www.pfvervoer.nl/over-ons/beleggen/spreiden-van-beleggingen
Pensioenfonds Vervoer	Canadian National Railway Co	2025-12-31	1.039	x1	EUR	https://www.pfvervoer.nl/over-ons/beleggen/spreiden-van-beleggingen
Pensioenfonds Vervoer	CANTOR FITZGERALD LP	2025-12-31	4.178	x1	EUR	https://www.pfvervoer.nl/over-ons/beleggen/spreiden-van-beleggingen
Pensioenfonds Vervoer	Capital & Regional PLC	2025-12-31	874	x1	EUR	https://www.pfvervoer.nl/over-ons/beleggen/spreiden-van-beleggingen
Pensioenfonds Vervoer	CAPITAL ONE BANK USA NA	2025-12-31	4.329	x1	EUR	https://www.pfvervoer.nl/over-ons/beleggen/spreiden-van-beleggingen
Pensioenfonds Vervoer	CAPSTONE COPPER CORP	2025-12-31	849	x1	EUR	https://www.pfvervoer.nl/over-ons/beleggen/spreiden-van-beleggingen
Pensioenfonds Vervoer	CARNIVAL CORP	2025-12-31	17.038	x1	EUR	https://www.pfvervoer.nl/over-ons/beleggen/spreiden-van-beleggingen
Pensioenfonds Vervoer	Carpenter Technology	2025-12-31	304	x1	EUR	https://www.pfvervoer.nl/over-ons/beleggen/spreiden-van-beleggingen
Pensioenfonds Vervoer	Cassa di Risparmio di Parma e Piacenza SpA	2025-12-31	2.581	x1	EUR	https://www.pfvervoer.nl/over-ons/beleggen/spreiden-van-beleggingen
Pensioenfonds Vervoer	CASTELLO BC BIDCO SPA	2025-12-31	4.852	x1	EUR	https://www.pfvervoer.nl/over-ons/beleggen/spreiden-van-beleggingen
Pensioenfonds Vervoer	CASTLE UK FINCO PLC	2025-12-31	7.586	x1	EUR	https://www.pfvervoer.nl/over-ons/beleggen/spreiden-van-beleggingen
Pensioenfonds Vervoer	Catholic Health Initiati	2025-12-31	698	x1	EUR	https://www.pfvervoer.nl/over-ons/beleggen/spreiden-van-beleggingen
Pensioenfonds Vervoer	CBQ Finance Ltd	2025-12-31	2.045	x1	EUR	https://www.pfvervoer.nl/over-ons/beleggen/spreiden-van-beleggingen
Pensioenfonds Vervoer	CBRE EUROPE LOGISTICS PA	2025-12-31	4.648	x1	EUR	https://www.pfvervoer.nl/over-ons/beleggen/spreiden-van-beleggingen
Pensioenfonds Vervoer	CBRE OPEN-ENDED FUNDS	2025-12-31	6.457	x1	EUR	https://www.pfvervoer.nl/over-ons/beleggen/spreiden-van-beleggingen
Pensioenfonds Vervoer	CCO HLDGS LLC/CAP CORP	2025-12-31	88.729	x1	EUR	https://www.pfvervoer.nl/over-ons/beleggen/spreiden-van-beleggingen
Pensioenfonds Vervoer	CD&R FIREFLY BIDCO LTD	2025-12-31	10.859	x1	EUR	https://www.pfvervoer.nl/over-ons/beleggen/spreiden-van-beleggingen
Pensioenfonds Vervoer	CDW Corp	2025-12-31	6.498	x1	EUR	https://www.pfvervoer.nl/over-ons/beleggen/spreiden-van-beleggingen
Pensioenfonds Vervoer	CE Energy AS	2025-12-31	3.475	x1	EUR	https://www.pfvervoer.nl/over-ons/beleggen/spreiden-van-beleggingen
Pensioenfonds Vervoer	CEDAR FAIR LP/CANADA'S W	2025-12-31	12.291	x1	EUR	https://www.pfvervoer.nl/over-ons/beleggen/spreiden-van-beleggingen
Pensioenfonds Vervoer	CEETRUS SA	2025-12-31	3.880	x1	EUR	https://www.pfvervoer.nl/over-ons/beleggen/spreiden-van-beleggingen
Pensioenfonds Vervoer	CELANESE US HOLDINGS LLC	2025-12-31	20.272	x1	EUR	https://www.pfvervoer.nl/over-ons/beleggen/spreiden-van-beleggingen
Pensioenfonds Vervoer	CELLNEX TELECOM	2025-12-31	1.731	x1	EUR	https://www.pfvervoer.nl/over-ons/beleggen/spreiden-van-beleggingen
Pensioenfonds Vervoer	CELULOSA ARAUCO Y CONSTITUCION SA	2025-12-31	547	x1	EUR	https://www.pfvervoer.nl/over-ons/beleggen/spreiden-van-beleggingen
Pensioenfonds Vervoer	Central Garden & Pet Co	2025-12-31	6.223	x1	EUR	https://www.pfvervoer.nl/over-ons/beleggen/spreiden-van-beleggingen
Pensioenfonds Vervoer	Ceske Drahy	2025-12-31	1.457	x1	EUR	https://www.pfvervoer.nl/over-ons/beleggen/spreiden-van-beleggingen
Pensioenfonds Vervoer	CHAMPION MTN LTD	2025-12-31	731	x1	EUR	https://www.pfvervoer.nl/over-ons/beleggen/spreiden-van-beleggingen
Pensioenfonds Vervoer	Champions Financing Inc	2025-12-31	1.082	x1	EUR	https://www.pfvervoer.nl/over-ons/beleggen/spreiden-van-beleggingen
Pensioenfonds Vervoer	CHANEL CERES PLC	2025-12-31	2.631	x1	EUR	https://www.pfvervoer.nl/over-ons/beleggen/spreiden-van-beleggingen
Pensioenfonds Vervoer	Charles Schwab Corp	2025-12-31	1.010	x1	EUR	https://www.pfvervoer.nl/over-ons/beleggen/spreiden-van-beleggingen
Pensioenfonds Vervoer	CHART INDUSTRIES INC	2025-12-31	5.380	x1	EUR	https://www.pfvervoer.nl/over-ons/beleggen/spreiden-van-beleggingen
Pensioenfonds Vervoer	Chemours Co/The	2025-12-31	3.527	x1	EUR	https://www.pfvervoer.nl/over-ons/beleggen/spreiden-van-beleggingen
Pensioenfonds Vervoer	CHEPLAPHARM ARZNEIMITTEL	2025-12-31	5.148	x1	EUR	https://www.pfvervoer.nl/over-ons/beleggen/spreiden-van-beleggingen
Pensioenfonds Vervoer	CHILDREN'S HEATH SYS TX	2025-12-31	664	x1	EUR	https://www.pfvervoer.nl/over-ons/beleggen/spreiden-van-beleggingen
Pensioenfonds Vervoer	CHOBANI LLC/FINANCE CORP	2025-12-31	8.013	x1	EUR	https://www.pfvervoer.nl/over-ons/beleggen/spreiden-van-beleggingen
Pensioenfonds Vervoer	CHS/COMMUNITY HEALTH SYS	2025-12-31	14.828	x1	EUR	https://www.pfvervoer.nl/over-ons/beleggen/spreiden-van-beleggingen
Pensioenfonds Vervoer	Chubb Corporation	2025-12-31	8.199	x1	EUR	https://www.pfvervoer.nl/over-ons/beleggen/spreiden-van-beleggingen
Pensioenfonds Vervoer	Churchill Downs Inc	2025-12-31	10.109	x1	EUR	https://www.pfvervoer.nl/over-ons/beleggen/spreiden-van-beleggingen
Pensioenfonds Vervoer	CIBANCO SA INS DE BANCA	2025-12-31	446	x1	EUR	https://www.pfvervoer.nl/over-ons/beleggen/spreiden-van-beleggingen
Pensioenfonds Vervoer	Ciena Corp	2025-12-31	1.989	x1	EUR	https://www.pfvervoer.nl/over-ons/beleggen/spreiden-van-beleggingen
Pensioenfonds Vervoer	Cigna Corp	2025-12-31	725	x1	EUR	https://www.pfvervoer.nl/over-ons/beleggen/spreiden-van-beleggingen
Pensioenfonds Vervoer	Cimpress NV	2025-12-31	2.660	x1	EUR	https://www.pfvervoer.nl/over-ons/beleggen/spreiden-van-beleggingen
Pensioenfonds Vervoer	CIPHER MINING	2025-12-31	2.602	x1	EUR	https://www.pfvervoer.nl/over-ons/beleggen/spreiden-van-beleggingen
Pensioenfonds Vervoer	Citigroup Inc	2025-12-31	41.116	x1	EUR	https://www.pfvervoer.nl/over-ons/beleggen/spreiden-van-beleggingen
Pensioenfonds Vervoer	CLEAR CHANNEL WORLDWIDE	2025-12-31	14.317	x1	EUR	https://www.pfvervoer.nl/over-ons/beleggen/spreiden-van-beleggingen
Pensioenfonds Vervoer	CLEARWAY ENERGY OPERATIN	2025-12-31	5.767	x1	EUR	https://www.pfvervoer.nl/over-ons/beleggen/spreiden-van-beleggingen
Pensioenfonds Vervoer	CLEVELAND-CLIFFS INC	2025-12-31	15.483	x1	EUR	https://www.pfvervoer.nl/over-ons/beleggen/spreiden-van-beleggingen
Pensioenfonds Vervoer	CLYDESDALE ACQUISITION	2025-12-31	10.078	x1	EUR	https://www.pfvervoer.nl/over-ons/beleggen/spreiden-van-beleggingen
Pensioenfonds Vervoer	CNP Assurances	2025-12-31	2.732	x1	EUR	https://www.pfvervoer.nl/over-ons/beleggen/spreiden-van-beleggingen
Pensioenfonds Vervoer	CNTL AMR BOTTLING CORP	2025-12-31	1.913	x1	EUR	https://www.pfvervoer.nl/over-ons/beleggen/spreiden-van-beleggingen
Pensioenfonds Vervoer	COCA-COLA CO	2025-12-31	1.338	x1	EUR	https://www.pfvervoer.nl/over-ons/beleggen/spreiden-van-beleggingen
Pensioenfonds Vervoer	Codelco Inc	2025-12-31	15.049	x1	EUR	https://www.pfvervoer.nl/over-ons/beleggen/spreiden-van-beleggingen
Pensioenfonds Vervoer	COGENT COMMUNICATIONS HO	2025-12-31	2.856	x1	EUR	https://www.pfvervoer.nl/over-ons/beleggen/spreiden-van-beleggingen
Pensioenfonds Vervoer	COHERENT CORP	2025-12-31	3.955	x1	EUR	https://www.pfvervoer.nl/over-ons/beleggen/spreiden-van-beleggingen
Pensioenfonds Vervoer	COLONIAL PIPELINE CO	2025-12-31	4.979	x1	EUR	https://www.pfvervoer.nl/over-ons/beleggen/spreiden-van-beleggingen
Pensioenfonds Vervoer	Columbia Pipeline Group Inc	2025-12-31	6.949	x1	EUR	https://www.pfvervoer.nl/over-ons/beleggen/spreiden-van-beleggingen
Pensioenfonds Vervoer	Comcast Cable Comm Hldgs	2025-12-31	8.366	x1	EUR	https://www.pfvervoer.nl/over-ons/beleggen/spreiden-van-beleggingen
Pensioenfonds Vervoer	COMISION EJ HI RIO LEMPA	2025-12-31	6.324	x1	EUR	https://www.pfvervoer.nl/over-ons/beleggen/spreiden-van-beleggingen
Pensioenfonds Vervoer	Comision Fed De Electric	2025-12-31	337	x1	EUR	https://www.pfvervoer.nl/over-ons/beleggen/spreiden-van-beleggingen
Pensioenfonds Vervoer	Commercial Metals Co	2025-12-31	6.540	x1	EUR	https://www.pfvervoer.nl/over-ons/beleggen/spreiden-van-beleggingen
Pensioenfonds Vervoer	Commerzbank AG	2025-12-31	4.666	x1	EUR	https://www.pfvervoer.nl/over-ons/beleggen/spreiden-van-beleggingen
Pensioenfonds Vervoer	COMMONWEALTH BANK AUSTRALIA	2025-12-31	2.048	x1	EUR	https://www.pfvervoer.nl/over-ons/beleggen/spreiden-van-beleggingen
Pensioenfonds Vervoer	COMMSCOPE TECH FINANCE L	2025-12-31	6.817	x1	EUR	https://www.pfvervoer.nl/over-ons/beleggen/spreiden-van-beleggingen
Pensioenfonds Vervoer	Compass Minerals International	2025-12-31	3.224	x1	EUR	https://www.pfvervoer.nl/over-ons/beleggen/spreiden-van-beleggingen
Pensioenfonds Vervoer	CONCENTRA INC	2025-12-31	2.936	x1	EUR	https://www.pfvervoer.nl/over-ons/beleggen/spreiden-van-beleggingen
Pensioenfonds Vervoer	CONDUENT FIN / XEROX BUS	2025-12-31	744	x1	EUR	https://www.pfvervoer.nl/over-ons/beleggen/spreiden-van-beleggingen
Pensioenfonds Vervoer	CONNECT HOLDING II LLC	2025-12-31	1.605	x1	EUR	https://www.pfvervoer.nl/over-ons/beleggen/spreiden-van-beleggingen
Pensioenfonds Vervoer	CONSOLIDATED EDISON INC	2025-12-31	1.351	x1	EUR	https://www.pfvervoer.nl/over-ons/beleggen/spreiden-van-beleggingen
Pensioenfonds Vervoer	CONSTELLATION BRANDS INC	2025-12-31	595	x1	EUR	https://www.pfvervoer.nl/over-ons/beleggen/spreiden-van-beleggingen
Pensioenfonds Vervoer	CONSTELLIUM NV	2025-12-31	1.391	x1	EUR	https://www.pfvervoer.nl/over-ons/beleggen/spreiden-van-beleggingen
Pensioenfonds Vervoer	CONTINUUM ENERGY AURA	2025-12-31	741	x1	EUR	https://www.pfvervoer.nl/over-ons/beleggen/spreiden-van-beleggingen
Pensioenfonds Vervoer	Corebridge Financial Inc	2025-12-31	5.096	x1	EUR	https://www.pfvervoer.nl/over-ons/beleggen/spreiden-van-beleggingen
Pensioenfonds Vervoer	CoreWeave Inc	2025-12-31	2.601	x1	EUR	https://www.pfvervoer.nl/over-ons/beleggen/spreiden-van-beleggingen
Pensioenfonds Vervoer	Corp Andina De Fomento	2025-12-31	1.419	x1	EUR	https://www.pfvervoer.nl/over-ons/beleggen/spreiden-van-beleggingen
Pensioenfonds Vervoer	CORRECTIONS CORP OF AMER	2025-12-31	1.797	x1	EUR	https://www.pfvervoer.nl/over-ons/beleggen/spreiden-van-beleggingen
Pensioenfonds Vervoer	CoStar Group Inc	2025-12-31	872	x1	EUR	https://www.pfvervoer.nl/over-ons/beleggen/spreiden-van-beleggingen
Pensioenfonds Vervoer	COTY INC	2025-12-31	4.665	x1	EUR	https://www.pfvervoer.nl/over-ons/beleggen/spreiden-van-beleggingen
Pensioenfonds Vervoer	Council of Europe Development Bank	2025-12-31	1.628	x1	EUR	https://www.pfvervoer.nl/over-ons/beleggen/spreiden-van-beleggingen
Pensioenfonds Vervoer	COVENTRY BUILDING SOCIETY	2025-12-31	12.727	x1	EUR	https://www.pfvervoer.nl/over-ons/beleggen/spreiden-van-beleggingen
Pensioenfonds Vervoer	Covista Inc	2025-12-31	4.022	x1	EUR	https://www.pfvervoer.nl/over-ons/beleggen/spreiden-van-beleggingen
Pensioenfonds Vervoer	Cox Communications Inc	2025-12-31	4.627	x1	EUR	https://www.pfvervoer.nl/over-ons/beleggen/spreiden-van-beleggingen
Pensioenfonds Vervoer	CPI Property Group SA	2025-12-31	1.045	x1	EUR	https://www.pfvervoer.nl/over-ons/beleggen/spreiden-van-beleggingen
Pensioenfonds Vervoer	CPUK FINANCE LTD	2025-12-31	5.236	x1	EUR	https://www.pfvervoer.nl/over-ons/beleggen/spreiden-van-beleggingen
Pensioenfonds Vervoer	Credit Agricole Covered Bonds	2025-12-31	1.598	x1	EUR	https://www.pfvervoer.nl/over-ons/beleggen/spreiden-van-beleggingen
Pensioenfonds Vervoer	CREDIT AGRICOLE SA	2025-12-31	33.401	x1	EUR	https://www.pfvervoer.nl/over-ons/beleggen/spreiden-van-beleggingen
Pensioenfonds Vervoer	CRELAN SA	2025-12-31	7.564	x1	EUR	https://www.pfvervoer.nl/over-ons/beleggen/spreiden-van-beleggingen
Pensioenfonds Vervoer	Crescent Point Energy Corp	2025-12-31	2.396	x1	EUR	https://www.pfvervoer.nl/over-ons/beleggen/spreiden-van-beleggingen
Pensioenfonds Vervoer	CROMWELL EREIT LU FINCO	2025-12-31	1.887	x1	EUR	https://www.pfvervoer.nl/over-ons/beleggen/spreiden-van-beleggingen
Pensioenfonds Vervoer	CROSSCOUNTRY INTER	2025-12-31	3.761	x1	EUR	https://www.pfvervoer.nl/over-ons/beleggen/spreiden-van-beleggingen
Pensioenfonds Vervoer	CROWN CASTLE INTL CORP	2025-12-31	3.301	x1	EUR	https://www.pfvervoer.nl/over-ons/beleggen/spreiden-van-beleggingen
Pensioenfonds Vervoer	CROWN CASTLE TOWERS LLC	2025-12-31	928	x1	EUR	https://www.pfvervoer.nl/over-ons/beleggen/spreiden-van-beleggingen
Pensioenfonds Vervoer	CROWN EURO HOLDINGS SA	2025-12-31	1.694	x1	EUR	https://www.pfvervoer.nl/over-ons/beleggen/spreiden-van-beleggingen
Pensioenfonds Vervoer	CSC Holdings LLC	2025-12-31	7.663	x1	EUR	https://www.pfvervoer.nl/over-ons/beleggen/spreiden-van-beleggingen
Pensioenfonds Vervoer	Csn Islands Xi Corp	2025-12-31	224	x1	EUR	https://www.pfvervoer.nl/over-ons/beleggen/spreiden-van-beleggingen
Pensioenfonds Vervoer	CT INVESTMENT GMBH	2025-12-31	3.809	x1	EUR	https://www.pfvervoer.nl/over-ons/beleggen/spreiden-van-beleggingen
Pensioenfonds Vervoer	CTP NV	2025-12-31	2.631	x1	EUR	https://www.pfvervoer.nl/over-ons/beleggen/spreiden-van-beleggingen
Pensioenfonds Vervoer	CTR PARTNERSHIP/CARETRST	2025-12-31	4.059	x1	EUR	https://www.pfvervoer.nl/over-ons/beleggen/spreiden-van-beleggingen
Pensioenfonds Vervoer	CURRENTA GROUP HOLDINGS	2025-12-31	4.802	x1	EUR	https://www.pfvervoer.nl/over-ons/beleggen/spreiden-van-beleggingen
Pensioenfonds Vervoer	Cushman & Wakefield PLC	2025-12-31	5.116	x1	EUR	https://www.pfvervoer.nl/over-ons/beleggen/spreiden-van-beleggingen
Pensioenfonds Vervoer	CVS Health Corp	2025-12-31	4.870	x1	EUR	https://www.pfvervoer.nl/over-ons/beleggen/spreiden-van-beleggingen
Pensioenfonds Vervoer	CZECHOSLOVAK GROUP	2025-12-31	1.155	x1	EUR	https://www.pfvervoer.nl/over-ons/beleggen/spreiden-van-beleggingen
Pensioenfonds Vervoer	Dana Holding Corp	2025-12-31	4.076	x1	EUR	https://www.pfvervoer.nl/over-ons/beleggen/spreiden-van-beleggingen
Pensioenfonds Vervoer	Danske Bank A/S	2025-12-31	11.518	x1	EUR	https://www.pfvervoer.nl/over-ons/beleggen/spreiden-van-beleggingen
Pensioenfonds Vervoer	Davide Campari-Milano SpA	2025-12-31	392	x1	EUR	https://www.pfvervoer.nl/over-ons/beleggen/spreiden-van-beleggingen
Pensioenfonds Vervoer	DAVITA HEALTHCARE PARTNE	2025-12-31	9.004	x1	EUR	https://www.pfvervoer.nl/over-ons/beleggen/spreiden-van-beleggingen
Pensioenfonds Vervoer	DBS Group Holdings Ltd	2025-12-31	831	x1	EUR	https://www.pfvervoer.nl/over-ons/beleggen/spreiden-van-beleggingen
Pensioenfonds Vervoer	DECK CHASSIS ACQ INC	2025-12-31	2.434	x1	EUR	https://www.pfvervoer.nl/over-ons/beleggen/spreiden-van-beleggingen
Pensioenfonds Vervoer	DEEPOCEAN LTD	2025-12-31	1.014	x1	EUR	https://www.pfvervoer.nl/over-ons/beleggen/spreiden-van-beleggingen
Pensioenfonds Vervoer	DEUCE FINCO	2025-12-31	4.876	x1	EUR	https://www.pfvervoer.nl/over-ons/beleggen/spreiden-van-beleggingen
Pensioenfonds Vervoer	Deutsche Ann Fin BV	2025-12-31	3.042	x1	EUR	https://www.pfvervoer.nl/over-ons/beleggen/spreiden-van-beleggingen
Pensioenfonds Vervoer	Deutsche Bahn Finance Bv	2025-12-31	1.622	x1	EUR	https://www.pfvervoer.nl/over-ons/beleggen/spreiden-van-beleggingen
Pensioenfonds Vervoer	DEUTSCHE BANK AG	2025-12-31	30.733	x1	EUR	https://www.pfvervoer.nl/over-ons/beleggen/spreiden-van-beleggingen
Pensioenfonds Vervoer	Diageo PLC	2025-12-31	534	x1	EUR	https://www.pfvervoer.nl/over-ons/beleggen/spreiden-van-beleggingen
Pensioenfonds Vervoer	Diamond Offshore Drill	2025-12-31	1.357	x1	EUR	https://www.pfvervoer.nl/over-ons/beleggen/spreiden-van-beleggingen
Pensioenfonds Vervoer	Diebold Inc	2025-12-31	10.135	x1	EUR	https://www.pfvervoer.nl/over-ons/beleggen/spreiden-van-beleggingen
Pensioenfonds Vervoer	DIGITAL REALTY TRUST LP	2025-12-31	12.534	x1	EUR	https://www.pfvervoer.nl/over-ons/beleggen/spreiden-van-beleggingen
Pensioenfonds Vervoer	Directv Holdings/Fing	2025-12-31	4.563	x1	EUR	https://www.pfvervoer.nl/over-ons/beleggen/spreiden-van-beleggingen
Pensioenfonds Vervoer	DISH DBS CORP	2025-12-31	14.588	x1	EUR	https://www.pfvervoer.nl/over-ons/beleggen/spreiden-van-beleggingen
Pensioenfonds Vervoer	DNB ASA	2025-12-31	8.778	x1	EUR	https://www.pfvervoer.nl/over-ons/beleggen/spreiden-van-beleggingen
Pensioenfonds Vervoer	DOLCETTO HOLDCO SPA	2025-12-31	6.317	x1	EUR	https://www.pfvervoer.nl/over-ons/beleggen/spreiden-van-beleggingen
Pensioenfonds Vervoer	DRAGON MERGER SUB LLC	2025-12-31	861	x1	EUR	https://www.pfvervoer.nl/over-ons/beleggen/spreiden-van-beleggingen
Pensioenfonds Vervoer	Dream Finders Homes Inc	2025-12-31	2.057	x1	EUR	https://www.pfvervoer.nl/over-ons/beleggen/spreiden-van-beleggingen
Pensioenfonds Vervoer	DS Smith PLC	2025-12-31	1.774	x1	EUR	https://www.pfvervoer.nl/over-ons/beleggen/spreiden-van-beleggingen
Pensioenfonds Vervoer	DSB	2025-12-31	1.744	x1	EUR	https://www.pfvervoer.nl/over-ons/beleggen/spreiden-van-beleggingen
Pensioenfonds Vervoer	DSV A/S	2025-12-31	1.303	x1	EUR	https://www.pfvervoer.nl/over-ons/beleggen/spreiden-van-beleggingen
Pensioenfonds Vervoer	DUKE UNIVERSITY HEALTH	2025-12-31	345	x1	EUR	https://www.pfvervoer.nl/over-ons/beleggen/spreiden-van-beleggingen
Pensioenfonds Vervoer	DWR CYMRU FINANCING LTD	2025-12-31	1.549	x1	EUR	https://www.pfvervoer.nl/over-ons/beleggen/spreiden-van-beleggingen
Pensioenfonds Vervoer	DYCOM INVESTMENTS INC	2025-12-31	1.061	x1	EUR	https://www.pfvervoer.nl/over-ons/beleggen/spreiden-van-beleggingen
Pensioenfonds Vervoer	DYE & DURHAM LIMITED	2025-12-31	3.548	x1	EUR	https://www.pfvervoer.nl/over-ons/beleggen/spreiden-van-beleggingen
Pensioenfonds Vervoer	Dz Bank Ag	2025-12-31	1.693	x1	EUR	https://www.pfvervoer.nl/over-ons/beleggen/spreiden-van-beleggingen
Pensioenfonds Vervoer	EAST JAPAN RAILWAY CO	2025-12-31	3.656	x1	EUR	https://www.pfvervoer.nl/over-ons/beleggen/spreiden-van-beleggingen
Pensioenfonds Vervoer	EDGE FINCO PLC	2025-12-31	13.269	x1	EUR	https://www.pfvervoer.nl/over-ons/beleggen/spreiden-van-beleggingen
Pensioenfonds Vervoer	Edgewell Personal Care Co	2025-12-31	8.396	x1	EUR	https://www.pfvervoer.nl/over-ons/beleggen/spreiden-van-beleggingen
Pensioenfonds Vervoer	EDISON INTERNATIONAL	2025-12-31	17.821	x1	EUR	https://www.pfvervoer.nl/over-ons/beleggen/spreiden-van-beleggingen
Pensioenfonds Vervoer	EDP FINANCE BV	2025-12-31	9.646	x1	EUR	https://www.pfvervoer.nl/over-ons/beleggen/spreiden-van-beleggingen
Pensioenfonds Vervoer	EDREAMS ODIGEO SA	2025-12-31	1.210	x1	EUR	https://www.pfvervoer.nl/over-ons/beleggen/spreiden-van-beleggingen
Pensioenfonds Vervoer	EG GLOBAL FINANCE PLC	2025-12-31	4.233	x1	EUR	https://www.pfvervoer.nl/over-ons/beleggen/spreiden-van-beleggingen
Pensioenfonds Vervoer	EI du Pont de Nemours & Co	2025-12-31	941	x1	EUR	https://www.pfvervoer.nl/over-ons/beleggen/spreiden-van-beleggingen
Pensioenfonds Vervoer	EIRCOM FINANCE DAC	2025-12-31	7.301	x1	EUR	https://www.pfvervoer.nl/over-ons/beleggen/spreiden-van-beleggingen
Pensioenfonds Vervoer	Elastic NV	2025-12-31	2.156	x1	EUR	https://www.pfvervoer.nl/over-ons/beleggen/spreiden-van-beleggingen
Pensioenfonds Vervoer	ELECTRICITE DE FRANCE	2025-12-31	20.131	x1	EUR	https://www.pfvervoer.nl/over-ons/beleggen/spreiden-van-beleggingen
Pensioenfonds Vervoer	ELEMENT SOLUTIONS INC	2025-12-31	1.054	x1	EUR	https://www.pfvervoer.nl/over-ons/beleggen/spreiden-van-beleggingen
Pensioenfonds Vervoer	Elevance Health Inc	2025-12-31	12.805	x1	EUR	https://www.pfvervoer.nl/over-ons/beleggen/spreiden-van-beleggingen
Pensioenfonds Vervoer	Eli Lilly & Co	2025-12-31	1.039	x1	EUR	https://www.pfvervoer.nl/over-ons/beleggen/spreiden-van-beleggingen
Pensioenfonds Vervoer	Elia System Operator SA/NV	2025-12-31	3.844	x1	EUR	https://www.pfvervoer.nl/over-ons/beleggen/spreiden-van-beleggingen
Pensioenfonds Vervoer	Elia Transmission BE	2025-12-31	3.839	x1	EUR	https://www.pfvervoer.nl/over-ons/beleggen/spreiden-van-beleggingen
Pensioenfonds Vervoer	ELISA OYJ	2025-12-31	5.133	x1	EUR	https://www.pfvervoer.nl/over-ons/beleggen/spreiden-van-beleggingen
Pensioenfonds Vervoer	ELLEVIO AB	2025-12-31	1.521	x1	EUR	https://www.pfvervoer.nl/over-ons/beleggen/spreiden-van-beleggingen
Pensioenfonds Vervoer	EMERALD DEBT MERGER	2025-12-31	18.730	x1	EUR	https://www.pfvervoer.nl/over-ons/beleggen/spreiden-van-beleggingen
Pensioenfonds Vervoer	EMERGENT BIOSOLUTIONS	2025-12-31	485	x1	EUR	https://www.pfvervoer.nl/over-ons/beleggen/spreiden-van-beleggingen
Pensioenfonds Vervoer	Empresa De Transporte Me	2025-12-31	1.503	x1	EUR	https://www.pfvervoer.nl/over-ons/beleggen/spreiden-van-beleggingen
Pensioenfonds Vervoer	EMPRESA GEN ELEC HAINA	2025-12-31	368	x1	EUR	https://www.pfvervoer.nl/over-ons/beleggen/spreiden-van-beleggingen
Pensioenfonds Vervoer	Empresa Nacional De Pertroleo	2025-12-31	4.770	x1	EUR	https://www.pfvervoer.nl/over-ons/beleggen/spreiden-van-beleggingen
Pensioenfonds Vervoer	Empresas Publicas de Medellin ESP	2025-12-31	1.028	x1	EUR	https://www.pfvervoer.nl/over-ons/beleggen/spreiden-van-beleggingen
Pensioenfonds Vervoer	ENBW INTERNATIONAL FINANCE BV	2025-12-31	12.715	x1	EUR	https://www.pfvervoer.nl/over-ons/beleggen/spreiden-van-beleggingen
Pensioenfonds Vervoer	ENCOMPASS HEALTH CORP	2025-12-31	4.006	x1	EUR	https://www.pfvervoer.nl/over-ons/beleggen/spreiden-van-beleggingen
Pensioenfonds Vervoer	ENDO HEALTH SOLUTIONS IN	2025-12-31	5.404	x1	EUR	https://www.pfvervoer.nl/over-ons/beleggen/spreiden-van-beleggingen
Pensioenfonds Vervoer	ENEL SPA	2025-12-31	3.734	x1	EUR	https://www.pfvervoer.nl/over-ons/beleggen/spreiden-van-beleggingen
Pensioenfonds Vervoer	Energizer Holdings Inc	2025-12-31	8.581	x1	EUR	https://www.pfvervoer.nl/over-ons/beleggen/spreiden-van-beleggingen
Pensioenfonds Vervoer	ENERGUATE TRUST	2025-12-31	1.814	x1	EUR	https://www.pfvervoer.nl/over-ons/beleggen/spreiden-van-beleggingen
Pensioenfonds Vervoer	EnergySolutions Inc	2025-12-31	8.472	x1	EUR	https://www.pfvervoer.nl/over-ons/beleggen/spreiden-van-beleggingen
Pensioenfonds Vervoer	EnerSys	2025-12-31	1.879	x1	EUR	https://www.pfvervoer.nl/over-ons/beleggen/spreiden-van-beleggingen
Pensioenfonds Vervoer	Enexis Holding BV	2025-12-31	688	x1	EUR	https://www.pfvervoer.nl/over-ons/beleggen/spreiden-van-beleggingen
Pensioenfonds Vervoer	Engie	2025-12-31	14.293	x1	EUR	https://www.pfvervoer.nl/over-ons/beleggen/spreiden-van-beleggingen
Pensioenfonds Vervoer	ENI SPA	2025-12-31	7.753	x1	EUR	https://www.pfvervoer.nl/over-ons/beleggen/spreiden-van-beleggingen
Pensioenfonds Vervoer	Enpro Inc	2025-12-31	883	x1	EUR	https://www.pfvervoer.nl/over-ons/beleggen/spreiden-van-beleggingen
Pensioenfonds Vervoer	Entegris Inc	2025-12-31	6.677	x1	EUR	https://www.pfvervoer.nl/over-ons/beleggen/spreiden-van-beleggingen
Pensioenfonds Vervoer	Enterprise Rent A Car USA Finance Company	2025-12-31	3.055	x1	EUR	https://www.pfvervoer.nl/over-ons/beleggen/spreiden-van-beleggingen
Pensioenfonds Vervoer	Entertainment Properties	2025-12-31	3.839	x1	EUR	https://www.pfvervoer.nl/over-ons/beleggen/spreiden-van-beleggingen
Pensioenfonds Vervoer	EON AG	2025-12-31	9.341	x1	EUR	https://www.pfvervoer.nl/over-ons/beleggen/spreiden-van-beleggingen
Pensioenfonds Vervoer	EPH FIN INTERNATIONAL AS	2025-12-31	6.888	x1	EUR	https://www.pfvervoer.nl/over-ons/beleggen/spreiden-van-beleggingen
Pensioenfonds Vervoer	EPIROC AB	2025-12-31	1.462	x1	EUR	https://www.pfvervoer.nl/over-ons/beleggen/spreiden-van-beleggingen
Pensioenfonds Vervoer	EQT AB	2025-12-31	6.258	x1	EUR	https://www.pfvervoer.nl/over-ons/beleggen/spreiden-van-beleggingen
Pensioenfonds Vervoer	EQUIFAX INC	2025-12-31	2.857	x1	EUR	https://www.pfvervoer.nl/over-ons/beleggen/spreiden-van-beleggingen
Pensioenfonds Vervoer	Equinix Inc	2025-12-31	5.162	x1	EUR	https://www.pfvervoer.nl/over-ons/beleggen/spreiden-van-beleggingen
Pensioenfonds Vervoer	Equinor ASA	2025-12-31	1.489	x1	EUR	https://www.pfvervoer.nl/over-ons/beleggen/spreiden-van-beleggingen
Pensioenfonds Vervoer	EROSKI S COOP	2025-12-31	4.883	x1	EUR	https://www.pfvervoer.nl/over-ons/beleggen/spreiden-van-beleggingen
Pensioenfonds Vervoer	Esab Corp	2025-12-31	687	x1	EUR	https://www.pfvervoer.nl/over-ons/beleggen/spreiden-van-beleggingen
Pensioenfonds Vervoer	ETSA UTILITIES FINANCE	2025-12-31	1.096	x1	EUR	https://www.pfvervoer.nl/over-ons/beleggen/spreiden-van-beleggingen
Pensioenfonds Vervoer	Eurobank Ergasias Services and Holdings SA	2025-12-31	2.225	x1	EUR	https://www.pfvervoer.nl/over-ons/beleggen/spreiden-van-beleggingen
Pensioenfonds Vervoer	EUROFIMA	2025-12-31	1.483	x1	EUR	https://www.pfvervoer.nl/over-ons/beleggen/spreiden-van-beleggingen
Pensioenfonds Vervoer	EUROGRID GMBH	2025-12-31	23.263	x1	EUR	https://www.pfvervoer.nl/over-ons/beleggen/spreiden-van-beleggingen
Pensioenfonds Vervoer	EUROPCAR GROUPE SA	2025-12-31	917	x1	EUR	https://www.pfvervoer.nl/over-ons/beleggen/spreiden-van-beleggingen
Pensioenfonds Vervoer	Europese Investeringsbank	2025-12-31	21.962	x1	EUR	https://www.pfvervoer.nl/over-ons/beleggen/spreiden-van-beleggingen
Pensioenfonds Vervoer	EUTELSAT SA	2025-12-31	2.593	x1	EUR	https://www.pfvervoer.nl/over-ons/beleggen/spreiden-van-beleggingen
Pensioenfonds Vervoer	EVEREST RE GROUP LTD	2025-12-31	3.493	x1	EUR	https://www.pfvervoer.nl/over-ons/beleggen/spreiden-van-beleggingen
Pensioenfonds Vervoer	Everi Payments Inc	2025-12-31	6.266	x1	EUR	https://www.pfvervoer.nl/over-ons/beleggen/spreiden-van-beleggingen
Pensioenfonds Vervoer	EW Scripps Co	2025-12-31	3.135	x1	EUR	https://www.pfvervoer.nl/over-ons/beleggen/spreiden-van-beleggingen
Pensioenfonds Vervoer	Exelon Corp	2025-12-31	3.244	x1	EUR	https://www.pfvervoer.nl/over-ons/beleggen/spreiden-van-beleggingen
Pensioenfonds Vervoer	Experian Finance PLC	2025-12-31	4.555	x1	EUR	https://www.pfvervoer.nl/over-ons/beleggen/spreiden-van-beleggingen
Pensioenfonds Vervoer	Exterran Holdings Inc	2025-12-31	1.196	x1	EUR	https://www.pfvervoer.nl/over-ons/beleggen/spreiden-van-beleggingen
Pensioenfonds Vervoer	Ezcorp Inc	2025-12-31	335	x1	EUR	https://www.pfvervoer.nl/over-ons/beleggen/spreiden-van-beleggingen
Pensioenfonds Vervoer	FAIR ISAAC CORP	2025-12-31	828	x1	EUR	https://www.pfvervoer.nl/over-ons/beleggen/spreiden-van-beleggingen
Pensioenfonds Vervoer	Fairfax Financial Holdings Ltd	2025-12-31	17.722	x1	EUR	https://www.pfvervoer.nl/over-ons/beleggen/spreiden-van-beleggingen
Pensioenfonds Vervoer	FASTIGHETS AB BALDER	2025-12-31	7.292	x1	EUR	https://www.pfvervoer.nl/over-ons/beleggen/spreiden-van-beleggingen
Pensioenfonds Vervoer	FAURECIA	2025-12-31	6.790	x1	EUR	https://www.pfvervoer.nl/over-ons/beleggen/spreiden-van-beleggingen
Pensioenfonds Vervoer	FERGUSON ENTERPRISES INC	2025-12-31	3.481	x1	EUR	https://www.pfvervoer.nl/over-ons/beleggen/spreiden-van-beleggingen
Pensioenfonds Vervoer	FERGUSON FINANCE PLC	2025-12-31	1.413	x1	EUR	https://www.pfvervoer.nl/over-ons/beleggen/spreiden-van-beleggingen
Pensioenfonds Vervoer	FERRELLGAS LP/FERRELLGAS	2025-12-31	2.135	x1	EUR	https://www.pfvervoer.nl/over-ons/beleggen/spreiden-van-beleggingen
Pensioenfonds Vervoer	Ferrovie Dello Stato	2025-12-31	5.625	x1	EUR	https://www.pfvervoer.nl/over-ons/beleggen/spreiden-van-beleggingen
Pensioenfonds Vervoer	FIDELITY & GUARANTY LIFE	2025-12-31	2.720	x1	EUR	https://www.pfvervoer.nl/over-ons/beleggen/spreiden-van-beleggingen
Pensioenfonds Vervoer	Fifth Third Ban Corp	2025-12-31	3.716	x1	EUR	https://www.pfvervoer.nl/over-ons/beleggen/spreiden-van-beleggingen
Pensioenfonds Vervoer	FIRE BC SPA	2025-12-31	3.974	x1	EUR	https://www.pfvervoer.nl/over-ons/beleggen/spreiden-van-beleggingen
Pensioenfonds Vervoer	First Cash Financial Sercives	2025-12-31	4.365	x1	EUR	https://www.pfvervoer.nl/over-ons/beleggen/spreiden-van-beleggingen
Pensioenfonds Vervoer	FIRST HORIZON NATIONAL CORP	2025-12-31	3.053	x1	EUR	https://www.pfvervoer.nl/over-ons/beleggen/spreiden-van-beleggingen
Pensioenfonds Vervoer	First Quantum Minerals Ltd	2025-12-31	1.444	x1	EUR	https://www.pfvervoer.nl/over-ons/beleggen/spreiden-van-beleggingen
Pensioenfonds Vervoer	FISERV INC	2025-12-31	4.345	x1	EUR	https://www.pfvervoer.nl/over-ons/beleggen/spreiden-van-beleggingen
Pensioenfonds Vervoer	FIVE POINT OP CO LP/FIVE	2025-12-31	2.142	x1	EUR	https://www.pfvervoer.nl/over-ons/beleggen/spreiden-van-beleggingen
Pensioenfonds Vervoer	FLASH COMPUTE LLC	2025-12-31	714	x1	EUR	https://www.pfvervoer.nl/over-ons/beleggen/spreiden-van-beleggingen
Pensioenfonds Vervoer	Flowserve Corp	2025-12-31	677	x1	EUR	https://www.pfvervoer.nl/over-ons/beleggen/spreiden-van-beleggingen
Pensioenfonds Vervoer	Flutter Treasury DAC	2025-12-31	6.598	x1	EUR	https://www.pfvervoer.nl/over-ons/beleggen/spreiden-van-beleggingen
Pensioenfonds Vervoer	Fluviu System OP	2025-12-31	6.270	x1	EUR	https://www.pfvervoer.nl/over-ons/beleggen/spreiden-van-beleggingen
Pensioenfonds Vervoer	FMC FINANCE VII SA	2025-12-31	2.834	x1	EUR	https://www.pfvervoer.nl/over-ons/beleggen/spreiden-van-beleggingen
Pensioenfonds Vervoer	FOCUS FINANCIAL PARTNERS LLC	2025-12-31	4.194	x1	EUR	https://www.pfvervoer.nl/over-ons/beleggen/spreiden-van-beleggingen
Pensioenfonds Vervoer	FONCIA MANAGEMENT SASU	2025-12-31	206	x1	EUR	https://www.pfvervoer.nl/over-ons/beleggen/spreiden-van-beleggingen
Pensioenfonds Vervoer	FORD MOTOR COMPANY	2025-12-31	39.419	x1	EUR	https://www.pfvervoer.nl/over-ons/beleggen/spreiden-van-beleggingen
Pensioenfonds Vervoer	FORTREA HOLDINGS INC	2025-12-31	1.080	x1	EUR	https://www.pfvervoer.nl/over-ons/beleggen/spreiden-van-beleggingen
Pensioenfonds Vervoer	FORTRESS TRANS & INFRAST	2025-12-31	6.193	x1	EUR	https://www.pfvervoer.nl/over-ons/beleggen/spreiden-van-beleggingen
Pensioenfonds Vervoer	FOUNDRY JV HOLDCO LLC	2025-12-31	7.425	x1	EUR	https://www.pfvervoer.nl/over-ons/beleggen/spreiden-van-beleggingen
Pensioenfonds Vervoer	Franklin Resources Inc	2025-12-31	1.555	x1	EUR	https://www.pfvervoer.nl/over-ons/beleggen/spreiden-van-beleggingen
Pensioenfonds Vervoer	FREEDOM MORTGAGE CORP	2025-12-31	6.130	x1	EUR	https://www.pfvervoer.nl/over-ons/beleggen/spreiden-van-beleggingen
Pensioenfonds Vervoer	Fressnapf Holding SE	2025-12-31	1.007	x1	EUR	https://www.pfvervoer.nl/over-ons/beleggen/spreiden-van-beleggingen
Pensioenfonds Vervoer	FRONTIER COMMUNICATIONS	2025-12-31	6.155	x1	EUR	https://www.pfvervoer.nl/over-ons/beleggen/spreiden-van-beleggingen
Pensioenfonds Vervoer	FS KKR CAPITAL CORP	2025-12-31	503	x1	EUR	https://www.pfvervoer.nl/over-ons/beleggen/spreiden-van-beleggingen
Pensioenfonds Vervoer	GAIF BOND ISSUER P/L	2025-12-31	1.575	x1	EUR	https://www.pfvervoer.nl/over-ons/beleggen/spreiden-van-beleggingen
Pensioenfonds Vervoer	GALAXY BIDCO LTD	2025-12-31	2.999	x1	EUR	https://www.pfvervoer.nl/over-ons/beleggen/spreiden-van-beleggingen
Pensioenfonds Vervoer	GARDA WORLD SECURITY COR	2025-12-31	3.861	x1	EUR	https://www.pfvervoer.nl/over-ons/beleggen/spreiden-van-beleggingen
Pensioenfonds Vervoer	GATWICK AIRPORT FINANCE	2025-12-31	1.951	x1	EUR	https://www.pfvervoer.nl/over-ons/beleggen/spreiden-van-beleggingen
Pensioenfonds Vervoer	GATWICK FUNDING LIMITED	2025-12-31	2.317	x1	EUR	https://www.pfvervoer.nl/over-ons/beleggen/spreiden-van-beleggingen
Pensioenfonds Vervoer	GCI LLC	2025-12-31	2.622	x1	EUR	https://www.pfvervoer.nl/over-ons/beleggen/spreiden-van-beleggingen
Pensioenfonds Vervoer	General Cable Corp	2025-12-31	2.776	x1	EUR	https://www.pfvervoer.nl/over-ons/beleggen/spreiden-van-beleggingen
Pensioenfonds Vervoer	General Electric Co	2025-12-31	4.063	x1	EUR	https://www.pfvervoer.nl/over-ons/beleggen/spreiden-van-beleggingen
Pensioenfonds Vervoer	General motors finl co	2025-12-31	15.760	x1	EUR	https://www.pfvervoer.nl/over-ons/beleggen/spreiden-van-beleggingen
Pensioenfonds Vervoer	GENESIS ENERGY LP/GENESI	2025-12-31	1.965	x1	EUR	https://www.pfvervoer.nl/over-ons/beleggen/spreiden-van-beleggingen
Pensioenfonds Vervoer	GENPACT LUXEMBOURG SARL	2025-12-31	943	x1	EUR	https://www.pfvervoer.nl/over-ons/beleggen/spreiden-van-beleggingen
Pensioenfonds Vervoer	GENTING NY LLC/GENNY CAP	2025-12-31	2.955	x1	EUR	https://www.pfvervoer.nl/over-ons/beleggen/spreiden-van-beleggingen
Pensioenfonds Vervoer	GENUINE PARTS CO	2025-12-31	768	x1	EUR	https://www.pfvervoer.nl/over-ons/beleggen/spreiden-van-beleggingen
Pensioenfonds Vervoer	GEO GROUP INC/THE	2025-12-31	2.303	x1	EUR	https://www.pfvervoer.nl/over-ons/beleggen/spreiden-van-beleggingen
Pensioenfonds Vervoer	GEORGETOWN UNIVERSITY	2025-12-31	2.306	x1	EUR	https://www.pfvervoer.nl/over-ons/beleggen/spreiden-van-beleggingen
Pensioenfonds Vervoer	GESTAMP AUTOMOCION SA	2025-12-31	3.445	x1	EUR	https://www.pfvervoer.nl/over-ons/beleggen/spreiden-van-beleggingen
Pensioenfonds Vervoer	GFL Environmental Inc	2025-12-31	12.261	x1	EUR	https://www.pfvervoer.nl/over-ons/beleggen/spreiden-van-beleggingen
Pensioenfonds Vervoer	Gilead Sciences Inc	2025-12-31	874	x1	EUR	https://www.pfvervoer.nl/over-ons/beleggen/spreiden-van-beleggingen
Pensioenfonds Vervoer	GLOBAL ATLANTIC FIN CO	2025-12-31	2.656	x1	EUR	https://www.pfvervoer.nl/over-ons/beleggen/spreiden-van-beleggingen
Pensioenfonds Vervoer	GLOBAL AUTO HO/AAG FH UK	2025-12-31	1.729	x1	EUR	https://www.pfvervoer.nl/over-ons/beleggen/spreiden-van-beleggingen
Pensioenfonds Vervoer	GLOBAL INFRASTRUCTURE SO	2025-12-31	2.297	x1	EUR	https://www.pfvervoer.nl/over-ons/beleggen/spreiden-van-beleggingen
Pensioenfonds Vervoer	GLOBAL NET LEASE/GLOBAL	2025-12-31	4.790	x1	EUR	https://www.pfvervoer.nl/over-ons/beleggen/spreiden-van-beleggingen
Pensioenfonds Vervoer	GLOBAL PART/GLP FINANCE	2025-12-31	6.967	x1	EUR	https://www.pfvervoer.nl/over-ons/beleggen/spreiden-van-beleggingen
Pensioenfonds Vervoer	GLOBAL PAYMENTS INC	2025-12-31	11.899	x1	EUR	https://www.pfvervoer.nl/over-ons/beleggen/spreiden-van-beleggingen
Pensioenfonds Vervoer	GLP CAPITAL LP / FIN II	2025-12-31	5.826	x1	EUR	https://www.pfvervoer.nl/over-ons/beleggen/spreiden-van-beleggingen
Pensioenfonds Vervoer	GO DADDY OPCO/FINCO	2025-12-31	3.888	x1	EUR	https://www.pfvervoer.nl/over-ons/beleggen/spreiden-van-beleggingen
Pensioenfonds Vervoer	Goeasy Ltd	2025-12-31	5.378	x1	EUR	https://www.pfvervoer.nl/over-ons/beleggen/spreiden-van-beleggingen
Pensioenfonds Vervoer	Goldman Sachs Group Inc	2025-12-31	29.431	x1	EUR	https://www.pfvervoer.nl/over-ons/beleggen/spreiden-van-beleggingen
Pensioenfonds Vervoer	Goodman Funding Pty Ltd	2025-12-31	3.192	x1	EUR	https://www.pfvervoer.nl/over-ons/beleggen/spreiden-van-beleggingen
Pensioenfonds Vervoer	GOODYEAR TIRE & RUBBER	2025-12-31	3.717	x1	EUR	https://www.pfvervoer.nl/over-ons/beleggen/spreiden-van-beleggingen
Pensioenfonds Vervoer	Graham Holdings Co	2025-12-31	1.414	x1	EUR	https://www.pfvervoer.nl/over-ons/beleggen/spreiden-van-beleggingen
Pensioenfonds Vervoer	GRAHAM PACKAGING/GPC CAP	2025-12-31	2.774	x1	EUR	https://www.pfvervoer.nl/over-ons/beleggen/spreiden-van-beleggingen
Pensioenfonds Vervoer	Grainger PLC	2025-12-31	559	x1	EUR	https://www.pfvervoer.nl/over-ons/beleggen/spreiden-van-beleggingen
Pensioenfonds Vervoer	GRAPHIC PACKAGING INTL	2025-12-31	611	x1	EUR	https://www.pfvervoer.nl/over-ons/beleggen/spreiden-van-beleggingen
Pensioenfonds Vervoer	Gray Television Inc	2025-12-31	11.076	x1	EUR	https://www.pfvervoer.nl/over-ons/beleggen/spreiden-van-beleggingen
Pensioenfonds Vervoer	GREAT LAKES DREDGE&DOCK	2025-12-31	2.673	x1	EUR	https://www.pfvervoer.nl/over-ons/beleggen/spreiden-van-beleggingen
Pensioenfonds Vervoer	Great-West Lifeco Inc	2025-12-31	1.282	x1	EUR	https://www.pfvervoer.nl/over-ons/beleggen/spreiden-van-beleggingen
Pensioenfonds Vervoer	GREYSTAR REAL ESTATE PAR	2025-12-31	6.865	x1	EUR	https://www.pfvervoer.nl/over-ons/beleggen/spreiden-van-beleggingen
Pensioenfonds Vervoer	GRIFFON CORPORATION	2025-12-31	1.782	x1	EUR	https://www.pfvervoer.nl/over-ons/beleggen/spreiden-van-beleggingen
Pensioenfonds Vervoer	GRIFOLS SA	2025-12-31	12.560	x1	EUR	https://www.pfvervoer.nl/over-ons/beleggen/spreiden-van-beleggingen
Pensioenfonds Vervoer	GRUPO ENERGIA BOGOTA	2025-12-31	1.726	x1	EUR	https://www.pfvervoer.nl/over-ons/beleggen/spreiden-van-beleggingen
Pensioenfonds Vervoer	GRUPO NUTRESA SA	2025-12-31	1.685	x1	EUR	https://www.pfvervoer.nl/over-ons/beleggen/spreiden-van-beleggingen
Pensioenfonds Vervoer	GRUPO-ANTOLIN IRAUSA SA	2025-12-31	535	x1	EUR	https://www.pfvervoer.nl/over-ons/beleggen/spreiden-van-beleggingen
Pensioenfonds Vervoer	GRUPPO SAN DONATO SPA	2025-12-31	978	x1	EUR	https://www.pfvervoer.nl/over-ons/beleggen/spreiden-van-beleggingen
Pensioenfonds Vervoer	GSK CONSUMER HEALTHCARE	2025-12-31	1.434	x1	EUR	https://www.pfvervoer.nl/over-ons/beleggen/spreiden-van-beleggingen
Pensioenfonds Vervoer	GTA FINANCE CO PTY LTD	2025-12-31	1.286	x1	EUR	https://www.pfvervoer.nl/over-ons/beleggen/spreiden-van-beleggingen
Pensioenfonds Vervoer	Guala Closures SpA	2025-12-31	690	x1	EUR	https://www.pfvervoer.nl/over-ons/beleggen/spreiden-van-beleggingen
Pensioenfonds Vervoer	GUARDIAN LIFE GLOB FUND	2025-12-31	1.291	x1	EUR	https://www.pfvervoer.nl/over-ons/beleggen/spreiden-van-beleggingen
Pensioenfonds Vervoer	GVC HOLDINGS GIBRALTAR L	2025-12-31	4.953	x1	EUR	https://www.pfvervoer.nl/over-ons/beleggen/spreiden-van-beleggingen
Pensioenfonds Vervoer	H Lundbeck A/S	2025-12-31	2.768	x1	EUR	https://www.pfvervoer.nl/over-ons/beleggen/spreiden-van-beleggingen
Pensioenfonds Vervoer	HANWHA ENERGY USA HOLDN	2025-12-31	614	x1	EUR	https://www.pfvervoer.nl/over-ons/beleggen/spreiden-van-beleggingen
Pensioenfonds Vervoer	Harbour Energy PLC	2025-12-31	1.071	x1	EUR	https://www.pfvervoer.nl/over-ons/beleggen/spreiden-van-beleggingen
Pensioenfonds Vervoer	HARLEY-DAVIDSON INC	2025-12-31	2.416	x1	EUR	https://www.pfvervoer.nl/over-ons/beleggen/spreiden-van-beleggingen
Pensioenfonds Vervoer	HARVEST MIDSTREAM I LP	2025-12-31	752	x1	EUR	https://www.pfvervoer.nl/over-ons/beleggen/spreiden-van-beleggingen
Pensioenfonds Vervoer	HAT HOLDINGS I LLC/HAT	2025-12-31	11.559	x1	EUR	https://www.pfvervoer.nl/over-ons/beleggen/spreiden-van-beleggingen
Pensioenfonds Vervoer	Health Care Svcs Corp	2025-12-31	394	x1	EUR	https://www.pfvervoer.nl/over-ons/beleggen/spreiden-van-beleggingen
Pensioenfonds Vervoer	HealthEquity Inc	2025-12-31	4.674	x1	EUR	https://www.pfvervoer.nl/over-ons/beleggen/spreiden-van-beleggingen
Pensioenfonds Vervoer	Heathrow Funding Ltd	2025-12-31	4.792	x1	EUR	https://www.pfvervoer.nl/over-ons/beleggen/spreiden-van-beleggingen
Pensioenfonds Vervoer	Heimstaden Bostad	2025-12-31	1.447	x1	EUR	https://www.pfvervoer.nl/over-ons/beleggen/spreiden-van-beleggingen
Pensioenfonds Vervoer	Heineken Holding NV	2025-12-31	999	x1	EUR	https://www.pfvervoer.nl/over-ons/beleggen/spreiden-van-beleggingen
Pensioenfonds Vervoer	Herc Holdings Inc	2025-12-31	8.868	x1	EUR	https://www.pfvervoer.nl/over-ons/beleggen/spreiden-van-beleggingen
Pensioenfonds Vervoer	HERTZ CORP	2025-12-31	5.845	x1	EUR	https://www.pfvervoer.nl/over-ons/beleggen/spreiden-van-beleggingen
Pensioenfonds Vervoer	HESS MIDSTREAM PARTNERS	2025-12-31	2.511	x1	EUR	https://www.pfvervoer.nl/over-ons/beleggen/spreiden-van-beleggingen
Pensioenfonds Vervoer	HIGHTOWER HOLDING LLC	2025-12-31	1.006	x1	EUR	https://www.pfvervoer.nl/over-ons/beleggen/spreiden-van-beleggingen
Pensioenfonds Vervoer	Highwoods Realty Limited	2025-12-31	387	x1	EUR	https://www.pfvervoer.nl/over-ons/beleggen/spreiden-van-beleggingen
Pensioenfonds Vervoer	HILCORP ENERGY I/HILCORP	2025-12-31	1.111	x1	EUR	https://www.pfvervoer.nl/over-ons/beleggen/spreiden-van-beleggingen
Pensioenfonds Vervoer	Hillenbrand Inc	2025-12-31	601	x1	EUR	https://www.pfvervoer.nl/over-ons/beleggen/spreiden-van-beleggingen
Pensioenfonds Vervoer	HILTON GRAND VACA LLC/IN	2025-12-31	5.503	x1	EUR	https://www.pfvervoer.nl/over-ons/beleggen/spreiden-van-beleggingen
Pensioenfonds Vervoer	Hilton Worldwide Finance	2025-12-31	15.216	x1	EUR	https://www.pfvervoer.nl/over-ons/beleggen/spreiden-van-beleggingen
Pensioenfonds Vervoer	HLF FIN SARL LLC/HERBALI	2025-12-31	2.992	x1	EUR	https://www.pfvervoer.nl/over-ons/beleggen/spreiden-van-beleggingen
Pensioenfonds Vervoer	Holding d'Infrastructures de Transport SAS	2025-12-31	8.935	x1	EUR	https://www.pfvervoer.nl/over-ons/beleggen/spreiden-van-beleggingen
Pensioenfonds Vervoer	Hologic Inc	2025-12-31	2.224	x1	EUR	https://www.pfvervoer.nl/over-ons/beleggen/spreiden-van-beleggingen
Pensioenfonds Vervoer	Honda Motor Co Ltd	2025-12-31	5.513	x1	EUR	https://www.pfvervoer.nl/over-ons/beleggen/spreiden-van-beleggingen
Pensioenfonds Vervoer	Host Hotels & Resorts Inc	2025-12-31	12.694	x1	EUR	https://www.pfvervoer.nl/over-ons/beleggen/spreiden-van-beleggingen
Pensioenfonds Vervoer	HOUSE OF FINANCE NV/THE	2025-12-31	154	x1	EUR	https://www.pfvervoer.nl/over-ons/beleggen/spreiden-van-beleggingen
Pensioenfonds Vervoer	HOWARD MIDSTREAM ENERGY	2025-12-31	2.006	x1	EUR	https://www.pfvervoer.nl/over-ons/beleggen/spreiden-van-beleggingen
Pensioenfonds Vervoer	HOWDEN UK REFINANCE / US	2025-12-31	2.389	x1	EUR	https://www.pfvervoer.nl/over-ons/beleggen/spreiden-van-beleggingen
Pensioenfonds Vervoer	HOWOGE WOHNUNGS	2025-12-31	2.621	x1	EUR	https://www.pfvervoer.nl/over-ons/beleggen/spreiden-van-beleggingen
Pensioenfonds Vervoer	HP ENTERPRISE CO	2025-12-31	1.820	x1	EUR	https://www.pfvervoer.nl/over-ons/beleggen/spreiden-van-beleggingen
Pensioenfonds Vervoer	HP PELZER HOLDING GMBH	2025-12-31	338	x1	EUR	https://www.pfvervoer.nl/over-ons/beleggen/spreiden-van-beleggingen
Pensioenfonds Vervoer	HSBC HOLDINGS PLC	2025-12-31	23.907	x1	EUR	https://www.pfvervoer.nl/over-ons/beleggen/spreiden-van-beleggingen
Pensioenfonds Vervoer	HUB INTERNATIONAL LTD	2025-12-31	1.964	x1	EUR	https://www.pfvervoer.nl/over-ons/beleggen/spreiden-van-beleggingen
Pensioenfonds Vervoer	HudBay Minerals Inc	2025-12-31	2.255	x1	EUR	https://www.pfvervoer.nl/over-ons/beleggen/spreiden-van-beleggingen
Pensioenfonds Vervoer	HUDSON AUTOMOTIVE GROUP	2025-12-31	6.598	x1	EUR	https://www.pfvervoer.nl/over-ons/beleggen/spreiden-van-beleggingen
Pensioenfonds Vervoer	HUGHES SATELLITE SYSTEMS	2025-12-31	9.084	x1	EUR	https://www.pfvervoer.nl/over-ons/beleggen/spreiden-van-beleggingen
Pensioenfonds Vervoer	HUMANA INC	2025-12-31	1.731	x1	EUR	https://www.pfvervoer.nl/over-ons/beleggen/spreiden-van-beleggingen
Pensioenfonds Vervoer	HUNT COS INC	2025-12-31	4.901	x1	EUR	https://www.pfvervoer.nl/over-ons/beleggen/spreiden-van-beleggingen
Pensioenfonds Vervoer	Huntington Bancshares Inc / OH	2025-12-31	1.978	x1	EUR	https://www.pfvervoer.nl/over-ons/beleggen/spreiden-van-beleggingen
Pensioenfonds Vervoer	HYATT HOTELS CORP	2025-12-31	264	x1	EUR	https://www.pfvervoer.nl/over-ons/beleggen/spreiden-van-beleggingen
Pensioenfonds Vervoer	Hyundai Capital America	2025-12-31	7.589	x1	EUR	https://www.pfvervoer.nl/over-ons/beleggen/spreiden-van-beleggingen
Pensioenfonds Vervoer	Iberdrola International BV	2025-12-31	13.566	x1	EUR	https://www.pfvervoer.nl/over-ons/beleggen/spreiden-van-beleggingen
Pensioenfonds Vervoer	IH MERGER SUB LLC	2025-12-31	1.978	x1	EUR	https://www.pfvervoer.nl/over-ons/beleggen/spreiden-van-beleggingen
Pensioenfonds Vervoer	IHEARTCOMMUNICATIONS INC	2025-12-31	4.838	x1	EUR	https://www.pfvervoer.nl/over-ons/beleggen/spreiden-van-beleggingen
Pensioenfonds Vervoer	ILE DE FRANCE MOBILITES	2025-12-31	1.479	x1	EUR	https://www.pfvervoer.nl/over-ons/beleggen/spreiden-van-beleggingen
Pensioenfonds Vervoer	ILIAD HOLDING SAS	2025-12-31	11.136	x1	EUR	https://www.pfvervoer.nl/over-ons/beleggen/spreiden-van-beleggingen
Pensioenfonds Vervoer	ILIAD SA	2025-12-31	1.888	x1	EUR	https://www.pfvervoer.nl/over-ons/beleggen/spreiden-van-beleggingen
Pensioenfonds Vervoer	IMA INDUSTRIA MACCHINE	2025-12-31	4.264	x1	EUR	https://www.pfvervoer.nl/over-ons/beleggen/spreiden-van-beleggingen
Pensioenfonds Vervoer	IMCD NV	2025-12-31	1.130	x1	EUR	https://www.pfvervoer.nl/over-ons/beleggen/spreiden-van-beleggingen
Pensioenfonds Vervoer	INDIABULLS HOUSING FIN	2025-12-31	460	x1	EUR	https://www.pfvervoer.nl/over-ons/beleggen/spreiden-van-beleggingen
Pensioenfonds Vervoer	INdian Railway Finance	2025-12-31	8.106	x1	EUR	https://www.pfvervoer.nl/over-ons/beleggen/spreiden-van-beleggingen
Pensioenfonds Vervoer	INDIGO MERGER SUB INC	2025-12-31	1.000	x1	EUR	https://www.pfvervoer.nl/over-ons/beleggen/spreiden-van-beleggingen
Pensioenfonds Vervoer	INDOFOOD CBP SUKSES MAKM	2025-12-31	560	x1	EUR	https://www.pfvervoer.nl/over-ons/beleggen/spreiden-van-beleggingen
Pensioenfonds Vervoer	INEOS GROUP HOLDINGS SA	2025-12-31	6.895	x1	EUR	https://www.pfvervoer.nl/over-ons/beleggen/spreiden-van-beleggingen
Pensioenfonds Vervoer	INFORMA PLC	2025-12-31	6.332	x1	EUR	https://www.pfvervoer.nl/over-ons/beleggen/spreiden-van-beleggingen
Pensioenfonds Vervoer	ING Groep NV	2025-12-31	37.839	x1	EUR	https://www.pfvervoer.nl/over-ons/beleggen/spreiden-van-beleggingen
Pensioenfonds Vervoer	Ingram Micro Inc	2025-12-31	3.984	x1	EUR	https://www.pfvervoer.nl/over-ons/beleggen/spreiden-van-beleggingen
Pensioenfonds Vervoer	INMARSAT PLC	2025-12-31	1.226	x1	EUR	https://www.pfvervoer.nl/over-ons/beleggen/spreiden-van-beleggingen
Pensioenfonds Vervoer	INNOVATE CORP	2025-12-31	5.418	x1	EUR	https://www.pfvervoer.nl/over-ons/beleggen/spreiden-van-beleggingen
Pensioenfonds Vervoer	INSIGHT ENTERPRS	2025-12-31	3.309	x1	EUR	https://www.pfvervoer.nl/over-ons/beleggen/spreiden-van-beleggingen
Pensioenfonds Vervoer	INT DISTRIBUTIONS SERV	2025-12-31	1.760	x1	EUR	https://www.pfvervoer.nl/over-ons/beleggen/spreiden-van-beleggingen
Pensioenfonds Vervoer	InterContinental Hotels Group	2025-12-31	4.341	x1	EUR	https://www.pfvervoer.nl/over-ons/beleggen/spreiden-van-beleggingen
Pensioenfonds Vervoer	International Personal Finan	2025-12-31	1.139	x1	EUR	https://www.pfvervoer.nl/over-ons/beleggen/spreiden-van-beleggingen
Pensioenfonds Vervoer	Intl development assoc	2025-12-31	2.847	x1	EUR	https://www.pfvervoer.nl/over-ons/beleggen/spreiden-van-beleggingen
Pensioenfonds Vervoer	INTRALOT CAPITAL LUX	2025-12-31	5.345	x1	EUR	https://www.pfvervoer.nl/over-ons/beleggen/spreiden-van-beleggingen
Pensioenfonds Vervoer	ION PLATFORM FINANCE SAR	2025-12-31	1.297	x1	EUR	https://www.pfvervoer.nl/over-ons/beleggen/spreiden-van-beleggingen
Pensioenfonds Vervoer	IPD	2025-12-31	3	x1	EUR	https://www.pfvervoer.nl/over-ons/beleggen/spreiden-van-beleggingen
Pensioenfonds Vervoer	IQVIA INC	2025-12-31	14.883	x1	EUR	https://www.pfvervoer.nl/over-ons/beleggen/spreiden-van-beleggingen
Pensioenfonds Vervoer	Iron Mountain Inc	2025-12-31	9.096	x1	EUR	https://www.pfvervoer.nl/over-ons/beleggen/spreiden-van-beleggingen
Pensioenfonds Vervoer	ITM ENTREPRISES SASU	2025-12-31	2.540	x1	EUR	https://www.pfvervoer.nl/over-ons/beleggen/spreiden-van-beleggingen
Pensioenfonds Vervoer	JAB HOLDINGS BV	2025-12-31	4.593	x1	EUR	https://www.pfvervoer.nl/over-ons/beleggen/spreiden-van-beleggingen
Pensioenfonds Vervoer	James Hardie Industries SE	2025-12-31	2.113	x1	EUR	https://www.pfvervoer.nl/over-ons/beleggen/spreiden-van-beleggingen
Pensioenfonds Vervoer	JDE PEET'S NV	2025-12-31	7.782	x1	EUR	https://www.pfvervoer.nl/over-ons/beleggen/spreiden-van-beleggingen
Pensioenfonds Vervoer	JEFFERIES GMBH	2025-12-31	6.071	x1	EUR	https://www.pfvervoer.nl/over-ons/beleggen/spreiden-van-beleggingen
Pensioenfonds Vervoer	Jefferies Group Inc	2025-12-31	6.199	x1	EUR	https://www.pfvervoer.nl/over-ons/beleggen/spreiden-van-beleggingen
Pensioenfonds Vervoer	Jeld-Wen Inc	2025-12-31	1.859	x1	EUR	https://www.pfvervoer.nl/over-ons/beleggen/spreiden-van-beleggingen
Pensioenfonds Vervoer	JOHN LEWIS PLC	2025-12-31	2.724	x1	EUR	https://www.pfvervoer.nl/over-ons/beleggen/spreiden-van-beleggingen
Pensioenfonds Vervoer	Johnson Controls International	2025-12-31	1.171	x1	EUR	https://www.pfvervoer.nl/over-ons/beleggen/spreiden-van-beleggingen
Pensioenfonds Vervoer	JP Morgan Chase & Co	2025-12-31	67.547	x1	EUR	https://www.pfvervoer.nl/over-ons/beleggen/spreiden-van-beleggingen
Pensioenfonds Vervoer	Jyske Bank A/S	2025-12-31	6.737	x1	EUR	https://www.pfvervoer.nl/over-ons/beleggen/spreiden-van-beleggingen
Pensioenfonds Vervoer	K HOVNANIAN ENTERPRISES	2025-12-31	3.012	x1	EUR	https://www.pfvervoer.nl/over-ons/beleggen/spreiden-van-beleggingen
Pensioenfonds Vervoer	Kaiser Foundation Hospital	2025-12-31	1.508	x1	EUR	https://www.pfvervoer.nl/over-ons/beleggen/spreiden-van-beleggingen
Pensioenfonds Vervoer	Kallpa Generacion SA	2025-12-31	1.158	x1	EUR	https://www.pfvervoer.nl/over-ons/beleggen/spreiden-van-beleggingen
Pensioenfonds Vervoer	KBC GROEP NV	2025-12-31	8.006	x1	EUR	https://www.pfvervoer.nl/over-ons/beleggen/spreiden-van-beleggingen
Pensioenfonds Vervoer	Keb Hana Ban	2025-12-31	1.505	x1	EUR	https://www.pfvervoer.nl/over-ons/beleggen/spreiden-van-beleggingen
Pensioenfonds Vervoer	KELDA FINANCE	2025-12-31	3	x1	EUR	https://www.pfvervoer.nl/over-ons/beleggen/spreiden-van-beleggingen
Pensioenfonds Vervoer	KENNEDY-WILSON INC	2025-12-31	5.864	x1	EUR	https://www.pfvervoer.nl/over-ons/beleggen/spreiden-van-beleggingen
Pensioenfonds Vervoer	KEPLER SPA	2025-12-31	5.025	x1	EUR	https://www.pfvervoer.nl/over-ons/beleggen/spreiden-van-beleggingen
Pensioenfonds Vervoer	Key Corp	2025-12-31	2.828	x1	EUR	https://www.pfvervoer.nl/over-ons/beleggen/spreiden-van-beleggingen
Pensioenfonds Vervoer	KFH TIER	2025-12-31	1	x1	EUR	https://www.pfvervoer.nl/over-ons/beleggen/spreiden-van-beleggingen
Pensioenfonds Vervoer	KILROY REALTY CORPORATION	2025-12-31	1.553	x1	EUR	https://www.pfvervoer.nl/over-ons/beleggen/spreiden-van-beleggingen
Pensioenfonds Vervoer	Kimco Realty Corp	2025-12-31	4.272	x1	EUR	https://www.pfvervoer.nl/over-ons/beleggen/spreiden-van-beleggingen
Pensioenfonds Vervoer	KINETIK HOLDINGS LP	2025-12-31	4.234	x1	EUR	https://www.pfvervoer.nl/over-ons/beleggen/spreiden-van-beleggingen
Pensioenfonds Vervoer	KING US BIDCO INC	2025-12-31	2.424	x1	EUR	https://www.pfvervoer.nl/over-ons/beleggen/spreiden-van-beleggingen
Pensioenfonds Vervoer	KINROSS GOLD CORP	2025-12-31	1.620	x1	EUR	https://www.pfvervoer.nl/over-ons/beleggen/spreiden-van-beleggingen
Pensioenfonds Vervoer	KIOXIA HOLDINGS CORP	2025-12-31	2.248	x1	EUR	https://www.pfvervoer.nl/over-ons/beleggen/spreiden-van-beleggingen
Pensioenfonds Vervoer	KNIFE RIVER HOLD CO	2025-12-31	1.309	x1	EUR	https://www.pfvervoer.nl/over-ons/beleggen/spreiden-van-beleggingen
Pensioenfonds Vervoer	Kodiak Gas Services LLC	2025-12-31	3.687	x1	EUR	https://www.pfvervoer.nl/over-ons/beleggen/spreiden-van-beleggingen
Pensioenfonds Vervoer	KONA SPC LTD	2025-12-31	3.283	x1	EUR	https://www.pfvervoer.nl/over-ons/beleggen/spreiden-van-beleggingen
Pensioenfonds Vervoer	KONINKLIJKE KPN NV	2025-12-31	1.418	x1	EUR	https://www.pfvervoer.nl/over-ons/beleggen/spreiden-van-beleggingen
Pensioenfonds Vervoer	Koninklijke Philips NV	2025-12-31	4.057	x1	EUR	https://www.pfvervoer.nl/over-ons/beleggen/spreiden-van-beleggingen
Pensioenfonds Vervoer	Kookmin Bank	2025-12-31	4.990	x1	EUR	https://www.pfvervoer.nl/over-ons/beleggen/spreiden-van-beleggingen
Pensioenfonds Vervoer	Kraft Heinz Foods Co	2025-12-31	1.056	x1	EUR	https://www.pfvervoer.nl/over-ons/beleggen/spreiden-van-beleggingen
Pensioenfonds Vervoer	Kredietanstalt fur Wiederaufbau	2025-12-31	66.934	x1	EUR	https://www.pfvervoer.nl/over-ons/beleggen/spreiden-van-beleggingen
Pensioenfonds Vervoer	Kronos Worldwide Inc	2025-12-31	2.701	x1	EUR	https://www.pfvervoer.nl/over-ons/beleggen/spreiden-van-beleggingen
Pensioenfonds Vervoer	L BRANDS INC	2025-12-31	1.433	x1	EUR	https://www.pfvervoer.nl/over-ons/beleggen/spreiden-van-beleggingen
Pensioenfonds Vervoer	La Doria SpA	2025-12-31	3.330	x1	EUR	https://www.pfvervoer.nl/over-ons/beleggen/spreiden-van-beleggingen
Pensioenfonds Vervoer	LABORATOIRE EIMER SELARL	2025-12-31	2.590	x1	EUR	https://www.pfvervoer.nl/over-ons/beleggen/spreiden-van-beleggingen
Pensioenfonds Vervoer	LafargeHolcim Ltd	2025-12-31	4.182	x1	EUR	https://www.pfvervoer.nl/over-ons/beleggen/spreiden-van-beleggingen
Pensioenfonds Vervoer	Lam Research Corp	2025-12-31	713	x1	EUR	https://www.pfvervoer.nl/over-ons/beleggen/spreiden-van-beleggingen
Pensioenfonds Vervoer	Lamar Funding Ltd	2025-12-31	1.492	x1	EUR	https://www.pfvervoer.nl/over-ons/beleggen/spreiden-van-beleggingen
Pensioenfonds Vervoer	LAMAR MEDIA CORP	2025-12-31	879	x1	EUR	https://www.pfvervoer.nl/over-ons/beleggen/spreiden-van-beleggingen
Pensioenfonds Vervoer	Lamb Weston Holdings Inc	2025-12-31	1.023	x1	EUR	https://www.pfvervoer.nl/over-ons/beleggen/spreiden-van-beleggingen
Pensioenfonds Vervoer	Landwirtschaft Rentenbank	2025-12-31	16.011	x1	EUR	https://www.pfvervoer.nl/over-ons/beleggen/spreiden-van-beleggingen
Pensioenfonds Vervoer	LANSFORSAKRINGAR BANK	2025-12-31	5.509	x1	EUR	https://www.pfvervoer.nl/over-ons/beleggen/spreiden-van-beleggingen
Pensioenfonds Vervoer	LATVENERGO AS	2025-12-31	3.293	x1	EUR	https://www.pfvervoer.nl/over-ons/beleggen/spreiden-van-beleggingen
Pensioenfonds Vervoer	LBM BORROWER LLC	2025-12-31	4.184	x1	EUR	https://www.pfvervoer.nl/over-ons/beleggen/spreiden-van-beleggingen
Pensioenfonds Vervoer	LCM INVESTMENTS HOLDINGS	2025-12-31	6.897	x1	EUR	https://www.pfvervoer.nl/over-ons/beleggen/spreiden-van-beleggingen
Pensioenfonds Vervoer	LEASEPLAN CORPORATION NV	2025-12-31	4.540	x1	EUR	https://www.pfvervoer.nl/over-ons/beleggen/spreiden-van-beleggingen
Pensioenfonds Vervoer	Lecta SA	2025-12-31	40	x1	EUR	https://www.pfvervoer.nl/over-ons/beleggen/spreiden-van-beleggingen
Pensioenfonds Vervoer	LEG Immobilien AG	2025-12-31	1.222	x1	EUR	https://www.pfvervoer.nl/over-ons/beleggen/spreiden-van-beleggingen
Pensioenfonds Vervoer	Legal & General Group	2025-12-31	3.025	x1	EUR	https://www.pfvervoer.nl/over-ons/beleggen/spreiden-van-beleggingen
Pensioenfonds Vervoer	Lend Lease Group	2025-12-31	727	x1	EUR	https://www.pfvervoer.nl/over-ons/beleggen/spreiden-van-beleggingen
Pensioenfonds Vervoer	LEND PROC SER/BLK KNGHT	2025-12-31	1.919	x1	EUR	https://www.pfvervoer.nl/over-ons/beleggen/spreiden-van-beleggingen
Pensioenfonds Vervoer	LEVEL	2025-12-31	3	x1	EUR	https://www.pfvervoer.nl/over-ons/beleggen/spreiden-van-beleggingen
Pensioenfonds Vervoer	LEVIATHAN BOND LTD	2025-12-31	439	x1	EUR	https://www.pfvervoer.nl/over-ons/beleggen/spreiden-van-beleggingen
Pensioenfonds Vervoer	LGENERGYSOLUTION	2025-12-31	1.959	x1	EUR	https://www.pfvervoer.nl/over-ons/beleggen/spreiden-van-beleggingen
Pensioenfonds Vervoer	LHMC FINCO SARL	2025-12-31	21.510	x1	EUR	https://www.pfvervoer.nl/over-ons/beleggen/spreiden-van-beleggingen
Pensioenfonds Vervoer	LIBERTY COSTA RICA SR SF	2025-12-31	503	x1	EUR	https://www.pfvervoer.nl/over-ons/beleggen/spreiden-van-beleggingen
Pensioenfonds Vervoer	LIBERTY MUTUAL GROUP INC	2025-12-31	3.709	x1	EUR	https://www.pfvervoer.nl/over-ons/beleggen/spreiden-van-beleggingen
Pensioenfonds Vervoer	LINDE PLC	2025-12-31	1.326	x1	EUR	https://www.pfvervoer.nl/over-ons/beleggen/spreiden-van-beleggingen
Pensioenfonds Vervoer	LINN ENERGY LLC/FIN CORP	2025-12-31	6.238	x1	EUR	https://www.pfvervoer.nl/over-ons/beleggen/spreiden-van-beleggingen
Pensioenfonds Vervoer	LITHIA MOTORS INC	2025-12-31	887	x1	EUR	https://www.pfvervoer.nl/over-ons/beleggen/spreiden-van-beleggingen
Pensioenfonds Vervoer	Lloyds Bank PLC	2025-12-31	17.511	x1	EUR	https://www.pfvervoer.nl/over-ons/beleggen/spreiden-van-beleggingen
Pensioenfonds Vervoer	LOEWS CORP	2025-12-31	819	x1	EUR	https://www.pfvervoer.nl/over-ons/beleggen/spreiden-van-beleggingen
Pensioenfonds Vervoer	LONDON POWER NETWORKS	2025-12-31	1.823	x1	EUR	https://www.pfvervoer.nl/over-ons/beleggen/spreiden-van-beleggingen
Pensioenfonds Vervoer	London Stock Exchange Group PL	2025-12-31	6.515	x1	EUR	https://www.pfvervoer.nl/over-ons/beleggen/spreiden-van-beleggingen
Pensioenfonds Vervoer	LONDONMETRIC PROPERTY PL	2025-12-31	2.971	x1	EUR	https://www.pfvervoer.nl/over-ons/beleggen/spreiden-van-beleggingen
Pensioenfonds Vervoer	LORCA TELECOM BONDCO	2025-12-31	3.440	x1	EUR	https://www.pfvervoer.nl/over-ons/beleggen/spreiden-van-beleggingen
Pensioenfonds Vervoer	L'Oreal SA	2025-12-31	6.227	x1	EUR	https://www.pfvervoer.nl/over-ons/beleggen/spreiden-van-beleggingen
Pensioenfonds Vervoer	Lottomatica Group Spa	2025-12-31	5.034	x1	EUR	https://www.pfvervoer.nl/over-ons/beleggen/spreiden-van-beleggingen
Pensioenfonds Vervoer	LPL Financial Holdings Inc	2025-12-31	1.228	x1	EUR	https://www.pfvervoer.nl/over-ons/beleggen/spreiden-van-beleggingen
Pensioenfonds Vervoer	LUMEN TECHNOLOGIES INC	2025-12-31	1.782	x1	EUR	https://www.pfvervoer.nl/over-ons/beleggen/spreiden-van-beleggingen
Pensioenfonds Vervoer	LUNA	2025-12-31	2	x1	EUR	https://www.pfvervoer.nl/over-ons/beleggen/spreiden-van-beleggingen
Pensioenfonds Vervoer	LVMH Moet Hennessy Louis Vuitton	2025-12-31	1.321	x1	EUR	https://www.pfvervoer.nl/over-ons/beleggen/spreiden-van-beleggingen
Pensioenfonds Vervoer	M&G PLC	2025-12-31	482	x1	EUR	https://www.pfvervoer.nl/over-ons/beleggen/spreiden-van-beleggingen
Pensioenfonds Vervoer	M&T Bank Corp	2025-12-31	4.939	x1	EUR	https://www.pfvervoer.nl/over-ons/beleggen/spreiden-van-beleggingen
Pensioenfonds Vervoer	Macquarie Group Ltd	2025-12-31	831	x1	EUR	https://www.pfvervoer.nl/over-ons/beleggen/spreiden-van-beleggingen
Pensioenfonds Vervoer	MADISON IAQ LLC	2025-12-31	3.555	x1	EUR	https://www.pfvervoer.nl/over-ons/beleggen/spreiden-van-beleggingen
Pensioenfonds Vervoer	MAGNUM ICC FINANCE BV	2025-12-31	1.990	x1	EUR	https://www.pfvervoer.nl/over-ons/beleggen/spreiden-van-beleggingen
Pensioenfonds Vervoer	MAN AIR GRP FND P	2025-12-31	1.858	x1	EUR	https://www.pfvervoer.nl/over-ons/beleggen/spreiden-van-beleggingen
Pensioenfonds Vervoer	Manutencoop Facility	2025-12-31	548	x1	EUR	https://www.pfvervoer.nl/over-ons/beleggen/spreiden-van-beleggingen
Pensioenfonds Vervoer	Marex Group PLC	2025-12-31	1.222	x1	EUR	https://www.pfvervoer.nl/over-ons/beleggen/spreiden-van-beleggingen
Pensioenfonds Vervoer	Markel Corp	2025-12-31	2.479	x1	EUR	https://www.pfvervoer.nl/over-ons/beleggen/spreiden-van-beleggingen
Pensioenfonds Vervoer	Marriott International Inc	2025-12-31	1.121	x1	EUR	https://www.pfvervoer.nl/over-ons/beleggen/spreiden-van-beleggingen
Pensioenfonds Vervoer	MARRIOTT VACATION WORLDW	2025-12-31	5.774	x1	EUR	https://www.pfvervoer.nl/over-ons/beleggen/spreiden-van-beleggingen
Pensioenfonds Vervoer	MARS INC	2025-12-31	8.503	x1	EUR	https://www.pfvervoer.nl/over-ons/beleggen/spreiden-van-beleggingen
Pensioenfonds Vervoer	Marsh & McLennan Cos Inc	2025-12-31	12.441	x1	EUR	https://www.pfvervoer.nl/over-ons/beleggen/spreiden-van-beleggingen
Pensioenfonds Vervoer	Mass Institute Of Tech	2025-12-31	3.485	x1	EUR	https://www.pfvervoer.nl/over-ons/beleggen/spreiden-van-beleggingen
Pensioenfonds Vervoer	Masterbrand Inc	2025-12-31	6.345	x1	EUR	https://www.pfvervoer.nl/over-ons/beleggen/spreiden-van-beleggingen
Pensioenfonds Vervoer	MATCH GROUP HLD II LLC	2025-12-31	2.387	x1	EUR	https://www.pfvervoer.nl/over-ons/beleggen/spreiden-van-beleggingen
Pensioenfonds Vervoer	Match Group Inc	2025-12-31	2.788	x1	EUR	https://www.pfvervoer.nl/over-ons/beleggen/spreiden-van-beleggingen
Pensioenfonds Vervoer	Mativ Holdings Inc	2025-12-31	1.469	x1	EUR	https://www.pfvervoer.nl/over-ons/beleggen/spreiden-van-beleggingen
Pensioenfonds Vervoer	MAVIS TIRE EXPRESS SERVI	2025-12-31	2.338	x1	EUR	https://www.pfvervoer.nl/over-ons/beleggen/spreiden-van-beleggingen
Pensioenfonds Vervoer	MAXAM PRILL SARL	2025-12-31	2.809	x1	EUR	https://www.pfvervoer.nl/over-ons/beleggen/spreiden-van-beleggingen
Pensioenfonds Vervoer	McAfee Inc	2025-12-31	3.598	x1	EUR	https://www.pfvervoer.nl/over-ons/beleggen/spreiden-van-beleggingen
Pensioenfonds Vervoer	Mce Finance Ltd	2025-12-31	977	x1	EUR	https://www.pfvervoer.nl/over-ons/beleggen/spreiden-van-beleggingen
Pensioenfonds Vervoer	MCGRAW-HILL EDUCATION	2025-12-31	5.405	x1	EUR	https://www.pfvervoer.nl/over-ons/beleggen/spreiden-van-beleggingen
Pensioenfonds Vervoer	MDC Holdings Inc	2025-12-31	1.172	x1	EUR	https://www.pfvervoer.nl/over-ons/beleggen/spreiden-van-beleggingen
Pensioenfonds Vervoer	MEDNAX Inc	2025-12-31	1.936	x1	EUR	https://www.pfvervoer.nl/over-ons/beleggen/spreiden-van-beleggingen
Pensioenfonds Vervoer	MEDTRONIC INC	2025-12-31	799	x1	EUR	https://www.pfvervoer.nl/over-ons/beleggen/spreiden-van-beleggingen
Pensioenfonds Vervoer	MEHILAINEN YHTIOT OY	2025-12-31	5.406	x1	EUR	https://www.pfvervoer.nl/over-ons/beleggen/spreiden-van-beleggingen
Pensioenfonds Vervoer	MEIJI YASUDA LIFE INSURA	2025-12-31	521	x1	EUR	https://www.pfvervoer.nl/over-ons/beleggen/spreiden-van-beleggingen
Pensioenfonds Vervoer	MEITUAN	2025-12-31	1.463	x1	EUR	https://www.pfvervoer.nl/over-ons/beleggen/spreiden-van-beleggingen
Pensioenfonds Vervoer	Merck KGaA	2025-12-31	3.029	x1	EUR	https://www.pfvervoer.nl/over-ons/beleggen/spreiden-van-beleggingen
Pensioenfonds Vervoer	META PLATFORMS INC	2025-12-31	5.408	x1	EUR	https://www.pfvervoer.nl/over-ons/beleggen/spreiden-van-beleggingen
Pensioenfonds Vervoer	METHODIST HOSPITAL/THE	2025-12-31	1.467	x1	EUR	https://www.pfvervoer.nl/over-ons/beleggen/spreiden-van-beleggingen
Pensioenfonds Vervoer	MetLife Inc	2025-12-31	4.254	x1	EUR	https://www.pfvervoer.nl/over-ons/beleggen/spreiden-van-beleggingen
Pensioenfonds Vervoer	METROPCS WIRELESS INC	2025-12-31	2.466	x1	EUR	https://www.pfvervoer.nl/over-ons/beleggen/spreiden-van-beleggingen
Pensioenfonds Vervoer	MGM RESORTS INTL	2025-12-31	2.558	x1	EUR	https://www.pfvervoer.nl/over-ons/beleggen/spreiden-van-beleggingen
Pensioenfonds Vervoer	MI WINDOWS & DOORS INC	2025-12-31	1.730	x1	EUR	https://www.pfvervoer.nl/over-ons/beleggen/spreiden-van-beleggingen
Pensioenfonds Vervoer	Micron Technologies	2025-12-31	1.635	x1	EUR	https://www.pfvervoer.nl/over-ons/beleggen/spreiden-van-beleggingen
Pensioenfonds Vervoer	Microsoft Corp	2025-12-31	566	x1	EUR	https://www.pfvervoer.nl/over-ons/beleggen/spreiden-van-beleggingen
Pensioenfonds Vervoer	MIDAS OPCO HOLDINGS LLC	2025-12-31	5.373	x1	EUR	https://www.pfvervoer.nl/over-ons/beleggen/spreiden-van-beleggingen
Pensioenfonds Vervoer	MIDCONTINENT COMM & FIN	2025-12-31	1.525	x1	EUR	https://www.pfvervoer.nl/over-ons/beleggen/spreiden-van-beleggingen
Pensioenfonds Vervoer	MIDMICHIGAN HEALTH	2025-12-31	1.604	x1	EUR	https://www.pfvervoer.nl/over-ons/beleggen/spreiden-van-beleggingen
Pensioenfonds Vervoer	Mineral Resources Ltd	2025-12-31	5.554	x1	EUR	https://www.pfvervoer.nl/over-ons/beleggen/spreiden-van-beleggingen
Pensioenfonds Vervoer	MINERALS TECHNOLOGIES INC	2025-12-31	3.457	x1	EUR	https://www.pfvervoer.nl/over-ons/beleggen/spreiden-van-beleggingen
Pensioenfonds Vervoer	MINERVA MERGER SUB INC	2025-12-31	6.758	x1	EUR	https://www.pfvervoer.nl/over-ons/beleggen/spreiden-van-beleggingen
Pensioenfonds Vervoer	Mirvac Group	2025-12-31	965	x1	EUR	https://www.pfvervoer.nl/over-ons/beleggen/spreiden-van-beleggingen
Pensioenfonds Vervoer	MISA INVESTMENTS LTD	2025-12-31	6.338	x1	EUR	https://www.pfvervoer.nl/over-ons/beleggen/spreiden-van-beleggingen
Pensioenfonds Vervoer	Mitsubishi UFJ Financial Group	2025-12-31	15.943	x1	EUR	https://www.pfvervoer.nl/over-ons/beleggen/spreiden-van-beleggingen
Pensioenfonds Vervoer	Mizuho Bank Ltd	2025-12-31	14.966	x1	EUR	https://www.pfvervoer.nl/over-ons/beleggen/spreiden-van-beleggingen
Pensioenfonds Vervoer	Mobico Group PLC	2025-12-31	181	x1	EUR	https://www.pfvervoer.nl/over-ons/beleggen/spreiden-van-beleggingen
Pensioenfonds Vervoer	MOHEGAN TRIBAL GAMING AU	2025-12-31	3.587	x1	EUR	https://www.pfvervoer.nl/over-ons/beleggen/spreiden-van-beleggingen
Pensioenfonds Vervoer	MOLINA HEALTHCARE INC	2025-12-31	762	x1	EUR	https://www.pfvervoer.nl/over-ons/beleggen/spreiden-van-beleggingen
Pensioenfonds Vervoer	MOMENTIVE PERFORMANCE	2025-12-31	1.708	x1	EUR	https://www.pfvervoer.nl/over-ons/beleggen/spreiden-van-beleggingen
Pensioenfonds Vervoer	Mondelez International Inc	2025-12-31	2.405	x1	EUR	https://www.pfvervoer.nl/over-ons/beleggen/spreiden-van-beleggingen
Pensioenfonds Vervoer	MONDI PLC	2025-12-31	1.937	x1	EUR	https://www.pfvervoer.nl/over-ons/beleggen/spreiden-van-beleggingen
Pensioenfonds Vervoer	MONTEGO BAY AIRPORT REVE	2025-12-31	1.367	x1	EUR	https://www.pfvervoer.nl/over-ons/beleggen/spreiden-van-beleggingen
Pensioenfonds Vervoer	Moody's Corp	2025-12-31	518	x1	EUR	https://www.pfvervoer.nl/over-ons/beleggen/spreiden-van-beleggingen
Pensioenfonds Vervoer	Morgan Stanley	2025-12-31	31.889	x1	EUR	https://www.pfvervoer.nl/over-ons/beleggen/spreiden-van-beleggingen
Pensioenfonds Vervoer	MOTABILITY OPERATIONS GROUP PLC	2025-12-31	11.158	x1	EUR	https://www.pfvervoer.nl/over-ons/beleggen/spreiden-van-beleggingen
Pensioenfonds Vervoer	Motorola Inc	2025-12-31	3.049	x1	EUR	https://www.pfvervoer.nl/over-ons/beleggen/spreiden-van-beleggingen
Pensioenfonds Vervoer	MSCI Inc	2025-12-31	2.454	x1	EUR	https://www.pfvervoer.nl/over-ons/beleggen/spreiden-van-beleggingen
Pensioenfonds Vervoer	MULTIVERSITY SRL	2025-12-31	3.842	x1	EUR	https://www.pfvervoer.nl/over-ons/beleggen/spreiden-van-beleggingen
Pensioenfonds Vervoer	MVM ENERGETIKA ZRT	2025-12-31	2.939	x1	EUR	https://www.pfvervoer.nl/over-ons/beleggen/spreiden-van-beleggingen
Pensioenfonds Vervoer	National Bank of Australia	2025-12-31	1.629	x1	EUR	https://www.pfvervoer.nl/over-ons/beleggen/spreiden-van-beleggingen
Pensioenfonds Vervoer	NATIONAL BANK OF CANADA	2025-12-31	684	x1	EUR	https://www.pfvervoer.nl/over-ons/beleggen/spreiden-van-beleggingen
Pensioenfonds Vervoer	National Bank of Greece SA	2025-12-31	5.325	x1	EUR	https://www.pfvervoer.nl/over-ons/beleggen/spreiden-van-beleggingen
Pensioenfonds Vervoer	National Bk Of Abu Dhabi	2025-12-31	1.404	x1	EUR	https://www.pfvervoer.nl/over-ons/beleggen/spreiden-van-beleggingen
Pensioenfonds Vervoer	National Grid PLC	2025-12-31	15.507	x1	EUR	https://www.pfvervoer.nl/over-ons/beleggen/spreiden-van-beleggingen
Pensioenfonds Vervoer	Nationwide Building Society	2025-12-31	7.637	x1	EUR	https://www.pfvervoer.nl/over-ons/beleggen/spreiden-van-beleggingen
Pensioenfonds Vervoer	NATL GAS TRANSMISSION	2025-12-31	5.435	x1	EUR	https://www.pfvervoer.nl/over-ons/beleggen/spreiden-van-beleggingen
Pensioenfonds Vervoer	Natura Cosmeticos SA	2025-12-31	489	x1	EUR	https://www.pfvervoer.nl/over-ons/beleggen/spreiden-van-beleggingen
Pensioenfonds Vervoer	NATWEST GROUP PLC	2025-12-31	15.297	x1	EUR	https://www.pfvervoer.nl/over-ons/beleggen/spreiden-van-beleggingen
Pensioenfonds Vervoer	NBK TIER	2025-12-31	1	x1	EUR	https://www.pfvervoer.nl/over-ons/beleggen/spreiden-van-beleggingen
Pensioenfonds Vervoer	NBN CO LTD	2025-12-31	12.951	x1	EUR	https://www.pfvervoer.nl/over-ons/beleggen/spreiden-van-beleggingen
Pensioenfonds Vervoer	NCR ATLEOS ESCROW CORP	2025-12-31	6.181	x1	EUR	https://www.pfvervoer.nl/over-ons/beleggen/spreiden-van-beleggingen
Pensioenfonds Vervoer	NCR Voyix Corp	2025-12-31	3.078	x1	EUR	https://www.pfvervoer.nl/over-ons/beleggen/spreiden-van-beleggingen
Pensioenfonds Vervoer	NEDERLANDSE GASUNIE NV	2025-12-31	1.574	x1	EUR	https://www.pfvervoer.nl/over-ons/beleggen/spreiden-van-beleggingen
Pensioenfonds Vervoer	NEOPHARMED GENTILI SPA	2025-12-31	6.226	x1	EUR	https://www.pfvervoer.nl/over-ons/beleggen/spreiden-van-beleggingen
Pensioenfonds Vervoer	NESCO HOLDINGS II INC	2025-12-31	4.858	x1	EUR	https://www.pfvervoer.nl/over-ons/beleggen/spreiden-van-beleggingen
Pensioenfonds Vervoer	NESTE OIL OYJ	2025-12-31	3.077	x1	EUR	https://www.pfvervoer.nl/over-ons/beleggen/spreiden-van-beleggingen
Pensioenfonds Vervoer	Nestle SA	2025-12-31	5.473	x1	EUR	https://www.pfvervoer.nl/over-ons/beleggen/spreiden-van-beleggingen
Pensioenfonds Vervoer	NETAPP INC	2025-12-31	1.722	x1	EUR	https://www.pfvervoer.nl/over-ons/beleggen/spreiden-van-beleggingen
Pensioenfonds Vervoer	NEW ENTERPRISE STONE & L	2025-12-31	4.644	x1	EUR	https://www.pfvervoer.nl/over-ons/beleggen/spreiden-van-beleggingen
Pensioenfonds Vervoer	New Europe Property Investment Plc	2025-12-31	5.489	x1	EUR	https://www.pfvervoer.nl/over-ons/beleggen/spreiden-van-beleggingen
Pensioenfonds Vervoer	NEW FLYER HOLDINGS	2025-12-31	3.570	x1	EUR	https://www.pfvervoer.nl/over-ons/beleggen/spreiden-van-beleggingen
Pensioenfonds Vervoer	New Home Co Inc/The	2025-12-31	5.412	x1	EUR	https://www.pfvervoer.nl/over-ons/beleggen/spreiden-van-beleggingen
Pensioenfonds Vervoer	New York Life Global Funding	2025-12-31	3.957	x1	EUR	https://www.pfvervoer.nl/over-ons/beleggen/spreiden-van-beleggingen
Pensioenfonds Vervoer	NEWELL RUBBERMAID INC	2025-12-31	5.221	x1	EUR	https://www.pfvervoer.nl/over-ons/beleggen/spreiden-van-beleggingen
Pensioenfonds Vervoer	Nextera Energy Capital	2025-12-31	4.669	x1	EUR	https://www.pfvervoer.nl/over-ons/beleggen/spreiden-van-beleggingen
Pensioenfonds Vervoer	NGL ENRGY PART LP/FIN CO	2025-12-31	4.992	x1	EUR	https://www.pfvervoer.nl/over-ons/beleggen/spreiden-van-beleggingen
Pensioenfonds Vervoer	NIELSEN FINANCE LLC/CO	2025-12-31	590	x1	EUR	https://www.pfvervoer.nl/over-ons/beleggen/spreiden-van-beleggingen
Pensioenfonds Vervoer	Nippon life insurance	2025-12-31	328	x1	EUR	https://www.pfvervoer.nl/over-ons/beleggen/spreiden-van-beleggingen
Pensioenfonds Vervoer	NISSAN MOTOR CO LTD	2025-12-31	11.086	x1	EUR	https://www.pfvervoer.nl/over-ons/beleggen/spreiden-van-beleggingen
Pensioenfonds Vervoer	NN Group NV	2025-12-31	14.766	x1	EUR	https://www.pfvervoer.nl/over-ons/beleggen/spreiden-van-beleggingen
Pensioenfonds Vervoer	NOBLE FINANCE II LLC	2025-12-31	962	x1	EUR	https://www.pfvervoer.nl/over-ons/beleggen/spreiden-van-beleggingen
Pensioenfonds Vervoer	NOMAD FOODS BONDCO PLC	2025-12-31	1.384	x1	EUR	https://www.pfvervoer.nl/over-ons/beleggen/spreiden-van-beleggingen
Pensioenfonds Vervoer	Nomura International PLC	2025-12-31	6.347	x1	EUR	https://www.pfvervoer.nl/over-ons/beleggen/spreiden-van-beleggingen
Pensioenfonds Vervoer	NORDEA KREDIT REALKREDIT	2025-12-31	2.780	x1	EUR	https://www.pfvervoer.nl/over-ons/beleggen/spreiden-van-beleggingen
Pensioenfonds Vervoer	NORDIC INVESTMENT BANK	2025-12-31	1.201	x1	EUR	https://www.pfvervoer.nl/over-ons/beleggen/spreiden-van-beleggingen
Pensioenfonds Vervoer	Nordson Corp	2025-12-31	161	x1	EUR	https://www.pfvervoer.nl/over-ons/beleggen/spreiden-van-beleggingen
Pensioenfonds Vervoer	NORFOLK SOUTHERN CORP	2025-12-31	1.205	x1	EUR	https://www.pfvervoer.nl/over-ons/beleggen/spreiden-van-beleggingen
Pensioenfonds Vervoer	NORSK HYDRO ASA	2025-12-31	4.672	x1	EUR	https://www.pfvervoer.nl/over-ons/beleggen/spreiden-van-beleggingen
Pensioenfonds Vervoer	NORTHRIVER MIDSTREAM FIN	2025-12-31	894	x1	EUR	https://www.pfvervoer.nl/over-ons/beleggen/spreiden-van-beleggingen
Pensioenfonds Vervoer	Northumbrian Water Group PLC	2025-12-31	2.905	x1	EUR	https://www.pfvervoer.nl/over-ons/beleggen/spreiden-van-beleggingen
Pensioenfonds Vervoer	Norwegian Cruise Line HoldingsNCLH	2025-12-31	9.937	x1	EUR	https://www.pfvervoer.nl/over-ons/beleggen/spreiden-van-beleggingen
Pensioenfonds Vervoer	NOVA CHEMICALS CORP	2025-12-31	5.324	x1	EUR	https://www.pfvervoer.nl/over-ons/beleggen/spreiden-van-beleggingen
Pensioenfonds Vervoer	NOVELIS INC	2025-12-31	9.750	x1	EUR	https://www.pfvervoer.nl/over-ons/beleggen/spreiden-van-beleggingen
Pensioenfonds Vervoer	NOVO NORDISK FINANCE NL	2025-12-31	596	x1	EUR	https://www.pfvervoer.nl/over-ons/beleggen/spreiden-van-beleggingen
Pensioenfonds Vervoer	NRG ENERGY INC	2025-12-31	18.698	x1	EUR	https://www.pfvervoer.nl/over-ons/beleggen/spreiden-van-beleggingen
Pensioenfonds Vervoer	NTT Data Corp	2025-12-31	17.820	x1	EUR	https://www.pfvervoer.nl/over-ons/beleggen/spreiden-van-beleggingen
Pensioenfonds Vervoer	Nufarm Ltd	2025-12-31	2.873	x1	EUR	https://www.pfvervoer.nl/over-ons/beleggen/spreiden-van-beleggingen
Pensioenfonds Vervoer	Nustar Pipeline Oper	2025-12-31	3.380	x1	EUR	https://www.pfvervoer.nl/over-ons/beleggen/spreiden-van-beleggingen
Pensioenfonds Vervoer	NVR INC	2025-12-31	3.643	x1	EUR	https://www.pfvervoer.nl/over-ons/beleggen/spreiden-van-beleggingen
Pensioenfonds Vervoer	NXP Semiconductor NV	2025-12-31	3.063	x1	EUR	https://www.pfvervoer.nl/over-ons/beleggen/spreiden-van-beleggingen
Pensioenfonds Vervoer	Oceaneering Intl Inc	2025-12-31	1.848	x1	EUR	https://www.pfvervoer.nl/over-ons/beleggen/spreiden-van-beleggingen
Pensioenfonds Vervoer	OCP SA	2025-12-31	5.741	x1	EUR	https://www.pfvervoer.nl/over-ons/beleggen/spreiden-van-beleggingen
Pensioenfonds Vervoer	OEG Finance PLC	2025-12-31	1.250	x1	EUR	https://www.pfvervoer.nl/over-ons/beleggen/spreiden-van-beleggingen
Pensioenfonds Vervoer	OHIOHEALTH CORP	2025-12-31	1.977	x1	EUR	https://www.pfvervoer.nl/over-ons/beleggen/spreiden-van-beleggingen
Pensioenfonds Vervoer	OI EUROPEAN GROUP BV	2025-12-31	8.188	x1	EUR	https://www.pfvervoer.nl/over-ons/beleggen/spreiden-van-beleggingen
Pensioenfonds Vervoer	Omnicom Group	2025-12-31	300	x1	EUR	https://www.pfvervoer.nl/over-ons/beleggen/spreiden-van-beleggingen
Pensioenfonds Vervoer	Oncor Electric Delivery	2025-12-31	6.797	x1	EUR	https://www.pfvervoer.nl/over-ons/beleggen/spreiden-van-beleggingen
Pensioenfonds Vervoer	ONEMAIN FINANCE CORP	2025-12-31	8.257	x1	EUR	https://www.pfvervoer.nl/over-ons/beleggen/spreiden-van-beleggingen
Pensioenfonds Vervoer	Oneok Inc	2025-12-31	9.622	x1	EUR	https://www.pfvervoer.nl/over-ons/beleggen/spreiden-van-beleggingen
Pensioenfonds Vervoer	ONTEX IV	2025-12-31	759	x1	EUR	https://www.pfvervoer.nl/over-ons/beleggen/spreiden-van-beleggingen
Pensioenfonds Vervoer	OPAL BIDCO SAS	2025-12-31	9.114	x1	EUR	https://www.pfvervoer.nl/over-ons/beleggen/spreiden-van-beleggingen
Pensioenfonds Vervoer	OPTION CARE HEALTH INC	2025-12-31	4.735	x1	EUR	https://www.pfvervoer.nl/over-ons/beleggen/spreiden-van-beleggingen
Pensioenfonds Vervoer	Oracle Corp	2025-12-31	8.327	x1	EUR	https://www.pfvervoer.nl/over-ons/beleggen/spreiden-van-beleggingen
Pensioenfonds Vervoer	Orange SA	2025-12-31	7.985	x1	EUR	https://www.pfvervoer.nl/over-ons/beleggen/spreiden-van-beleggingen
Pensioenfonds Vervoer	ORBIA ADVANCE CORP SAB	2025-12-31	651	x1	EUR	https://www.pfvervoer.nl/over-ons/beleggen/spreiden-van-beleggingen
Pensioenfonds Vervoer	ORGANON & CO	2025-12-31	5.375	x1	EUR	https://www.pfvervoer.nl/over-ons/beleggen/spreiden-van-beleggingen
Pensioenfonds Vervoer	ORLANDO HEALTH OBL GRP	2025-12-31	1.698	x1	EUR	https://www.pfvervoer.nl/over-ons/beleggen/spreiden-van-beleggingen
Pensioenfonds Vervoer	ORLEN CAPITAL AB	2025-12-31	1.728	x1	EUR	https://www.pfvervoer.nl/over-ons/beleggen/spreiden-van-beleggingen
Pensioenfonds Vervoer	Orsted A/S	2025-12-31	6.731	x1	EUR	https://www.pfvervoer.nl/over-ons/beleggen/spreiden-van-beleggingen
Pensioenfonds Vervoer	Otis Worldwide Corp	2025-12-31	1.611	x1	EUR	https://www.pfvervoer.nl/over-ons/beleggen/spreiden-van-beleggingen
Pensioenfonds Vervoer	OTP BANK PLC	2025-12-31	245	x1	EUR	https://www.pfvervoer.nl/over-ons/beleggen/spreiden-van-beleggingen
Pensioenfonds Vervoer	OUTFRONT MEDIA CAP LLC/C	2025-12-31	4.882	x1	EUR	https://www.pfvervoer.nl/over-ons/beleggen/spreiden-van-beleggingen
Pensioenfonds Vervoer	Owens Corning Inc	2025-12-31	3.151	x1	EUR	https://www.pfvervoer.nl/over-ons/beleggen/spreiden-van-beleggingen
Pensioenfonds Vervoer	Pacific Life Corp	2025-12-31	8.794	x1	EUR	https://www.pfvervoer.nl/over-ons/beleggen/spreiden-van-beleggingen
Pensioenfonds Vervoer	PAETEC HOLDING CORP	2025-12-31	1.961	x1	EUR	https://www.pfvervoer.nl/over-ons/beleggen/spreiden-van-beleggingen
Pensioenfonds Vervoer	PANDORA A/S	2025-12-31	3.444	x1	EUR	https://www.pfvervoer.nl/over-ons/beleggen/spreiden-van-beleggingen
Pensioenfonds Vervoer	PANTHER BF AGGREGATOR	2025-12-31	2	x1	EUR	https://www.pfvervoer.nl/over-ons/beleggen/spreiden-van-beleggingen
Pensioenfonds Vervoer	PANTHER ESCROW ISSUER	2025-12-31	7.102	x1	EUR	https://www.pfvervoer.nl/over-ons/beleggen/spreiden-van-beleggingen
Pensioenfonds Vervoer	PAPREC HOLDING	2025-12-31	1.804	x1	EUR	https://www.pfvervoer.nl/over-ons/beleggen/spreiden-van-beleggingen
Pensioenfonds Vervoer	Paramount Global	2025-12-31	310	x1	EUR	https://www.pfvervoer.nl/over-ons/beleggen/spreiden-van-beleggingen
Pensioenfonds Vervoer	Park intermed holdings	2025-12-31	5.202	x1	EUR	https://www.pfvervoer.nl/over-ons/beleggen/spreiden-van-beleggingen
Pensioenfonds Vervoer	Patrick Industries Inc	2025-12-31	4.334	x1	EUR	https://www.pfvervoer.nl/over-ons/beleggen/spreiden-van-beleggingen
Pensioenfonds Vervoer	PEABODY CAPITAL NO TWO	2025-12-31	368	x1	EUR	https://www.pfvervoer.nl/over-ons/beleggen/spreiden-van-beleggingen
Pensioenfonds Vervoer	PEACEHEALTH OBLIGATED GR	2025-12-31	832	x1	EUR	https://www.pfvervoer.nl/over-ons/beleggen/spreiden-van-beleggingen
Pensioenfonds Vervoer	PEBBLEBROOK HOTEL TRUST	2025-12-31	4.414	x1	EUR	https://www.pfvervoer.nl/over-ons/beleggen/spreiden-van-beleggingen
Pensioenfonds Vervoer	PEMEX Project Funding Master Trust	2025-12-31	25.368	x1	EUR	https://www.pfvervoer.nl/over-ons/beleggen/spreiden-van-beleggingen
Pensioenfonds Vervoer	Pennon Group PLC	2025-12-31	9.983	x1	EUR	https://www.pfvervoer.nl/over-ons/beleggen/spreiden-van-beleggingen
Pensioenfonds Vervoer	PENNYMAC FIN SVCS INC	2025-12-31	5.269	x1	EUR	https://www.pfvervoer.nl/over-ons/beleggen/spreiden-van-beleggingen
Pensioenfonds Vervoer	Penske Truck Leasing / Ptl	2025-12-31	5.991	x1	EUR	https://www.pfvervoer.nl/over-ons/beleggen/spreiden-van-beleggingen
Pensioenfonds Vervoer	PEOPLECERT WISDOM ISSUER	2025-12-31	654	x1	EUR	https://www.pfvervoer.nl/over-ons/beleggen/spreiden-van-beleggingen
Pensioenfonds Vervoer	PepsiCo Inc /NC	2025-12-31	3.410	x1	EUR	https://www.pfvervoer.nl/over-ons/beleggen/spreiden-van-beleggingen
Pensioenfonds Vervoer	PERFORMANCE FOOD GROUP I	2025-12-31	5.043	x1	EUR	https://www.pfvervoer.nl/over-ons/beleggen/spreiden-van-beleggingen
Pensioenfonds Vervoer	Perrigo Co	2025-12-31	10.554	x1	EUR	https://www.pfvervoer.nl/over-ons/beleggen/spreiden-van-beleggingen
Pensioenfonds Vervoer	PERSHING SQUARE HOLDINGS	2025-12-31	3.023	x1	EUR	https://www.pfvervoer.nl/over-ons/beleggen/spreiden-van-beleggingen
Pensioenfonds Vervoer	PERTAMINA HULU ENERGI PT	2025-12-31	1.583	x1	EUR	https://www.pfvervoer.nl/over-ons/beleggen/spreiden-van-beleggingen
Pensioenfonds Vervoer	Pertamina Pt	2025-12-31	3.985	x1	EUR	https://www.pfvervoer.nl/over-ons/beleggen/spreiden-van-beleggingen
Pensioenfonds Vervoer	PETROLEOS DEL PERU SA	2025-12-31	722	x1	EUR	https://www.pfvervoer.nl/over-ons/beleggen/spreiden-van-beleggingen
Pensioenfonds Vervoer	Petroliam Nasional Berhd	2025-12-31	13.206	x1	EUR	https://www.pfvervoer.nl/over-ons/beleggen/spreiden-van-beleggingen
Pensioenfonds Vervoer	PETSMART INC	2025-12-31	10.098	x1	EUR	https://www.pfvervoer.nl/over-ons/beleggen/spreiden-van-beleggingen
Pensioenfonds Vervoer	PG&E Corp	2025-12-31	15.099	x1	EUR	https://www.pfvervoer.nl/over-ons/beleggen/spreiden-van-beleggingen
Pensioenfonds Vervoer	PHILLIPS EDISON GROCERY	2025-12-31	3.709	x1	EUR	https://www.pfvervoer.nl/over-ons/beleggen/spreiden-van-beleggingen
Pensioenfonds Vervoer	PHOENIX AVIATION CAPITAL	2025-12-31	4.075	x1	EUR	https://www.pfvervoer.nl/over-ons/beleggen/spreiden-van-beleggingen
Pensioenfonds Vervoer	PHOENIX PIB FINANCE BV	2025-12-31	1.287	x1	EUR	https://www.pfvervoer.nl/over-ons/beleggen/spreiden-van-beleggingen
Pensioenfonds Vervoer	PHOTO HOLDINGS MERGER SU	2025-12-31	2.575	x1	EUR	https://www.pfvervoer.nl/over-ons/beleggen/spreiden-van-beleggingen
Pensioenfonds Vervoer	PHYSICIANS REALTY LP	2025-12-31	6.094	x1	EUR	https://www.pfvervoer.nl/over-ons/beleggen/spreiden-van-beleggingen
Pensioenfonds Vervoer	Pinnacle Bidco PLC	2025-12-31	946	x1	EUR	https://www.pfvervoer.nl/over-ons/beleggen/spreiden-van-beleggingen
Pensioenfonds Vervoer	PLACES FOR PEOPLE TREAS	2025-12-31	4.983	x1	EUR	https://www.pfvervoer.nl/over-ons/beleggen/spreiden-van-beleggingen
Pensioenfonds Vervoer	PLT VII FINANCE SARL	2025-12-31	2.598	x1	EUR	https://www.pfvervoer.nl/over-ons/beleggen/spreiden-van-beleggingen
Pensioenfonds Vervoer	PM GENERAL PURCHASER LLC	2025-12-31	543	x1	EUR	https://www.pfvervoer.nl/over-ons/beleggen/spreiden-van-beleggingen
Pensioenfonds Vervoer	PNC Financial Services Group I	2025-12-31	3.949	x1	EUR	https://www.pfvervoer.nl/over-ons/beleggen/spreiden-van-beleggingen
Pensioenfonds Vervoer	POST HOLDINGS INC	2025-12-31	10.411	x1	EUR	https://www.pfvervoer.nl/over-ons/beleggen/spreiden-van-beleggingen
Pensioenfonds Vervoer	POWERTEAM SERVICES LLC	2025-12-31	1.891	x1	EUR	https://www.pfvervoer.nl/over-ons/beleggen/spreiden-van-beleggingen
Pensioenfonds Vervoer	PRAIRIE ECI ACQUIROR LP	2025-12-31	894	x1	EUR	https://www.pfvervoer.nl/over-ons/beleggen/spreiden-van-beleggingen
Pensioenfonds Vervoer	PRESIDIO HOLDING INC	2025-12-31	308	x1	EUR	https://www.pfvervoer.nl/over-ons/beleggen/spreiden-van-beleggingen
Pensioenfonds Vervoer	PrestigeBidCo GmbH	2025-12-31	3.028	x1	EUR	https://www.pfvervoer.nl/over-ons/beleggen/spreiden-van-beleggingen
Pensioenfonds Vervoer	PRIME SECSRVC BRW/FINANC	2025-12-31	6.254	x1	EUR	https://www.pfvervoer.nl/over-ons/beleggen/spreiden-van-beleggingen
Pensioenfonds Vervoer	PRIMO WATER CORP	2025-12-31	4.909	x1	EUR	https://www.pfvervoer.nl/over-ons/beleggen/spreiden-van-beleggingen
Pensioenfonds Vervoer	PRINCIPAL FINANCIAL GROUP INC	2025-12-31	86	x1	EUR	https://www.pfvervoer.nl/over-ons/beleggen/spreiden-van-beleggingen
Pensioenfonds Vervoer	PRISO ACQUISITION CORP	2025-12-31	3.177	x1	EUR	https://www.pfvervoer.nl/over-ons/beleggen/spreiden-van-beleggingen
Pensioenfonds Vervoer	PROGROUP AG	2025-12-31	908	x1	EUR	https://www.pfvervoer.nl/over-ons/beleggen/spreiden-van-beleggingen
Pensioenfonds Vervoer	Prologis International Fund II	2025-12-31	14.805	x1	EUR	https://www.pfvervoer.nl/over-ons/beleggen/spreiden-van-beleggingen
Pensioenfonds Vervoer	PROLOGIS LP	2025-12-31	5.022	x1	EUR	https://www.pfvervoer.nl/over-ons/beleggen/spreiden-van-beleggingen
Pensioenfonds Vervoer	Prosus NV	2025-12-31	2.915	x1	EUR	https://www.pfvervoer.nl/over-ons/beleggen/spreiden-van-beleggingen
Pensioenfonds Vervoer	PROTECTIVE LIFE GLOBAL	2025-12-31	2.688	x1	EUR	https://www.pfvervoer.nl/over-ons/beleggen/spreiden-van-beleggingen
Pensioenfonds Vervoer	PROV ST JOSEPH HLTH OBL	2025-12-31	2.177	x1	EUR	https://www.pfvervoer.nl/over-ons/beleggen/spreiden-van-beleggingen
Pensioenfonds Vervoer	Prysmian SpA	2025-12-31	2.399	x1	EUR	https://www.pfvervoer.nl/over-ons/beleggen/spreiden-van-beleggingen
Pensioenfonds Vervoer	Public Service Enterprise Grou	2025-12-31	8.124	x1	EUR	https://www.pfvervoer.nl/over-ons/beleggen/spreiden-van-beleggingen
Pensioenfonds Vervoer	PUBLIC STORAGE	2025-12-31	4.071	x1	EUR	https://www.pfvervoer.nl/over-ons/beleggen/spreiden-van-beleggingen
Pensioenfonds Vervoer	PUNCH FINANCE PL	2025-12-31	1.574	x1	EUR	https://www.pfvervoer.nl/over-ons/beleggen/spreiden-van-beleggingen
Pensioenfonds Vervoer	QBE Insurance Group Ltd	2025-12-31	2.242	x1	EUR	https://www.pfvervoer.nl/over-ons/beleggen/spreiden-van-beleggingen
Pensioenfonds Vervoer	QIB Sukuk Ltd	2025-12-31	1.242	x1	EUR	https://www.pfvervoer.nl/over-ons/beleggen/spreiden-van-beleggingen
Pensioenfonds Vervoer	QNB Finance Ltd	2025-12-31	1.965	x1	EUR	https://www.pfvervoer.nl/over-ons/beleggen/spreiden-van-beleggingen
Pensioenfonds Vervoer	QNITY ELECTRONICS INC	2025-12-31	3.206	x1	EUR	https://www.pfvervoer.nl/over-ons/beleggen/spreiden-van-beleggingen
Pensioenfonds Vervoer	Q-PARK HOLDING BV	2025-12-31	2.379	x1	EUR	https://www.pfvervoer.nl/over-ons/beleggen/spreiden-van-beleggingen
Pensioenfonds Vervoer	QUALCOMM Inc	2025-12-31	5.511	x1	EUR	https://www.pfvervoer.nl/over-ons/beleggen/spreiden-van-beleggingen
Pensioenfonds Vervoer	QUEENS HEALTH SYSTEMS	2025-12-31	803	x1	EUR	https://www.pfvervoer.nl/over-ons/beleggen/spreiden-van-beleggingen
Pensioenfonds Vervoer	Quest Diagnostics Inc /DE	2025-12-31	2.075	x1	EUR	https://www.pfvervoer.nl/over-ons/beleggen/spreiden-van-beleggingen
Pensioenfonds Vervoer	QUIKRETE HOLDINGS INC	2025-12-31	13.995	x1	EUR	https://www.pfvervoer.nl/over-ons/beleggen/spreiden-van-beleggingen
Pensioenfonds Vervoer	R&R ICE CREAM PLC	2025-12-31	6.120	x1	EUR	https://www.pfvervoer.nl/over-ons/beleggen/spreiden-van-beleggingen
Pensioenfonds Vervoer	Rabobank Nederland NV	2025-12-31	5.161	x1	EUR	https://www.pfvervoer.nl/over-ons/beleggen/spreiden-van-beleggingen
Pensioenfonds Vervoer	RAC BOND CO PLC	2025-12-31	1.574	x1	EUR	https://www.pfvervoer.nl/over-ons/beleggen/spreiden-van-beleggingen
Pensioenfonds Vervoer	RADIOLOGY PARTNERS INC	2025-12-31	2.310	x1	EUR	https://www.pfvervoer.nl/over-ons/beleggen/spreiden-van-beleggingen
Pensioenfonds Vervoer	RAILWORKS HOLDINGS LP/R	2025-12-31	1.964	x1	EUR	https://www.pfvervoer.nl/over-ons/beleggen/spreiden-van-beleggingen
Pensioenfonds Vervoer	RAIZEN ENERGY FINANCE	2025-12-31	4.150	x1	EUR	https://www.pfvervoer.nl/over-ons/beleggen/spreiden-van-beleggingen
Pensioenfonds Vervoer	RAKUTEN INC	2025-12-31	1.692	x1	EUR	https://www.pfvervoer.nl/over-ons/beleggen/spreiden-van-beleggingen
Pensioenfonds Vervoer	RAY FINANCING LLC	2025-12-31	3.561	x1	EUR	https://www.pfvervoer.nl/over-ons/beleggen/spreiden-van-beleggingen
Pensioenfonds Vervoer	RAYONIER INC	2025-12-31	1.003	x1	EUR	https://www.pfvervoer.nl/over-ons/beleggen/spreiden-van-beleggingen
Pensioenfonds Vervoer	REALOGY GROUP/CO-ISSUER	2025-12-31	7.352	x1	EUR	https://www.pfvervoer.nl/over-ons/beleggen/spreiden-van-beleggingen
Pensioenfonds Vervoer	Realty Income Corp	2025-12-31	6.413	x1	EUR	https://www.pfvervoer.nl/over-ons/beleggen/spreiden-van-beleggingen
Pensioenfonds Vervoer	Regal Rexnord Corp	2025-12-31	2.448	x1	EUR	https://www.pfvervoer.nl/over-ons/beleggen/spreiden-van-beleggingen
Pensioenfonds Vervoer	REGIONALCARE HOSPITAL PR	2025-12-31	5.787	x1	EUR	https://www.pfvervoer.nl/over-ons/beleggen/spreiden-van-beleggingen
Pensioenfonds Vervoer	Reinsurance Group of America Inc	2025-12-31	1.015	x1	EUR	https://www.pfvervoer.nl/over-ons/beleggen/spreiden-van-beleggingen
Pensioenfonds Vervoer	RENAISSANCERE HOLDINGS LTD	2025-12-31	850	x1	EUR	https://www.pfvervoer.nl/over-ons/beleggen/spreiden-van-beleggingen
Pensioenfonds Vervoer	RENTOKIL INITIAL PLC	2025-12-31	1.264	x1	EUR	https://www.pfvervoer.nl/over-ons/beleggen/spreiden-van-beleggingen
Pensioenfonds Vervoer	RENTPATH INC	2025-12-31	2.030	x1	EUR	https://www.pfvervoer.nl/over-ons/beleggen/spreiden-van-beleggingen
Pensioenfonds Vervoer	REXEL SA	2025-12-31	1.321	x1	EUR	https://www.pfvervoer.nl/over-ons/beleggen/spreiden-van-beleggingen
Pensioenfonds Vervoer	RHP HOTEL PPTY/RHP FINAN	2025-12-31	14.026	x1	EUR	https://www.pfvervoer.nl/over-ons/beleggen/spreiden-van-beleggingen
Pensioenfonds Vervoer	RingCentral Inc	2025-12-31	1.697	x1	EUR	https://www.pfvervoer.nl/over-ons/beleggen/spreiden-van-beleggingen
Pensioenfonds Vervoer	Rio Tinto Ltd	2025-12-31	397	x1	EUR	https://www.pfvervoer.nl/over-ons/beleggen/spreiden-van-beleggingen
Pensioenfonds Vervoer	Ritchie Bros Auctioneers Inc	2025-12-31	4.386	x1	EUR	https://www.pfvervoer.nl/over-ons/beleggen/spreiden-van-beleggingen
Pensioenfonds Vervoer	RIVERS ENTERPRISE	2025-12-31	3.041	x1	EUR	https://www.pfvervoer.nl/over-ons/beleggen/spreiden-van-beleggingen
Pensioenfonds Vervoer	RLJ LODGING TRUST LP	2025-12-31	4.427	x1	EUR	https://www.pfvervoer.nl/over-ons/beleggen/spreiden-van-beleggingen
Pensioenfonds Vervoer	Robert Bosch Investment	2025-12-31	623	x1	EUR	https://www.pfvervoer.nl/over-ons/beleggen/spreiden-van-beleggingen
Pensioenfonds Vervoer	Roche Holding AG	2025-12-31	3.641	x1	EUR	https://www.pfvervoer.nl/over-ons/beleggen/spreiden-van-beleggingen
Pensioenfonds Vervoer	ROCKET SOFTWARE INC	2025-12-31	1.973	x1	EUR	https://www.pfvervoer.nl/over-ons/beleggen/spreiden-van-beleggingen
Pensioenfonds Vervoer	Rogers Communications Inc	2025-12-31	8.660	x1	EUR	https://www.pfvervoer.nl/over-ons/beleggen/spreiden-van-beleggingen
Pensioenfonds Vervoer	ROLLER BEARING CO OF AME	2025-12-31	3.054	x1	EUR	https://www.pfvervoer.nl/over-ons/beleggen/spreiden-van-beleggingen
Pensioenfonds Vervoer	ROQUETTE FRERES SA	2025-12-31	5.242	x1	EUR	https://www.pfvervoer.nl/over-ons/beleggen/spreiden-van-beleggingen
Pensioenfonds Vervoer	ROSSINI SARL	2025-12-31	4.702	x1	EUR	https://www.pfvervoer.nl/over-ons/beleggen/spreiden-van-beleggingen
Pensioenfonds Vervoer	ROYAL BK CANADA	2025-12-31	13.111	x1	EUR	https://www.pfvervoer.nl/over-ons/beleggen/spreiden-van-beleggingen
Pensioenfonds Vervoer	Royal Caribbean Cruises Ltd	2025-12-31	12.374	x1	EUR	https://www.pfvervoer.nl/over-ons/beleggen/spreiden-van-beleggingen
Pensioenfonds Vervoer	RRD PARENT INC	2025-12-31	4.201	x1	EUR	https://www.pfvervoer.nl/over-ons/beleggen/spreiden-van-beleggingen
Pensioenfonds Vervoer	RTE Reseau de transport d'electricite SA	2025-12-31	2.009	x1	EUR	https://www.pfvervoer.nl/over-ons/beleggen/spreiden-van-beleggingen
Pensioenfonds Vervoer	RYAN SPECIALTY GROUP	2025-12-31	3.608	x1	EUR	https://www.pfvervoer.nl/over-ons/beleggen/spreiden-van-beleggingen
Pensioenfonds Vervoer	SAAVI ENERGIA SARL	2025-12-31	2.715	x1	EUR	https://www.pfvervoer.nl/over-ons/beleggen/spreiden-van-beleggingen
Pensioenfonds Vervoer	SABLE INTL FINANCE LTD	2025-12-31	423	x1	EUR	https://www.pfvervoer.nl/over-ons/beleggen/spreiden-van-beleggingen
Pensioenfonds Vervoer	Sagax AB	2025-12-31	2.746	x1	EUR	https://www.pfvervoer.nl/over-ons/beleggen/spreiden-van-beleggingen
Pensioenfonds Vervoer	SAMMONS FINANCIAL GROUP	2025-12-31	1.286	x1	EUR	https://www.pfvervoer.nl/over-ons/beleggen/spreiden-van-beleggingen
Pensioenfonds Vervoer	SAMMONTANA ITALIA SPA	2025-12-31	3.457	x1	EUR	https://www.pfvervoer.nl/over-ons/beleggen/spreiden-van-beleggingen
Pensioenfonds Vervoer	Sampo Oyj	2025-12-31	378	x1	EUR	https://www.pfvervoer.nl/over-ons/beleggen/spreiden-van-beleggingen
Pensioenfonds Vervoer	SAN MIGUEL INDUSTRIAS	2025-12-31	1.686	x1	EUR	https://www.pfvervoer.nl/over-ons/beleggen/spreiden-van-beleggingen
Pensioenfonds Vervoer	Sandoz Group AG	2025-12-31	2.338	x1	EUR	https://www.pfvervoer.nl/over-ons/beleggen/spreiden-van-beleggingen
Pensioenfonds Vervoer	SANI/IKOS FINANCIAL HLDG	2025-12-31	5.094	x1	EUR	https://www.pfvervoer.nl/over-ons/beleggen/spreiden-van-beleggingen
Pensioenfonds Vervoer	SanPaolo IMI SpA	2025-12-31	22.903	x1	EUR	https://www.pfvervoer.nl/over-ons/beleggen/spreiden-van-beleggingen
Pensioenfonds Vervoer	Santander UK Plc	2025-12-31	13.942	x1	EUR	https://www.pfvervoer.nl/over-ons/beleggen/spreiden-van-beleggingen
Pensioenfonds Vervoer	Sasol Financing Int	2025-12-31	752	x1	EUR	https://www.pfvervoer.nl/over-ons/beleggen/spreiden-van-beleggingen
Pensioenfonds Vervoer	SBA Communications Corp	2025-12-31	982	x1	EUR	https://www.pfvervoer.nl/over-ons/beleggen/spreiden-van-beleggingen
Pensioenfonds Vervoer	SCENTRE MGMT LTD	2025-12-31	517	x1	EUR	https://www.pfvervoer.nl/over-ons/beleggen/spreiden-van-beleggingen
Pensioenfonds Vervoer	Schneider Electric SA	2025-12-31	1.105	x1	EUR	https://www.pfvervoer.nl/over-ons/beleggen/spreiden-van-beleggingen
Pensioenfonds Vervoer	SCIL IV LLC / SCIL USA H	2025-12-31	766	x1	EUR	https://www.pfvervoer.nl/over-ons/beleggen/spreiden-van-beleggingen
Pensioenfonds Vervoer	Scottish & Southern Energy PLC	2025-12-31	15.953	x1	EUR	https://www.pfvervoer.nl/over-ons/beleggen/spreiden-van-beleggingen
Pensioenfonds Vervoer	SEALED AIR CORP	2025-12-31	2.108	x1	EUR	https://www.pfvervoer.nl/over-ons/beleggen/spreiden-van-beleggingen
Pensioenfonds Vervoer	Segro PLC	2025-12-31	1.607	x1	EUR	https://www.pfvervoer.nl/over-ons/beleggen/spreiden-van-beleggingen
Pensioenfonds Vervoer	SELP FINANCE SARL	2025-12-31	11.259	x1	EUR	https://www.pfvervoer.nl/over-ons/beleggen/spreiden-van-beleggingen
Pensioenfonds Vervoer	SEMPRA ENERGY	2025-12-31	10.289	x1	EUR	https://www.pfvervoer.nl/over-ons/beleggen/spreiden-van-beleggingen
Pensioenfonds Vervoer	Sensata Technologies Holding N	2025-12-31	8.665	x1	EUR	https://www.pfvervoer.nl/over-ons/beleggen/spreiden-van-beleggingen
Pensioenfonds Vervoer	SERVICE CORP INTL	2025-12-31	2.280	x1	EUR	https://www.pfvervoer.nl/over-ons/beleggen/spreiden-van-beleggingen
Pensioenfonds Vervoer	Service Properties Trust	2025-12-31	6.149	x1	EUR	https://www.pfvervoer.nl/over-ons/beleggen/spreiden-van-beleggingen
Pensioenfonds Vervoer	SES SA	2025-12-31	1.161	x1	EUR	https://www.pfvervoer.nl/over-ons/beleggen/spreiden-van-beleggingen
Pensioenfonds Vervoer	SEVERN TRENT PLC	2025-12-31	10.619	x1	EUR	https://www.pfvervoer.nl/over-ons/beleggen/spreiden-van-beleggingen
Pensioenfonds Vervoer	SGS SA	2025-12-31	606	x1	EUR	https://www.pfvervoer.nl/over-ons/beleggen/spreiden-van-beleggingen
Pensioenfonds Vervoer	SHEA HOMES LP/FNDG CP	2025-12-31	2.603	x1	EUR	https://www.pfvervoer.nl/over-ons/beleggen/spreiden-van-beleggingen
Pensioenfonds Vervoer	SHEARER'S FOODS LLC	2025-12-31	3.322	x1	EUR	https://www.pfvervoer.nl/over-ons/beleggen/spreiden-van-beleggingen
Pensioenfonds Vervoer	SHIBA BIDCO SPA	2025-12-31	1.753	x1	EUR	https://www.pfvervoer.nl/over-ons/beleggen/spreiden-van-beleggingen
Pensioenfonds Vervoer	Shinhan bank	2025-12-31	5.971	x1	EUR	https://www.pfvervoer.nl/over-ons/beleggen/spreiden-van-beleggingen
Pensioenfonds Vervoer	SIEMENS AG	2025-12-31	5.442	x1	EUR	https://www.pfvervoer.nl/over-ons/beleggen/spreiden-van-beleggingen
Pensioenfonds Vervoer	SIERRACOL ENRGY ANDINA	2025-12-31	1.933	x1	EUR	https://www.pfvervoer.nl/over-ons/beleggen/spreiden-van-beleggingen
Pensioenfonds Vervoer	SIGMA HOLDCO BV	2025-12-31	3.464	x1	EUR	https://www.pfvervoer.nl/over-ons/beleggen/spreiden-van-beleggingen
Pensioenfonds Vervoer	Silgan Holdings Inc	2025-12-31	1.547	x1	EUR	https://www.pfvervoer.nl/over-ons/beleggen/spreiden-van-beleggingen
Pensioenfonds Vervoer	SIMMONS FOODS INC	2025-12-31	2.079	x1	EUR	https://www.pfvervoer.nl/over-ons/beleggen/spreiden-van-beleggingen
Pensioenfonds Vervoer	Simon Property Group Inc	2025-12-31	3.603	x1	EUR	https://www.pfvervoer.nl/over-ons/beleggen/spreiden-van-beleggingen
Pensioenfonds Vervoer	SINCLAIR TELEVISION GROU	2025-12-31	4.275	x1	EUR	https://www.pfvervoer.nl/over-ons/beleggen/spreiden-van-beleggingen
Pensioenfonds Vervoer	Sirius Real Estate Ltd	2025-12-31	5.329	x1	EUR	https://www.pfvervoer.nl/over-ons/beleggen/spreiden-van-beleggingen
Pensioenfonds Vervoer	SIRIUS XM HOLDINGS INC	2025-12-31	20.575	x1	EUR	https://www.pfvervoer.nl/over-ons/beleggen/spreiden-van-beleggingen
Pensioenfonds Vervoer	SIX GROUP AG	2025-12-31	7.350	x1	EUR	https://www.pfvervoer.nl/over-ons/beleggen/spreiden-van-beleggingen
Pensioenfonds Vervoer	SIXTH STREET LENDING PAR	2025-12-31	1.078	x1	EUR	https://www.pfvervoer.nl/over-ons/beleggen/spreiden-van-beleggingen
Pensioenfonds Vervoer	SK Hynix Inc	2025-12-31	4.191	x1	EUR	https://www.pfvervoer.nl/over-ons/beleggen/spreiden-van-beleggingen
Pensioenfonds Vervoer	Skandinaviska Enskilda Banken AB	2025-12-31	5.544	x1	EUR	https://www.pfvervoer.nl/over-ons/beleggen/spreiden-van-beleggingen
Pensioenfonds Vervoer	Skechers Usa Inc-Cl A	2025-12-31	22.115	x1	EUR	https://www.pfvervoer.nl/over-ons/beleggen/spreiden-van-beleggingen
Pensioenfonds Vervoer	Sky Deutschland AG	2025-12-31	2.811	x1	EUR	https://www.pfvervoer.nl/over-ons/beleggen/spreiden-van-beleggingen
Pensioenfonds Vervoer	Smith International Inc	2025-12-31	5.068	x1	EUR	https://www.pfvervoer.nl/over-ons/beleggen/spreiden-van-beleggingen
Pensioenfonds Vervoer	SMURFIT KAPPA TREASURY	2025-12-31	11.650	x1	EUR	https://www.pfvervoer.nl/over-ons/beleggen/spreiden-van-beleggingen
Pensioenfonds Vervoer	Smurfit-Stone Container Corp	2025-12-31	21.335	x1	EUR	https://www.pfvervoer.nl/over-ons/beleggen/spreiden-van-beleggingen
Pensioenfonds Vervoer	Snam Spa	2025-12-31	19.502	x1	EUR	https://www.pfvervoer.nl/over-ons/beleggen/spreiden-van-beleggingen
Pensioenfonds Vervoer	Snap Inc	2025-12-31	4.892	x1	EUR	https://www.pfvervoer.nl/over-ons/beleggen/spreiden-van-beleggingen
Pensioenfonds Vervoer	SOCIEDAD QUIMICA Y MINER	2025-12-31	1.144	x1	EUR	https://www.pfvervoer.nl/over-ons/beleggen/spreiden-van-beleggingen
Pensioenfonds Vervoer	Societe Generale	2025-12-31	21.645	x1	EUR	https://www.pfvervoer.nl/over-ons/beleggen/spreiden-van-beleggingen
Pensioenfonds Vervoer	Sodexo	2025-12-31	1.273	x1	EUR	https://www.pfvervoer.nl/over-ons/beleggen/spreiden-van-beleggingen
Pensioenfonds Vervoer	SOFINA SA	2025-12-31	6.145	x1	EUR	https://www.pfvervoer.nl/over-ons/beleggen/spreiden-van-beleggingen
Pensioenfonds Vervoer	SOFTBANK CORP	2025-12-31	3.922	x1	EUR	https://www.pfvervoer.nl/over-ons/beleggen/spreiden-van-beleggingen
Pensioenfonds Vervoer	SOGECAP SA	2025-12-31	4.351	x1	EUR	https://www.pfvervoer.nl/over-ons/beleggen/spreiden-van-beleggingen
Pensioenfonds Vervoer	SOLENIS INTERNATIONAL LP	2025-12-31	17.618	x1	EUR	https://www.pfvervoer.nl/over-ons/beleggen/spreiden-van-beleggingen
Pensioenfonds Vervoer	SOLSTICE ADVANCED MATERI	2025-12-31	1.376	x1	EUR	https://www.pfvervoer.nl/over-ons/beleggen/spreiden-van-beleggingen
Pensioenfonds Vervoer	SOMNIGROUP INTL INC	2025-12-31	8.437	x1	EUR	https://www.pfvervoer.nl/over-ons/beleggen/spreiden-van-beleggingen
Pensioenfonds Vervoer	Sonic Automotive Inc	2025-12-31	7.696	x1	EUR	https://www.pfvervoer.nl/over-ons/beleggen/spreiden-van-beleggingen
Pensioenfonds Vervoer	SOPHIA LP/FIN INC	2025-12-31	2.771	x1	EUR	https://www.pfvervoer.nl/over-ons/beleggen/spreiden-van-beleggingen
Pensioenfonds Vervoer	SOUTHERN GAS NETWORK PLC	2025-12-31	2.030	x1	EUR	https://www.pfvervoer.nl/over-ons/beleggen/spreiden-van-beleggingen
Pensioenfonds Vervoer	SOUTHERN WATER GREENSAND	2025-12-31	9.647	x1	EUR	https://www.pfvervoer.nl/over-ons/beleggen/spreiden-van-beleggingen
Pensioenfonds Vervoer	SPECIALTY BUILDINGS PROD	2025-12-31	1.398	x1	EUR	https://www.pfvervoer.nl/over-ons/beleggen/spreiden-van-beleggingen
Pensioenfonds Vervoer	SPECTRUM BRANDS INC	2025-12-31	59	x1	EUR	https://www.pfvervoer.nl/over-ons/beleggen/spreiden-van-beleggingen
Pensioenfonds Vervoer	SPEEDWAY MOTORSPORTS INC	2025-12-31	3.460	x1	EUR	https://www.pfvervoer.nl/over-ons/beleggen/spreiden-van-beleggingen
Pensioenfonds Vervoer	Sprint Capital Corp	2025-12-31	995	x1	EUR	https://www.pfvervoer.nl/over-ons/beleggen/spreiden-van-beleggingen
Pensioenfonds Vervoer	SRM ESCROW ISSUER LLC	2025-12-31	7.149	x1	EUR	https://www.pfvervoer.nl/over-ons/beleggen/spreiden-van-beleggingen
Pensioenfonds Vervoer	SS&C TECH HOLDINGS INC	2025-12-31	4.359	x1	EUR	https://www.pfvervoer.nl/over-ons/beleggen/spreiden-van-beleggingen
Pensioenfonds Vervoer	STADA Arzneimittel AG	2025-12-31	7.197	x1	EUR	https://www.pfvervoer.nl/over-ons/beleggen/spreiden-van-beleggingen
Pensioenfonds Vervoer	Standard Chartered PLC	2025-12-31	3.444	x1	EUR	https://www.pfvervoer.nl/over-ons/beleggen/spreiden-van-beleggingen
Pensioenfonds Vervoer	STANFORD HEALTH CARE	2025-12-31	392	x1	EUR	https://www.pfvervoer.nl/over-ons/beleggen/spreiden-van-beleggingen
Pensioenfonds Vervoer	Stanford University	2025-12-31	2.532	x1	EUR	https://www.pfvervoer.nl/over-ons/beleggen/spreiden-van-beleggingen
Pensioenfonds Vervoer	STAPLES INC	2025-12-31	3.640	x1	EUR	https://www.pfvervoer.nl/over-ons/beleggen/spreiden-van-beleggingen
Pensioenfonds Vervoer	Starwood Property Trust Inc	2025-12-31	627	x1	EUR	https://www.pfvervoer.nl/over-ons/beleggen/spreiden-van-beleggingen
Pensioenfonds Vervoer	State Bank India London	2025-12-31	2.318	x1	EUR	https://www.pfvervoer.nl/over-ons/beleggen/spreiden-van-beleggingen
Pensioenfonds Vervoer	Statkraft AS	2025-12-31	6.333	x1	EUR	https://www.pfvervoer.nl/over-ons/beleggen/spreiden-van-beleggingen
Pensioenfonds Vervoer	STATNETT SF	2025-12-31	4.989	x1	EUR	https://www.pfvervoer.nl/over-ons/beleggen/spreiden-van-beleggingen
Pensioenfonds Vervoer	Stedin	2025-12-31	1.882	x1	EUR	https://www.pfvervoer.nl/over-ons/beleggen/spreiden-van-beleggingen
Pensioenfonds Vervoer	STELLANTIS NV	2025-12-31	8.822	x1	EUR	https://www.pfvervoer.nl/over-ons/beleggen/spreiden-van-beleggingen
Pensioenfonds Vervoer	STERIGENICS-NORDION HOLD	2025-12-31	1.011	x1	EUR	https://www.pfvervoer.nl/over-ons/beleggen/spreiden-van-beleggingen
Pensioenfonds Vervoer	STILLWATER MINING CO	2025-12-31	1.272	x1	EUR	https://www.pfvervoer.nl/over-ons/beleggen/spreiden-van-beleggingen
Pensioenfonds Vervoer	Stockland	2025-12-31	1.149	x1	EUR	https://www.pfvervoer.nl/over-ons/beleggen/spreiden-van-beleggingen
Pensioenfonds Vervoer	STONEBRIAR ABF LLC	2025-12-31	4.822	x1	EUR	https://www.pfvervoer.nl/over-ons/beleggen/spreiden-van-beleggingen
Pensioenfonds Vervoer	Stryker Corp	2025-12-31	2.202	x1	EUR	https://www.pfvervoer.nl/over-ons/beleggen/spreiden-van-beleggingen
Pensioenfonds Vervoer	STYROLUTION GROUP GMBH	2025-12-31	4.484	x1	EUR	https://www.pfvervoer.nl/over-ons/beleggen/spreiden-van-beleggingen
Pensioenfonds Vervoer	SUBURBAN PROPANE PARTNRS	2025-12-31	6.817	x1	EUR	https://www.pfvervoer.nl/over-ons/beleggen/spreiden-van-beleggingen
Pensioenfonds Vervoer	SUEZ	2025-12-31	1.823	x1	EUR	https://www.pfvervoer.nl/over-ons/beleggen/spreiden-van-beleggingen
Pensioenfonds Vervoer	Sumitomo Mitsui Banking Corp	2025-12-31	17.872	x1	EUR	https://www.pfvervoer.nl/over-ons/beleggen/spreiden-van-beleggingen
Pensioenfonds Vervoer	Sumitomo Mitsui Trust Holdings	2025-12-31	12.368	x1	EUR	https://www.pfvervoer.nl/over-ons/beleggen/spreiden-van-beleggingen
Pensioenfonds Vervoer	SUN COMMUNITIES	2025-12-31	4.782	x1	EUR	https://www.pfvervoer.nl/over-ons/beleggen/spreiden-van-beleggingen
Pensioenfonds Vervoer	Sunoco Inc	2025-12-31	25.262	x1	EUR	https://www.pfvervoer.nl/over-ons/beleggen/spreiden-van-beleggingen
Pensioenfonds Vervoer	Sunrise HoldCo IV BV	2025-12-31	6.680	x1	EUR	https://www.pfvervoer.nl/over-ons/beleggen/spreiden-van-beleggingen
Pensioenfonds Vervoer	Superior Plus Corp	2025-12-31	4.802	x1	EUR	https://www.pfvervoer.nl/over-ons/beleggen/spreiden-van-beleggingen
Pensioenfonds Vervoer	SURGERY CENTER HOLDINGS	2025-12-31	3.291	x1	EUR	https://www.pfvervoer.nl/over-ons/beleggen/spreiden-van-beleggingen
Pensioenfonds Vervoer	SUTTER HEALTH	2025-12-31	4.173	x1	EUR	https://www.pfvervoer.nl/over-ons/beleggen/spreiden-van-beleggingen
Pensioenfonds Vervoer	Suzano Trading Ltd	2025-12-31	1.934	x1	EUR	https://www.pfvervoer.nl/over-ons/beleggen/spreiden-van-beleggingen
Pensioenfonds Vervoer	Svenska Handelsbanken AB	2025-12-31	523	x1	EUR	https://www.pfvervoer.nl/over-ons/beleggen/spreiden-van-beleggingen
Pensioenfonds Vervoer	Swiss Prime Site AG	2025-12-31	2.277	x1	EUR	https://www.pfvervoer.nl/over-ons/beleggen/spreiden-van-beleggingen
Pensioenfonds Vervoer	Swisscom AG	2025-12-31	490	x1	EUR	https://www.pfvervoer.nl/over-ons/beleggen/spreiden-van-beleggingen
Pensioenfonds Vervoer	Symrise AG	2025-12-31	1.100	x1	EUR	https://www.pfvervoer.nl/over-ons/beleggen/spreiden-van-beleggingen
Pensioenfonds Vervoer	Synaptics Inc	2025-12-31	785	x1	EUR	https://www.pfvervoer.nl/over-ons/beleggen/spreiden-van-beleggingen
Pensioenfonds Vervoer	SYNCHRONY FINANCIAL	2025-12-31	3.785	x1	EUR	https://www.pfvervoer.nl/over-ons/beleggen/spreiden-van-beleggingen
Pensioenfonds Vervoer	SYNERGY INFRASTRUCTURE H	2025-12-31	1.952	x1	EUR	https://www.pfvervoer.nl/over-ons/beleggen/spreiden-van-beleggingen
Pensioenfonds Vervoer	SYNOPSYS INC	2025-12-31	3.567	x1	EUR	https://www.pfvervoer.nl/over-ons/beleggen/spreiden-van-beleggingen
Pensioenfonds Vervoer	Talanx Finanz Luxembourg SA	2025-12-31	6.221	x1	EUR	https://www.pfvervoer.nl/over-ons/beleggen/spreiden-van-beleggingen
Pensioenfonds Vervoer	TALLGRASS NRG PRTNR/FIN	2025-12-31	7.216	x1	EUR	https://www.pfvervoer.nl/over-ons/beleggen/spreiden-van-beleggingen
Pensioenfonds Vervoer	TARGA RESOURCES CORP	2025-12-31	6.962	x1	EUR	https://www.pfvervoer.nl/over-ons/beleggen/spreiden-van-beleggingen
Pensioenfonds Vervoer	TAV HAVALIMANLARI HOLDIN	2025-12-31	747	x1	EUR	https://www.pfvervoer.nl/over-ons/beleggen/spreiden-van-beleggingen
Pensioenfonds Vervoer	TAYLOR MORRISON COMM	2025-12-31	596	x1	EUR	https://www.pfvervoer.nl/over-ons/beleggen/spreiden-van-beleggingen
Pensioenfonds Vervoer	TC ZIRAAT BANKASI AS	2025-12-31	9.148	x1	EUR	https://www.pfvervoer.nl/over-ons/beleggen/spreiden-van-beleggingen
Pensioenfonds Vervoer	TD Bank US Holding Co	2025-12-31	12.361	x1	EUR	https://www.pfvervoer.nl/over-ons/beleggen/spreiden-van-beleggingen
Pensioenfonds Vervoer	TDC A/S	2025-12-31	9.387	x1	EUR	https://www.pfvervoer.nl/over-ons/beleggen/spreiden-van-beleggingen
Pensioenfonds Vervoer	TDF Infrastructure SAS	2025-12-31	1.123	x1	EUR	https://www.pfvervoer.nl/over-ons/beleggen/spreiden-van-beleggingen
Pensioenfonds Vervoer	TEAMHEALTH INC	2025-12-31	3.492	x1	EUR	https://www.pfvervoer.nl/over-ons/beleggen/spreiden-van-beleggingen
Pensioenfonds Vervoer	TEAMSYSTEM HLDG SPA	2025-12-31	7.966	x1	EUR	https://www.pfvervoer.nl/over-ons/beleggen/spreiden-van-beleggingen
Pensioenfonds Vervoer	Techem Energy Metering Service GmbH & Co KG	2025-12-31	6.666	x1	EUR	https://www.pfvervoer.nl/over-ons/beleggen/spreiden-van-beleggingen
Pensioenfonds Vervoer	TEGNA Inc	2025-12-31	2.193	x1	EUR	https://www.pfvervoer.nl/over-ons/beleggen/spreiden-van-beleggingen
Pensioenfonds Vervoer	TELECOMMUNICATIONS CO TE	2025-12-31	2.116	x1	EUR	https://www.pfvervoer.nl/over-ons/beleggen/spreiden-van-beleggingen
Pensioenfonds Vervoer	Telefonica Europe BV	2025-12-31	18.933	x1	EUR	https://www.pfvervoer.nl/over-ons/beleggen/spreiden-van-beleggingen
Pensioenfonds Vervoer	TELFON CELUAR DEL PARAGU	2025-12-31	187	x1	EUR	https://www.pfvervoer.nl/over-ons/beleggen/spreiden-van-beleggingen
Pensioenfonds Vervoer	Temasek Financial I Ltd	2025-12-31	5.080	x1	EUR	https://www.pfvervoer.nl/over-ons/beleggen/spreiden-van-beleggingen
Pensioenfonds Vervoer	TENET HEALTHCARE CORP	2025-12-31	16.784	x1	EUR	https://www.pfvervoer.nl/over-ons/beleggen/spreiden-van-beleggingen
Pensioenfonds Vervoer	Tennet BV	2025-12-31	2.150	x1	EUR	https://www.pfvervoer.nl/over-ons/beleggen/spreiden-van-beleggingen
Pensioenfonds Vervoer	TENNET NET BV	2025-12-31	6.657	x1	EUR	https://www.pfvervoer.nl/over-ons/beleggen/spreiden-van-beleggingen
Pensioenfonds Vervoer	TERAWULF INC	2025-12-31	3.717	x1	EUR	https://www.pfvervoer.nl/over-ons/beleggen/spreiden-van-beleggingen
Pensioenfonds Vervoer	TEREX CORP	2025-12-31	3.843	x1	EUR	https://www.pfvervoer.nl/over-ons/beleggen/spreiden-van-beleggingen
Pensioenfonds Vervoer	TERMOCANDELARIA POWER	2025-12-31	830	x1	EUR	https://www.pfvervoer.nl/over-ons/beleggen/spreiden-van-beleggingen
Pensioenfonds Vervoer	TERNA SPA	2025-12-31	1.002	x1	EUR	https://www.pfvervoer.nl/over-ons/beleggen/spreiden-van-beleggingen
Pensioenfonds Vervoer	TESCO PLC	2025-12-31	2.695	x1	EUR	https://www.pfvervoer.nl/over-ons/beleggen/spreiden-van-beleggingen
Pensioenfonds Vervoer	THE DOCTORS CO	2025-12-31	1.720	x1	EUR	https://www.pfvervoer.nl/over-ons/beleggen/spreiden-van-beleggingen
Pensioenfonds Vervoer	The Weir Group Plc	2025-12-31	8.971	x1	EUR	https://www.pfvervoer.nl/over-ons/beleggen/spreiden-van-beleggingen
Pensioenfonds Vervoer	THERMO FISHER SCIENTIFIC INC	2025-12-31	2.878	x1	EUR	https://www.pfvervoer.nl/over-ons/beleggen/spreiden-van-beleggingen
Pensioenfonds Vervoer	THFC FUNDING NO	2025-12-31	3	x1	EUR	https://www.pfvervoer.nl/over-ons/beleggen/spreiden-van-beleggingen
Pensioenfonds Vervoer	TIBCO Software Inc	2025-12-31	11.028	x1	EUR	https://www.pfvervoer.nl/over-ons/beleggen/spreiden-van-beleggingen
Pensioenfonds Vervoer	Ticketmaster Entertainment Inc	2025-12-31	10.657	x1	EUR	https://www.pfvervoer.nl/over-ons/beleggen/spreiden-van-beleggingen
Pensioenfonds Vervoer	TIS Inc	2025-12-31	1.118	x1	EUR	https://www.pfvervoer.nl/over-ons/beleggen/spreiden-van-beleggingen
Pensioenfonds Vervoer	TMS INTERNATIONAL CORP	2025-12-31	4.954	x1	EUR	https://www.pfvervoer.nl/over-ons/beleggen/spreiden-van-beleggingen
Pensioenfonds Vervoer	TOLL BROTHERS INC	2025-12-31	1.327	x1	EUR	https://www.pfvervoer.nl/over-ons/beleggen/spreiden-van-beleggingen
Pensioenfonds Vervoer	TOPBUILD ESCROW CORP	2025-12-31	599	x1	EUR	https://www.pfvervoer.nl/over-ons/beleggen/spreiden-van-beleggingen
Pensioenfonds Vervoer	TOUCAN FINCO LTD/CAN/US	2025-12-31	972	x1	EUR	https://www.pfvervoer.nl/over-ons/beleggen/spreiden-van-beleggingen
Pensioenfonds Vervoer	Toyota Motor Corp	2025-12-31	2.104	x1	EUR	https://www.pfvervoer.nl/over-ons/beleggen/spreiden-van-beleggingen
Pensioenfonds Vervoer	TP ICAP PLC	2025-12-31	2.237	x1	EUR	https://www.pfvervoer.nl/over-ons/beleggen/spreiden-van-beleggingen
Pensioenfonds Vervoer	TransDigm Inc	2025-12-31	15.310	x1	EUR	https://www.pfvervoer.nl/over-ons/beleggen/spreiden-van-beleggingen
Pensioenfonds Vervoer	Transnet Ltd	2025-12-31	6.943	x1	EUR	https://www.pfvervoer.nl/over-ons/beleggen/spreiden-van-beleggingen
Pensioenfonds Vervoer	TRANSPORT DE GAS DEL SUR	2025-12-31	526	x1	EUR	https://www.pfvervoer.nl/over-ons/beleggen/spreiden-van-beleggingen
Pensioenfonds Vervoer	TRATON FINANCE LUXEMBRG	2025-12-31	3.225	x1	EUR	https://www.pfvervoer.nl/over-ons/beleggen/spreiden-van-beleggingen
Pensioenfonds Vervoer	Travelers Cos Inc	2025-12-31	3.427	x1	EUR	https://www.pfvervoer.nl/over-ons/beleggen/spreiden-van-beleggingen
Pensioenfonds Vervoer	TREASURY BILL	2025-12-31	898	x1	EUR	https://www.pfvervoer.nl/over-ons/beleggen/spreiden-van-beleggingen
Pensioenfonds Vervoer	TriMas Corp	2025-12-31	919	x1	EUR	https://www.pfvervoer.nl/over-ons/beleggen/spreiden-van-beleggingen
Pensioenfonds Vervoer	TriNet Group Inc	2025-12-31	2.837	x1	EUR	https://www.pfvervoer.nl/over-ons/beleggen/spreiden-van-beleggingen
Pensioenfonds Vervoer	TRIVIUM PACKAGING FIN	2025-12-31	1.638	x1	EUR	https://www.pfvervoer.nl/over-ons/beleggen/spreiden-van-beleggingen
Pensioenfonds Vervoer	TRUCK HERO INC	2025-12-31	1.621	x1	EUR	https://www.pfvervoer.nl/over-ons/beleggen/spreiden-van-beleggingen
Pensioenfonds Vervoer	TRUIST BANK	2025-12-31	2.833	x1	EUR	https://www.pfvervoer.nl/over-ons/beleggen/spreiden-van-beleggingen
Pensioenfonds Vervoer	TRUST	2025-12-31	2401	x1	EUR	https://www.pfvervoer.nl/over-ons/beleggen/spreiden-van-beleggingen
Pensioenfonds Vervoer	TUI AG	2025-12-31	5.048	x1	EUR	https://www.pfvervoer.nl/over-ons/beleggen/spreiden-van-beleggingen
Pensioenfonds Vervoer	TUI Cruises GmbH	2025-12-31	1.100	x1	EUR	https://www.pfvervoer.nl/over-ons/beleggen/spreiden-van-beleggingen
Pensioenfonds Vervoer	Turkiye Vakiflar Bankasi	2025-12-31	2.992	x1	EUR	https://www.pfvervoer.nl/over-ons/beleggen/spreiden-van-beleggingen
Pensioenfonds Vervoer	Turliye Is Bankasi	2025-12-31	1.296	x1	EUR	https://www.pfvervoer.nl/over-ons/beleggen/spreiden-van-beleggingen
Pensioenfonds Vervoer	UBER TECHNOLOGIES INC	2025-12-31	5.556	x1	EUR	https://www.pfvervoer.nl/over-ons/beleggen/spreiden-van-beleggingen
Pensioenfonds Vervoer	UBS	2025-12-31	43.434	x1	EUR	https://www.pfvervoer.nl/over-ons/beleggen/spreiden-van-beleggingen
Pensioenfonds Vervoer	UCB SA	2025-12-31	6.156	x1	EUR	https://www.pfvervoer.nl/over-ons/beleggen/spreiden-van-beleggingen
Pensioenfonds Vervoer	UDR Inc	2025-12-31	2.479	x1	EUR	https://www.pfvervoer.nl/over-ons/beleggen/spreiden-van-beleggingen
Pensioenfonds Vervoer	ULTIMATE SOFTWARE GROUP INC	2025-12-31	2.072	x1	EUR	https://www.pfvervoer.nl/over-ons/beleggen/spreiden-van-beleggingen
Pensioenfonds Vervoer	UNICREDIT BK AUSTRIA AG	2025-12-31	1.621	x1	EUR	https://www.pfvervoer.nl/over-ons/beleggen/spreiden-van-beleggingen
Pensioenfonds Vervoer	UniCredit SpA	2025-12-31	2.664	x1	EUR	https://www.pfvervoer.nl/over-ons/beleggen/spreiden-van-beleggingen
Pensioenfonds Vervoer	UNITED AIRLINES INC	2025-12-31	2.040	x1	EUR	https://www.pfvervoer.nl/over-ons/beleggen/spreiden-van-beleggingen
Pensioenfonds Vervoer	UNITED RENTALS NORTH AM	2025-12-31	8.170	x1	EUR	https://www.pfvervoer.nl/over-ons/beleggen/spreiden-van-beleggingen
Pensioenfonds Vervoer	UNITED UTILIT WATER PLC	2025-12-31	6.905	x1	EUR	https://www.pfvervoer.nl/over-ons/beleggen/spreiden-van-beleggingen
Pensioenfonds Vervoer	UNITEDHEALTH GROUP INC	2025-12-31	14.333	x1	EUR	https://www.pfvervoer.nl/over-ons/beleggen/spreiden-van-beleggingen
Pensioenfonds Vervoer	UNITI GRP/FIBER HLDGS/CS	2025-12-31	3.618	x1	EUR	https://www.pfvervoer.nl/over-ons/beleggen/spreiden-van-beleggingen
Pensioenfonds Vervoer	Univ Of Southern Califor	2025-12-31	412	x1	EUR	https://www.pfvervoer.nl/over-ons/beleggen/spreiden-van-beleggingen
Pensioenfonds Vervoer	UNIVAR SOLUTIONS USA INC	2025-12-31	6.111	x1	EUR	https://www.pfvervoer.nl/over-ons/beleggen/spreiden-van-beleggingen
Pensioenfonds Vervoer	UNIVERSAL MUSIC GROUP NV	2025-12-31	1.470	x1	EUR	https://www.pfvervoer.nl/over-ons/beleggen/spreiden-van-beleggingen
Pensioenfonds Vervoer	UNIVERSITY OF OXFORD	2025-12-31	647	x1	EUR	https://www.pfvervoer.nl/over-ons/beleggen/spreiden-van-beleggingen
Pensioenfonds Vervoer	University of Pennsylvania	2025-12-31	1.244	x1	EUR	https://www.pfvervoer.nl/over-ons/beleggen/spreiden-van-beleggingen
Pensioenfonds Vervoer	UNIVISION COMMUNICATIONS	2025-12-31	10.048	x1	EUR	https://www.pfvervoer.nl/over-ons/beleggen/spreiden-van-beleggingen
Pensioenfonds Vervoer	Unum Group	2025-12-31	6.192	x1	EUR	https://www.pfvervoer.nl/over-ons/beleggen/spreiden-van-beleggingen
Pensioenfonds Vervoer	UPJOHN FINANCE BV	2025-12-31	6.013	x1	EUR	https://www.pfvervoer.nl/over-ons/beleggen/spreiden-van-beleggingen
Pensioenfonds Vervoer	UPL CORP LTD	2025-12-31	684	x1	EUR	https://www.pfvervoer.nl/over-ons/beleggen/spreiden-van-beleggingen
Pensioenfonds Vervoer	UPMC HEALTH SYSTEM	2025-12-31	519	x1	EUR	https://www.pfvervoer.nl/over-ons/beleggen/spreiden-van-beleggingen
Pensioenfonds Vervoer	UPM-Kymmene Oyj	2025-12-31	3.658	x1	EUR	https://www.pfvervoer.nl/over-ons/beleggen/spreiden-van-beleggingen
Pensioenfonds Vervoer	Urenco Ltd	2025-12-31	2.211	x1	EUR	https://www.pfvervoer.nl/over-ons/beleggen/spreiden-van-beleggingen
Pensioenfonds Vervoer	US ACUTE CARE SOLUTIONS	2025-12-31	3.343	x1	EUR	https://www.pfvervoer.nl/over-ons/beleggen/spreiden-van-beleggingen
Pensioenfonds Vervoer	US FOODS INC	2025-12-31	4.834	x1	EUR	https://www.pfvervoer.nl/over-ons/beleggen/spreiden-van-beleggingen
Pensioenfonds Vervoer	UWM HOLDINGS LLC	2025-12-31	3.082	x1	EUR	https://www.pfvervoer.nl/over-ons/beleggen/spreiden-van-beleggingen
Pensioenfonds Vervoer	VAIL RESORTS INC	2025-12-31	2.243	x1	EUR	https://www.pfvervoer.nl/over-ons/beleggen/spreiden-van-beleggingen
Pensioenfonds Vervoer	Valeo SA	2025-12-31	8.599	x1	EUR	https://www.pfvervoer.nl/over-ons/beleggen/spreiden-van-beleggingen
Pensioenfonds Vervoer	Valspar Corp	2025-12-31	889	x1	EUR	https://www.pfvervoer.nl/over-ons/beleggen/spreiden-van-beleggingen
Pensioenfonds Vervoer	Vedanta Resources PLC	2025-12-31	733	x1	EUR	https://www.pfvervoer.nl/over-ons/beleggen/spreiden-van-beleggingen
Pensioenfonds Vervoer	Ventas Inc	2025-12-31	1.829	x1	EUR	https://www.pfvervoer.nl/over-ons/beleggen/spreiden-van-beleggingen
Pensioenfonds Vervoer	VENTURE GLOBAL LNG INC	2025-12-31	15.062	x1	EUR	https://www.pfvervoer.nl/over-ons/beleggen/spreiden-van-beleggingen
Pensioenfonds Vervoer	VENTURE GLOBAL PLAQUE	2025-12-31	2.502	x1	EUR	https://www.pfvervoer.nl/over-ons/beleggen/spreiden-van-beleggingen
Pensioenfonds Vervoer	VERALLIA SA	2025-12-31	1.370	x1	EUR	https://www.pfvervoer.nl/over-ons/beleggen/spreiden-van-beleggingen
Pensioenfonds Vervoer	VERALTO CORP	2025-12-31	872	x1	EUR	https://www.pfvervoer.nl/over-ons/beleggen/spreiden-van-beleggingen
Pensioenfonds Vervoer	VERBUND AG	2025-12-31	618	x1	EUR	https://www.pfvervoer.nl/over-ons/beleggen/spreiden-van-beleggingen
Pensioenfonds Vervoer	Verisk Analytics Inc	2025-12-31	704	x1	EUR	https://www.pfvervoer.nl/over-ons/beleggen/spreiden-van-beleggingen
Pensioenfonds Vervoer	VERISURE HOLDING AB	2025-12-31	2.551	x1	EUR	https://www.pfvervoer.nl/over-ons/beleggen/spreiden-van-beleggingen
Pensioenfonds Vervoer	Verizon Communications	2025-12-31	21.631	x1	EUR	https://www.pfvervoer.nl/over-ons/beleggen/spreiden-van-beleggingen
Pensioenfonds Vervoer	VERTICAL HOLDCO GMBH	2025-12-31	589	x1	EUR	https://www.pfvervoer.nl/over-ons/beleggen/spreiden-van-beleggingen
Pensioenfonds Vervoer	VERTIV GROUP CORP	2025-12-31	4.918	x1	EUR	https://www.pfvervoer.nl/over-ons/beleggen/spreiden-van-beleggingen
Pensioenfonds Vervoer	VESTEDA FINANCE BV	2025-12-31	518	x1	EUR	https://www.pfvervoer.nl/over-ons/beleggen/spreiden-van-beleggingen
Pensioenfonds Vervoer	VF CORP	2025-12-31	2.917	x1	EUR	https://www.pfvervoer.nl/over-ons/beleggen/spreiden-van-beleggingen
Pensioenfonds Vervoer	VIA OUTLETS BV	2025-12-31	536	x1	EUR	https://www.pfvervoer.nl/over-ons/beleggen/spreiden-van-beleggingen
Pensioenfonds Vervoer	VICI PROP	2025-12-31	1	x1	EUR	https://www.pfvervoer.nl/over-ons/beleggen/spreiden-van-beleggingen
Pensioenfonds Vervoer	VILMORIE ET COMP	2025-12-31	2.490	x1	EUR	https://www.pfvervoer.nl/over-ons/beleggen/spreiden-van-beleggingen
Pensioenfonds Vervoer	Virgin Media Finance PLC	2025-12-31	29.510	x1	EUR	https://www.pfvervoer.nl/over-ons/beleggen/spreiden-van-beleggingen
Pensioenfonds Vervoer	VISANT CORP	2025-12-31	3.471	x1	EUR	https://www.pfvervoer.nl/over-ons/beleggen/spreiden-van-beleggingen
Pensioenfonds Vervoer	VISTAJET MALTA FIN / VIS	2025-12-31	5.435	x1	EUR	https://www.pfvervoer.nl/over-ons/beleggen/spreiden-van-beleggingen
Pensioenfonds Vervoer	VM CONSOLIDATED INC	2025-12-31	3.446	x1	EUR	https://www.pfvervoer.nl/over-ons/beleggen/spreiden-van-beleggingen
Pensioenfonds Vervoer	Vodafone Group PLC	2025-12-31	4.208	x1	EUR	https://www.pfvervoer.nl/over-ons/beleggen/spreiden-van-beleggingen
Pensioenfonds Vervoer	Volcan Cia Minera Saa-Cm	2025-12-31	972	x1	EUR	https://www.pfvervoer.nl/over-ons/beleggen/spreiden-van-beleggingen
Pensioenfonds Vervoer	VOLTAGRID LLC	2025-12-31	5.357	x1	EUR	https://www.pfvervoer.nl/over-ons/beleggen/spreiden-van-beleggingen
Pensioenfonds Vervoer	VT TOPCO INC	2025-12-31	4.169	x1	EUR	https://www.pfvervoer.nl/over-ons/beleggen/spreiden-van-beleggingen
Pensioenfonds Vervoer	Vw credit inc	2025-12-31	67.020	x1	EUR	https://www.pfvervoer.nl/over-ons/beleggen/spreiden-van-beleggingen
Pensioenfonds Vervoer	Wabtec Corp/DE	2025-12-31	879	x1	EUR	https://www.pfvervoer.nl/over-ons/beleggen/spreiden-van-beleggingen
Pensioenfonds Vervoer	WAGA BONDCO LTD	2025-12-31	2.199	x1	EUR	https://www.pfvervoer.nl/over-ons/beleggen/spreiden-van-beleggingen
Pensioenfonds Vervoer	WALKER & DUNLOP INC	2025-12-31	3.111	x1	EUR	https://www.pfvervoer.nl/over-ons/beleggen/spreiden-van-beleggingen
Pensioenfonds Vervoer	WAND NEWCO	2025-12-31	3	x1	EUR	https://www.pfvervoer.nl/over-ons/beleggen/spreiden-van-beleggingen
Pensioenfonds Vervoer	WAREHOUSES DE PAUW SCA	2025-12-31	3.771	x1	EUR	https://www.pfvervoer.nl/over-ons/beleggen/spreiden-van-beleggingen
Pensioenfonds Vervoer	Warner Bros Discovery Inc	2025-12-31	9.418	x1	EUR	https://www.pfvervoer.nl/over-ons/beleggen/spreiden-van-beleggingen
Pensioenfonds Vervoer	WASHINGTON UNIVERSITY	2025-12-31	387	x1	EUR	https://www.pfvervoer.nl/over-ons/beleggen/spreiden-van-beleggingen
Pensioenfonds Vervoer	WATCO COS LLC/FINANCE CO	2025-12-31	4.631	x1	EUR	https://www.pfvervoer.nl/over-ons/beleggen/spreiden-van-beleggingen
Pensioenfonds Vervoer	WAYFAIR INC	2025-12-31	2.534	x1	EUR	https://www.pfvervoer.nl/over-ons/beleggen/spreiden-van-beleggingen
Pensioenfonds Vervoer	WAYNE MERGER SUB LLC	2025-12-31	10.583	x1	EUR	https://www.pfvervoer.nl/over-ons/beleggen/spreiden-van-beleggingen
Pensioenfonds Vervoer	WBI OPERATING LLC	2025-12-31	5.970	x1	EUR	https://www.pfvervoer.nl/over-ons/beleggen/spreiden-van-beleggingen
Pensioenfonds Vervoer	WEEKLEY HOMES LLC/ FINAN	2025-12-31	4.572	x1	EUR	https://www.pfvervoer.nl/over-ons/beleggen/spreiden-van-beleggingen
Pensioenfonds Vervoer	Wellington Management International Ltd	2025-12-31	6.561	x1	EUR	https://www.pfvervoer.nl/over-ons/beleggen/spreiden-van-beleggingen
Pensioenfonds Vervoer	Wells Fargo & Co	2025-12-31	20.392	x1	EUR	https://www.pfvervoer.nl/over-ons/beleggen/spreiden-van-beleggingen
Pensioenfonds Vervoer	WEPA HYGIENEPRODUKTE GMB	2025-12-31	4.467	x1	EUR	https://www.pfvervoer.nl/over-ons/beleggen/spreiden-van-beleggingen
Pensioenfonds Vervoer	WERFENLIFE SA	2025-12-31	1.382	x1	EUR	https://www.pfvervoer.nl/over-ons/beleggen/spreiden-van-beleggingen
Pensioenfonds Vervoer	WESCO DISTRIBUTION INC	2025-12-31	19.720	x1	EUR	https://www.pfvervoer.nl/over-ons/beleggen/spreiden-van-beleggingen
Pensioenfonds Vervoer	Wesfarmers Ltd	2025-12-31	1.076	x1	EUR	https://www.pfvervoer.nl/over-ons/beleggen/spreiden-van-beleggingen
Pensioenfonds Vervoer	WESSEX WATER SERVS FIN	2025-12-31	10.012	x1	EUR	https://www.pfvervoer.nl/over-ons/beleggen/spreiden-van-beleggingen
Pensioenfonds Vervoer	Western Gas Partners	2025-12-31	6.911	x1	EUR	https://www.pfvervoer.nl/over-ons/beleggen/spreiden-van-beleggingen
Pensioenfonds Vervoer	WEYERHAEUSER CO	2025-12-31	4.068	x1	EUR	https://www.pfvervoer.nl/over-ons/beleggen/spreiden-van-beleggingen
Pensioenfonds Vervoer	Whitbread PLC	2025-12-31	7.173	x1	EUR	https://www.pfvervoer.nl/over-ons/beleggen/spreiden-van-beleggingen
Pensioenfonds Vervoer	WILLIAMS COS INC	2025-12-31	13.561	x1	EUR	https://www.pfvervoer.nl/over-ons/beleggen/spreiden-van-beleggingen
Pensioenfonds Vervoer	WILLIAMS SCOTSMAN INTL	2025-12-31	5.133	x1	EUR	https://www.pfvervoer.nl/over-ons/beleggen/spreiden-van-beleggingen
Pensioenfonds Vervoer	WIPRO IT SERVICE	2025-12-31	4.182	x1	EUR	https://www.pfvervoer.nl/over-ons/beleggen/spreiden-van-beleggingen
Pensioenfonds Vervoer	Wolseley Group Finco PLC	2025-12-31	1.965	x1	EUR	https://www.pfvervoer.nl/over-ons/beleggen/spreiden-van-beleggingen
Pensioenfonds Vervoer	WORKSPACE GROUP PLC	2025-12-31	2.958	x1	EUR	https://www.pfvervoer.nl/over-ons/beleggen/spreiden-van-beleggingen
Pensioenfonds Vervoer	WORLDLINE SA/FRANCE	2025-12-31	621	x1	EUR	https://www.pfvervoer.nl/over-ons/beleggen/spreiden-van-beleggingen
Pensioenfonds Vervoer	WorleyParsons Ltd	2025-12-31	641	x1	EUR	https://www.pfvervoer.nl/over-ons/beleggen/spreiden-van-beleggingen
Pensioenfonds Vervoer	WP Carey Inc	2025-12-31	9.013	x1	EUR	https://www.pfvervoer.nl/over-ons/beleggen/spreiden-van-beleggingen
Pensioenfonds Vervoer	WR Berkley Corp	2025-12-31	1.756	x1	EUR	https://www.pfvervoer.nl/over-ons/beleggen/spreiden-van-beleggingen
Pensioenfonds Vervoer	WR GRACE & CO-CONN	2025-12-31	7.650	x1	EUR	https://www.pfvervoer.nl/over-ons/beleggen/spreiden-van-beleggingen
Pensioenfonds Vervoer	Wynn macau ltd	2025-12-31	1.310	x1	EUR	https://www.pfvervoer.nl/over-ons/beleggen/spreiden-van-beleggingen
Pensioenfonds Vervoer	WYNN RESORTS FINANCE LLC	2025-12-31	7.273	x1	EUR	https://www.pfvervoer.nl/over-ons/beleggen/spreiden-van-beleggingen
Pensioenfonds Vervoer	Xcel Energy Inc	2025-12-31	870	x1	EUR	https://www.pfvervoer.nl/over-ons/beleggen/spreiden-van-beleggingen
Pensioenfonds Vervoer	Xerox Corp	2025-12-31	1.075	x1	EUR	https://www.pfvervoer.nl/over-ons/beleggen/spreiden-van-beleggingen
Pensioenfonds Vervoer	XPLR INFRAST OPERATING	2025-12-31	13.828	x1	EUR	https://www.pfvervoer.nl/over-ons/beleggen/spreiden-van-beleggingen
Pensioenfonds Vervoer	XPO ESCROW SUB LLC	2025-12-31	461	x1	EUR	https://www.pfvervoer.nl/over-ons/beleggen/spreiden-van-beleggingen
Pensioenfonds Vervoer	XPO Logistics Inc	2025-12-31	1.708	x1	EUR	https://www.pfvervoer.nl/over-ons/beleggen/spreiden-van-beleggingen
Pensioenfonds Vervoer	Xylem Inc	2025-12-31	938	x1	EUR	https://www.pfvervoer.nl/over-ons/beleggen/spreiden-van-beleggingen
Pensioenfonds Vervoer	YALE UNIVERSITY	2025-12-31	841	x1	EUR	https://www.pfvervoer.nl/over-ons/beleggen/spreiden-van-beleggingen
Pensioenfonds Vervoer	Yamana Gold Inc	2025-12-31	5.874	x1	EUR	https://www.pfvervoer.nl/over-ons/beleggen/spreiden-van-beleggingen
Pensioenfonds Vervoer	YAPI VE KREDI BANKASI AS	2025-12-31	1.502	x1	EUR	https://www.pfvervoer.nl/over-ons/beleggen/spreiden-van-beleggingen
Pensioenfonds Vervoer	YARA INTERNATIONAL ASA	2025-12-31	6.289	x1	EUR	https://www.pfvervoer.nl/over-ons/beleggen/spreiden-van-beleggingen
Pensioenfonds Vervoer	ZEGONA FINANCE PLC	2025-12-31	5.410	x1	EUR	https://www.pfvervoer.nl/over-ons/beleggen/spreiden-van-beleggingen
Pensioenfonds Vervoer	ZF NA CAPITAL	2025-12-31	7.141	x1	EUR	https://www.pfvervoer.nl/over-ons/beleggen/spreiden-van-beleggingen
Pensioenfonds Vervoer	ZIGGO BOND CO	2025-12-31	8.160	x1	EUR	https://www.pfvervoer.nl/over-ons/beleggen/spreiden-van-beleggingen
Pensioenfonds Vervoer	ZipRecruiter Inc	2025-12-31	2.247	x1	EUR	https://www.pfvervoer.nl/over-ons/beleggen/spreiden-van-beleggingen
Pensioenfonds Vervoer	Zuercher kantonalbank	2025-12-31	7.498	x1	EUR	https://www.pfvervoer.nl/over-ons/beleggen/spreiden-van-beleggingen
Pensioenfonds Vervoer	ADIF ALTA VELOCIDAD	2025-12-31	4.623	x1	EUR	https://www.pfvervoer.nl/over-ons/beleggen/spreiden-van-beleggingen
Pensioenfonds Vervoer	Agence Francaise de Developement	2025-12-31	2.330	x1	EUR	https://www.pfvervoer.nl/over-ons/beleggen/spreiden-van-beleggingen
Pensioenfonds Vervoer	Australia Government Bond	2025-12-31	31.808	x1	EUR	https://www.pfvervoer.nl/over-ons/beleggen/spreiden-van-beleggingen
Pensioenfonds Vervoer	Baden-Wuerttemberg	2025-12-31	5.013	x1	EUR	https://www.pfvervoer.nl/over-ons/beleggen/spreiden-van-beleggingen
Pensioenfonds Vervoer	BANK GOSPODARSTWA KRAJOW	2025-12-31	13.506	x1	EUR	https://www.pfvervoer.nl/over-ons/beleggen/spreiden-van-beleggingen
Pensioenfonds Vervoer	BONOS TESORERIA PESOS	2025-12-31	67.233	x1	EUR	https://www.pfvervoer.nl/over-ons/beleggen/spreiden-van-beleggingen
Pensioenfonds Vervoer	British Columbia Province oF	2025-12-31	1.860	x1	EUR	https://www.pfvervoer.nl/over-ons/beleggen/spreiden-van-beleggingen
Pensioenfonds Vervoer	Bulgaria Government International Bond	2025-12-31	4.559	x1	EUR	https://www.pfvervoer.nl/over-ons/beleggen/spreiden-van-beleggingen
Pensioenfonds Vervoer	Bundesobligation	2025-12-31	106.276	x1	EUR	https://www.pfvervoer.nl/over-ons/beleggen/spreiden-van-beleggingen
Pensioenfonds Vervoer	Bundesschatzanweisungen	2025-12-31	20.786	x1	EUR	https://www.pfvervoer.nl/over-ons/beleggen/spreiden-van-beleggingen
Pensioenfonds Vervoer	Caisse d'Amortissement de la Dette Sociale	2025-12-31	3.066	x1	EUR	https://www.pfvervoer.nl/over-ons/beleggen/spreiden-van-beleggingen
Pensioenfonds Vervoer	CALIFORNIA ST	2025-12-31	3.538	x1	EUR	https://www.pfvervoer.nl/over-ons/beleggen/spreiden-van-beleggingen
Pensioenfonds Vervoer	GEWOBAG WOHNUNGSBAU-AG B	2025-12-31	576	x1	EUR	https://www.pfvervoer.nl/over-ons/beleggen/spreiden-van-beleggingen
Pensioenfonds Vervoer	Gov of Quebec	2025-12-31	1.222	x1	EUR	https://www.pfvervoer.nl/over-ons/beleggen/spreiden-van-beleggingen
Pensioenfonds Vervoer	Government Of Bermuda	2025-12-31	1.646	x1	EUR	https://www.pfvervoer.nl/over-ons/beleggen/spreiden-van-beleggingen
Pensioenfonds Vervoer	Guatamela	2025-12-31	16.491	x1	EUR	https://www.pfvervoer.nl/over-ons/beleggen/spreiden-van-beleggingen
Pensioenfonds Vervoer	HAZINE MUSTESARLIGI VARL	2025-12-31	5.941	x1	EUR	https://www.pfvervoer.nl/over-ons/beleggen/spreiden-van-beleggingen
Pensioenfonds Vervoer	Her Majesty's Treasury	2025-12-31	11.832	x1	EUR	https://www.pfvervoer.nl/over-ons/beleggen/spreiden-van-beleggingen
Pensioenfonds Vervoer	Hessen	2025-12-31	804	x1	EUR	https://www.pfvervoer.nl/over-ons/beleggen/spreiden-van-beleggingen
Pensioenfonds Vervoer	Honduras	2025-12-31	2.259	x1	EUR	https://www.pfvervoer.nl/over-ons/beleggen/spreiden-van-beleggingen
Pensioenfonds Vervoer	HONG KONG	2025-12-31	2.581	x1	EUR	https://www.pfvervoer.nl/over-ons/beleggen/spreiden-van-beleggingen
Pensioenfonds Vervoer	Hungarian Development Ba	2025-12-31	4.016	x1	EUR	https://www.pfvervoer.nl/over-ons/beleggen/spreiden-van-beleggingen
Pensioenfonds Vervoer	Hungary Government Bond	2025-12-31	15.820	x1	EUR	https://www.pfvervoer.nl/over-ons/beleggen/spreiden-van-beleggingen
Pensioenfonds Vervoer	INDIA GOVERNMENT BOND	2025-12-31	63.179	x1	EUR	https://www.pfvervoer.nl/over-ons/beleggen/spreiden-van-beleggingen
Pensioenfonds Vervoer	INDUSTRIAL BANK OF KOREA	2025-12-31	1.708	x1	EUR	https://www.pfvervoer.nl/over-ons/beleggen/spreiden-van-beleggingen
Pensioenfonds Vervoer	Jamaica Government International Bond	2025-12-31	4.365	x1	EUR	https://www.pfvervoer.nl/over-ons/beleggen/spreiden-van-beleggingen
Pensioenfonds Vervoer	Japan Fin Org Municipal	2025-12-31	10.015	x1	EUR	https://www.pfvervoer.nl/over-ons/beleggen/spreiden-van-beleggingen
Pensioenfonds Vervoer	Jordan Government International Bond	2025-12-31	5.839	x1	EUR	https://www.pfvervoer.nl/over-ons/beleggen/spreiden-van-beleggingen
Pensioenfonds Vervoer	JUNTA DE CASTILLA Y LEON	2025-12-31	3.746	x1	EUR	https://www.pfvervoer.nl/over-ons/beleggen/spreiden-van-beleggingen
Pensioenfonds Vervoer	Katokichi Co Ltd	2025-12-31	5.653	x1	EUR	https://www.pfvervoer.nl/over-ons/beleggen/spreiden-van-beleggingen
Pensioenfonds Vervoer	Kingdom of Spain	2025-12-31	1.997	x1	EUR	https://www.pfvervoer.nl/over-ons/beleggen/spreiden-van-beleggingen
Pensioenfonds Vervoer	Kommunalbanken AS	2025-12-31	1.003	x1	EUR	https://www.pfvervoer.nl/over-ons/beleggen/spreiden-van-beleggingen
Pensioenfonds Vervoer	Lebanon Government International Bond	2025-12-31	2.504	x1	EUR	https://www.pfvervoer.nl/over-ons/beleggen/spreiden-van-beleggingen
Pensioenfonds Vervoer	Magyar Export-Import Bank	2025-12-31	249	x1	EUR	https://www.pfvervoer.nl/over-ons/beleggen/spreiden-van-beleggingen
Pensioenfonds Vervoer	Malaysia Government Bond	2025-12-31	85.834	x1	EUR	https://www.pfvervoer.nl/over-ons/beleggen/spreiden-van-beleggingen
Pensioenfonds Vervoer	Mexican Bonos	2025-12-31	97.350	x1	EUR	https://www.pfvervoer.nl/over-ons/beleggen/spreiden-van-beleggingen
Pensioenfonds Vervoer	MICHIGAN ST UNIV REVENUES	2025-12-31	1.226	x1	EUR	https://www.pfvervoer.nl/over-ons/beleggen/spreiden-van-beleggingen
Pensioenfonds Vervoer	MISSOURI ST HLTH & EDUCTNL FAC	2025-12-31	633	x1	EUR	https://www.pfvervoer.nl/over-ons/beleggen/spreiden-van-beleggingen
Pensioenfonds Vervoer	Municipality Finance Plc	2025-12-31	2.047	x1	EUR	https://www.pfvervoer.nl/over-ons/beleggen/spreiden-van-beleggingen
Pensioenfonds Vervoer	Republic of Colombia	2025-12-31	103.171	x1	EUR	https://www.pfvervoer.nl/over-ons/beleggen/spreiden-van-beleggingen
Pensioenfonds Vervoer	Republic of Costa Rica	2025-12-31	6.206	x1	EUR	https://www.pfvervoer.nl/over-ons/beleggen/spreiden-van-beleggingen
Pensioenfonds Vervoer	REPUBLIC OF EL SALVADOR	2025-12-31	5.333	x1	EUR	https://www.pfvervoer.nl/over-ons/beleggen/spreiden-van-beleggingen
Pensioenfonds Vervoer	Republic of Hungary	2025-12-31	36.040	x1	EUR	https://www.pfvervoer.nl/over-ons/beleggen/spreiden-van-beleggingen
Pensioenfonds Vervoer	Republic of Indonesia	2025-12-31	117.285	x1	EUR	https://www.pfvervoer.nl/over-ons/beleggen/spreiden-van-beleggingen
Pensioenfonds Vervoer	REPUBLIC OF ITALY	2025-12-31	7.384	x1	EUR	https://www.pfvervoer.nl/over-ons/beleggen/spreiden-van-beleggingen
Pensioenfonds Vervoer	Republic of Kenya	2025-12-31	907	x1	EUR	https://www.pfvervoer.nl/over-ons/beleggen/spreiden-van-beleggingen
Pensioenfonds Vervoer	Republic of Montenegro	2025-12-31	2.011	x1	EUR	https://www.pfvervoer.nl/over-ons/beleggen/spreiden-van-beleggingen
Pensioenfonds Vervoer	Republic Of Panama	2025-12-31	14.036	x1	EUR	https://www.pfvervoer.nl/over-ons/beleggen/spreiden-van-beleggingen
Pensioenfonds Vervoer	REPUBLIC OF PARAGUAY	2025-12-31	9.488	x1	EUR	https://www.pfvervoer.nl/over-ons/beleggen/spreiden-van-beleggingen
Pensioenfonds Vervoer	Republic Of Philippines	2025-12-31	2.803	x1	EUR	https://www.pfvervoer.nl/over-ons/beleggen/spreiden-van-beleggingen
Pensioenfonds Vervoer	Republic Of Poland	2025-12-31	17.126	x1	EUR	https://www.pfvervoer.nl/over-ons/beleggen/spreiden-van-beleggingen
Pensioenfonds Vervoer	Republic of Serbia	2025-12-31	6.818	x1	EUR	https://www.pfvervoer.nl/over-ons/beleggen/spreiden-van-beleggingen
Pensioenfonds Vervoer	Republic Of South Africa	2025-12-31	29.490	x1	EUR	https://www.pfvervoer.nl/over-ons/beleggen/spreiden-van-beleggingen
Pensioenfonds Vervoer	Republic of Turkey	2025-12-31	28.446	x1	EUR	https://www.pfvervoer.nl/over-ons/beleggen/spreiden-van-beleggingen
Pensioenfonds Vervoer	RESEAU FERRE DE FRANCE	2025-12-31	205	x1	EUR	https://www.pfvervoer.nl/over-ons/beleggen/spreiden-van-beleggingen
Pensioenfonds Vervoer	Romania	2025-12-31	51.376	x1	EUR	https://www.pfvervoer.nl/over-ons/beleggen/spreiden-van-beleggingen
Pensioenfonds Vervoer	Romania Government Bond	2025-12-31	25.867	x1	EUR	https://www.pfvervoer.nl/over-ons/beleggen/spreiden-van-beleggingen
Pensioenfonds Vervoer	Sachsen-Anhalt	2025-12-31	2.016	x1	EUR	https://www.pfvervoer.nl/over-ons/beleggen/spreiden-van-beleggingen
Pensioenfonds Vervoer	Serbia Treasury Bonds	2025-12-31	6.625	x1	EUR	https://www.pfvervoer.nl/over-ons/beleggen/spreiden-van-beleggingen
Pensioenfonds Vervoer	Sri Lanka Government International Bond	2025-12-31	3.267	x1	EUR	https://www.pfvervoer.nl/over-ons/beleggen/spreiden-van-beleggingen
Pensioenfonds Vervoer	Staat der Nederlanden	2025-12-31	4.946.970	x1	EUR	https://www.pfvervoer.nl/over-ons/beleggen/spreiden-van-beleggingen
Pensioenfonds Vervoer	State of Israel	2025-12-31	1.999	x1	EUR	https://www.pfvervoer.nl/over-ons/beleggen/spreiden-van-beleggingen
Pensioenfonds Vervoer	State Of Qatar	2025-12-31	1.303	x1	EUR	https://www.pfvervoer.nl/over-ons/beleggen/spreiden-van-beleggingen
Pensioenfonds Vervoer	SURINAME, REPUBLIC OF	2025-12-31	2.871	x1	EUR	https://www.pfvervoer.nl/over-ons/beleggen/spreiden-van-beleggingen
Pensioenfonds Vervoer	Thailand Government Bond	2025-12-31	56.238	x1	EUR	https://www.pfvervoer.nl/over-ons/beleggen/spreiden-van-beleggingen
Pensioenfonds Vervoer	Tokyo Metropolitan Govt	2025-12-31	2.293	x1	EUR	https://www.pfvervoer.nl/over-ons/beleggen/spreiden-van-beleggingen
Pensioenfonds Vervoer	TREASURY BILL	2025-12-31	28.690	x1	EUR	https://www.pfvervoer.nl/over-ons/beleggen/spreiden-van-beleggingen
Pensioenfonds Vervoer	Turkey Government International Bond	2025-12-31	38.766	x1	EUR	https://www.pfvervoer.nl/over-ons/beleggen/spreiden-van-beleggingen
Pensioenfonds Vervoer	UGANDA GOVERNMENT BOND	2025-12-31	4.076	x1	EUR	https://www.pfvervoer.nl/over-ons/beleggen/spreiden-van-beleggingen
