Shareholder - Name	Issuer - Name	Security - Market Value - Amount	Security - Report Date	Security - Market Value - Currency Code	Data Source URL
Metal and Technology Pension Fund	AAC Technologies Holdings Inc	1.185.349	2026-03-31	EUR	https://www.pmt.nl/over-pmt/zo-beleggen-we/waar-beleggen-we-in/aandelen-en-obligaties/#
Metal and Technology Pension Fund	ABB India Ltd	1.277.194	2026-03-31	EUR	https://www.pmt.nl/over-pmt/zo-beleggen-we/waar-beleggen-we-in/aandelen-en-obligaties/#
Metal and Technology Pension Fund	ABB Ltd	42.733.259	2026-03-31	EUR	https://www.pmt.nl/over-pmt/zo-beleggen-we/waar-beleggen-we-in/aandelen-en-obligaties/#
Metal and Technology Pension Fund	Abbott Laboratories	59.990.753	2026-03-31	EUR	https://www.pmt.nl/over-pmt/zo-beleggen-we/waar-beleggen-we-in/aandelen-en-obligaties/#
Metal and Technology Pension Fund	AbbVie Inc	129.655.903	2026-03-31	EUR	https://www.pmt.nl/over-pmt/zo-beleggen-we/waar-beleggen-we-in/aandelen-en-obligaties/#
Metal and Technology Pension Fund	ABN AMRO Bank NV	4.882.267	2026-03-31	EUR	https://www.pmt.nl/over-pmt/zo-beleggen-we/waar-beleggen-we-in/aandelen-en-obligaties/#
Metal and Technology Pension Fund	Absa Group Ltd	5.001.243	2026-03-31	EUR	https://www.pmt.nl/over-pmt/zo-beleggen-we/waar-beleggen-we-in/aandelen-en-obligaties/#
Metal and Technology Pension Fund	Abu Dhabi Islamic Bank PJSC	3.275.777	2026-03-31	EUR	https://www.pmt.nl/over-pmt/zo-beleggen-we/waar-beleggen-we-in/aandelen-en-obligaties/#
Metal and Technology Pension Fund	Accenture PLC	41.771.349	2026-03-31	EUR	https://www.pmt.nl/over-pmt/zo-beleggen-we/waar-beleggen-we-in/aandelen-en-obligaties/#
Metal and Technology Pension Fund	Acciona SA	2.133.087	2026-03-31	EUR	https://www.pmt.nl/over-pmt/zo-beleggen-we/waar-beleggen-we-in/aandelen-en-obligaties/#
Metal and Technology Pension Fund	Accor SA	3.141.266	2026-03-31	EUR	https://www.pmt.nl/over-pmt/zo-beleggen-we/waar-beleggen-we-in/aandelen-en-obligaties/#
Metal and Technology Pension Fund	Accton Technology Corp	9.182.359	2026-03-31	EUR	https://www.pmt.nl/over-pmt/zo-beleggen-we/waar-beleggen-we-in/aandelen-en-obligaties/#
Metal and Technology Pension Fund	ACM Research Shanghai Inc	273.252	2026-03-31	EUR	https://www.pmt.nl/over-pmt/zo-beleggen-we/waar-beleggen-we-in/aandelen-en-obligaties/#
Metal and Technology Pension Fund	ACS Actividades de Construccion y Servicios SA	7.621.056	2026-03-31	EUR	https://www.pmt.nl/over-pmt/zo-beleggen-we/waar-beleggen-we-in/aandelen-en-obligaties/#
Metal and Technology Pension Fund	AddTech AB	2.966.406	2026-03-31	EUR	https://www.pmt.nl/over-pmt/zo-beleggen-we/waar-beleggen-we-in/aandelen-en-obligaties/#
Metal and Technology Pension Fund	adidas AG	9.172.358	2026-03-31	EUR	https://www.pmt.nl/over-pmt/zo-beleggen-we/waar-beleggen-we-in/aandelen-en-obligaties/#
Metal and Technology Pension Fund	Admiral Group PLC	3.706.343	2026-03-31	EUR	https://www.pmt.nl/over-pmt/zo-beleggen-we/waar-beleggen-we-in/aandelen-en-obligaties/#
Metal and Technology Pension Fund	Adobe Inc	34.743.436	2026-03-31	EUR	https://www.pmt.nl/over-pmt/zo-beleggen-we/waar-beleggen-we-in/aandelen-en-obligaties/#
Metal and Technology Pension Fund	Advanced Info Service PCL	5.066.694	2026-03-31	EUR	https://www.pmt.nl/over-pmt/zo-beleggen-we/waar-beleggen-we-in/aandelen-en-obligaties/#
Metal and Technology Pension Fund	Advanced Micro Devices Inc	111.394.963	2026-03-31	EUR	https://www.pmt.nl/over-pmt/zo-beleggen-we/waar-beleggen-we-in/aandelen-en-obligaties/#
Metal and Technology Pension Fund	Advantest Corp	34.115.595	2026-03-31	EUR	https://www.pmt.nl/over-pmt/zo-beleggen-we/waar-beleggen-we-in/aandelen-en-obligaties/#
Metal and Technology Pension Fund	Adyen NV	8.387.767	2026-03-31	EUR	https://www.pmt.nl/over-pmt/zo-beleggen-we/waar-beleggen-we-in/aandelen-en-obligaties/#
Metal and Technology Pension Fund	AECOM	3.787.822	2026-03-31	EUR	https://www.pmt.nl/over-pmt/zo-beleggen-we/waar-beleggen-we-in/aandelen-en-obligaties/#
Metal and Technology Pension Fund	Aegon Ltd	3.288.390	2026-03-31	EUR	https://www.pmt.nl/over-pmt/zo-beleggen-we/waar-beleggen-we-in/aandelen-en-obligaties/#
Metal and Technology Pension Fund	Aena SME SA	7.513.752	2026-03-31	EUR	https://www.pmt.nl/over-pmt/zo-beleggen-we/waar-beleggen-we-in/aandelen-en-obligaties/#
Metal and Technology Pension Fund	Aeon Co Ltd	8.125.916	2026-03-31	EUR	https://www.pmt.nl/over-pmt/zo-beleggen-we/waar-beleggen-we-in/aandelen-en-obligaties/#
Metal and Technology Pension Fund	AerCap Holdings NV	8.597.740	2026-03-31	EUR	https://www.pmt.nl/over-pmt/zo-beleggen-we/waar-beleggen-we-in/aandelen-en-obligaties/#
Metal and Technology Pension Fund	Aeroports de Paris SA	1.405.196	2026-03-31	EUR	https://www.pmt.nl/over-pmt/zo-beleggen-we/waar-beleggen-we-in/aandelen-en-obligaties/#
Metal and Technology Pension Fund	Aflac Inc	19.078.609	2026-03-31	EUR	https://www.pmt.nl/over-pmt/zo-beleggen-we/waar-beleggen-we-in/aandelen-en-obligaties/#
Metal and Technology Pension Fund	AGC Inc	2.396.518	2026-03-31	EUR	https://www.pmt.nl/over-pmt/zo-beleggen-we/waar-beleggen-we-in/aandelen-en-obligaties/#
Metal and Technology Pension Fund	Ageas SA/NV	3.753.177	2026-03-31	EUR	https://www.pmt.nl/over-pmt/zo-beleggen-we/waar-beleggen-we-in/aandelen-en-obligaties/#
Metal and Technology Pension Fund	Agilent Technologies Inc	10.910.701	2026-03-31	EUR	https://www.pmt.nl/over-pmt/zo-beleggen-we/waar-beleggen-we-in/aandelen-en-obligaties/#
Metal and Technology Pension Fund	Agnico Eagle Mines Ltd	34.136.223	2026-03-31	EUR	https://www.pmt.nl/over-pmt/zo-beleggen-we/waar-beleggen-we-in/aandelen-en-obligaties/#
Metal and Technology Pension Fund	AIA Group Ltd	40.297.058	2026-03-31	EUR	https://www.pmt.nl/over-pmt/zo-beleggen-we/waar-beleggen-we-in/aandelen-en-obligaties/#
Metal and Technology Pension Fund	AIB Group PLC	7.375.694	2026-03-31	EUR	https://www.pmt.nl/over-pmt/zo-beleggen-we/waar-beleggen-we-in/aandelen-en-obligaties/#
Metal and Technology Pension Fund	Aier Eye Hospital Group Co Ltd	283.401	2026-03-31	EUR	https://www.pmt.nl/over-pmt/zo-beleggen-we/waar-beleggen-we-in/aandelen-en-obligaties/#
Metal and Technology Pension Fund	Airbnb Inc	18.590.626	2026-03-31	EUR	https://www.pmt.nl/over-pmt/zo-beleggen-we/waar-beleggen-we-in/aandelen-en-obligaties/#
Metal and Technology Pension Fund	Airports of Thailand PCL	2.739.894	2026-03-31	EUR	https://www.pmt.nl/over-pmt/zo-beleggen-we/waar-beleggen-we-in/aandelen-en-obligaties/#
Metal and Technology Pension Fund	Airtac International Group	1.913.978	2026-03-31	EUR	https://www.pmt.nl/over-pmt/zo-beleggen-we/waar-beleggen-we-in/aandelen-en-obligaties/#
Metal and Technology Pension Fund	Aisin Corp	2.513.318	2026-03-31	EUR	https://www.pmt.nl/over-pmt/zo-beleggen-we/waar-beleggen-we-in/aandelen-en-obligaties/#
Metal and Technology Pension Fund	Ajinomoto Co Inc	8.664.299	2026-03-31	EUR	https://www.pmt.nl/over-pmt/zo-beleggen-we/waar-beleggen-we-in/aandelen-en-obligaties/#
Metal and Technology Pension Fund	Akbank TAS	1.925.104	2026-03-31	EUR	https://www.pmt.nl/over-pmt/zo-beleggen-we/waar-beleggen-we-in/aandelen-en-obligaties/#
Metal and Technology Pension Fund	Aker BP ASA	4.054.495	2026-03-31	EUR	https://www.pmt.nl/over-pmt/zo-beleggen-we/waar-beleggen-we-in/aandelen-en-obligaties/#
Metal and Technology Pension Fund	Akzo Nobel NV	3.352.193	2026-03-31	EUR	https://www.pmt.nl/over-pmt/zo-beleggen-we/waar-beleggen-we-in/aandelen-en-obligaties/#
Metal and Technology Pension Fund	Al Rajhi Bank	21.883.183	2026-03-31	EUR	https://www.pmt.nl/over-pmt/zo-beleggen-we/waar-beleggen-we-in/aandelen-en-obligaties/#
Metal and Technology Pension Fund	Alamos Gold Inc	6.271.830	2026-03-31	EUR	https://www.pmt.nl/over-pmt/zo-beleggen-we/waar-beleggen-we-in/aandelen-en-obligaties/#
Metal and Technology Pension Fund	Alcon AG	12.725.427	2026-03-31	EUR	https://www.pmt.nl/over-pmt/zo-beleggen-we/waar-beleggen-we-in/aandelen-en-obligaties/#
Metal and Technology Pension Fund	Alfa Laval AB	5.289.357	2026-03-31	EUR	https://www.pmt.nl/over-pmt/zo-beleggen-we/waar-beleggen-we-in/aandelen-en-obligaties/#
Metal and Technology Pension Fund	Alibaba Health Information Technology Ltd	1.396.942	2026-03-31	EUR	https://www.pmt.nl/over-pmt/zo-beleggen-we/waar-beleggen-we-in/aandelen-en-obligaties/#
Metal and Technology Pension Fund	Allegion plc	4.206.248	2026-03-31	EUR	https://www.pmt.nl/over-pmt/zo-beleggen-we/waar-beleggen-we-in/aandelen-en-obligaties/#
Metal and Technology Pension Fund	Allegro.eu SA	1.851.932	2026-03-31	EUR	https://www.pmt.nl/over-pmt/zo-beleggen-we/waar-beleggen-we-in/aandelen-en-obligaties/#
Metal and Technology Pension Fund	Alliant Energy Corp	6.198.813	2026-03-31	EUR	https://www.pmt.nl/over-pmt/zo-beleggen-we/waar-beleggen-we-in/aandelen-en-obligaties/#
Metal and Technology Pension Fund	Allianz SE	54.862.236	2026-03-31	EUR	https://www.pmt.nl/over-pmt/zo-beleggen-we/waar-beleggen-we-in/aandelen-en-obligaties/#
Metal and Technology Pension Fund	Allstate Corp/The	18.466.972	2026-03-31	EUR	https://www.pmt.nl/over-pmt/zo-beleggen-we/waar-beleggen-we-in/aandelen-en-obligaties/#
Metal and Technology Pension Fund	Allwyn AG	960.649	2026-03-31	EUR	https://www.pmt.nl/over-pmt/zo-beleggen-we/waar-beleggen-we-in/aandelen-en-obligaties/#
Metal and Technology Pension Fund	Alpha Bank SA	2.998.348	2026-03-31	EUR	https://www.pmt.nl/over-pmt/zo-beleggen-we/waar-beleggen-we-in/aandelen-en-obligaties/#
Metal and Technology Pension Fund	Alphabet Inc	879.503.788	2026-03-31	EUR	https://www.pmt.nl/over-pmt/zo-beleggen-we/waar-beleggen-we-in/aandelen-en-obligaties/#
Metal and Technology Pension Fund	Alstom SA	3.320.078	2026-03-31	EUR	https://www.pmt.nl/over-pmt/zo-beleggen-we/waar-beleggen-we-in/aandelen-en-obligaties/#
Metal and Technology Pension Fund	AltaGas Ltd	3.454.093	2026-03-31	EUR	https://www.pmt.nl/over-pmt/zo-beleggen-we/waar-beleggen-we-in/aandelen-en-obligaties/#
Metal and Technology Pension Fund	Amadeus IT Group SA	8.589.294	2026-03-31	EUR	https://www.pmt.nl/over-pmt/zo-beleggen-we/waar-beleggen-we-in/aandelen-en-obligaties/#
Metal and Technology Pension Fund	Amazon.com Inc	514.331.279	2026-03-31	EUR	https://www.pmt.nl/over-pmt/zo-beleggen-we/waar-beleggen-we-in/aandelen-en-obligaties/#
Metal and Technology Pension Fund	Ambev SA	5.333.260	2026-03-31	EUR	https://www.pmt.nl/over-pmt/zo-beleggen-we/waar-beleggen-we-in/aandelen-en-obligaties/#
Metal and Technology Pension Fund	Amcor PLC	6.130.960	2026-03-31	EUR	https://www.pmt.nl/over-pmt/zo-beleggen-we/waar-beleggen-we-in/aandelen-en-obligaties/#
Metal and Technology Pension Fund	Ameren Corp	9.970.265	2026-03-31	EUR	https://www.pmt.nl/over-pmt/zo-beleggen-we/waar-beleggen-we-in/aandelen-en-obligaties/#
Metal and Technology Pension Fund	America Movil SAB de CV	9.038.950	2026-03-31	EUR	https://www.pmt.nl/over-pmt/zo-beleggen-we/waar-beleggen-we-in/aandelen-en-obligaties/#
Metal and Technology Pension Fund	American Electric Power Co Inc	23.469.145	2026-03-31	EUR	https://www.pmt.nl/over-pmt/zo-beleggen-we/waar-beleggen-we-in/aandelen-en-obligaties/#
Metal and Technology Pension Fund	American Express Co	57.304.235	2026-03-31	EUR	https://www.pmt.nl/over-pmt/zo-beleggen-we/waar-beleggen-we-in/aandelen-en-obligaties/#
Metal and Technology Pension Fund	American Homes 4 Rent	38.560.593	2026-03-31	EUR	https://www.pmt.nl/over-pmt/zo-beleggen-we/waar-beleggen-we-in/aandelen-en-obligaties/#
Metal and Technology Pension Fund	American International Group Inc	14.776.091	2026-03-31	EUR	https://www.pmt.nl/over-pmt/zo-beleggen-we/waar-beleggen-we-in/aandelen-en-obligaties/#
Metal and Technology Pension Fund	Ameriprise Financial Inc	14.334.426	2026-03-31	EUR	https://www.pmt.nl/over-pmt/zo-beleggen-we/waar-beleggen-we-in/aandelen-en-obligaties/#
Metal and Technology Pension Fund	AMETEK Inc	16.619.319	2026-03-31	EUR	https://www.pmt.nl/over-pmt/zo-beleggen-we/waar-beleggen-we-in/aandelen-en-obligaties/#
Metal and Technology Pension Fund	Amgen Inc	63.737.618	2026-03-31	EUR	https://www.pmt.nl/over-pmt/zo-beleggen-we/waar-beleggen-we-in/aandelen-en-obligaties/#
Metal and Technology Pension Fund	Amman Mineral Internasional PT	1.615.321	2026-03-31	EUR	https://www.pmt.nl/over-pmt/zo-beleggen-we/waar-beleggen-we-in/aandelen-en-obligaties/#
Metal and Technology Pension Fund	AMMB Holdings Bhd	1.403.390	2026-03-31	EUR	https://www.pmt.nl/over-pmt/zo-beleggen-we/waar-beleggen-we-in/aandelen-en-obligaties/#
Metal and Technology Pension Fund	Amorepacific Corp	1.027.698	2026-03-31	EUR	https://www.pmt.nl/over-pmt/zo-beleggen-we/waar-beleggen-we-in/aandelen-en-obligaties/#
Metal and Technology Pension Fund	Amphenol Corp	51.483.293	2026-03-31	EUR	https://www.pmt.nl/over-pmt/zo-beleggen-we/waar-beleggen-we-in/aandelen-en-obligaties/#
Metal and Technology Pension Fund	Amundi SA	1.753.138	2026-03-31	EUR	https://www.pmt.nl/over-pmt/zo-beleggen-we/waar-beleggen-we-in/aandelen-en-obligaties/#
Metal and Technology Pension Fund	ANA Holdings Inc	959.124	2026-03-31	EUR	https://www.pmt.nl/over-pmt/zo-beleggen-we/waar-beleggen-we-in/aandelen-en-obligaties/#
Metal and Technology Pension Fund	Analog Devices Inc	53.084.539	2026-03-31	EUR	https://www.pmt.nl/over-pmt/zo-beleggen-we/waar-beleggen-we-in/aandelen-en-obligaties/#
Metal and Technology Pension Fund	Anheuser-Busch InBev SA/NV	23.384.978	2026-03-31	EUR	https://www.pmt.nl/over-pmt/zo-beleggen-we/waar-beleggen-we-in/aandelen-en-obligaties/#
Metal and Technology Pension Fund	ANTA Sports Products Ltd	4.727.950	2026-03-31	EUR	https://www.pmt.nl/over-pmt/zo-beleggen-we/waar-beleggen-we-in/aandelen-en-obligaties/#
Metal and Technology Pension Fund	ANZ Group Holdings Ltd	25.545.649	2026-03-31	EUR	https://www.pmt.nl/over-pmt/zo-beleggen-we/waar-beleggen-we-in/aandelen-en-obligaties/#
Metal and Technology Pension Fund	Aon PLC	21.049.895	2026-03-31	EUR	https://www.pmt.nl/over-pmt/zo-beleggen-we/waar-beleggen-we-in/aandelen-en-obligaties/#
Metal and Technology Pension Fund	AP Moller - Maersk A/S	6.078.648	2026-03-31	EUR	https://www.pmt.nl/over-pmt/zo-beleggen-we/waar-beleggen-we-in/aandelen-en-obligaties/#
Metal and Technology Pension Fund	APA Group	3.131.680	2026-03-31	EUR	https://www.pmt.nl/over-pmt/zo-beleggen-we/waar-beleggen-we-in/aandelen-en-obligaties/#
Metal and Technology Pension Fund	Apollo Global Management Inc	15.070.130	2026-03-31	EUR	https://www.pmt.nl/over-pmt/zo-beleggen-we/waar-beleggen-we-in/aandelen-en-obligaties/#
Metal and Technology Pension Fund	Apollo Hospitals Enterprise Ltd	3.314.782	2026-03-31	EUR	https://www.pmt.nl/over-pmt/zo-beleggen-we/waar-beleggen-we-in/aandelen-en-obligaties/#
Metal and Technology Pension Fund	Apple Inc	618.231.735	2026-03-31	EUR	https://www.pmt.nl/over-pmt/zo-beleggen-we/waar-beleggen-we-in/aandelen-en-obligaties/#
Metal and Technology Pension Fund	Applied Materials Inc	93.461.559	2026-03-31	EUR	https://www.pmt.nl/over-pmt/zo-beleggen-we/waar-beleggen-we-in/aandelen-en-obligaties/#
Metal and Technology Pension Fund	AppLovin Corp	31.105.969	2026-03-31	EUR	https://www.pmt.nl/over-pmt/zo-beleggen-we/waar-beleggen-we-in/aandelen-en-obligaties/#
Metal and Technology Pension Fund	Aptiv PLC	5.362.586	2026-03-31	EUR	https://www.pmt.nl/over-pmt/zo-beleggen-we/waar-beleggen-we-in/aandelen-en-obligaties/#
Metal and Technology Pension Fund	Arab National Bank	1.902.470	2026-03-31	EUR	https://www.pmt.nl/over-pmt/zo-beleggen-we/waar-beleggen-we-in/aandelen-en-obligaties/#
Metal and Technology Pension Fund	Arca Continental SAB de CV	2.381.048	2026-03-31	EUR	https://www.pmt.nl/over-pmt/zo-beleggen-we/waar-beleggen-we-in/aandelen-en-obligaties/#
Metal and Technology Pension Fund	Arch Capital Group Ltd	12.131.213	2026-03-31	EUR	https://www.pmt.nl/over-pmt/zo-beleggen-we/waar-beleggen-we-in/aandelen-en-obligaties/#
Metal and Technology Pension Fund	Archer-Daniels-Midland Co	11.722.824	2026-03-31	EUR	https://www.pmt.nl/over-pmt/zo-beleggen-we/waar-beleggen-we-in/aandelen-en-obligaties/#
Metal and Technology Pension Fund	Ares Management Corp	7.470.348	2026-03-31	EUR	https://www.pmt.nl/over-pmt/zo-beleggen-we/waar-beleggen-we-in/aandelen-en-obligaties/#
Metal and Technology Pension Fund	Arista Networks Inc	44.284.664	2026-03-31	EUR	https://www.pmt.nl/over-pmt/zo-beleggen-we/waar-beleggen-we-in/aandelen-en-obligaties/#
Metal and Technology Pension Fund	Aristocrat Leisure Ltd	6.054.868	2026-03-31	EUR	https://www.pmt.nl/over-pmt/zo-beleggen-we/waar-beleggen-we-in/aandelen-en-obligaties/#
Metal and Technology Pension Fund	Arthur J Gallagher & Co	18.579.038	2026-03-31	EUR	https://www.pmt.nl/over-pmt/zo-beleggen-we/waar-beleggen-we-in/aandelen-en-obligaties/#
Metal and Technology Pension Fund	Asahi Group Holdings Ltd	4.984.051	2026-03-31	EUR	https://www.pmt.nl/over-pmt/zo-beleggen-we/waar-beleggen-we-in/aandelen-en-obligaties/#
Metal and Technology Pension Fund	Asahi Kasei Corp	4.078.256	2026-03-31	EUR	https://www.pmt.nl/over-pmt/zo-beleggen-we/waar-beleggen-we-in/aandelen-en-obligaties/#
Metal and Technology Pension Fund	ASE Technology Holding Co Ltd	13.296.653	2026-03-31	EUR	https://www.pmt.nl/over-pmt/zo-beleggen-we/waar-beleggen-we-in/aandelen-en-obligaties/#
Metal and Technology Pension Fund	Aselsan Elektronik Sanayi Ve Ticaret AS	3.926.314	2026-03-31	EUR	https://www.pmt.nl/over-pmt/zo-beleggen-we/waar-beleggen-we-in/aandelen-en-obligaties/#
Metal and Technology Pension Fund	Ashok Leyland Ltd	1.809.816	2026-03-31	EUR	https://www.pmt.nl/over-pmt/zo-beleggen-we/waar-beleggen-we-in/aandelen-en-obligaties/#
Metal and Technology Pension Fund	Asia Cement Corp	1.050.349	2026-03-31	EUR	https://www.pmt.nl/over-pmt/zo-beleggen-we/waar-beleggen-we-in/aandelen-en-obligaties/#
Metal and Technology Pension Fund	Asia Vital Components Co Ltd	8.049.495	2026-03-31	EUR	https://www.pmt.nl/over-pmt/zo-beleggen-we/waar-beleggen-we-in/aandelen-en-obligaties/#
Metal and Technology Pension Fund	Asian Paints Ltd	3.436.136	2026-03-31	EUR	https://www.pmt.nl/over-pmt/zo-beleggen-we/waar-beleggen-we-in/aandelen-en-obligaties/#
Metal and Technology Pension Fund	Asics Corp	5.974.278	2026-03-31	EUR	https://www.pmt.nl/over-pmt/zo-beleggen-we/waar-beleggen-we-in/aandelen-en-obligaties/#
Metal and Technology Pension Fund	ASM International NV	11.784.500	2026-03-31	EUR	https://www.pmt.nl/over-pmt/zo-beleggen-we/waar-beleggen-we-in/aandelen-en-obligaties/#
Metal and Technology Pension Fund	ASML Holding NV	174.486.638	2026-03-31	EUR	https://www.pmt.nl/over-pmt/zo-beleggen-we/waar-beleggen-we-in/aandelen-en-obligaties/#
Metal and Technology Pension Fund	ASPEED Technology Inc	4.066.690	2026-03-31	EUR	https://www.pmt.nl/over-pmt/zo-beleggen-we/waar-beleggen-we-in/aandelen-en-obligaties/#
Metal and Technology Pension Fund	ASR Nederland NV	3.494.461	2026-03-31	EUR	https://www.pmt.nl/over-pmt/zo-beleggen-we/waar-beleggen-we-in/aandelen-en-obligaties/#
Metal and Technology Pension Fund	Assa Abloy AB	12.235.341	2026-03-31	EUR	https://www.pmt.nl/over-pmt/zo-beleggen-we/waar-beleggen-we-in/aandelen-en-obligaties/#
Metal and Technology Pension Fund	Astellas Pharma Inc	10.013.968	2026-03-31	EUR	https://www.pmt.nl/over-pmt/zo-beleggen-we/waar-beleggen-we-in/aandelen-en-obligaties/#
Metal and Technology Pension Fund	Astra International Tbk PT	3.003.348	2026-03-31	EUR	https://www.pmt.nl/over-pmt/zo-beleggen-we/waar-beleggen-we-in/aandelen-en-obligaties/#
Metal and Technology Pension Fund	Astral Ltd	722.416	2026-03-31	EUR	https://www.pmt.nl/over-pmt/zo-beleggen-we/waar-beleggen-we-in/aandelen-en-obligaties/#
Metal and Technology Pension Fund	AstraZeneca PLC	103.121.715	2026-03-31	EUR	https://www.pmt.nl/over-pmt/zo-beleggen-we/waar-beleggen-we-in/aandelen-en-obligaties/#
Metal and Technology Pension Fund	Asustek Computer Inc	4.873.595	2026-03-31	EUR	https://www.pmt.nl/over-pmt/zo-beleggen-we/waar-beleggen-we-in/aandelen-en-obligaties/#
Metal and Technology Pension Fund	ASX Ltd	2.454.988	2026-03-31	EUR	https://www.pmt.nl/over-pmt/zo-beleggen-we/waar-beleggen-we-in/aandelen-en-obligaties/#
Metal and Technology Pension Fund	AT&T Inc	70.102.636	2026-03-31	EUR	https://www.pmt.nl/over-pmt/zo-beleggen-we/waar-beleggen-we-in/aandelen-en-obligaties/#
Metal and Technology Pension Fund	Atlas Copco AB	23.815.817	2026-03-31	EUR	https://www.pmt.nl/over-pmt/zo-beleggen-we/waar-beleggen-we-in/aandelen-en-obligaties/#
Metal and Technology Pension Fund	Atlassian Corp	3.766.841	2026-03-31	EUR	https://www.pmt.nl/over-pmt/zo-beleggen-we/waar-beleggen-we-in/aandelen-en-obligaties/#
Metal and Technology Pension Fund	Atmos Energy Corp	9.865.414	2026-03-31	EUR	https://www.pmt.nl/over-pmt/zo-beleggen-we/waar-beleggen-we-in/aandelen-en-obligaties/#
Metal and Technology Pension Fund	Atrium Ljungberg AB	2.726.845	2026-03-31	EUR	https://www.pmt.nl/over-pmt/zo-beleggen-we/waar-beleggen-we-in/aandelen-en-obligaties/#
Metal and Technology Pension Fund	AU Small Finance Bank Ltd	1.238.534	2026-03-31	EUR	https://www.pmt.nl/over-pmt/zo-beleggen-we/waar-beleggen-we-in/aandelen-en-obligaties/#
Metal and Technology Pension Fund	Auckland International Airport Ltd	2.679.089	2026-03-31	EUR	https://www.pmt.nl/over-pmt/zo-beleggen-we/waar-beleggen-we-in/aandelen-en-obligaties/#
Metal and Technology Pension Fund	Aurobindo Pharma Ltd	1.460.202	2026-03-31	EUR	https://www.pmt.nl/over-pmt/zo-beleggen-we/waar-beleggen-we-in/aandelen-en-obligaties/#
Metal and Technology Pension Fund	Autodesk Inc	17.094.598	2026-03-31	EUR	https://www.pmt.nl/over-pmt/zo-beleggen-we/waar-beleggen-we-in/aandelen-en-obligaties/#
Metal and Technology Pension Fund	Automatic Data Processing Inc	27.714.972	2026-03-31	EUR	https://www.pmt.nl/over-pmt/zo-beleggen-we/waar-beleggen-we-in/aandelen-en-obligaties/#
Metal and Technology Pension Fund	Autotrader Group PLC	1.865.474	2026-03-31	EUR	https://www.pmt.nl/over-pmt/zo-beleggen-we/waar-beleggen-we-in/aandelen-en-obligaties/#
Metal and Technology Pension Fund	AutoZone Inc	19.102.252	2026-03-31	EUR	https://www.pmt.nl/over-pmt/zo-beleggen-we/waar-beleggen-we-in/aandelen-en-obligaties/#
Metal and Technology Pension Fund	Avenue Supermarts Ltd	2.536.363	2026-03-31	EUR	https://www.pmt.nl/over-pmt/zo-beleggen-we/waar-beleggen-we-in/aandelen-en-obligaties/#
Metal and Technology Pension Fund	Aviva PLC	7.220.269	2026-03-31	EUR	https://www.pmt.nl/over-pmt/zo-beleggen-we/waar-beleggen-we-in/aandelen-en-obligaties/#
Metal and Technology Pension Fund	Avolta AG	1.740.328	2026-03-31	EUR	https://www.pmt.nl/over-pmt/zo-beleggen-we/waar-beleggen-we-in/aandelen-en-obligaties/#
Metal and Technology Pension Fund	AXA SA	27.524.702	2026-03-31	EUR	https://www.pmt.nl/over-pmt/zo-beleggen-we/waar-beleggen-we-in/aandelen-en-obligaties/#
Metal and Technology Pension Fund	Axiata Group Bhd	520.708	2026-03-31	EUR	https://www.pmt.nl/over-pmt/zo-beleggen-we/waar-beleggen-we-in/aandelen-en-obligaties/#
Metal and Technology Pension Fund	Axis Bank Ltd	11.020.282	2026-03-31	EUR	https://www.pmt.nl/over-pmt/zo-beleggen-we/waar-beleggen-we-in/aandelen-en-obligaties/#
Metal and Technology Pension Fund	Axon Enterprise Inc	10.521.416	2026-03-31	EUR	https://www.pmt.nl/over-pmt/zo-beleggen-we/waar-beleggen-we-in/aandelen-en-obligaties/#
Metal and Technology Pension Fund	Ayala Corp	981.088	2026-03-31	EUR	https://www.pmt.nl/over-pmt/zo-beleggen-we/waar-beleggen-we-in/aandelen-en-obligaties/#
Metal and Technology Pension Fund	B3 SA - Brasil Bolsa Balcao	7.410.359	2026-03-31	EUR	https://www.pmt.nl/over-pmt/zo-beleggen-we/waar-beleggen-we-in/aandelen-en-obligaties/#
Metal and Technology Pension Fund	Baidu Inc	11.819.655	2026-03-31	EUR	https://www.pmt.nl/over-pmt/zo-beleggen-we/waar-beleggen-we-in/aandelen-en-obligaties/#
Metal and Technology Pension Fund	Bajaj Auto Ltd	2.353.498	2026-03-31	EUR	https://www.pmt.nl/over-pmt/zo-beleggen-we/waar-beleggen-we-in/aandelen-en-obligaties/#
Metal and Technology Pension Fund	Bajaj Finance Ltd	9.236.887	2026-03-31	EUR	https://www.pmt.nl/over-pmt/zo-beleggen-we/waar-beleggen-we-in/aandelen-en-obligaties/#
Metal and Technology Pension Fund	Balkrishna Industries Ltd	644.200	2026-03-31	EUR	https://www.pmt.nl/over-pmt/zo-beleggen-we/waar-beleggen-we-in/aandelen-en-obligaties/#
Metal and Technology Pension Fund	Ball Corp	5.315.488	2026-03-31	EUR	https://www.pmt.nl/over-pmt/zo-beleggen-we/waar-beleggen-we-in/aandelen-en-obligaties/#
Metal and Technology Pension Fund	Banca Mediolanum SpA	1.498.625	2026-03-31	EUR	https://www.pmt.nl/over-pmt/zo-beleggen-we/waar-beleggen-we-in/aandelen-en-obligaties/#
Metal and Technology Pension Fund	Banco Bilbao Vizcaya Argentaria SA	41.708.824	2026-03-31	EUR	https://www.pmt.nl/over-pmt/zo-beleggen-we/waar-beleggen-we-in/aandelen-en-obligaties/#
Metal and Technology Pension Fund	Banco BPM SpA	5.324.286	2026-03-31	EUR	https://www.pmt.nl/over-pmt/zo-beleggen-we/waar-beleggen-we-in/aandelen-en-obligaties/#
Metal and Technology Pension Fund	Banco Bradesco SA	9.326.828	2026-03-31	EUR	https://www.pmt.nl/over-pmt/zo-beleggen-we/waar-beleggen-we-in/aandelen-en-obligaties/#
Metal and Technology Pension Fund	Banco BTG Pactual SA	4.825.857	2026-03-31	EUR	https://www.pmt.nl/over-pmt/zo-beleggen-we/waar-beleggen-we-in/aandelen-en-obligaties/#
Metal and Technology Pension Fund	Banco de Chile	3.571.997	2026-03-31	EUR	https://www.pmt.nl/over-pmt/zo-beleggen-we/waar-beleggen-we-in/aandelen-en-obligaties/#
Metal and Technology Pension Fund	Banco de Credito e Inversiones	2.172.462	2026-03-31	EUR	https://www.pmt.nl/over-pmt/zo-beleggen-we/waar-beleggen-we-in/aandelen-en-obligaties/#
Metal and Technology Pension Fund	Banco de Sabadell SA	6.436.374	2026-03-31	EUR	https://www.pmt.nl/over-pmt/zo-beleggen-we/waar-beleggen-we-in/aandelen-en-obligaties/#
Metal and Technology Pension Fund	Banco do Brasil SA	3.012.183	2026-03-31	EUR	https://www.pmt.nl/over-pmt/zo-beleggen-we/waar-beleggen-we-in/aandelen-en-obligaties/#
Metal and Technology Pension Fund	Banco Santander Chile	1.916.046	2026-03-31	EUR	https://www.pmt.nl/over-pmt/zo-beleggen-we/waar-beleggen-we-in/aandelen-en-obligaties/#
Metal and Technology Pension Fund	Bandai Namco Holdings Inc	5.006.119	2026-03-31	EUR	https://www.pmt.nl/over-pmt/zo-beleggen-we/waar-beleggen-we-in/aandelen-en-obligaties/#
Metal and Technology Pension Fund	Bangkok Dusit Medical Services PCL	2.404.996	2026-03-31	EUR	https://www.pmt.nl/over-pmt/zo-beleggen-we/waar-beleggen-we-in/aandelen-en-obligaties/#
Metal and Technology Pension Fund	Bank Al-Jazira	802.849	2026-03-31	EUR	https://www.pmt.nl/over-pmt/zo-beleggen-we/waar-beleggen-we-in/aandelen-en-obligaties/#
Metal and Technology Pension Fund	Bank AlBilad	2.266.898	2026-03-31	EUR	https://www.pmt.nl/over-pmt/zo-beleggen-we/waar-beleggen-we-in/aandelen-en-obligaties/#
Metal and Technology Pension Fund	Bank Central Asia Tbk PT	8.282.727	2026-03-31	EUR	https://www.pmt.nl/over-pmt/zo-beleggen-we/waar-beleggen-we-in/aandelen-en-obligaties/#
Metal and Technology Pension Fund	Bank Mandiri Persero Tbk PT	4.267.801	2026-03-31	EUR	https://www.pmt.nl/over-pmt/zo-beleggen-we/waar-beleggen-we-in/aandelen-en-obligaties/#
Metal and Technology Pension Fund	Bank Millennium SA	668.884	2026-03-31	EUR	https://www.pmt.nl/over-pmt/zo-beleggen-we/waar-beleggen-we-in/aandelen-en-obligaties/#
Metal and Technology Pension Fund	Bank Negara Indonesia Persero Tbk PT	1.415.031	2026-03-31	EUR	https://www.pmt.nl/over-pmt/zo-beleggen-we/waar-beleggen-we-in/aandelen-en-obligaties/#
Metal and Technology Pension Fund	Bank of Baroda	1.177.982	2026-03-31	EUR	https://www.pmt.nl/over-pmt/zo-beleggen-we/waar-beleggen-we-in/aandelen-en-obligaties/#
Metal and Technology Pension Fund	Bank of Ireland Group PLC	5.936.409	2026-03-31	EUR	https://www.pmt.nl/over-pmt/zo-beleggen-we/waar-beleggen-we-in/aandelen-en-obligaties/#
Metal and Technology Pension Fund	Bank of New York Mellon Corp/The	28.712.331	2026-03-31	EUR	https://www.pmt.nl/over-pmt/zo-beleggen-we/waar-beleggen-we-in/aandelen-en-obligaties/#
Metal and Technology Pension Fund	Bank of the Philippine Islands	1.280.719	2026-03-31	EUR	https://www.pmt.nl/over-pmt/zo-beleggen-we/waar-beleggen-we-in/aandelen-en-obligaties/#
Metal and Technology Pension Fund	Bank Polska Kasa Opieki SA	4.405.445	2026-03-31	EUR	https://www.pmt.nl/over-pmt/zo-beleggen-we/waar-beleggen-we-in/aandelen-en-obligaties/#
Metal and Technology Pension Fund	Bank Rakyat Indonesia Persero Tbk PT	5.027.872	2026-03-31	EUR	https://www.pmt.nl/over-pmt/zo-beleggen-we/waar-beleggen-we-in/aandelen-en-obligaties/#
Metal and Technology Pension Fund	Bankinter SA	3.560.987	2026-03-31	EUR	https://www.pmt.nl/over-pmt/zo-beleggen-we/waar-beleggen-we-in/aandelen-en-obligaties/#
Metal and Technology Pension Fund	Banque Cantonale Vaudoise	1.627.809	2026-03-31	EUR	https://www.pmt.nl/over-pmt/zo-beleggen-we/waar-beleggen-we-in/aandelen-en-obligaties/#
Metal and Technology Pension Fund	Banque Saudi Fransi	2.695.999	2026-03-31	EUR	https://www.pmt.nl/over-pmt/zo-beleggen-we/waar-beleggen-we-in/aandelen-en-obligaties/#
Metal and Technology Pension Fund	Barito Pacific Tbk PT	771.120	2026-03-31	EUR	https://www.pmt.nl/over-pmt/zo-beleggen-we/waar-beleggen-we-in/aandelen-en-obligaties/#
Metal and Technology Pension Fund	Barratt Redrow PLC	1.615.409	2026-03-31	EUR	https://www.pmt.nl/over-pmt/zo-beleggen-we/waar-beleggen-we-in/aandelen-en-obligaties/#
Metal and Technology Pension Fund	Bayer AG	15.276.339	2026-03-31	EUR	https://www.pmt.nl/over-pmt/zo-beleggen-we/waar-beleggen-we-in/aandelen-en-obligaties/#
Metal and Technology Pension Fund	Bayerische Motoren Werke AG	10.574.480	2026-03-31	EUR	https://www.pmt.nl/over-pmt/zo-beleggen-we/waar-beleggen-we-in/aandelen-en-obligaties/#
Metal and Technology Pension Fund	BB Seguridade Participacoes SA	1.936.341	2026-03-31	EUR	https://www.pmt.nl/over-pmt/zo-beleggen-we/waar-beleggen-we-in/aandelen-en-obligaties/#
Metal and Technology Pension Fund	BCE Inc	674.823	2026-03-31	EUR	https://www.pmt.nl/over-pmt/zo-beleggen-we/waar-beleggen-we-in/aandelen-en-obligaties/#
Metal and Technology Pension Fund	BDO Unibank Inc	1.703.314	2026-03-31	EUR	https://www.pmt.nl/over-pmt/zo-beleggen-we/waar-beleggen-we-in/aandelen-en-obligaties/#
Metal and Technology Pension Fund	BE Semiconductor Industries NV	5.763.085	2026-03-31	EUR	https://www.pmt.nl/over-pmt/zo-beleggen-we/waar-beleggen-we-in/aandelen-en-obligaties/#
Metal and Technology Pension Fund	Becton Dickinson & Co	15.132.944	2026-03-31	EUR	https://www.pmt.nl/over-pmt/zo-beleggen-we/waar-beleggen-we-in/aandelen-en-obligaties/#
Metal and Technology Pension Fund	Beiersdorf AG	3.001.170	2026-03-31	EUR	https://www.pmt.nl/over-pmt/zo-beleggen-we/waar-beleggen-we-in/aandelen-en-obligaties/#
Metal and Technology Pension Fund	Beijer Ref AB	1.783.344	2026-03-31	EUR	https://www.pmt.nl/over-pmt/zo-beleggen-we/waar-beleggen-we-in/aandelen-en-obligaties/#
Metal and Technology Pension Fund	Beijing Kingsoft Office Software Inc	375.180	2026-03-31	EUR	https://www.pmt.nl/over-pmt/zo-beleggen-we/waar-beleggen-we-in/aandelen-en-obligaties/#
Metal and Technology Pension Fund	BeOne Medicines Ltd	7.226.063	2026-03-31	EUR	https://www.pmt.nl/over-pmt/zo-beleggen-we/waar-beleggen-we-in/aandelen-en-obligaties/#
Metal and Technology Pension Fund	Best Buy Co Inc	4.333.082	2026-03-31	EUR	https://www.pmt.nl/over-pmt/zo-beleggen-we/waar-beleggen-we-in/aandelen-en-obligaties/#
Metal and Technology Pension Fund	Bharti Airtel Ltd	18.969.968	2026-03-31	EUR	https://www.pmt.nl/over-pmt/zo-beleggen-we/waar-beleggen-we-in/aandelen-en-obligaties/#
Metal and Technology Pension Fund	Bidvest Group Ltd	1.645.608	2026-03-31	EUR	https://www.pmt.nl/over-pmt/zo-beleggen-we/waar-beleggen-we-in/aandelen-en-obligaties/#
Metal and Technology Pension Fund	Bilibili Inc	2.238.837	2026-03-31	EUR	https://www.pmt.nl/over-pmt/zo-beleggen-we/waar-beleggen-we-in/aandelen-en-obligaties/#
Metal and Technology Pension Fund	Biogen Inc	9.019.480	2026-03-31	EUR	https://www.pmt.nl/over-pmt/zo-beleggen-we/waar-beleggen-we-in/aandelen-en-obligaties/#
Metal and Technology Pension Fund	BioMerieux	1.474.951	2026-03-31	EUR	https://www.pmt.nl/over-pmt/zo-beleggen-we/waar-beleggen-we-in/aandelen-en-obligaties/#
Metal and Technology Pension Fund	BKW AG	1.382.071	2026-03-31	EUR	https://www.pmt.nl/over-pmt/zo-beleggen-we/waar-beleggen-we-in/aandelen-en-obligaties/#
Metal and Technology Pension Fund	Blackrock Inc	47.640.619	2026-03-31	EUR	https://www.pmt.nl/over-pmt/zo-beleggen-we/waar-beleggen-we-in/aandelen-en-obligaties/#
Metal and Technology Pension Fund	Block Inc	11.461.464	2026-03-31	EUR	https://www.pmt.nl/over-pmt/zo-beleggen-we/waar-beleggen-we-in/aandelen-en-obligaties/#
Metal and Technology Pension Fund	BOC Hong Kong Holdings Ltd	7.142.414	2026-03-31	EUR	https://www.pmt.nl/over-pmt/zo-beleggen-we/waar-beleggen-we-in/aandelen-en-obligaties/#
Metal and Technology Pension Fund	Boliden AB	4.939.549	2026-03-31	EUR	https://www.pmt.nl/over-pmt/zo-beleggen-we/waar-beleggen-we-in/aandelen-en-obligaties/#
Metal and Technology Pension Fund	Booking Holdings Inc	46.528.384	2026-03-31	EUR	https://www.pmt.nl/over-pmt/zo-beleggen-we/waar-beleggen-we-in/aandelen-en-obligaties/#
Metal and Technology Pension Fund	Bosch Ltd	870.362	2026-03-31	EUR	https://www.pmt.nl/over-pmt/zo-beleggen-we/waar-beleggen-we-in/aandelen-en-obligaties/#
Metal and Technology Pension Fund	Boston Scientific Corp	31.262.865	2026-03-31	EUR	https://www.pmt.nl/over-pmt/zo-beleggen-we/waar-beleggen-we-in/aandelen-en-obligaties/#
Metal and Technology Pension Fund	Boubyan Bank KSCP	1.162.726	2026-03-31	EUR	https://www.pmt.nl/over-pmt/zo-beleggen-we/waar-beleggen-we-in/aandelen-en-obligaties/#
Metal and Technology Pension Fund	Bouygues SA	3.739.942	2026-03-31	EUR	https://www.pmt.nl/over-pmt/zo-beleggen-we/waar-beleggen-we-in/aandelen-en-obligaties/#
Metal and Technology Pension Fund	BPER Banca SPA	4.414.181	2026-03-31	EUR	https://www.pmt.nl/over-pmt/zo-beleggen-we/waar-beleggen-we-in/aandelen-en-obligaties/#
Metal and Technology Pension Fund	Brambles Ltd	7.363.720	2026-03-31	EUR	https://www.pmt.nl/over-pmt/zo-beleggen-we/waar-beleggen-we-in/aandelen-en-obligaties/#
Metal and Technology Pension Fund	Brenntag SE	2.818.921	2026-03-31	EUR	https://www.pmt.nl/over-pmt/zo-beleggen-we/waar-beleggen-we-in/aandelen-en-obligaties/#
Metal and Technology Pension Fund	Bridgestone Corp	8.121.896	2026-03-31	EUR	https://www.pmt.nl/over-pmt/zo-beleggen-we/waar-beleggen-we-in/aandelen-en-obligaties/#
Metal and Technology Pension Fund	Bristol-Myers Squibb Co	41.543.566	2026-03-31	EUR	https://www.pmt.nl/over-pmt/zo-beleggen-we/waar-beleggen-we-in/aandelen-en-obligaties/#
Metal and Technology Pension Fund	Broadcom Inc	465.677.700	2026-03-31	EUR	https://www.pmt.nl/over-pmt/zo-beleggen-we/waar-beleggen-we-in/aandelen-en-obligaties/#
Metal and Technology Pension Fund	Broadridge Financial Solutions Inc	6.521.058	2026-03-31	EUR	https://www.pmt.nl/over-pmt/zo-beleggen-we/waar-beleggen-we-in/aandelen-en-obligaties/#
Metal and Technology Pension Fund	Brookfield Asset Management Ltd	6.103.031	2026-03-31	EUR	https://www.pmt.nl/over-pmt/zo-beleggen-we/waar-beleggen-we-in/aandelen-en-obligaties/#
Metal and Technology Pension Fund	Brookfield Renewable Corp	1.851.781	2026-03-31	EUR	https://www.pmt.nl/over-pmt/zo-beleggen-we/waar-beleggen-we-in/aandelen-en-obligaties/#
Metal and Technology Pension Fund	Brown & Brown Inc	5.346.348	2026-03-31	EUR	https://www.pmt.nl/over-pmt/zo-beleggen-we/waar-beleggen-we-in/aandelen-en-obligaties/#
Metal and Technology Pension Fund	BT Group PLC	5.711.231	2026-03-31	EUR	https://www.pmt.nl/over-pmt/zo-beleggen-we/waar-beleggen-we-in/aandelen-en-obligaties/#
Metal and Technology Pension Fund	Budimex SA	841.273	2026-03-31	EUR	https://www.pmt.nl/over-pmt/zo-beleggen-we/waar-beleggen-we-in/aandelen-en-obligaties/#
Metal and Technology Pension Fund	Bumrungrad Hospital PCL	1.306.346	2026-03-31	EUR	https://www.pmt.nl/over-pmt/zo-beleggen-we/waar-beleggen-we-in/aandelen-en-obligaties/#
Metal and Technology Pension Fund	Bupa Arabia for Cooperative Insurance Co	1.563.169	2026-03-31	EUR	https://www.pmt.nl/over-pmt/zo-beleggen-we/waar-beleggen-we-in/aandelen-en-obligaties/#
Metal and Technology Pension Fund	Bureau Veritas SA	3.223.834	2026-03-31	EUR	https://www.pmt.nl/over-pmt/zo-beleggen-we/waar-beleggen-we-in/aandelen-en-obligaties/#
Metal and Technology Pension Fund	BYD Co Ltd	21.538.525	2026-03-31	EUR	https://www.pmt.nl/over-pmt/zo-beleggen-we/waar-beleggen-we-in/aandelen-en-obligaties/#
Metal and Technology Pension Fund	Cadence Design Systems Inc	25.564.426	2026-03-31	EUR	https://www.pmt.nl/over-pmt/zo-beleggen-we/waar-beleggen-we-in/aandelen-en-obligaties/#
Metal and Technology Pension Fund	CAE Inc	2.650.877	2026-03-31	EUR	https://www.pmt.nl/over-pmt/zo-beleggen-we/waar-beleggen-we-in/aandelen-en-obligaties/#
Metal and Technology Pension Fund	CaixaBank SA	15.793.462	2026-03-31	EUR	https://www.pmt.nl/over-pmt/zo-beleggen-we/waar-beleggen-we-in/aandelen-en-obligaties/#
Metal and Technology Pension Fund	Canadian National Railway Co	18.499.912	2026-03-31	EUR	https://www.pmt.nl/over-pmt/zo-beleggen-we/waar-beleggen-we-in/aandelen-en-obligaties/#
Metal and Technology Pension Fund	Canadian Pacific Kansas City Ltd	24.466.625	2026-03-31	EUR	https://www.pmt.nl/over-pmt/zo-beleggen-we/waar-beleggen-we-in/aandelen-en-obligaties/#
Metal and Technology Pension Fund	Canadian Utilities Ltd	1.688.913	2026-03-31	EUR	https://www.pmt.nl/over-pmt/zo-beleggen-we/waar-beleggen-we-in/aandelen-en-obligaties/#
Metal and Technology Pension Fund	Canara Bank	948.060	2026-03-31	EUR	https://www.pmt.nl/over-pmt/zo-beleggen-we/waar-beleggen-we-in/aandelen-en-obligaties/#
Metal and Technology Pension Fund	Canon Inc	8.849.319	2026-03-31	EUR	https://www.pmt.nl/over-pmt/zo-beleggen-we/waar-beleggen-we-in/aandelen-en-obligaties/#
Metal and Technology Pension Fund	Capcom Co Ltd	2.560.724	2026-03-31	EUR	https://www.pmt.nl/over-pmt/zo-beleggen-we/waar-beleggen-we-in/aandelen-en-obligaties/#
Metal and Technology Pension Fund	Capgemini SE	6.425.166	2026-03-31	EUR	https://www.pmt.nl/over-pmt/zo-beleggen-we/waar-beleggen-we-in/aandelen-en-obligaties/#
Metal and Technology Pension Fund	Capital One Financial Corp	39.250.000	2026-03-31	EUR	https://www.pmt.nl/over-pmt/zo-beleggen-we/waar-beleggen-we-in/aandelen-en-obligaties/#
Metal and Technology Pension Fund	Capitec Bank Holdings Ltd	8.176.039	2026-03-31	EUR	https://www.pmt.nl/over-pmt/zo-beleggen-we/waar-beleggen-we-in/aandelen-en-obligaties/#
Metal and Technology Pension Fund	CAR Group Ltd	2.001.353	2026-03-31	EUR	https://www.pmt.nl/over-pmt/zo-beleggen-we/waar-beleggen-we-in/aandelen-en-obligaties/#
Metal and Technology Pension Fund	Cardinal Health Inc	17.123.593	2026-03-31	EUR	https://www.pmt.nl/over-pmt/zo-beleggen-we/waar-beleggen-we-in/aandelen-en-obligaties/#
Metal and Technology Pension Fund	Carlisle Cos Inc	4.948.127	2026-03-31	EUR	https://www.pmt.nl/over-pmt/zo-beleggen-we/waar-beleggen-we-in/aandelen-en-obligaties/#
Metal and Technology Pension Fund	Carlsberg AS	4.054.454	2026-03-31	EUR	https://www.pmt.nl/over-pmt/zo-beleggen-we/waar-beleggen-we-in/aandelen-en-obligaties/#
Metal and Technology Pension Fund	Carrefour SA	3.405.992	2026-03-31	EUR	https://www.pmt.nl/over-pmt/zo-beleggen-we/waar-beleggen-we-in/aandelen-en-obligaties/#
Metal and Technology Pension Fund	Carrier Global Corp	14.708.287	2026-03-31	EUR	https://www.pmt.nl/over-pmt/zo-beleggen-we/waar-beleggen-we-in/aandelen-en-obligaties/#
Metal and Technology Pension Fund	Carvana Co	12.736.183	2026-03-31	EUR	https://www.pmt.nl/over-pmt/zo-beleggen-we/waar-beleggen-we-in/aandelen-en-obligaties/#
Metal and Technology Pension Fund	Cathay Financial Holding Co Ltd	8.215.637	2026-03-31	EUR	https://www.pmt.nl/over-pmt/zo-beleggen-we/waar-beleggen-we-in/aandelen-en-obligaties/#
Metal and Technology Pension Fund	Cboe Global Markets Inc	9.896.972	2026-03-31	EUR	https://www.pmt.nl/over-pmt/zo-beleggen-we/waar-beleggen-we-in/aandelen-en-obligaties/#
Metal and Technology Pension Fund	CD Projekt SA	1.824.720	2026-03-31	EUR	https://www.pmt.nl/over-pmt/zo-beleggen-we/waar-beleggen-we-in/aandelen-en-obligaties/#
Metal and Technology Pension Fund	CELCOMDIGI BHD	1.106.974	2026-03-31	EUR	https://www.pmt.nl/over-pmt/zo-beleggen-we/waar-beleggen-we-in/aandelen-en-obligaties/#
Metal and Technology Pension Fund	Celestica Inc	10.945.393	2026-03-31	EUR	https://www.pmt.nl/over-pmt/zo-beleggen-we/waar-beleggen-we-in/aandelen-en-obligaties/#
Metal and Technology Pension Fund	Cellnex Telecom SA	5.354.053	2026-03-31	EUR	https://www.pmt.nl/over-pmt/zo-beleggen-we/waar-beleggen-we-in/aandelen-en-obligaties/#
Metal and Technology Pension Fund	Celltrion Inc	7.630.915	2026-03-31	EUR	https://www.pmt.nl/over-pmt/zo-beleggen-we/waar-beleggen-we-in/aandelen-en-obligaties/#
Metal and Technology Pension Fund	Cemex SAB de CV	6.731.337	2026-03-31	EUR	https://www.pmt.nl/over-pmt/zo-beleggen-we/waar-beleggen-we-in/aandelen-en-obligaties/#
Metal and Technology Pension Fund	Cencora Inc	19.564.090	2026-03-31	EUR	https://www.pmt.nl/over-pmt/zo-beleggen-we/waar-beleggen-we-in/aandelen-en-obligaties/#
Metal and Technology Pension Fund	Cencosud SA	1.422.565	2026-03-31	EUR	https://www.pmt.nl/over-pmt/zo-beleggen-we/waar-beleggen-we-in/aandelen-en-obligaties/#
Metal and Technology Pension Fund	Centene Corp	5.465.125	2026-03-31	EUR	https://www.pmt.nl/over-pmt/zo-beleggen-we/waar-beleggen-we-in/aandelen-en-obligaties/#
Metal and Technology Pension Fund	Central Japan Railway Co	6.873.377	2026-03-31	EUR	https://www.pmt.nl/over-pmt/zo-beleggen-we/waar-beleggen-we-in/aandelen-en-obligaties/#
Metal and Technology Pension Fund	Centrica PLC	4.831.083	2026-03-31	EUR	https://www.pmt.nl/over-pmt/zo-beleggen-we/waar-beleggen-we-in/aandelen-en-obligaties/#
Metal and Technology Pension Fund	CGI Inc	4.912.680	2026-03-31	EUR	https://www.pmt.nl/over-pmt/zo-beleggen-we/waar-beleggen-we-in/aandelen-en-obligaties/#
Metal and Technology Pension Fund	CH Robinson Worldwide Inc	6.595.813	2026-03-31	EUR	https://www.pmt.nl/over-pmt/zo-beleggen-we/waar-beleggen-we-in/aandelen-en-obligaties/#
Metal and Technology Pension Fund	Chailease Holding Co Ltd	1.881.939	2026-03-31	EUR	https://www.pmt.nl/over-pmt/zo-beleggen-we/waar-beleggen-we-in/aandelen-en-obligaties/#
Metal and Technology Pension Fund	Chandra Asri Pacific Tbk PT	846.730	2026-03-31	EUR	https://www.pmt.nl/over-pmt/zo-beleggen-we/waar-beleggen-we-in/aandelen-en-obligaties/#
Metal and Technology Pension Fund	Changzhou Xingyu Automotive Lighting Systems Co Ltd	131.826	2026-03-31	EUR	https://www.pmt.nl/over-pmt/zo-beleggen-we/waar-beleggen-we-in/aandelen-en-obligaties/#
Metal and Technology Pension Fund	Charles Schwab Corp/The	54.791.841	2026-03-31	EUR	https://www.pmt.nl/over-pmt/zo-beleggen-we/waar-beleggen-we-in/aandelen-en-obligaties/#
Metal and Technology Pension Fund	Charter Communications Inc	6.706.670	2026-03-31	EUR	https://www.pmt.nl/over-pmt/zo-beleggen-we/waar-beleggen-we-in/aandelen-en-obligaties/#
Metal and Technology Pension Fund	Chiba Bank Ltd/The	2.438.057	2026-03-31	EUR	https://www.pmt.nl/over-pmt/zo-beleggen-we/waar-beleggen-we-in/aandelen-en-obligaties/#
Metal and Technology Pension Fund	China Literature Ltd	486.817	2026-03-31	EUR	https://www.pmt.nl/over-pmt/zo-beleggen-we/waar-beleggen-we-in/aandelen-en-obligaties/#
Metal and Technology Pension Fund	China Minsheng Banking Corp Ltd	1.645.119	2026-03-31	EUR	https://www.pmt.nl/over-pmt/zo-beleggen-we/waar-beleggen-we-in/aandelen-en-obligaties/#
Metal and Technology Pension Fund	China Ruyi Holdings Ltd	762.163	2026-03-31	EUR	https://www.pmt.nl/over-pmt/zo-beleggen-we/waar-beleggen-we-in/aandelen-en-obligaties/#
Metal and Technology Pension Fund	Chipotle Mexican Grill Inc	14.575.190	2026-03-31	EUR	https://www.pmt.nl/over-pmt/zo-beleggen-we/waar-beleggen-we-in/aandelen-en-obligaties/#
Metal and Technology Pension Fund	Cholamandalam Investment and Finance Co Ltd	2.522.810	2026-03-31	EUR	https://www.pmt.nl/over-pmt/zo-beleggen-we/waar-beleggen-we-in/aandelen-en-obligaties/#
Metal and Technology Pension Fund	Chongqing Zhifei Biological Products Co Ltd	137.390	2026-03-31	EUR	https://www.pmt.nl/over-pmt/zo-beleggen-we/waar-beleggen-we-in/aandelen-en-obligaties/#
Metal and Technology Pension Fund	Chow Tai Fook Jewellery Group Ltd	1.035.548	2026-03-31	EUR	https://www.pmt.nl/over-pmt/zo-beleggen-we/waar-beleggen-we-in/aandelen-en-obligaties/#
Metal and Technology Pension Fund	Chubb Ltd	41.761.585	2026-03-31	EUR	https://www.pmt.nl/over-pmt/zo-beleggen-we/waar-beleggen-we-in/aandelen-en-obligaties/#
Metal and Technology Pension Fund	Chubu Electric Power Co Inc	3.659.524	2026-03-31	EUR	https://www.pmt.nl/over-pmt/zo-beleggen-we/waar-beleggen-we-in/aandelen-en-obligaties/#
Metal and Technology Pension Fund	Chugai Pharmaceutical Co Ltd	12.683.719	2026-03-31	EUR	https://www.pmt.nl/over-pmt/zo-beleggen-we/waar-beleggen-we-in/aandelen-en-obligaties/#
Metal and Technology Pension Fund	Church & Dwight Co Inc	7.722.914	2026-03-31	EUR	https://www.pmt.nl/over-pmt/zo-beleggen-we/waar-beleggen-we-in/aandelen-en-obligaties/#
Metal and Technology Pension Fund	Cia de Saneamento Basico do Estado de Sao Paulo	5.761.017	2026-03-31	EUR	https://www.pmt.nl/over-pmt/zo-beleggen-we/waar-beleggen-we-in/aandelen-en-obligaties/#
Metal and Technology Pension Fund	Cia Energetica de Minas Gerais	1.558.826	2026-03-31	EUR	https://www.pmt.nl/over-pmt/zo-beleggen-we/waar-beleggen-we-in/aandelen-en-obligaties/#
Metal and Technology Pension Fund	Cia Paranaense de Energia - Copel	1.014.784	2026-03-31	EUR	https://www.pmt.nl/over-pmt/zo-beleggen-we/waar-beleggen-we-in/aandelen-en-obligaties/#
Metal and Technology Pension Fund	Cie de Saint-Gobain SA	12.406.645	2026-03-31	EUR	https://www.pmt.nl/over-pmt/zo-beleggen-we/waar-beleggen-we-in/aandelen-en-obligaties/#
Metal and Technology Pension Fund	Cie Generale des Etablissements Michelin	7.648.364	2026-03-31	EUR	https://www.pmt.nl/over-pmt/zo-beleggen-we/waar-beleggen-we-in/aandelen-en-obligaties/#
Metal and Technology Pension Fund	Cigna Group/The	24.247.811	2026-03-31	EUR	https://www.pmt.nl/over-pmt/zo-beleggen-we/waar-beleggen-we-in/aandelen-en-obligaties/#
Metal and Technology Pension Fund	CIMB Group Holdings Bhd	5.851.898	2026-03-31	EUR	https://www.pmt.nl/over-pmt/zo-beleggen-we/waar-beleggen-we-in/aandelen-en-obligaties/#
Metal and Technology Pension Fund	Cincinnati Financial Corp	8.324.173	2026-03-31	EUR	https://www.pmt.nl/over-pmt/zo-beleggen-we/waar-beleggen-we-in/aandelen-en-obligaties/#
Metal and Technology Pension Fund	Cintas Corp	20.608.598	2026-03-31	EUR	https://www.pmt.nl/over-pmt/zo-beleggen-we/waar-beleggen-we-in/aandelen-en-obligaties/#
Metal and Technology Pension Fund	Cipla Ltd/India	2.783.188	2026-03-31	EUR	https://www.pmt.nl/over-pmt/zo-beleggen-we/waar-beleggen-we-in/aandelen-en-obligaties/#
Metal and Technology Pension Fund	Cisco Systems Inc	104.042.722	2026-03-31	EUR	https://www.pmt.nl/over-pmt/zo-beleggen-we/waar-beleggen-we-in/aandelen-en-obligaties/#
Metal and Technology Pension Fund	Citizens Financial Group Inc	8.833.682	2026-03-31	EUR	https://www.pmt.nl/over-pmt/zo-beleggen-we/waar-beleggen-we-in/aandelen-en-obligaties/#
Metal and Technology Pension Fund	CK Hutchison Holdings Ltd	7.158.466	2026-03-31	EUR	https://www.pmt.nl/over-pmt/zo-beleggen-we/waar-beleggen-we-in/aandelen-en-obligaties/#
Metal and Technology Pension Fund	Clicks Group Ltd	1.429.354	2026-03-31	EUR	https://www.pmt.nl/over-pmt/zo-beleggen-we/waar-beleggen-we-in/aandelen-en-obligaties/#
Metal and Technology Pension Fund	Clorox Co/The	4.295.851	2026-03-31	EUR	https://www.pmt.nl/over-pmt/zo-beleggen-we/waar-beleggen-we-in/aandelen-en-obligaties/#
Metal and Technology Pension Fund	Cloud Music Inc	455.538	2026-03-31	EUR	https://www.pmt.nl/over-pmt/zo-beleggen-we/waar-beleggen-we-in/aandelen-en-obligaties/#
Metal and Technology Pension Fund	Cloudflare Inc	21.368.600	2026-03-31	EUR	https://www.pmt.nl/over-pmt/zo-beleggen-we/waar-beleggen-we-in/aandelen-en-obligaties/#
Metal and Technology Pension Fund	CLP Holdings Ltd	5.341.534	2026-03-31	EUR	https://www.pmt.nl/over-pmt/zo-beleggen-we/waar-beleggen-we-in/aandelen-en-obligaties/#
Metal and Technology Pension Fund	CME Group Inc	35.701.668	2026-03-31	EUR	https://www.pmt.nl/over-pmt/zo-beleggen-we/waar-beleggen-we-in/aandelen-en-obligaties/#
Metal and Technology Pension Fund	CMS Energy Corp	7.814.424	2026-03-31	EUR	https://www.pmt.nl/over-pmt/zo-beleggen-we/waar-beleggen-we-in/aandelen-en-obligaties/#
Metal and Technology Pension Fund	CNH Industrial NV	3.228.426	2026-03-31	EUR	https://www.pmt.nl/over-pmt/zo-beleggen-we/waar-beleggen-we-in/aandelen-en-obligaties/#
Metal and Technology Pension Fund	Coca-Cola Co/The	104.809.929	2026-03-31	EUR	https://www.pmt.nl/over-pmt/zo-beleggen-we/waar-beleggen-we-in/aandelen-en-obligaties/#
Metal and Technology Pension Fund	Coca-Cola Europacific Partners PLC	7.119.350	2026-03-31	EUR	https://www.pmt.nl/over-pmt/zo-beleggen-we/waar-beleggen-we-in/aandelen-en-obligaties/#
Metal and Technology Pension Fund	Coca-Cola Femsa SAB de CV	1.865.515	2026-03-31	EUR	https://www.pmt.nl/over-pmt/zo-beleggen-we/waar-beleggen-we-in/aandelen-en-obligaties/#
Metal and Technology Pension Fund	Coca-Cola HBC AG	4.183.017	2026-03-31	EUR	https://www.pmt.nl/over-pmt/zo-beleggen-we/waar-beleggen-we-in/aandelen-en-obligaties/#
Metal and Technology Pension Fund	Cochlear Ltd	2.640.787	2026-03-31	EUR	https://www.pmt.nl/over-pmt/zo-beleggen-we/waar-beleggen-we-in/aandelen-en-obligaties/#
Metal and Technology Pension Fund	Cognizant Technology Solutions Corp	10.200.809	2026-03-31	EUR	https://www.pmt.nl/over-pmt/zo-beleggen-we/waar-beleggen-we-in/aandelen-en-obligaties/#
Metal and Technology Pension Fund	Coinbase Global Inc	11.822.925	2026-03-31	EUR	https://www.pmt.nl/over-pmt/zo-beleggen-we/waar-beleggen-we-in/aandelen-en-obligaties/#
Metal and Technology Pension Fund	Coles Group Ltd	7.081.163	2026-03-31	EUR	https://www.pmt.nl/over-pmt/zo-beleggen-we/waar-beleggen-we-in/aandelen-en-obligaties/#
Metal and Technology Pension Fund	Colgate-Palmolive Co	22.018.810	2026-03-31	EUR	https://www.pmt.nl/over-pmt/zo-beleggen-we/waar-beleggen-we-in/aandelen-en-obligaties/#
Metal and Technology Pension Fund	Colgate-Palmolive India Ltd	976.050	2026-03-31	EUR	https://www.pmt.nl/over-pmt/zo-beleggen-we/waar-beleggen-we-in/aandelen-en-obligaties/#
Metal and Technology Pension Fund	Coloplast A/S	2.940.792	2026-03-31	EUR	https://www.pmt.nl/over-pmt/zo-beleggen-we/waar-beleggen-we-in/aandelen-en-obligaties/#
Metal and Technology Pension Fund	Comcast Corp	36.308.507	2026-03-31	EUR	https://www.pmt.nl/over-pmt/zo-beleggen-we/waar-beleggen-we-in/aandelen-en-obligaties/#
Metal and Technology Pension Fund	Commercial International Bank Egypt SAE	2.479.223	2026-03-31	EUR	https://www.pmt.nl/over-pmt/zo-beleggen-we/waar-beleggen-we-in/aandelen-en-obligaties/#
Metal and Technology Pension Fund	Commerzbank AG	10.864.590	2026-03-31	EUR	https://www.pmt.nl/over-pmt/zo-beleggen-we/waar-beleggen-we-in/aandelen-en-obligaties/#
Metal and Technology Pension Fund	Commonwealth Bank of Australia	66.921.800	2026-03-31	EUR	https://www.pmt.nl/over-pmt/zo-beleggen-we/waar-beleggen-we-in/aandelen-en-obligaties/#
Metal and Technology Pension Fund	Compal Electronics Inc	1.568.602	2026-03-31	EUR	https://www.pmt.nl/over-pmt/zo-beleggen-we/waar-beleggen-we-in/aandelen-en-obligaties/#
Metal and Technology Pension Fund	Computershare Ltd	3.555.559	2026-03-31	EUR	https://www.pmt.nl/over-pmt/zo-beleggen-we/waar-beleggen-we-in/aandelen-en-obligaties/#
Metal and Technology Pension Fund	Consolidated Edison Inc	13.698.788	2026-03-31	EUR	https://www.pmt.nl/over-pmt/zo-beleggen-we/waar-beleggen-we-in/aandelen-en-obligaties/#
Metal and Technology Pension Fund	Constellation Brands Inc	8.212.637	2026-03-31	EUR	https://www.pmt.nl/over-pmt/zo-beleggen-we/waar-beleggen-we-in/aandelen-en-obligaties/#
Metal and Technology Pension Fund	Constellation Software Inc/Canada	11.847.361	2026-03-31	EUR	https://www.pmt.nl/over-pmt/zo-beleggen-we/waar-beleggen-we-in/aandelen-en-obligaties/#
Metal and Technology Pension Fund	Contact Energy Ltd	1.446.120	2026-03-31	EUR	https://www.pmt.nl/over-pmt/zo-beleggen-we/waar-beleggen-we-in/aandelen-en-obligaties/#
Metal and Technology Pension Fund	Contemporary Amperex Technology Co Ltd	8.320.418	2026-03-31	EUR	https://www.pmt.nl/over-pmt/zo-beleggen-we/waar-beleggen-we-in/aandelen-en-obligaties/#
Metal and Technology Pension Fund	Continental AG	2.588.190	2026-03-31	EUR	https://www.pmt.nl/over-pmt/zo-beleggen-we/waar-beleggen-we-in/aandelen-en-obligaties/#
Metal and Technology Pension Fund	Cooper Cos Inc/The	4.808.844	2026-03-31	EUR	https://www.pmt.nl/over-pmt/zo-beleggen-we/waar-beleggen-we-in/aandelen-en-obligaties/#
Metal and Technology Pension Fund	Copart Inc	10.233.564	2026-03-31	EUR	https://www.pmt.nl/over-pmt/zo-beleggen-we/waar-beleggen-we-in/aandelen-en-obligaties/#
Metal and Technology Pension Fund	Corebridge Financial Inc	824.187	2026-03-31	EUR	https://www.pmt.nl/over-pmt/zo-beleggen-we/waar-beleggen-we-in/aandelen-en-obligaties/#
Metal and Technology Pension Fund	Corpay Inc	6.521.388	2026-03-31	EUR	https://www.pmt.nl/over-pmt/zo-beleggen-we/waar-beleggen-we-in/aandelen-en-obligaties/#
Metal and Technology Pension Fund	Costco Wholesale Corp	148.953.399	2026-03-31	EUR	https://www.pmt.nl/over-pmt/zo-beleggen-we/waar-beleggen-we-in/aandelen-en-obligaties/#
Metal and Technology Pension Fund	CP ALL PCL	2.900.226	2026-03-31	EUR	https://www.pmt.nl/over-pmt/zo-beleggen-we/waar-beleggen-we-in/aandelen-en-obligaties/#
Metal and Technology Pension Fund	CPFL Energia SA	843.638	2026-03-31	EUR	https://www.pmt.nl/over-pmt/zo-beleggen-we/waar-beleggen-we-in/aandelen-en-obligaties/#
Metal and Technology Pension Fund	Credicorp Ltd	8.937.255	2026-03-31	EUR	https://www.pmt.nl/over-pmt/zo-beleggen-we/waar-beleggen-we-in/aandelen-en-obligaties/#
Metal and Technology Pension Fund	CRH PLC	23.893.953	2026-03-31	EUR	https://www.pmt.nl/over-pmt/zo-beleggen-we/waar-beleggen-we-in/aandelen-en-obligaties/#
Metal and Technology Pension Fund	Crowdstrike Holdings Inc	32.591.543	2026-03-31	EUR	https://www.pmt.nl/over-pmt/zo-beleggen-we/waar-beleggen-we-in/aandelen-en-obligaties/#
Metal and Technology Pension Fund	CSL Ltd	16.244.973	2026-03-31	EUR	https://www.pmt.nl/over-pmt/zo-beleggen-we/waar-beleggen-we-in/aandelen-en-obligaties/#
Metal and Technology Pension Fund	CSPC Pharmaceutical Group Ltd	3.514.080	2026-03-31	EUR	https://www.pmt.nl/over-pmt/zo-beleggen-we/waar-beleggen-we-in/aandelen-en-obligaties/#
Metal and Technology Pension Fund	CSX Corp	26.077.046	2026-03-31	EUR	https://www.pmt.nl/over-pmt/zo-beleggen-we/waar-beleggen-we-in/aandelen-en-obligaties/#
Metal and Technology Pension Fund	CTBC Financial Holding Co Ltd	10.447.773	2026-03-31	EUR	https://www.pmt.nl/over-pmt/zo-beleggen-we/waar-beleggen-we-in/aandelen-en-obligaties/#
Metal and Technology Pension Fund	CTS Eventim AG & Co KGaA	1.223.473	2026-03-31	EUR	https://www.pmt.nl/over-pmt/zo-beleggen-we/waar-beleggen-we-in/aandelen-en-obligaties/#
Metal and Technology Pension Fund	Cummins Inc	24.851.089	2026-03-31	EUR	https://www.pmt.nl/over-pmt/zo-beleggen-we/waar-beleggen-we-in/aandelen-en-obligaties/#
Metal and Technology Pension Fund	Cummins India Ltd	2.442.542	2026-03-31	EUR	https://www.pmt.nl/over-pmt/zo-beleggen-we/waar-beleggen-we-in/aandelen-en-obligaties/#
Metal and Technology Pension Fund	CVS Health Corp	30.553.420	2026-03-31	EUR	https://www.pmt.nl/over-pmt/zo-beleggen-we/waar-beleggen-we-in/aandelen-en-obligaties/#
Metal and Technology Pension Fund	D'ieteren Group	1.322.077	2026-03-31	EUR	https://www.pmt.nl/over-pmt/zo-beleggen-we/waar-beleggen-we-in/aandelen-en-obligaties/#
Metal and Technology Pension Fund	Dabur India Ltd	652.343	2026-03-31	EUR	https://www.pmt.nl/over-pmt/zo-beleggen-we/waar-beleggen-we-in/aandelen-en-obligaties/#
Metal and Technology Pension Fund	Dai Nippon Printing Co Ltd	2.477.293	2026-03-31	EUR	https://www.pmt.nl/over-pmt/zo-beleggen-we/waar-beleggen-we-in/aandelen-en-obligaties/#
Metal and Technology Pension Fund	Daifuku Co Ltd	3.851.233	2026-03-31	EUR	https://www.pmt.nl/over-pmt/zo-beleggen-we/waar-beleggen-we-in/aandelen-en-obligaties/#
Metal and Technology Pension Fund	Daiichi Life Group Inc	10.968.546	2026-03-31	EUR	https://www.pmt.nl/over-pmt/zo-beleggen-we/waar-beleggen-we-in/aandelen-en-obligaties/#
Metal and Technology Pension Fund	Daiichi Sankyo Co Ltd	10.345.518	2026-03-31	EUR	https://www.pmt.nl/over-pmt/zo-beleggen-we/waar-beleggen-we-in/aandelen-en-obligaties/#
Metal and Technology Pension Fund	Daimler Truck Holding AG	7.736.187	2026-03-31	EUR	https://www.pmt.nl/over-pmt/zo-beleggen-we/waar-beleggen-we-in/aandelen-en-obligaties/#
Metal and Technology Pension Fund	Danaher Corp	41.082.249	2026-03-31	EUR	https://www.pmt.nl/over-pmt/zo-beleggen-we/waar-beleggen-we-in/aandelen-en-obligaties/#
Metal and Technology Pension Fund	Danone SA	17.580.208	2026-03-31	EUR	https://www.pmt.nl/over-pmt/zo-beleggen-we/waar-beleggen-we-in/aandelen-en-obligaties/#
Metal and Technology Pension Fund	Danske Bank A/S	11.416.903	2026-03-31	EUR	https://www.pmt.nl/over-pmt/zo-beleggen-we/waar-beleggen-we-in/aandelen-en-obligaties/#
Metal and Technology Pension Fund	Dassault Systemes SE	4.495.312	2026-03-31	EUR	https://www.pmt.nl/over-pmt/zo-beleggen-we/waar-beleggen-we-in/aandelen-en-obligaties/#
Metal and Technology Pension Fund	Datadog Inc	11.532.774	2026-03-31	EUR	https://www.pmt.nl/over-pmt/zo-beleggen-we/waar-beleggen-we-in/aandelen-en-obligaties/#
Metal and Technology Pension Fund	DB Insurance Co Ltd	1.766.396	2026-03-31	EUR	https://www.pmt.nl/over-pmt/zo-beleggen-we/waar-beleggen-we-in/aandelen-en-obligaties/#
Metal and Technology Pension Fund	DBS Group Holdings Ltd	32.713.768	2026-03-31	EUR	https://www.pmt.nl/over-pmt/zo-beleggen-we/waar-beleggen-we-in/aandelen-en-obligaties/#
Metal and Technology Pension Fund	Deere & Co	49.130.105	2026-03-31	EUR	https://www.pmt.nl/over-pmt/zo-beleggen-we/waar-beleggen-we-in/aandelen-en-obligaties/#
Metal and Technology Pension Fund	Delivery Hero SE	1.144.242	2026-03-31	EUR	https://www.pmt.nl/over-pmt/zo-beleggen-we/waar-beleggen-we-in/aandelen-en-obligaties/#
Metal and Technology Pension Fund	Dell Technologies Inc	17.796.894	2026-03-31	EUR	https://www.pmt.nl/over-pmt/zo-beleggen-we/waar-beleggen-we-in/aandelen-en-obligaties/#
Metal and Technology Pension Fund	Delta Air Lines Inc	3.671.055	2026-03-31	EUR	https://www.pmt.nl/over-pmt/zo-beleggen-we/waar-beleggen-we-in/aandelen-en-obligaties/#
Metal and Technology Pension Fund	Delta Electronics Inc	32.780.566	2026-03-31	EUR	https://www.pmt.nl/over-pmt/zo-beleggen-we/waar-beleggen-we-in/aandelen-en-obligaties/#
Metal and Technology Pension Fund	Delta Electronics Thailand PCL	9.508.374	2026-03-31	EUR	https://www.pmt.nl/over-pmt/zo-beleggen-we/waar-beleggen-we-in/aandelen-en-obligaties/#
Metal and Technology Pension Fund	Demant A/S	860.639	2026-03-31	EUR	https://www.pmt.nl/over-pmt/zo-beleggen-we/waar-beleggen-we-in/aandelen-en-obligaties/#
Metal and Technology Pension Fund	Denso Corp	8.109.647	2026-03-31	EUR	https://www.pmt.nl/over-pmt/zo-beleggen-we/waar-beleggen-we-in/aandelen-en-obligaties/#
Metal and Technology Pension Fund	Descartes Systems Group Inc/The	2.052.164	2026-03-31	EUR	https://www.pmt.nl/over-pmt/zo-beleggen-we/waar-beleggen-we-in/aandelen-en-obligaties/#
Metal and Technology Pension Fund	Deutsche Boerse AG	18.663.510	2026-03-31	EUR	https://www.pmt.nl/over-pmt/zo-beleggen-we/waar-beleggen-we-in/aandelen-en-obligaties/#
Metal and Technology Pension Fund	Deutsche Lufthansa AG	1.672.206	2026-03-31	EUR	https://www.pmt.nl/over-pmt/zo-beleggen-we/waar-beleggen-we-in/aandelen-en-obligaties/#
Metal and Technology Pension Fund	Deutsche Post AG	16.937.249	2026-03-31	EUR	https://www.pmt.nl/over-pmt/zo-beleggen-we/waar-beleggen-we-in/aandelen-en-obligaties/#
Metal and Technology Pension Fund	Deutsche Telekom AG	44.131.289	2026-03-31	EUR	https://www.pmt.nl/over-pmt/zo-beleggen-we/waar-beleggen-we-in/aandelen-en-obligaties/#
Metal and Technology Pension Fund	DexCom Inc	8.270.175	2026-03-31	EUR	https://www.pmt.nl/over-pmt/zo-beleggen-we/waar-beleggen-we-in/aandelen-en-obligaties/#
Metal and Technology Pension Fund	Diageo PLC	14.143.875	2026-03-31	EUR	https://www.pmt.nl/over-pmt/zo-beleggen-we/waar-beleggen-we-in/aandelen-en-obligaties/#
Metal and Technology Pension Fund	Dick's Sporting Goods Inc	3.746.549	2026-03-31	EUR	https://www.pmt.nl/over-pmt/zo-beleggen-we/waar-beleggen-we-in/aandelen-en-obligaties/#
Metal and Technology Pension Fund	Dino Polska SA	1.843.045	2026-03-31	EUR	https://www.pmt.nl/over-pmt/zo-beleggen-we/waar-beleggen-we-in/aandelen-en-obligaties/#
Metal and Technology Pension Fund	Disco Corp	12.394.766	2026-03-31	EUR	https://www.pmt.nl/over-pmt/zo-beleggen-we/waar-beleggen-we-in/aandelen-en-obligaties/#
Metal and Technology Pension Fund	Discovery Ltd	3.187.163	2026-03-31	EUR	https://www.pmt.nl/over-pmt/zo-beleggen-we/waar-beleggen-we-in/aandelen-en-obligaties/#
Metal and Technology Pension Fund	Divi's Laboratories Ltd	3.030.130	2026-03-31	EUR	https://www.pmt.nl/over-pmt/zo-beleggen-we/waar-beleggen-we-in/aandelen-en-obligaties/#
Metal and Technology Pension Fund	Dixon Technologies India Ltd	1.346.886	2026-03-31	EUR	https://www.pmt.nl/over-pmt/zo-beleggen-we/waar-beleggen-we-in/aandelen-en-obligaties/#
Metal and Technology Pension Fund	DNB Bank ASA	9.437.084	2026-03-31	EUR	https://www.pmt.nl/over-pmt/zo-beleggen-we/waar-beleggen-we-in/aandelen-en-obligaties/#
Metal and Technology Pension Fund	Dollar Tree Inc	7.508.782	2026-03-31	EUR	https://www.pmt.nl/over-pmt/zo-beleggen-we/waar-beleggen-we-in/aandelen-en-obligaties/#
Metal and Technology Pension Fund	Dominion Energy Inc	17.699.288	2026-03-31	EUR	https://www.pmt.nl/over-pmt/zo-beleggen-we/waar-beleggen-we-in/aandelen-en-obligaties/#
Metal and Technology Pension Fund	DoorDash Inc	18.177.507	2026-03-31	EUR	https://www.pmt.nl/over-pmt/zo-beleggen-we/waar-beleggen-we-in/aandelen-en-obligaties/#
Metal and Technology Pension Fund	Doosan Co Ltd	1.912.158	2026-03-31	EUR	https://www.pmt.nl/over-pmt/zo-beleggen-we/waar-beleggen-we-in/aandelen-en-obligaties/#
Metal and Technology Pension Fund	Doosan Enerbility Co Ltd	10.540.135	2026-03-31	EUR	https://www.pmt.nl/over-pmt/zo-beleggen-we/waar-beleggen-we-in/aandelen-en-obligaties/#
Metal and Technology Pension Fund	Dover Corp	9.599.700	2026-03-31	EUR	https://www.pmt.nl/over-pmt/zo-beleggen-we/waar-beleggen-we-in/aandelen-en-obligaties/#
Metal and Technology Pension Fund	Dow Inc	9.875.084	2026-03-31	EUR	https://www.pmt.nl/over-pmt/zo-beleggen-we/waar-beleggen-we-in/aandelen-en-obligaties/#
Metal and Technology Pension Fund	DR Horton Inc	13.075.082	2026-03-31	EUR	https://www.pmt.nl/over-pmt/zo-beleggen-we/waar-beleggen-we-in/aandelen-en-obligaties/#
Metal and Technology Pension Fund	Dr Ing hc F Porsche AG	1.741.340	2026-03-31	EUR	https://www.pmt.nl/over-pmt/zo-beleggen-we/waar-beleggen-we-in/aandelen-en-obligaties/#
Metal and Technology Pension Fund	Dr Reddy's Laboratories Ltd	2.856.440	2026-03-31	EUR	https://www.pmt.nl/over-pmt/zo-beleggen-we/waar-beleggen-we-in/aandelen-en-obligaties/#
Metal and Technology Pension Fund	Dr Sulaiman Al Habib Medical Services Group Co	2.562.157	2026-03-31	EUR	https://www.pmt.nl/over-pmt/zo-beleggen-we/waar-beleggen-we-in/aandelen-en-obligaties/#
Metal and Technology Pension Fund	DraftKings Inc	3.273.454	2026-03-31	EUR	https://www.pmt.nl/over-pmt/zo-beleggen-we/waar-beleggen-we-in/aandelen-en-obligaties/#
Metal and Technology Pension Fund	DSV A/S	16.525.896	2026-03-31	EUR	https://www.pmt.nl/over-pmt/zo-beleggen-we/waar-beleggen-we-in/aandelen-en-obligaties/#
Metal and Technology Pension Fund	DTE Energy Co	10.206.085	2026-03-31	EUR	https://www.pmt.nl/over-pmt/zo-beleggen-we/waar-beleggen-we-in/aandelen-en-obligaties/#
Metal and Technology Pension Fund	Duke Energy Corp	34.286.120	2026-03-31	EUR	https://www.pmt.nl/over-pmt/zo-beleggen-we/waar-beleggen-we-in/aandelen-en-obligaties/#
Metal and Technology Pension Fund	E Ink Holdings Inc	1.341.438	2026-03-31	EUR	https://www.pmt.nl/over-pmt/zo-beleggen-we/waar-beleggen-we-in/aandelen-en-obligaties/#
Metal and Technology Pension Fund	E.ON SE	16.790.218	2026-03-31	EUR	https://www.pmt.nl/over-pmt/zo-beleggen-we/waar-beleggen-we-in/aandelen-en-obligaties/#
Metal and Technology Pension Fund	E.Sun Financial Holding Co Ltd	5.738.340	2026-03-31	EUR	https://www.pmt.nl/over-pmt/zo-beleggen-we/waar-beleggen-we-in/aandelen-en-obligaties/#
Metal and Technology Pension Fund	East Japan Railway Co	7.164.825	2026-03-31	EUR	https://www.pmt.nl/over-pmt/zo-beleggen-we/waar-beleggen-we-in/aandelen-en-obligaties/#
Metal and Technology Pension Fund	East Money Information Co Ltd	921.996	2026-03-31	EUR	https://www.pmt.nl/over-pmt/zo-beleggen-we/waar-beleggen-we-in/aandelen-en-obligaties/#
Metal and Technology Pension Fund	Eaton Corp PLC	47.144.333	2026-03-31	EUR	https://www.pmt.nl/over-pmt/zo-beleggen-we/waar-beleggen-we-in/aandelen-en-obligaties/#
Metal and Technology Pension Fund	eBay Inc	14.250.057	2026-03-31	EUR	https://www.pmt.nl/over-pmt/zo-beleggen-we/waar-beleggen-we-in/aandelen-en-obligaties/#
Metal and Technology Pension Fund	Ecolab Inc	22.759.463	2026-03-31	EUR	https://www.pmt.nl/over-pmt/zo-beleggen-we/waar-beleggen-we-in/aandelen-en-obligaties/#
Metal and Technology Pension Fund	Edison International	9.478.404	2026-03-31	EUR	https://www.pmt.nl/over-pmt/zo-beleggen-we/waar-beleggen-we-in/aandelen-en-obligaties/#
Metal and Technology Pension Fund	EDP Renovaveis SA	1.674.752	2026-03-31	EUR	https://www.pmt.nl/over-pmt/zo-beleggen-we/waar-beleggen-we-in/aandelen-en-obligaties/#
Metal and Technology Pension Fund	EDP SA	5.628.489	2026-03-31	EUR	https://www.pmt.nl/over-pmt/zo-beleggen-we/waar-beleggen-we-in/aandelen-en-obligaties/#
Metal and Technology Pension Fund	Edwards Lifesciences Corp	15.755.577	2026-03-31	EUR	https://www.pmt.nl/over-pmt/zo-beleggen-we/waar-beleggen-we-in/aandelen-en-obligaties/#
Metal and Technology Pension Fund	Eicher Motors Ltd	3.846.148	2026-03-31	EUR	https://www.pmt.nl/over-pmt/zo-beleggen-we/waar-beleggen-we-in/aandelen-en-obligaties/#
Metal and Technology Pension Fund	Eiffage SA	3.552.591	2026-03-31	EUR	https://www.pmt.nl/over-pmt/zo-beleggen-we/waar-beleggen-we-in/aandelen-en-obligaties/#
Metal and Technology Pension Fund	Eisai Co Ltd	2.827.411	2026-03-31	EUR	https://www.pmt.nl/over-pmt/zo-beleggen-we/waar-beleggen-we-in/aandelen-en-obligaties/#
Metal and Technology Pension Fund	Electronic Arts Inc	16.963.392	2026-03-31	EUR	https://www.pmt.nl/over-pmt/zo-beleggen-we/waar-beleggen-we-in/aandelen-en-obligaties/#
Metal and Technology Pension Fund	Element Fleet Management Corp	2.921.721	2026-03-31	EUR	https://www.pmt.nl/over-pmt/zo-beleggen-we/waar-beleggen-we-in/aandelen-en-obligaties/#
Metal and Technology Pension Fund	Elevance Health Inc	22.215.665	2026-03-31	EUR	https://www.pmt.nl/over-pmt/zo-beleggen-we/waar-beleggen-we-in/aandelen-en-obligaties/#
Metal and Technology Pension Fund	Eli Lilly & Co	249.609.549	2026-03-31	EUR	https://www.pmt.nl/over-pmt/zo-beleggen-we/waar-beleggen-we-in/aandelen-en-obligaties/#
Metal and Technology Pension Fund	Elia Group SA/NV	2.554.152	2026-03-31	EUR	https://www.pmt.nl/over-pmt/zo-beleggen-we/waar-beleggen-we-in/aandelen-en-obligaties/#
Metal and Technology Pension Fund	Elisa Oyj	2.354.185	2026-03-31	EUR	https://www.pmt.nl/over-pmt/zo-beleggen-we/waar-beleggen-we-in/aandelen-en-obligaties/#
Metal and Technology Pension Fund	Embraer SA	4.090.051	2026-03-31	EUR	https://www.pmt.nl/over-pmt/zo-beleggen-we/waar-beleggen-we-in/aandelen-en-obligaties/#
Metal and Technology Pension Fund	EMCOR Group Inc	11.259.836	2026-03-31	EUR	https://www.pmt.nl/over-pmt/zo-beleggen-we/waar-beleggen-we-in/aandelen-en-obligaties/#
Metal and Technology Pension Fund	eMemory Technology Inc	1.927.742	2026-03-31	EUR	https://www.pmt.nl/over-pmt/zo-beleggen-we/waar-beleggen-we-in/aandelen-en-obligaties/#
Metal and Technology Pension Fund	Emerson Electric Co	24.768.716	2026-03-31	EUR	https://www.pmt.nl/over-pmt/zo-beleggen-we/waar-beleggen-we-in/aandelen-en-obligaties/#
Metal and Technology Pension Fund	Empire Co Ltd	1.542.299	2026-03-31	EUR	https://www.pmt.nl/over-pmt/zo-beleggen-we/waar-beleggen-we-in/aandelen-en-obligaties/#
Metal and Technology Pension Fund	EMS-Chemie Holding AG	1.832.168	2026-03-31	EUR	https://www.pmt.nl/over-pmt/zo-beleggen-we/waar-beleggen-we-in/aandelen-en-obligaties/#
Metal and Technology Pension Fund	Endesa SA	4.569.785	2026-03-31	EUR	https://www.pmt.nl/over-pmt/zo-beleggen-we/waar-beleggen-we-in/aandelen-en-obligaties/#
Metal and Technology Pension Fund	Enel Chile SA	794.062	2026-03-31	EUR	https://www.pmt.nl/over-pmt/zo-beleggen-we/waar-beleggen-we-in/aandelen-en-obligaties/#
Metal and Technology Pension Fund	Enel SpA	30.180.553	2026-03-31	EUR	https://www.pmt.nl/over-pmt/zo-beleggen-we/waar-beleggen-we-in/aandelen-en-obligaties/#
Metal and Technology Pension Fund	Energisa S/A	1.266.008	2026-03-31	EUR	https://www.pmt.nl/over-pmt/zo-beleggen-we/waar-beleggen-we-in/aandelen-en-obligaties/#
Metal and Technology Pension Fund	Eneva SA	1.824.379	2026-03-31	EUR	https://www.pmt.nl/over-pmt/zo-beleggen-we/waar-beleggen-we-in/aandelen-en-obligaties/#
Metal and Technology Pension Fund	Engie Brasil Energia SA	1.015.003	2026-03-31	EUR	https://www.pmt.nl/over-pmt/zo-beleggen-we/waar-beleggen-we-in/aandelen-en-obligaties/#
Metal and Technology Pension Fund	Engie SA	19.969.849	2026-03-31	EUR	https://www.pmt.nl/over-pmt/zo-beleggen-we/waar-beleggen-we-in/aandelen-en-obligaties/#
Metal and Technology Pension Fund	Eni SpA	21.598.949	2026-03-31	EUR	https://www.pmt.nl/over-pmt/zo-beleggen-we/waar-beleggen-we-in/aandelen-en-obligaties/#
Metal and Technology Pension Fund	ENN Energy Holdings Ltd	2.570.186	2026-03-31	EUR	https://www.pmt.nl/over-pmt/zo-beleggen-we/waar-beleggen-we-in/aandelen-en-obligaties/#
Metal and Technology Pension Fund	ENN Natural Gas Co Ltd	303.177	2026-03-31	EUR	https://www.pmt.nl/over-pmt/zo-beleggen-we/waar-beleggen-we-in/aandelen-en-obligaties/#
Metal and Technology Pension Fund	Entain PLC	1.540.333	2026-03-31	EUR	https://www.pmt.nl/over-pmt/zo-beleggen-we/waar-beleggen-we-in/aandelen-en-obligaties/#
Metal and Technology Pension Fund	Entegris Inc	5.975.964	2026-03-31	EUR	https://www.pmt.nl/over-pmt/zo-beleggen-we/waar-beleggen-we-in/aandelen-en-obligaties/#
Metal and Technology Pension Fund	Epiroc AB	8.246.276	2026-03-31	EUR	https://www.pmt.nl/over-pmt/zo-beleggen-we/waar-beleggen-we-in/aandelen-en-obligaties/#
Metal and Technology Pension Fund	Equatorial SA	3.809.471	2026-03-31	EUR	https://www.pmt.nl/over-pmt/zo-beleggen-we/waar-beleggen-we-in/aandelen-en-obligaties/#
Metal and Technology Pension Fund	Equifax Inc	7.543.029	2026-03-31	EUR	https://www.pmt.nl/over-pmt/zo-beleggen-we/waar-beleggen-we-in/aandelen-en-obligaties/#
Metal and Technology Pension Fund	Equinor ASA	12.461.629	2026-03-31	EUR	https://www.pmt.nl/over-pmt/zo-beleggen-we/waar-beleggen-we-in/aandelen-en-obligaties/#
Metal and Technology Pension Fund	Equitable Holdings Inc	3.766.462	2026-03-31	EUR	https://www.pmt.nl/over-pmt/zo-beleggen-we/waar-beleggen-we-in/aandelen-en-obligaties/#
Metal and Technology Pension Fund	Erste Group Bank AG	11.310.623	2026-03-31	EUR	https://www.pmt.nl/over-pmt/zo-beleggen-we/waar-beleggen-we-in/aandelen-en-obligaties/#
Metal and Technology Pension Fund	EssilorLuxottica SA	23.270.534	2026-03-31	EUR	https://www.pmt.nl/over-pmt/zo-beleggen-we/waar-beleggen-we-in/aandelen-en-obligaties/#
Metal and Technology Pension Fund	Essity AB	5.266.782	2026-03-31	EUR	https://www.pmt.nl/over-pmt/zo-beleggen-we/waar-beleggen-we-in/aandelen-en-obligaties/#
Metal and Technology Pension Fund	Estee Lauder Cos Inc/The	5.651.280	2026-03-31	EUR	https://www.pmt.nl/over-pmt/zo-beleggen-we/waar-beleggen-we-in/aandelen-en-obligaties/#
Metal and Technology Pension Fund	Eternal Ltd	2.536.090	2026-03-31	EUR	https://www.pmt.nl/over-pmt/zo-beleggen-we/waar-beleggen-we-in/aandelen-en-obligaties/#
Metal and Technology Pension Fund	Etihad Etisalat Co	2.452.350	2026-03-31	EUR	https://www.pmt.nl/over-pmt/zo-beleggen-we/waar-beleggen-we-in/aandelen-en-obligaties/#
Metal and Technology Pension Fund	Eurobank SA	4.099.112	2026-03-31	EUR	https://www.pmt.nl/over-pmt/zo-beleggen-we/waar-beleggen-we-in/aandelen-en-obligaties/#
Metal and Technology Pension Fund	Eurofins Scientific SE	2.928.478	2026-03-31	EUR	https://www.pmt.nl/over-pmt/zo-beleggen-we/waar-beleggen-we-in/aandelen-en-obligaties/#
Metal and Technology Pension Fund	Euronext NV	4.316.076	2026-03-31	EUR	https://www.pmt.nl/over-pmt/zo-beleggen-we/waar-beleggen-we-in/aandelen-en-obligaties/#
Metal and Technology Pension Fund	Eva Airways Corp	1.024.882	2026-03-31	EUR	https://www.pmt.nl/over-pmt/zo-beleggen-we/waar-beleggen-we-in/aandelen-en-obligaties/#
Metal and Technology Pension Fund	Eve Energy Co Ltd	376.836	2026-03-31	EUR	https://www.pmt.nl/over-pmt/zo-beleggen-we/waar-beleggen-we-in/aandelen-en-obligaties/#
Metal and Technology Pension Fund	Everest Group Ltd	4.725.453	2026-03-31	EUR	https://www.pmt.nl/over-pmt/zo-beleggen-we/waar-beleggen-we-in/aandelen-en-obligaties/#
Metal and Technology Pension Fund	Evergreen Marine Corp Taiwan Ltd	2.615.889	2026-03-31	EUR	https://www.pmt.nl/over-pmt/zo-beleggen-we/waar-beleggen-we-in/aandelen-en-obligaties/#
Metal and Technology Pension Fund	Everpure Inc	6.149.547	2026-03-31	EUR	https://www.pmt.nl/over-pmt/zo-beleggen-we/waar-beleggen-we-in/aandelen-en-obligaties/#
Metal and Technology Pension Fund	Eversource Energy	8.545.155	2026-03-31	EUR	https://www.pmt.nl/over-pmt/zo-beleggen-we/waar-beleggen-we-in/aandelen-en-obligaties/#
Metal and Technology Pension Fund	Evolution AB	3.117.630	2026-03-31	EUR	https://www.pmt.nl/over-pmt/zo-beleggen-we/waar-beleggen-we-in/aandelen-en-obligaties/#
Metal and Technology Pension Fund	Evonik Industries AG	1.657.647	2026-03-31	EUR	https://www.pmt.nl/over-pmt/zo-beleggen-we/waar-beleggen-we-in/aandelen-en-obligaties/#
Metal and Technology Pension Fund	Exelon Corp	16.624.808	2026-03-31	EUR	https://www.pmt.nl/over-pmt/zo-beleggen-we/waar-beleggen-we-in/aandelen-en-obligaties/#
Metal and Technology Pension Fund	Expedia Group Inc	9.564.842	2026-03-31	EUR	https://www.pmt.nl/over-pmt/zo-beleggen-we/waar-beleggen-we-in/aandelen-en-obligaties/#
Metal and Technology Pension Fund	Expeditors International of Washington Inc	6.625.475	2026-03-31	EUR	https://www.pmt.nl/over-pmt/zo-beleggen-we/waar-beleggen-we-in/aandelen-en-obligaties/#
Metal and Technology Pension Fund	Experian PLC	10.837.083	2026-03-31	EUR	https://www.pmt.nl/over-pmt/zo-beleggen-we/waar-beleggen-we-in/aandelen-en-obligaties/#
Metal and Technology Pension Fund	F5 Inc	5.622.373	2026-03-31	EUR	https://www.pmt.nl/over-pmt/zo-beleggen-we/waar-beleggen-we-in/aandelen-en-obligaties/#
Metal and Technology Pension Fund	Fabege AB	4.568.147	2026-03-31	EUR	https://www.pmt.nl/over-pmt/zo-beleggen-we/waar-beleggen-we-in/aandelen-en-obligaties/#
Metal and Technology Pension Fund	Fair Isaac Corp	8.761.203	2026-03-31	EUR	https://www.pmt.nl/over-pmt/zo-beleggen-we/waar-beleggen-we-in/aandelen-en-obligaties/#
Metal and Technology Pension Fund	Fairfax Financial Holdings Ltd	11.361.085	2026-03-31	EUR	https://www.pmt.nl/over-pmt/zo-beleggen-we/waar-beleggen-we-in/aandelen-en-obligaties/#
Metal and Technology Pension Fund	FANUC Corp	10.997.174	2026-03-31	EUR	https://www.pmt.nl/over-pmt/zo-beleggen-we/waar-beleggen-we-in/aandelen-en-obligaties/#
Metal and Technology Pension Fund	Far Eastern New Century Corp	1.154.503	2026-03-31	EUR	https://www.pmt.nl/over-pmt/zo-beleggen-we/waar-beleggen-we-in/aandelen-en-obligaties/#
Metal and Technology Pension Fund	Far EasTone Telecommunications Co Ltd	2.083.202	2026-03-31	EUR	https://www.pmt.nl/over-pmt/zo-beleggen-we/waar-beleggen-we-in/aandelen-en-obligaties/#
Metal and Technology Pension Fund	Fastenal Co	17.876.403	2026-03-31	EUR	https://www.pmt.nl/over-pmt/zo-beleggen-we/waar-beleggen-we-in/aandelen-en-obligaties/#
Metal and Technology Pension Fund	FedEx Corp	27.329.288	2026-03-31	EUR	https://www.pmt.nl/over-pmt/zo-beleggen-we/waar-beleggen-we-in/aandelen-en-obligaties/#
Metal and Technology Pension Fund	Ferguson Enterprises Inc	15.572.464	2026-03-31	EUR	https://www.pmt.nl/over-pmt/zo-beleggen-we/waar-beleggen-we-in/aandelen-en-obligaties/#
Metal and Technology Pension Fund	Ferrari NV	14.377.461	2026-03-31	EUR	https://www.pmt.nl/over-pmt/zo-beleggen-we/waar-beleggen-we-in/aandelen-en-obligaties/#
Metal and Technology Pension Fund	Ferrovial SE	11.238.123	2026-03-31	EUR	https://www.pmt.nl/over-pmt/zo-beleggen-we/waar-beleggen-we-in/aandelen-en-obligaties/#
Metal and Technology Pension Fund	Fidelity National Financial Inc	4.070.910	2026-03-31	EUR	https://www.pmt.nl/over-pmt/zo-beleggen-we/waar-beleggen-we-in/aandelen-en-obligaties/#
Metal and Technology Pension Fund	Fidelity National Information Services Inc	8.471.974	2026-03-31	EUR	https://www.pmt.nl/over-pmt/zo-beleggen-we/waar-beleggen-we-in/aandelen-en-obligaties/#
Metal and Technology Pension Fund	Fifth Third Bancorp	10.467.452	2026-03-31	EUR	https://www.pmt.nl/over-pmt/zo-beleggen-we/waar-beleggen-we-in/aandelen-en-obligaties/#
Metal and Technology Pension Fund	FinecoBank Banca Fineco SpA	4.572.651	2026-03-31	EUR	https://www.pmt.nl/over-pmt/zo-beleggen-we/waar-beleggen-we-in/aandelen-en-obligaties/#
Metal and Technology Pension Fund	First Citizens BancShares Inc/NC	5.985.047	2026-03-31	EUR	https://www.pmt.nl/over-pmt/zo-beleggen-we/waar-beleggen-we-in/aandelen-en-obligaties/#
Metal and Technology Pension Fund	First Solar Inc	6.738.547	2026-03-31	EUR	https://www.pmt.nl/over-pmt/zo-beleggen-we/waar-beleggen-we-in/aandelen-en-obligaties/#
Metal and Technology Pension Fund	FirstEnergy Corp	9.331.386	2026-03-31	EUR	https://www.pmt.nl/over-pmt/zo-beleggen-we/waar-beleggen-we-in/aandelen-en-obligaties/#
Metal and Technology Pension Fund	FirstRand Ltd	9.841.713	2026-03-31	EUR	https://www.pmt.nl/over-pmt/zo-beleggen-we/waar-beleggen-we-in/aandelen-en-obligaties/#
Metal and Technology Pension Fund	Fiserv Inc	10.554.200	2026-03-31	EUR	https://www.pmt.nl/over-pmt/zo-beleggen-we/waar-beleggen-we-in/aandelen-en-obligaties/#
Metal and Technology Pension Fund	Fisher & Paykel Healthcare Corp Ltd	4.343.353	2026-03-31	EUR	https://www.pmt.nl/over-pmt/zo-beleggen-we/waar-beleggen-we-in/aandelen-en-obligaties/#
Metal and Technology Pension Fund	Flutter Entertainment PLC	6.040.285	2026-03-31	EUR	https://www.pmt.nl/over-pmt/zo-beleggen-we/waar-beleggen-we-in/aandelen-en-obligaties/#
Metal and Technology Pension Fund	Focus Media Information Technology Co Ltd	406.019	2026-03-31	EUR	https://www.pmt.nl/over-pmt/zo-beleggen-we/waar-beleggen-we-in/aandelen-en-obligaties/#
Metal and Technology Pension Fund	Fomento Economico Mexicano SAB de CV	7.618.176	2026-03-31	EUR	https://www.pmt.nl/over-pmt/zo-beleggen-we/waar-beleggen-we-in/aandelen-en-obligaties/#
Metal and Technology Pension Fund	Ford Motor Co	15.112.933	2026-03-31	EUR	https://www.pmt.nl/over-pmt/zo-beleggen-we/waar-beleggen-we-in/aandelen-en-obligaties/#
Metal and Technology Pension Fund	Fortinet Inc	17.916.128	2026-03-31	EUR	https://www.pmt.nl/over-pmt/zo-beleggen-we/waar-beleggen-we-in/aandelen-en-obligaties/#
Metal and Technology Pension Fund	Fortis Healthcare Ltd	1.528.629	2026-03-31	EUR	https://www.pmt.nl/over-pmt/zo-beleggen-we/waar-beleggen-we-in/aandelen-en-obligaties/#
Metal and Technology Pension Fund	Fortis Inc/Canada	9.484.498	2026-03-31	EUR	https://www.pmt.nl/over-pmt/zo-beleggen-we/waar-beleggen-we-in/aandelen-en-obligaties/#
Metal and Technology Pension Fund	Fortive Corp	6.315.171	2026-03-31	EUR	https://www.pmt.nl/over-pmt/zo-beleggen-we/waar-beleggen-we-in/aandelen-en-obligaties/#
Metal and Technology Pension Fund	Fortum OYJ	3.875.758	2026-03-31	EUR	https://www.pmt.nl/over-pmt/zo-beleggen-we/waar-beleggen-we-in/aandelen-en-obligaties/#
Metal and Technology Pension Fund	Fortune Electric Co Ltd	1.634.427	2026-03-31	EUR	https://www.pmt.nl/over-pmt/zo-beleggen-we/waar-beleggen-we-in/aandelen-en-obligaties/#
Metal and Technology Pension Fund	Foxconn Industrial Internet Co Ltd	2.223.997	2026-03-31	EUR	https://www.pmt.nl/over-pmt/zo-beleggen-we/waar-beleggen-we-in/aandelen-en-obligaties/#
Metal and Technology Pension Fund	Fresenius Medical Care AG	3.384.595	2026-03-31	EUR	https://www.pmt.nl/over-pmt/zo-beleggen-we/waar-beleggen-we-in/aandelen-en-obligaties/#
Metal and Technology Pension Fund	Fresenius SE & Co KGaA	7.343.159	2026-03-31	EUR	https://www.pmt.nl/over-pmt/zo-beleggen-we/waar-beleggen-we-in/aandelen-en-obligaties/#
Metal and Technology Pension Fund	FSN E-Commerce Ventures Ltd	1.065.729	2026-03-31	EUR	https://www.pmt.nl/over-pmt/zo-beleggen-we/waar-beleggen-we-in/aandelen-en-obligaties/#
Metal and Technology Pension Fund	Fuji Electric Co Ltd	3.139.885	2026-03-31	EUR	https://www.pmt.nl/over-pmt/zo-beleggen-we/waar-beleggen-we-in/aandelen-en-obligaties/#
Metal and Technology Pension Fund	FUJIFILM Holdings Corp	7.234.044	2026-03-31	EUR	https://www.pmt.nl/over-pmt/zo-beleggen-we/waar-beleggen-we-in/aandelen-en-obligaties/#
Metal and Technology Pension Fund	Fujikura Ltd	13.441.184	2026-03-31	EUR	https://www.pmt.nl/over-pmt/zo-beleggen-we/waar-beleggen-we-in/aandelen-en-obligaties/#
Metal and Technology Pension Fund	Fujitsu Ltd	12.223.994	2026-03-31	EUR	https://www.pmt.nl/over-pmt/zo-beleggen-we/waar-beleggen-we-in/aandelen-en-obligaties/#
Metal and Technology Pension Fund	Futu Holdings Ltd	2.945.764	2026-03-31	EUR	https://www.pmt.nl/over-pmt/zo-beleggen-we/waar-beleggen-we-in/aandelen-en-obligaties/#
Metal and Technology Pension Fund	Fuyao Glass Industry Group Co Ltd	2.167.146	2026-03-31	EUR	https://www.pmt.nl/over-pmt/zo-beleggen-we/waar-beleggen-we-in/aandelen-en-obligaties/#
Metal and Technology Pension Fund	Galaxy Entertainment Group Ltd	3.397.908	2026-03-31	EUR	https://www.pmt.nl/over-pmt/zo-beleggen-we/waar-beleggen-we-in/aandelen-en-obligaties/#
Metal and Technology Pension Fund	Gamuda Bhd	1.700.250	2026-03-31	EUR	https://www.pmt.nl/over-pmt/zo-beleggen-we/waar-beleggen-we-in/aandelen-en-obligaties/#
Metal and Technology Pension Fund	Ganfeng Lithium Group Co Ltd	1.943.183	2026-03-31	EUR	https://www.pmt.nl/over-pmt/zo-beleggen-we/waar-beleggen-we-in/aandelen-en-obligaties/#
Metal and Technology Pension Fund	Garmin Ltd	12.002.822	2026-03-31	EUR	https://www.pmt.nl/over-pmt/zo-beleggen-we/waar-beleggen-we-in/aandelen-en-obligaties/#
Metal and Technology Pension Fund	Gartner Inc	4.089.603	2026-03-31	EUR	https://www.pmt.nl/over-pmt/zo-beleggen-we/waar-beleggen-we-in/aandelen-en-obligaties/#
Metal and Technology Pension Fund	GDS Holdings Ltd	2.321.779	2026-03-31	EUR	https://www.pmt.nl/over-pmt/zo-beleggen-we/waar-beleggen-we-in/aandelen-en-obligaties/#
Metal and Technology Pension Fund	GE HealthCare Technologies Inc	10.948.697	2026-03-31	EUR	https://www.pmt.nl/over-pmt/zo-beleggen-we/waar-beleggen-we-in/aandelen-en-obligaties/#
Metal and Technology Pension Fund	GE Vernova Inc	80.586.049	2026-03-31	EUR	https://www.pmt.nl/over-pmt/zo-beleggen-we/waar-beleggen-we-in/aandelen-en-obligaties/#
Metal and Technology Pension Fund	GEA Group AG	3.576.834	2026-03-31	EUR	https://www.pmt.nl/over-pmt/zo-beleggen-we/waar-beleggen-we-in/aandelen-en-obligaties/#
Metal and Technology Pension Fund	Geberit AG	7.543.896	2026-03-31	EUR	https://www.pmt.nl/over-pmt/zo-beleggen-we/waar-beleggen-we-in/aandelen-en-obligaties/#
Metal and Technology Pension Fund	Geely Automobile Holdings Ltd	6.530.625	2026-03-31	EUR	https://www.pmt.nl/over-pmt/zo-beleggen-we/waar-beleggen-we-in/aandelen-en-obligaties/#
Metal and Technology Pension Fund	Gen Digital Inc	3.320.222	2026-03-31	EUR	https://www.pmt.nl/over-pmt/zo-beleggen-we/waar-beleggen-we-in/aandelen-en-obligaties/#
Metal and Technology Pension Fund	General Mills Inc	6.866.383	2026-03-31	EUR	https://www.pmt.nl/over-pmt/zo-beleggen-we/waar-beleggen-we-in/aandelen-en-obligaties/#
Metal and Technology Pension Fund	General Motors Co	24.136.914	2026-03-31	EUR	https://www.pmt.nl/over-pmt/zo-beleggen-we/waar-beleggen-we-in/aandelen-en-obligaties/#
Metal and Technology Pension Fund	Generali	11.836.861	2026-03-31	EUR	https://www.pmt.nl/over-pmt/zo-beleggen-we/waar-beleggen-we-in/aandelen-en-obligaties/#
Metal and Technology Pension Fund	Genscript Biotech Corp	659.412	2026-03-31	EUR	https://www.pmt.nl/over-pmt/zo-beleggen-we/waar-beleggen-we-in/aandelen-en-obligaties/#
Metal and Technology Pension Fund	Genuine Parts Co	4.941.211	2026-03-31	EUR	https://www.pmt.nl/over-pmt/zo-beleggen-we/waar-beleggen-we-in/aandelen-en-obligaties/#
Metal and Technology Pension Fund	George Weston Ltd	4.121.348	2026-03-31	EUR	https://www.pmt.nl/over-pmt/zo-beleggen-we/waar-beleggen-we-in/aandelen-en-obligaties/#
Metal and Technology Pension Fund	Gerdau SA	1.808.137	2026-03-31	EUR	https://www.pmt.nl/over-pmt/zo-beleggen-we/waar-beleggen-we-in/aandelen-en-obligaties/#
Metal and Technology Pension Fund	Getlink SE	2.178.670	2026-03-31	EUR	https://www.pmt.nl/over-pmt/zo-beleggen-we/waar-beleggen-we-in/aandelen-en-obligaties/#
Metal and Technology Pension Fund	GFL Environmental Inc	2.934.035	2026-03-31	EUR	https://www.pmt.nl/over-pmt/zo-beleggen-we/waar-beleggen-we-in/aandelen-en-obligaties/#
Metal and Technology Pension Fund	Giant Network Group Co Ltd	274.600	2026-03-31	EUR	https://www.pmt.nl/over-pmt/zo-beleggen-we/waar-beleggen-we-in/aandelen-en-obligaties/#
Metal and Technology Pension Fund	Gigabyte Technology Co Ltd	1.624.844	2026-03-31	EUR	https://www.pmt.nl/over-pmt/zo-beleggen-we/waar-beleggen-we-in/aandelen-en-obligaties/#
Metal and Technology Pension Fund	GigaDevice Semiconductor Inc	580.319	2026-03-31	EUR	https://www.pmt.nl/over-pmt/zo-beleggen-we/waar-beleggen-we-in/aandelen-en-obligaties/#
Metal and Technology Pension Fund	Gildan Activewear Inc	2.694.431	2026-03-31	EUR	https://www.pmt.nl/over-pmt/zo-beleggen-we/waar-beleggen-we-in/aandelen-en-obligaties/#
Metal and Technology Pension Fund	Gilead Sciences Inc	58.729.299	2026-03-31	EUR	https://www.pmt.nl/over-pmt/zo-beleggen-we/waar-beleggen-we-in/aandelen-en-obligaties/#
Metal and Technology Pension Fund	Givaudan SA	10.636.276	2026-03-31	EUR	https://www.pmt.nl/over-pmt/zo-beleggen-we/waar-beleggen-we-in/aandelen-en-obligaties/#
Metal and Technology Pension Fund	Gjensidige Forsikring ASA	1.741.618	2026-03-31	EUR	https://www.pmt.nl/over-pmt/zo-beleggen-we/waar-beleggen-we-in/aandelen-en-obligaties/#
Metal and Technology Pension Fund	Global Payments Inc	5.559.522	2026-03-31	EUR	https://www.pmt.nl/over-pmt/zo-beleggen-we/waar-beleggen-we-in/aandelen-en-obligaties/#
Metal and Technology Pension Fund	Global Unichip Corp	2.174.648	2026-03-31	EUR	https://www.pmt.nl/over-pmt/zo-beleggen-we/waar-beleggen-we-in/aandelen-en-obligaties/#
Metal and Technology Pension Fund	Globalwafers Co Ltd	1.392.692	2026-03-31	EUR	https://www.pmt.nl/over-pmt/zo-beleggen-we/waar-beleggen-we-in/aandelen-en-obligaties/#
Metal and Technology Pension Fund	GMR Airports Ltd	925.498	2026-03-31	EUR	https://www.pmt.nl/over-pmt/zo-beleggen-we/waar-beleggen-we-in/aandelen-en-obligaties/#
Metal and Technology Pension Fund	GoDaddy Inc	3.933.318	2026-03-31	EUR	https://www.pmt.nl/over-pmt/zo-beleggen-we/waar-beleggen-we-in/aandelen-en-obligaties/#
Metal and Technology Pension Fund	GoerTek Inc	194.394	2026-03-31	EUR	https://www.pmt.nl/over-pmt/zo-beleggen-we/waar-beleggen-we-in/aandelen-en-obligaties/#
Metal and Technology Pension Fund	Gotion High-tech Co Ltd	279.872	2026-03-31	EUR	https://www.pmt.nl/over-pmt/zo-beleggen-we/waar-beleggen-we-in/aandelen-en-obligaties/#
Metal and Technology Pension Fund	GoTo Gojek Tokopedia Tbk PT	961.602	2026-03-31	EUR	https://www.pmt.nl/over-pmt/zo-beleggen-we/waar-beleggen-we-in/aandelen-en-obligaties/#
Metal and Technology Pension Fund	Grab Holdings Ltd	3.015.301	2026-03-31	EUR	https://www.pmt.nl/over-pmt/zo-beleggen-we/waar-beleggen-we-in/aandelen-en-obligaties/#
Metal and Technology Pension Fund	Graco Inc	4.769.479	2026-03-31	EUR	https://www.pmt.nl/over-pmt/zo-beleggen-we/waar-beleggen-we-in/aandelen-en-obligaties/#
Metal and Technology Pension Fund	Grasim Industries Ltd	2.893.344	2026-03-31	EUR	https://www.pmt.nl/over-pmt/zo-beleggen-we/waar-beleggen-we-in/aandelen-en-obligaties/#
Metal and Technology Pension Fund	Great Wall Motor Co Ltd	1.364.660	2026-03-31	EUR	https://www.pmt.nl/over-pmt/zo-beleggen-we/waar-beleggen-we-in/aandelen-en-obligaties/#
Metal and Technology Pension Fund	Great-West Lifeco Inc	4.455.175	2026-03-31	EUR	https://www.pmt.nl/over-pmt/zo-beleggen-we/waar-beleggen-we-in/aandelen-en-obligaties/#
Metal and Technology Pension Fund	Gree Electric Appliances Inc of Zhuhai	461.842	2026-03-31	EUR	https://www.pmt.nl/over-pmt/zo-beleggen-we/waar-beleggen-we-in/aandelen-en-obligaties/#
Metal and Technology Pension Fund	Grifols SA	1.036.120	2026-03-31	EUR	https://www.pmt.nl/over-pmt/zo-beleggen-we/waar-beleggen-we-in/aandelen-en-obligaties/#
Metal and Technology Pension Fund	Grupo Aeroportuario del Centro Norte SAB de CV	1.485.485	2026-03-31	EUR	https://www.pmt.nl/over-pmt/zo-beleggen-we/waar-beleggen-we-in/aandelen-en-obligaties/#
Metal and Technology Pension Fund	Grupo Aeroportuario del Pacifico SAB de CV	3.836.275	2026-03-31	EUR	https://www.pmt.nl/over-pmt/zo-beleggen-we/waar-beleggen-we-in/aandelen-en-obligaties/#
Metal and Technology Pension Fund	Grupo Aeroportuario del Sureste SAB de CV	2.294.857	2026-03-31	EUR	https://www.pmt.nl/over-pmt/zo-beleggen-we/waar-beleggen-we-in/aandelen-en-obligaties/#
Metal and Technology Pension Fund	Grupo Bimbo SAB de CV	1.678.327	2026-03-31	EUR	https://www.pmt.nl/over-pmt/zo-beleggen-we/waar-beleggen-we-in/aandelen-en-obligaties/#
Metal and Technology Pension Fund	Grupo Cibest SA	5.465.606	2026-03-31	EUR	https://www.pmt.nl/over-pmt/zo-beleggen-we/waar-beleggen-we-in/aandelen-en-obligaties/#
Metal and Technology Pension Fund	Grupo Financiero Banorte SAB de CV	10.979.240	2026-03-31	EUR	https://www.pmt.nl/over-pmt/zo-beleggen-we/waar-beleggen-we-in/aandelen-en-obligaties/#
Metal and Technology Pension Fund	GSK PLC	38.480.926	2026-03-31	EUR	https://www.pmt.nl/over-pmt/zo-beleggen-we/waar-beleggen-we-in/aandelen-en-obligaties/#
Metal and Technology Pension Fund	Gulf Bank KSCP	835.228	2026-03-31	EUR	https://www.pmt.nl/over-pmt/zo-beleggen-we/waar-beleggen-we-in/aandelen-en-obligaties/#
Metal and Technology Pension Fund	Gulf Development PCL	3.033.621	2026-03-31	EUR	https://www.pmt.nl/over-pmt/zo-beleggen-we/waar-beleggen-we-in/aandelen-en-obligaties/#
Metal and Technology Pension Fund	H & M Hennes & Mauritz AB	3.606.180	2026-03-31	EUR	https://www.pmt.nl/over-pmt/zo-beleggen-we/waar-beleggen-we-in/aandelen-en-obligaties/#
Metal and Technology Pension Fund	Haci Omer Sabanci Holding AS	887.268	2026-03-31	EUR	https://www.pmt.nl/over-pmt/zo-beleggen-we/waar-beleggen-we-in/aandelen-en-obligaties/#
Metal and Technology Pension Fund	Haier Smart Home Co Ltd	3.044.678	2026-03-31	EUR	https://www.pmt.nl/over-pmt/zo-beleggen-we/waar-beleggen-we-in/aandelen-en-obligaties/#
Metal and Technology Pension Fund	Haitian International Holdings Ltd	648.134	2026-03-31	EUR	https://www.pmt.nl/over-pmt/zo-beleggen-we/waar-beleggen-we-in/aandelen-en-obligaties/#
Metal and Technology Pension Fund	Hana Financial Group Inc	7.628.372	2026-03-31	EUR	https://www.pmt.nl/over-pmt/zo-beleggen-we/waar-beleggen-we-in/aandelen-en-obligaties/#
Metal and Technology Pension Fund	Hangzhou First Applied Material Co Ltd	193.605	2026-03-31	EUR	https://www.pmt.nl/over-pmt/zo-beleggen-we/waar-beleggen-we-in/aandelen-en-obligaties/#
Metal and Technology Pension Fund	Hangzhou Tigermed Consulting Co Ltd	23.670	2026-03-31	EUR	https://www.pmt.nl/over-pmt/zo-beleggen-we/waar-beleggen-we-in/aandelen-en-obligaties/#
Metal and Technology Pension Fund	Hanjin Kal Corp	575.355	2026-03-31	EUR	https://www.pmt.nl/over-pmt/zo-beleggen-we/waar-beleggen-we-in/aandelen-en-obligaties/#
Metal and Technology Pension Fund	Hankook Tire & Technology Co Ltd	1.037.478	2026-03-31	EUR	https://www.pmt.nl/over-pmt/zo-beleggen-we/waar-beleggen-we-in/aandelen-en-obligaties/#
Metal and Technology Pension Fund	Hankyu Hanshin Holdings Inc	2.227.532	2026-03-31	EUR	https://www.pmt.nl/over-pmt/zo-beleggen-we/waar-beleggen-we-in/aandelen-en-obligaties/#
Metal and Technology Pension Fund	Hannover Rueck SE	6.369.623	2026-03-31	EUR	https://www.pmt.nl/over-pmt/zo-beleggen-we/waar-beleggen-we-in/aandelen-en-obligaties/#
Metal and Technology Pension Fund	Hansoh Pharmaceutical Group Co Ltd	2.537.231	2026-03-31	EUR	https://www.pmt.nl/over-pmt/zo-beleggen-we/waar-beleggen-we-in/aandelen-en-obligaties/#
Metal and Technology Pension Fund	Hanwha Systems Co Ltd	2.110.773	2026-03-31	EUR	https://www.pmt.nl/over-pmt/zo-beleggen-we/waar-beleggen-we-in/aandelen-en-obligaties/#
Metal and Technology Pension Fund	Hartford Insurance Group Inc/The	12.954.827	2026-03-31	EUR	https://www.pmt.nl/over-pmt/zo-beleggen-we/waar-beleggen-we-in/aandelen-en-obligaties/#
Metal and Technology Pension Fund	Havells India Ltd	1.155.915	2026-03-31	EUR	https://www.pmt.nl/over-pmt/zo-beleggen-we/waar-beleggen-we-in/aandelen-en-obligaties/#
Metal and Technology Pension Fund	HCA Healthcare Inc	29.436.004	2026-03-31	EUR	https://www.pmt.nl/over-pmt/zo-beleggen-we/waar-beleggen-we-in/aandelen-en-obligaties/#
Metal and Technology Pension Fund	HCL Technologies Ltd	5.202.122	2026-03-31	EUR	https://www.pmt.nl/over-pmt/zo-beleggen-we/waar-beleggen-we-in/aandelen-en-obligaties/#
Metal and Technology Pension Fund	HD Hyundai Electric Co Ltd	4.841.323	2026-03-31	EUR	https://www.pmt.nl/over-pmt/zo-beleggen-we/waar-beleggen-we-in/aandelen-en-obligaties/#
Metal and Technology Pension Fund	HD Hyundai Heavy Industries Co Ltd	3.113.144	2026-03-31	EUR	https://www.pmt.nl/over-pmt/zo-beleggen-we/waar-beleggen-we-in/aandelen-en-obligaties/#
Metal and Technology Pension Fund	HD Korea Shipbuilding & Offshore Engineering Co Ltd	3.762.862	2026-03-31	EUR	https://www.pmt.nl/over-pmt/zo-beleggen-we/waar-beleggen-we-in/aandelen-en-obligaties/#
Metal and Technology Pension Fund	HDFC Asset Management Co Ltd	1.799.571	2026-03-31	EUR	https://www.pmt.nl/over-pmt/zo-beleggen-we/waar-beleggen-we-in/aandelen-en-obligaties/#
Metal and Technology Pension Fund	HDFC Bank Ltd	34.329.654	2026-03-31	EUR	https://www.pmt.nl/over-pmt/zo-beleggen-we/waar-beleggen-we-in/aandelen-en-obligaties/#
Metal and Technology Pension Fund	HDFC Life Insurance Co Ltd	2.461.423	2026-03-31	EUR	https://www.pmt.nl/over-pmt/zo-beleggen-we/waar-beleggen-we-in/aandelen-en-obligaties/#
Metal and Technology Pension Fund	HEICO Corp	9.570.162	2026-03-31	EUR	https://www.pmt.nl/over-pmt/zo-beleggen-we/waar-beleggen-we-in/aandelen-en-obligaties/#
Metal and Technology Pension Fund	Heidelberg Materials AG	9.471.098	2026-03-31	EUR	https://www.pmt.nl/over-pmt/zo-beleggen-we/waar-beleggen-we-in/aandelen-en-obligaties/#
Metal and Technology Pension Fund	Heineken Holding NV	3.172.899	2026-03-31	EUR	https://www.pmt.nl/over-pmt/zo-beleggen-we/waar-beleggen-we-in/aandelen-en-obligaties/#
Metal and Technology Pension Fund	Heineken NV	7.496.806	2026-03-31	EUR	https://www.pmt.nl/over-pmt/zo-beleggen-we/waar-beleggen-we-in/aandelen-en-obligaties/#
Metal and Technology Pension Fund	Hellenic Telecommunications Organization SA	1.152.975	2026-03-31	EUR	https://www.pmt.nl/over-pmt/zo-beleggen-we/waar-beleggen-we-in/aandelen-en-obligaties/#
Metal and Technology Pension Fund	Helvetia Baloise Holding AG	6.849.181	2026-03-31	EUR	https://www.pmt.nl/over-pmt/zo-beleggen-we/waar-beleggen-we-in/aandelen-en-obligaties/#
Metal and Technology Pension Fund	Hengan International Group Co Ltd	863.038	2026-03-31	EUR	https://www.pmt.nl/over-pmt/zo-beleggen-we/waar-beleggen-we-in/aandelen-en-obligaties/#
Metal and Technology Pension Fund	Hengtong Optic-electric Co Ltd	681.434	2026-03-31	EUR	https://www.pmt.nl/over-pmt/zo-beleggen-we/waar-beleggen-we-in/aandelen-en-obligaties/#
Metal and Technology Pension Fund	Henkel AG & Co KGaA	7.000.893	2026-03-31	EUR	https://www.pmt.nl/over-pmt/zo-beleggen-we/waar-beleggen-we-in/aandelen-en-obligaties/#
Metal and Technology Pension Fund	Hero MotoCorp Ltd	2.560.671	2026-03-31	EUR	https://www.pmt.nl/over-pmt/zo-beleggen-we/waar-beleggen-we-in/aandelen-en-obligaties/#
Metal and Technology Pension Fund	Hershey Co/The	10.323.050	2026-03-31	EUR	https://www.pmt.nl/over-pmt/zo-beleggen-we/waar-beleggen-we-in/aandelen-en-obligaties/#
Metal and Technology Pension Fund	Hewlett Packard Enterprise Co	10.506.178	2026-03-31	EUR	https://www.pmt.nl/over-pmt/zo-beleggen-we/waar-beleggen-we-in/aandelen-en-obligaties/#
Metal and Technology Pension Fund	Hexagon AB	6.680.974	2026-03-31	EUR	https://www.pmt.nl/over-pmt/zo-beleggen-we/waar-beleggen-we-in/aandelen-en-obligaties/#
Metal and Technology Pension Fund	Hikari Tsushin Inc	1.517.592	2026-03-31	EUR	https://www.pmt.nl/over-pmt/zo-beleggen-we/waar-beleggen-we-in/aandelen-en-obligaties/#
Metal and Technology Pension Fund	Hilton Worldwide Holdings Inc	24.420.881	2026-03-31	EUR	https://www.pmt.nl/over-pmt/zo-beleggen-we/waar-beleggen-we-in/aandelen-en-obligaties/#
Metal and Technology Pension Fund	Hindalco Industries Ltd	4.833.455	2026-03-31	EUR	https://www.pmt.nl/over-pmt/zo-beleggen-we/waar-beleggen-we-in/aandelen-en-obligaties/#
Metal and Technology Pension Fund	Hitachi Ltd	44.773.089	2026-03-31	EUR	https://www.pmt.nl/over-pmt/zo-beleggen-we/waar-beleggen-we-in/aandelen-en-obligaties/#
Metal and Technology Pension Fund	HKT Trust & HKT Ltd	2.103.515	2026-03-31	EUR	https://www.pmt.nl/over-pmt/zo-beleggen-we/waar-beleggen-we-in/aandelen-en-obligaties/#
Metal and Technology Pension Fund	HLB Inc	1.668.902	2026-03-31	EUR	https://www.pmt.nl/over-pmt/zo-beleggen-we/waar-beleggen-we-in/aandelen-en-obligaties/#
Metal and Technology Pension Fund	Holcim AG	14.419.834	2026-03-31	EUR	https://www.pmt.nl/over-pmt/zo-beleggen-we/waar-beleggen-we-in/aandelen-en-obligaties/#
Metal and Technology Pension Fund	Holmen AB	907.671	2026-03-31	EUR	https://www.pmt.nl/over-pmt/zo-beleggen-we/waar-beleggen-we-in/aandelen-en-obligaties/#
Metal and Technology Pension Fund	Hologic Inc	5.703.365	2026-03-31	EUR	https://www.pmt.nl/over-pmt/zo-beleggen-we/waar-beleggen-we-in/aandelen-en-obligaties/#
Metal and Technology Pension Fund	Home Depot Inc/The	110.167.874	2026-03-31	EUR	https://www.pmt.nl/over-pmt/zo-beleggen-we/waar-beleggen-we-in/aandelen-en-obligaties/#
Metal and Technology Pension Fund	Hon Hai Precision Industry Co Ltd	28.845.880	2026-03-31	EUR	https://www.pmt.nl/over-pmt/zo-beleggen-we/waar-beleggen-we-in/aandelen-en-obligaties/#
Metal and Technology Pension Fund	Honda Motor Co Ltd	11.636.970	2026-03-31	EUR	https://www.pmt.nl/over-pmt/zo-beleggen-we/waar-beleggen-we-in/aandelen-en-obligaties/#
Metal and Technology Pension Fund	Hong Kong & China Gas Co Ltd	3.620.658	2026-03-31	EUR	https://www.pmt.nl/over-pmt/zo-beleggen-we/waar-beleggen-we-in/aandelen-en-obligaties/#
Metal and Technology Pension Fund	Hong Kong Exchanges & Clearing Ltd	20.381.766	2026-03-31	EUR	https://www.pmt.nl/over-pmt/zo-beleggen-we/waar-beleggen-we-in/aandelen-en-obligaties/#
Metal and Technology Pension Fund	Hong Leong Bank Bhd	1.213.472	2026-03-31	EUR	https://www.pmt.nl/over-pmt/zo-beleggen-we/waar-beleggen-we-in/aandelen-en-obligaties/#
Metal and Technology Pension Fund	Horizon Robotics	1.591.262	2026-03-31	EUR	https://www.pmt.nl/over-pmt/zo-beleggen-we/waar-beleggen-we-in/aandelen-en-obligaties/#
Metal and Technology Pension Fund	Hotai Motor Co Ltd	1.798.235	2026-03-31	EUR	https://www.pmt.nl/over-pmt/zo-beleggen-we/waar-beleggen-we-in/aandelen-en-obligaties/#
Metal and Technology Pension Fund	Howmet Aerospace Inc	29.879.393	2026-03-31	EUR	https://www.pmt.nl/over-pmt/zo-beleggen-we/waar-beleggen-we-in/aandelen-en-obligaties/#
Metal and Technology Pension Fund	Hoya Corp	20.089.551	2026-03-31	EUR	https://www.pmt.nl/over-pmt/zo-beleggen-we/waar-beleggen-we-in/aandelen-en-obligaties/#
Metal and Technology Pension Fund	HP Inc	6.096.766	2026-03-31	EUR	https://www.pmt.nl/over-pmt/zo-beleggen-we/waar-beleggen-we-in/aandelen-en-obligaties/#
Metal and Technology Pension Fund	Huaqin Technology Co Ltd	284.897	2026-03-31	EUR	https://www.pmt.nl/over-pmt/zo-beleggen-we/waar-beleggen-we-in/aandelen-en-obligaties/#
Metal and Technology Pension Fund	Hubbell Inc	8.824.546	2026-03-31	EUR	https://www.pmt.nl/over-pmt/zo-beleggen-we/waar-beleggen-we-in/aandelen-en-obligaties/#
Metal and Technology Pension Fund	HubSpot Inc	4.076.737	2026-03-31	EUR	https://www.pmt.nl/over-pmt/zo-beleggen-we/waar-beleggen-we-in/aandelen-en-obligaties/#
Metal and Technology Pension Fund	Humana Inc	7.157.266	2026-03-31	EUR	https://www.pmt.nl/over-pmt/zo-beleggen-we/waar-beleggen-we-in/aandelen-en-obligaties/#
Metal and Technology Pension Fund	Hundsun Technologies Inc	160.692	2026-03-31	EUR	https://www.pmt.nl/over-pmt/zo-beleggen-we/waar-beleggen-we-in/aandelen-en-obligaties/#
Metal and Technology Pension Fund	Huntington Bancshares Inc/OH	7.679.366	2026-03-31	EUR	https://www.pmt.nl/over-pmt/zo-beleggen-we/waar-beleggen-we-in/aandelen-en-obligaties/#
Metal and Technology Pension Fund	HYBE Co Ltd	1.711.895	2026-03-31	EUR	https://www.pmt.nl/over-pmt/zo-beleggen-we/waar-beleggen-we-in/aandelen-en-obligaties/#
Metal and Technology Pension Fund	Hyosung Heavy Industries Corp	3.405.453	2026-03-31	EUR	https://www.pmt.nl/over-pmt/zo-beleggen-we/waar-beleggen-we-in/aandelen-en-obligaties/#
Metal and Technology Pension Fund	Hyundai Rotem Co Ltd	3.394.289	2026-03-31	EUR	https://www.pmt.nl/over-pmt/zo-beleggen-we/waar-beleggen-we-in/aandelen-en-obligaties/#
Metal and Technology Pension Fund	iA Financial Corp Inc	3.532.320	2026-03-31	EUR	https://www.pmt.nl/over-pmt/zo-beleggen-we/waar-beleggen-we-in/aandelen-en-obligaties/#
Metal and Technology Pension Fund	Iberdrola SA	47.045.661	2026-03-31	EUR	https://www.pmt.nl/over-pmt/zo-beleggen-we/waar-beleggen-we-in/aandelen-en-obligaties/#
Metal and Technology Pension Fund	ICICI Bank Ltd	26.343.081	2026-03-31	EUR	https://www.pmt.nl/over-pmt/zo-beleggen-we/waar-beleggen-we-in/aandelen-en-obligaties/#
Metal and Technology Pension Fund	ICICI Lombard General Insurance Co Ltd	1.661.314	2026-03-31	EUR	https://www.pmt.nl/over-pmt/zo-beleggen-we/waar-beleggen-we-in/aandelen-en-obligaties/#
Metal and Technology Pension Fund	ICICI Prudential Life Insurance Co Ltd	778.336	2026-03-31	EUR	https://www.pmt.nl/over-pmt/zo-beleggen-we/waar-beleggen-we-in/aandelen-en-obligaties/#
Metal and Technology Pension Fund	IDEX Corp	4.812.287	2026-03-31	EUR	https://www.pmt.nl/over-pmt/zo-beleggen-we/waar-beleggen-we-in/aandelen-en-obligaties/#
Metal and Technology Pension Fund	IDEXX Laboratories Inc	15.285.437	2026-03-31	EUR	https://www.pmt.nl/over-pmt/zo-beleggen-we/waar-beleggen-we-in/aandelen-en-obligaties/#
Metal and Technology Pension Fund	IDFC First Bank Ltd	988.562	2026-03-31	EUR	https://www.pmt.nl/over-pmt/zo-beleggen-we/waar-beleggen-we-in/aandelen-en-obligaties/#
Metal and Technology Pension Fund	IGM Financial Inc	1.303.176	2026-03-31	EUR	https://www.pmt.nl/over-pmt/zo-beleggen-we/waar-beleggen-we-in/aandelen-en-obligaties/#
Metal and Technology Pension Fund	IHH Healthcare Bhd	1.872.129	2026-03-31	EUR	https://www.pmt.nl/over-pmt/zo-beleggen-we/waar-beleggen-we-in/aandelen-en-obligaties/#
Metal and Technology Pension Fund	IHI Corp	7.029.123	2026-03-31	EUR	https://www.pmt.nl/over-pmt/zo-beleggen-we/waar-beleggen-we-in/aandelen-en-obligaties/#
Metal and Technology Pension Fund	Illinois Tool Works Inc	24.333.794	2026-03-31	EUR	https://www.pmt.nl/over-pmt/zo-beleggen-we/waar-beleggen-we-in/aandelen-en-obligaties/#
Metal and Technology Pension Fund	Illumina Inc	6.570.265	2026-03-31	EUR	https://www.pmt.nl/over-pmt/zo-beleggen-we/waar-beleggen-we-in/aandelen-en-obligaties/#
Metal and Technology Pension Fund	Incyte Corp	5.200.616	2026-03-31	EUR	https://www.pmt.nl/over-pmt/zo-beleggen-we/waar-beleggen-we-in/aandelen-en-obligaties/#
Metal and Technology Pension Fund	IndusInd Bank Ltd	1.735.697	2026-03-31	EUR	https://www.pmt.nl/over-pmt/zo-beleggen-we/waar-beleggen-we-in/aandelen-en-obligaties/#
Metal and Technology Pension Fund	Industria de Diseno Textil SA	21.299.451	2026-03-31	EUR	https://www.pmt.nl/over-pmt/zo-beleggen-we/waar-beleggen-we-in/aandelen-en-obligaties/#
Metal and Technology Pension Fund	Indutrade AB	2.107.326	2026-03-31	EUR	https://www.pmt.nl/over-pmt/zo-beleggen-we/waar-beleggen-we-in/aandelen-en-obligaties/#
Metal and Technology Pension Fund	Infineon Technologies AG	19.569.278	2026-03-31	EUR	https://www.pmt.nl/over-pmt/zo-beleggen-we/waar-beleggen-we-in/aandelen-en-obligaties/#
Metal and Technology Pension Fund	Info Edge India Ltd	1.393.090	2026-03-31	EUR	https://www.pmt.nl/over-pmt/zo-beleggen-we/waar-beleggen-we-in/aandelen-en-obligaties/#
Metal and Technology Pension Fund	Informa PLC	4.485.512	2026-03-31	EUR	https://www.pmt.nl/over-pmt/zo-beleggen-we/waar-beleggen-we-in/aandelen-en-obligaties/#
Metal and Technology Pension Fund	Infosys Ltd	16.993.799	2026-03-31	EUR	https://www.pmt.nl/over-pmt/zo-beleggen-we/waar-beleggen-we-in/aandelen-en-obligaties/#
Metal and Technology Pension Fund	ING Groep NV	27.571.368	2026-03-31	EUR	https://www.pmt.nl/over-pmt/zo-beleggen-we/waar-beleggen-we-in/aandelen-en-obligaties/#
Metal and Technology Pension Fund	Ingersoll Rand Inc	10.850.342	2026-03-31	EUR	https://www.pmt.nl/over-pmt/zo-beleggen-we/waar-beleggen-we-in/aandelen-en-obligaties/#
Metal and Technology Pension Fund	Inner Mongolia Yili Industrial Group Co Ltd	553.507	2026-03-31	EUR	https://www.pmt.nl/over-pmt/zo-beleggen-we/waar-beleggen-we-in/aandelen-en-obligaties/#
Metal and Technology Pension Fund	Innolux Corp	2.160.380	2026-03-31	EUR	https://www.pmt.nl/over-pmt/zo-beleggen-we/waar-beleggen-we-in/aandelen-en-obligaties/#
Metal and Technology Pension Fund	Innovent Biologics Inc	6.108.928	2026-03-31	EUR	https://www.pmt.nl/over-pmt/zo-beleggen-we/waar-beleggen-we-in/aandelen-en-obligaties/#
Metal and Technology Pension Fund	InPost SA	1.309.532	2026-03-31	EUR	https://www.pmt.nl/over-pmt/zo-beleggen-we/waar-beleggen-we-in/aandelen-en-obligaties/#
Metal and Technology Pension Fund	Insulet Corp	4.965.169	2026-03-31	EUR	https://www.pmt.nl/over-pmt/zo-beleggen-we/waar-beleggen-we-in/aandelen-en-obligaties/#
Metal and Technology Pension Fund	Insurance Australia Group Ltd	4.145.213	2026-03-31	EUR	https://www.pmt.nl/over-pmt/zo-beleggen-we/waar-beleggen-we-in/aandelen-en-obligaties/#
Metal and Technology Pension Fund	Intact Financial Corp	10.819.710	2026-03-31	EUR	https://www.pmt.nl/over-pmt/zo-beleggen-we/waar-beleggen-we-in/aandelen-en-obligaties/#
Metal and Technology Pension Fund	Intel Corp	64.832.263	2026-03-31	EUR	https://www.pmt.nl/over-pmt/zo-beleggen-we/waar-beleggen-we-in/aandelen-en-obligaties/#
Metal and Technology Pension Fund	Interconexion Electrica SA ESP	1.395.621	2026-03-31	EUR	https://www.pmt.nl/over-pmt/zo-beleggen-we/waar-beleggen-we-in/aandelen-en-obligaties/#
Metal and Technology Pension Fund	Intercontinental Exchange Inc	30.449.419	2026-03-31	EUR	https://www.pmt.nl/over-pmt/zo-beleggen-we/waar-beleggen-we-in/aandelen-en-obligaties/#
Metal and Technology Pension Fund	InterGlobe Aviation Ltd	3.075.386	2026-03-31	EUR	https://www.pmt.nl/over-pmt/zo-beleggen-we/waar-beleggen-we-in/aandelen-en-obligaties/#
Metal and Technology Pension Fund	International Business Machines Corp	75.698.384	2026-03-31	EUR	https://www.pmt.nl/over-pmt/zo-beleggen-we/waar-beleggen-we-in/aandelen-en-obligaties/#
Metal and Technology Pension Fund	International Consolidated Airlines Group SA	1.971.806	2026-03-31	EUR	https://www.pmt.nl/over-pmt/zo-beleggen-we/waar-beleggen-we-in/aandelen-en-obligaties/#
Metal and Technology Pension Fund	International Flavors & Fragrances Inc	6.227.324	2026-03-31	EUR	https://www.pmt.nl/over-pmt/zo-beleggen-we/waar-beleggen-we-in/aandelen-en-obligaties/#
Metal and Technology Pension Fund	International Games System Co Ltd	2.085.088	2026-03-31	EUR	https://www.pmt.nl/over-pmt/zo-beleggen-we/waar-beleggen-we-in/aandelen-en-obligaties/#
Metal and Technology Pension Fund	International Paper Co	6.019.239	2026-03-31	EUR	https://www.pmt.nl/over-pmt/zo-beleggen-we/waar-beleggen-we-in/aandelen-en-obligaties/#
Metal and Technology Pension Fund	Intertek Group PLC	2.669.549	2026-03-31	EUR	https://www.pmt.nl/over-pmt/zo-beleggen-we/waar-beleggen-we-in/aandelen-en-obligaties/#
Metal and Technology Pension Fund	Intesa Sanpaolo SpA	30.931.654	2026-03-31	EUR	https://www.pmt.nl/over-pmt/zo-beleggen-we/waar-beleggen-we-in/aandelen-en-obligaties/#
Metal and Technology Pension Fund	Intuit Inc	40.970.275	2026-03-31	EUR	https://www.pmt.nl/over-pmt/zo-beleggen-we/waar-beleggen-we-in/aandelen-en-obligaties/#
Metal and Technology Pension Fund	Intuitive Surgical Inc	55.848.526	2026-03-31	EUR	https://www.pmt.nl/over-pmt/zo-beleggen-we/waar-beleggen-we-in/aandelen-en-obligaties/#
Metal and Technology Pension Fund	Inventec Corp	1.480.843	2026-03-31	EUR	https://www.pmt.nl/over-pmt/zo-beleggen-we/waar-beleggen-we-in/aandelen-en-obligaties/#
Metal and Technology Pension Fund	Investment AB Latour	1.052.115	2026-03-31	EUR	https://www.pmt.nl/over-pmt/zo-beleggen-we/waar-beleggen-we-in/aandelen-en-obligaties/#
Metal and Technology Pension Fund	Ipsen SA	2.346.331	2026-03-31	EUR	https://www.pmt.nl/over-pmt/zo-beleggen-we/waar-beleggen-we-in/aandelen-en-obligaties/#
Metal and Technology Pension Fund	IQVIA Holdings Inc	10.096.673	2026-03-31	EUR	https://www.pmt.nl/over-pmt/zo-beleggen-we/waar-beleggen-we-in/aandelen-en-obligaties/#
Metal and Technology Pension Fund	Isoftstone Information Technology Group Co Ltd	120.069	2026-03-31	EUR	https://www.pmt.nl/over-pmt/zo-beleggen-we/waar-beleggen-we-in/aandelen-en-obligaties/#
Metal and Technology Pension Fund	Itau Unibanco Holding SA	17.908.381	2026-03-31	EUR	https://www.pmt.nl/over-pmt/zo-beleggen-we/waar-beleggen-we-in/aandelen-en-obligaties/#
Metal and Technology Pension Fund	Itausa SA	5.840.836	2026-03-31	EUR	https://www.pmt.nl/over-pmt/zo-beleggen-we/waar-beleggen-we-in/aandelen-en-obligaties/#
Metal and Technology Pension Fund	J Sainsbury PLC	2.693.100	2026-03-31	EUR	https://www.pmt.nl/over-pmt/zo-beleggen-we/waar-beleggen-we-in/aandelen-en-obligaties/#
Metal and Technology Pension Fund	Jabil Inc	9.602.979	2026-03-31	EUR	https://www.pmt.nl/over-pmt/zo-beleggen-we/waar-beleggen-we-in/aandelen-en-obligaties/#
Metal and Technology Pension Fund	Jack Henry & Associates Inc	3.866.644	2026-03-31	EUR	https://www.pmt.nl/over-pmt/zo-beleggen-we/waar-beleggen-we-in/aandelen-en-obligaties/#
Metal and Technology Pension Fund	Jacobs Solutions Inc	5.248.174	2026-03-31	EUR	https://www.pmt.nl/over-pmt/zo-beleggen-we/waar-beleggen-we-in/aandelen-en-obligaties/#
Metal and Technology Pension Fund	Janus Living Inc	2.854.339	2026-03-31	EUR	https://www.pmt.nl/over-pmt/zo-beleggen-we/waar-beleggen-we-in/aandelen-en-obligaties/#
Metal and Technology Pension Fund	Japan Airlines Co Ltd	791.712	2026-03-31	EUR	https://www.pmt.nl/over-pmt/zo-beleggen-we/waar-beleggen-we-in/aandelen-en-obligaties/#
Metal and Technology Pension Fund	Japan Exchange Group Inc	3.925.342	2026-03-31	EUR	https://www.pmt.nl/over-pmt/zo-beleggen-we/waar-beleggen-we-in/aandelen-en-obligaties/#
Metal and Technology Pension Fund	Japan Post Bank Co Ltd	9.958.562	2026-03-31	EUR	https://www.pmt.nl/over-pmt/zo-beleggen-we/waar-beleggen-we-in/aandelen-en-obligaties/#
Metal and Technology Pension Fund	Japan Post Holdings Co Ltd	6.951.884	2026-03-31	EUR	https://www.pmt.nl/over-pmt/zo-beleggen-we/waar-beleggen-we-in/aandelen-en-obligaties/#
Metal and Technology Pension Fund	Japan Post Insurance Co Ltd	1.948.735	2026-03-31	EUR	https://www.pmt.nl/over-pmt/zo-beleggen-we/waar-beleggen-we-in/aandelen-en-obligaties/#
Metal and Technology Pension Fund	Jardine Matheson Holdings Ltd	3.964.442	2026-03-31	EUR	https://www.pmt.nl/over-pmt/zo-beleggen-we/waar-beleggen-we-in/aandelen-en-obligaties/#
Metal and Technology Pension Fund	Jarir Marketing Co	771.596	2026-03-31	EUR	https://www.pmt.nl/over-pmt/zo-beleggen-we/waar-beleggen-we-in/aandelen-en-obligaties/#
Metal and Technology Pension Fund	JD Health International Inc	2.705.032	2026-03-31	EUR	https://www.pmt.nl/over-pmt/zo-beleggen-we/waar-beleggen-we-in/aandelen-en-obligaties/#
Metal and Technology Pension Fund	JD Sports Fashion PLC	824.744	2026-03-31	EUR	https://www.pmt.nl/over-pmt/zo-beleggen-we/waar-beleggen-we-in/aandelen-en-obligaties/#
Metal and Technology Pension Fund	Jeronimo Martins SGPS SA	2.298.793	2026-03-31	EUR	https://www.pmt.nl/over-pmt/zo-beleggen-we/waar-beleggen-we-in/aandelen-en-obligaties/#
Metal and Technology Pension Fund	JFE Holdings Inc	2.249.275	2026-03-31	EUR	https://www.pmt.nl/over-pmt/zo-beleggen-we/waar-beleggen-we-in/aandelen-en-obligaties/#
Metal and Technology Pension Fund	Jiangsu Hengrui Pharmaceuticals Co Ltd	1.275.805	2026-03-31	EUR	https://www.pmt.nl/over-pmt/zo-beleggen-we/waar-beleggen-we-in/aandelen-en-obligaties/#
Metal and Technology Pension Fund	Jinko Solar Co Ltd	154.064	2026-03-31	EUR	https://www.pmt.nl/over-pmt/zo-beleggen-we/waar-beleggen-we-in/aandelen-en-obligaties/#
Metal and Technology Pension Fund	Jio Financial Services Ltd	2.684.788	2026-03-31	EUR	https://www.pmt.nl/over-pmt/zo-beleggen-we/waar-beleggen-we-in/aandelen-en-obligaties/#
Metal and Technology Pension Fund	Johnson & Johnson	198.424.520	2026-03-31	EUR	https://www.pmt.nl/over-pmt/zo-beleggen-we/waar-beleggen-we-in/aandelen-en-obligaties/#
Metal and Technology Pension Fund	Johnson Controls International plc	29.136.545	2026-03-31	EUR	https://www.pmt.nl/over-pmt/zo-beleggen-we/waar-beleggen-we-in/aandelen-en-obligaties/#
Metal and Technology Pension Fund	Jollibee Foods Corp	347.651	2026-03-31	EUR	https://www.pmt.nl/over-pmt/zo-beleggen-we/waar-beleggen-we-in/aandelen-en-obligaties/#
Metal and Technology Pension Fund	Julius Baer Group Ltd	5.113.758	2026-03-31	EUR	https://www.pmt.nl/over-pmt/zo-beleggen-we/waar-beleggen-we-in/aandelen-en-obligaties/#
Metal and Technology Pension Fund	JUMBO SA	1.148.961	2026-03-31	EUR	https://www.pmt.nl/over-pmt/zo-beleggen-we/waar-beleggen-we-in/aandelen-en-obligaties/#
Metal and Technology Pension Fund	Kajima Corp	5.436.399	2026-03-31	EUR	https://www.pmt.nl/over-pmt/zo-beleggen-we/waar-beleggen-we-in/aandelen-en-obligaties/#
Metal and Technology Pension Fund	Kakao Corp	3.502.956	2026-03-31	EUR	https://www.pmt.nl/over-pmt/zo-beleggen-we/waar-beleggen-we-in/aandelen-en-obligaties/#
Metal and Technology Pension Fund	KakaoBank Corp	1.086.700	2026-03-31	EUR	https://www.pmt.nl/over-pmt/zo-beleggen-we/waar-beleggen-we-in/aandelen-en-obligaties/#
Metal and Technology Pension Fund	Kanzhun Ltd	1.908.209	2026-03-31	EUR	https://www.pmt.nl/over-pmt/zo-beleggen-we/waar-beleggen-we-in/aandelen-en-obligaties/#
Metal and Technology Pension Fund	Kao Corp	6.258.771	2026-03-31	EUR	https://www.pmt.nl/over-pmt/zo-beleggen-we/waar-beleggen-we-in/aandelen-en-obligaties/#
Metal and Technology Pension Fund	Kasikornbank PCL	1.329.655	2026-03-31	EUR	https://www.pmt.nl/over-pmt/zo-beleggen-we/waar-beleggen-we-in/aandelen-en-obligaties/#
Metal and Technology Pension Fund	KB Financial Group Inc	13.284.316	2026-03-31	EUR	https://www.pmt.nl/over-pmt/zo-beleggen-we/waar-beleggen-we-in/aandelen-en-obligaties/#
Metal and Technology Pension Fund	KBC Group NV	9.558.406	2026-03-31	EUR	https://www.pmt.nl/over-pmt/zo-beleggen-we/waar-beleggen-we-in/aandelen-en-obligaties/#
Metal and Technology Pension Fund	KDDI Corp	18.278.155	2026-03-31	EUR	https://www.pmt.nl/over-pmt/zo-beleggen-we/waar-beleggen-we-in/aandelen-en-obligaties/#
Metal and Technology Pension Fund	Keppel Ltd	4.635.155	2026-03-31	EUR	https://www.pmt.nl/over-pmt/zo-beleggen-we/waar-beleggen-we-in/aandelen-en-obligaties/#
Metal and Technology Pension Fund	Kerry Group PLC	4.457.491	2026-03-31	EUR	https://www.pmt.nl/over-pmt/zo-beleggen-we/waar-beleggen-we-in/aandelen-en-obligaties/#
Metal and Technology Pension Fund	Kesko OYJ	2.057.587	2026-03-31	EUR	https://www.pmt.nl/over-pmt/zo-beleggen-we/waar-beleggen-we-in/aandelen-en-obligaties/#
Metal and Technology Pension Fund	Keurig Dr Pepper Inc	11.400.465	2026-03-31	EUR	https://www.pmt.nl/over-pmt/zo-beleggen-we/waar-beleggen-we-in/aandelen-en-obligaties/#
Metal and Technology Pension Fund	KeyCorp	6.273.865	2026-03-31	EUR	https://www.pmt.nl/over-pmt/zo-beleggen-we/waar-beleggen-we-in/aandelen-en-obligaties/#
Metal and Technology Pension Fund	Keyence Corp	23.374.164	2026-03-31	EUR	https://www.pmt.nl/over-pmt/zo-beleggen-we/waar-beleggen-we-in/aandelen-en-obligaties/#
Metal and Technology Pension Fund	Keysight Technologies Inc	16.399.859	2026-03-31	EUR	https://www.pmt.nl/over-pmt/zo-beleggen-we/waar-beleggen-we-in/aandelen-en-obligaties/#
Metal and Technology Pension Fund	KGHM Polska Miedz SA	4.159.607	2026-03-31	EUR	https://www.pmt.nl/over-pmt/zo-beleggen-we/waar-beleggen-we-in/aandelen-en-obligaties/#
Metal and Technology Pension Fund	KGI Financial Holding Co Ltd	3.902.719	2026-03-31	EUR	https://www.pmt.nl/over-pmt/zo-beleggen-we/waar-beleggen-we-in/aandelen-en-obligaties/#
Metal and Technology Pension Fund	Kimberly-Clark de Mexico SAB de CV	1.287.755	2026-03-31	EUR	https://www.pmt.nl/over-pmt/zo-beleggen-we/waar-beleggen-we-in/aandelen-en-obligaties/#
Metal and Technology Pension Fund	King Slide Works Co Ltd	2.327.217	2026-03-31	EUR	https://www.pmt.nl/over-pmt/zo-beleggen-we/waar-beleggen-we-in/aandelen-en-obligaties/#
Metal and Technology Pension Fund	King Yuan Electronics Co Ltd	3.415.206	2026-03-31	EUR	https://www.pmt.nl/over-pmt/zo-beleggen-we/waar-beleggen-we-in/aandelen-en-obligaties/#
Metal and Technology Pension Fund	Kingdee International Software Group Co Ltd	1.208.632	2026-03-31	EUR	https://www.pmt.nl/over-pmt/zo-beleggen-we/waar-beleggen-we-in/aandelen-en-obligaties/#
Metal and Technology Pension Fund	Kingfisher PLC	2.286.973	2026-03-31	EUR	https://www.pmt.nl/over-pmt/zo-beleggen-we/waar-beleggen-we-in/aandelen-en-obligaties/#
Metal and Technology Pension Fund	Kingsoft Corp Ltd	1.253.714	2026-03-31	EUR	https://www.pmt.nl/over-pmt/zo-beleggen-we/waar-beleggen-we-in/aandelen-en-obligaties/#
Metal and Technology Pension Fund	Kingspan Group PLC	4.404.445	2026-03-31	EUR	https://www.pmt.nl/over-pmt/zo-beleggen-we/waar-beleggen-we-in/aandelen-en-obligaties/#
Metal and Technology Pension Fund	Kirin Holdings Co Ltd	4.295.035	2026-03-31	EUR	https://www.pmt.nl/over-pmt/zo-beleggen-we/waar-beleggen-we-in/aandelen-en-obligaties/#
Metal and Technology Pension Fund	KLA Corp	65.857.186	2026-03-31	EUR	https://www.pmt.nl/over-pmt/zo-beleggen-we/waar-beleggen-we-in/aandelen-en-obligaties/#
Metal and Technology Pension Fund	Knorr-Bremse AG	2.786.068	2026-03-31	EUR	https://www.pmt.nl/over-pmt/zo-beleggen-we/waar-beleggen-we-in/aandelen-en-obligaties/#
Metal and Technology Pension Fund	KOC Holding AS	1.192.548	2026-03-31	EUR	https://www.pmt.nl/over-pmt/zo-beleggen-we/waar-beleggen-we-in/aandelen-en-obligaties/#
Metal and Technology Pension Fund	Komatsu Ltd	11.914.238	2026-03-31	EUR	https://www.pmt.nl/over-pmt/zo-beleggen-we/waar-beleggen-we-in/aandelen-en-obligaties/#
Metal and Technology Pension Fund	Komercni banka as	1.484.199	2026-03-31	EUR	https://www.pmt.nl/over-pmt/zo-beleggen-we/waar-beleggen-we-in/aandelen-en-obligaties/#
Metal and Technology Pension Fund	Konami Group Corp	4.229.780	2026-03-31	EUR	https://www.pmt.nl/over-pmt/zo-beleggen-we/waar-beleggen-we-in/aandelen-en-obligaties/#
Metal and Technology Pension Fund	Kone OYJ	7.309.131	2026-03-31	EUR	https://www.pmt.nl/over-pmt/zo-beleggen-we/waar-beleggen-we-in/aandelen-en-obligaties/#
Metal and Technology Pension Fund	Koninklijke Ahold Delhaize NV	14.675.753	2026-03-31	EUR	https://www.pmt.nl/over-pmt/zo-beleggen-we/waar-beleggen-we-in/aandelen-en-obligaties/#
Metal and Technology Pension Fund	Koninklijke KPN NV	7.331.866	2026-03-31	EUR	https://www.pmt.nl/over-pmt/zo-beleggen-we/waar-beleggen-we-in/aandelen-en-obligaties/#
Metal and Technology Pension Fund	Korea Investment Holdings Co Ltd	2.136.800	2026-03-31	EUR	https://www.pmt.nl/over-pmt/zo-beleggen-we/waar-beleggen-we-in/aandelen-en-obligaties/#
Metal and Technology Pension Fund	Kotak Mahindra Bank Ltd	8.044.145	2026-03-31	EUR	https://www.pmt.nl/over-pmt/zo-beleggen-we/waar-beleggen-we-in/aandelen-en-obligaties/#
Metal and Technology Pension Fund	Kraft Heinz Co/The	6.773.780	2026-03-31	EUR	https://www.pmt.nl/over-pmt/zo-beleggen-we/waar-beleggen-we-in/aandelen-en-obligaties/#
Metal and Technology Pension Fund	Krafton Inc	1.774.832	2026-03-31	EUR	https://www.pmt.nl/over-pmt/zo-beleggen-we/waar-beleggen-we-in/aandelen-en-obligaties/#
Metal and Technology Pension Fund	Kroger Co/The	15.405.169	2026-03-31	EUR	https://www.pmt.nl/over-pmt/zo-beleggen-we/waar-beleggen-we-in/aandelen-en-obligaties/#
Metal and Technology Pension Fund	Krung Thai Bank PCL	1.598.092	2026-03-31	EUR	https://www.pmt.nl/over-pmt/zo-beleggen-we/waar-beleggen-we-in/aandelen-en-obligaties/#
Metal and Technology Pension Fund	Kuaishou Technology	5.947.739	2026-03-31	EUR	https://www.pmt.nl/over-pmt/zo-beleggen-we/waar-beleggen-we-in/aandelen-en-obligaties/#
Metal and Technology Pension Fund	Kuala Lumpur Kepong Bhd	930.225	2026-03-31	EUR	https://www.pmt.nl/over-pmt/zo-beleggen-we/waar-beleggen-we-in/aandelen-en-obligaties/#
Metal and Technology Pension Fund	Kuang-Chi Technologies Co Ltd	396.836	2026-03-31	EUR	https://www.pmt.nl/over-pmt/zo-beleggen-we/waar-beleggen-we-in/aandelen-en-obligaties/#
Metal and Technology Pension Fund	Kubota Corp	5.247.666	2026-03-31	EUR	https://www.pmt.nl/over-pmt/zo-beleggen-we/waar-beleggen-we-in/aandelen-en-obligaties/#
Metal and Technology Pension Fund	Kuehne + Nagel International AG	3.715.444	2026-03-31	EUR	https://www.pmt.nl/over-pmt/zo-beleggen-we/waar-beleggen-we-in/aandelen-en-obligaties/#
Metal and Technology Pension Fund	Kunlun Energy Co Ltd	1.125.500	2026-03-31	EUR	https://www.pmt.nl/over-pmt/zo-beleggen-we/waar-beleggen-we-in/aandelen-en-obligaties/#
Metal and Technology Pension Fund	Kyocera Corp	6.652.565	2026-03-31	EUR	https://www.pmt.nl/over-pmt/zo-beleggen-we/waar-beleggen-we-in/aandelen-en-obligaties/#
Metal and Technology Pension Fund	Kyowa Kirin Co Ltd	1.307.962	2026-03-31	EUR	https://www.pmt.nl/over-pmt/zo-beleggen-we/waar-beleggen-we-in/aandelen-en-obligaties/#
Metal and Technology Pension Fund	L'Oreal SA	33.250.085	2026-03-31	EUR	https://www.pmt.nl/over-pmt/zo-beleggen-we/waar-beleggen-we-in/aandelen-en-obligaties/#
Metal and Technology Pension Fund	Labcorp Holdings Inc	7.511.297	2026-03-31	EUR	https://www.pmt.nl/over-pmt/zo-beleggen-we/waar-beleggen-we-in/aandelen-en-obligaties/#
Metal and Technology Pension Fund	Lam Research Corp	92.444.945	2026-03-31	EUR	https://www.pmt.nl/over-pmt/zo-beleggen-we/waar-beleggen-we-in/aandelen-en-obligaties/#
Metal and Technology Pension Fund	Las Vegas Sands Corp	6.404.762	2026-03-31	EUR	https://www.pmt.nl/over-pmt/zo-beleggen-we/waar-beleggen-we-in/aandelen-en-obligaties/#
Metal and Technology Pension Fund	Lasertec Corp	5.822.038	2026-03-31	EUR	https://www.pmt.nl/over-pmt/zo-beleggen-we/waar-beleggen-we-in/aandelen-en-obligaties/#
Metal and Technology Pension Fund	Latam Airlines Group SA	2.952.471	2026-03-31	EUR	https://www.pmt.nl/over-pmt/zo-beleggen-we/waar-beleggen-we-in/aandelen-en-obligaties/#
Metal and Technology Pension Fund	Legal & General Group PLC	6.502.551	2026-03-31	EUR	https://www.pmt.nl/over-pmt/zo-beleggen-we/waar-beleggen-we-in/aandelen-en-obligaties/#
Metal and Technology Pension Fund	Legrand SA	13.596.971	2026-03-31	EUR	https://www.pmt.nl/over-pmt/zo-beleggen-we/waar-beleggen-we-in/aandelen-en-obligaties/#
Metal and Technology Pension Fund	Lennar Corp	6.761.190	2026-03-31	EUR	https://www.pmt.nl/over-pmt/zo-beleggen-we/waar-beleggen-we-in/aandelen-en-obligaties/#
Metal and Technology Pension Fund	Lennox International Inc	4.984.906	2026-03-31	EUR	https://www.pmt.nl/over-pmt/zo-beleggen-we/waar-beleggen-we-in/aandelen-en-obligaties/#
Metal and Technology Pension Fund	Lenovo Group Ltd	3.583.628	2026-03-31	EUR	https://www.pmt.nl/over-pmt/zo-beleggen-we/waar-beleggen-we-in/aandelen-en-obligaties/#
Metal and Technology Pension Fund	LG Chem Ltd	3.648.112	2026-03-31	EUR	https://www.pmt.nl/over-pmt/zo-beleggen-we/waar-beleggen-we-in/aandelen-en-obligaties/#
Metal and Technology Pension Fund	LG Corp	1.919.337	2026-03-31	EUR	https://www.pmt.nl/over-pmt/zo-beleggen-we/waar-beleggen-we-in/aandelen-en-obligaties/#
Metal and Technology Pension Fund	LG Display Co Ltd	847.106	2026-03-31	EUR	https://www.pmt.nl/over-pmt/zo-beleggen-we/waar-beleggen-we-in/aandelen-en-obligaties/#
Metal and Technology Pension Fund	LG Electronics Inc	3.033.723	2026-03-31	EUR	https://www.pmt.nl/over-pmt/zo-beleggen-we/waar-beleggen-we-in/aandelen-en-obligaties/#
Metal and Technology Pension Fund	LG Energy Solution Ltd	4.617.936	2026-03-31	EUR	https://www.pmt.nl/over-pmt/zo-beleggen-we/waar-beleggen-we-in/aandelen-en-obligaties/#
Metal and Technology Pension Fund	LG Uplus Corp	849.150	2026-03-31	EUR	https://www.pmt.nl/over-pmt/zo-beleggen-we/waar-beleggen-we-in/aandelen-en-obligaties/#
Metal and Technology Pension Fund	Li Auto Inc	4.388.678	2026-03-31	EUR	https://www.pmt.nl/over-pmt/zo-beleggen-we/waar-beleggen-we-in/aandelen-en-obligaties/#
Metal and Technology Pension Fund	Liberty Media Corp-Liberty Formula One	6.067.323	2026-03-31	EUR	https://www.pmt.nl/over-pmt/zo-beleggen-we/waar-beleggen-we-in/aandelen-en-obligaties/#
Metal and Technology Pension Fund	Lifco AB	2.358.656	2026-03-31	EUR	https://www.pmt.nl/over-pmt/zo-beleggen-we/waar-beleggen-we-in/aandelen-en-obligaties/#
Metal and Technology Pension Fund	Linde PLC	78.973.079	2026-03-31	EUR	https://www.pmt.nl/over-pmt/zo-beleggen-we/waar-beleggen-we-in/aandelen-en-obligaties/#
Metal and Technology Pension Fund	Lingyi iTech Guangdong Co	251.776	2026-03-31	EUR	https://www.pmt.nl/over-pmt/zo-beleggen-we/waar-beleggen-we-in/aandelen-en-obligaties/#
Metal and Technology Pension Fund	Live Nation Entertainment Inc	8.297.116	2026-03-31	EUR	https://www.pmt.nl/over-pmt/zo-beleggen-we/waar-beleggen-we-in/aandelen-en-obligaties/#
Metal and Technology Pension Fund	Lloyds Banking Group PLC	25.199.036	2026-03-31	EUR	https://www.pmt.nl/over-pmt/zo-beleggen-we/waar-beleggen-we-in/aandelen-en-obligaties/#
Metal and Technology Pension Fund	Loblaw Cos Ltd	9.170.628	2026-03-31	EUR	https://www.pmt.nl/over-pmt/zo-beleggen-we/waar-beleggen-we-in/aandelen-en-obligaties/#
Metal and Technology Pension Fund	Localiza Rent a Car SA	3.526.213	2026-03-31	EUR	https://www.pmt.nl/over-pmt/zo-beleggen-we/waar-beleggen-we-in/aandelen-en-obligaties/#
Metal and Technology Pension Fund	Loews Corp	6.404.585	2026-03-31	EUR	https://www.pmt.nl/over-pmt/zo-beleggen-we/waar-beleggen-we-in/aandelen-en-obligaties/#
Metal and Technology Pension Fund	Logitech International SA	4.723.935	2026-03-31	EUR	https://www.pmt.nl/over-pmt/zo-beleggen-we/waar-beleggen-we-in/aandelen-en-obligaties/#
Metal and Technology Pension Fund	London Stock Exchange Group PLC	19.076.014	2026-03-31	EUR	https://www.pmt.nl/over-pmt/zo-beleggen-we/waar-beleggen-we-in/aandelen-en-obligaties/#
Metal and Technology Pension Fund	LONGi Green Energy Technology Co Ltd	546.496	2026-03-31	EUR	https://www.pmt.nl/over-pmt/zo-beleggen-we/waar-beleggen-we-in/aandelen-en-obligaties/#
Metal and Technology Pension Fund	Lonza Group AG	15.547.197	2026-03-31	EUR	https://www.pmt.nl/over-pmt/zo-beleggen-we/waar-beleggen-we-in/aandelen-en-obligaties/#
Metal and Technology Pension Fund	Lotes Co Ltd	2.170.440	2026-03-31	EUR	https://www.pmt.nl/over-pmt/zo-beleggen-we/waar-beleggen-we-in/aandelen-en-obligaties/#
Metal and Technology Pension Fund	Lottery Corp Ltd/The	2.888.593	2026-03-31	EUR	https://www.pmt.nl/over-pmt/zo-beleggen-we/waar-beleggen-we-in/aandelen-en-obligaties/#
Metal and Technology Pension Fund	Lowe's Cos Inc	44.473.630	2026-03-31	EUR	https://www.pmt.nl/over-pmt/zo-beleggen-we/waar-beleggen-we-in/aandelen-en-obligaties/#
Metal and Technology Pension Fund	LPL Financial Holdings Inc	8.078.442	2026-03-31	EUR	https://www.pmt.nl/over-pmt/zo-beleggen-we/waar-beleggen-we-in/aandelen-en-obligaties/#
Metal and Technology Pension Fund	LPP SA	2.414.038	2026-03-31	EUR	https://www.pmt.nl/over-pmt/zo-beleggen-we/waar-beleggen-we-in/aandelen-en-obligaties/#
Metal and Technology Pension Fund	LS Electric Co Ltd	2.800.773	2026-03-31	EUR	https://www.pmt.nl/over-pmt/zo-beleggen-we/waar-beleggen-we-in/aandelen-en-obligaties/#
Metal and Technology Pension Fund	Lupin Ltd	2.412.954	2026-03-31	EUR	https://www.pmt.nl/over-pmt/zo-beleggen-we/waar-beleggen-we-in/aandelen-en-obligaties/#
Metal and Technology Pension Fund	LY Corp	2.423.929	2026-03-31	EUR	https://www.pmt.nl/over-pmt/zo-beleggen-we/waar-beleggen-we-in/aandelen-en-obligaties/#
Metal and Technology Pension Fund	M&G PLC	2.811.363	2026-03-31	EUR	https://www.pmt.nl/over-pmt/zo-beleggen-we/waar-beleggen-we-in/aandelen-en-obligaties/#
Metal and Technology Pension Fund	M&T Bank Corp	11.280.790	2026-03-31	EUR	https://www.pmt.nl/over-pmt/zo-beleggen-we/waar-beleggen-we-in/aandelen-en-obligaties/#
Metal and Technology Pension Fund	M3 Inc	1.573.062	2026-03-31	EUR	https://www.pmt.nl/over-pmt/zo-beleggen-we/waar-beleggen-we-in/aandelen-en-obligaties/#
Metal and Technology Pension Fund	Magna International Inc	5.001.643	2026-03-31	EUR	https://www.pmt.nl/over-pmt/zo-beleggen-we/waar-beleggen-we-in/aandelen-en-obligaties/#
Metal and Technology Pension Fund	Magnum Ice Cream Co NV/The	2.522.871	2026-03-31	EUR	https://www.pmt.nl/over-pmt/zo-beleggen-we/waar-beleggen-we-in/aandelen-en-obligaties/#
Metal and Technology Pension Fund	Makita Corp	2.686.632	2026-03-31	EUR	https://www.pmt.nl/over-pmt/zo-beleggen-we/waar-beleggen-we-in/aandelen-en-obligaties/#
Metal and Technology Pension Fund	Malayan Banking Bhd	6.506.925	2026-03-31	EUR	https://www.pmt.nl/over-pmt/zo-beleggen-we/waar-beleggen-we-in/aandelen-en-obligaties/#
Metal and Technology Pension Fund	Manila Electric Co	1.289.146	2026-03-31	EUR	https://www.pmt.nl/over-pmt/zo-beleggen-we/waar-beleggen-we-in/aandelen-en-obligaties/#
Metal and Technology Pension Fund	Manulife Financial Corp	19.960.791	2026-03-31	EUR	https://www.pmt.nl/over-pmt/zo-beleggen-we/waar-beleggen-we-in/aandelen-en-obligaties/#
Metal and Technology Pension Fund	Marico Ltd	1.436.340	2026-03-31	EUR	https://www.pmt.nl/over-pmt/zo-beleggen-we/waar-beleggen-we-in/aandelen-en-obligaties/#
Metal and Technology Pension Fund	Markel Group Inc	8.211.463	2026-03-31	EUR	https://www.pmt.nl/over-pmt/zo-beleggen-we/waar-beleggen-we-in/aandelen-en-obligaties/#
Metal and Technology Pension Fund	Marriott International Inc/MD	25.812.187	2026-03-31	EUR	https://www.pmt.nl/over-pmt/zo-beleggen-we/waar-beleggen-we-in/aandelen-en-obligaties/#
Metal and Technology Pension Fund	Marsh & McLennan Cos Inc	28.811.638	2026-03-31	EUR	https://www.pmt.nl/over-pmt/zo-beleggen-we/waar-beleggen-we-in/aandelen-en-obligaties/#
Metal and Technology Pension Fund	Martin Marietta Materials Inc	12.061.247	2026-03-31	EUR	https://www.pmt.nl/over-pmt/zo-beleggen-we/waar-beleggen-we-in/aandelen-en-obligaties/#
Metal and Technology Pension Fund	Marubeni Corp	17.371.640	2026-03-31	EUR	https://www.pmt.nl/over-pmt/zo-beleggen-we/waar-beleggen-we-in/aandelen-en-obligaties/#
Metal and Technology Pension Fund	Marvell Technology Inc	28.761.551	2026-03-31	EUR	https://www.pmt.nl/over-pmt/zo-beleggen-we/waar-beleggen-we-in/aandelen-en-obligaties/#
Metal and Technology Pension Fund	Masco Corp	4.297.629	2026-03-31	EUR	https://www.pmt.nl/over-pmt/zo-beleggen-we/waar-beleggen-we-in/aandelen-en-obligaties/#
Metal and Technology Pension Fund	Mastercard Inc	137.112.480	2026-03-31	EUR	https://www.pmt.nl/over-pmt/zo-beleggen-we/waar-beleggen-we-in/aandelen-en-obligaties/#
Metal and Technology Pension Fund	MatsukiyoCocokara & Co	1.874.138	2026-03-31	EUR	https://www.pmt.nl/over-pmt/zo-beleggen-we/waar-beleggen-we-in/aandelen-en-obligaties/#
Metal and Technology Pension Fund	Max Healthcare Institute Ltd	3.196.639	2026-03-31	EUR	https://www.pmt.nl/over-pmt/zo-beleggen-we/waar-beleggen-we-in/aandelen-en-obligaties/#
Metal and Technology Pension Fund	Maxis Bhd	909.636	2026-03-31	EUR	https://www.pmt.nl/over-pmt/zo-beleggen-we/waar-beleggen-we-in/aandelen-en-obligaties/#
Metal and Technology Pension Fund	mBank SA	1.829.785	2026-03-31	EUR	https://www.pmt.nl/over-pmt/zo-beleggen-we/waar-beleggen-we-in/aandelen-en-obligaties/#
Metal and Technology Pension Fund	McCormick & Co Inc/MD	4.289.720	2026-03-31	EUR	https://www.pmt.nl/over-pmt/zo-beleggen-we/waar-beleggen-we-in/aandelen-en-obligaties/#
Metal and Technology Pension Fund	McDonald's Corp	74.842.343	2026-03-31	EUR	https://www.pmt.nl/over-pmt/zo-beleggen-we/waar-beleggen-we-in/aandelen-en-obligaties/#
Metal and Technology Pension Fund	McKesson Corp	36.639.982	2026-03-31	EUR	https://www.pmt.nl/over-pmt/zo-beleggen-we/waar-beleggen-we-in/aandelen-en-obligaties/#
Metal and Technology Pension Fund	MediaTek Inc	27.708.062	2026-03-31	EUR	https://www.pmt.nl/over-pmt/zo-beleggen-we/waar-beleggen-we-in/aandelen-en-obligaties/#
Metal and Technology Pension Fund	Medibank Pvt Ltd	2.887.189	2026-03-31	EUR	https://www.pmt.nl/over-pmt/zo-beleggen-we/waar-beleggen-we-in/aandelen-en-obligaties/#
Metal and Technology Pension Fund	Medtronic PLC	37.265.892	2026-03-31	EUR	https://www.pmt.nl/over-pmt/zo-beleggen-we/waar-beleggen-we-in/aandelen-en-obligaties/#
Metal and Technology Pension Fund	Meitu Inc	718.047	2026-03-31	EUR	https://www.pmt.nl/over-pmt/zo-beleggen-we/waar-beleggen-we-in/aandelen-en-obligaties/#
Metal and Technology Pension Fund	Meituan	20.526.900	2026-03-31	EUR	https://www.pmt.nl/over-pmt/zo-beleggen-we/waar-beleggen-we-in/aandelen-en-obligaties/#
Metal and Technology Pension Fund	MercadoLibre Inc	26.459.018	2026-03-31	EUR	https://www.pmt.nl/over-pmt/zo-beleggen-we/waar-beleggen-we-in/aandelen-en-obligaties/#
Metal and Technology Pension Fund	Mercedes-Benz Group AG	14.919.886	2026-03-31	EUR	https://www.pmt.nl/over-pmt/zo-beleggen-we/waar-beleggen-we-in/aandelen-en-obligaties/#
Metal and Technology Pension Fund	Merck & Co Inc	101.892.583	2026-03-31	EUR	https://www.pmt.nl/over-pmt/zo-beleggen-we/waar-beleggen-we-in/aandelen-en-obligaties/#
Metal and Technology Pension Fund	Merck KGaA	5.465.004	2026-03-31	EUR	https://www.pmt.nl/over-pmt/zo-beleggen-we/waar-beleggen-we-in/aandelen-en-obligaties/#
Metal and Technology Pension Fund	Meridian Energy Ltd	1.405.709	2026-03-31	EUR	https://www.pmt.nl/over-pmt/zo-beleggen-we/waar-beleggen-we-in/aandelen-en-obligaties/#
Metal and Technology Pension Fund	Meritz Financial Group Inc	2.634.184	2026-03-31	EUR	https://www.pmt.nl/over-pmt/zo-beleggen-we/waar-beleggen-we-in/aandelen-en-obligaties/#
Metal and Technology Pension Fund	MetLife Inc	13.753.143	2026-03-31	EUR	https://www.pmt.nl/over-pmt/zo-beleggen-we/waar-beleggen-we-in/aandelen-en-obligaties/#
Metal and Technology Pension Fund	Metro Inc/CN	4.762.108	2026-03-31	EUR	https://www.pmt.nl/over-pmt/zo-beleggen-we/waar-beleggen-we-in/aandelen-en-obligaties/#
Metal and Technology Pension Fund	Metropolitan Bank & Trust Co	778.743	2026-03-31	EUR	https://www.pmt.nl/over-pmt/zo-beleggen-we/waar-beleggen-we-in/aandelen-en-obligaties/#
Metal and Technology Pension Fund	Metso Oyj	3.621.014	2026-03-31	EUR	https://www.pmt.nl/over-pmt/zo-beleggen-we/waar-beleggen-we-in/aandelen-en-obligaties/#
Metal and Technology Pension Fund	Mettler-Toledo International Inc	8.868.462	2026-03-31	EUR	https://www.pmt.nl/over-pmt/zo-beleggen-we/waar-beleggen-we-in/aandelen-en-obligaties/#
Metal and Technology Pension Fund	Microchip Technology Inc	11.673.146	2026-03-31	EUR	https://www.pmt.nl/over-pmt/zo-beleggen-we/waar-beleggen-we-in/aandelen-en-obligaties/#
Metal and Technology Pension Fund	Micron Technology Inc	127.196.965	2026-03-31	EUR	https://www.pmt.nl/over-pmt/zo-beleggen-we/waar-beleggen-we-in/aandelen-en-obligaties/#
Metal and Technology Pension Fund	Microsoft Corp	407.183.787	2026-03-31	EUR	https://www.pmt.nl/over-pmt/zo-beleggen-we/waar-beleggen-we-in/aandelen-en-obligaties/#
Metal and Technology Pension Fund	MINEBEA MITSUMI Inc	2.045.386	2026-03-31	EUR	https://www.pmt.nl/over-pmt/zo-beleggen-we/waar-beleggen-we-in/aandelen-en-obligaties/#
Metal and Technology Pension Fund	MINISO Group Holding Ltd	781.812	2026-03-31	EUR	https://www.pmt.nl/over-pmt/zo-beleggen-we/waar-beleggen-we-in/aandelen-en-obligaties/#
Metal and Technology Pension Fund	Minor International PCL	761.012	2026-03-31	EUR	https://www.pmt.nl/over-pmt/zo-beleggen-we/waar-beleggen-we-in/aandelen-en-obligaties/#
Metal and Technology Pension Fund	Mirae Asset Securities Co Ltd	3.568.978	2026-03-31	EUR	https://www.pmt.nl/over-pmt/zo-beleggen-we/waar-beleggen-we-in/aandelen-en-obligaties/#
Metal and Technology Pension Fund	Mitsubishi Chemical Group Corp	2.625.344	2026-03-31	EUR	https://www.pmt.nl/over-pmt/zo-beleggen-we/waar-beleggen-we-in/aandelen-en-obligaties/#
Metal and Technology Pension Fund	Mitsubishi Corp	39.747.659	2026-03-31	EUR	https://www.pmt.nl/over-pmt/zo-beleggen-we/waar-beleggen-we-in/aandelen-en-obligaties/#
Metal and Technology Pension Fund	Mitsubishi Electric Corp	20.743.480	2026-03-31	EUR	https://www.pmt.nl/over-pmt/zo-beleggen-we/waar-beleggen-we-in/aandelen-en-obligaties/#
Metal and Technology Pension Fund	Mitsubishi HC Capital Inc	2.742.331	2026-03-31	EUR	https://www.pmt.nl/over-pmt/zo-beleggen-we/waar-beleggen-we-in/aandelen-en-obligaties/#
Metal and Technology Pension Fund	Mitsubishi Heavy Industries Ltd	29.576.562	2026-03-31	EUR	https://www.pmt.nl/over-pmt/zo-beleggen-we/waar-beleggen-we-in/aandelen-en-obligaties/#
Metal and Technology Pension Fund	Moneta Money Bank AS	953.587	2026-03-31	EUR	https://www.pmt.nl/over-pmt/zo-beleggen-we/waar-beleggen-we-in/aandelen-en-obligaties/#
Metal and Technology Pension Fund	MongoDB Inc	6.674.348	2026-03-31	EUR	https://www.pmt.nl/over-pmt/zo-beleggen-we/waar-beleggen-we-in/aandelen-en-obligaties/#
Metal and Technology Pension Fund	Monolithic Power Systems Inc	17.572.171	2026-03-31	EUR	https://www.pmt.nl/over-pmt/zo-beleggen-we/waar-beleggen-we-in/aandelen-en-obligaties/#
Metal and Technology Pension Fund	MonotaRO Co Ltd	905.967	2026-03-31	EUR	https://www.pmt.nl/over-pmt/zo-beleggen-we/waar-beleggen-we-in/aandelen-en-obligaties/#
Metal and Technology Pension Fund	Montage Technology Co Ltd	396.444	2026-03-31	EUR	https://www.pmt.nl/over-pmt/zo-beleggen-we/waar-beleggen-we-in/aandelen-en-obligaties/#
Metal and Technology Pension Fund	Moody's Corp	23.663.590	2026-03-31	EUR	https://www.pmt.nl/over-pmt/zo-beleggen-we/waar-beleggen-we-in/aandelen-en-obligaties/#
Metal and Technology Pension Fund	Motiva Infraestrutura de Mobilidade SA	1.058.545	2026-03-31	EUR	https://www.pmt.nl/over-pmt/zo-beleggen-we/waar-beleggen-we-in/aandelen-en-obligaties/#
Metal and Technology Pension Fund	Mouwasat Medical Services Co	573.454	2026-03-31	EUR	https://www.pmt.nl/over-pmt/zo-beleggen-we/waar-beleggen-we-in/aandelen-en-obligaties/#
Metal and Technology Pension Fund	Mowi ASA	3.594.138	2026-03-31	EUR	https://www.pmt.nl/over-pmt/zo-beleggen-we/waar-beleggen-we-in/aandelen-en-obligaties/#
Metal and Technology Pension Fund	Mphasis Ltd	783.912	2026-03-31	EUR	https://www.pmt.nl/over-pmt/zo-beleggen-we/waar-beleggen-we-in/aandelen-en-obligaties/#
Metal and Technology Pension Fund	MRF Ltd	906.528	2026-03-31	EUR	https://www.pmt.nl/over-pmt/zo-beleggen-we/waar-beleggen-we-in/aandelen-en-obligaties/#
Metal and Technology Pension Fund	MS&AD Insurance Group Holdings Inc	11.383.089	2026-03-31	EUR	https://www.pmt.nl/over-pmt/zo-beleggen-we/waar-beleggen-we-in/aandelen-en-obligaties/#
Metal and Technology Pension Fund	MTN Group Ltd	7.781.542	2026-03-31	EUR	https://www.pmt.nl/over-pmt/zo-beleggen-we/waar-beleggen-we-in/aandelen-en-obligaties/#
Metal and Technology Pension Fund	MTR Corp Ltd	2.255.079	2026-03-31	EUR	https://www.pmt.nl/over-pmt/zo-beleggen-we/waar-beleggen-we-in/aandelen-en-obligaties/#
Metal and Technology Pension Fund	MTU Aero Engines AG	6.544.100	2026-03-31	EUR	https://www.pmt.nl/over-pmt/zo-beleggen-we/waar-beleggen-we-in/aandelen-en-obligaties/#
Metal and Technology Pension Fund	Muenchener Rueckversicherungs-Gesellschaft AG in Muenchen	28.579.570	2026-03-31	EUR	https://www.pmt.nl/over-pmt/zo-beleggen-we/waar-beleggen-we-in/aandelen-en-obligaties/#
Metal and Technology Pension Fund	Murata Manufacturing Co Ltd	12.490.129	2026-03-31	EUR	https://www.pmt.nl/over-pmt/zo-beleggen-we/waar-beleggen-we-in/aandelen-en-obligaties/#
Metal and Technology Pension Fund	Nan Ya Plastics Corp	4.770.738	2026-03-31	EUR	https://www.pmt.nl/over-pmt/zo-beleggen-we/waar-beleggen-we-in/aandelen-en-obligaties/#
Metal and Technology Pension Fund	Nasdaq Inc	12.303.009	2026-03-31	EUR	https://www.pmt.nl/over-pmt/zo-beleggen-we/waar-beleggen-we-in/aandelen-en-obligaties/#
Metal and Technology Pension Fund	Naspers Ltd	15.575.132	2026-03-31	EUR	https://www.pmt.nl/over-pmt/zo-beleggen-we/waar-beleggen-we-in/aandelen-en-obligaties/#
Metal and Technology Pension Fund	National Australia Bank Ltd	30.226.271	2026-03-31	EUR	https://www.pmt.nl/over-pmt/zo-beleggen-we/waar-beleggen-we-in/aandelen-en-obligaties/#
Metal and Technology Pension Fund	National Bank of Canada	16.952.140	2026-03-31	EUR	https://www.pmt.nl/over-pmt/zo-beleggen-we/waar-beleggen-we-in/aandelen-en-obligaties/#
Metal and Technology Pension Fund	National Bank of Greece SA	5.280.275	2026-03-31	EUR	https://www.pmt.nl/over-pmt/zo-beleggen-we/waar-beleggen-we-in/aandelen-en-obligaties/#
Metal and Technology Pension Fund	National Bank of Kuwait SAKP	9.601.347	2026-03-31	EUR	https://www.pmt.nl/over-pmt/zo-beleggen-we/waar-beleggen-we-in/aandelen-en-obligaties/#
Metal and Technology Pension Fund	National Grid PLC	28.223.163	2026-03-31	EUR	https://www.pmt.nl/over-pmt/zo-beleggen-we/waar-beleggen-we-in/aandelen-en-obligaties/#
Metal and Technology Pension Fund	NAVER Corp	7.254.615	2026-03-31	EUR	https://www.pmt.nl/over-pmt/zo-beleggen-we/waar-beleggen-we-in/aandelen-en-obligaties/#
Metal and Technology Pension Fund	NEC Corp	10.373.301	2026-03-31	EUR	https://www.pmt.nl/over-pmt/zo-beleggen-we/waar-beleggen-we-in/aandelen-en-obligaties/#
Metal and Technology Pension Fund	Nedbank Group Ltd	2.543.132	2026-03-31	EUR	https://www.pmt.nl/over-pmt/zo-beleggen-we/waar-beleggen-we-in/aandelen-en-obligaties/#
Metal and Technology Pension Fund	Nemetschek SE	1.452.424	2026-03-31	EUR	https://www.pmt.nl/over-pmt/zo-beleggen-we/waar-beleggen-we-in/aandelen-en-obligaties/#
Metal and Technology Pension Fund	Neste Oyj	4.677.488	2026-03-31	EUR	https://www.pmt.nl/over-pmt/zo-beleggen-we/waar-beleggen-we-in/aandelen-en-obligaties/#
Metal and Technology Pension Fund	Nestle Malaysia Bhd	733.003	2026-03-31	EUR	https://www.pmt.nl/over-pmt/zo-beleggen-we/waar-beleggen-we-in/aandelen-en-obligaties/#
Metal and Technology Pension Fund	NetApp Inc	7.111.937	2026-03-31	EUR	https://www.pmt.nl/over-pmt/zo-beleggen-we/waar-beleggen-we-in/aandelen-en-obligaties/#
Metal and Technology Pension Fund	NetEase Inc	14.986.107	2026-03-31	EUR	https://www.pmt.nl/over-pmt/zo-beleggen-we/waar-beleggen-we-in/aandelen-en-obligaties/#
Metal and Technology Pension Fund	Netflix Inc	138.592.272	2026-03-31	EUR	https://www.pmt.nl/over-pmt/zo-beleggen-we/waar-beleggen-we-in/aandelen-en-obligaties/#
Metal and Technology Pension Fund	New Oriental Education & Technology Group Inc	3.055.644	2026-03-31	EUR	https://www.pmt.nl/over-pmt/zo-beleggen-we/waar-beleggen-we-in/aandelen-en-obligaties/#
Metal and Technology Pension Fund	Newmont Corp	41.058.242	2026-03-31	EUR	https://www.pmt.nl/over-pmt/zo-beleggen-we/waar-beleggen-we-in/aandelen-en-obligaties/#
Metal and Technology Pension Fund	News Corp	3.190.789	2026-03-31	EUR	https://www.pmt.nl/over-pmt/zo-beleggen-we/waar-beleggen-we-in/aandelen-en-obligaties/#
Metal and Technology Pension Fund	Nexon Co Ltd	2.139.583	2026-03-31	EUR	https://www.pmt.nl/over-pmt/zo-beleggen-we/waar-beleggen-we-in/aandelen-en-obligaties/#
Metal and Technology Pension Fund	Next PLC	6.644.329	2026-03-31	EUR	https://www.pmt.nl/over-pmt/zo-beleggen-we/waar-beleggen-we-in/aandelen-en-obligaties/#
Metal and Technology Pension Fund	NextEra Energy Inc	64.632.695	2026-03-31	EUR	https://www.pmt.nl/over-pmt/zo-beleggen-we/waar-beleggen-we-in/aandelen-en-obligaties/#
Metal and Technology Pension Fund	NH Investment & Securities Co Ltd	1.006.516	2026-03-31	EUR	https://www.pmt.nl/over-pmt/zo-beleggen-we/waar-beleggen-we-in/aandelen-en-obligaties/#
Metal and Technology Pension Fund	NHPC Ltd	657.430	2026-03-31	EUR	https://www.pmt.nl/over-pmt/zo-beleggen-we/waar-beleggen-we-in/aandelen-en-obligaties/#
Metal and Technology Pension Fund	Nibe Industrier AB	2.066.495	2026-03-31	EUR	https://www.pmt.nl/over-pmt/zo-beleggen-we/waar-beleggen-we-in/aandelen-en-obligaties/#
Metal and Technology Pension Fund	Nidec Corp	3.601.583	2026-03-31	EUR	https://www.pmt.nl/over-pmt/zo-beleggen-we/waar-beleggen-we-in/aandelen-en-obligaties/#
Metal and Technology Pension Fund	Ningbo Deye Technology Co Ltd	531.809	2026-03-31	EUR	https://www.pmt.nl/over-pmt/zo-beleggen-we/waar-beleggen-we-in/aandelen-en-obligaties/#
Metal and Technology Pension Fund	Nintendo Co Ltd	21.183.106	2026-03-31	EUR	https://www.pmt.nl/over-pmt/zo-beleggen-we/waar-beleggen-we-in/aandelen-en-obligaties/#
Metal and Technology Pension Fund	NIO Inc	3.957.523	2026-03-31	EUR	https://www.pmt.nl/over-pmt/zo-beleggen-we/waar-beleggen-we-in/aandelen-en-obligaties/#
Metal and Technology Pension Fund	Nippon Paint Holdings Co Ltd	2.064.200	2026-03-31	EUR	https://www.pmt.nl/over-pmt/zo-beleggen-we/waar-beleggen-we-in/aandelen-en-obligaties/#
Metal and Technology Pension Fund	Nippon Sanso Holdings Corp	2.049.556	2026-03-31	EUR	https://www.pmt.nl/over-pmt/zo-beleggen-we/waar-beleggen-we-in/aandelen-en-obligaties/#
Metal and Technology Pension Fund	Nippon Steel Corp	6.128.678	2026-03-31	EUR	https://www.pmt.nl/over-pmt/zo-beleggen-we/waar-beleggen-we-in/aandelen-en-obligaties/#
Metal and Technology Pension Fund	Nippon Yusen KK	5.531.888	2026-03-31	EUR	https://www.pmt.nl/over-pmt/zo-beleggen-we/waar-beleggen-we-in/aandelen-en-obligaties/#
Metal and Technology Pension Fund	Nissan Motor Co Ltd	1.590.667	2026-03-31	EUR	https://www.pmt.nl/over-pmt/zo-beleggen-we/waar-beleggen-we-in/aandelen-en-obligaties/#
Metal and Technology Pension Fund	Nitto Denko Corp	4.720.442	2026-03-31	EUR	https://www.pmt.nl/over-pmt/zo-beleggen-we/waar-beleggen-we-in/aandelen-en-obligaties/#
Metal and Technology Pension Fund	NN Group NV	7.051.091	2026-03-31	EUR	https://www.pmt.nl/over-pmt/zo-beleggen-we/waar-beleggen-we-in/aandelen-en-obligaties/#
Metal and Technology Pension Fund	Nokia OYJ	14.417.775	2026-03-31	EUR	https://www.pmt.nl/over-pmt/zo-beleggen-we/waar-beleggen-we-in/aandelen-en-obligaties/#
Metal and Technology Pension Fund	Nomura Research Institute Ltd	3.554.394	2026-03-31	EUR	https://www.pmt.nl/over-pmt/zo-beleggen-we/waar-beleggen-we-in/aandelen-en-obligaties/#
Metal and Technology Pension Fund	Nongfu Spring Co Ltd	4.697.454	2026-03-31	EUR	https://www.pmt.nl/over-pmt/zo-beleggen-we/waar-beleggen-we-in/aandelen-en-obligaties/#
Metal and Technology Pension Fund	Nordea Bank Abp	18.191.071	2026-03-31	EUR	https://www.pmt.nl/over-pmt/zo-beleggen-we/waar-beleggen-we-in/aandelen-en-obligaties/#
Metal and Technology Pension Fund	Nordson Corp	4.871.147	2026-03-31	EUR	https://www.pmt.nl/over-pmt/zo-beleggen-we/waar-beleggen-we-in/aandelen-en-obligaties/#
Metal and Technology Pension Fund	Northern Trust Corp	9.179.253	2026-03-31	EUR	https://www.pmt.nl/over-pmt/zo-beleggen-we/waar-beleggen-we-in/aandelen-en-obligaties/#
Metal and Technology Pension Fund	Novartis AG	98.132.028	2026-03-31	EUR	https://www.pmt.nl/over-pmt/zo-beleggen-we/waar-beleggen-we-in/aandelen-en-obligaties/#
Metal and Technology Pension Fund	Novatek Microelectronics Corp	2.771.363	2026-03-31	EUR	https://www.pmt.nl/over-pmt/zo-beleggen-we/waar-beleggen-we-in/aandelen-en-obligaties/#
Metal and Technology Pension Fund	Novo Nordisk A/S	39.402.480	2026-03-31	EUR	https://www.pmt.nl/over-pmt/zo-beleggen-we/waar-beleggen-we-in/aandelen-en-obligaties/#
Metal and Technology Pension Fund	Novonesis Novozymes B	7.077.001	2026-03-31	EUR	https://www.pmt.nl/over-pmt/zo-beleggen-we/waar-beleggen-we-in/aandelen-en-obligaties/#
Metal and Technology Pension Fund	NTT Inc	10.287.356	2026-03-31	EUR	https://www.pmt.nl/over-pmt/zo-beleggen-we/waar-beleggen-we-in/aandelen-en-obligaties/#
Metal and Technology Pension Fund	NU Holdings Ltd/Cayman Islands	18.892.272	2026-03-31	EUR	https://www.pmt.nl/over-pmt/zo-beleggen-we/waar-beleggen-we-in/aandelen-en-obligaties/#
Metal and Technology Pension Fund	Nucor Corp	13.107.525	2026-03-31	EUR	https://www.pmt.nl/over-pmt/zo-beleggen-we/waar-beleggen-we-in/aandelen-en-obligaties/#
Metal and Technology Pension Fund	Nutrien Ltd	12.350.749	2026-03-31	EUR	https://www.pmt.nl/over-pmt/zo-beleggen-we/waar-beleggen-we-in/aandelen-en-obligaties/#
Metal and Technology Pension Fund	NVIDIA Corp	653.972.452	2026-03-31	EUR	https://www.pmt.nl/over-pmt/zo-beleggen-we/waar-beleggen-we-in/aandelen-en-obligaties/#
Metal and Technology Pension Fund	NVR Inc	6.577.247	2026-03-31	EUR	https://www.pmt.nl/over-pmt/zo-beleggen-we/waar-beleggen-we-in/aandelen-en-obligaties/#
Metal and Technology Pension Fund	NXP Semiconductors NV	16.755.482	2026-03-31	EUR	https://www.pmt.nl/over-pmt/zo-beleggen-we/waar-beleggen-we-in/aandelen-en-obligaties/#
Metal and Technology Pension Fund	O'Reilly Automotive Inc	26.577.541	2026-03-31	EUR	https://www.pmt.nl/over-pmt/zo-beleggen-we/waar-beleggen-we-in/aandelen-en-obligaties/#
Metal and Technology Pension Fund	Obayashi Corp	5.339.852	2026-03-31	EUR	https://www.pmt.nl/over-pmt/zo-beleggen-we/waar-beleggen-we-in/aandelen-en-obligaties/#
Metal and Technology Pension Fund	Obic Co Ltd	2.740.268	2026-03-31	EUR	https://www.pmt.nl/over-pmt/zo-beleggen-we/waar-beleggen-we-in/aandelen-en-obligaties/#
Metal and Technology Pension Fund	Okta Inc	4.393.332	2026-03-31	EUR	https://www.pmt.nl/over-pmt/zo-beleggen-we/waar-beleggen-we-in/aandelen-en-obligaties/#
Metal and Technology Pension Fund	Olympus Corp	3.697.224	2026-03-31	EUR	https://www.pmt.nl/over-pmt/zo-beleggen-we/waar-beleggen-we-in/aandelen-en-obligaties/#
Metal and Technology Pension Fund	Omnicom Group Inc	4.930.119	2026-03-31	EUR	https://www.pmt.nl/over-pmt/zo-beleggen-we/waar-beleggen-we-in/aandelen-en-obligaties/#
Metal and Technology Pension Fund	OmniVision Integrated Circuits Group Inc	515.383	2026-03-31	EUR	https://www.pmt.nl/over-pmt/zo-beleggen-we/waar-beleggen-we-in/aandelen-en-obligaties/#
Metal and Technology Pension Fund	OMV AG	3.673.374	2026-03-31	EUR	https://www.pmt.nl/over-pmt/zo-beleggen-we/waar-beleggen-we-in/aandelen-en-obligaties/#
Metal and Technology Pension Fund	ON Semiconductor Corp	8.792.081	2026-03-31	EUR	https://www.pmt.nl/over-pmt/zo-beleggen-we/waar-beleggen-we-in/aandelen-en-obligaties/#
Metal and Technology Pension Fund	One 97 Communications Ltd	1.451.662	2026-03-31	EUR	https://www.pmt.nl/over-pmt/zo-beleggen-we/waar-beleggen-we-in/aandelen-en-obligaties/#
Metal and Technology Pension Fund	Open Text Corp	1.935.613	2026-03-31	EUR	https://www.pmt.nl/over-pmt/zo-beleggen-we/waar-beleggen-we-in/aandelen-en-obligaties/#
Metal and Technology Pension Fund	Oracle Corp	83.342.501	2026-03-31	EUR	https://www.pmt.nl/over-pmt/zo-beleggen-we/waar-beleggen-we-in/aandelen-en-obligaties/#
Metal and Technology Pension Fund	Oracle Corp Japan	709.019	2026-03-31	EUR	https://www.pmt.nl/over-pmt/zo-beleggen-we/waar-beleggen-we-in/aandelen-en-obligaties/#
Metal and Technology Pension Fund	Oracle Financial Services Software Ltd	634.207	2026-03-31	EUR	https://www.pmt.nl/over-pmt/zo-beleggen-we/waar-beleggen-we-in/aandelen-en-obligaties/#
Metal and Technology Pension Fund	Orange SA	13.114.037	2026-03-31	EUR	https://www.pmt.nl/over-pmt/zo-beleggen-we/waar-beleggen-we-in/aandelen-en-obligaties/#
Metal and Technology Pension Fund	Oriental Land Co Ltd/Japan	6.349.961	2026-03-31	EUR	https://www.pmt.nl/over-pmt/zo-beleggen-we/waar-beleggen-we-in/aandelen-en-obligaties/#
Metal and Technology Pension Fund	ORIX Corp	11.737.195	2026-03-31	EUR	https://www.pmt.nl/over-pmt/zo-beleggen-we/waar-beleggen-we-in/aandelen-en-obligaties/#
Metal and Technology Pension Fund	Orkla ASA	3.038.675	2026-03-31	EUR	https://www.pmt.nl/over-pmt/zo-beleggen-we/waar-beleggen-we-in/aandelen-en-obligaties/#
Metal and Technology Pension Fund	Orsted AS	1.359.156	2026-03-31	EUR	https://www.pmt.nl/over-pmt/zo-beleggen-we/waar-beleggen-we-in/aandelen-en-obligaties/#
Metal and Technology Pension Fund	Osaka Gas Co Ltd	5.085.905	2026-03-31	EUR	https://www.pmt.nl/over-pmt/zo-beleggen-we/waar-beleggen-we-in/aandelen-en-obligaties/#
Metal and Technology Pension Fund	Otis Worldwide Corp	10.244.642	2026-03-31	EUR	https://www.pmt.nl/over-pmt/zo-beleggen-we/waar-beleggen-we-in/aandelen-en-obligaties/#
Metal and Technology Pension Fund	OTP Bank Nyrt	8.856.490	2026-03-31	EUR	https://www.pmt.nl/over-pmt/zo-beleggen-we/waar-beleggen-we-in/aandelen-en-obligaties/#
Metal and Technology Pension Fund	Otsuka Corp	1.562.386	2026-03-31	EUR	https://www.pmt.nl/over-pmt/zo-beleggen-we/waar-beleggen-we-in/aandelen-en-obligaties/#
Metal and Technology Pension Fund	Otsuka Holdings Co Ltd	10.589.340	2026-03-31	EUR	https://www.pmt.nl/over-pmt/zo-beleggen-we/waar-beleggen-we-in/aandelen-en-obligaties/#
Metal and Technology Pension Fund	OUTsurance Group Ltd	1.253.582	2026-03-31	EUR	https://www.pmt.nl/over-pmt/zo-beleggen-we/waar-beleggen-we-in/aandelen-en-obligaties/#
Metal and Technology Pension Fund	Oversea-Chinese Banking Corp Ltd	19.988.044	2026-03-31	EUR	https://www.pmt.nl/over-pmt/zo-beleggen-we/waar-beleggen-we-in/aandelen-en-obligaties/#
Metal and Technology Pension Fund	PACCAR Inc	20.479.748	2026-03-31	EUR	https://www.pmt.nl/over-pmt/zo-beleggen-we/waar-beleggen-we-in/aandelen-en-obligaties/#
Metal and Technology Pension Fund	Palo Alto Networks Inc	35.769.365	2026-03-31	EUR	https://www.pmt.nl/over-pmt/zo-beleggen-we/waar-beleggen-we-in/aandelen-en-obligaties/#
Metal and Technology Pension Fund	Pan Pacific International Holdings Corp	4.051.784	2026-03-31	EUR	https://www.pmt.nl/over-pmt/zo-beleggen-we/waar-beleggen-we-in/aandelen-en-obligaties/#
Metal and Technology Pension Fund	Panasonic Holdings Corp	13.230.511	2026-03-31	EUR	https://www.pmt.nl/over-pmt/zo-beleggen-we/waar-beleggen-we-in/aandelen-en-obligaties/#
Metal and Technology Pension Fund	Pandora A/S	1.989.797	2026-03-31	EUR	https://www.pmt.nl/over-pmt/zo-beleggen-we/waar-beleggen-we-in/aandelen-en-obligaties/#
Metal and Technology Pension Fund	Parker-Hannifin Corp	38.798.654	2026-03-31	EUR	https://www.pmt.nl/over-pmt/zo-beleggen-we/waar-beleggen-we-in/aandelen-en-obligaties/#
Metal and Technology Pension Fund	Paychex Inc	10.045.733	2026-03-31	EUR	https://www.pmt.nl/over-pmt/zo-beleggen-we/waar-beleggen-we-in/aandelen-en-obligaties/#
Metal and Technology Pension Fund	PayPal Holdings Inc	14.373.695	2026-03-31	EUR	https://www.pmt.nl/over-pmt/zo-beleggen-we/waar-beleggen-we-in/aandelen-en-obligaties/#
Metal and Technology Pension Fund	PB Fintech Ltd	2.030.203	2026-03-31	EUR	https://www.pmt.nl/over-pmt/zo-beleggen-we/waar-beleggen-we-in/aandelen-en-obligaties/#
Metal and Technology Pension Fund	Pearson PLC	2.671.116	2026-03-31	EUR	https://www.pmt.nl/over-pmt/zo-beleggen-we/waar-beleggen-we-in/aandelen-en-obligaties/#
Metal and Technology Pension Fund	Pentair PLC	4.837.546	2026-03-31	EUR	https://www.pmt.nl/over-pmt/zo-beleggen-we/waar-beleggen-we-in/aandelen-en-obligaties/#
Metal and Technology Pension Fund	PepsiCo Inc	71.725.327	2026-03-31	EUR	https://www.pmt.nl/over-pmt/zo-beleggen-we/waar-beleggen-we-in/aandelen-en-obligaties/#
Metal and Technology Pension Fund	Pernod Ricard SA	5.113.196	2026-03-31	EUR	https://www.pmt.nl/over-pmt/zo-beleggen-we/waar-beleggen-we-in/aandelen-en-obligaties/#
Metal and Technology Pension Fund	Persistent Systems Ltd	2.267.613	2026-03-31	EUR	https://www.pmt.nl/over-pmt/zo-beleggen-we/waar-beleggen-we-in/aandelen-en-obligaties/#
Metal and Technology Pension Fund	Petronas Gas Bhd	1.096.791	2026-03-31	EUR	https://www.pmt.nl/over-pmt/zo-beleggen-we/waar-beleggen-we-in/aandelen-en-obligaties/#
Metal and Technology Pension Fund	Pfizer Inc	53.917.377	2026-03-31	EUR	https://www.pmt.nl/over-pmt/zo-beleggen-we/waar-beleggen-we-in/aandelen-en-obligaties/#
Metal and Technology Pension Fund	PG&E Corp	12.971.820	2026-03-31	EUR	https://www.pmt.nl/over-pmt/zo-beleggen-we/waar-beleggen-we-in/aandelen-en-obligaties/#
Metal and Technology Pension Fund	PharmaEssentia Corp	2.272.585	2026-03-31	EUR	https://www.pmt.nl/over-pmt/zo-beleggen-we/waar-beleggen-we-in/aandelen-en-obligaties/#
Metal and Technology Pension Fund	Pharmaron Beijing Co Ltd	160.294	2026-03-31	EUR	https://www.pmt.nl/over-pmt/zo-beleggen-we/waar-beleggen-we-in/aandelen-en-obligaties/#
Metal and Technology Pension Fund	PI Industries Ltd	841.329	2026-03-31	EUR	https://www.pmt.nl/over-pmt/zo-beleggen-we/waar-beleggen-we-in/aandelen-en-obligaties/#
Metal and Technology Pension Fund	Pidilite Industries Ltd	1.603.829	2026-03-31	EUR	https://www.pmt.nl/over-pmt/zo-beleggen-we/waar-beleggen-we-in/aandelen-en-obligaties/#
Metal and Technology Pension Fund	Ping An Bank Co Ltd	707.286	2026-03-31	EUR	https://www.pmt.nl/over-pmt/zo-beleggen-we/waar-beleggen-we-in/aandelen-en-obligaties/#
Metal and Technology Pension Fund	Ping An Insurance Group Co of China Ltd	21.707.186	2026-03-31	EUR	https://www.pmt.nl/over-pmt/zo-beleggen-we/waar-beleggen-we-in/aandelen-en-obligaties/#
Metal and Technology Pension Fund	Pinterest Inc	3.662.524	2026-03-31	EUR	https://www.pmt.nl/over-pmt/zo-beleggen-we/waar-beleggen-we-in/aandelen-en-obligaties/#
Metal and Technology Pension Fund	Piraeus Bank SA	3.416.475	2026-03-31	EUR	https://www.pmt.nl/over-pmt/zo-beleggen-we/waar-beleggen-we-in/aandelen-en-obligaties/#
Metal and Technology Pension Fund	PLDT Inc	433.941	2026-03-31	EUR	https://www.pmt.nl/over-pmt/zo-beleggen-we/waar-beleggen-we-in/aandelen-en-obligaties/#
Metal and Technology Pension Fund	PNC Financial Services Group Inc/The	27.754.062	2026-03-31	EUR	https://www.pmt.nl/over-pmt/zo-beleggen-we/waar-beleggen-we-in/aandelen-en-obligaties/#
Metal and Technology Pension Fund	Pop Mart International Group Ltd	3.757.906	2026-03-31	EUR	https://www.pmt.nl/over-pmt/zo-beleggen-we/waar-beleggen-we-in/aandelen-en-obligaties/#
Metal and Technology Pension Fund	Porto Seguro SA	475.155	2026-03-31	EUR	https://www.pmt.nl/over-pmt/zo-beleggen-we/waar-beleggen-we-in/aandelen-en-obligaties/#
Metal and Technology Pension Fund	POSCO Future M Co Ltd	1.727.153	2026-03-31	EUR	https://www.pmt.nl/over-pmt/zo-beleggen-we/waar-beleggen-we-in/aandelen-en-obligaties/#
Metal and Technology Pension Fund	POSCO Holdings Inc	5.971.282	2026-03-31	EUR	https://www.pmt.nl/over-pmt/zo-beleggen-we/waar-beleggen-we-in/aandelen-en-obligaties/#
Metal and Technology Pension Fund	Posco International Corp	1.249.369	2026-03-31	EUR	https://www.pmt.nl/over-pmt/zo-beleggen-we/waar-beleggen-we-in/aandelen-en-obligaties/#
Metal and Technology Pension Fund	Poste Italiane SpA	3.672.912	2026-03-31	EUR	https://www.pmt.nl/over-pmt/zo-beleggen-we/waar-beleggen-we-in/aandelen-en-obligaties/#
Metal and Technology Pension Fund	Power Corp of Canada	9.096.666	2026-03-31	EUR	https://www.pmt.nl/over-pmt/zo-beleggen-we/waar-beleggen-we-in/aandelen-en-obligaties/#
Metal and Technology Pension Fund	Power Grid Corp of India Ltd	5.871.683	2026-03-31	EUR	https://www.pmt.nl/over-pmt/zo-beleggen-we/waar-beleggen-we-in/aandelen-en-obligaties/#
Metal and Technology Pension Fund	Powszechna Kasa Oszczednosci Bank Polski SA	7.865.041	2026-03-31	EUR	https://www.pmt.nl/over-pmt/zo-beleggen-we/waar-beleggen-we-in/aandelen-en-obligaties/#
Metal and Technology Pension Fund	Powszechny Zaklad Ubezpieczen SA	4.205.486	2026-03-31	EUR	https://www.pmt.nl/over-pmt/zo-beleggen-we/waar-beleggen-we-in/aandelen-en-obligaties/#
Metal and Technology Pension Fund	PPG Industries Inc	8.175.272	2026-03-31	EUR	https://www.pmt.nl/over-pmt/zo-beleggen-we/waar-beleggen-we-in/aandelen-en-obligaties/#
Metal and Technology Pension Fund	President Chain Store Corp	1.590.692	2026-03-31	EUR	https://www.pmt.nl/over-pmt/zo-beleggen-we/waar-beleggen-we-in/aandelen-en-obligaties/#
Metal and Technology Pension Fund	Press Metal Aluminium Holdings Bhd	2.889.620	2026-03-31	EUR	https://www.pmt.nl/over-pmt/zo-beleggen-we/waar-beleggen-we-in/aandelen-en-obligaties/#
Metal and Technology Pension Fund	Principal Financial Group Inc	6.930.149	2026-03-31	EUR	https://www.pmt.nl/over-pmt/zo-beleggen-we/waar-beleggen-we-in/aandelen-en-obligaties/#
Metal and Technology Pension Fund	Pro Medicus Ltd	1.611.431	2026-03-31	EUR	https://www.pmt.nl/over-pmt/zo-beleggen-we/waar-beleggen-we-in/aandelen-en-obligaties/#
Metal and Technology Pension Fund	Procter & Gamble Co/The	114.148.091	2026-03-31	EUR	https://www.pmt.nl/over-pmt/zo-beleggen-we/waar-beleggen-we-in/aandelen-en-obligaties/#
Metal and Technology Pension Fund	Progressive Corp/The	38.967.529	2026-03-31	EUR	https://www.pmt.nl/over-pmt/zo-beleggen-we/waar-beleggen-we-in/aandelen-en-obligaties/#
Metal and Technology Pension Fund	Prosus NV	20.117.071	2026-03-31	EUR	https://www.pmt.nl/over-pmt/zo-beleggen-we/waar-beleggen-we-in/aandelen-en-obligaties/#
Metal and Technology Pension Fund	Prudential Financial Inc	11.626.823	2026-03-31	EUR	https://www.pmt.nl/over-pmt/zo-beleggen-we/waar-beleggen-we-in/aandelen-en-obligaties/#
Metal and Technology Pension Fund	Prudential PLC	12.256.384	2026-03-31	EUR	https://www.pmt.nl/over-pmt/zo-beleggen-we/waar-beleggen-we-in/aandelen-en-obligaties/#
Metal and Technology Pension Fund	Prysmian SpA	11.025.428	2026-03-31	EUR	https://www.pmt.nl/over-pmt/zo-beleggen-we/waar-beleggen-we-in/aandelen-en-obligaties/#
Metal and Technology Pension Fund	PTC Inc	5.762.671	2026-03-31	EUR	https://www.pmt.nl/over-pmt/zo-beleggen-we/waar-beleggen-we-in/aandelen-en-obligaties/#
Metal and Technology Pension Fund	Public Bank Bhd	6.217.997	2026-03-31	EUR	https://www.pmt.nl/over-pmt/zo-beleggen-we/waar-beleggen-we-in/aandelen-en-obligaties/#
Metal and Technology Pension Fund	Public Power Corp SA	1.871.037	2026-03-31	EUR	https://www.pmt.nl/over-pmt/zo-beleggen-we/waar-beleggen-we-in/aandelen-en-obligaties/#
Metal and Technology Pension Fund	Public Service Enterprise Group Inc	13.589.230	2026-03-31	EUR	https://www.pmt.nl/over-pmt/zo-beleggen-we/waar-beleggen-we-in/aandelen-en-obligaties/#
Metal and Technology Pension Fund	Publicis Groupe SA	6.363.982	2026-03-31	EUR	https://www.pmt.nl/over-pmt/zo-beleggen-we/waar-beleggen-we-in/aandelen-en-obligaties/#
Metal and Technology Pension Fund	PulteGroup Inc	7.980.066	2026-03-31	EUR	https://www.pmt.nl/over-pmt/zo-beleggen-we/waar-beleggen-we-in/aandelen-en-obligaties/#
Metal and Technology Pension Fund	Punjab National Bank	969.195	2026-03-31	EUR	https://www.pmt.nl/over-pmt/zo-beleggen-we/waar-beleggen-we-in/aandelen-en-obligaties/#
Metal and Technology Pension Fund	Qantas Airways Ltd	1.453.767	2026-03-31	EUR	https://www.pmt.nl/over-pmt/zo-beleggen-we/waar-beleggen-we-in/aandelen-en-obligaties/#
Metal and Technology Pension Fund	QBE Insurance Group Ltd	7.609.434	2026-03-31	EUR	https://www.pmt.nl/over-pmt/zo-beleggen-we/waar-beleggen-we-in/aandelen-en-obligaties/#
Metal and Technology Pension Fund	QIAGEN NV	2.816.812	2026-03-31	EUR	https://www.pmt.nl/over-pmt/zo-beleggen-we/waar-beleggen-we-in/aandelen-en-obligaties/#
Metal and Technology Pension Fund	QUALCOMM Inc	47.911.927	2026-03-31	EUR	https://www.pmt.nl/over-pmt/zo-beleggen-we/waar-beleggen-we-in/aandelen-en-obligaties/#
Metal and Technology Pension Fund	Quanta Computer Inc	9.072.683	2026-03-31	EUR	https://www.pmt.nl/over-pmt/zo-beleggen-we/waar-beleggen-we-in/aandelen-en-obligaties/#
Metal and Technology Pension Fund	Quanta Services Inc	27.449.571	2026-03-31	EUR	https://www.pmt.nl/over-pmt/zo-beleggen-we/waar-beleggen-we-in/aandelen-en-obligaties/#
Metal and Technology Pension Fund	Quest Diagnostics Inc	7.354.778	2026-03-31	EUR	https://www.pmt.nl/over-pmt/zo-beleggen-we/waar-beleggen-we-in/aandelen-en-obligaties/#
Metal and Technology Pension Fund	Raia Drogasil SA	2.229.083	2026-03-31	EUR	https://www.pmt.nl/over-pmt/zo-beleggen-we/waar-beleggen-we-in/aandelen-en-obligaties/#
Metal and Technology Pension Fund	Rakuten Group Inc	2.407.131	2026-03-31	EUR	https://www.pmt.nl/over-pmt/zo-beleggen-we/waar-beleggen-we-in/aandelen-en-obligaties/#
Metal and Technology Pension Fund	Randstad NV	939.006	2026-03-31	EUR	https://www.pmt.nl/over-pmt/zo-beleggen-we/waar-beleggen-we-in/aandelen-en-obligaties/#
Metal and Technology Pension Fund	Rational AG	1.234.670	2026-03-31	EUR	https://www.pmt.nl/over-pmt/zo-beleggen-we/waar-beleggen-we-in/aandelen-en-obligaties/#
Metal and Technology Pension Fund	Raymond James Financial Inc	9.468.778	2026-03-31	EUR	https://www.pmt.nl/over-pmt/zo-beleggen-we/waar-beleggen-we-in/aandelen-en-obligaties/#
Metal and Technology Pension Fund	RB Global Inc	5.951.283	2026-03-31	EUR	https://www.pmt.nl/over-pmt/zo-beleggen-we/waar-beleggen-we-in/aandelen-en-obligaties/#
Metal and Technology Pension Fund	REA Group Ltd	2.008.179	2026-03-31	EUR	https://www.pmt.nl/over-pmt/zo-beleggen-we/waar-beleggen-we-in/aandelen-en-obligaties/#
Metal and Technology Pension Fund	Realtek Semiconductor Corp	2.867.804	2026-03-31	EUR	https://www.pmt.nl/over-pmt/zo-beleggen-we/waar-beleggen-we-in/aandelen-en-obligaties/#
Metal and Technology Pension Fund	REC Ltd	1.363.561	2026-03-31	EUR	https://www.pmt.nl/over-pmt/zo-beleggen-we/waar-beleggen-we-in/aandelen-en-obligaties/#
Metal and Technology Pension Fund	Reckitt Benckiser Group PLC	15.000.312	2026-03-31	EUR	https://www.pmt.nl/over-pmt/zo-beleggen-we/waar-beleggen-we-in/aandelen-en-obligaties/#
Metal and Technology Pension Fund	Recruit Holdings Co Ltd	20.083.177	2026-03-31	EUR	https://www.pmt.nl/over-pmt/zo-beleggen-we/waar-beleggen-we-in/aandelen-en-obligaties/#
Metal and Technology Pension Fund	Reddit Inc	3.136.613	2026-03-31	EUR	https://www.pmt.nl/over-pmt/zo-beleggen-we/waar-beleggen-we-in/aandelen-en-obligaties/#
Metal and Technology Pension Fund	Rede D'Or Sao Luiz SA	2.503.350	2026-03-31	EUR	https://www.pmt.nl/over-pmt/zo-beleggen-we/waar-beleggen-we-in/aandelen-en-obligaties/#
Metal and Technology Pension Fund	Redeia Corp SA	2.325.407	2026-03-31	EUR	https://www.pmt.nl/over-pmt/zo-beleggen-we/waar-beleggen-we-in/aandelen-en-obligaties/#
Metal and Technology Pension Fund	Regeneron Pharmaceuticals Inc	27.690.849	2026-03-31	EUR	https://www.pmt.nl/over-pmt/zo-beleggen-we/waar-beleggen-we-in/aandelen-en-obligaties/#
Metal and Technology Pension Fund	Regions Financial Corp	7.944.112	2026-03-31	EUR	https://www.pmt.nl/over-pmt/zo-beleggen-we/waar-beleggen-we-in/aandelen-en-obligaties/#
Metal and Technology Pension Fund	Reinet Investments SCA	1.635.901	2026-03-31	EUR	https://www.pmt.nl/over-pmt/zo-beleggen-we/waar-beleggen-we-in/aandelen-en-obligaties/#
Metal and Technology Pension Fund	Reliance Inc	5.401.029	2026-03-31	EUR	https://www.pmt.nl/over-pmt/zo-beleggen-we/waar-beleggen-we-in/aandelen-en-obligaties/#
Metal and Technology Pension Fund	RELX PLC	20.657.271	2026-03-31	EUR	https://www.pmt.nl/over-pmt/zo-beleggen-we/waar-beleggen-we-in/aandelen-en-obligaties/#
Metal and Technology Pension Fund	Renesas Electronics Corp	7.895.725	2026-03-31	EUR	https://www.pmt.nl/over-pmt/zo-beleggen-we/waar-beleggen-we-in/aandelen-en-obligaties/#
Metal and Technology Pension Fund	Rentokil Initial PLC	5.329.086	2026-03-31	EUR	https://www.pmt.nl/over-pmt/zo-beleggen-we/waar-beleggen-we-in/aandelen-en-obligaties/#
Metal and Technology Pension Fund	Republic Services Inc	16.096.506	2026-03-31	EUR	https://www.pmt.nl/over-pmt/zo-beleggen-we/waar-beleggen-we-in/aandelen-en-obligaties/#
Metal and Technology Pension Fund	ResMed Inc	11.093.076	2026-03-31	EUR	https://www.pmt.nl/over-pmt/zo-beleggen-we/waar-beleggen-we-in/aandelen-en-obligaties/#
Metal and Technology Pension Fund	Resona Holdings Inc	7.791.979	2026-03-31	EUR	https://www.pmt.nl/over-pmt/zo-beleggen-we/waar-beleggen-we-in/aandelen-en-obligaties/#
Metal and Technology Pension Fund	Restaurant Brands International Inc	7.718.371	2026-03-31	EUR	https://www.pmt.nl/over-pmt/zo-beleggen-we/waar-beleggen-we-in/aandelen-en-obligaties/#
Metal and Technology Pension Fund	Rexel SA	2.939.090	2026-03-31	EUR	https://www.pmt.nl/over-pmt/zo-beleggen-we/waar-beleggen-we-in/aandelen-en-obligaties/#
Metal and Technology Pension Fund	RHB Bank Bhd	1.155.500	2026-03-31	EUR	https://www.pmt.nl/over-pmt/zo-beleggen-we/waar-beleggen-we-in/aandelen-en-obligaties/#
Metal and Technology Pension Fund	Rheinmetall AG	25.475.202	2026-03-31	EUR	https://www.pmt.nl/over-pmt/zo-beleggen-we/waar-beleggen-we-in/aandelen-en-obligaties/#
Metal and Technology Pension Fund	Richter Gedeon Nyrt	1.767.622	2026-03-31	EUR	https://www.pmt.nl/over-pmt/zo-beleggen-we/waar-beleggen-we-in/aandelen-en-obligaties/#
Metal and Technology Pension Fund	Rivian Automotive Inc	4.005.492	2026-03-31	EUR	https://www.pmt.nl/over-pmt/zo-beleggen-we/waar-beleggen-we-in/aandelen-en-obligaties/#
Metal and Technology Pension Fund	Robinhood Markets Inc	16.990.168	2026-03-31	EUR	https://www.pmt.nl/over-pmt/zo-beleggen-we/waar-beleggen-we-in/aandelen-en-obligaties/#
Metal and Technology Pension Fund	ROBLOX Corp	10.289.924	2026-03-31	EUR	https://www.pmt.nl/over-pmt/zo-beleggen-we/waar-beleggen-we-in/aandelen-en-obligaties/#
Metal and Technology Pension Fund	Roche Holding AG	98.934.228	2026-03-31	EUR	https://www.pmt.nl/over-pmt/zo-beleggen-we/waar-beleggen-we-in/aandelen-en-obligaties/#
Metal and Technology Pension Fund	Rockwell Automation Inc	13.640.056	2026-03-31	EUR	https://www.pmt.nl/over-pmt/zo-beleggen-we/waar-beleggen-we-in/aandelen-en-obligaties/#
Metal and Technology Pension Fund	ROCKWOOL A/S	857.944	2026-03-31	EUR	https://www.pmt.nl/over-pmt/zo-beleggen-we/waar-beleggen-we-in/aandelen-en-obligaties/#
Metal and Technology Pension Fund	Rogers Communications Inc	4.657.806	2026-03-31	EUR	https://www.pmt.nl/over-pmt/zo-beleggen-we/waar-beleggen-we-in/aandelen-en-obligaties/#
Metal and Technology Pension Fund	Rollins Inc	5.215.981	2026-03-31	EUR	https://www.pmt.nl/over-pmt/zo-beleggen-we/waar-beleggen-we-in/aandelen-en-obligaties/#
Metal and Technology Pension Fund	Rongsheng Petrochemical Co Ltd	361.674	2026-03-31	EUR	https://www.pmt.nl/over-pmt/zo-beleggen-we/waar-beleggen-we-in/aandelen-en-obligaties/#
Metal and Technology Pension Fund	Roper Technologies Inc	12.866.045	2026-03-31	EUR	https://www.pmt.nl/over-pmt/zo-beleggen-we/waar-beleggen-we-in/aandelen-en-obligaties/#
Metal and Technology Pension Fund	Royal Caribbean Cruises Ltd	23.599.993	2026-03-31	EUR	https://www.pmt.nl/over-pmt/zo-beleggen-we/waar-beleggen-we-in/aandelen-en-obligaties/#
Metal and Technology Pension Fund	Royalty Pharma PLC	5.953.159	2026-03-31	EUR	https://www.pmt.nl/over-pmt/zo-beleggen-we/waar-beleggen-we-in/aandelen-en-obligaties/#
Metal and Technology Pension Fund	RPM International Inc	4.301.323	2026-03-31	EUR	https://www.pmt.nl/over-pmt/zo-beleggen-we/waar-beleggen-we-in/aandelen-en-obligaties/#
Metal and Technology Pension Fund	Rumo SA	1.542.976	2026-03-31	EUR	https://www.pmt.nl/over-pmt/zo-beleggen-we/waar-beleggen-we-in/aandelen-en-obligaties/#
Metal and Technology Pension Fund	RWE AG	14.549.895	2026-03-31	EUR	https://www.pmt.nl/over-pmt/zo-beleggen-we/waar-beleggen-we-in/aandelen-en-obligaties/#
Metal and Technology Pension Fund	Ryanair Holdings PLC	7.956.062	2026-03-31	EUR	https://www.pmt.nl/over-pmt/zo-beleggen-we/waar-beleggen-we-in/aandelen-en-obligaties/#
Metal and Technology Pension Fund	S&P Global Inc	44.930.921	2026-03-31	EUR	https://www.pmt.nl/over-pmt/zo-beleggen-we/waar-beleggen-we-in/aandelen-en-obligaties/#
Metal and Technology Pension Fund	Saab AB	7.046.735	2026-03-31	EUR	https://www.pmt.nl/over-pmt/zo-beleggen-we/waar-beleggen-we-in/aandelen-en-obligaties/#
Metal and Technology Pension Fund	Sagax AB	31.638.462	2026-03-31	EUR	https://www.pmt.nl/over-pmt/zo-beleggen-we/waar-beleggen-we-in/aandelen-en-obligaties/#
Metal and Technology Pension Fund	Sage Group PLC/The	3.746.588	2026-03-31	EUR	https://www.pmt.nl/over-pmt/zo-beleggen-we/waar-beleggen-we-in/aandelen-en-obligaties/#
Metal and Technology Pension Fund	Sailun Group Co Ltd	248.033	2026-03-31	EUR	https://www.pmt.nl/over-pmt/zo-beleggen-we/waar-beleggen-we-in/aandelen-en-obligaties/#
Metal and Technology Pension Fund	Salesforce Inc	60.640.856	2026-03-31	EUR	https://www.pmt.nl/over-pmt/zo-beleggen-we/waar-beleggen-we-in/aandelen-en-obligaties/#
Metal and Technology Pension Fund	Salik Co PJSC	1.042.041	2026-03-31	EUR	https://www.pmt.nl/over-pmt/zo-beleggen-we/waar-beleggen-we-in/aandelen-en-obligaties/#
Metal and Technology Pension Fund	Sampo Oyj	8.733.591	2026-03-31	EUR	https://www.pmt.nl/over-pmt/zo-beleggen-we/waar-beleggen-we-in/aandelen-en-obligaties/#
Metal and Technology Pension Fund	Samsara Inc	3.055.849	2026-03-31	EUR	https://www.pmt.nl/over-pmt/zo-beleggen-we/waar-beleggen-we-in/aandelen-en-obligaties/#
Metal and Technology Pension Fund	Samsung Biologics Co Ltd	4.358.340	2026-03-31	EUR	https://www.pmt.nl/over-pmt/zo-beleggen-we/waar-beleggen-we-in/aandelen-en-obligaties/#
Metal and Technology Pension Fund	Samsung Electro-Mechanics Co Ltd	5.895.098	2026-03-31	EUR	https://www.pmt.nl/over-pmt/zo-beleggen-we/waar-beleggen-we-in/aandelen-en-obligaties/#
Metal and Technology Pension Fund	Samsung Electronics Co Ltd	160.278.267	2026-03-31	EUR	https://www.pmt.nl/over-pmt/zo-beleggen-we/waar-beleggen-we-in/aandelen-en-obligaties/#
Metal and Technology Pension Fund	Samsung Fire & Marine Insurance Co Ltd	3.459.317	2026-03-31	EUR	https://www.pmt.nl/over-pmt/zo-beleggen-we/waar-beleggen-we-in/aandelen-en-obligaties/#
Metal and Technology Pension Fund	Samsung Heavy Industries Co Ltd	4.315.101	2026-03-31	EUR	https://www.pmt.nl/over-pmt/zo-beleggen-we/waar-beleggen-we-in/aandelen-en-obligaties/#
Metal and Technology Pension Fund	Samsung Life Insurance Co Ltd	4.373.968	2026-03-31	EUR	https://www.pmt.nl/over-pmt/zo-beleggen-we/waar-beleggen-we-in/aandelen-en-obligaties/#
Metal and Technology Pension Fund	Samsung SDI Co Ltd	6.063.241	2026-03-31	EUR	https://www.pmt.nl/over-pmt/zo-beleggen-we/waar-beleggen-we-in/aandelen-en-obligaties/#
Metal and Technology Pension Fund	Samsung SDS Co Ltd	1.537.601	2026-03-31	EUR	https://www.pmt.nl/over-pmt/zo-beleggen-we/waar-beleggen-we-in/aandelen-en-obligaties/#
Metal and Technology Pension Fund	Samvardhana Motherson International Ltd	2.012.786	2026-03-31	EUR	https://www.pmt.nl/over-pmt/zo-beleggen-we/waar-beleggen-we-in/aandelen-en-obligaties/#
Metal and Technology Pension Fund	Sandoz Group AG	11.066.787	2026-03-31	EUR	https://www.pmt.nl/over-pmt/zo-beleggen-we/waar-beleggen-we-in/aandelen-en-obligaties/#
Metal and Technology Pension Fund	Sands China Ltd	1.810.824	2026-03-31	EUR	https://www.pmt.nl/over-pmt/zo-beleggen-we/waar-beleggen-we-in/aandelen-en-obligaties/#
Metal and Technology Pension Fund	Sandvik AB	13.690.551	2026-03-31	EUR	https://www.pmt.nl/over-pmt/zo-beleggen-we/waar-beleggen-we-in/aandelen-en-obligaties/#
Metal and Technology Pension Fund	Sanlam Ltd	3.418.905	2026-03-31	EUR	https://www.pmt.nl/over-pmt/zo-beleggen-we/waar-beleggen-we-in/aandelen-en-obligaties/#
Metal and Technology Pension Fund	Sanofi SA	36.366.938	2026-03-31	EUR	https://www.pmt.nl/over-pmt/zo-beleggen-we/waar-beleggen-we-in/aandelen-en-obligaties/#
Metal and Technology Pension Fund	Sanrio Co Ltd	1.952.486	2026-03-31	EUR	https://www.pmt.nl/over-pmt/zo-beleggen-we/waar-beleggen-we-in/aandelen-en-obligaties/#
Metal and Technology Pension Fund	Santander Bank Polska SA	2.605.890	2026-03-31	EUR	https://www.pmt.nl/over-pmt/zo-beleggen-we/waar-beleggen-we-in/aandelen-en-obligaties/#
Metal and Technology Pension Fund	Sany Heavy Industry Co Ltd	606.084	2026-03-31	EUR	https://www.pmt.nl/over-pmt/zo-beleggen-we/waar-beleggen-we-in/aandelen-en-obligaties/#
Metal and Technology Pension Fund	SAP SE	60.735.364	2026-03-31	EUR	https://www.pmt.nl/over-pmt/zo-beleggen-we/waar-beleggen-we-in/aandelen-en-obligaties/#
Metal and Technology Pension Fund	Saputo Inc	2.621.195	2026-03-31	EUR	https://www.pmt.nl/over-pmt/zo-beleggen-we/waar-beleggen-we-in/aandelen-en-obligaties/#
Metal and Technology Pension Fund	Sartorius AG	2.192.741	2026-03-31	EUR	https://www.pmt.nl/over-pmt/zo-beleggen-we/waar-beleggen-we-in/aandelen-en-obligaties/#
Metal and Technology Pension Fund	Sartorius Stedim Biotech	1.916.120	2026-03-31	EUR	https://www.pmt.nl/over-pmt/zo-beleggen-we/waar-beleggen-we-in/aandelen-en-obligaties/#
Metal and Technology Pension Fund	Satellite Chemical Co Ltd	495.516	2026-03-31	EUR	https://www.pmt.nl/over-pmt/zo-beleggen-we/waar-beleggen-we-in/aandelen-en-obligaties/#
Metal and Technology Pension Fund	Saudi Awwal Bank	4.089.150	2026-03-31	EUR	https://www.pmt.nl/over-pmt/zo-beleggen-we/waar-beleggen-we-in/aandelen-en-obligaties/#
Metal and Technology Pension Fund	SBI Cards & Payment Services Ltd	723.119	2026-03-31	EUR	https://www.pmt.nl/over-pmt/zo-beleggen-we/waar-beleggen-we-in/aandelen-en-obligaties/#
Metal and Technology Pension Fund	SBI Life Insurance Co Ltd	3.234.684	2026-03-31	EUR	https://www.pmt.nl/over-pmt/zo-beleggen-we/waar-beleggen-we-in/aandelen-en-obligaties/#
Metal and Technology Pension Fund	SCB X PCL	1.436.290	2026-03-31	EUR	https://www.pmt.nl/over-pmt/zo-beleggen-we/waar-beleggen-we-in/aandelen-en-obligaties/#
Metal and Technology Pension Fund	Schindler Holding AG	7.046.331	2026-03-31	EUR	https://www.pmt.nl/over-pmt/zo-beleggen-we/waar-beleggen-we-in/aandelen-en-obligaties/#
Metal and Technology Pension Fund	Schneider Electric SE	49.542.188	2026-03-31	EUR	https://www.pmt.nl/over-pmt/zo-beleggen-we/waar-beleggen-we-in/aandelen-en-obligaties/#
Metal and Technology Pension Fund	Schroders PLC	1.848.447	2026-03-31	EUR	https://www.pmt.nl/over-pmt/zo-beleggen-we/waar-beleggen-we-in/aandelen-en-obligaties/#
Metal and Technology Pension Fund	Scout24 SE	1.951.554	2026-03-31	EUR	https://www.pmt.nl/over-pmt/zo-beleggen-we/waar-beleggen-we-in/aandelen-en-obligaties/#
Metal and Technology Pension Fund	SCREEN Holdings Co Ltd	3.160.398	2026-03-31	EUR	https://www.pmt.nl/over-pmt/zo-beleggen-we/waar-beleggen-we-in/aandelen-en-obligaties/#
Metal and Technology Pension Fund	Secom Co Ltd	5.548.536	2026-03-31	EUR	https://www.pmt.nl/over-pmt/zo-beleggen-we/waar-beleggen-we-in/aandelen-en-obligaties/#
Metal and Technology Pension Fund	Securitas AB	2.791.668	2026-03-31	EUR	https://www.pmt.nl/over-pmt/zo-beleggen-we/waar-beleggen-we-in/aandelen-en-obligaties/#
Metal and Technology Pension Fund	Sekisui Chemical Co Ltd	2.113.031	2026-03-31	EUR	https://www.pmt.nl/over-pmt/zo-beleggen-we/waar-beleggen-we-in/aandelen-en-obligaties/#
Metal and Technology Pension Fund	Sekisui House Ltd	4.593.387	2026-03-31	EUR	https://www.pmt.nl/over-pmt/zo-beleggen-we/waar-beleggen-we-in/aandelen-en-obligaties/#
Metal and Technology Pension Fund	Sembcorp Industries Ltd	1.657.835	2026-03-31	EUR	https://www.pmt.nl/over-pmt/zo-beleggen-we/waar-beleggen-we-in/aandelen-en-obligaties/#
Metal and Technology Pension Fund	Sempra	21.399.580	2026-03-31	EUR	https://www.pmt.nl/over-pmt/zo-beleggen-we/waar-beleggen-we-in/aandelen-en-obligaties/#
Metal and Technology Pension Fund	ServiceNow Inc	36.287.797	2026-03-31	EUR	https://www.pmt.nl/over-pmt/zo-beleggen-we/waar-beleggen-we-in/aandelen-en-obligaties/#
Metal and Technology Pension Fund	Seven & i Holdings Co Ltd	10.326.524	2026-03-31	EUR	https://www.pmt.nl/over-pmt/zo-beleggen-we/waar-beleggen-we-in/aandelen-en-obligaties/#
Metal and Technology Pension Fund	Severn Trent PLC	3.815.338	2026-03-31	EUR	https://www.pmt.nl/over-pmt/zo-beleggen-we/waar-beleggen-we-in/aandelen-en-obligaties/#
Metal and Technology Pension Fund	SF Holding Co Ltd	581.617	2026-03-31	EUR	https://www.pmt.nl/over-pmt/zo-beleggen-we/waar-beleggen-we-in/aandelen-en-obligaties/#
Metal and Technology Pension Fund	SG Micro Corp	159.056	2026-03-31	EUR	https://www.pmt.nl/over-pmt/zo-beleggen-we/waar-beleggen-we-in/aandelen-en-obligaties/#
Metal and Technology Pension Fund	SGH Ltd	2.000.755	2026-03-31	EUR	https://www.pmt.nl/over-pmt/zo-beleggen-we/waar-beleggen-we-in/aandelen-en-obligaties/#
Metal and Technology Pension Fund	SGS SA	5.747.613	2026-03-31	EUR	https://www.pmt.nl/over-pmt/zo-beleggen-we/waar-beleggen-we-in/aandelen-en-obligaties/#
Metal and Technology Pension Fund	Shandong Weigao Group Medical Polymer Co Ltd	469.087	2026-03-31	EUR	https://www.pmt.nl/over-pmt/zo-beleggen-we/waar-beleggen-we-in/aandelen-en-obligaties/#
Metal and Technology Pension Fund	Shanghai Commercial & Savings Bank Ltd/The	1.841.487	2026-03-31	EUR	https://www.pmt.nl/over-pmt/zo-beleggen-we/waar-beleggen-we-in/aandelen-en-obligaties/#
Metal and Technology Pension Fund	Shanghai Fosun Pharmaceutical Group Co Ltd	273.672	2026-03-31	EUR	https://www.pmt.nl/over-pmt/zo-beleggen-we/waar-beleggen-we-in/aandelen-en-obligaties/#
Metal and Technology Pension Fund	Shanghai Putailai New Energy Technology Co Ltd	280.336	2026-03-31	EUR	https://www.pmt.nl/over-pmt/zo-beleggen-we/waar-beleggen-we-in/aandelen-en-obligaties/#
Metal and Technology Pension Fund	Shanghai United Imaging Healthcare Co Ltd	347.792	2026-03-31	EUR	https://www.pmt.nl/over-pmt/zo-beleggen-we/waar-beleggen-we-in/aandelen-en-obligaties/#
Metal and Technology Pension Fund	Shell PLC	97.098.767	2026-03-31	EUR	https://www.pmt.nl/over-pmt/zo-beleggen-we/waar-beleggen-we-in/aandelen-en-obligaties/#
Metal and Technology Pension Fund	Shenzhen Inovance Technology Co Ltd	404.880	2026-03-31	EUR	https://www.pmt.nl/over-pmt/zo-beleggen-we/waar-beleggen-we-in/aandelen-en-obligaties/#
Metal and Technology Pension Fund	Shenzhen Mindray Bio-Medical Electronics Co Ltd	695.078	2026-03-31	EUR	https://www.pmt.nl/over-pmt/zo-beleggen-we/waar-beleggen-we-in/aandelen-en-obligaties/#
Metal and Technology Pension Fund	Shenzhen New Industries Biomedical Engineering Co Ltd	136.243	2026-03-31	EUR	https://www.pmt.nl/over-pmt/zo-beleggen-we/waar-beleggen-we-in/aandelen-en-obligaties/#
Metal and Technology Pension Fund	Shenzhen Salubris Pharmaceuticals Co Ltd	365.874	2026-03-31	EUR	https://www.pmt.nl/over-pmt/zo-beleggen-we/waar-beleggen-we-in/aandelen-en-obligaties/#
Metal and Technology Pension Fund	Sherwin-Williams Co/The	25.832.068	2026-03-31	EUR	https://www.pmt.nl/over-pmt/zo-beleggen-we/waar-beleggen-we-in/aandelen-en-obligaties/#
Metal and Technology Pension Fund	Shimadzu Corp	1.946.097	2026-03-31	EUR	https://www.pmt.nl/over-pmt/zo-beleggen-we/waar-beleggen-we-in/aandelen-en-obligaties/#
Metal and Technology Pension Fund	Shimano Inc	2.769.653	2026-03-31	EUR	https://www.pmt.nl/over-pmt/zo-beleggen-we/waar-beleggen-we-in/aandelen-en-obligaties/#
Metal and Technology Pension Fund	Shin-Etsu Chemical Co Ltd	24.670.165	2026-03-31	EUR	https://www.pmt.nl/over-pmt/zo-beleggen-we/waar-beleggen-we-in/aandelen-en-obligaties/#
Metal and Technology Pension Fund	Shinhan Financial Group Co Ltd	9.803.271	2026-03-31	EUR	https://www.pmt.nl/over-pmt/zo-beleggen-we/waar-beleggen-we-in/aandelen-en-obligaties/#
Metal and Technology Pension Fund	Shionogi & Co Ltd	5.711.534	2026-03-31	EUR	https://www.pmt.nl/over-pmt/zo-beleggen-we/waar-beleggen-we-in/aandelen-en-obligaties/#
Metal and Technology Pension Fund	Shiseido Co Ltd	2.847.103	2026-03-31	EUR	https://www.pmt.nl/over-pmt/zo-beleggen-we/waar-beleggen-we-in/aandelen-en-obligaties/#
Metal and Technology Pension Fund	Shopify Inc	48.596.284	2026-03-31	EUR	https://www.pmt.nl/over-pmt/zo-beleggen-we/waar-beleggen-we-in/aandelen-en-obligaties/#
Metal and Technology Pension Fund	Shoprite Holdings Ltd	3.203.421	2026-03-31	EUR	https://www.pmt.nl/over-pmt/zo-beleggen-we/waar-beleggen-we-in/aandelen-en-obligaties/#
Metal and Technology Pension Fund	Shriram Finance Ltd	5.168.606	2026-03-31	EUR	https://www.pmt.nl/over-pmt/zo-beleggen-we/waar-beleggen-we-in/aandelen-en-obligaties/#
Metal and Technology Pension Fund	Shurgard Self Storage Ltd	13.444.645	2026-03-31	EUR	https://www.pmt.nl/over-pmt/zo-beleggen-we/waar-beleggen-we-in/aandelen-en-obligaties/#
Metal and Technology Pension Fund	Siam Cement PCL/The	2.187.087	2026-03-31	EUR	https://www.pmt.nl/over-pmt/zo-beleggen-we/waar-beleggen-we-in/aandelen-en-obligaties/#
Metal and Technology Pension Fund	Sichuan Kelun Pharmaceutical Co Ltd	244.933	2026-03-31	EUR	https://www.pmt.nl/over-pmt/zo-beleggen-we/waar-beleggen-we-in/aandelen-en-obligaties/#
Metal and Technology Pension Fund	Sichuan Kelun-Biotech Biopharmaceutical Co Ltd	1.043.892	2026-03-31	EUR	https://www.pmt.nl/over-pmt/zo-beleggen-we/waar-beleggen-we-in/aandelen-en-obligaties/#
Metal and Technology Pension Fund	Siemens AG	61.872.092	2026-03-31	EUR	https://www.pmt.nl/over-pmt/zo-beleggen-we/waar-beleggen-we-in/aandelen-en-obligaties/#
Metal and Technology Pension Fund	Siemens Energy AG	38.260.840	2026-03-31	EUR	https://www.pmt.nl/over-pmt/zo-beleggen-we/waar-beleggen-we-in/aandelen-en-obligaties/#
Metal and Technology Pension Fund	Siemens Healthineers AG	4.782.344	2026-03-31	EUR	https://www.pmt.nl/over-pmt/zo-beleggen-we/waar-beleggen-we-in/aandelen-en-obligaties/#
Metal and Technology Pension Fund	Siemens Ltd	1.049.255	2026-03-31	EUR	https://www.pmt.nl/over-pmt/zo-beleggen-we/waar-beleggen-we-in/aandelen-en-obligaties/#
Metal and Technology Pension Fund	Sigma Healthcare Ltd	2.939.835	2026-03-31	EUR	https://www.pmt.nl/over-pmt/zo-beleggen-we/waar-beleggen-we-in/aandelen-en-obligaties/#
Metal and Technology Pension Fund	Sika AG	8.375.418	2026-03-31	EUR	https://www.pmt.nl/over-pmt/zo-beleggen-we/waar-beleggen-we-in/aandelen-en-obligaties/#
Metal and Technology Pension Fund	Singapore Airlines Ltd	2.686.620	2026-03-31	EUR	https://www.pmt.nl/over-pmt/zo-beleggen-we/waar-beleggen-we-in/aandelen-en-obligaties/#
Metal and Technology Pension Fund	Singapore Exchange Ltd	4.427.948	2026-03-31	EUR	https://www.pmt.nl/over-pmt/zo-beleggen-we/waar-beleggen-we-in/aandelen-en-obligaties/#
Metal and Technology Pension Fund	Singapore Technologies Engineering Ltd	4.571.252	2026-03-31	EUR	https://www.pmt.nl/over-pmt/zo-beleggen-we/waar-beleggen-we-in/aandelen-en-obligaties/#
Metal and Technology Pension Fund	Singapore Telecommunications Ltd	9.949.123	2026-03-31	EUR	https://www.pmt.nl/over-pmt/zo-beleggen-we/waar-beleggen-we-in/aandelen-en-obligaties/#
Metal and Technology Pension Fund	Sino Biopharmaceutical Ltd	3.081.761	2026-03-31	EUR	https://www.pmt.nl/over-pmt/zo-beleggen-we/waar-beleggen-we-in/aandelen-en-obligaties/#
Metal and Technology Pension Fund	SinoPac Financial Holdings Co Ltd	4.602.308	2026-03-31	EUR	https://www.pmt.nl/over-pmt/zo-beleggen-we/waar-beleggen-we-in/aandelen-en-obligaties/#
Metal and Technology Pension Fund	Sirius Real Estate Ltd	4.239.441	2026-03-31	EUR	https://www.pmt.nl/over-pmt/zo-beleggen-we/waar-beleggen-we-in/aandelen-en-obligaties/#
Metal and Technology Pension Fund	SK Biopharmaceuticals Co Ltd	728.149	2026-03-31	EUR	https://www.pmt.nl/over-pmt/zo-beleggen-we/waar-beleggen-we-in/aandelen-en-obligaties/#
Metal and Technology Pension Fund	SK Hynix Inc	112.547.226	2026-03-31	EUR	https://www.pmt.nl/over-pmt/zo-beleggen-we/waar-beleggen-we-in/aandelen-en-obligaties/#
Metal and Technology Pension Fund	SK Inc	2.754.044	2026-03-31	EUR	https://www.pmt.nl/over-pmt/zo-beleggen-we/waar-beleggen-we-in/aandelen-en-obligaties/#
Metal and Technology Pension Fund	SK Square Co Ltd	11.014.289	2026-03-31	EUR	https://www.pmt.nl/over-pmt/zo-beleggen-we/waar-beleggen-we-in/aandelen-en-obligaties/#
Metal and Technology Pension Fund	SK Telecom Co Ltd	1.999.563	2026-03-31	EUR	https://www.pmt.nl/over-pmt/zo-beleggen-we/waar-beleggen-we-in/aandelen-en-obligaties/#
Metal and Technology Pension Fund	Skandinaviska Enskilda Banken AB	9.889.313	2026-03-31	EUR	https://www.pmt.nl/over-pmt/zo-beleggen-we/waar-beleggen-we-in/aandelen-en-obligaties/#
Metal and Technology Pension Fund	Skanska AB	3.095.481	2026-03-31	EUR	https://www.pmt.nl/over-pmt/zo-beleggen-we/waar-beleggen-we-in/aandelen-en-obligaties/#
Metal and Technology Pension Fund	SKF AB	2.784.814	2026-03-31	EUR	https://www.pmt.nl/over-pmt/zo-beleggen-we/waar-beleggen-we-in/aandelen-en-obligaties/#
Metal and Technology Pension Fund	SMC Corp	7.479.524	2026-03-31	EUR	https://www.pmt.nl/over-pmt/zo-beleggen-we/waar-beleggen-we-in/aandelen-en-obligaties/#
Metal and Technology Pension Fund	Smith & Nephew PLC	4.454.634	2026-03-31	EUR	https://www.pmt.nl/over-pmt/zo-beleggen-we/waar-beleggen-we-in/aandelen-en-obligaties/#
Metal and Technology Pension Fund	Smiths Group PLC	3.458.387	2026-03-31	EUR	https://www.pmt.nl/over-pmt/zo-beleggen-we/waar-beleggen-we-in/aandelen-en-obligaties/#
Metal and Technology Pension Fund	Snam SpA	5.257.422	2026-03-31	EUR	https://www.pmt.nl/over-pmt/zo-beleggen-we/waar-beleggen-we-in/aandelen-en-obligaties/#
Metal and Technology Pension Fund	Snap Inc	1.671.247	2026-03-31	EUR	https://www.pmt.nl/over-pmt/zo-beleggen-we/waar-beleggen-we-in/aandelen-en-obligaties/#
Metal and Technology Pension Fund	Snap-on Inc	6.413.566	2026-03-31	EUR	https://www.pmt.nl/over-pmt/zo-beleggen-we/waar-beleggen-we-in/aandelen-en-obligaties/#
Metal and Technology Pension Fund	Snowflake Inc	16.185.203	2026-03-31	EUR	https://www.pmt.nl/over-pmt/zo-beleggen-we/waar-beleggen-we-in/aandelen-en-obligaties/#
Metal and Technology Pension Fund	Sociedad Quimica y Minera de Chile SA	4.628.725	2026-03-31	EUR	https://www.pmt.nl/over-pmt/zo-beleggen-we/waar-beleggen-we-in/aandelen-en-obligaties/#
Metal and Technology Pension Fund	SoftBank Corp	13.216.358	2026-03-31	EUR	https://www.pmt.nl/over-pmt/zo-beleggen-we/waar-beleggen-we-in/aandelen-en-obligaties/#
Metal and Technology Pension Fund	SoftBank Group Corp	29.764.072	2026-03-31	EUR	https://www.pmt.nl/over-pmt/zo-beleggen-we/waar-beleggen-we-in/aandelen-en-obligaties/#
Metal and Technology Pension Fund	Solventum Corp	3.248.338	2026-03-31	EUR	https://www.pmt.nl/over-pmt/zo-beleggen-we/waar-beleggen-we-in/aandelen-en-obligaties/#
Metal and Technology Pension Fund	Sompo Holdings Inc	11.761.386	2026-03-31	EUR	https://www.pmt.nl/over-pmt/zo-beleggen-we/waar-beleggen-we-in/aandelen-en-obligaties/#
Metal and Technology Pension Fund	Sonic Healthcare Ltd	2.262.592	2026-03-31	EUR	https://www.pmt.nl/over-pmt/zo-beleggen-we/waar-beleggen-we-in/aandelen-en-obligaties/#
Metal and Technology Pension Fund	Sonova Holding AG	3.870.004	2026-03-31	EUR	https://www.pmt.nl/over-pmt/zo-beleggen-we/waar-beleggen-we-in/aandelen-en-obligaties/#
Metal and Technology Pension Fund	Sony Financial Group Inc	1.967.185	2026-03-31	EUR	https://www.pmt.nl/over-pmt/zo-beleggen-we/waar-beleggen-we-in/aandelen-en-obligaties/#
Metal and Technology Pension Fund	Sony Group Corp	43.220.011	2026-03-31	EUR	https://www.pmt.nl/over-pmt/zo-beleggen-we/waar-beleggen-we-in/aandelen-en-obligaties/#
Metal and Technology Pension Fund	Spirax Group PLC	2.220.543	2026-03-31	EUR	https://www.pmt.nl/over-pmt/zo-beleggen-we/waar-beleggen-we-in/aandelen-en-obligaties/#
Metal and Technology Pension Fund	Spotify Technology SA	25.473.557	2026-03-31	EUR	https://www.pmt.nl/over-pmt/zo-beleggen-we/waar-beleggen-we-in/aandelen-en-obligaties/#
Metal and Technology Pension Fund	Spring Airlines Co Ltd	261.773	2026-03-31	EUR	https://www.pmt.nl/over-pmt/zo-beleggen-we/waar-beleggen-we-in/aandelen-en-obligaties/#
Metal and Technology Pension Fund	SSE PLC	13.104.884	2026-03-31	EUR	https://www.pmt.nl/over-pmt/zo-beleggen-we/waar-beleggen-we-in/aandelen-en-obligaties/#
Metal and Technology Pension Fund	Standard Bank Group Ltd	9.216.232	2026-03-31	EUR	https://www.pmt.nl/over-pmt/zo-beleggen-we/waar-beleggen-we-in/aandelen-en-obligaties/#
Metal and Technology Pension Fund	Standard Life PLC	2.153.183	2026-03-31	EUR	https://www.pmt.nl/over-pmt/zo-beleggen-we/waar-beleggen-we-in/aandelen-en-obligaties/#
Metal and Technology Pension Fund	Stantec Inc	3.301.793	2026-03-31	EUR	https://www.pmt.nl/over-pmt/zo-beleggen-we/waar-beleggen-we-in/aandelen-en-obligaties/#
Metal and Technology Pension Fund	Starbucks Corp	34.125.610	2026-03-31	EUR	https://www.pmt.nl/over-pmt/zo-beleggen-we/waar-beleggen-we-in/aandelen-en-obligaties/#
Metal and Technology Pension Fund	State Bank of India	7.509.322	2026-03-31	EUR	https://www.pmt.nl/over-pmt/zo-beleggen-we/waar-beleggen-we-in/aandelen-en-obligaties/#
Metal and Technology Pension Fund	State Street Corp	12.274.079	2026-03-31	EUR	https://www.pmt.nl/over-pmt/zo-beleggen-we/waar-beleggen-we-in/aandelen-en-obligaties/#
Metal and Technology Pension Fund	Steel Dynamics Inc	8.604.756	2026-03-31	EUR	https://www.pmt.nl/over-pmt/zo-beleggen-we/waar-beleggen-we-in/aandelen-en-obligaties/#
Metal and Technology Pension Fund	Stellantis NV	4.795.953	2026-03-31	EUR	https://www.pmt.nl/over-pmt/zo-beleggen-we/waar-beleggen-we-in/aandelen-en-obligaties/#
Metal and Technology Pension Fund	STERIS PLC	7.309.458	2026-03-31	EUR	https://www.pmt.nl/over-pmt/zo-beleggen-we/waar-beleggen-we-in/aandelen-en-obligaties/#
Metal and Technology Pension Fund	STMicroelectronics NV	7.606.413	2026-03-31	EUR	https://www.pmt.nl/over-pmt/zo-beleggen-we/waar-beleggen-we-in/aandelen-en-obligaties/#
Metal and Technology Pension Fund	StoneCo Ltd	1.177.688	2026-03-31	EUR	https://www.pmt.nl/over-pmt/zo-beleggen-we/waar-beleggen-we-in/aandelen-en-obligaties/#
Metal and Technology Pension Fund	Stora Enso OYJ	2.311.639	2026-03-31	EUR	https://www.pmt.nl/over-pmt/zo-beleggen-we/waar-beleggen-we-in/aandelen-en-obligaties/#
Metal and Technology Pension Fund	Strategy Inc	10.496.544	2026-03-31	EUR	https://www.pmt.nl/over-pmt/zo-beleggen-we/waar-beleggen-we-in/aandelen-en-obligaties/#
Metal and Technology Pension Fund	Straumann Holding AG	3.938.232	2026-03-31	EUR	https://www.pmt.nl/over-pmt/zo-beleggen-we/waar-beleggen-we-in/aandelen-en-obligaties/#
Metal and Technology Pension Fund	Stryker Corp	38.012.005	2026-03-31	EUR	https://www.pmt.nl/over-pmt/zo-beleggen-we/waar-beleggen-we-in/aandelen-en-obligaties/#
Metal and Technology Pension Fund	Subaru Corp	3.174.430	2026-03-31	EUR	https://www.pmt.nl/over-pmt/zo-beleggen-we/waar-beleggen-we-in/aandelen-en-obligaties/#
Metal and Technology Pension Fund	Sumitomo Corp	13.811.193	2026-03-31	EUR	https://www.pmt.nl/over-pmt/zo-beleggen-we/waar-beleggen-we-in/aandelen-en-obligaties/#
Metal and Technology Pension Fund	Sumitomo Electric Industries Ltd	13.134.359	2026-03-31	EUR	https://www.pmt.nl/over-pmt/zo-beleggen-we/waar-beleggen-we-in/aandelen-en-obligaties/#
Metal and Technology Pension Fund	Sumitomo Metal Mining Co Ltd	4.758.324	2026-03-31	EUR	https://www.pmt.nl/over-pmt/zo-beleggen-we/waar-beleggen-we-in/aandelen-en-obligaties/#
Metal and Technology Pension Fund	Sumitomo Mitsui Trust Group Inc	6.939.687	2026-03-31	EUR	https://www.pmt.nl/over-pmt/zo-beleggen-we/waar-beleggen-we-in/aandelen-en-obligaties/#
Metal and Technology Pension Fund	Sun Life Financial Inc	12.077.859	2026-03-31	EUR	https://www.pmt.nl/over-pmt/zo-beleggen-we/waar-beleggen-we-in/aandelen-en-obligaties/#
Metal and Technology Pension Fund	Sun Pharmaceutical Industries Ltd	6.901.360	2026-03-31	EUR	https://www.pmt.nl/over-pmt/zo-beleggen-we/waar-beleggen-we-in/aandelen-en-obligaties/#
Metal and Technology Pension Fund	Sunbelt Rentals Holdings Inc	9.300.638	2026-03-31	EUR	https://www.pmt.nl/over-pmt/zo-beleggen-we/waar-beleggen-we-in/aandelen-en-obligaties/#
Metal and Technology Pension Fund	Suncorp Group Ltd	4.168.568	2026-03-31	EUR	https://www.pmt.nl/over-pmt/zo-beleggen-we/waar-beleggen-we-in/aandelen-en-obligaties/#
Metal and Technology Pension Fund	Sundaram Finance Ltd	998.458	2026-03-31	EUR	https://www.pmt.nl/over-pmt/zo-beleggen-we/waar-beleggen-we-in/aandelen-en-obligaties/#
Metal and Technology Pension Fund	Sungrow Power Supply Co Ltd	1.174.692	2026-03-31	EUR	https://www.pmt.nl/over-pmt/zo-beleggen-we/waar-beleggen-we-in/aandelen-en-obligaties/#
Metal and Technology Pension Fund	Sunny Optical Technology Group Co Ltd	1.958.482	2026-03-31	EUR	https://www.pmt.nl/over-pmt/zo-beleggen-we/waar-beleggen-we-in/aandelen-en-obligaties/#
Metal and Technology Pension Fund	Suntory Beverage & Food Ltd	1.395.276	2026-03-31	EUR	https://www.pmt.nl/over-pmt/zo-beleggen-we/waar-beleggen-we-in/aandelen-en-obligaties/#
Metal and Technology Pension Fund	Sunway Bhd	1.230.133	2026-03-31	EUR	https://www.pmt.nl/over-pmt/zo-beleggen-we/waar-beleggen-we-in/aandelen-en-obligaties/#
Metal and Technology Pension Fund	Sunwoda Electronic Co Ltd	254.011	2026-03-31	EUR	https://www.pmt.nl/over-pmt/zo-beleggen-we/waar-beleggen-we-in/aandelen-en-obligaties/#
Metal and Technology Pension Fund	Supreme Industries Ltd	916.461	2026-03-31	EUR	https://www.pmt.nl/over-pmt/zo-beleggen-we/waar-beleggen-we-in/aandelen-en-obligaties/#
Metal and Technology Pension Fund	Suzhou Dongshan Precision Manufacturing Co Ltd	625.538	2026-03-31	EUR	https://www.pmt.nl/over-pmt/zo-beleggen-we/waar-beleggen-we-in/aandelen-en-obligaties/#
Metal and Technology Pension Fund	Suzlon Energy Ltd	1.709.083	2026-03-31	EUR	https://www.pmt.nl/over-pmt/zo-beleggen-we/waar-beleggen-we-in/aandelen-en-obligaties/#
Metal and Technology Pension Fund	Suzuki Motor Corp	6.420.370	2026-03-31	EUR	https://www.pmt.nl/over-pmt/zo-beleggen-we/waar-beleggen-we-in/aandelen-en-obligaties/#
Metal and Technology Pension Fund	Svenska Cellulosa AB SCA	2.374.387	2026-03-31	EUR	https://www.pmt.nl/over-pmt/zo-beleggen-we/waar-beleggen-we-in/aandelen-en-obligaties/#
Metal and Technology Pension Fund	Svenska Handelsbanken AB	6.421.124	2026-03-31	EUR	https://www.pmt.nl/over-pmt/zo-beleggen-we/waar-beleggen-we-in/aandelen-en-obligaties/#
Metal and Technology Pension Fund	Swatch Group AG/The	2.140.992	2026-03-31	EUR	https://www.pmt.nl/over-pmt/zo-beleggen-we/waar-beleggen-we-in/aandelen-en-obligaties/#
Metal and Technology Pension Fund	Swedbank AB	9.679.279	2026-03-31	EUR	https://www.pmt.nl/over-pmt/zo-beleggen-we/waar-beleggen-we-in/aandelen-en-obligaties/#
Metal and Technology Pension Fund	Swedish Orphan Biovitrum AB	2.762.371	2026-03-31	EUR	https://www.pmt.nl/over-pmt/zo-beleggen-we/waar-beleggen-we-in/aandelen-en-obligaties/#
Metal and Technology Pension Fund	Swiggy Ltd	880.677	2026-03-31	EUR	https://www.pmt.nl/over-pmt/zo-beleggen-we/waar-beleggen-we-in/aandelen-en-obligaties/#
Metal and Technology Pension Fund	Swiss Life Holding AG	10.676.313	2026-03-31	EUR	https://www.pmt.nl/over-pmt/zo-beleggen-we/waar-beleggen-we-in/aandelen-en-obligaties/#
Metal and Technology Pension Fund	Swiss Re AG	16.953.613	2026-03-31	EUR	https://www.pmt.nl/over-pmt/zo-beleggen-we/waar-beleggen-we-in/aandelen-en-obligaties/#
Metal and Technology Pension Fund	Swisscom AG	7.320.899	2026-03-31	EUR	https://www.pmt.nl/over-pmt/zo-beleggen-we/waar-beleggen-we-in/aandelen-en-obligaties/#
Metal and Technology Pension Fund	Syensqo SA	1.427.251	2026-03-31	EUR	https://www.pmt.nl/over-pmt/zo-beleggen-we/waar-beleggen-we-in/aandelen-en-obligaties/#
Metal and Technology Pension Fund	Symrise AG	3.837.849	2026-03-31	EUR	https://www.pmt.nl/over-pmt/zo-beleggen-we/waar-beleggen-we-in/aandelen-en-obligaties/#
Metal and Technology Pension Fund	Synchrony Financial	8.882.862	2026-03-31	EUR	https://www.pmt.nl/over-pmt/zo-beleggen-we/waar-beleggen-we-in/aandelen-en-obligaties/#
Metal and Technology Pension Fund	Synopsys Inc	24.563.041	2026-03-31	EUR	https://www.pmt.nl/over-pmt/zo-beleggen-we/waar-beleggen-we-in/aandelen-en-obligaties/#
Metal and Technology Pension Fund	Sysco Corp	11.741.592	2026-03-31	EUR	https://www.pmt.nl/over-pmt/zo-beleggen-we/waar-beleggen-we-in/aandelen-en-obligaties/#
Metal and Technology Pension Fund	Sysmex Corp	1.475.981	2026-03-31	EUR	https://www.pmt.nl/over-pmt/zo-beleggen-we/waar-beleggen-we-in/aandelen-en-obligaties/#
Metal and Technology Pension Fund	T Rowe Price Group Inc	6.745.558	2026-03-31	EUR	https://www.pmt.nl/over-pmt/zo-beleggen-we/waar-beleggen-we-in/aandelen-en-obligaties/#
Metal and Technology Pension Fund	T-Mobile US Inc	32.325.334	2026-03-31	EUR	https://www.pmt.nl/over-pmt/zo-beleggen-we/waar-beleggen-we-in/aandelen-en-obligaties/#
Metal and Technology Pension Fund	T&D Holdings Inc	4.255.910	2026-03-31	EUR	https://www.pmt.nl/over-pmt/zo-beleggen-we/waar-beleggen-we-in/aandelen-en-obligaties/#
Metal and Technology Pension Fund	Taisei Corp	5.439.151	2026-03-31	EUR	https://www.pmt.nl/over-pmt/zo-beleggen-we/waar-beleggen-we-in/aandelen-en-obligaties/#
Metal and Technology Pension Fund	Taiwan Mobile Co Ltd	2.293.282	2026-03-31	EUR	https://www.pmt.nl/over-pmt/zo-beleggen-we/waar-beleggen-we-in/aandelen-en-obligaties/#
Metal and Technology Pension Fund	Taiwan Semiconductor Manufacturing Co Ltd	120.452.223	2026-03-31	EUR	https://www.pmt.nl/over-pmt/zo-beleggen-we/waar-beleggen-we-in/aandelen-en-obligaties/#
Metal and Technology Pension Fund	Takeda Pharmaceutical Co Ltd	19.710.838	2026-03-31	EUR	https://www.pmt.nl/over-pmt/zo-beleggen-we/waar-beleggen-we-in/aandelen-en-obligaties/#
Metal and Technology Pension Fund	TAL Education Group	1.871.974	2026-03-31	EUR	https://www.pmt.nl/over-pmt/zo-beleggen-we/waar-beleggen-we-in/aandelen-en-obligaties/#
Metal and Technology Pension Fund	Talanx AG	2.688.682	2026-03-31	EUR	https://www.pmt.nl/over-pmt/zo-beleggen-we/waar-beleggen-we-in/aandelen-en-obligaties/#
Metal and Technology Pension Fund	Target Corp	18.546.167	2026-03-31	EUR	https://www.pmt.nl/over-pmt/zo-beleggen-we/waar-beleggen-we-in/aandelen-en-obligaties/#
Metal and Technology Pension Fund	Tata Communications Ltd	561.806	2026-03-31	EUR	https://www.pmt.nl/over-pmt/zo-beleggen-we/waar-beleggen-we-in/aandelen-en-obligaties/#
Metal and Technology Pension Fund	Tata Consultancy Services Ltd	8.943.512	2026-03-31	EUR	https://www.pmt.nl/over-pmt/zo-beleggen-we/waar-beleggen-we-in/aandelen-en-obligaties/#
Metal and Technology Pension Fund	TCC Group Holdings Co Ltd	2.132.922	2026-03-31	EUR	https://www.pmt.nl/over-pmt/zo-beleggen-we/waar-beleggen-we-in/aandelen-en-obligaties/#
Metal and Technology Pension Fund	TE Connectivity PLC	21.071.981	2026-03-31	EUR	https://www.pmt.nl/over-pmt/zo-beleggen-we/waar-beleggen-we-in/aandelen-en-obligaties/#
Metal and Technology Pension Fund	Tech Mahindra Ltd	2.903.210	2026-03-31	EUR	https://www.pmt.nl/over-pmt/zo-beleggen-we/waar-beleggen-we-in/aandelen-en-obligaties/#
Metal and Technology Pension Fund	Techtronic Industries Co Ltd	6.628.843	2026-03-31	EUR	https://www.pmt.nl/over-pmt/zo-beleggen-we/waar-beleggen-we-in/aandelen-en-obligaties/#
Metal and Technology Pension Fund	Teco Electric and Machinery Co Ltd	829.084	2026-03-31	EUR	https://www.pmt.nl/over-pmt/zo-beleggen-we/waar-beleggen-we-in/aandelen-en-obligaties/#
Metal and Technology Pension Fund	Tele2 AB	3.832.146	2026-03-31	EUR	https://www.pmt.nl/over-pmt/zo-beleggen-we/waar-beleggen-we-in/aandelen-en-obligaties/#
Metal and Technology Pension Fund	Telecom Italia SpA/Milano	2.538.709	2026-03-31	EUR	https://www.pmt.nl/over-pmt/zo-beleggen-we/waar-beleggen-we-in/aandelen-en-obligaties/#
Metal and Technology Pension Fund	Teledyne Technologies Inc	9.495.223	2026-03-31	EUR	https://www.pmt.nl/over-pmt/zo-beleggen-we/waar-beleggen-we-in/aandelen-en-obligaties/#
Metal and Technology Pension Fund	Telefonaktiebolaget LM Ericsson	10.679.353	2026-03-31	EUR	https://www.pmt.nl/over-pmt/zo-beleggen-we/waar-beleggen-we-in/aandelen-en-obligaties/#
Metal and Technology Pension Fund	Telefonica Brasil SA	2.785.442	2026-03-31	EUR	https://www.pmt.nl/over-pmt/zo-beleggen-we/waar-beleggen-we-in/aandelen-en-obligaties/#
Metal and Technology Pension Fund	Telefonica SA	5.557.550	2026-03-31	EUR	https://www.pmt.nl/over-pmt/zo-beleggen-we/waar-beleggen-we-in/aandelen-en-obligaties/#
Metal and Technology Pension Fund	Telekom Malaysia Bhd	808.276	2026-03-31	EUR	https://www.pmt.nl/over-pmt/zo-beleggen-we/waar-beleggen-we-in/aandelen-en-obligaties/#
Metal and Technology Pension Fund	Telenor ASA	3.693.203	2026-03-31	EUR	https://www.pmt.nl/over-pmt/zo-beleggen-we/waar-beleggen-we-in/aandelen-en-obligaties/#
Metal and Technology Pension Fund	Telia Co AB	4.136.576	2026-03-31	EUR	https://www.pmt.nl/over-pmt/zo-beleggen-we/waar-beleggen-we-in/aandelen-en-obligaties/#
Metal and Technology Pension Fund	Telkom Indonesia Persero Tbk PT	3.522.872	2026-03-31	EUR	https://www.pmt.nl/over-pmt/zo-beleggen-we/waar-beleggen-we-in/aandelen-en-obligaties/#
Metal and Technology Pension Fund	Telstra Group Ltd	5.119.724	2026-03-31	EUR	https://www.pmt.nl/over-pmt/zo-beleggen-we/waar-beleggen-we-in/aandelen-en-obligaties/#
Metal and Technology Pension Fund	TELUS Corp	2.131.489	2026-03-31	EUR	https://www.pmt.nl/over-pmt/zo-beleggen-we/waar-beleggen-we-in/aandelen-en-obligaties/#
Metal and Technology Pension Fund	Tencent Holdings Ltd	75.958.023	2026-03-31	EUR	https://www.pmt.nl/over-pmt/zo-beleggen-we/waar-beleggen-we-in/aandelen-en-obligaties/#
Metal and Technology Pension Fund	Tencent Music Entertainment Group	2.270.870	2026-03-31	EUR	https://www.pmt.nl/over-pmt/zo-beleggen-we/waar-beleggen-we-in/aandelen-en-obligaties/#
Metal and Technology Pension Fund	Teradyne Inc	16.092.771	2026-03-31	EUR	https://www.pmt.nl/over-pmt/zo-beleggen-we/waar-beleggen-we-in/aandelen-en-obligaties/#
Metal and Technology Pension Fund	Terna - Rete Elettrica Nazionale	5.502.662	2026-03-31	EUR	https://www.pmt.nl/over-pmt/zo-beleggen-we/waar-beleggen-we-in/aandelen-en-obligaties/#
Metal and Technology Pension Fund	Terumo Corp	6.112.278	2026-03-31	EUR	https://www.pmt.nl/over-pmt/zo-beleggen-we/waar-beleggen-we-in/aandelen-en-obligaties/#
Metal and Technology Pension Fund	Tesco PLC	14.537.832	2026-03-31	EUR	https://www.pmt.nl/over-pmt/zo-beleggen-we/waar-beleggen-we-in/aandelen-en-obligaties/#
Metal and Technology Pension Fund	Tesla Inc	362.498.839	2026-03-31	EUR	https://www.pmt.nl/over-pmt/zo-beleggen-we/waar-beleggen-we-in/aandelen-en-obligaties/#
Metal and Technology Pension Fund	Texas Instruments Inc	59.507.903	2026-03-31	EUR	https://www.pmt.nl/over-pmt/zo-beleggen-we/waar-beleggen-we-in/aandelen-en-obligaties/#
Metal and Technology Pension Fund	Thermo Fisher Scientific Inc	62.525.244	2026-03-31	EUR	https://www.pmt.nl/over-pmt/zo-beleggen-we/waar-beleggen-we-in/aandelen-en-obligaties/#
Metal and Technology Pension Fund	Thomson Reuters Corp	4.889.262	2026-03-31	EUR	https://www.pmt.nl/over-pmt/zo-beleggen-we/waar-beleggen-we-in/aandelen-en-obligaties/#
Metal and Technology Pension Fund	TIM SA/Brazil	1.663.565	2026-03-31	EUR	https://www.pmt.nl/over-pmt/zo-beleggen-we/waar-beleggen-we-in/aandelen-en-obligaties/#
Metal and Technology Pension Fund	TIS Inc	1.587.873	2026-03-31	EUR	https://www.pmt.nl/over-pmt/zo-beleggen-we/waar-beleggen-we-in/aandelen-en-obligaties/#
Metal and Technology Pension Fund	TMBThanachart Bank PCL	520.873	2026-03-31	EUR	https://www.pmt.nl/over-pmt/zo-beleggen-we/waar-beleggen-we-in/aandelen-en-obligaties/#
Metal and Technology Pension Fund	TMX Group Ltd	3.302.513	2026-03-31	EUR	https://www.pmt.nl/over-pmt/zo-beleggen-we/waar-beleggen-we-in/aandelen-en-obligaties/#
Metal and Technology Pension Fund	Toast Inc	4.094.877	2026-03-31	EUR	https://www.pmt.nl/over-pmt/zo-beleggen-we/waar-beleggen-we-in/aandelen-en-obligaties/#
Metal and Technology Pension Fund	Toho Co Ltd/Tokyo	2.078.026	2026-03-31	EUR	https://www.pmt.nl/over-pmt/zo-beleggen-we/waar-beleggen-we-in/aandelen-en-obligaties/#
Metal and Technology Pension Fund	Tokio Marine Holdings Inc	29.359.020	2026-03-31	EUR	https://www.pmt.nl/over-pmt/zo-beleggen-we/waar-beleggen-we-in/aandelen-en-obligaties/#
Metal and Technology Pension Fund	Tokyo Electron Ltd	36.538.729	2026-03-31	EUR	https://www.pmt.nl/over-pmt/zo-beleggen-we/waar-beleggen-we-in/aandelen-en-obligaties/#
Metal and Technology Pension Fund	Tokyo Gas Co Ltd	5.333.017	2026-03-31	EUR	https://www.pmt.nl/over-pmt/zo-beleggen-we/waar-beleggen-we-in/aandelen-en-obligaties/#
Metal and Technology Pension Fund	Tokyu Corp	1.987.390	2026-03-31	EUR	https://www.pmt.nl/over-pmt/zo-beleggen-we/waar-beleggen-we-in/aandelen-en-obligaties/#
Metal and Technology Pension Fund	Tongcheng Travel Holdings Ltd	1.092.733	2026-03-31	EUR	https://www.pmt.nl/over-pmt/zo-beleggen-we/waar-beleggen-we-in/aandelen-en-obligaties/#
Metal and Technology Pension Fund	TOPPAN Holdings Inc	2.111.806	2026-03-31	EUR	https://www.pmt.nl/over-pmt/zo-beleggen-we/waar-beleggen-we-in/aandelen-en-obligaties/#
Metal and Technology Pension Fund	Toray Industries Inc	3.366.277	2026-03-31	EUR	https://www.pmt.nl/over-pmt/zo-beleggen-we/waar-beleggen-we-in/aandelen-en-obligaties/#
Metal and Technology Pension Fund	Toromont Industries Ltd	3.803.752	2026-03-31	EUR	https://www.pmt.nl/over-pmt/zo-beleggen-we/waar-beleggen-we-in/aandelen-en-obligaties/#
Metal and Technology Pension Fund	Torrent Pharmaceuticals Ltd	1.990.259	2026-03-31	EUR	https://www.pmt.nl/over-pmt/zo-beleggen-we/waar-beleggen-we-in/aandelen-en-obligaties/#
Metal and Technology Pension Fund	Torrent Power Ltd	997.052	2026-03-31	EUR	https://www.pmt.nl/over-pmt/zo-beleggen-we/waar-beleggen-we-in/aandelen-en-obligaties/#
Metal and Technology Pension Fund	TOTVS SA	1.479.667	2026-03-31	EUR	https://www.pmt.nl/over-pmt/zo-beleggen-we/waar-beleggen-we-in/aandelen-en-obligaties/#
Metal and Technology Pension Fund	Toyota Motor Corp	65.600.328	2026-03-31	EUR	https://www.pmt.nl/over-pmt/zo-beleggen-we/waar-beleggen-we-in/aandelen-en-obligaties/#
Metal and Technology Pension Fund	Toyota Tsusho Corp	8.342.176	2026-03-31	EUR	https://www.pmt.nl/over-pmt/zo-beleggen-we/waar-beleggen-we-in/aandelen-en-obligaties/#
Metal and Technology Pension Fund	Tractor Supply Co	8.089.640	2026-03-31	EUR	https://www.pmt.nl/over-pmt/zo-beleggen-we/waar-beleggen-we-in/aandelen-en-obligaties/#
Metal and Technology Pension Fund	Trade Desk Inc/The	3.451.925	2026-03-31	EUR	https://www.pmt.nl/over-pmt/zo-beleggen-we/waar-beleggen-we-in/aandelen-en-obligaties/#
Metal and Technology Pension Fund	Trane Technologies plc	31.481.918	2026-03-31	EUR	https://www.pmt.nl/over-pmt/zo-beleggen-we/waar-beleggen-we-in/aandelen-en-obligaties/#
Metal and Technology Pension Fund	TransDigm Group Inc	21.819.268	2026-03-31	EUR	https://www.pmt.nl/over-pmt/zo-beleggen-we/waar-beleggen-we-in/aandelen-en-obligaties/#
Metal and Technology Pension Fund	TransUnion	4.545.450	2026-03-31	EUR	https://www.pmt.nl/over-pmt/zo-beleggen-we/waar-beleggen-we-in/aandelen-en-obligaties/#
Metal and Technology Pension Fund	Transurban Group	10.335.396	2026-03-31	EUR	https://www.pmt.nl/over-pmt/zo-beleggen-we/waar-beleggen-we-in/aandelen-en-obligaties/#
Metal and Technology Pension Fund	Travelers Cos Inc/The	22.156.744	2026-03-31	EUR	https://www.pmt.nl/over-pmt/zo-beleggen-we/waar-beleggen-we-in/aandelen-en-obligaties/#
Metal and Technology Pension Fund	Trelleborg AB	2.570.395	2026-03-31	EUR	https://www.pmt.nl/over-pmt/zo-beleggen-we/waar-beleggen-we-in/aandelen-en-obligaties/#
Metal and Technology Pension Fund	Trent Ltd	2.490.140	2026-03-31	EUR	https://www.pmt.nl/over-pmt/zo-beleggen-we/waar-beleggen-we-in/aandelen-en-obligaties/#
Metal and Technology Pension Fund	Trimble Inc	5.404.602	2026-03-31	EUR	https://www.pmt.nl/over-pmt/zo-beleggen-we/waar-beleggen-we-in/aandelen-en-obligaties/#
Metal and Technology Pension Fund	Trip.com Group Ltd	11.670.391	2026-03-31	EUR	https://www.pmt.nl/over-pmt/zo-beleggen-we/waar-beleggen-we-in/aandelen-en-obligaties/#
Metal and Technology Pension Fund	True Corp PCL	1.439.574	2026-03-31	EUR	https://www.pmt.nl/over-pmt/zo-beleggen-we/waar-beleggen-we-in/aandelen-en-obligaties/#
Metal and Technology Pension Fund	Truist Financial Corp	20.338.793	2026-03-31	EUR	https://www.pmt.nl/over-pmt/zo-beleggen-we/waar-beleggen-we-in/aandelen-en-obligaties/#
Metal and Technology Pension Fund	Tryg A/S	2.756.743	2026-03-31	EUR	https://www.pmt.nl/over-pmt/zo-beleggen-we/waar-beleggen-we-in/aandelen-en-obligaties/#
Metal and Technology Pension Fund	TS Financial Holding Co Ltd	5.761.927	2026-03-31	EUR	https://www.pmt.nl/over-pmt/zo-beleggen-we/waar-beleggen-we-in/aandelen-en-obligaties/#
Metal and Technology Pension Fund	Tube Investments of India Ltd	1.114.608	2026-03-31	EUR	https://www.pmt.nl/over-pmt/zo-beleggen-we/waar-beleggen-we-in/aandelen-en-obligaties/#
Metal and Technology Pension Fund	Turkcell Iletisim Hizmetleri AS	1.049.618	2026-03-31	EUR	https://www.pmt.nl/over-pmt/zo-beleggen-we/waar-beleggen-we-in/aandelen-en-obligaties/#
Metal and Technology Pension Fund	Turkiye Is Bankasi AS	929.519	2026-03-31	EUR	https://www.pmt.nl/over-pmt/zo-beleggen-we/waar-beleggen-we-in/aandelen-en-obligaties/#
Metal and Technology Pension Fund	TVS Motor Co Ltd	3.361.285	2026-03-31	EUR	https://www.pmt.nl/over-pmt/zo-beleggen-we/waar-beleggen-we-in/aandelen-en-obligaties/#
Metal and Technology Pension Fund	Twilio Inc	6.155.483	2026-03-31	EUR	https://www.pmt.nl/over-pmt/zo-beleggen-we/waar-beleggen-we-in/aandelen-en-obligaties/#
Metal and Technology Pension Fund	Tyler Technologies Inc	4.977.912	2026-03-31	EUR	https://www.pmt.nl/over-pmt/zo-beleggen-we/waar-beleggen-we-in/aandelen-en-obligaties/#
Metal and Technology Pension Fund	Uber Technologies Inc	45.554.876	2026-03-31	EUR	https://www.pmt.nl/over-pmt/zo-beleggen-we/waar-beleggen-we-in/aandelen-en-obligaties/#
Metal and Technology Pension Fund	UBS Group AG	43.196.320	2026-03-31	EUR	https://www.pmt.nl/over-pmt/zo-beleggen-we/waar-beleggen-we-in/aandelen-en-obligaties/#
Metal and Technology Pension Fund	UCB SA	13.047.788	2026-03-31	EUR	https://www.pmt.nl/over-pmt/zo-beleggen-we/waar-beleggen-we-in/aandelen-en-obligaties/#
Metal and Technology Pension Fund	Ulta Beauty Inc	7.954.519	2026-03-31	EUR	https://www.pmt.nl/over-pmt/zo-beleggen-we/waar-beleggen-we-in/aandelen-en-obligaties/#
Metal and Technology Pension Fund	UniCredit SpA	33.765.737	2026-03-31	EUR	https://www.pmt.nl/over-pmt/zo-beleggen-we/waar-beleggen-we-in/aandelen-en-obligaties/#
Metal and Technology Pension Fund	Unilever PLC	42.265.912	2026-03-31	EUR	https://www.pmt.nl/over-pmt/zo-beleggen-we/waar-beleggen-we-in/aandelen-en-obligaties/#
Metal and Technology Pension Fund	Unimicron Technology Corp	7.107.383	2026-03-31	EUR	https://www.pmt.nl/over-pmt/zo-beleggen-we/waar-beleggen-we-in/aandelen-en-obligaties/#
Metal and Technology Pension Fund	Union Bank of India Ltd	1.015.972	2026-03-31	EUR	https://www.pmt.nl/over-pmt/zo-beleggen-we/waar-beleggen-we-in/aandelen-en-obligaties/#
Metal and Technology Pension Fund	Union Pacific Corp	48.910.609	2026-03-31	EUR	https://www.pmt.nl/over-pmt/zo-beleggen-we/waar-beleggen-we-in/aandelen-en-obligaties/#
Metal and Technology Pension Fund	Unipol Assicurazioni SPA	2.810.846	2026-03-31	EUR	https://www.pmt.nl/over-pmt/zo-beleggen-we/waar-beleggen-we-in/aandelen-en-obligaties/#
Metal and Technology Pension Fund	United Airlines Holdings Inc	2.526.931	2026-03-31	EUR	https://www.pmt.nl/over-pmt/zo-beleggen-we/waar-beleggen-we-in/aandelen-en-obligaties/#
Metal and Technology Pension Fund	United Microelectronics Corp	7.745.851	2026-03-31	EUR	https://www.pmt.nl/over-pmt/zo-beleggen-we/waar-beleggen-we-in/aandelen-en-obligaties/#
Metal and Technology Pension Fund	United Overseas Bank Ltd	12.436.098	2026-03-31	EUR	https://www.pmt.nl/over-pmt/zo-beleggen-we/waar-beleggen-we-in/aandelen-en-obligaties/#
Metal and Technology Pension Fund	United Parcel Service Inc	24.197.621	2026-03-31	EUR	https://www.pmt.nl/over-pmt/zo-beleggen-we/waar-beleggen-we-in/aandelen-en-obligaties/#
Metal and Technology Pension Fund	United Rentals Inc	15.966.100	2026-03-31	EUR	https://www.pmt.nl/over-pmt/zo-beleggen-we/waar-beleggen-we-in/aandelen-en-obligaties/#
Metal and Technology Pension Fund	United Spirits Ltd	1.453.776	2026-03-31	EUR	https://www.pmt.nl/over-pmt/zo-beleggen-we/waar-beleggen-we-in/aandelen-en-obligaties/#
Metal and Technology Pension Fund	United Utilities Group PLC	4.093.056	2026-03-31	EUR	https://www.pmt.nl/over-pmt/zo-beleggen-we/waar-beleggen-we-in/aandelen-en-obligaties/#
Metal and Technology Pension Fund	UnitedHealth Group Inc	83.341.344	2026-03-31	EUR	https://www.pmt.nl/over-pmt/zo-beleggen-we/waar-beleggen-we-in/aandelen-en-obligaties/#
Metal and Technology Pension Fund	Universal Music Group NV	7.188.383	2026-03-31	EUR	https://www.pmt.nl/over-pmt/zo-beleggen-we/waar-beleggen-we-in/aandelen-en-obligaties/#
Metal and Technology Pension Fund	UPM-Kymmene OYJ	5.709.311	2026-03-31	EUR	https://www.pmt.nl/over-pmt/zo-beleggen-we/waar-beleggen-we-in/aandelen-en-obligaties/#
Metal and Technology Pension Fund	US Bancorp	27.172.359	2026-03-31	EUR	https://www.pmt.nl/over-pmt/zo-beleggen-we/waar-beleggen-we-in/aandelen-en-obligaties/#
Metal and Technology Pension Fund	VAT Group AG	5.547.357	2026-03-31	EUR	https://www.pmt.nl/over-pmt/zo-beleggen-we/waar-beleggen-we-in/aandelen-en-obligaties/#
Metal and Technology Pension Fund	Veeva Systems Inc	9.253.785	2026-03-31	EUR	https://www.pmt.nl/over-pmt/zo-beleggen-we/waar-beleggen-we-in/aandelen-en-obligaties/#
Metal and Technology Pension Fund	Veralto Corp	7.367.822	2026-03-31	EUR	https://www.pmt.nl/over-pmt/zo-beleggen-we/waar-beleggen-we-in/aandelen-en-obligaties/#
Metal and Technology Pension Fund	Verbund AG	1.733.751	2026-03-31	EUR	https://www.pmt.nl/over-pmt/zo-beleggen-we/waar-beleggen-we-in/aandelen-en-obligaties/#
Metal and Technology Pension Fund	VeriSign Inc	7.085.653	2026-03-31	EUR	https://www.pmt.nl/over-pmt/zo-beleggen-we/waar-beleggen-we-in/aandelen-en-obligaties/#
Metal and Technology Pension Fund	Verisk Analytics Inc	8.910.773	2026-03-31	EUR	https://www.pmt.nl/over-pmt/zo-beleggen-we/waar-beleggen-we-in/aandelen-en-obligaties/#
Metal and Technology Pension Fund	Verizon Communications Inc	71.361.901	2026-03-31	EUR	https://www.pmt.nl/over-pmt/zo-beleggen-we/waar-beleggen-we-in/aandelen-en-obligaties/#
Metal and Technology Pension Fund	Vestas Wind Systems A/S	10.093.222	2026-03-31	EUR	https://www.pmt.nl/over-pmt/zo-beleggen-we/waar-beleggen-we-in/aandelen-en-obligaties/#
Metal and Technology Pension Fund	Vibra Energia SA	2.572.484	2026-03-31	EUR	https://www.pmt.nl/over-pmt/zo-beleggen-we/waar-beleggen-we-in/aandelen-en-obligaties/#
Metal and Technology Pension Fund	Vinci SA	25.187.532	2026-03-31	EUR	https://www.pmt.nl/over-pmt/zo-beleggen-we/waar-beleggen-we-in/aandelen-en-obligaties/#
Metal and Technology Pension Fund	Visa Inc	175.473.902	2026-03-31	EUR	https://www.pmt.nl/over-pmt/zo-beleggen-we/waar-beleggen-we-in/aandelen-en-obligaties/#
Metal and Technology Pension Fund	Vishal Mega Mart Ltd	726.085	2026-03-31	EUR	https://www.pmt.nl/over-pmt/zo-beleggen-we/waar-beleggen-we-in/aandelen-en-obligaties/#
Metal and Technology Pension Fund	Vodacom Group Ltd	1.820.264	2026-03-31	EUR	https://www.pmt.nl/over-pmt/zo-beleggen-we/waar-beleggen-we-in/aandelen-en-obligaties/#
Metal and Technology Pension Fund	Vodafone Group PLC	10.288.016	2026-03-31	EUR	https://www.pmt.nl/over-pmt/zo-beleggen-we/waar-beleggen-we-in/aandelen-en-obligaties/#
Metal and Technology Pension Fund	Voltas Ltd	925.326	2026-03-31	EUR	https://www.pmt.nl/over-pmt/zo-beleggen-we/waar-beleggen-we-in/aandelen-en-obligaties/#
Metal and Technology Pension Fund	Volvo AB	17.407.640	2026-03-31	EUR	https://www.pmt.nl/over-pmt/zo-beleggen-we/waar-beleggen-we-in/aandelen-en-obligaties/#
Metal and Technology Pension Fund	Vulcan Materials Co	12.081.924	2026-03-31	EUR	https://www.pmt.nl/over-pmt/zo-beleggen-we/waar-beleggen-we-in/aandelen-en-obligaties/#
Metal and Technology Pension Fund	W R Berkley Corp	6.771.179	2026-03-31	EUR	https://www.pmt.nl/over-pmt/zo-beleggen-we/waar-beleggen-we-in/aandelen-en-obligaties/#
Metal and Technology Pension Fund	Wal-Mart de Mexico SAB de CV	6.412.600	2026-03-31	EUR	https://www.pmt.nl/over-pmt/zo-beleggen-we/waar-beleggen-we-in/aandelen-en-obligaties/#
Metal and Technology Pension Fund	WALT DISNEY CO/THE	58.702.045	2026-03-31	EUR	https://www.pmt.nl/over-pmt/zo-beleggen-we/waar-beleggen-we-in/aandelen-en-obligaties/#
Metal and Technology Pension Fund	Warner Bros Discovery Inc	21.638.537	2026-03-31	EUR	https://www.pmt.nl/over-pmt/zo-beleggen-we/waar-beleggen-we-in/aandelen-en-obligaties/#
Metal and Technology Pension Fund	Waste Connections Inc	14.236.269	2026-03-31	EUR	https://www.pmt.nl/over-pmt/zo-beleggen-we/waar-beleggen-we-in/aandelen-en-obligaties/#
Metal and Technology Pension Fund	Waste Management Inc	31.161.853	2026-03-31	EUR	https://www.pmt.nl/over-pmt/zo-beleggen-we/waar-beleggen-we-in/aandelen-en-obligaties/#
Metal and Technology Pension Fund	Waters Corp	9.830.088	2026-03-31	EUR	https://www.pmt.nl/over-pmt/zo-beleggen-we/waar-beleggen-we-in/aandelen-en-obligaties/#
Metal and Technology Pension Fund	Watsco Inc	4.276.001	2026-03-31	EUR	https://www.pmt.nl/over-pmt/zo-beleggen-we/waar-beleggen-we-in/aandelen-en-obligaties/#
Metal and Technology Pension Fund	Wells Fargo & Co	87.414.295	2026-03-31	EUR	https://www.pmt.nl/over-pmt/zo-beleggen-we/waar-beleggen-we-in/aandelen-en-obligaties/#
Metal and Technology Pension Fund	Wesfarmers Ltd	19.714.651	2026-03-31	EUR	https://www.pmt.nl/over-pmt/zo-beleggen-we/waar-beleggen-we-in/aandelen-en-obligaties/#
Metal and Technology Pension Fund	West Japan Railway Co	3.083.572	2026-03-31	EUR	https://www.pmt.nl/over-pmt/zo-beleggen-we/waar-beleggen-we-in/aandelen-en-obligaties/#
Metal and Technology Pension Fund	West Pharmaceutical Services Inc	6.093.932	2026-03-31	EUR	https://www.pmt.nl/over-pmt/zo-beleggen-we/waar-beleggen-we-in/aandelen-en-obligaties/#
Metal and Technology Pension Fund	Western Digital Corp	31.505.911	2026-03-31	EUR	https://www.pmt.nl/over-pmt/zo-beleggen-we/waar-beleggen-we-in/aandelen-en-obligaties/#
Metal and Technology Pension Fund	Westinghouse Air Brake Technologies Corp	14.357.136	2026-03-31	EUR	https://www.pmt.nl/over-pmt/zo-beleggen-we/waar-beleggen-we-in/aandelen-en-obligaties/#
Metal and Technology Pension Fund	Westpac Banking Corp	32.271.318	2026-03-31	EUR	https://www.pmt.nl/over-pmt/zo-beleggen-we/waar-beleggen-we-in/aandelen-en-obligaties/#
Metal and Technology Pension Fund	Wheaton Precious Metals Corp	19.935.362	2026-03-31	EUR	https://www.pmt.nl/over-pmt/zo-beleggen-we/waar-beleggen-we-in/aandelen-en-obligaties/#
Metal and Technology Pension Fund	Whitbread PLC	1.831.492	2026-03-31	EUR	https://www.pmt.nl/over-pmt/zo-beleggen-we/waar-beleggen-we-in/aandelen-en-obligaties/#
Metal and Technology Pension Fund	Williams-Sonoma Inc	7.573.294	2026-03-31	EUR	https://www.pmt.nl/over-pmt/zo-beleggen-we/waar-beleggen-we-in/aandelen-en-obligaties/#
Metal and Technology Pension Fund	Willis Towers Watson PLC	9.695.635	2026-03-31	EUR	https://www.pmt.nl/over-pmt/zo-beleggen-we/waar-beleggen-we-in/aandelen-en-obligaties/#
Metal and Technology Pension Fund	Wingtech Technology Co Ltd	120.954	2026-03-31	EUR	https://www.pmt.nl/over-pmt/zo-beleggen-we/waar-beleggen-we-in/aandelen-en-obligaties/#
Metal and Technology Pension Fund	Wipro Ltd	2.106.735	2026-03-31	EUR	https://www.pmt.nl/over-pmt/zo-beleggen-we/waar-beleggen-we-in/aandelen-en-obligaties/#
Metal and Technology Pension Fund	Wise PLC	2.718.850	2026-03-31	EUR	https://www.pmt.nl/over-pmt/zo-beleggen-we/waar-beleggen-we-in/aandelen-en-obligaties/#
Metal and Technology Pension Fund	WiseTech Global Ltd	1.837.630	2026-03-31	EUR	https://www.pmt.nl/over-pmt/zo-beleggen-we/waar-beleggen-we-in/aandelen-en-obligaties/#
Metal and Technology Pension Fund	Wistron Corp	4.479.536	2026-03-31	EUR	https://www.pmt.nl/over-pmt/zo-beleggen-we/waar-beleggen-we-in/aandelen-en-obligaties/#
Metal and Technology Pension Fund	Wolters Kluwer NV	6.058.125	2026-03-31	EUR	https://www.pmt.nl/over-pmt/zo-beleggen-we/waar-beleggen-we-in/aandelen-en-obligaties/#
Metal and Technology Pension Fund	Woolworths Group Ltd	10.554.312	2026-03-31	EUR	https://www.pmt.nl/over-pmt/zo-beleggen-we/waar-beleggen-we-in/aandelen-en-obligaties/#
Metal and Technology Pension Fund	Woori Financial Group Inc	5.387.417	2026-03-31	EUR	https://www.pmt.nl/over-pmt/zo-beleggen-we/waar-beleggen-we-in/aandelen-en-obligaties/#
Metal and Technology Pension Fund	Workday Inc	9.527.279	2026-03-31	EUR	https://www.pmt.nl/over-pmt/zo-beleggen-we/waar-beleggen-we-in/aandelen-en-obligaties/#
Metal and Technology Pension Fund	WSP Global Inc	6.795.053	2026-03-31	EUR	https://www.pmt.nl/over-pmt/zo-beleggen-we/waar-beleggen-we-in/aandelen-en-obligaties/#
Metal and Technology Pension Fund	WuXi AppTec Co Ltd	3.171.854	2026-03-31	EUR	https://www.pmt.nl/over-pmt/zo-beleggen-we/waar-beleggen-we-in/aandelen-en-obligaties/#
Metal and Technology Pension Fund	Wuxi Biologics Cayman Inc	5.698.586	2026-03-31	EUR	https://www.pmt.nl/over-pmt/zo-beleggen-we/waar-beleggen-we-in/aandelen-en-obligaties/#
Metal and Technology Pension Fund	WuXi XDC Cayman Inc	1.001.838	2026-03-31	EUR	https://www.pmt.nl/over-pmt/zo-beleggen-we/waar-beleggen-we-in/aandelen-en-obligaties/#
Metal and Technology Pension Fund	WW Grainger Inc	16.771.133	2026-03-31	EUR	https://www.pmt.nl/over-pmt/zo-beleggen-we/waar-beleggen-we-in/aandelen-en-obligaties/#
Metal and Technology Pension Fund	Xcel Energy Inc	15.367.455	2026-03-31	EUR	https://www.pmt.nl/over-pmt/zo-beleggen-we/waar-beleggen-we-in/aandelen-en-obligaties/#
Metal and Technology Pension Fund	Xero Ltd	2.673.831	2026-03-31	EUR	https://www.pmt.nl/over-pmt/zo-beleggen-we/waar-beleggen-we-in/aandelen-en-obligaties/#
Metal and Technology Pension Fund	Xiaomi Corp	27.279.813	2026-03-31	EUR	https://www.pmt.nl/over-pmt/zo-beleggen-we/waar-beleggen-we-in/aandelen-en-obligaties/#
Metal and Technology Pension Fund	Xinyi Solar Holdings Ltd	781.509	2026-03-31	EUR	https://www.pmt.nl/over-pmt/zo-beleggen-we/waar-beleggen-we-in/aandelen-en-obligaties/#
Metal and Technology Pension Fund	XP Inc	3.040.583	2026-03-31	EUR	https://www.pmt.nl/over-pmt/zo-beleggen-we/waar-beleggen-we-in/aandelen-en-obligaties/#
Metal and Technology Pension Fund	XPeng Inc	4.018.218	2026-03-31	EUR	https://www.pmt.nl/over-pmt/zo-beleggen-we/waar-beleggen-we-in/aandelen-en-obligaties/#
Metal and Technology Pension Fund	Xylem Inc/NY	9.763.696	2026-03-31	EUR	https://www.pmt.nl/over-pmt/zo-beleggen-we/waar-beleggen-we-in/aandelen-en-obligaties/#
Metal and Technology Pension Fund	Yadea Group Holdings Ltd	789.118	2026-03-31	EUR	https://www.pmt.nl/over-pmt/zo-beleggen-we/waar-beleggen-we-in/aandelen-en-obligaties/#
Metal and Technology Pension Fund	Yageo Corp	5.004.766	2026-03-31	EUR	https://www.pmt.nl/over-pmt/zo-beleggen-we/waar-beleggen-we-in/aandelen-en-obligaties/#
Metal and Technology Pension Fund	Yamaha Motor Co Ltd	2.241.747	2026-03-31	EUR	https://www.pmt.nl/over-pmt/zo-beleggen-we/waar-beleggen-we-in/aandelen-en-obligaties/#
Metal and Technology Pension Fund	Yapi ve Kredi Bankasi AS	1.147.935	2026-03-31	EUR	https://www.pmt.nl/over-pmt/zo-beleggen-we/waar-beleggen-we-in/aandelen-en-obligaties/#
Metal and Technology Pension Fund	Yara International ASA	3.285.090	2026-03-31	EUR	https://www.pmt.nl/over-pmt/zo-beleggen-we/waar-beleggen-we-in/aandelen-en-obligaties/#
Metal and Technology Pension Fund	Yealink Network Technology Corp Ltd	137.382	2026-03-31	EUR	https://www.pmt.nl/over-pmt/zo-beleggen-we/waar-beleggen-we-in/aandelen-en-obligaties/#
Metal and Technology Pension Fund	Yes Bank Ltd	1.151.924	2026-03-31	EUR	https://www.pmt.nl/over-pmt/zo-beleggen-we/waar-beleggen-we-in/aandelen-en-obligaties/#
Metal and Technology Pension Fund	Yokogawa Electric Corp	2.326.664	2026-03-31	EUR	https://www.pmt.nl/over-pmt/zo-beleggen-we/waar-beleggen-we-in/aandelen-en-obligaties/#
Metal and Technology Pension Fund	Yokohama Financial Group Inc	3.127.983	2026-03-31	EUR	https://www.pmt.nl/over-pmt/zo-beleggen-we/waar-beleggen-we-in/aandelen-en-obligaties/#
Metal and Technology Pension Fund	Yonyou Network Technology Co Ltd	201.954	2026-03-31	EUR	https://www.pmt.nl/over-pmt/zo-beleggen-we/waar-beleggen-we-in/aandelen-en-obligaties/#
Metal and Technology Pension Fund	YTL Corp Bhd	546.603	2026-03-31	EUR	https://www.pmt.nl/over-pmt/zo-beleggen-we/waar-beleggen-we-in/aandelen-en-obligaties/#
Metal and Technology Pension Fund	YTL Power International Bhd	739.510	2026-03-31	EUR	https://www.pmt.nl/over-pmt/zo-beleggen-we/waar-beleggen-we-in/aandelen-en-obligaties/#
Metal and Technology Pension Fund	Yuanta Financial Holding Co Ltd	5.899.603	2026-03-31	EUR	https://www.pmt.nl/over-pmt/zo-beleggen-we/waar-beleggen-we-in/aandelen-en-obligaties/#
Metal and Technology Pension Fund	Yuhan Corp	1.306.210	2026-03-31	EUR	https://www.pmt.nl/over-pmt/zo-beleggen-we/waar-beleggen-we-in/aandelen-en-obligaties/#
Metal and Technology Pension Fund	Yum China Holdings Inc	7.058.364	2026-03-31	EUR	https://www.pmt.nl/over-pmt/zo-beleggen-we/waar-beleggen-we-in/aandelen-en-obligaties/#
Metal and Technology Pension Fund	Yum! Brands Inc	14.549.700	2026-03-31	EUR	https://www.pmt.nl/over-pmt/zo-beleggen-we/waar-beleggen-we-in/aandelen-en-obligaties/#
Metal and Technology Pension Fund	Zabka Group SA	685.108	2026-03-31	EUR	https://www.pmt.nl/over-pmt/zo-beleggen-we/waar-beleggen-we-in/aandelen-en-obligaties/#
Metal and Technology Pension Fund	Zalando SE	1.821.573	2026-03-31	EUR	https://www.pmt.nl/over-pmt/zo-beleggen-we/waar-beleggen-we-in/aandelen-en-obligaties/#
Metal and Technology Pension Fund	Zangge Mining Co Ltd	421.265	2026-03-31	EUR	https://www.pmt.nl/over-pmt/zo-beleggen-we/waar-beleggen-we-in/aandelen-en-obligaties/#
Metal and Technology Pension Fund	Zebra Technologies Corp	3.596.205	2026-03-31	EUR	https://www.pmt.nl/over-pmt/zo-beleggen-we/waar-beleggen-we-in/aandelen-en-obligaties/#
Metal and Technology Pension Fund	Zhejiang Chint Electrics Co Ltd	350.306	2026-03-31	EUR	https://www.pmt.nl/over-pmt/zo-beleggen-we/waar-beleggen-we-in/aandelen-en-obligaties/#
Metal and Technology Pension Fund	Zhejiang Jingsheng Mechanical & Electrical Co Ltd	185.933	2026-03-31	EUR	https://www.pmt.nl/over-pmt/zo-beleggen-we/waar-beleggen-we-in/aandelen-en-obligaties/#
Metal and Technology Pension Fund	Zhejiang Leapmotor Technology Co Ltd	1.202.892	2026-03-31	EUR	https://www.pmt.nl/over-pmt/zo-beleggen-we/waar-beleggen-we-in/aandelen-en-obligaties/#
Metal and Technology Pension Fund	Zhejiang Sanhua Intelligent Controls Co Ltd	337.690	2026-03-31	EUR	https://www.pmt.nl/over-pmt/zo-beleggen-we/waar-beleggen-we-in/aandelen-en-obligaties/#
Metal and Technology Pension Fund	Zhen Ding Technology Holding Ltd	1.788.299	2026-03-31	EUR	https://www.pmt.nl/over-pmt/zo-beleggen-we/waar-beleggen-we-in/aandelen-en-obligaties/#
Metal and Technology Pension Fund	Zimmer Biomet Holdings Inc	6.022.951	2026-03-31	EUR	https://www.pmt.nl/over-pmt/zo-beleggen-we/waar-beleggen-we-in/aandelen-en-obligaties/#
Metal and Technology Pension Fund	Zoetis Inc	17.681.536	2026-03-31	EUR	https://www.pmt.nl/over-pmt/zo-beleggen-we/waar-beleggen-we-in/aandelen-en-obligaties/#
Metal and Technology Pension Fund	Zoom Communications Inc	6.780.194	2026-03-31	EUR	https://www.pmt.nl/over-pmt/zo-beleggen-we/waar-beleggen-we-in/aandelen-en-obligaties/#
Metal and Technology Pension Fund	ZOZO Inc	962.109	2026-03-31	EUR	https://www.pmt.nl/over-pmt/zo-beleggen-we/waar-beleggen-we-in/aandelen-en-obligaties/#
Metal and Technology Pension Fund	Zscaler Inc	4.824.676	2026-03-31	EUR	https://www.pmt.nl/over-pmt/zo-beleggen-we/waar-beleggen-we-in/aandelen-en-obligaties/#
Metal and Technology Pension Fund	Zurich Insurance Group AG	35.172.012	2026-03-31	EUR	https://www.pmt.nl/over-pmt/zo-beleggen-we/waar-beleggen-we-in/aandelen-en-obligaties/#
Metal and Technology Pension Fund	Zydus Lifesciences Ltd	926.073	2026-03-31	EUR	https://www.pmt.nl/over-pmt/zo-beleggen-we/waar-beleggen-we-in/aandelen-en-obligaties/#
Metal and Technology Pension Fund	360 Security Technology Inc	292.247	2026-03-31	EUR	https://www.pmt.nl/over-pmt/zo-beleggen-we/waar-beleggen-we-in/aandelen-en-obligaties/#
Metal and Technology Pension Fund	37 Interactive Entertainment Network Technology Group Co Ltd	157.354	2026-03-31	EUR	https://www.pmt.nl/over-pmt/zo-beleggen-we/waar-beleggen-we-in/aandelen-en-obligaties/#
Metal and Technology Pension Fund	3M Co	26.260.513	2026-03-31	EUR	https://www.pmt.nl/over-pmt/zo-beleggen-we/waar-beleggen-we-in/aandelen-en-obligaties/#
Metal and Technology Pension Fund	3SBio Inc	1.981.172	2026-03-31	EUR	https://www.pmt.nl/over-pmt/zo-beleggen-we/waar-beleggen-we-in/aandelen-en-obligaties/#
Metal and Technology Pension Fund	Angola	87.851.518	2026-03-31	EUR	https://www.pmt.nl/over-pmt/zo-beleggen-we/waar-beleggen-we-in/aandelen-en-obligaties/#
Metal and Technology Pension Fund	Argentina	15.637.198	2026-03-31	EUR	https://www.pmt.nl/over-pmt/zo-beleggen-we/waar-beleggen-we-in/aandelen-en-obligaties/#
Metal and Technology Pension Fund	Armenia	4.343.518	2026-03-31	EUR	https://www.pmt.nl/over-pmt/zo-beleggen-we/waar-beleggen-we-in/aandelen-en-obligaties/#
Metal and Technology Pension Fund	Austria	598.287.038	2026-03-31	EUR	https://www.pmt.nl/over-pmt/zo-beleggen-we/waar-beleggen-we-in/aandelen-en-obligaties/#
Metal and Technology Pension Fund	Belgium	1.036.616.341	2026-03-31	EUR	https://www.pmt.nl/over-pmt/zo-beleggen-we/waar-beleggen-we-in/aandelen-en-obligaties/#
Metal and Technology Pension Fund	Benin	14.851.024	2026-03-31	EUR	https://www.pmt.nl/over-pmt/zo-beleggen-we/waar-beleggen-we-in/aandelen-en-obligaties/#
Metal and Technology Pension Fund	Brazil	366.143.808	2026-03-31	EUR	https://www.pmt.nl/over-pmt/zo-beleggen-we/waar-beleggen-we-in/aandelen-en-obligaties/#
Metal and Technology Pension Fund	Bulgaria	2.969.662	2026-03-31	EUR	https://www.pmt.nl/over-pmt/zo-beleggen-we/waar-beleggen-we-in/aandelen-en-obligaties/#
Metal and Technology Pension Fund	Chile	111.592.103	2026-03-31	EUR	https://www.pmt.nl/over-pmt/zo-beleggen-we/waar-beleggen-we-in/aandelen-en-obligaties/#
Metal and Technology Pension Fund	Colombia	285.349.056	2026-03-31	EUR	https://www.pmt.nl/over-pmt/zo-beleggen-we/waar-beleggen-we-in/aandelen-en-obligaties/#
Metal and Technology Pension Fund	Costa Rica	68.404.521	2026-03-31	EUR	https://www.pmt.nl/over-pmt/zo-beleggen-we/waar-beleggen-we-in/aandelen-en-obligaties/#
Metal and Technology Pension Fund	Denmark	810.312	2026-03-31	EUR	https://www.pmt.nl/over-pmt/zo-beleggen-we/waar-beleggen-we-in/aandelen-en-obligaties/#
Metal and Technology Pension Fund	Dominican Republic	205.790.390	2026-03-31	EUR	https://www.pmt.nl/over-pmt/zo-beleggen-we/waar-beleggen-we-in/aandelen-en-obligaties/#
Metal and Technology Pension Fund	Ecuador	113.188.189	2026-03-31	EUR	https://www.pmt.nl/over-pmt/zo-beleggen-we/waar-beleggen-we-in/aandelen-en-obligaties/#
Metal and Technology Pension Fund	El Salvador	76.950.135	2026-03-31	EUR	https://www.pmt.nl/over-pmt/zo-beleggen-we/waar-beleggen-we-in/aandelen-en-obligaties/#
Metal and Technology Pension Fund	Finland	1.023.429.747	2026-03-31	EUR	https://www.pmt.nl/over-pmt/zo-beleggen-we/waar-beleggen-we-in/aandelen-en-obligaties/#
Metal and Technology Pension Fund	France	1.437.917.592	2026-03-31	EUR	https://www.pmt.nl/over-pmt/zo-beleggen-we/waar-beleggen-we-in/aandelen-en-obligaties/#
Metal and Technology Pension Fund	Germany	3.674.874.382	2026-03-31	EUR	https://www.pmt.nl/over-pmt/zo-beleggen-we/waar-beleggen-we-in/aandelen-en-obligaties/#
Metal and Technology Pension Fund	Hungary	200.832.176	2026-03-31	EUR	https://www.pmt.nl/over-pmt/zo-beleggen-we/waar-beleggen-we-in/aandelen-en-obligaties/#
Metal and Technology Pension Fund	India	133.423.691	2026-03-31	EUR	https://www.pmt.nl/over-pmt/zo-beleggen-we/waar-beleggen-we-in/aandelen-en-obligaties/#
Metal and Technology Pension Fund	Indonesia	228.164.171	2026-03-31	EUR	https://www.pmt.nl/over-pmt/zo-beleggen-we/waar-beleggen-we-in/aandelen-en-obligaties/#
Metal and Technology Pension Fund	Ireland	487.854.377	2026-03-31	EUR	https://www.pmt.nl/over-pmt/zo-beleggen-we/waar-beleggen-we-in/aandelen-en-obligaties/#
Metal and Technology Pension Fund	Ivory Coast	79.703.313	2026-03-31	EUR	https://www.pmt.nl/over-pmt/zo-beleggen-we/waar-beleggen-we-in/aandelen-en-obligaties/#
Metal and Technology Pension Fund	Jamaica	31.819.132	2026-03-31	EUR	https://www.pmt.nl/over-pmt/zo-beleggen-we/waar-beleggen-we-in/aandelen-en-obligaties/#
Metal and Technology Pension Fund	Kenya	73.559.179	2026-03-31	EUR	https://www.pmt.nl/over-pmt/zo-beleggen-we/waar-beleggen-we-in/aandelen-en-obligaties/#
Metal and Technology Pension Fund	Latvia	7.946.347	2026-03-31	EUR	https://www.pmt.nl/over-pmt/zo-beleggen-we/waar-beleggen-we-in/aandelen-en-obligaties/#
Metal and Technology Pension Fund	Malaysia	94.074.211	2026-03-31	EUR	https://www.pmt.nl/over-pmt/zo-beleggen-we/waar-beleggen-we-in/aandelen-en-obligaties/#
Metal and Technology Pension Fund	Mexico	417.466.417	2026-03-31	EUR	https://www.pmt.nl/over-pmt/zo-beleggen-we/waar-beleggen-we-in/aandelen-en-obligaties/#
Metal and Technology Pension Fund	Mongolia	15.898.392	2026-03-31	EUR	https://www.pmt.nl/over-pmt/zo-beleggen-we/waar-beleggen-we-in/aandelen-en-obligaties/#
Metal and Technology Pension Fund	Morocco	48.563.549	2026-03-31	EUR	https://www.pmt.nl/over-pmt/zo-beleggen-we/waar-beleggen-we-in/aandelen-en-obligaties/#
Metal and Technology Pension Fund	Netherlands	2.988.870.453	2026-03-31	EUR	https://www.pmt.nl/over-pmt/zo-beleggen-we/waar-beleggen-we-in/aandelen-en-obligaties/#
Metal and Technology Pension Fund	Nigeria	150.479.422	2026-03-31	EUR	https://www.pmt.nl/over-pmt/zo-beleggen-we/waar-beleggen-we-in/aandelen-en-obligaties/#
Metal and Technology Pension Fund	Panama	144.437.415	2026-03-31	EUR	https://www.pmt.nl/over-pmt/zo-beleggen-we/waar-beleggen-we-in/aandelen-en-obligaties/#
Metal and Technology Pension Fund	Papua New Guinea	4.396.038	2026-03-31	EUR	https://www.pmt.nl/over-pmt/zo-beleggen-we/waar-beleggen-we-in/aandelen-en-obligaties/#
Metal and Technology Pension Fund	Paraguay	48.300.464	2026-03-31	EUR	https://www.pmt.nl/over-pmt/zo-beleggen-we/waar-beleggen-we-in/aandelen-en-obligaties/#
Metal and Technology Pension Fund	Peru	189.904.051	2026-03-31	EUR	https://www.pmt.nl/over-pmt/zo-beleggen-we/waar-beleggen-we-in/aandelen-en-obligaties/#
Metal and Technology Pension Fund	Philippines	160.612.343	2026-03-31	EUR	https://www.pmt.nl/over-pmt/zo-beleggen-we/waar-beleggen-we-in/aandelen-en-obligaties/#
Metal and Technology Pension Fund	Poland	211.663.439	2026-03-31	EUR	https://www.pmt.nl/over-pmt/zo-beleggen-we/waar-beleggen-we-in/aandelen-en-obligaties/#
Metal and Technology Pension Fund	Portugal	165.769.511	2026-03-31	EUR	https://www.pmt.nl/over-pmt/zo-beleggen-we/waar-beleggen-we-in/aandelen-en-obligaties/#
Metal and Technology Pension Fund	Romania	267.231.269	2026-03-31	EUR	https://www.pmt.nl/over-pmt/zo-beleggen-we/waar-beleggen-we-in/aandelen-en-obligaties/#
Metal and Technology Pension Fund	Senegal	14.346.931	2026-03-31	EUR	https://www.pmt.nl/over-pmt/zo-beleggen-we/waar-beleggen-we-in/aandelen-en-obligaties/#
Metal and Technology Pension Fund	Serbia	43.927.125	2026-03-31	EUR	https://www.pmt.nl/over-pmt/zo-beleggen-we/waar-beleggen-we-in/aandelen-en-obligaties/#
Metal and Technology Pension Fund	South Africa	358.423.815	2026-03-31	EUR	https://www.pmt.nl/over-pmt/zo-beleggen-we/waar-beleggen-we-in/aandelen-en-obligaties/#
Metal and Technology Pension Fund	Spain	422.848.950	2026-03-31	EUR	https://www.pmt.nl/over-pmt/zo-beleggen-we/waar-beleggen-we-in/aandelen-en-obligaties/#
Metal and Technology Pension Fund	Thailand	94.824.496	2026-03-31	EUR	https://www.pmt.nl/over-pmt/zo-beleggen-we/waar-beleggen-we-in/aandelen-en-obligaties/#
Metal and Technology Pension Fund	Trinidad & Tobago	13.235.473	2026-03-31	EUR	https://www.pmt.nl/over-pmt/zo-beleggen-we/waar-beleggen-we-in/aandelen-en-obligaties/#
Metal and Technology Pension Fund	Turkey	250.284.818	2026-03-31	EUR	https://www.pmt.nl/over-pmt/zo-beleggen-we/waar-beleggen-we-in/aandelen-en-obligaties/#
Metal and Technology Pension Fund	United States	29.099.513	2026-03-31	EUR	https://www.pmt.nl/over-pmt/zo-beleggen-we/waar-beleggen-we-in/aandelen-en-obligaties/#
Metal and Technology Pension Fund	Uruguay	114.699.080	2026-03-31	EUR	https://www.pmt.nl/over-pmt/zo-beleggen-we/waar-beleggen-we-in/aandelen-en-obligaties/#
Metal and Technology Pension Fund	ABB Finance BV	4.845.835	2026-03-31	EUR	https://www.pmt.nl/over-pmt/zo-beleggen-we/waar-beleggen-we-in/aandelen-en-obligaties/#
Metal and Technology Pension Fund	AbbVie Inc	14.817.983	2026-03-31	EUR	https://www.pmt.nl/over-pmt/zo-beleggen-we/waar-beleggen-we-in/aandelen-en-obligaties/#
Metal and Technology Pension Fund	Abertis France SAS	44.009.965	2026-03-31	EUR	https://www.pmt.nl/over-pmt/zo-beleggen-we/waar-beleggen-we-in/aandelen-en-obligaties/#
Metal and Technology Pension Fund	ABN AMRO Bank NV	45.322.856	2026-03-31	EUR	https://www.pmt.nl/over-pmt/zo-beleggen-we/waar-beleggen-we-in/aandelen-en-obligaties/#
Metal and Technology Pension Fund	Acef Holding SCA	64.517.678	2026-03-31	EUR	https://www.pmt.nl/over-pmt/zo-beleggen-we/waar-beleggen-we-in/aandelen-en-obligaties/#
Metal and Technology Pension Fund	Achmea Bank NV	18.214.615	2026-03-31	EUR	https://www.pmt.nl/over-pmt/zo-beleggen-we/waar-beleggen-we-in/aandelen-en-obligaties/#
Metal and Technology Pension Fund	Aena SME SA	49.478.888	2026-03-31	EUR	https://www.pmt.nl/over-pmt/zo-beleggen-we/waar-beleggen-we-in/aandelen-en-obligaties/#
Metal and Technology Pension Fund	Aeroports de Paris SA	47.213.706	2026-03-31	EUR	https://www.pmt.nl/over-pmt/zo-beleggen-we/waar-beleggen-we-in/aandelen-en-obligaties/#
Metal and Technology Pension Fund	AGCO International Holdings BV	18.616.723	2026-03-31	EUR	https://www.pmt.nl/over-pmt/zo-beleggen-we/waar-beleggen-we-in/aandelen-en-obligaties/#
Metal and Technology Pension Fund	Air Liquide Finance SA	10.132.204	2026-03-31	EUR	https://www.pmt.nl/over-pmt/zo-beleggen-we/waar-beleggen-we-in/aandelen-en-obligaties/#
Metal and Technology Pension Fund	Air Products and Chemicals Inc	88.690.037	2026-03-31	EUR	https://www.pmt.nl/over-pmt/zo-beleggen-we/waar-beleggen-we-in/aandelen-en-obligaties/#
Metal and Technology Pension Fund	Aker BP ASA	29.659.787	2026-03-31	EUR	https://www.pmt.nl/over-pmt/zo-beleggen-we/waar-beleggen-we-in/aandelen-en-obligaties/#
Metal and Technology Pension Fund	Alcon Finance BV	18.025.412	2026-03-31	EUR	https://www.pmt.nl/over-pmt/zo-beleggen-we/waar-beleggen-we-in/aandelen-en-obligaties/#
Metal and Technology Pension Fund	Aliaxis Holdings SA	33.221.517	2026-03-31	EUR	https://www.pmt.nl/over-pmt/zo-beleggen-we/waar-beleggen-we-in/aandelen-en-obligaties/#
Metal and Technology Pension Fund	Alimentation Couche-Tard Inc	52.672.162	2026-03-31	EUR	https://www.pmt.nl/over-pmt/zo-beleggen-we/waar-beleggen-we-in/aandelen-en-obligaties/#
Metal and Technology Pension Fund	Alliander NV	96.750.592	2026-03-31	EUR	https://www.pmt.nl/over-pmt/zo-beleggen-we/waar-beleggen-we-in/aandelen-en-obligaties/#
Metal and Technology Pension Fund	Alphabet Inc	89.143.097	2026-03-31	EUR	https://www.pmt.nl/over-pmt/zo-beleggen-we/waar-beleggen-we-in/aandelen-en-obligaties/#
Metal and Technology Pension Fund	Amadeus IT Group SA	16.421.518	2026-03-31	EUR	https://www.pmt.nl/over-pmt/zo-beleggen-we/waar-beleggen-we-in/aandelen-en-obligaties/#
Metal and Technology Pension Fund	Amcor UK Finance PLC	58.472.670	2026-03-31	EUR	https://www.pmt.nl/over-pmt/zo-beleggen-we/waar-beleggen-we-in/aandelen-en-obligaties/#
Metal and Technology Pension Fund	American Express Co	17.933.480	2026-03-31	EUR	https://www.pmt.nl/over-pmt/zo-beleggen-we/waar-beleggen-we-in/aandelen-en-obligaties/#
Metal and Technology Pension Fund	American Honda Finance Corp	85.427.172	2026-03-31	EUR	https://www.pmt.nl/over-pmt/zo-beleggen-we/waar-beleggen-we-in/aandelen-en-obligaties/#
Metal and Technology Pension Fund	American Medical Systems Europe BV	22.963.717	2026-03-31	EUR	https://www.pmt.nl/over-pmt/zo-beleggen-we/waar-beleggen-we-in/aandelen-en-obligaties/#
Metal and Technology Pension Fund	American Tower Corp	51.248.733	2026-03-31	EUR	https://www.pmt.nl/over-pmt/zo-beleggen-we/waar-beleggen-we-in/aandelen-en-obligaties/#
Metal and Technology Pension Fund	Amprion GmbH	44.610.363	2026-03-31	EUR	https://www.pmt.nl/over-pmt/zo-beleggen-we/waar-beleggen-we-in/aandelen-en-obligaties/#
Metal and Technology Pension Fund	Anheuser-Busch InBev SA/NV	78.902.094	2026-03-31	EUR	https://www.pmt.nl/over-pmt/zo-beleggen-we/waar-beleggen-we-in/aandelen-en-obligaties/#
Metal and Technology Pension Fund	ANZ New Zealand Int'l Ltd/London	29.763.903	2026-03-31	EUR	https://www.pmt.nl/over-pmt/zo-beleggen-we/waar-beleggen-we-in/aandelen-en-obligaties/#
Metal and Technology Pension Fund	APA Infrastructure Ltd	31.441.492	2026-03-31	EUR	https://www.pmt.nl/over-pmt/zo-beleggen-we/waar-beleggen-we-in/aandelen-en-obligaties/#
Metal and Technology Pension Fund	Apple Inc	21.840.982	2026-03-31	EUR	https://www.pmt.nl/over-pmt/zo-beleggen-we/waar-beleggen-we-in/aandelen-en-obligaties/#
Metal and Technology Pension Fund	APRR SA	77.292.515	2026-03-31	EUR	https://www.pmt.nl/over-pmt/zo-beleggen-we/waar-beleggen-we-in/aandelen-en-obligaties/#
Metal and Technology Pension Fund	Arcadis NV	13.750.881	2026-03-31	EUR	https://www.pmt.nl/over-pmt/zo-beleggen-we/waar-beleggen-we-in/aandelen-en-obligaties/#
Metal and Technology Pension Fund	Argenta Spaarbank NV	31.404.026	2026-03-31	EUR	https://www.pmt.nl/over-pmt/zo-beleggen-we/waar-beleggen-we-in/aandelen-en-obligaties/#
Metal and Technology Pension Fund	Argentum Netherlands BV for Givaudan SA	2.366.118	2026-03-31	EUR	https://www.pmt.nl/over-pmt/zo-beleggen-we/waar-beleggen-we-in/aandelen-en-obligaties/#
Metal and Technology Pension Fund	Arkema SA	29.556.882	2026-03-31	EUR	https://www.pmt.nl/over-pmt/zo-beleggen-we/waar-beleggen-we-in/aandelen-en-obligaties/#
Metal and Technology Pension Fund	Aroundtown SA	30.491.709	2026-03-31	EUR	https://www.pmt.nl/over-pmt/zo-beleggen-we/waar-beleggen-we-in/aandelen-en-obligaties/#
Metal and Technology Pension Fund	Asahi Group Holdings Ltd	42.635.055	2026-03-31	EUR	https://www.pmt.nl/over-pmt/zo-beleggen-we/waar-beleggen-we-in/aandelen-en-obligaties/#
Metal and Technology Pension Fund	ASB Bank Ltd	41.448.374	2026-03-31	EUR	https://www.pmt.nl/over-pmt/zo-beleggen-we/waar-beleggen-we-in/aandelen-en-obligaties/#
Metal and Technology Pension Fund	ASN Bank NV	43.145.843	2026-03-31	EUR	https://www.pmt.nl/over-pmt/zo-beleggen-we/waar-beleggen-we-in/aandelen-en-obligaties/#
Metal and Technology Pension Fund	Astrazeneca Finance LLC	9.414.828	2026-03-31	EUR	https://www.pmt.nl/over-pmt/zo-beleggen-we/waar-beleggen-we-in/aandelen-en-obligaties/#
Metal and Technology Pension Fund	AstraZeneca PLC	27.642.575	2026-03-31	EUR	https://www.pmt.nl/over-pmt/zo-beleggen-we/waar-beleggen-we-in/aandelen-en-obligaties/#
Metal and Technology Pension Fund	AT&T Inc	102.155.754	2026-03-31	EUR	https://www.pmt.nl/over-pmt/zo-beleggen-we/waar-beleggen-we-in/aandelen-en-obligaties/#
Metal and Technology Pension Fund	Atlas Copco Finance DAC	9.969.145	2026-03-31	EUR	https://www.pmt.nl/over-pmt/zo-beleggen-we/waar-beleggen-we-in/aandelen-en-obligaties/#
Metal and Technology Pension Fund	Aurizon Network Pty Ltd	15.813.979	2026-03-31	EUR	https://www.pmt.nl/over-pmt/zo-beleggen-we/waar-beleggen-we-in/aandelen-en-obligaties/#
Metal and Technology Pension Fund	Ausgrid Finance Pty Ltd	20.016.730	2026-03-31	EUR	https://www.pmt.nl/over-pmt/zo-beleggen-we/waar-beleggen-we-in/aandelen-en-obligaties/#
Metal and Technology Pension Fund	AusNet Services Holdings Pty Ltd	33.318.973	2026-03-31	EUR	https://www.pmt.nl/over-pmt/zo-beleggen-we/waar-beleggen-we-in/aandelen-en-obligaties/#
Metal and Technology Pension Fund	Australia & New Zealand Banking Group Ltd	6.508.738	2026-03-31	EUR	https://www.pmt.nl/over-pmt/zo-beleggen-we/waar-beleggen-we-in/aandelen-en-obligaties/#
Metal and Technology Pension Fund	Australia Pacific Airports Melbourne Pty Ltd	51.771.448	2026-03-31	EUR	https://www.pmt.nl/over-pmt/zo-beleggen-we/waar-beleggen-we-in/aandelen-en-obligaties/#
Metal and Technology Pension Fund	Autoroutes du Sud de la France SA	68.197.284	2026-03-31	EUR	https://www.pmt.nl/over-pmt/zo-beleggen-we/waar-beleggen-we-in/aandelen-en-obligaties/#
Metal and Technology Pension Fund	Avery Dennison Corp	15.093.721	2026-03-31	EUR	https://www.pmt.nl/over-pmt/zo-beleggen-we/waar-beleggen-we-in/aandelen-en-obligaties/#
Metal and Technology Pension Fund	AXA SA	34.492.519	2026-03-31	EUR	https://www.pmt.nl/over-pmt/zo-beleggen-we/waar-beleggen-we-in/aandelen-en-obligaties/#
Metal and Technology Pension Fund	Ayvens SA	48.272.730	2026-03-31	EUR	https://www.pmt.nl/over-pmt/zo-beleggen-we/waar-beleggen-we-in/aandelen-en-obligaties/#
Metal and Technology Pension Fund	Banco Santander SA	95.187.631	2026-03-31	EUR	https://www.pmt.nl/over-pmt/zo-beleggen-we/waar-beleggen-we-in/aandelen-en-obligaties/#
Metal and Technology Pension Fund	Bank of America Corp	68.351.570	2026-03-31	EUR	https://www.pmt.nl/over-pmt/zo-beleggen-we/waar-beleggen-we-in/aandelen-en-obligaties/#
Metal and Technology Pension Fund	Bank of Montreal	20.121.377	2026-03-31	EUR	https://www.pmt.nl/over-pmt/zo-beleggen-we/waar-beleggen-we-in/aandelen-en-obligaties/#
Metal and Technology Pension Fund	Bank of New Zealand	43.716.570	2026-03-31	EUR	https://www.pmt.nl/over-pmt/zo-beleggen-we/waar-beleggen-we-in/aandelen-en-obligaties/#
Metal and Technology Pension Fund	Bank of Nova Scotia/The	191.695	2026-03-31	EUR	https://www.pmt.nl/over-pmt/zo-beleggen-we/waar-beleggen-we-in/aandelen-en-obligaties/#
Metal and Technology Pension Fund	Banque Federative du Credit Mutuel SA	73.368.295	2026-03-31	EUR	https://www.pmt.nl/over-pmt/zo-beleggen-we/waar-beleggen-we-in/aandelen-en-obligaties/#
Metal and Technology Pension Fund	Barclays PLC	37.952.210	2026-03-31	EUR	https://www.pmt.nl/over-pmt/zo-beleggen-we/waar-beleggen-we-in/aandelen-en-obligaties/#
Metal and Technology Pension Fund	BASF SE	22.153.982	2026-03-31	EUR	https://www.pmt.nl/over-pmt/zo-beleggen-we/waar-beleggen-we-in/aandelen-en-obligaties/#
Metal and Technology Pension Fund	Bayer AG	52.524.463	2026-03-31	EUR	https://www.pmt.nl/over-pmt/zo-beleggen-we/waar-beleggen-we-in/aandelen-en-obligaties/#
Metal and Technology Pension Fund	Becton Dickinson & Co	19.428.483	2026-03-31	EUR	https://www.pmt.nl/over-pmt/zo-beleggen-we/waar-beleggen-we-in/aandelen-en-obligaties/#
Metal and Technology Pension Fund	Becton Dickinson Euro Finance Sarl	84.466.687	2026-03-31	EUR	https://www.pmt.nl/over-pmt/zo-beleggen-we/waar-beleggen-we-in/aandelen-en-obligaties/#
Metal and Technology Pension Fund	Belfius Bank SA	43.491.472	2026-03-31	EUR	https://www.pmt.nl/over-pmt/zo-beleggen-we/waar-beleggen-we-in/aandelen-en-obligaties/#
Metal and Technology Pension Fund	BG Energy Capital PLC	31.820.252	2026-03-31	EUR	https://www.pmt.nl/over-pmt/zo-beleggen-we/waar-beleggen-we-in/aandelen-en-obligaties/#
Metal and Technology Pension Fund	BHP Billiton Finance Ltd	47.400.910	2026-03-31	EUR	https://www.pmt.nl/over-pmt/zo-beleggen-we/waar-beleggen-we-in/aandelen-en-obligaties/#
Metal and Technology Pension Fund	Blackrock Inc	32.048.997	2026-03-31	EUR	https://www.pmt.nl/over-pmt/zo-beleggen-we/waar-beleggen-we-in/aandelen-en-obligaties/#
Metal and Technology Pension Fund	Blackstone Property Partners Europe Holdings Sarl	18.654.645	2026-03-31	EUR	https://www.pmt.nl/over-pmt/zo-beleggen-we/waar-beleggen-we-in/aandelen-en-obligaties/#
Metal and Technology Pension Fund	BMW Finance NV	18.079.776	2026-03-31	EUR	https://www.pmt.nl/over-pmt/zo-beleggen-we/waar-beleggen-we-in/aandelen-en-obligaties/#
Metal and Technology Pension Fund	BMW International Investment BV	37.451.854	2026-03-31	EUR	https://www.pmt.nl/over-pmt/zo-beleggen-we/waar-beleggen-we-in/aandelen-en-obligaties/#
Metal and Technology Pension Fund	BMW US Capital LLC	24.013.801	2026-03-31	EUR	https://www.pmt.nl/over-pmt/zo-beleggen-we/waar-beleggen-we-in/aandelen-en-obligaties/#
Metal and Technology Pension Fund	BNP Paribas SA	23.713.902	2026-03-31	EUR	https://www.pmt.nl/over-pmt/zo-beleggen-we/waar-beleggen-we-in/aandelen-en-obligaties/#
Metal and Technology Pension Fund	Booking Holdings Inc	83.966.479	2026-03-31	EUR	https://www.pmt.nl/over-pmt/zo-beleggen-we/waar-beleggen-we-in/aandelen-en-obligaties/#
Metal and Technology Pension Fund	BorgWarner Inc	27.801.638	2026-03-31	EUR	https://www.pmt.nl/over-pmt/zo-beleggen-we/waar-beleggen-we-in/aandelen-en-obligaties/#
Metal and Technology Pension Fund	BP Capital Markets BV	46.412.970	2026-03-31	EUR	https://www.pmt.nl/over-pmt/zo-beleggen-we/waar-beleggen-we-in/aandelen-en-obligaties/#
Metal and Technology Pension Fund	BP Capital Markets PLC	36.859.307	2026-03-31	EUR	https://www.pmt.nl/over-pmt/zo-beleggen-we/waar-beleggen-we-in/aandelen-en-obligaties/#
Metal and Technology Pension Fund	BPCE SA	41.382.482	2026-03-31	EUR	https://www.pmt.nl/over-pmt/zo-beleggen-we/waar-beleggen-we-in/aandelen-en-obligaties/#
Metal and Technology Pension Fund	Brambles Finance PLC	64.245.995	2026-03-31	EUR	https://www.pmt.nl/over-pmt/zo-beleggen-we/waar-beleggen-we-in/aandelen-en-obligaties/#
Metal and Technology Pension Fund	Brambles USA Inc	5.290.288	2026-03-31	EUR	https://www.pmt.nl/over-pmt/zo-beleggen-we/waar-beleggen-we-in/aandelen-en-obligaties/#
Metal and Technology Pension Fund	Brisbane Airport Corp Pty Ltd	14.381.649	2026-03-31	EUR	https://www.pmt.nl/over-pmt/zo-beleggen-we/waar-beleggen-we-in/aandelen-en-obligaties/#
Metal and Technology Pension Fund	British Telecommunications PLC	39.361.474	2026-03-31	EUR	https://www.pmt.nl/over-pmt/zo-beleggen-we/waar-beleggen-we-in/aandelen-en-obligaties/#
Metal and Technology Pension Fund	BT Finance PLC	7.756.006	2026-03-31	EUR	https://www.pmt.nl/over-pmt/zo-beleggen-we/waar-beleggen-we-in/aandelen-en-obligaties/#
Metal and Technology Pension Fund	Bunge Finance Europe BV	20.165.692	2026-03-31	EUR	https://www.pmt.nl/over-pmt/zo-beleggen-we/waar-beleggen-we-in/aandelen-en-obligaties/#
Metal and Technology Pension Fund	Bunzl Finance PLC	20.432.600	2026-03-31	EUR	https://www.pmt.nl/over-pmt/zo-beleggen-we/waar-beleggen-we-in/aandelen-en-obligaties/#
Metal and Technology Pension Fund	Cadent Finance PLC	22.126.202	2026-03-31	EUR	https://www.pmt.nl/over-pmt/zo-beleggen-we/waar-beleggen-we-in/aandelen-en-obligaties/#
Metal and Technology Pension Fund	Canadian Imperial Bank of Commerce	1.924.412	2026-03-31	EUR	https://www.pmt.nl/over-pmt/zo-beleggen-we/waar-beleggen-we-in/aandelen-en-obligaties/#
Metal and Technology Pension Fund	Capgemini SE	59.862.239	2026-03-31	EUR	https://www.pmt.nl/over-pmt/zo-beleggen-we/waar-beleggen-we-in/aandelen-en-obligaties/#
Metal and Technology Pension Fund	Cargill Inc	17.704.728	2026-03-31	EUR	https://www.pmt.nl/over-pmt/zo-beleggen-we/waar-beleggen-we-in/aandelen-en-obligaties/#
Metal and Technology Pension Fund	Carlsberg Breweries A/S	91.377.551	2026-03-31	EUR	https://www.pmt.nl/over-pmt/zo-beleggen-we/waar-beleggen-we-in/aandelen-en-obligaties/#
Metal and Technology Pension Fund	Carrefour SA	33.286.697	2026-03-31	EUR	https://www.pmt.nl/over-pmt/zo-beleggen-we/waar-beleggen-we-in/aandelen-en-obligaties/#
Metal and Technology Pension Fund	Carrier Global Corp	21.369.271	2026-03-31	EUR	https://www.pmt.nl/over-pmt/zo-beleggen-we/waar-beleggen-we-in/aandelen-en-obligaties/#
Metal and Technology Pension Fund	CBRE Open-Ended Funds SCA SICAV-SIF	43.321.051	2026-03-31	EUR	https://www.pmt.nl/over-pmt/zo-beleggen-we/waar-beleggen-we-in/aandelen-en-obligaties/#
Metal and Technology Pension Fund	CCEP Finance Ireland DAC	11.205.611	2026-03-31	EUR	https://www.pmt.nl/over-pmt/zo-beleggen-we/waar-beleggen-we-in/aandelen-en-obligaties/#
Metal and Technology Pension Fund	Cellnex Finance Co SA	43.362.248	2026-03-31	EUR	https://www.pmt.nl/over-pmt/zo-beleggen-we/waar-beleggen-we-in/aandelen-en-obligaties/#
Metal and Technology Pension Fund	Cencora Inc	32.288.784	2026-03-31	EUR	https://www.pmt.nl/over-pmt/zo-beleggen-we/waar-beleggen-we-in/aandelen-en-obligaties/#
Metal and Technology Pension Fund	Chorus Ltd	17.746.281	2026-03-31	EUR	https://www.pmt.nl/over-pmt/zo-beleggen-we/waar-beleggen-we-in/aandelen-en-obligaties/#
Metal and Technology Pension Fund	Chubb INA Holdings Inc	68.946.438	2026-03-31	EUR	https://www.pmt.nl/over-pmt/zo-beleggen-we/waar-beleggen-we-in/aandelen-en-obligaties/#
Metal and Technology Pension Fund	Cie de Saint-Gobain SA	65.437.359	2026-03-31	EUR	https://www.pmt.nl/over-pmt/zo-beleggen-we/waar-beleggen-we-in/aandelen-en-obligaties/#
Metal and Technology Pension Fund	CIMIC Finance Ltd	38.184.695	2026-03-31	EUR	https://www.pmt.nl/over-pmt/zo-beleggen-we/waar-beleggen-we-in/aandelen-en-obligaties/#
Metal and Technology Pension Fund	Citigroup Inc	36.797.710	2026-03-31	EUR	https://www.pmt.nl/over-pmt/zo-beleggen-we/waar-beleggen-we-in/aandelen-en-obligaties/#
Metal and Technology Pension Fund	Clearstream Europe AG	16.433.185	2026-03-31	EUR	https://www.pmt.nl/over-pmt/zo-beleggen-we/waar-beleggen-we-in/aandelen-en-obligaties/#
Metal and Technology Pension Fund	Cloverie PLC for Zurich Insurance Co Ltd	28.361.224	2026-03-31	EUR	https://www.pmt.nl/over-pmt/zo-beleggen-we/waar-beleggen-we-in/aandelen-en-obligaties/#
Metal and Technology Pension Fund	CNH Industrial Finance Europe SA	12.246.061	2026-03-31	EUR	https://www.pmt.nl/over-pmt/zo-beleggen-we/waar-beleggen-we-in/aandelen-en-obligaties/#
Metal and Technology Pension Fund	CNH Industrial NV	37.061.941	2026-03-31	EUR	https://www.pmt.nl/over-pmt/zo-beleggen-we/waar-beleggen-we-in/aandelen-en-obligaties/#
Metal and Technology Pension Fund	Coca-Cola Co/The	117.603.747	2026-03-31	EUR	https://www.pmt.nl/over-pmt/zo-beleggen-we/waar-beleggen-we-in/aandelen-en-obligaties/#
Metal and Technology Pension Fund	Coca-Cola Europacific Partners PLC	139.277.592	2026-03-31	EUR	https://www.pmt.nl/over-pmt/zo-beleggen-we/waar-beleggen-we-in/aandelen-en-obligaties/#
Metal and Technology Pension Fund	Coca-Cola HBC Finance BV	88.628.527	2026-03-31	EUR	https://www.pmt.nl/over-pmt/zo-beleggen-we/waar-beleggen-we-in/aandelen-en-obligaties/#
Metal and Technology Pension Fund	Coentreprise de Transport d'Electricite SA	27.534.847	2026-03-31	EUR	https://www.pmt.nl/over-pmt/zo-beleggen-we/waar-beleggen-we-in/aandelen-en-obligaties/#
Metal and Technology Pension Fund	Cofinimmo SA	12.583.850	2026-03-31	EUR	https://www.pmt.nl/over-pmt/zo-beleggen-we/waar-beleggen-we-in/aandelen-en-obligaties/#
Metal and Technology Pension Fund	Colgate-Palmolive Co	44.195.090	2026-03-31	EUR	https://www.pmt.nl/over-pmt/zo-beleggen-we/waar-beleggen-we-in/aandelen-en-obligaties/#
Metal and Technology Pension Fund	Colonial SFL Socimi SA	17.461.826	2026-03-31	EUR	https://www.pmt.nl/over-pmt/zo-beleggen-we/waar-beleggen-we-in/aandelen-en-obligaties/#
Metal and Technology Pension Fund	Coloplast Finance BV	27.113.392	2026-03-31	EUR	https://www.pmt.nl/over-pmt/zo-beleggen-we/waar-beleggen-we-in/aandelen-en-obligaties/#
Metal and Technology Pension Fund	Comcast Corp	85.707.671	2026-03-31	EUR	https://www.pmt.nl/over-pmt/zo-beleggen-we/waar-beleggen-we-in/aandelen-en-obligaties/#
Metal and Technology Pension Fund	Commonwealth Bank of Australia	1.281.838	2026-03-31	EUR	https://www.pmt.nl/over-pmt/zo-beleggen-we/waar-beleggen-we-in/aandelen-en-obligaties/#
Metal and Technology Pension Fund	Compass Group Finance Netherlands BV	15.087.384	2026-03-31	EUR	https://www.pmt.nl/over-pmt/zo-beleggen-we/waar-beleggen-we-in/aandelen-en-obligaties/#
Metal and Technology Pension Fund	Compass Group PLC	26.523.093	2026-03-31	EUR	https://www.pmt.nl/over-pmt/zo-beleggen-we/waar-beleggen-we-in/aandelen-en-obligaties/#
Metal and Technology Pension Fund	Computershare US Inc	32.333.693	2026-03-31	EUR	https://www.pmt.nl/over-pmt/zo-beleggen-we/waar-beleggen-we-in/aandelen-en-obligaties/#
Metal and Technology Pension Fund	Cooperatieve Rabobank UA	45.620.904	2026-03-31	EUR	https://www.pmt.nl/over-pmt/zo-beleggen-we/waar-beleggen-we-in/aandelen-en-obligaties/#
Metal and Technology Pension Fund	Corning Inc	19.504.778	2026-03-31	EUR	https://www.pmt.nl/over-pmt/zo-beleggen-we/waar-beleggen-we-in/aandelen-en-obligaties/#
Metal and Technology Pension Fund	Credit Agricole SA	104.034.381	2026-03-31	EUR	https://www.pmt.nl/over-pmt/zo-beleggen-we/waar-beleggen-we-in/aandelen-en-obligaties/#
Metal and Technology Pension Fund	Credit Agricole SA/London	6.069.903	2026-03-31	EUR	https://www.pmt.nl/over-pmt/zo-beleggen-we/waar-beleggen-we-in/aandelen-en-obligaties/#
Metal and Technology Pension Fund	Credit Mutuel Arkea SA	14.802.480	2026-03-31	EUR	https://www.pmt.nl/over-pmt/zo-beleggen-we/waar-beleggen-we-in/aandelen-en-obligaties/#
Metal and Technology Pension Fund	Crelan SA	38.706.583	2026-03-31	EUR	https://www.pmt.nl/over-pmt/zo-beleggen-we/waar-beleggen-we-in/aandelen-en-obligaties/#
Metal and Technology Pension Fund	CRH SMW Finance DAC	82.199.071	2026-03-31	EUR	https://www.pmt.nl/over-pmt/zo-beleggen-we/waar-beleggen-we-in/aandelen-en-obligaties/#
Metal and Technology Pension Fund	Daimler International Finance BV	80.090.733	2026-03-31	EUR	https://www.pmt.nl/over-pmt/zo-beleggen-we/waar-beleggen-we-in/aandelen-en-obligaties/#
Metal and Technology Pension Fund	Daimler Truck International Finance BV	54.693.641	2026-03-31	EUR	https://www.pmt.nl/over-pmt/zo-beleggen-we/waar-beleggen-we-in/aandelen-en-obligaties/#
Metal and Technology Pension Fund	Danaher Corp	7.154.324	2026-03-31	EUR	https://www.pmt.nl/over-pmt/zo-beleggen-we/waar-beleggen-we-in/aandelen-en-obligaties/#
Metal and Technology Pension Fund	Danone SA	81.111.730	2026-03-31	EUR	https://www.pmt.nl/over-pmt/zo-beleggen-we/waar-beleggen-we-in/aandelen-en-obligaties/#
Metal and Technology Pension Fund	Danske Bank A/S	71.539.272	2026-03-31	EUR	https://www.pmt.nl/over-pmt/zo-beleggen-we/waar-beleggen-we-in/aandelen-en-obligaties/#
Metal and Technology Pension Fund	Dassault Systemes SE	22.931.877	2026-03-31	EUR	https://www.pmt.nl/over-pmt/zo-beleggen-we/waar-beleggen-we-in/aandelen-en-obligaties/#
Metal and Technology Pension Fund	Deutsche Bahn AG	68.700.354	2026-03-31	EUR	https://www.pmt.nl/over-pmt/zo-beleggen-we/waar-beleggen-we-in/aandelen-en-obligaties/#
Metal and Technology Pension Fund	Deutsche Bank AG	41.401.594	2026-03-31	EUR	https://www.pmt.nl/over-pmt/zo-beleggen-we/waar-beleggen-we-in/aandelen-en-obligaties/#
Metal and Technology Pension Fund	Deutsche Boerse AG	93.764.100	2026-03-31	EUR	https://www.pmt.nl/over-pmt/zo-beleggen-we/waar-beleggen-we-in/aandelen-en-obligaties/#
Metal and Technology Pension Fund	Deutsche Telekom AG	39.886.113	2026-03-31	EUR	https://www.pmt.nl/over-pmt/zo-beleggen-we/waar-beleggen-we-in/aandelen-en-obligaties/#
Metal and Technology Pension Fund	DH Europe Finance II Sarl	57.266.032	2026-03-31	EUR	https://www.pmt.nl/over-pmt/zo-beleggen-we/waar-beleggen-we-in/aandelen-en-obligaties/#
Metal and Technology Pension Fund	Diageo Capital BV	22.348.953	2026-03-31	EUR	https://www.pmt.nl/over-pmt/zo-beleggen-we/waar-beleggen-we-in/aandelen-en-obligaties/#
Metal and Technology Pension Fund	Diageo Finance PLC	38.500.761	2026-03-31	EUR	https://www.pmt.nl/over-pmt/zo-beleggen-we/waar-beleggen-we-in/aandelen-en-obligaties/#
Metal and Technology Pension Fund	Digital Dutch Finco BV	43.270.548	2026-03-31	EUR	https://www.pmt.nl/over-pmt/zo-beleggen-we/waar-beleggen-we-in/aandelen-en-obligaties/#
Metal and Technology Pension Fund	Digital Euro Finco LLC	15.777.671	2026-03-31	EUR	https://www.pmt.nl/over-pmt/zo-beleggen-we/waar-beleggen-we-in/aandelen-en-obligaties/#
Metal and Technology Pension Fund	Digital Intrepid Holding BV	4.841.453	2026-03-31	EUR	https://www.pmt.nl/over-pmt/zo-beleggen-we/waar-beleggen-we-in/aandelen-en-obligaties/#
Metal and Technology Pension Fund	DNB Bank ASA	111.488.395	2026-03-31	EUR	https://www.pmt.nl/over-pmt/zo-beleggen-we/waar-beleggen-we-in/aandelen-en-obligaties/#
Metal and Technology Pension Fund	Dover Corp	61.039.137	2026-03-31	EUR	https://www.pmt.nl/over-pmt/zo-beleggen-we/waar-beleggen-we-in/aandelen-en-obligaties/#
Metal and Technology Pension Fund	DSM BV	28.268.059	2026-03-31	EUR	https://www.pmt.nl/over-pmt/zo-beleggen-we/waar-beleggen-we-in/aandelen-en-obligaties/#
Metal and Technology Pension Fund	DSV A/S	9.393.879	2026-03-31	EUR	https://www.pmt.nl/over-pmt/zo-beleggen-we/waar-beleggen-we-in/aandelen-en-obligaties/#
Metal and Technology Pension Fund	DSV Panalpina Finance BV	57.687.762	2026-03-31	EUR	https://www.pmt.nl/over-pmt/zo-beleggen-we/waar-beleggen-we-in/aandelen-en-obligaties/#
Metal and Technology Pension Fund	DXC Capital Funding DAC	21.735.652	2026-03-31	EUR	https://www.pmt.nl/over-pmt/zo-beleggen-we/waar-beleggen-we-in/aandelen-en-obligaties/#
Metal and Technology Pension Fund	E.ON SE	25.875.998	2026-03-31	EUR	https://www.pmt.nl/over-pmt/zo-beleggen-we/waar-beleggen-we-in/aandelen-en-obligaties/#
Metal and Technology Pension Fund	Eaton Capital ULC	35.607.582	2026-03-31	EUR	https://www.pmt.nl/over-pmt/zo-beleggen-we/waar-beleggen-we-in/aandelen-en-obligaties/#
Metal and Technology Pension Fund	Edenred SE	14.815.137	2026-03-31	EUR	https://www.pmt.nl/over-pmt/zo-beleggen-we/waar-beleggen-we-in/aandelen-en-obligaties/#
Metal and Technology Pension Fund	EDP Finance BV	8.431.419	2026-03-31	EUR	https://www.pmt.nl/over-pmt/zo-beleggen-we/waar-beleggen-we-in/aandelen-en-obligaties/#
Metal and Technology Pension Fund	EDP SA	11.497.504	2026-03-31	EUR	https://www.pmt.nl/over-pmt/zo-beleggen-we/waar-beleggen-we-in/aandelen-en-obligaties/#
Metal and Technology Pension Fund	EDP Servicios Financieros Espana SA	26.334.454	2026-03-31	EUR	https://www.pmt.nl/over-pmt/zo-beleggen-we/waar-beleggen-we-in/aandelen-en-obligaties/#
Metal and Technology Pension Fund	Electricite de France SA	44.808.373	2026-03-31	EUR	https://www.pmt.nl/over-pmt/zo-beleggen-we/waar-beleggen-we-in/aandelen-en-obligaties/#
Metal and Technology Pension Fund	Eli Lilly & Co	57.603.832	2026-03-31	EUR	https://www.pmt.nl/over-pmt/zo-beleggen-we/waar-beleggen-we-in/aandelen-en-obligaties/#
Metal and Technology Pension Fund	Elia Transmission Belgium SA	45.584.172	2026-03-31	EUR	https://www.pmt.nl/over-pmt/zo-beleggen-we/waar-beleggen-we-in/aandelen-en-obligaties/#
Metal and Technology Pension Fund	Elis SA	3.237.557	2026-03-31	EUR	https://www.pmt.nl/over-pmt/zo-beleggen-we/waar-beleggen-we-in/aandelen-en-obligaties/#
Metal and Technology Pension Fund	Ellevio AB	21.298.730	2026-03-31	EUR	https://www.pmt.nl/over-pmt/zo-beleggen-we/waar-beleggen-we-in/aandelen-en-obligaties/#
Metal and Technology Pension Fund	ELM BV for Swiss Prime Site AG	10.145.539	2026-03-31	EUR	https://www.pmt.nl/over-pmt/zo-beleggen-we/waar-beleggen-we-in/aandelen-en-obligaties/#
Metal and Technology Pension Fund	Emerson Electric Co	27.560.866	2026-03-31	EUR	https://www.pmt.nl/over-pmt/zo-beleggen-we/waar-beleggen-we-in/aandelen-en-obligaties/#
Metal and Technology Pension Fund	EnBW International Finance BV	36.830.270	2026-03-31	EUR	https://www.pmt.nl/over-pmt/zo-beleggen-we/waar-beleggen-we-in/aandelen-en-obligaties/#
Metal and Technology Pension Fund	Enel Finance International NV	114.235.127	2026-03-31	EUR	https://www.pmt.nl/over-pmt/zo-beleggen-we/waar-beleggen-we-in/aandelen-en-obligaties/#
Metal and Technology Pension Fund	Enel SpA	3.150.551	2026-03-31	EUR	https://www.pmt.nl/over-pmt/zo-beleggen-we/waar-beleggen-we-in/aandelen-en-obligaties/#
Metal and Technology Pension Fund	Enexis Holding NV	60.541.924	2026-03-31	EUR	https://www.pmt.nl/over-pmt/zo-beleggen-we/waar-beleggen-we-in/aandelen-en-obligaties/#
Metal and Technology Pension Fund	Engie SA	115.898.012	2026-03-31	EUR	https://www.pmt.nl/over-pmt/zo-beleggen-we/waar-beleggen-we-in/aandelen-en-obligaties/#
Metal and Technology Pension Fund	EQT AB	29.434.664	2026-03-31	EUR	https://www.pmt.nl/over-pmt/zo-beleggen-we/waar-beleggen-we-in/aandelen-en-obligaties/#
Metal and Technology Pension Fund	Equinix Europe 2 Financing Corp LLC	18.906.232	2026-03-31	EUR	https://www.pmt.nl/over-pmt/zo-beleggen-we/waar-beleggen-we-in/aandelen-en-obligaties/#
Metal and Technology Pension Fund	Equitable Financial Life Global Funding	38.209.808	2026-03-31	EUR	https://www.pmt.nl/over-pmt/zo-beleggen-we/waar-beleggen-we-in/aandelen-en-obligaties/#
Metal and Technology Pension Fund	EssilorLuxottica SA	47.045.451	2026-03-31	EUR	https://www.pmt.nl/over-pmt/zo-beleggen-we/waar-beleggen-we-in/aandelen-en-obligaties/#
Metal and Technology Pension Fund	Essity AB	10.027.613	2026-03-31	EUR	https://www.pmt.nl/over-pmt/zo-beleggen-we/waar-beleggen-we-in/aandelen-en-obligaties/#
Metal and Technology Pension Fund	Essity Capital BV	44.452.962	2026-03-31	EUR	https://www.pmt.nl/over-pmt/zo-beleggen-we/waar-beleggen-we-in/aandelen-en-obligaties/#
Metal and Technology Pension Fund	Euroclear Bank SA	14.420.365	2026-03-31	EUR	https://www.pmt.nl/over-pmt/zo-beleggen-we/waar-beleggen-we-in/aandelen-en-obligaties/#
Metal and Technology Pension Fund	Eurofins Scientific SE	40.028.701	2026-03-31	EUR	https://www.pmt.nl/over-pmt/zo-beleggen-we/waar-beleggen-we-in/aandelen-en-obligaties/#
Metal and Technology Pension Fund	Eurogrid GmbH	85.086.149	2026-03-31	EUR	https://www.pmt.nl/over-pmt/zo-beleggen-we/waar-beleggen-we-in/aandelen-en-obligaties/#
Metal and Technology Pension Fund	Euronext NV	11.212.023	2026-03-31	EUR	https://www.pmt.nl/over-pmt/zo-beleggen-we/waar-beleggen-we-in/aandelen-en-obligaties/#
Metal and Technology Pension Fund	EWE AG	17.400.167	2026-03-31	EUR	https://www.pmt.nl/over-pmt/zo-beleggen-we/waar-beleggen-we-in/aandelen-en-obligaties/#
Metal and Technology Pension Fund	Experian Europe DAC	10.519.164	2026-03-31	EUR	https://www.pmt.nl/over-pmt/zo-beleggen-we/waar-beleggen-we-in/aandelen-en-obligaties/#
Metal and Technology Pension Fund	Experian Finance PLC	24.602.719	2026-03-31	EUR	https://www.pmt.nl/over-pmt/zo-beleggen-we/waar-beleggen-we-in/aandelen-en-obligaties/#
Metal and Technology Pension Fund	Experian Finance US Inc	15.199.265	2026-03-31	EUR	https://www.pmt.nl/over-pmt/zo-beleggen-we/waar-beleggen-we-in/aandelen-en-obligaties/#
Metal and Technology Pension Fund	FedEx Corp	34.198.430	2026-03-31	EUR	https://www.pmt.nl/over-pmt/zo-beleggen-we/waar-beleggen-we-in/aandelen-en-obligaties/#
Metal and Technology Pension Fund	Ferrovial Emisiones SA	13.508.728	2026-03-31	EUR	https://www.pmt.nl/over-pmt/zo-beleggen-we/waar-beleggen-we-in/aandelen-en-obligaties/#
Metal and Technology Pension Fund	Fidelity National Information Services Inc	82.223.233	2026-03-31	EUR	https://www.pmt.nl/over-pmt/zo-beleggen-we/waar-beleggen-we-in/aandelen-en-obligaties/#
Metal and Technology Pension Fund	Fingrid OYJ	23.432.907	2026-03-31	EUR	https://www.pmt.nl/over-pmt/zo-beleggen-we/waar-beleggen-we-in/aandelen-en-obligaties/#
Metal and Technology Pension Fund	Firmenich Productions Participations SAS	11.879.485	2026-03-31	EUR	https://www.pmt.nl/over-pmt/zo-beleggen-we/waar-beleggen-we-in/aandelen-en-obligaties/#
Metal and Technology Pension Fund	Fiserv Funding ULC	11.685.400	2026-03-31	EUR	https://www.pmt.nl/over-pmt/zo-beleggen-we/waar-beleggen-we-in/aandelen-en-obligaties/#
Metal and Technology Pension Fund	Fiserv Inc	53.118.677	2026-03-31	EUR	https://www.pmt.nl/over-pmt/zo-beleggen-we/waar-beleggen-we-in/aandelen-en-obligaties/#
Metal and Technology Pension Fund	Flutter Treasury DAC	1.733.084	2026-03-31	EUR	https://www.pmt.nl/over-pmt/zo-beleggen-we/waar-beleggen-we-in/aandelen-en-obligaties/#
Metal and Technology Pension Fund	FLUVIUS System Operator CV	25.249.549	2026-03-31	EUR	https://www.pmt.nl/over-pmt/zo-beleggen-we/waar-beleggen-we-in/aandelen-en-obligaties/#
Metal and Technology Pension Fund	Fortive Corp	24.436.456	2026-03-31	EUR	https://www.pmt.nl/over-pmt/zo-beleggen-we/waar-beleggen-we-in/aandelen-en-obligaties/#
Metal and Technology Pension Fund	Fortum OYJ	14.795.136	2026-03-31	EUR	https://www.pmt.nl/over-pmt/zo-beleggen-we/waar-beleggen-we-in/aandelen-en-obligaties/#
Metal and Technology Pension Fund	Fresenius Medical Care AG	28.780.742	2026-03-31	EUR	https://www.pmt.nl/over-pmt/zo-beleggen-we/waar-beleggen-we-in/aandelen-en-obligaties/#
Metal and Technology Pension Fund	Frontier Communications Holdings LLC	5.105.623	2026-03-31	EUR	https://www.pmt.nl/over-pmt/zo-beleggen-we/waar-beleggen-we-in/aandelen-en-obligaties/#
Metal and Technology Pension Fund	Gatwick Funding Ltd	42.836.088	2026-03-31	EUR	https://www.pmt.nl/over-pmt/zo-beleggen-we/waar-beleggen-we-in/aandelen-en-obligaties/#
Metal and Technology Pension Fund	General Mills Inc	39.942.373	2026-03-31	EUR	https://www.pmt.nl/over-pmt/zo-beleggen-we/waar-beleggen-we-in/aandelen-en-obligaties/#
Metal and Technology Pension Fund	General Motors Financial Co Inc	20.993.554	2026-03-31	EUR	https://www.pmt.nl/over-pmt/zo-beleggen-we/waar-beleggen-we-in/aandelen-en-obligaties/#
Metal and Technology Pension Fund	Givaudan Finance Europe BV	16.728.061	2026-03-31	EUR	https://www.pmt.nl/over-pmt/zo-beleggen-we/waar-beleggen-we-in/aandelen-en-obligaties/#
Metal and Technology Pension Fund	GlaxoSmithKline Capital PLC	23.754.065	2026-03-31	EUR	https://www.pmt.nl/over-pmt/zo-beleggen-we/waar-beleggen-we-in/aandelen-en-obligaties/#
Metal and Technology Pension Fund	Global Payments Inc	23.202.597	2026-03-31	EUR	https://www.pmt.nl/over-pmt/zo-beleggen-we/waar-beleggen-we-in/aandelen-en-obligaties/#
Metal and Technology Pension Fund	Grand City Properties SA	14.963.487	2026-03-31	EUR	https://www.pmt.nl/over-pmt/zo-beleggen-we/waar-beleggen-we-in/aandelen-en-obligaties/#
Metal and Technology Pension Fund	Great-West Lifeco Inc	15.115.523	2026-03-31	EUR	https://www.pmt.nl/over-pmt/zo-beleggen-we/waar-beleggen-we-in/aandelen-en-obligaties/#
Metal and Technology Pension Fund	Groupe Bruxelles Lambert NV	42.430.355	2026-03-31	EUR	https://www.pmt.nl/over-pmt/zo-beleggen-we/waar-beleggen-we-in/aandelen-en-obligaties/#
Metal and Technology Pension Fund	GSK Capital BV	21.442.862	2026-03-31	EUR	https://www.pmt.nl/over-pmt/zo-beleggen-we/waar-beleggen-we-in/aandelen-en-obligaties/#
Metal and Technology Pension Fund	Haleon Netherlands Capital BV	12.735.556	2026-03-31	EUR	https://www.pmt.nl/over-pmt/zo-beleggen-we/waar-beleggen-we-in/aandelen-en-obligaties/#
Metal and Technology Pension Fund	Haleon UK Capital PLC	11.741.130	2026-03-31	EUR	https://www.pmt.nl/over-pmt/zo-beleggen-we/waar-beleggen-we-in/aandelen-en-obligaties/#
Metal and Technology Pension Fund	HCA Inc	2.014.283	2026-03-31	EUR	https://www.pmt.nl/over-pmt/zo-beleggen-we/waar-beleggen-we-in/aandelen-en-obligaties/#
Metal and Technology Pension Fund	Heathrow Funding Ltd	31.758.133	2026-03-31	EUR	https://www.pmt.nl/over-pmt/zo-beleggen-we/waar-beleggen-we-in/aandelen-en-obligaties/#
Metal and Technology Pension Fund	Heidelberg Materials AG	5.823.656	2026-03-31	EUR	https://www.pmt.nl/over-pmt/zo-beleggen-we/waar-beleggen-we-in/aandelen-en-obligaties/#
Metal and Technology Pension Fund	Heidelberg Materials Finance Luxembourg SA	26.364.823	2026-03-31	EUR	https://www.pmt.nl/over-pmt/zo-beleggen-we/waar-beleggen-we-in/aandelen-en-obligaties/#
Metal and Technology Pension Fund	Heineken NV	83.873.739	2026-03-31	EUR	https://www.pmt.nl/over-pmt/zo-beleggen-we/waar-beleggen-we-in/aandelen-en-obligaties/#
Metal and Technology Pension Fund	Henkel AG & Co KGaA	27.694.376	2026-03-31	EUR	https://www.pmt.nl/over-pmt/zo-beleggen-we/waar-beleggen-we-in/aandelen-en-obligaties/#
Metal and Technology Pension Fund	Highland Holdings Sarl	84.449.248	2026-03-31	EUR	https://www.pmt.nl/over-pmt/zo-beleggen-we/waar-beleggen-we-in/aandelen-en-obligaties/#
Metal and Technology Pension Fund	Holcim Finance Luxembourg SA	97.517.433	2026-03-31	EUR	https://www.pmt.nl/over-pmt/zo-beleggen-we/waar-beleggen-we-in/aandelen-en-obligaties/#
Metal and Technology Pension Fund	Iberdrola Finanzas SA	24.801.833	2026-03-31	EUR	https://www.pmt.nl/over-pmt/zo-beleggen-we/waar-beleggen-we-in/aandelen-en-obligaties/#
Metal and Technology Pension Fund	ICG PLC	44.515.358	2026-03-31	EUR	https://www.pmt.nl/over-pmt/zo-beleggen-we/waar-beleggen-we-in/aandelen-en-obligaties/#
Metal and Technology Pension Fund	IDS Financing PLC	44.502.830	2026-03-31	EUR	https://www.pmt.nl/over-pmt/zo-beleggen-we/waar-beleggen-we-in/aandelen-en-obligaties/#
Metal and Technology Pension Fund	IHG Finance LLC	59.651.219	2026-03-31	EUR	https://www.pmt.nl/over-pmt/zo-beleggen-we/waar-beleggen-we-in/aandelen-en-obligaties/#
Metal and Technology Pension Fund	Illinois Tool Works Inc	98.065.538	2026-03-31	EUR	https://www.pmt.nl/over-pmt/zo-beleggen-we/waar-beleggen-we-in/aandelen-en-obligaties/#
Metal and Technology Pension Fund	IMCD NV	56.673.640	2026-03-31	EUR	https://www.pmt.nl/over-pmt/zo-beleggen-we/waar-beleggen-we-in/aandelen-en-obligaties/#
Metal and Technology Pension Fund	In'li SA	27.482.775	2026-03-31	EUR	https://www.pmt.nl/over-pmt/zo-beleggen-we/waar-beleggen-we-in/aandelen-en-obligaties/#
Metal and Technology Pension Fund	Infineon Technologies AG	105.957.579	2026-03-31	EUR	https://www.pmt.nl/over-pmt/zo-beleggen-we/waar-beleggen-we-in/aandelen-en-obligaties/#
Metal and Technology Pension Fund	Informa PLC	56.251.406	2026-03-31	EUR	https://www.pmt.nl/over-pmt/zo-beleggen-we/waar-beleggen-we-in/aandelen-en-obligaties/#
Metal and Technology Pension Fund	ING Bank NV	24.215.605	2026-03-31	EUR	https://www.pmt.nl/over-pmt/zo-beleggen-we/waar-beleggen-we-in/aandelen-en-obligaties/#
Metal and Technology Pension Fund	ING Groep NV	117.121.229	2026-03-31	EUR	https://www.pmt.nl/over-pmt/zo-beleggen-we/waar-beleggen-we-in/aandelen-en-obligaties/#
Metal and Technology Pension Fund	International Business Machines Corp	139.172.083	2026-03-31	EUR	https://www.pmt.nl/over-pmt/zo-beleggen-we/waar-beleggen-we-in/aandelen-en-obligaties/#
Metal and Technology Pension Fund	International Flavors & Fragrances Inc	24.395.303	2026-03-31	EUR	https://www.pmt.nl/over-pmt/zo-beleggen-we/waar-beleggen-we-in/aandelen-en-obligaties/#
Metal and Technology Pension Fund	Investor AB	74.484.339	2026-03-31	EUR	https://www.pmt.nl/over-pmt/zo-beleggen-we/waar-beleggen-we-in/aandelen-en-obligaties/#
Metal and Technology Pension Fund	ISS Global A/S	25.531.615	2026-03-31	EUR	https://www.pmt.nl/over-pmt/zo-beleggen-we/waar-beleggen-we-in/aandelen-en-obligaties/#
Metal and Technology Pension Fund	Italgas SpA	28.269.808	2026-03-31	EUR	https://www.pmt.nl/over-pmt/zo-beleggen-we/waar-beleggen-we-in/aandelen-en-obligaties/#
Metal and Technology Pension Fund	IWG US Finance LLC	13.915.040	2026-03-31	EUR	https://www.pmt.nl/over-pmt/zo-beleggen-we/waar-beleggen-we-in/aandelen-en-obligaties/#
Metal and Technology Pension Fund	JAB Holdings BV	19.378.817	2026-03-31	EUR	https://www.pmt.nl/over-pmt/zo-beleggen-we/waar-beleggen-we-in/aandelen-en-obligaties/#
Metal and Technology Pension Fund	JCDecaux SE	8.781.165	2026-03-31	EUR	https://www.pmt.nl/over-pmt/zo-beleggen-we/waar-beleggen-we-in/aandelen-en-obligaties/#
Metal and Technology Pension Fund	JDE Peet's NV	43.696.191	2026-03-31	EUR	https://www.pmt.nl/over-pmt/zo-beleggen-we/waar-beleggen-we-in/aandelen-en-obligaties/#
Metal and Technology Pension Fund	JH North America Holdings Inc	4.536.888	2026-03-31	EUR	https://www.pmt.nl/over-pmt/zo-beleggen-we/waar-beleggen-we-in/aandelen-en-obligaties/#
Metal and Technology Pension Fund	John Deere Bank SA	54.576.380	2026-03-31	EUR	https://www.pmt.nl/over-pmt/zo-beleggen-we/waar-beleggen-we-in/aandelen-en-obligaties/#
Metal and Technology Pension Fund	John Deere Capital Corp	27.751.123	2026-03-31	EUR	https://www.pmt.nl/over-pmt/zo-beleggen-we/waar-beleggen-we-in/aandelen-en-obligaties/#
Metal and Technology Pension Fund	Johnson & Johnson	92.869.520	2026-03-31	EUR	https://www.pmt.nl/over-pmt/zo-beleggen-we/waar-beleggen-we-in/aandelen-en-obligaties/#
Metal and Technology Pension Fund	Johnson Controls International plc / Tyco Fire & Security Finance SCA	26.654.319	2026-03-31	EUR	https://www.pmt.nl/over-pmt/zo-beleggen-we/waar-beleggen-we-in/aandelen-en-obligaties/#
Metal and Technology Pension Fund	JPMorgan Chase & Co	123.701.178	2026-03-31	EUR	https://www.pmt.nl/over-pmt/zo-beleggen-we/waar-beleggen-we-in/aandelen-en-obligaties/#
Metal and Technology Pension Fund	Jyske Bank A/S	57.421.853	2026-03-31	EUR	https://www.pmt.nl/over-pmt/zo-beleggen-we/waar-beleggen-we-in/aandelen-en-obligaties/#
Metal and Technology Pension Fund	KBC Group NV	94.617.963	2026-03-31	EUR	https://www.pmt.nl/over-pmt/zo-beleggen-we/waar-beleggen-we-in/aandelen-en-obligaties/#
Metal and Technology Pension Fund	KBC IFIMA SA	24.136.860	2026-03-31	EUR	https://www.pmt.nl/over-pmt/zo-beleggen-we/waar-beleggen-we-in/aandelen-en-obligaties/#
Metal and Technology Pension Fund	Kerry Group Financial Services	41.181.955	2026-03-31	EUR	https://www.pmt.nl/over-pmt/zo-beleggen-we/waar-beleggen-we-in/aandelen-en-obligaties/#
Metal and Technology Pension Fund	Kingspan Securities Ireland DAC	23.134.765	2026-03-31	EUR	https://www.pmt.nl/over-pmt/zo-beleggen-we/waar-beleggen-we-in/aandelen-en-obligaties/#
Metal and Technology Pension Fund	Knorr-Bremse AG	10.342.988	2026-03-31	EUR	https://www.pmt.nl/over-pmt/zo-beleggen-we/waar-beleggen-we-in/aandelen-en-obligaties/#
Metal and Technology Pension Fund	Koninklijke Ahold Delhaize NV	68.581.345	2026-03-31	EUR	https://www.pmt.nl/over-pmt/zo-beleggen-we/waar-beleggen-we-in/aandelen-en-obligaties/#
Metal and Technology Pension Fund	Koninklijke KPN NV	33.404.306	2026-03-31	EUR	https://www.pmt.nl/over-pmt/zo-beleggen-we/waar-beleggen-we-in/aandelen-en-obligaties/#
Metal and Technology Pension Fund	Kraft Heinz Foods Co	49.362.545	2026-03-31	EUR	https://www.pmt.nl/over-pmt/zo-beleggen-we/waar-beleggen-we-in/aandelen-en-obligaties/#
Metal and Technology Pension Fund	Kreditanstalt fuer Wiederaufbau	66.633.325	2026-03-31	EUR	https://www.pmt.nl/over-pmt/zo-beleggen-we/waar-beleggen-we-in/aandelen-en-obligaties/#
Metal and Technology Pension Fund	L'Oreal SA	92.031.953	2026-03-31	EUR	https://www.pmt.nl/over-pmt/zo-beleggen-we/waar-beleggen-we-in/aandelen-en-obligaties/#
Metal and Technology Pension Fund	La Poste SA	47.057.587	2026-03-31	EUR	https://www.pmt.nl/over-pmt/zo-beleggen-we/waar-beleggen-we-in/aandelen-en-obligaties/#
Metal and Technology Pension Fund	Lansforsakringar Bank AB	90.820.585	2026-03-31	EUR	https://www.pmt.nl/over-pmt/zo-beleggen-we/waar-beleggen-we-in/aandelen-en-obligaties/#
Metal and Technology Pension Fund	LANXESS AG	7.327.795	2026-03-31	EUR	https://www.pmt.nl/over-pmt/zo-beleggen-we/waar-beleggen-we-in/aandelen-en-obligaties/#
Metal and Technology Pension Fund	LEG Immobilien SE	22.202.461	2026-03-31	EUR	https://www.pmt.nl/over-pmt/zo-beleggen-we/waar-beleggen-we-in/aandelen-en-obligaties/#
Metal and Technology Pension Fund	Linde PLC	120.590.097	2026-03-31	EUR	https://www.pmt.nl/over-pmt/zo-beleggen-we/waar-beleggen-we-in/aandelen-en-obligaties/#
Metal and Technology Pension Fund	LKQ Dutch Bond BV	22.086.519	2026-03-31	EUR	https://www.pmt.nl/over-pmt/zo-beleggen-we/waar-beleggen-we-in/aandelen-en-obligaties/#
Metal and Technology Pension Fund	Lloyds Banking Group PLC	21.164.987	2026-03-31	EUR	https://www.pmt.nl/over-pmt/zo-beleggen-we/waar-beleggen-we-in/aandelen-en-obligaties/#
Metal and Technology Pension Fund	London Stock Exchange Group PLC	29.672.302	2026-03-31	EUR	https://www.pmt.nl/over-pmt/zo-beleggen-we/waar-beleggen-we-in/aandelen-en-obligaties/#
Metal and Technology Pension Fund	Lonza Finance International NV	65.732.941	2026-03-31	EUR	https://www.pmt.nl/over-pmt/zo-beleggen-we/waar-beleggen-we-in/aandelen-en-obligaties/#
Metal and Technology Pension Fund	Louis Dreyfus Co Finance BV	29.992.309	2026-03-31	EUR	https://www.pmt.nl/over-pmt/zo-beleggen-we/waar-beleggen-we-in/aandelen-en-obligaties/#
Metal and Technology Pension Fund	Lseg Netherlands BV	58.171.297	2026-03-31	EUR	https://www.pmt.nl/over-pmt/zo-beleggen-we/waar-beleggen-we-in/aandelen-en-obligaties/#
Metal and Technology Pension Fund	Lumo Kodit Oyj	10.010.848	2026-03-31	EUR	https://www.pmt.nl/over-pmt/zo-beleggen-we/waar-beleggen-we-in/aandelen-en-obligaties/#
Metal and Technology Pension Fund	Lunar Funding V for Swisscom AG	22.016.326	2026-03-31	EUR	https://www.pmt.nl/over-pmt/zo-beleggen-we/waar-beleggen-we-in/aandelen-en-obligaties/#
Metal and Technology Pension Fund	Magnum Icc Finance BV	31.310.289	2026-03-31	EUR	https://www.pmt.nl/over-pmt/zo-beleggen-we/waar-beleggen-we-in/aandelen-en-obligaties/#
Metal and Technology Pension Fund	Manchester Airport Group Funding PLC	26.809.022	2026-03-31	EUR	https://www.pmt.nl/over-pmt/zo-beleggen-we/waar-beleggen-we-in/aandelen-en-obligaties/#
Metal and Technology Pension Fund	ManpowerGroup Inc	15.367.566	2026-03-31	EUR	https://www.pmt.nl/over-pmt/zo-beleggen-we/waar-beleggen-we-in/aandelen-en-obligaties/#
Metal and Technology Pension Fund	Mapfre SA	24.572.151	2026-03-31	EUR	https://www.pmt.nl/over-pmt/zo-beleggen-we/waar-beleggen-we-in/aandelen-en-obligaties/#
Metal and Technology Pension Fund	Maple Parent Holdings Corp	43.733.287	2026-03-31	EUR	https://www.pmt.nl/over-pmt/zo-beleggen-we/waar-beleggen-we-in/aandelen-en-obligaties/#
Metal and Technology Pension Fund	Marsh & McLennan Cos Inc	40.091.529	2026-03-31	EUR	https://www.pmt.nl/over-pmt/zo-beleggen-we/waar-beleggen-we-in/aandelen-en-obligaties/#
Metal and Technology Pension Fund	MassMutual Global Funding II	33.988.626	2026-03-31	EUR	https://www.pmt.nl/over-pmt/zo-beleggen-we/waar-beleggen-we-in/aandelen-en-obligaties/#
Metal and Technology Pension Fund	Mattel Inc	1.765.507	2026-03-31	EUR	https://www.pmt.nl/over-pmt/zo-beleggen-we/waar-beleggen-we-in/aandelen-en-obligaties/#
Metal and Technology Pension Fund	McDonald's Corp	65.925.336	2026-03-31	EUR	https://www.pmt.nl/over-pmt/zo-beleggen-we/waar-beleggen-we-in/aandelen-en-obligaties/#
Metal and Technology Pension Fund	Medtronic Inc	27.235.434	2026-03-31	EUR	https://www.pmt.nl/over-pmt/zo-beleggen-we/waar-beleggen-we-in/aandelen-en-obligaties/#
Metal and Technology Pension Fund	Merck & Co Inc	39.688.090	2026-03-31	EUR	https://www.pmt.nl/over-pmt/zo-beleggen-we/waar-beleggen-we-in/aandelen-en-obligaties/#
Metal and Technology Pension Fund	Merlin Properties Socimi SA	5.032.619	2026-03-31	EUR	https://www.pmt.nl/over-pmt/zo-beleggen-we/waar-beleggen-we-in/aandelen-en-obligaties/#
Metal and Technology Pension Fund	Metropolitan Life Global Funding I	103.857.454	2026-03-31	EUR	https://www.pmt.nl/over-pmt/zo-beleggen-we/waar-beleggen-we-in/aandelen-en-obligaties/#
Metal and Technology Pension Fund	Microsoft Corp	49.153.014	2026-03-31	EUR	https://www.pmt.nl/over-pmt/zo-beleggen-we/waar-beleggen-we-in/aandelen-en-obligaties/#
Metal and Technology Pension Fund	MMS USA Holdings Inc	12.539.766	2026-03-31	EUR	https://www.pmt.nl/over-pmt/zo-beleggen-we/waar-beleggen-we-in/aandelen-en-obligaties/#
Metal and Technology Pension Fund	Molnlycke Holding AB	15.663.338	2026-03-31	EUR	https://www.pmt.nl/over-pmt/zo-beleggen-we/waar-beleggen-we-in/aandelen-en-obligaties/#
Metal and Technology Pension Fund	Molson Coors Beverage Co	25.956.950	2026-03-31	EUR	https://www.pmt.nl/over-pmt/zo-beleggen-we/waar-beleggen-we-in/aandelen-en-obligaties/#
Metal and Technology Pension Fund	Mondelez International Inc	91.579.562	2026-03-31	EUR	https://www.pmt.nl/over-pmt/zo-beleggen-we/waar-beleggen-we-in/aandelen-en-obligaties/#
Metal and Technology Pension Fund	Mondi Finance Europe GmbH	16.780.707	2026-03-31	EUR	https://www.pmt.nl/over-pmt/zo-beleggen-we/waar-beleggen-we-in/aandelen-en-obligaties/#
Metal and Technology Pension Fund	Mondi Finance PLC	55.176.588	2026-03-31	EUR	https://www.pmt.nl/over-pmt/zo-beleggen-we/waar-beleggen-we-in/aandelen-en-obligaties/#
Metal and Technology Pension Fund	Moody's Corp	60.610.206	2026-03-31	EUR	https://www.pmt.nl/over-pmt/zo-beleggen-we/waar-beleggen-we-in/aandelen-en-obligaties/#
Metal and Technology Pension Fund	Morgan Stanley	88.117.031	2026-03-31	EUR	https://www.pmt.nl/over-pmt/zo-beleggen-we/waar-beleggen-we-in/aandelen-en-obligaties/#
Metal and Technology Pension Fund	Motability Operations Group PLC	79.664.222	2026-03-31	EUR	https://www.pmt.nl/over-pmt/zo-beleggen-we/waar-beleggen-we-in/aandelen-en-obligaties/#
Metal and Technology Pension Fund	MSD Netherlands Capital BV	18.809.220	2026-03-31	EUR	https://www.pmt.nl/over-pmt/zo-beleggen-we/waar-beleggen-we-in/aandelen-en-obligaties/#
Metal and Technology Pension Fund	MTU Aero Engines AG	14.592.878	2026-03-31	EUR	https://www.pmt.nl/over-pmt/zo-beleggen-we/waar-beleggen-we-in/aandelen-en-obligaties/#
Metal and Technology Pension Fund	Nasdaq Inc	61.759.891	2026-03-31	EUR	https://www.pmt.nl/over-pmt/zo-beleggen-we/waar-beleggen-we-in/aandelen-en-obligaties/#
Metal and Technology Pension Fund	National Australia Bank Ltd	1.469.308	2026-03-31	EUR	https://www.pmt.nl/over-pmt/zo-beleggen-we/waar-beleggen-we-in/aandelen-en-obligaties/#
Metal and Technology Pension Fund	National Grid Electricity Transmission PLC	24.163.847	2026-03-31	EUR	https://www.pmt.nl/over-pmt/zo-beleggen-we/waar-beleggen-we-in/aandelen-en-obligaties/#
Metal and Technology Pension Fund	National Grid North America Inc	27.760.593	2026-03-31	EUR	https://www.pmt.nl/over-pmt/zo-beleggen-we/waar-beleggen-we-in/aandelen-en-obligaties/#
Metal and Technology Pension Fund	National Grid PLC	32.933.580	2026-03-31	EUR	https://www.pmt.nl/over-pmt/zo-beleggen-we/waar-beleggen-we-in/aandelen-en-obligaties/#
Metal and Technology Pension Fund	Nationwide Building Society	102.762.543	2026-03-31	EUR	https://www.pmt.nl/over-pmt/zo-beleggen-we/waar-beleggen-we-in/aandelen-en-obligaties/#
Metal and Technology Pension Fund	Natixis Corporate & Investment Banking Luxembourg SA	3.743.391	2026-03-31	EUR	https://www.pmt.nl/over-pmt/zo-beleggen-we/waar-beleggen-we-in/aandelen-en-obligaties/#
Metal and Technology Pension Fund	NatWest Group PLC	66.809.081	2026-03-31	EUR	https://www.pmt.nl/over-pmt/zo-beleggen-we/waar-beleggen-we-in/aandelen-en-obligaties/#
Metal and Technology Pension Fund	NatWest Markets PLC	190.730	2026-03-31	EUR	https://www.pmt.nl/over-pmt/zo-beleggen-we/waar-beleggen-we-in/aandelen-en-obligaties/#
Metal and Technology Pension Fund	Nederlandse Gasunie NV	78.610.518	2026-03-31	EUR	https://www.pmt.nl/over-pmt/zo-beleggen-we/waar-beleggen-we-in/aandelen-en-obligaties/#
Metal and Technology Pension Fund	Neste Oyj	64.521.124	2026-03-31	EUR	https://www.pmt.nl/over-pmt/zo-beleggen-we/waar-beleggen-we-in/aandelen-en-obligaties/#
Metal and Technology Pension Fund	Nestle Finance International Ltd	69.403.588	2026-03-31	EUR	https://www.pmt.nl/over-pmt/zo-beleggen-we/waar-beleggen-we-in/aandelen-en-obligaties/#
Metal and Technology Pension Fund	Network Finance Co Pty Ltd	8.473.914	2026-03-31	EUR	https://www.pmt.nl/over-pmt/zo-beleggen-we/waar-beleggen-we-in/aandelen-en-obligaties/#
Metal and Technology Pension Fund	Nordea Bank Abp	84.751.645	2026-03-31	EUR	https://www.pmt.nl/over-pmt/zo-beleggen-we/waar-beleggen-we-in/aandelen-en-obligaties/#
Metal and Technology Pension Fund	Novartis Finance SA	77.643.878	2026-03-31	EUR	https://www.pmt.nl/over-pmt/zo-beleggen-we/waar-beleggen-we-in/aandelen-en-obligaties/#
Metal and Technology Pension Fund	Novo Nordisk Finance Netherlands BV	174.107.524	2026-03-31	EUR	https://www.pmt.nl/over-pmt/zo-beleggen-we/waar-beleggen-we-in/aandelen-en-obligaties/#
Metal and Technology Pension Fund	NTT Finance Corp	62.878.071	2026-03-31	EUR	https://www.pmt.nl/over-pmt/zo-beleggen-we/waar-beleggen-we-in/aandelen-en-obligaties/#
Metal and Technology Pension Fund	Nykredit Realkredit A/S	65.046.507	2026-03-31	EUR	https://www.pmt.nl/over-pmt/zo-beleggen-we/waar-beleggen-we-in/aandelen-en-obligaties/#
Metal and Technology Pension Fund	OP Corporate Bank plc	34.511.903	2026-03-31	EUR	https://www.pmt.nl/over-pmt/zo-beleggen-we/waar-beleggen-we-in/aandelen-en-obligaties/#
Metal and Technology Pension Fund	Orange SA	92.942.095	2026-03-31	EUR	https://www.pmt.nl/over-pmt/zo-beleggen-we/waar-beleggen-we-in/aandelen-en-obligaties/#
Metal and Technology Pension Fund	Origin Energy Finance Ltd	18.077.356	2026-03-31	EUR	https://www.pmt.nl/over-pmt/zo-beleggen-we/waar-beleggen-we-in/aandelen-en-obligaties/#
Metal and Technology Pension Fund	PACCAR Financial Europe BV	58.235.783	2026-03-31	EUR	https://www.pmt.nl/over-pmt/zo-beleggen-we/waar-beleggen-we-in/aandelen-en-obligaties/#
Metal and Technology Pension Fund	Paramount Global	8.158.176	2026-03-31	EUR	https://www.pmt.nl/over-pmt/zo-beleggen-we/waar-beleggen-we-in/aandelen-en-obligaties/#
Metal and Technology Pension Fund	Parker-Hannifin Corp	20.422.397	2026-03-31	EUR	https://www.pmt.nl/over-pmt/zo-beleggen-we/waar-beleggen-we-in/aandelen-en-obligaties/#
Metal and Technology Pension Fund	PepsiCo Inc	96.105.841	2026-03-31	EUR	https://www.pmt.nl/over-pmt/zo-beleggen-we/waar-beleggen-we-in/aandelen-en-obligaties/#
Metal and Technology Pension Fund	Pernod Ricard SA	46.911.150	2026-03-31	EUR	https://www.pmt.nl/over-pmt/zo-beleggen-we/waar-beleggen-we-in/aandelen-en-obligaties/#
Metal and Technology Pension Fund	Pfizer Netherlands International Finance BV	38.221.154	2026-03-31	EUR	https://www.pmt.nl/over-pmt/zo-beleggen-we/waar-beleggen-we-in/aandelen-en-obligaties/#
Metal and Technology Pension Fund	PPG Industries Inc	56.949.627	2026-03-31	EUR	https://www.pmt.nl/over-pmt/zo-beleggen-we/waar-beleggen-we-in/aandelen-en-obligaties/#
Metal and Technology Pension Fund	Procter & Gamble Co/The	86.899.720	2026-03-31	EUR	https://www.pmt.nl/over-pmt/zo-beleggen-we/waar-beleggen-we-in/aandelen-en-obligaties/#
Metal and Technology Pension Fund	Prologis Euro Finance LLC	68.532.651	2026-03-31	EUR	https://www.pmt.nl/over-pmt/zo-beleggen-we/waar-beleggen-we-in/aandelen-en-obligaties/#
Metal and Technology Pension Fund	Prologis International Funding II SA	27.348.277	2026-03-31	EUR	https://www.pmt.nl/over-pmt/zo-beleggen-we/waar-beleggen-we-in/aandelen-en-obligaties/#
Metal and Technology Pension Fund	Proximus SADP	31.352.312	2026-03-31	EUR	https://www.pmt.nl/over-pmt/zo-beleggen-we/waar-beleggen-we-in/aandelen-en-obligaties/#
Metal and Technology Pension Fund	Publicis Groupe SA	19.169.449	2026-03-31	EUR	https://www.pmt.nl/over-pmt/zo-beleggen-we/waar-beleggen-we-in/aandelen-en-obligaties/#
Metal and Technology Pension Fund	Raiffeisen Schweiz Genossenschaft	54.832.949	2026-03-31	EUR	https://www.pmt.nl/over-pmt/zo-beleggen-we/waar-beleggen-we-in/aandelen-en-obligaties/#
Metal and Technology Pension Fund	Randstad NV	16.238.339	2026-03-31	EUR	https://www.pmt.nl/over-pmt/zo-beleggen-we/waar-beleggen-we-in/aandelen-en-obligaties/#
Metal and Technology Pension Fund	Reckitt Benckiser Treasury Services Nederland BV	15.763.014	2026-03-31	EUR	https://www.pmt.nl/over-pmt/zo-beleggen-we/waar-beleggen-we-in/aandelen-en-obligaties/#
Metal and Technology Pension Fund	Reckitt Benckiser Treasury Services PLC	98.241.464	2026-03-31	EUR	https://www.pmt.nl/over-pmt/zo-beleggen-we/waar-beleggen-we-in/aandelen-en-obligaties/#
Metal and Technology Pension Fund	RELX Finance BV	28.493.887	2026-03-31	EUR	https://www.pmt.nl/over-pmt/zo-beleggen-we/waar-beleggen-we-in/aandelen-en-obligaties/#
Metal and Technology Pension Fund	Rentokil Initial PLC	4.540.565	2026-03-31	EUR	https://www.pmt.nl/over-pmt/zo-beleggen-we/waar-beleggen-we-in/aandelen-en-obligaties/#
Metal and Technology Pension Fund	Repsol International Finance BV	1.396.018	2026-03-31	EUR	https://www.pmt.nl/over-pmt/zo-beleggen-we/waar-beleggen-we-in/aandelen-en-obligaties/#
Metal and Technology Pension Fund	Roche Finance Europe BV	53.519.383	2026-03-31	EUR	https://www.pmt.nl/over-pmt/zo-beleggen-we/waar-beleggen-we-in/aandelen-en-obligaties/#
Metal and Technology Pension Fund	Royal Bank of Canada	89.042.734	2026-03-31	EUR	https://www.pmt.nl/over-pmt/zo-beleggen-we/waar-beleggen-we-in/aandelen-en-obligaties/#
Metal and Technology Pension Fund	Royal Schiphol Group NV	47.786.547	2026-03-31	EUR	https://www.pmt.nl/over-pmt/zo-beleggen-we/waar-beleggen-we-in/aandelen-en-obligaties/#
Metal and Technology Pension Fund	RTE Reseau de Transport d'Electricite SADIR	65.518.605	2026-03-31	EUR	https://www.pmt.nl/over-pmt/zo-beleggen-we/waar-beleggen-we-in/aandelen-en-obligaties/#
Metal and Technology Pension Fund	RWE AG	25.926.088	2026-03-31	EUR	https://www.pmt.nl/over-pmt/zo-beleggen-we/waar-beleggen-we-in/aandelen-en-obligaties/#
Metal and Technology Pension Fund	Sage Group PLC/The	47.990.395	2026-03-31	EUR	https://www.pmt.nl/over-pmt/zo-beleggen-we/waar-beleggen-we-in/aandelen-en-obligaties/#
Metal and Technology Pension Fund	Sandoz Finance BV	26.959.542	2026-03-31	EUR	https://www.pmt.nl/over-pmt/zo-beleggen-we/waar-beleggen-we-in/aandelen-en-obligaties/#
Metal and Technology Pension Fund	Sandvik AB	20.403.421	2026-03-31	EUR	https://www.pmt.nl/over-pmt/zo-beleggen-we/waar-beleggen-we-in/aandelen-en-obligaties/#
Metal and Technology Pension Fund	Sanofi SA	98.512.335	2026-03-31	EUR	https://www.pmt.nl/over-pmt/zo-beleggen-we/waar-beleggen-we-in/aandelen-en-obligaties/#
Metal and Technology Pension Fund	Santander UK Group Holdings PLC	25.033.033	2026-03-31	EUR	https://www.pmt.nl/over-pmt/zo-beleggen-we/waar-beleggen-we-in/aandelen-en-obligaties/#
Metal and Technology Pension Fund	Sartorius Finance BV	103.778.047	2026-03-31	EUR	https://www.pmt.nl/over-pmt/zo-beleggen-we/waar-beleggen-we-in/aandelen-en-obligaties/#
Metal and Technology Pension Fund	Scentre Group Trust 1 / Scentre Group Trust 2	21.734.769	2026-03-31	EUR	https://www.pmt.nl/over-pmt/zo-beleggen-we/waar-beleggen-we-in/aandelen-en-obligaties/#
Metal and Technology Pension Fund	Scentre Management Ltd	9.833.941	2026-03-31	EUR	https://www.pmt.nl/over-pmt/zo-beleggen-we/waar-beleggen-we-in/aandelen-en-obligaties/#
Metal and Technology Pension Fund	Schneider Electric SE	65.067.593	2026-03-31	EUR	https://www.pmt.nl/over-pmt/zo-beleggen-we/waar-beleggen-we-in/aandelen-en-obligaties/#
Metal and Technology Pension Fund	Scottish Hydro Electric Transmission PLC	44.128.808	2026-03-31	EUR	https://www.pmt.nl/over-pmt/zo-beleggen-we/waar-beleggen-we-in/aandelen-en-obligaties/#
Metal and Technology Pension Fund	SGS Finance BV	33.821.536	2026-03-31	EUR	https://www.pmt.nl/over-pmt/zo-beleggen-we/waar-beleggen-we-in/aandelen-en-obligaties/#
Metal and Technology Pension Fund	Shell International Finance BV	80.224.665	2026-03-31	EUR	https://www.pmt.nl/over-pmt/zo-beleggen-we/waar-beleggen-we-in/aandelen-en-obligaties/#
Metal and Technology Pension Fund	Siemens Financieringsmaatschappij NV	83.874.191	2026-03-31	EUR	https://www.pmt.nl/over-pmt/zo-beleggen-we/waar-beleggen-we-in/aandelen-en-obligaties/#
Metal and Technology Pension Fund	Sika Capital BV	107.489.929	2026-03-31	EUR	https://www.pmt.nl/over-pmt/zo-beleggen-we/waar-beleggen-we-in/aandelen-en-obligaties/#
Metal and Technology Pension Fund	Silfin NV	15.595.314	2026-03-31	EUR	https://www.pmt.nl/over-pmt/zo-beleggen-we/waar-beleggen-we-in/aandelen-en-obligaties/#
Metal and Technology Pension Fund	Skandinaviska Enskilda Banken AB	41.562.953	2026-03-31	EUR	https://www.pmt.nl/over-pmt/zo-beleggen-we/waar-beleggen-we-in/aandelen-en-obligaties/#
Metal and Technology Pension Fund	Smurfit Kappa Treasury ULC	17.276.409	2026-03-31	EUR	https://www.pmt.nl/over-pmt/zo-beleggen-we/waar-beleggen-we-in/aandelen-en-obligaties/#
Metal and Technology Pension Fund	Snam SpA	37.588.521	2026-03-31	EUR	https://www.pmt.nl/over-pmt/zo-beleggen-we/waar-beleggen-we-in/aandelen-en-obligaties/#
Metal and Technology Pension Fund	Societe Generale SA	10.362.111	2026-03-31	EUR	https://www.pmt.nl/over-pmt/zo-beleggen-we/waar-beleggen-we-in/aandelen-en-obligaties/#
Metal and Technology Pension Fund	SpareBank 1 Sor-Norge ASA	15.869.473	2026-03-31	EUR	https://www.pmt.nl/over-pmt/zo-beleggen-we/waar-beleggen-we-in/aandelen-en-obligaties/#
Metal and Technology Pension Fund	Sprint Capital Corp	1.879.993	2026-03-31	EUR	https://www.pmt.nl/over-pmt/zo-beleggen-we/waar-beleggen-we-in/aandelen-en-obligaties/#
Metal and Technology Pension Fund	SSE PLC	4.524.802	2026-03-31	EUR	https://www.pmt.nl/over-pmt/zo-beleggen-we/waar-beleggen-we-in/aandelen-en-obligaties/#
Metal and Technology Pension Fund	Standard Chartered PLC	24.726.404	2026-03-31	EUR	https://www.pmt.nl/over-pmt/zo-beleggen-we/waar-beleggen-we-in/aandelen-en-obligaties/#
Metal and Technology Pension Fund	Statkraft AS	18.208.885	2026-03-31	EUR	https://www.pmt.nl/over-pmt/zo-beleggen-we/waar-beleggen-we-in/aandelen-en-obligaties/#
Metal and Technology Pension Fund	Stedin Holding NV	31.230.631	2026-03-31	EUR	https://www.pmt.nl/over-pmt/zo-beleggen-we/waar-beleggen-we-in/aandelen-en-obligaties/#
Metal and Technology Pension Fund	Stryker Corp	50.655.278	2026-03-31	EUR	https://www.pmt.nl/over-pmt/zo-beleggen-we/waar-beleggen-we-in/aandelen-en-obligaties/#
Metal and Technology Pension Fund	Sumitomo Mitsui Banking Corp	8.012.800	2026-03-31	EUR	https://www.pmt.nl/over-pmt/zo-beleggen-we/waar-beleggen-we-in/aandelen-en-obligaties/#
Metal and Technology Pension Fund	Sumitomo Mitsui Financial Group Inc	30.144.898	2026-03-31	EUR	https://www.pmt.nl/over-pmt/zo-beleggen-we/waar-beleggen-we-in/aandelen-en-obligaties/#
Metal and Technology Pension Fund	Svenska Handelsbanken AB	105.298.468	2026-03-31	EUR	https://www.pmt.nl/over-pmt/zo-beleggen-we/waar-beleggen-we-in/aandelen-en-obligaties/#
Metal and Technology Pension Fund	Swiss Life Finance I Ltd	20.201.158	2026-03-31	EUR	https://www.pmt.nl/over-pmt/zo-beleggen-we/waar-beleggen-we-in/aandelen-en-obligaties/#
Metal and Technology Pension Fund	Swisscom Finance BV	95.407.525	2026-03-31	EUR	https://www.pmt.nl/over-pmt/zo-beleggen-we/waar-beleggen-we-in/aandelen-en-obligaties/#
Metal and Technology Pension Fund	Sydney Airport Finance Co Pty Ltd	62.525.000	2026-03-31	EUR	https://www.pmt.nl/over-pmt/zo-beleggen-we/waar-beleggen-we-in/aandelen-en-obligaties/#
Metal and Technology Pension Fund	Syensqo SA	17.236.942	2026-03-31	EUR	https://www.pmt.nl/over-pmt/zo-beleggen-we/waar-beleggen-we-in/aandelen-en-obligaties/#
Metal and Technology Pension Fund	Symrise AG	23.801.614	2026-03-31	EUR	https://www.pmt.nl/over-pmt/zo-beleggen-we/waar-beleggen-we-in/aandelen-en-obligaties/#
Metal and Technology Pension Fund	TAG Immobilien AG	10.887.512	2026-03-31	EUR	https://www.pmt.nl/over-pmt/zo-beleggen-we/waar-beleggen-we-in/aandelen-en-obligaties/#
Metal and Technology Pension Fund	Takeda Pharmaceutical Co Ltd	72.860.588	2026-03-31	EUR	https://www.pmt.nl/over-pmt/zo-beleggen-we/waar-beleggen-we-in/aandelen-en-obligaties/#
Metal and Technology Pension Fund	Tele2 AB	18.421.404	2026-03-31	EUR	https://www.pmt.nl/over-pmt/zo-beleggen-we/waar-beleggen-we-in/aandelen-en-obligaties/#
Metal and Technology Pension Fund	Telefonica Emisiones SAU	34.073.574	2026-03-31	EUR	https://www.pmt.nl/over-pmt/zo-beleggen-we/waar-beleggen-we-in/aandelen-en-obligaties/#
Metal and Technology Pension Fund	Telenor ASA	57.793.043	2026-03-31	EUR	https://www.pmt.nl/over-pmt/zo-beleggen-we/waar-beleggen-we-in/aandelen-en-obligaties/#
Metal and Technology Pension Fund	Teleperformance SE	39.798.253	2026-03-31	EUR	https://www.pmt.nl/over-pmt/zo-beleggen-we/waar-beleggen-we-in/aandelen-en-obligaties/#
Metal and Technology Pension Fund	Telia Co AB	21.032.360	2026-03-31	EUR	https://www.pmt.nl/over-pmt/zo-beleggen-we/waar-beleggen-we-in/aandelen-en-obligaties/#
Metal and Technology Pension Fund	Tennet Netherlands BV	92.010.283	2026-03-31	EUR	https://www.pmt.nl/over-pmt/zo-beleggen-we/waar-beleggen-we-in/aandelen-en-obligaties/#
Metal and Technology Pension Fund	Terega SA	19.305.524	2026-03-31	EUR	https://www.pmt.nl/over-pmt/zo-beleggen-we/waar-beleggen-we-in/aandelen-en-obligaties/#
Metal and Technology Pension Fund	Terna - Rete Elettrica Nazionale	47.691.204	2026-03-31	EUR	https://www.pmt.nl/over-pmt/zo-beleggen-we/waar-beleggen-we-in/aandelen-en-obligaties/#
Metal and Technology Pension Fund	Tesco Corporate Treasury Services PLC	88.450.712	2026-03-31	EUR	https://www.pmt.nl/over-pmt/zo-beleggen-we/waar-beleggen-we-in/aandelen-en-obligaties/#
Metal and Technology Pension Fund	Timken Co/The	34.504.588	2026-03-31	EUR	https://www.pmt.nl/over-pmt/zo-beleggen-we/waar-beleggen-we-in/aandelen-en-obligaties/#
Metal and Technology Pension Fund	Toronto-Dominion Bank/The	57.211.717	2026-03-31	EUR	https://www.pmt.nl/over-pmt/zo-beleggen-we/waar-beleggen-we-in/aandelen-en-obligaties/#
Metal and Technology Pension Fund	Toyota Finance Australia Ltd	27.227.877	2026-03-31	EUR	https://www.pmt.nl/over-pmt/zo-beleggen-we/waar-beleggen-we-in/aandelen-en-obligaties/#
Metal and Technology Pension Fund	Toyota Motor Credit Corp	35.116.475	2026-03-31	EUR	https://www.pmt.nl/over-pmt/zo-beleggen-we/waar-beleggen-we-in/aandelen-en-obligaties/#
Metal and Technology Pension Fund	Toyota Motor Finance Netherlands BV	58.750.726	2026-03-31	EUR	https://www.pmt.nl/over-pmt/zo-beleggen-we/waar-beleggen-we-in/aandelen-en-obligaties/#
Metal and Technology Pension Fund	Transmission Finance DAC	20.763.798	2026-03-31	EUR	https://www.pmt.nl/over-pmt/zo-beleggen-we/waar-beleggen-we-in/aandelen-en-obligaties/#
Metal and Technology Pension Fund	Transurban Finance Co Pty Ltd	74.613.216	2026-03-31	EUR	https://www.pmt.nl/over-pmt/zo-beleggen-we/waar-beleggen-we-in/aandelen-en-obligaties/#
Metal and Technology Pension Fund	Tyco Electronics Group SA	32.650.549	2026-03-31	EUR	https://www.pmt.nl/over-pmt/zo-beleggen-we/waar-beleggen-we-in/aandelen-en-obligaties/#
Metal and Technology Pension Fund	UBS AG/London	57.108.655	2026-03-31	EUR	https://www.pmt.nl/over-pmt/zo-beleggen-we/waar-beleggen-we-in/aandelen-en-obligaties/#
Metal and Technology Pension Fund	UBS Group AG	108.209.929	2026-03-31	EUR	https://www.pmt.nl/over-pmt/zo-beleggen-we/waar-beleggen-we-in/aandelen-en-obligaties/#
Metal and Technology Pension Fund	Unilever Capital Corp	42.881.401	2026-03-31	EUR	https://www.pmt.nl/over-pmt/zo-beleggen-we/waar-beleggen-we-in/aandelen-en-obligaties/#
Metal and Technology Pension Fund	Unilever Finance Netherlands BV	59.735.806	2026-03-31	EUR	https://www.pmt.nl/over-pmt/zo-beleggen-we/waar-beleggen-we-in/aandelen-en-obligaties/#
Metal and Technology Pension Fund	United Parcel Service Inc	5.543.412	2026-03-31	EUR	https://www.pmt.nl/over-pmt/zo-beleggen-we/waar-beleggen-we-in/aandelen-en-obligaties/#
Metal and Technology Pension Fund	Universal Music Group NV	40.173.901	2026-03-31	EUR	https://www.pmt.nl/over-pmt/zo-beleggen-we/waar-beleggen-we-in/aandelen-en-obligaties/#
Metal and Technology Pension Fund	Upjohn Finance BV	17.426.976	2026-03-31	EUR	https://www.pmt.nl/over-pmt/zo-beleggen-we/waar-beleggen-we-in/aandelen-en-obligaties/#
Metal and Technology Pension Fund	UPM-Kymmene OYJ	25.172.618	2026-03-31	EUR	https://www.pmt.nl/over-pmt/zo-beleggen-we/waar-beleggen-we-in/aandelen-en-obligaties/#
Metal and Technology Pension Fund	Vallourec SACA	587.113	2026-03-31	EUR	https://www.pmt.nl/over-pmt/zo-beleggen-we/waar-beleggen-we-in/aandelen-en-obligaties/#
Metal and Technology Pension Fund	Vattenfall AB	7.395.676	2026-03-31	EUR	https://www.pmt.nl/over-pmt/zo-beleggen-we/waar-beleggen-we-in/aandelen-en-obligaties/#
Metal and Technology Pension Fund	Veolia Environnement SA	49.734.584	2026-03-31	EUR	https://www.pmt.nl/over-pmt/zo-beleggen-we/waar-beleggen-we-in/aandelen-en-obligaties/#
Metal and Technology Pension Fund	Verallia SA	4.195.313	2026-03-31	EUR	https://www.pmt.nl/over-pmt/zo-beleggen-we/waar-beleggen-we-in/aandelen-en-obligaties/#
Metal and Technology Pension Fund	Verizon Communications Inc	94.128.591	2026-03-31	EUR	https://www.pmt.nl/over-pmt/zo-beleggen-we/waar-beleggen-we-in/aandelen-en-obligaties/#
Metal and Technology Pension Fund	Vesteda Finance BV	44.359.474	2026-03-31	EUR	https://www.pmt.nl/over-pmt/zo-beleggen-we/waar-beleggen-we-in/aandelen-en-obligaties/#
Metal and Technology Pension Fund	VGP NV	10.245.807	2026-03-31	EUR	https://www.pmt.nl/over-pmt/zo-beleggen-we/waar-beleggen-we-in/aandelen-en-obligaties/#
Metal and Technology Pension Fund	Vicinity Centres Trust	33.239.997	2026-03-31	EUR	https://www.pmt.nl/over-pmt/zo-beleggen-we/waar-beleggen-we-in/aandelen-en-obligaties/#
Metal and Technology Pension Fund	Vier Gas Transport GmbH	37.085.478	2026-03-31	EUR	https://www.pmt.nl/over-pmt/zo-beleggen-we/waar-beleggen-we-in/aandelen-en-obligaties/#
Metal and Technology Pension Fund	Visa Inc	129.747.440	2026-03-31	EUR	https://www.pmt.nl/over-pmt/zo-beleggen-we/waar-beleggen-we-in/aandelen-en-obligaties/#
Metal and Technology Pension Fund	Volvo Treasury AB	103.598.785	2026-03-31	EUR	https://www.pmt.nl/over-pmt/zo-beleggen-we/waar-beleggen-we-in/aandelen-en-obligaties/#
Metal and Technology Pension Fund	Vonovia SE	49.269.079	2026-03-31	EUR	https://www.pmt.nl/over-pmt/zo-beleggen-we/waar-beleggen-we-in/aandelen-en-obligaties/#
Metal and Technology Pension Fund	Walmart Inc	602.336	2026-03-31	EUR	https://www.pmt.nl/over-pmt/zo-beleggen-we/waar-beleggen-we-in/aandelen-en-obligaties/#
Metal and Technology Pension Fund	Warehouses De Pauw CVA	14.937.385	2026-03-31	EUR	https://www.pmt.nl/over-pmt/zo-beleggen-we/waar-beleggen-we-in/aandelen-en-obligaties/#
Metal and Technology Pension Fund	Wesfarmers Ltd	35.006.971	2026-03-31	EUR	https://www.pmt.nl/over-pmt/zo-beleggen-we/waar-beleggen-we-in/aandelen-en-obligaties/#
Metal and Technology Pension Fund	Westpac Securities NZ Ltd/London	29.442.834	2026-03-31	EUR	https://www.pmt.nl/over-pmt/zo-beleggen-we/waar-beleggen-we-in/aandelen-en-obligaties/#
Metal and Technology Pension Fund	Wintershall Dea Finance BV	19.745.436	2026-03-31	EUR	https://www.pmt.nl/over-pmt/zo-beleggen-we/waar-beleggen-we-in/aandelen-en-obligaties/#
Metal and Technology Pension Fund	Wolters Kluwer NV	89.661.961	2026-03-31	EUR	https://www.pmt.nl/over-pmt/zo-beleggen-we/waar-beleggen-we-in/aandelen-en-obligaties/#
Metal and Technology Pension Fund	Woolworths Group Ltd	50.524.402	2026-03-31	EUR	https://www.pmt.nl/over-pmt/zo-beleggen-we/waar-beleggen-we-in/aandelen-en-obligaties/#
Metal and Technology Pension Fund	Worley US Finance Sub Ltd	17.360.410	2026-03-31	EUR	https://www.pmt.nl/over-pmt/zo-beleggen-we/waar-beleggen-we-in/aandelen-en-obligaties/#
Metal and Technology Pension Fund	WP Carey Inc	23.706.549	2026-03-31	EUR	https://www.pmt.nl/over-pmt/zo-beleggen-we/waar-beleggen-we-in/aandelen-en-obligaties/#
Metal and Technology Pension Fund	WPC Eurobond BV	16.374.403	2026-03-31	EUR	https://www.pmt.nl/over-pmt/zo-beleggen-we/waar-beleggen-we-in/aandelen-en-obligaties/#
Metal and Technology Pension Fund	WPP Finance 2013	36.805.254	2026-03-31	EUR	https://www.pmt.nl/over-pmt/zo-beleggen-we/waar-beleggen-we-in/aandelen-en-obligaties/#
Metal and Technology Pension Fund	WPP Finance Deutschland GmbH	5.835.844	2026-03-31	EUR	https://www.pmt.nl/over-pmt/zo-beleggen-we/waar-beleggen-we-in/aandelen-en-obligaties/#
Metal and Technology Pension Fund	WPP Finance SA	13.978.824	2026-03-31	EUR	https://www.pmt.nl/over-pmt/zo-beleggen-we/waar-beleggen-we-in/aandelen-en-obligaties/#
Metal and Technology Pension Fund	Yorkshire Building Society	3.110.077	2026-03-31	EUR	https://www.pmt.nl/over-pmt/zo-beleggen-we/waar-beleggen-we-in/aandelen-en-obligaties/#
Metal and Technology Pension Fund	Zimmer Biomet Holdings Inc	34.630.116	2026-03-31	EUR	https://www.pmt.nl/over-pmt/zo-beleggen-we/waar-beleggen-we-in/aandelen-en-obligaties/#
Metal and Technology Pension Fund	Zuercher Kantonalbank	16.310.159	2026-03-31	EUR	https://www.pmt.nl/over-pmt/zo-beleggen-we/waar-beleggen-we-in/aandelen-en-obligaties/#
Metal and Technology Pension Fund	180 Medical Inc	2.314.094	2026-03-31	EUR	https://www.pmt.nl/over-pmt/zo-beleggen-we/waar-beleggen-we-in/aandelen-en-obligaties/#
Metal and Technology Pension Fund	3i Group PLC	31.426.807	2026-03-31	EUR	https://www.pmt.nl/over-pmt/zo-beleggen-we/waar-beleggen-we-in/aandelen-en-obligaties/#
Metal and Technology Pension Fund	AAR Escrow Issuer LLC	5.249.307	2026-03-31	EUR	https://www.pmt.nl/over-pmt/zo-beleggen-we/waar-beleggen-we-in/aandelen-en-obligaties/#
Metal and Technology Pension Fund	Abertis Infraestructuras Finance BV	35.916.542	2026-03-31	EUR	https://www.pmt.nl/over-pmt/zo-beleggen-we/waar-beleggen-we-in/aandelen-en-obligaties/#
Metal and Technology Pension Fund	Acadia Healthcare Co Inc	6.888.154	2026-03-31	EUR	https://www.pmt.nl/over-pmt/zo-beleggen-we/waar-beleggen-we-in/aandelen-en-obligaties/#
Metal and Technology Pension Fund	Accor SA	9.461.307	2026-03-31	EUR	https://www.pmt.nl/over-pmt/zo-beleggen-we/waar-beleggen-we-in/aandelen-en-obligaties/#
Metal and Technology Pension Fund	Acushnet Co	8.182.402	2026-03-31	EUR	https://www.pmt.nl/over-pmt/zo-beleggen-we/waar-beleggen-we-in/aandelen-en-obligaties/#
Metal and Technology Pension Fund	AdaptHealth LLC	4.250.599	2026-03-31	EUR	https://www.pmt.nl/over-pmt/zo-beleggen-we/waar-beleggen-we-in/aandelen-en-obligaties/#
Metal and Technology Pension Fund	Adient Global Holdings Ltd	4.356.185	2026-03-31	EUR	https://www.pmt.nl/over-pmt/zo-beleggen-we/waar-beleggen-we-in/aandelen-en-obligaties/#
Metal and Technology Pension Fund	Adler Pelzer Holding GmbH	3.237.732	2026-03-31	EUR	https://www.pmt.nl/over-pmt/zo-beleggen-we/waar-beleggen-we-in/aandelen-en-obligaties/#
Metal and Technology Pension Fund	ADT Security Corp/The	10.771.900	2026-03-31	EUR	https://www.pmt.nl/over-pmt/zo-beleggen-we/waar-beleggen-we-in/aandelen-en-obligaties/#
Metal and Technology Pension Fund	Advance Auto Parts Inc	4.431.980	2026-03-31	EUR	https://www.pmt.nl/over-pmt/zo-beleggen-we/waar-beleggen-we-in/aandelen-en-obligaties/#
Metal and Technology Pension Fund	Advanced Drainage Systems Inc	14.470.038	2026-03-31	EUR	https://www.pmt.nl/over-pmt/zo-beleggen-we/waar-beleggen-we-in/aandelen-en-obligaties/#
Metal and Technology Pension Fund	AECOM	7.902.564	2026-03-31	EUR	https://www.pmt.nl/over-pmt/zo-beleggen-we/waar-beleggen-we-in/aandelen-en-obligaties/#
Metal and Technology Pension Fund	Air France-KLM	15.580.524	2026-03-31	EUR	https://www.pmt.nl/over-pmt/zo-beleggen-we/waar-beleggen-we-in/aandelen-en-obligaties/#
Metal and Technology Pension Fund	Albertsons Cos Inc	4.312.337	2026-03-31	EUR	https://www.pmt.nl/over-pmt/zo-beleggen-we/waar-beleggen-we-in/aandelen-en-obligaties/#
Metal and Technology Pension Fund	Albertsons Cos Inc / Safeway Inc / New Albertsons LP / Albertsons LLC	14.085.499	2026-03-31	EUR	https://www.pmt.nl/over-pmt/zo-beleggen-we/waar-beleggen-we-in/aandelen-en-obligaties/#
Metal and Technology Pension Fund	Albion Financing 1 SARL / Aggreko Holdings Inc	3.936.789	2026-03-31	EUR	https://www.pmt.nl/over-pmt/zo-beleggen-we/waar-beleggen-we-in/aandelen-en-obligaties/#
Metal and Technology Pension Fund	Alcoa Nederland Holding BV	4.095.698	2026-03-31	EUR	https://www.pmt.nl/over-pmt/zo-beleggen-we/waar-beleggen-we-in/aandelen-en-obligaties/#
Metal and Technology Pension Fund	Alexandrite Lake Lux Holdings Sarl	2.906.925	2026-03-31	EUR	https://www.pmt.nl/over-pmt/zo-beleggen-we/waar-beleggen-we-in/aandelen-en-obligaties/#
Metal and Technology Pension Fund	Allison Transmission Inc	5.757.315	2026-03-31	EUR	https://www.pmt.nl/over-pmt/zo-beleggen-we/waar-beleggen-we-in/aandelen-en-obligaties/#
Metal and Technology Pension Fund	Alstom SA	17.542.910	2026-03-31	EUR	https://www.pmt.nl/over-pmt/zo-beleggen-we/waar-beleggen-we-in/aandelen-en-obligaties/#
Metal and Technology Pension Fund	alstria Sarl	8.757.345	2026-03-31	EUR	https://www.pmt.nl/over-pmt/zo-beleggen-we/waar-beleggen-we-in/aandelen-en-obligaties/#
Metal and Technology Pension Fund	AltaGas Ltd	1.999.470	2026-03-31	EUR	https://www.pmt.nl/over-pmt/zo-beleggen-we/waar-beleggen-we-in/aandelen-en-obligaties/#
Metal and Technology Pension Fund	Alumina Pty Ltd	4.789.369	2026-03-31	EUR	https://www.pmt.nl/over-pmt/zo-beleggen-we/waar-beleggen-we-in/aandelen-en-obligaties/#
Metal and Technology Pension Fund	Amber Finco PLC	6.440.602	2026-03-31	EUR	https://www.pmt.nl/over-pmt/zo-beleggen-we/waar-beleggen-we-in/aandelen-en-obligaties/#
Metal and Technology Pension Fund	American Airlines Inc/AAdvantage Loyalty IP Ltd	10.037.906	2026-03-31	EUR	https://www.pmt.nl/over-pmt/zo-beleggen-we/waar-beleggen-we-in/aandelen-en-obligaties/#
Metal and Technology Pension Fund	American Axle & Manufacturing Inc	4.117.142	2026-03-31	EUR	https://www.pmt.nl/over-pmt/zo-beleggen-we/waar-beleggen-we-in/aandelen-en-obligaties/#
Metal and Technology Pension Fund	Amkor Technology Inc	11.094.489	2026-03-31	EUR	https://www.pmt.nl/over-pmt/zo-beleggen-we/waar-beleggen-we-in/aandelen-en-obligaties/#
Metal and Technology Pension Fund	AMN Healthcare Inc	4.264.561	2026-03-31	EUR	https://www.pmt.nl/over-pmt/zo-beleggen-we/waar-beleggen-we-in/aandelen-en-obligaties/#
Metal and Technology Pension Fund	ams-OSRAM AG	5.307.018	2026-03-31	EUR	https://www.pmt.nl/over-pmt/zo-beleggen-we/waar-beleggen-we-in/aandelen-en-obligaties/#
Metal and Technology Pension Fund	Antero Midstream Partners LP / Antero Midstream Finance Corp	11.929.714	2026-03-31	EUR	https://www.pmt.nl/over-pmt/zo-beleggen-we/waar-beleggen-we-in/aandelen-en-obligaties/#
Metal and Technology Pension Fund	APA Infrastructure Ltd	6.476.615	2026-03-31	EUR	https://www.pmt.nl/over-pmt/zo-beleggen-we/waar-beleggen-we-in/aandelen-en-obligaties/#
Metal and Technology Pension Fund	APLD ComputeCo 2 LLC	8.986.376	2026-03-31	EUR	https://www.pmt.nl/over-pmt/zo-beleggen-we/waar-beleggen-we-in/aandelen-en-obligaties/#
Metal and Technology Pension Fund	APLD ComputeCo LLC	2.858.031	2026-03-31	EUR	https://www.pmt.nl/over-pmt/zo-beleggen-we/waar-beleggen-we-in/aandelen-en-obligaties/#
Metal and Technology Pension Fund	Aramark International Finance Sarl	8.078.581	2026-03-31	EUR	https://www.pmt.nl/over-pmt/zo-beleggen-we/waar-beleggen-we-in/aandelen-en-obligaties/#
Metal and Technology Pension Fund	Aramark Services Inc	2.827.550	2026-03-31	EUR	https://www.pmt.nl/over-pmt/zo-beleggen-we/waar-beleggen-we-in/aandelen-en-obligaties/#
Metal and Technology Pension Fund	Archrock Partners LP / Archrock Partners Finance Corp	5.821.008	2026-03-31	EUR	https://www.pmt.nl/over-pmt/zo-beleggen-we/waar-beleggen-we-in/aandelen-en-obligaties/#
Metal and Technology Pension Fund	Arcosa Inc	9.998.880	2026-03-31	EUR	https://www.pmt.nl/over-pmt/zo-beleggen-we/waar-beleggen-we-in/aandelen-en-obligaties/#
Metal and Technology Pension Fund	Ardagh Metal Packaging Finance USA LLC / Ardagh Metal Packaging Finance PLC	19.419.961	2026-03-31	EUR	https://www.pmt.nl/over-pmt/zo-beleggen-we/waar-beleggen-we-in/aandelen-en-obligaties/#
Metal and Technology Pension Fund	Aroundtown Finance Sarl	23.479.230	2026-03-31	EUR	https://www.pmt.nl/over-pmt/zo-beleggen-we/waar-beleggen-we-in/aandelen-en-obligaties/#
Metal and Technology Pension Fund	Aroundtown SA	7.143.342	2026-03-31	EUR	https://www.pmt.nl/over-pmt/zo-beleggen-we/waar-beleggen-we-in/aandelen-en-obligaties/#
Metal and Technology Pension Fund	Arsenal AIC Parent LLC	2.439.710	2026-03-31	EUR	https://www.pmt.nl/over-pmt/zo-beleggen-we/waar-beleggen-we-in/aandelen-en-obligaties/#
Metal and Technology Pension Fund	Asbury Automotive Group Inc	17.643.572	2026-03-31	EUR	https://www.pmt.nl/over-pmt/zo-beleggen-we/waar-beleggen-we-in/aandelen-en-obligaties/#
Metal and Technology Pension Fund	ASGN Inc	4.380.365	2026-03-31	EUR	https://www.pmt.nl/over-pmt/zo-beleggen-we/waar-beleggen-we-in/aandelen-en-obligaties/#
Metal and Technology Pension Fund	Ashland Services BV	9.616.803	2026-03-31	EUR	https://www.pmt.nl/over-pmt/zo-beleggen-we/waar-beleggen-we-in/aandelen-en-obligaties/#
Metal and Technology Pension Fund	Atos SE	17.854.433	2026-03-31	EUR	https://www.pmt.nl/over-pmt/zo-beleggen-we/waar-beleggen-we-in/aandelen-en-obligaties/#
Metal and Technology Pension Fund	ATS Corp	2.151.282	2026-03-31	EUR	https://www.pmt.nl/over-pmt/zo-beleggen-we/waar-beleggen-we-in/aandelen-en-obligaties/#
Metal and Technology Pension Fund	Avantor Funding Inc	16.883.541	2026-03-31	EUR	https://www.pmt.nl/over-pmt/zo-beleggen-we/waar-beleggen-we-in/aandelen-en-obligaties/#
Metal and Technology Pension Fund	Avient Corp	9.805.800	2026-03-31	EUR	https://www.pmt.nl/over-pmt/zo-beleggen-we/waar-beleggen-we-in/aandelen-en-obligaties/#
Metal and Technology Pension Fund	Avis Budget Finance Plc	11.819.020	2026-03-31	EUR	https://www.pmt.nl/over-pmt/zo-beleggen-we/waar-beleggen-we-in/aandelen-en-obligaties/#
Metal and Technology Pension Fund	Axalta Coating Systems Dutch Holding B BV	4.530.188	2026-03-31	EUR	https://www.pmt.nl/over-pmt/zo-beleggen-we/waar-beleggen-we-in/aandelen-en-obligaties/#
Metal and Technology Pension Fund	Axon Enterprise Inc	12.047.383	2026-03-31	EUR	https://www.pmt.nl/over-pmt/zo-beleggen-we/waar-beleggen-we-in/aandelen-en-obligaties/#
Metal and Technology Pension Fund	Azelis Finance NV	17.984.959	2026-03-31	EUR	https://www.pmt.nl/over-pmt/zo-beleggen-we/waar-beleggen-we-in/aandelen-en-obligaties/#
Metal and Technology Pension Fund	Ball Corp	40.049.108	2026-03-31	EUR	https://www.pmt.nl/over-pmt/zo-beleggen-we/waar-beleggen-we-in/aandelen-en-obligaties/#
Metal and Technology Pension Fund	Bath & Body Works Inc	8.796.944	2026-03-31	EUR	https://www.pmt.nl/over-pmt/zo-beleggen-we/waar-beleggen-we-in/aandelen-en-obligaties/#
Metal and Technology Pension Fund	Bayer AG	45.405.275	2026-03-31	EUR	https://www.pmt.nl/over-pmt/zo-beleggen-we/waar-beleggen-we-in/aandelen-en-obligaties/#
Metal and Technology Pension Fund	BCP V Modular Services Finance II PLC	9.039.165	2026-03-31	EUR	https://www.pmt.nl/over-pmt/zo-beleggen-we/waar-beleggen-we-in/aandelen-en-obligaties/#
Metal and Technology Pension Fund	BE Semiconductor Industries NV	7.716.299	2026-03-31	EUR	https://www.pmt.nl/over-pmt/zo-beleggen-we/waar-beleggen-we-in/aandelen-en-obligaties/#
Metal and Technology Pension Fund	Beach Acquisition Bidco LLC	5.410.824	2026-03-31	EUR	https://www.pmt.nl/over-pmt/zo-beleggen-we/waar-beleggen-we-in/aandelen-en-obligaties/#
Metal and Technology Pension Fund	Beazer Homes USA Inc	2.805.531	2026-03-31	EUR	https://www.pmt.nl/over-pmt/zo-beleggen-we/waar-beleggen-we-in/aandelen-en-obligaties/#
Metal and Technology Pension Fund	Belden Inc	11.605.891	2026-03-31	EUR	https://www.pmt.nl/over-pmt/zo-beleggen-we/waar-beleggen-we-in/aandelen-en-obligaties/#
Metal and Technology Pension Fund	Bell Telephone Co of Canada or Bell Canada	9.556.608	2026-03-31	EUR	https://www.pmt.nl/over-pmt/zo-beleggen-we/waar-beleggen-we-in/aandelen-en-obligaties/#
Metal and Technology Pension Fund	Bellis Acquisition Co PLC	4.396.897	2026-03-31	EUR	https://www.pmt.nl/over-pmt/zo-beleggen-we/waar-beleggen-we-in/aandelen-en-obligaties/#
Metal and Technology Pension Fund	BellRing Brands Inc	3.134.990	2026-03-31	EUR	https://www.pmt.nl/over-pmt/zo-beleggen-we/waar-beleggen-we-in/aandelen-en-obligaties/#
Metal and Technology Pension Fund	Belron UK Finance PLC	33.627.219	2026-03-31	EUR	https://www.pmt.nl/over-pmt/zo-beleggen-we/waar-beleggen-we-in/aandelen-en-obligaties/#
Metal and Technology Pension Fund	Betclic Everest Group SAS	2.699.348	2026-03-31	EUR	https://www.pmt.nl/over-pmt/zo-beleggen-we/waar-beleggen-we-in/aandelen-en-obligaties/#
Metal and Technology Pension Fund	Biffa Group Holdings Ltd	3.316.600	2026-03-31	EUR	https://www.pmt.nl/over-pmt/zo-beleggen-we/waar-beleggen-we-in/aandelen-en-obligaties/#
Metal and Technology Pension Fund	Big River Steel LLC / BRS Finance Corp	9.733.581	2026-03-31	EUR	https://www.pmt.nl/over-pmt/zo-beleggen-we/waar-beleggen-we-in/aandelen-en-obligaties/#
Metal and Technology Pension Fund	BioMarin Pharmaceutical Inc	6.509.150	2026-03-31	EUR	https://www.pmt.nl/over-pmt/zo-beleggen-we/waar-beleggen-we-in/aandelen-en-obligaties/#
Metal and Technology Pension Fund	Blackstone Mortgage Trust Inc	8.527.272	2026-03-31	EUR	https://www.pmt.nl/over-pmt/zo-beleggen-we/waar-beleggen-we-in/aandelen-en-obligaties/#
Metal and Technology Pension Fund	Bombardier Inc	15.150.178	2026-03-31	EUR	https://www.pmt.nl/over-pmt/zo-beleggen-we/waar-beleggen-we-in/aandelen-en-obligaties/#
Metal and Technology Pension Fund	Boots Group Finco LP	7.850.246	2026-03-31	EUR	https://www.pmt.nl/over-pmt/zo-beleggen-we/waar-beleggen-we-in/aandelen-en-obligaties/#
Metal and Technology Pension Fund	Boyd Gaming Corp	24.404.359	2026-03-31	EUR	https://www.pmt.nl/over-pmt/zo-beleggen-we/waar-beleggen-we-in/aandelen-en-obligaties/#
Metal and Technology Pension Fund	Brandywine Operating Partnership LP	2.944.253	2026-03-31	EUR	https://www.pmt.nl/over-pmt/zo-beleggen-we/waar-beleggen-we-in/aandelen-en-obligaties/#
Metal and Technology Pension Fund	Brightstar Lottery Holdings BV	8.706.454	2026-03-31	EUR	https://www.pmt.nl/over-pmt/zo-beleggen-we/waar-beleggen-we-in/aandelen-en-obligaties/#
Metal and Technology Pension Fund	Brightstar Lottery PLC	4.765.208	2026-03-31	EUR	https://www.pmt.nl/over-pmt/zo-beleggen-we/waar-beleggen-we-in/aandelen-en-obligaties/#
Metal and Technology Pension Fund	Brightstar Lottery PLC/ Brightstar Global Solutions Corp	1.287.339	2026-03-31	EUR	https://www.pmt.nl/over-pmt/zo-beleggen-we/waar-beleggen-we-in/aandelen-en-obligaties/#
Metal and Technology Pension Fund	Brink's Co/The	5.150.602	2026-03-31	EUR	https://www.pmt.nl/over-pmt/zo-beleggen-we/waar-beleggen-we-in/aandelen-en-obligaties/#
Metal and Technology Pension Fund	Bristow Group Inc	887.806	2026-03-31	EUR	https://www.pmt.nl/over-pmt/zo-beleggen-we/waar-beleggen-we-in/aandelen-en-obligaties/#
Metal and Technology Pension Fund	British Telecommunications PLC	10.020.864	2026-03-31	EUR	https://www.pmt.nl/over-pmt/zo-beleggen-we/waar-beleggen-we-in/aandelen-en-obligaties/#
Metal and Technology Pension Fund	Brookfield Residential Properties Inc / Brookfield Residential US LLC	1.738.347	2026-03-31	EUR	https://www.pmt.nl/over-pmt/zo-beleggen-we/waar-beleggen-we-in/aandelen-en-obligaties/#
Metal and Technology Pension Fund	Buckeye Partners LP	1.156.170	2026-03-31	EUR	https://www.pmt.nl/over-pmt/zo-beleggen-we/waar-beleggen-we-in/aandelen-en-obligaties/#
Metal and Technology Pension Fund	Builders FirstSource Inc	14.234.194	2026-03-31	EUR	https://www.pmt.nl/over-pmt/zo-beleggen-we/waar-beleggen-we-in/aandelen-en-obligaties/#
Metal and Technology Pension Fund	CAB SELAS	384.661	2026-03-31	EUR	https://www.pmt.nl/over-pmt/zo-beleggen-we/waar-beleggen-we-in/aandelen-en-obligaties/#
Metal and Technology Pension Fund	Cable One Inc	3.395.272	2026-03-31	EUR	https://www.pmt.nl/over-pmt/zo-beleggen-we/waar-beleggen-we-in/aandelen-en-obligaties/#
Metal and Technology Pension Fund	CACI International Inc	10.369.668	2026-03-31	EUR	https://www.pmt.nl/over-pmt/zo-beleggen-we/waar-beleggen-we-in/aandelen-en-obligaties/#
Metal and Technology Pension Fund	California Buyer Ltd / Atlantica Sustainable Infrastructure PLC	2.290.040	2026-03-31	EUR	https://www.pmt.nl/over-pmt/zo-beleggen-we/waar-beleggen-we-in/aandelen-en-obligaties/#
Metal and Technology Pension Fund	Capstone Borrower Inc	4.184.820	2026-03-31	EUR	https://www.pmt.nl/over-pmt/zo-beleggen-we/waar-beleggen-we-in/aandelen-en-obligaties/#
Metal and Technology Pension Fund	Carnival Corp	24.211.217	2026-03-31	EUR	https://www.pmt.nl/over-pmt/zo-beleggen-we/waar-beleggen-we-in/aandelen-en-obligaties/#
Metal and Technology Pension Fund	Carnival PLC	24.108.663	2026-03-31	EUR	https://www.pmt.nl/over-pmt/zo-beleggen-we/waar-beleggen-we-in/aandelen-en-obligaties/#
Metal and Technology Pension Fund	Carpenter Technology Corp	4.613.647	2026-03-31	EUR	https://www.pmt.nl/over-pmt/zo-beleggen-we/waar-beleggen-we-in/aandelen-en-obligaties/#
Metal and Technology Pension Fund	Cascades Inc/Cascades USA Inc	868.944	2026-03-31	EUR	https://www.pmt.nl/over-pmt/zo-beleggen-we/waar-beleggen-we-in/aandelen-en-obligaties/#
Metal and Technology Pension Fund	CCO Holdings LLC / CCO Holdings Capital Corp	72.209.157	2026-03-31	EUR	https://www.pmt.nl/over-pmt/zo-beleggen-we/waar-beleggen-we-in/aandelen-en-obligaties/#
Metal and Technology Pension Fund	Celanese US Holdings LLC	60.549.797	2026-03-31	EUR	https://www.pmt.nl/over-pmt/zo-beleggen-we/waar-beleggen-we-in/aandelen-en-obligaties/#
Metal and Technology Pension Fund	Celsa Opco SA	4.141.927	2026-03-31	EUR	https://www.pmt.nl/over-pmt/zo-beleggen-we/waar-beleggen-we-in/aandelen-en-obligaties/#
Metal and Technology Pension Fund	Central Garden & Pet Co	2.164.888	2026-03-31	EUR	https://www.pmt.nl/over-pmt/zo-beleggen-we/waar-beleggen-we-in/aandelen-en-obligaties/#
Metal and Technology Pension Fund	Centrient Holding BV	6.035.458	2026-03-31	EUR	https://www.pmt.nl/over-pmt/zo-beleggen-we/waar-beleggen-we-in/aandelen-en-obligaties/#
Metal and Technology Pension Fund	Century Aluminum Co	5.725.186	2026-03-31	EUR	https://www.pmt.nl/over-pmt/zo-beleggen-we/waar-beleggen-we-in/aandelen-en-obligaties/#
Metal and Technology Pension Fund	Century Communities Inc	2.100.185	2026-03-31	EUR	https://www.pmt.nl/over-pmt/zo-beleggen-we/waar-beleggen-we-in/aandelen-en-obligaties/#
Metal and Technology Pension Fund	Champion Iron Canada Inc	2.738.499	2026-03-31	EUR	https://www.pmt.nl/over-pmt/zo-beleggen-we/waar-beleggen-we-in/aandelen-en-obligaties/#
Metal and Technology Pension Fund	Champions Financing Inc	1.182.097	2026-03-31	EUR	https://www.pmt.nl/over-pmt/zo-beleggen-we/waar-beleggen-we-in/aandelen-en-obligaties/#
Metal and Technology Pension Fund	Charles River Laboratories International Inc	5.880.412	2026-03-31	EUR	https://www.pmt.nl/over-pmt/zo-beleggen-we/waar-beleggen-we-in/aandelen-en-obligaties/#
Metal and Technology Pension Fund	Chart Industries Inc	3.212.810	2026-03-31	EUR	https://www.pmt.nl/over-pmt/zo-beleggen-we/waar-beleggen-we-in/aandelen-en-obligaties/#
Metal and Technology Pension Fund	Cheplapharm Arzneimittel GmbH	1.925.082	2026-03-31	EUR	https://www.pmt.nl/over-pmt/zo-beleggen-we/waar-beleggen-we-in/aandelen-en-obligaties/#
Metal and Technology Pension Fund	CHS/Community Health Systems Inc	10.104.376	2026-03-31	EUR	https://www.pmt.nl/over-pmt/zo-beleggen-we/waar-beleggen-we-in/aandelen-en-obligaties/#
Metal and Technology Pension Fund	Churchill Downs Inc	35.080.284	2026-03-31	EUR	https://www.pmt.nl/over-pmt/zo-beleggen-we/waar-beleggen-we-in/aandelen-en-obligaties/#
Metal and Technology Pension Fund	Ciena Corp	5.083.764	2026-03-31	EUR	https://www.pmt.nl/over-pmt/zo-beleggen-we/waar-beleggen-we-in/aandelen-en-obligaties/#
Metal and Technology Pension Fund	Cinemark USA Inc	5.325.311	2026-03-31	EUR	https://www.pmt.nl/over-pmt/zo-beleggen-we/waar-beleggen-we-in/aandelen-en-obligaties/#
Metal and Technology Pension Fund	Cirsa Finance International Sarl	4.814.129	2026-03-31	EUR	https://www.pmt.nl/over-pmt/zo-beleggen-we/waar-beleggen-we-in/aandelen-en-obligaties/#
Metal and Technology Pension Fund	Citycon Oyj	3.451.742	2026-03-31	EUR	https://www.pmt.nl/over-pmt/zo-beleggen-we/waar-beleggen-we-in/aandelen-en-obligaties/#
Metal and Technology Pension Fund	Citycon Treasury BV	2.619.018	2026-03-31	EUR	https://www.pmt.nl/over-pmt/zo-beleggen-we/waar-beleggen-we-in/aandelen-en-obligaties/#
Metal and Technology Pension Fund	Clarios Global LP / Clarios US Finance Co	13.009.415	2026-03-31	EUR	https://www.pmt.nl/over-pmt/zo-beleggen-we/waar-beleggen-we-in/aandelen-en-obligaties/#
Metal and Technology Pension Fund	Clarivate Science Holdings Corp	21.961.426	2026-03-31	EUR	https://www.pmt.nl/over-pmt/zo-beleggen-we/waar-beleggen-we-in/aandelen-en-obligaties/#
Metal and Technology Pension Fund	Clean Harbors Inc	4.987.609	2026-03-31	EUR	https://www.pmt.nl/over-pmt/zo-beleggen-we/waar-beleggen-we-in/aandelen-en-obligaties/#
Metal and Technology Pension Fund	Clear Channel Outdoor Holdings Inc	10.456.876	2026-03-31	EUR	https://www.pmt.nl/over-pmt/zo-beleggen-we/waar-beleggen-we-in/aandelen-en-obligaties/#
Metal and Technology Pension Fund	Clearway Energy Operating LLC	18.945.581	2026-03-31	EUR	https://www.pmt.nl/over-pmt/zo-beleggen-we/waar-beleggen-we-in/aandelen-en-obligaties/#
Metal and Technology Pension Fund	Cleveland-Cliffs Inc	7.958.705	2026-03-31	EUR	https://www.pmt.nl/over-pmt/zo-beleggen-we/waar-beleggen-we-in/aandelen-en-obligaties/#
Metal and Technology Pension Fund	Clue Opco LLC	2.630.815	2026-03-31	EUR	https://www.pmt.nl/over-pmt/zo-beleggen-we/waar-beleggen-we-in/aandelen-en-obligaties/#
Metal and Technology Pension Fund	Cogent Communications Group Inc / Cogent Communications Finance Inc	4.257.642	2026-03-31	EUR	https://www.pmt.nl/over-pmt/zo-beleggen-we/waar-beleggen-we-in/aandelen-en-obligaties/#
Metal and Technology Pension Fund	Columbus McKinnon Corp/NY	7.274.096	2026-03-31	EUR	https://www.pmt.nl/over-pmt/zo-beleggen-we/waar-beleggen-we-in/aandelen-en-obligaties/#
Metal and Technology Pension Fund	Commercial Metals Co	8.979.441	2026-03-31	EUR	https://www.pmt.nl/over-pmt/zo-beleggen-we/waar-beleggen-we-in/aandelen-en-obligaties/#
Metal and Technology Pension Fund	Compass Minerals International Inc	1.922.508	2026-03-31	EUR	https://www.pmt.nl/over-pmt/zo-beleggen-we/waar-beleggen-we-in/aandelen-en-obligaties/#
Metal and Technology Pension Fund	CompoSecure Holdings LLC	1.931.269	2026-03-31	EUR	https://www.pmt.nl/over-pmt/zo-beleggen-we/waar-beleggen-we-in/aandelen-en-obligaties/#
Metal and Technology Pension Fund	Concentra Health Services Inc	11.446.445	2026-03-31	EUR	https://www.pmt.nl/over-pmt/zo-beleggen-we/waar-beleggen-we-in/aandelen-en-obligaties/#
Metal and Technology Pension Fund	Connect Finco SARL / Connect US Finco LLC	2.607.882	2026-03-31	EUR	https://www.pmt.nl/over-pmt/zo-beleggen-we/waar-beleggen-we-in/aandelen-en-obligaties/#
Metal and Technology Pension Fund	Constellium SE	16.742.590	2026-03-31	EUR	https://www.pmt.nl/over-pmt/zo-beleggen-we/waar-beleggen-we-in/aandelen-en-obligaties/#
Metal and Technology Pension Fund	ContourGlobal Power Holdings SA	1.832.930	2026-03-31	EUR	https://www.pmt.nl/over-pmt/zo-beleggen-we/waar-beleggen-we-in/aandelen-en-obligaties/#
Metal and Technology Pension Fund	Coty Inc	255.886	2026-03-31	EUR	https://www.pmt.nl/over-pmt/zo-beleggen-we/waar-beleggen-we-in/aandelen-en-obligaties/#
Metal and Technology Pension Fund	Cougar JV Subsidiary LLC	2.336.937	2026-03-31	EUR	https://www.pmt.nl/over-pmt/zo-beleggen-we/waar-beleggen-we-in/aandelen-en-obligaties/#
Metal and Technology Pension Fund	Crown Americas LLC	5.955.397	2026-03-31	EUR	https://www.pmt.nl/over-pmt/zo-beleggen-we/waar-beleggen-we-in/aandelen-en-obligaties/#
Metal and Technology Pension Fund	Crown European Holdings SA	36.522.536	2026-03-31	EUR	https://www.pmt.nl/over-pmt/zo-beleggen-we/waar-beleggen-we-in/aandelen-en-obligaties/#
Metal and Technology Pension Fund	CVS Health Corp	5.121.038	2026-03-31	EUR	https://www.pmt.nl/over-pmt/zo-beleggen-we/waar-beleggen-we-in/aandelen-en-obligaties/#
Metal and Technology Pension Fund	Cyprium Corp / Cyprium Holdings Luxembourg Sarl	7.633.866	2026-03-31	EUR	https://www.pmt.nl/over-pmt/zo-beleggen-we/waar-beleggen-we-in/aandelen-en-obligaties/#
Metal and Technology Pension Fund	Darling Global Finance BV	14.072.175	2026-03-31	EUR	https://www.pmt.nl/over-pmt/zo-beleggen-we/waar-beleggen-we-in/aandelen-en-obligaties/#
Metal and Technology Pension Fund	Darling Ingredients Inc	7.870.330	2026-03-31	EUR	https://www.pmt.nl/over-pmt/zo-beleggen-we/waar-beleggen-we-in/aandelen-en-obligaties/#
Metal and Technology Pension Fund	DaVita Inc	17.377.894	2026-03-31	EUR	https://www.pmt.nl/over-pmt/zo-beleggen-we/waar-beleggen-we-in/aandelen-en-obligaties/#
Metal and Technology Pension Fund	DBS Bank Ltd	1.562.142	2026-03-31	EUR	https://www.pmt.nl/over-pmt/zo-beleggen-we/waar-beleggen-we-in/aandelen-en-obligaties/#
Metal and Technology Pension Fund	Deuce Finco Plc	1.702.522	2026-03-31	EUR	https://www.pmt.nl/over-pmt/zo-beleggen-we/waar-beleggen-we-in/aandelen-en-obligaties/#
Metal and Technology Pension Fund	Deutsche Lufthansa AG	1.979.745	2026-03-31	EUR	https://www.pmt.nl/over-pmt/zo-beleggen-we/waar-beleggen-we-in/aandelen-en-obligaties/#
Metal and Technology Pension Fund	Discovery Communications LLC	9.699.867	2026-03-31	EUR	https://www.pmt.nl/over-pmt/zo-beleggen-we/waar-beleggen-we-in/aandelen-en-obligaties/#
Metal and Technology Pension Fund	Dometic Group AB	3.913.985	2026-03-31	EUR	https://www.pmt.nl/over-pmt/zo-beleggen-we/waar-beleggen-we-in/aandelen-en-obligaties/#
Metal and Technology Pension Fund	Dufry One BV	42.570.688	2026-03-31	EUR	https://www.pmt.nl/over-pmt/zo-beleggen-we/waar-beleggen-we-in/aandelen-en-obligaties/#
Metal and Technology Pension Fund	Dye & Durham Ltd	2.990.548	2026-03-31	EUR	https://www.pmt.nl/over-pmt/zo-beleggen-we/waar-beleggen-we-in/aandelen-en-obligaties/#
Metal and Technology Pension Fund	Dynamo Newco II GmbH	3.756.472	2026-03-31	EUR	https://www.pmt.nl/over-pmt/zo-beleggen-we/waar-beleggen-we-in/aandelen-en-obligaties/#
Metal and Technology Pension Fund	EC Finance PLC	1.932.746	2026-03-31	EUR	https://www.pmt.nl/over-pmt/zo-beleggen-we/waar-beleggen-we-in/aandelen-en-obligaties/#
Metal and Technology Pension Fund	Edgewell Personal Care Co	8.459.637	2026-03-31	EUR	https://www.pmt.nl/over-pmt/zo-beleggen-we/waar-beleggen-we-in/aandelen-en-obligaties/#
Metal and Technology Pension Fund	EDP SA	83.852.303	2026-03-31	EUR	https://www.pmt.nl/over-pmt/zo-beleggen-we/waar-beleggen-we-in/aandelen-en-obligaties/#
Metal and Technology Pension Fund	eDreams ODIGEO SA	864.559	2026-03-31	EUR	https://www.pmt.nl/over-pmt/zo-beleggen-we/waar-beleggen-we-in/aandelen-en-obligaties/#
Metal and Technology Pension Fund	Electricite de France SA	95.164.349	2026-03-31	EUR	https://www.pmt.nl/over-pmt/zo-beleggen-we/waar-beleggen-we-in/aandelen-en-obligaties/#
Metal and Technology Pension Fund	Elia Group SA/NV	11.052.141	2026-03-31	EUR	https://www.pmt.nl/over-pmt/zo-beleggen-we/waar-beleggen-we-in/aandelen-en-obligaties/#
Metal and Technology Pension Fund	Elior Group SA	4.833.621	2026-03-31	EUR	https://www.pmt.nl/over-pmt/zo-beleggen-we/waar-beleggen-we-in/aandelen-en-obligaties/#
Metal and Technology Pension Fund	Emeria SASU	4.114.251	2026-03-31	EUR	https://www.pmt.nl/over-pmt/zo-beleggen-we/waar-beleggen-we-in/aandelen-en-obligaties/#
Metal and Technology Pension Fund	EMRLD Borrower LP / Emerald Co-Issuer Inc	217.652	2026-03-31	EUR	https://www.pmt.nl/over-pmt/zo-beleggen-we/waar-beleggen-we-in/aandelen-en-obligaties/#
Metal and Technology Pension Fund	Encompass Health Corp	13.028.994	2026-03-31	EUR	https://www.pmt.nl/over-pmt/zo-beleggen-we/waar-beleggen-we-in/aandelen-en-obligaties/#
Metal and Technology Pension Fund	Energizer Holdings Inc	1.691.407	2026-03-31	EUR	https://www.pmt.nl/over-pmt/zo-beleggen-we/waar-beleggen-we-in/aandelen-en-obligaties/#
Metal and Technology Pension Fund	Energy Transfer LP	10.434.885	2026-03-31	EUR	https://www.pmt.nl/over-pmt/zo-beleggen-we/waar-beleggen-we-in/aandelen-en-obligaties/#
Metal and Technology Pension Fund	EnerSys	12.700.189	2026-03-31	EUR	https://www.pmt.nl/over-pmt/zo-beleggen-we/waar-beleggen-we-in/aandelen-en-obligaties/#
Metal and Technology Pension Fund	Enpro Inc	12.802.259	2026-03-31	EUR	https://www.pmt.nl/over-pmt/zo-beleggen-we/waar-beleggen-we-in/aandelen-en-obligaties/#
Metal and Technology Pension Fund	Entain PLC	12.346.664	2026-03-31	EUR	https://www.pmt.nl/over-pmt/zo-beleggen-we/waar-beleggen-we-in/aandelen-en-obligaties/#
Metal and Technology Pension Fund	Entegris Inc	2.955.254	2026-03-31	EUR	https://www.pmt.nl/over-pmt/zo-beleggen-we/waar-beleggen-we-in/aandelen-en-obligaties/#
Metal and Technology Pension Fund	EquipmentShare.com Inc	3.417.257	2026-03-31	EUR	https://www.pmt.nl/over-pmt/zo-beleggen-we/waar-beleggen-we-in/aandelen-en-obligaties/#
Metal and Technology Pension Fund	Eramet SA	3.727.926	2026-03-31	EUR	https://www.pmt.nl/over-pmt/zo-beleggen-we/waar-beleggen-we-in/aandelen-en-obligaties/#
Metal and Technology Pension Fund	Esab Corp	4.378.843	2026-03-31	EUR	https://www.pmt.nl/over-pmt/zo-beleggen-we/waar-beleggen-we-in/aandelen-en-obligaties/#
Metal and Technology Pension Fund	Eskom Holdings	6.598	2026-03-31	EUR	https://www.pmt.nl/over-pmt/zo-beleggen-we/waar-beleggen-we-in/aandelen-en-obligaties/#
Metal and Technology Pension Fund	Essendi SA	2.309.661	2026-03-31	EUR	https://www.pmt.nl/over-pmt/zo-beleggen-we/waar-beleggen-we-in/aandelen-en-obligaties/#
Metal and Technology Pension Fund	Eurofins Scientific SE	11.222.599	2026-03-31	EUR	https://www.pmt.nl/over-pmt/zo-beleggen-we/waar-beleggen-we-in/aandelen-en-obligaties/#
Metal and Technology Pension Fund	EUSHI Finance Inc	1.142.440	2026-03-31	EUR	https://www.pmt.nl/over-pmt/zo-beleggen-we/waar-beleggen-we-in/aandelen-en-obligaties/#
Metal and Technology Pension Fund	Eutelsat Communications SACA	15.760.523	2026-03-31	EUR	https://www.pmt.nl/over-pmt/zo-beleggen-we/waar-beleggen-we-in/aandelen-en-obligaties/#
Metal and Technology Pension Fund	Eutelsat SA	4.301.594	2026-03-31	EUR	https://www.pmt.nl/over-pmt/zo-beleggen-we/waar-beleggen-we-in/aandelen-en-obligaties/#
Metal and Technology Pension Fund	Excelerate Energy LP	5.724.330	2026-03-31	EUR	https://www.pmt.nl/over-pmt/zo-beleggen-we/waar-beleggen-we-in/aandelen-en-obligaties/#
Metal and Technology Pension Fund	Fair Isaac Corp	9.692.645	2026-03-31	EUR	https://www.pmt.nl/over-pmt/zo-beleggen-we/waar-beleggen-we-in/aandelen-en-obligaties/#
Metal and Technology Pension Fund	FIS Fabbrica Italiana Sintetici SpA	5.241.840	2026-03-31	EUR	https://www.pmt.nl/over-pmt/zo-beleggen-we/waar-beleggen-we-in/aandelen-en-obligaties/#
Metal and Technology Pension Fund	Flash Compute LLC	978.867	2026-03-31	EUR	https://www.pmt.nl/over-pmt/zo-beleggen-we/waar-beleggen-we-in/aandelen-en-obligaties/#
Metal and Technology Pension Fund	Flora Food Management BV	2.517.003	2026-03-31	EUR	https://www.pmt.nl/over-pmt/zo-beleggen-we/waar-beleggen-we-in/aandelen-en-obligaties/#
Metal and Technology Pension Fund	Flos B&b Italia SPA	1.148.775	2026-03-31	EUR	https://www.pmt.nl/over-pmt/zo-beleggen-we/waar-beleggen-we-in/aandelen-en-obligaties/#
Metal and Technology Pension Fund	FMC Corp	1.469.327	2026-03-31	EUR	https://www.pmt.nl/over-pmt/zo-beleggen-we/waar-beleggen-we-in/aandelen-en-obligaties/#
Metal and Technology Pension Fund	FMG Resources August 2006 Pty Ltd	2.606.072	2026-03-31	EUR	https://www.pmt.nl/over-pmt/zo-beleggen-we/waar-beleggen-we-in/aandelen-en-obligaties/#
Metal and Technology Pension Fund	Fnac Darty SA	2.837.018	2026-03-31	EUR	https://www.pmt.nl/over-pmt/zo-beleggen-we/waar-beleggen-we-in/aandelen-en-obligaties/#
Metal and Technology Pension Fund	Fortrea Holdings Inc	468.043	2026-03-31	EUR	https://www.pmt.nl/over-pmt/zo-beleggen-we/waar-beleggen-we-in/aandelen-en-obligaties/#
Metal and Technology Pension Fund	Forvia SE	74.999.496	2026-03-31	EUR	https://www.pmt.nl/over-pmt/zo-beleggen-we/waar-beleggen-we-in/aandelen-en-obligaties/#
Metal and Technology Pension Fund	Froneri Lux FinCo SARL	5.598.867	2026-03-31	EUR	https://www.pmt.nl/over-pmt/zo-beleggen-we/waar-beleggen-we-in/aandelen-en-obligaties/#
Metal and Technology Pension Fund	Garrett Motion Holdings Inc / Garrett LX I Sarl	2.100.043	2026-03-31	EUR	https://www.pmt.nl/over-pmt/zo-beleggen-we/waar-beleggen-we-in/aandelen-en-obligaties/#
Metal and Technology Pension Fund	Gates Corp/DE	7.066.814	2026-03-31	EUR	https://www.pmt.nl/over-pmt/zo-beleggen-we/waar-beleggen-we-in/aandelen-en-obligaties/#
Metal and Technology Pension Fund	Gen Digital Inc	4.793.374	2026-03-31	EUR	https://www.pmt.nl/over-pmt/zo-beleggen-we/waar-beleggen-we-in/aandelen-en-obligaties/#
Metal and Technology Pension Fund	Genesee & Wyoming Inc	903.289	2026-03-31	EUR	https://www.pmt.nl/over-pmt/zo-beleggen-we/waar-beleggen-we-in/aandelen-en-obligaties/#
Metal and Technology Pension Fund	Genesis Energy LP / Genesis Energy Finance Corp	13.167.561	2026-03-31	EUR	https://www.pmt.nl/over-pmt/zo-beleggen-we/waar-beleggen-we-in/aandelen-en-obligaties/#
Metal and Technology Pension Fund	GENMAB A/S/GENMAB FINANCE LLC	7.905.947	2026-03-31	EUR	https://www.pmt.nl/over-pmt/zo-beleggen-we/waar-beleggen-we-in/aandelen-en-obligaties/#
Metal and Technology Pension Fund	Getlink SE	2.162.283	2026-03-31	EUR	https://www.pmt.nl/over-pmt/zo-beleggen-we/waar-beleggen-we-in/aandelen-en-obligaties/#
Metal and Technology Pension Fund	GFL Environmental Holdings US Inc	3.961.439	2026-03-31	EUR	https://www.pmt.nl/over-pmt/zo-beleggen-we/waar-beleggen-we-in/aandelen-en-obligaties/#
Metal and Technology Pension Fund	Global Infrastructure Solutions Inc	2.683.035	2026-03-31	EUR	https://www.pmt.nl/over-pmt/zo-beleggen-we/waar-beleggen-we-in/aandelen-en-obligaties/#
Metal and Technology Pension Fund	Global Medical Response Inc	3.601.308	2026-03-31	EUR	https://www.pmt.nl/over-pmt/zo-beleggen-we/waar-beleggen-we-in/aandelen-en-obligaties/#
Metal and Technology Pension Fund	Global Partners LP / GLP Finance Corp	3.649.575	2026-03-31	EUR	https://www.pmt.nl/over-pmt/zo-beleggen-we/waar-beleggen-we-in/aandelen-en-obligaties/#
Metal and Technology Pension Fund	Go Daddy Operating Co LLC / GD Finance Co Inc	6.610.727	2026-03-31	EUR	https://www.pmt.nl/over-pmt/zo-beleggen-we/waar-beleggen-we-in/aandelen-en-obligaties/#
Metal and Technology Pension Fund	Goat Holdco LLC	3.121.363	2026-03-31	EUR	https://www.pmt.nl/over-pmt/zo-beleggen-we/waar-beleggen-we-in/aandelen-en-obligaties/#
Metal and Technology Pension Fund	Goodyear Dunlop Tires Europe BV	3.857.242	2026-03-31	EUR	https://www.pmt.nl/over-pmt/zo-beleggen-we/waar-beleggen-we-in/aandelen-en-obligaties/#
Metal and Technology Pension Fund	Goodyear Tire & Rubber Co/The	3.477.552	2026-03-31	EUR	https://www.pmt.nl/over-pmt/zo-beleggen-we/waar-beleggen-we-in/aandelen-en-obligaties/#
Metal and Technology Pension Fund	Grand City Properties Finance Sarl	10.354.309	2026-03-31	EUR	https://www.pmt.nl/over-pmt/zo-beleggen-we/waar-beleggen-we-in/aandelen-en-obligaties/#
Metal and Technology Pension Fund	Grand City Properties SA	12.459.791	2026-03-31	EUR	https://www.pmt.nl/over-pmt/zo-beleggen-we/waar-beleggen-we-in/aandelen-en-obligaties/#
Metal and Technology Pension Fund	Graphic Packaging International LLC	2.591.453	2026-03-31	EUR	https://www.pmt.nl/over-pmt/zo-beleggen-we/waar-beleggen-we-in/aandelen-en-obligaties/#
Metal and Technology Pension Fund	Gray Media Inc	4.771.287	2026-03-31	EUR	https://www.pmt.nl/over-pmt/zo-beleggen-we/waar-beleggen-we-in/aandelen-en-obligaties/#
Metal and Technology Pension Fund	Grifols SA	41.772.978	2026-03-31	EUR	https://www.pmt.nl/over-pmt/zo-beleggen-we/waar-beleggen-we-in/aandelen-en-obligaties/#
Metal and Technology Pension Fund	Group 1 Automotive Inc	11.344.810	2026-03-31	EUR	https://www.pmt.nl/over-pmt/zo-beleggen-we/waar-beleggen-we-in/aandelen-en-obligaties/#
Metal and Technology Pension Fund	Gruenenthal GmbH	1.554.143	2026-03-31	EUR	https://www.pmt.nl/over-pmt/zo-beleggen-we/waar-beleggen-we-in/aandelen-en-obligaties/#
Metal and Technology Pension Fund	Hawaiian Electric Co Inc	3.042.053	2026-03-31	EUR	https://www.pmt.nl/over-pmt/zo-beleggen-we/waar-beleggen-we-in/aandelen-en-obligaties/#
Metal and Technology Pension Fund	HB Fuller Co	639.574	2026-03-31	EUR	https://www.pmt.nl/over-pmt/zo-beleggen-we/waar-beleggen-we-in/aandelen-en-obligaties/#
Metal and Technology Pension Fund	HealthEquity Inc	1.954.713	2026-03-31	EUR	https://www.pmt.nl/over-pmt/zo-beleggen-we/waar-beleggen-we-in/aandelen-en-obligaties/#
Metal and Technology Pension Fund	Heimstaden AB	5.548.122	2026-03-31	EUR	https://www.pmt.nl/over-pmt/zo-beleggen-we/waar-beleggen-we-in/aandelen-en-obligaties/#
Metal and Technology Pension Fund	Heimstaden Bostad AB	3.933.318	2026-03-31	EUR	https://www.pmt.nl/over-pmt/zo-beleggen-we/waar-beleggen-we-in/aandelen-en-obligaties/#
Metal and Technology Pension Fund	Henkel AG & Co KGaA	18.099.638	2026-03-31	EUR	https://www.pmt.nl/over-pmt/zo-beleggen-we/waar-beleggen-we-in/aandelen-en-obligaties/#
Metal and Technology Pension Fund	Herc Holdings Inc	17.531.038	2026-03-31	EUR	https://www.pmt.nl/over-pmt/zo-beleggen-we/waar-beleggen-we-in/aandelen-en-obligaties/#
Metal and Technology Pension Fund	Hess Midstream Operations LP	5.722.988	2026-03-31	EUR	https://www.pmt.nl/over-pmt/zo-beleggen-we/waar-beleggen-we-in/aandelen-en-obligaties/#
Metal and Technology Pension Fund	Hilton Domestic Operating Co Inc	44.170.573	2026-03-31	EUR	https://www.pmt.nl/over-pmt/zo-beleggen-we/waar-beleggen-we-in/aandelen-en-obligaties/#
Metal and Technology Pension Fund	Hilton Grand Vacations Borrower LLC/Hilton Grand Vacations Borrower Inc	4.781.581	2026-03-31	EUR	https://www.pmt.nl/over-pmt/zo-beleggen-we/waar-beleggen-we-in/aandelen-en-obligaties/#
Metal and Technology Pension Fund	Hilton Worldwide Finance LLC / Hilton Worldwide Finance Corp	2.296.834	2026-03-31	EUR	https://www.pmt.nl/over-pmt/zo-beleggen-we/waar-beleggen-we-in/aandelen-en-obligaties/#
Metal and Technology Pension Fund	Holding d'Infrastructures des Metiers de l'Environnement SAS	9.816.298	2026-03-31	EUR	https://www.pmt.nl/over-pmt/zo-beleggen-we/waar-beleggen-we-in/aandelen-en-obligaties/#
Metal and Technology Pension Fund	Hologic Inc	16.604.795	2026-03-31	EUR	https://www.pmt.nl/over-pmt/zo-beleggen-we/waar-beleggen-we-in/aandelen-en-obligaties/#
Metal and Technology Pension Fund	Howard Hughes Corp/The	1.606.217	2026-03-31	EUR	https://www.pmt.nl/over-pmt/zo-beleggen-we/waar-beleggen-we-in/aandelen-en-obligaties/#
Metal and Technology Pension Fund	HT Troplast GmbH	3.062.299	2026-03-31	EUR	https://www.pmt.nl/over-pmt/zo-beleggen-we/waar-beleggen-we-in/aandelen-en-obligaties/#
Metal and Technology Pension Fund	IAMGOLD Corp	753.571	2026-03-31	EUR	https://www.pmt.nl/over-pmt/zo-beleggen-we/waar-beleggen-we-in/aandelen-en-obligaties/#
Metal and Technology Pension Fund	Iglo Foods BondCo Plc	3.482.350	2026-03-31	EUR	https://www.pmt.nl/over-pmt/zo-beleggen-we/waar-beleggen-we-in/aandelen-en-obligaties/#
Metal and Technology Pension Fund	IHO Verwaltungs GmbH	18.321.225	2026-03-31	EUR	https://www.pmt.nl/over-pmt/zo-beleggen-we/waar-beleggen-we-in/aandelen-en-obligaties/#
Metal and Technology Pension Fund	Iliad Holding SAS	9.186.548	2026-03-31	EUR	https://www.pmt.nl/over-pmt/zo-beleggen-we/waar-beleggen-we-in/aandelen-en-obligaties/#
Metal and Technology Pension Fund	iliad SA	63.430.854	2026-03-31	EUR	https://www.pmt.nl/over-pmt/zo-beleggen-we/waar-beleggen-we-in/aandelen-en-obligaties/#
Metal and Technology Pension Fund	INEOS Quattro Finance 2 Plc	3.112.654	2026-03-31	EUR	https://www.pmt.nl/over-pmt/zo-beleggen-we/waar-beleggen-we-in/aandelen-en-obligaties/#
Metal and Technology Pension Fund	Infrastrutture Wireless Italiane SpA	22.608.174	2026-03-31	EUR	https://www.pmt.nl/over-pmt/zo-beleggen-we/waar-beleggen-we-in/aandelen-en-obligaties/#
Metal and Technology Pension Fund	Ingevity Corp	1.729.896	2026-03-31	EUR	https://www.pmt.nl/over-pmt/zo-beleggen-we/waar-beleggen-we-in/aandelen-en-obligaties/#
Metal and Technology Pension Fund	Insight Enterprises Inc	6.101.624	2026-03-31	EUR	https://www.pmt.nl/over-pmt/zo-beleggen-we/waar-beleggen-we-in/aandelen-en-obligaties/#
Metal and Technology Pension Fund	Installed Building Products Inc	3.044.469	2026-03-31	EUR	https://www.pmt.nl/over-pmt/zo-beleggen-we/waar-beleggen-we-in/aandelen-en-obligaties/#
Metal and Technology Pension Fund	Insulet Corp	6.855.594	2026-03-31	EUR	https://www.pmt.nl/over-pmt/zo-beleggen-we/waar-beleggen-we-in/aandelen-en-obligaties/#
Metal and Technology Pension Fund	IQVIA Inc	60.846.334	2026-03-31	EUR	https://www.pmt.nl/over-pmt/zo-beleggen-we/waar-beleggen-we-in/aandelen-en-obligaties/#
Metal and Technology Pension Fund	Iren SpA	8.716.532	2026-03-31	EUR	https://www.pmt.nl/over-pmt/zo-beleggen-we/waar-beleggen-we-in/aandelen-en-obligaties/#
Metal and Technology Pension Fund	Iron Mountain Inc	31.120.148	2026-03-31	EUR	https://www.pmt.nl/over-pmt/zo-beleggen-we/waar-beleggen-we-in/aandelen-en-obligaties/#
Metal and Technology Pension Fund	James Hardie International Finance DAC	3.439.836	2026-03-31	EUR	https://www.pmt.nl/over-pmt/zo-beleggen-we/waar-beleggen-we-in/aandelen-en-obligaties/#
Metal and Technology Pension Fund	Jazz Securities DAC	18.689.142	2026-03-31	EUR	https://www.pmt.nl/over-pmt/zo-beleggen-we/waar-beleggen-we-in/aandelen-en-obligaties/#
Metal and Technology Pension Fund	JELD-WEN Inc	1.006.550	2026-03-31	EUR	https://www.pmt.nl/over-pmt/zo-beleggen-we/waar-beleggen-we-in/aandelen-en-obligaties/#
Metal and Technology Pension Fund	K Hovnanian Enterprises Inc	2.817.289	2026-03-31	EUR	https://www.pmt.nl/over-pmt/zo-beleggen-we/waar-beleggen-we-in/aandelen-en-obligaties/#
Metal and Technology Pension Fund	Kaiser Aluminum Corp	5.215.314	2026-03-31	EUR	https://www.pmt.nl/over-pmt/zo-beleggen-we/waar-beleggen-we-in/aandelen-en-obligaties/#
Metal and Technology Pension Fund	Kapla Holding SAS	3.243.107	2026-03-31	EUR	https://www.pmt.nl/over-pmt/zo-beleggen-we/waar-beleggen-we-in/aandelen-en-obligaties/#
Metal and Technology Pension Fund	KB Home	3.337.204	2026-03-31	EUR	https://www.pmt.nl/over-pmt/zo-beleggen-we/waar-beleggen-we-in/aandelen-en-obligaties/#
Metal and Technology Pension Fund	KFC Holding Co/Pizza Hut Holdings LLC/Taco Bell of America LLC	10.477.989	2026-03-31	EUR	https://www.pmt.nl/over-pmt/zo-beleggen-we/waar-beleggen-we-in/aandelen-en-obligaties/#
Metal and Technology Pension Fund	Kinetik Holdings LP	13.637.221	2026-03-31	EUR	https://www.pmt.nl/over-pmt/zo-beleggen-we/waar-beleggen-we-in/aandelen-en-obligaties/#
Metal and Technology Pension Fund	Knife River Corp	6.823.937	2026-03-31	EUR	https://www.pmt.nl/over-pmt/zo-beleggen-we/waar-beleggen-we-in/aandelen-en-obligaties/#
Metal and Technology Pension Fund	Kodiak Gas Services LLC	10.501.775	2026-03-31	EUR	https://www.pmt.nl/over-pmt/zo-beleggen-we/waar-beleggen-we-in/aandelen-en-obligaties/#
Metal and Technology Pension Fund	Koninklijke KPN NV	11.232.621	2026-03-31	EUR	https://www.pmt.nl/over-pmt/zo-beleggen-we/waar-beleggen-we-in/aandelen-en-obligaties/#
Metal and Technology Pension Fund	Korn Ferry	5.728.233	2026-03-31	EUR	https://www.pmt.nl/over-pmt/zo-beleggen-we/waar-beleggen-we-in/aandelen-en-obligaties/#
Metal and Technology Pension Fund	Lamar Media Corp	8.762.793	2026-03-31	EUR	https://www.pmt.nl/over-pmt/zo-beleggen-we/waar-beleggen-we-in/aandelen-en-obligaties/#
Metal and Technology Pension Fund	Lamb Weston Holdings Inc	6.508.657	2026-03-31	EUR	https://www.pmt.nl/over-pmt/zo-beleggen-we/waar-beleggen-we-in/aandelen-en-obligaties/#
Metal and Technology Pension Fund	Land O'Lakes Capital Trust I	857.822	2026-03-31	EUR	https://www.pmt.nl/over-pmt/zo-beleggen-we/waar-beleggen-we-in/aandelen-en-obligaties/#
Metal and Technology Pension Fund	LCM Investments Holdings II LLC	1.233.178	2026-03-31	EUR	https://www.pmt.nl/over-pmt/zo-beleggen-we/waar-beleggen-we-in/aandelen-en-obligaties/#
Metal and Technology Pension Fund	Level 3 Financing Inc	10.143.582	2026-03-31	EUR	https://www.pmt.nl/over-pmt/zo-beleggen-we/waar-beleggen-we-in/aandelen-en-obligaties/#
Metal and Technology Pension Fund	LGI Homes Inc	2.073.379	2026-03-31	EUR	https://www.pmt.nl/over-pmt/zo-beleggen-we/waar-beleggen-we-in/aandelen-en-obligaties/#
Metal and Technology Pension Fund	Life Time Inc	1.118.067	2026-03-31	EUR	https://www.pmt.nl/over-pmt/zo-beleggen-we/waar-beleggen-we-in/aandelen-en-obligaties/#
Metal and Technology Pension Fund	LifePoint Health Inc	10.440.678	2026-03-31	EUR	https://www.pmt.nl/over-pmt/zo-beleggen-we/waar-beleggen-we-in/aandelen-en-obligaties/#
Metal and Technology Pension Fund	Light & Wonder International Inc	19.748.268	2026-03-31	EUR	https://www.pmt.nl/over-pmt/zo-beleggen-we/waar-beleggen-we-in/aandelen-en-obligaties/#
Metal and Technology Pension Fund	Lindblad Expeditions LLC	3.364.196	2026-03-31	EUR	https://www.pmt.nl/over-pmt/zo-beleggen-we/waar-beleggen-we-in/aandelen-en-obligaties/#
Metal and Technology Pension Fund	Lithia Motors Inc	7.888.222	2026-03-31	EUR	https://www.pmt.nl/over-pmt/zo-beleggen-we/waar-beleggen-we-in/aandelen-en-obligaties/#
Metal and Technology Pension Fund	Live Nation Entertainment Inc	20.571.034	2026-03-31	EUR	https://www.pmt.nl/over-pmt/zo-beleggen-we/waar-beleggen-we-in/aandelen-en-obligaties/#
Metal and Technology Pension Fund	Lottomatica Group Spa	21.604.243	2026-03-31	EUR	https://www.pmt.nl/over-pmt/zo-beleggen-we/waar-beleggen-we-in/aandelen-en-obligaties/#
Metal and Technology Pension Fund	Loxam SAS	24.559.652	2026-03-31	EUR	https://www.pmt.nl/over-pmt/zo-beleggen-we/waar-beleggen-we-in/aandelen-en-obligaties/#
Metal and Technology Pension Fund	Lsf12 Helix Parent LLC	4.503.297	2026-03-31	EUR	https://www.pmt.nl/over-pmt/zo-beleggen-we/waar-beleggen-we-in/aandelen-en-obligaties/#
Metal and Technology Pension Fund	M/I Homes Inc	2.873.887	2026-03-31	EUR	https://www.pmt.nl/over-pmt/zo-beleggen-we/waar-beleggen-we-in/aandelen-en-obligaties/#
Metal and Technology Pension Fund	Macy's Retail Holdings LLC	2.856.827	2026-03-31	EUR	https://www.pmt.nl/over-pmt/zo-beleggen-we/waar-beleggen-we-in/aandelen-en-obligaties/#
Metal and Technology Pension Fund	Madison IAQ LLC	2.215.818	2026-03-31	EUR	https://www.pmt.nl/over-pmt/zo-beleggen-we/waar-beleggen-we-in/aandelen-en-obligaties/#
Metal and Technology Pension Fund	Magallanes Inc	20.810.154	2026-03-31	EUR	https://www.pmt.nl/over-pmt/zo-beleggen-we/waar-beleggen-we-in/aandelen-en-obligaties/#
Metal and Technology Pension Fund	Magnera Corp	4.912.578	2026-03-31	EUR	https://www.pmt.nl/over-pmt/zo-beleggen-we/waar-beleggen-we-in/aandelen-en-obligaties/#
Metal and Technology Pension Fund	Mahle GmbH	1.866.289	2026-03-31	EUR	https://www.pmt.nl/over-pmt/zo-beleggen-we/waar-beleggen-we-in/aandelen-en-obligaties/#
Metal and Technology Pension Fund	Manitowoc Co Inc/The	4.623.528	2026-03-31	EUR	https://www.pmt.nl/over-pmt/zo-beleggen-we/waar-beleggen-we-in/aandelen-en-obligaties/#
Metal and Technology Pension Fund	Masterbrand Inc	4.953.916	2026-03-31	EUR	https://www.pmt.nl/over-pmt/zo-beleggen-we/waar-beleggen-we-in/aandelen-en-obligaties/#
Metal and Technology Pension Fund	Match Group Holdings II LLC	8.263.459	2026-03-31	EUR	https://www.pmt.nl/over-pmt/zo-beleggen-we/waar-beleggen-we-in/aandelen-en-obligaties/#
Metal and Technology Pension Fund	Mauser Packaging Solutions Holding Co	5.315.317	2026-03-31	EUR	https://www.pmt.nl/over-pmt/zo-beleggen-we/waar-beleggen-we-in/aandelen-en-obligaties/#
Metal and Technology Pension Fund	McGraw-Hill Education Inc	2.939.944	2026-03-31	EUR	https://www.pmt.nl/over-pmt/zo-beleggen-we/waar-beleggen-we-in/aandelen-en-obligaties/#
Metal and Technology Pension Fund	Mehilainen Yhtiot Oy	4.340.119	2026-03-31	EUR	https://www.pmt.nl/over-pmt/zo-beleggen-we/waar-beleggen-we-in/aandelen-en-obligaties/#
Metal and Technology Pension Fund	Mercer International Inc	1.729.389	2026-03-31	EUR	https://www.pmt.nl/over-pmt/zo-beleggen-we/waar-beleggen-we-in/aandelen-en-obligaties/#
Metal and Technology Pension Fund	Merlin Entertainments Group US Holdings Inc	1.743.368	2026-03-31	EUR	https://www.pmt.nl/over-pmt/zo-beleggen-we/waar-beleggen-we-in/aandelen-en-obligaties/#
Metal and Technology Pension Fund	Michaels Cos Inc/The	6.028.118	2026-03-31	EUR	https://www.pmt.nl/over-pmt/zo-beleggen-we/waar-beleggen-we-in/aandelen-en-obligaties/#
Metal and Technology Pension Fund	Millicom International Cellular SA	3.178.299	2026-03-31	EUR	https://www.pmt.nl/over-pmt/zo-beleggen-we/waar-beleggen-we-in/aandelen-en-obligaties/#
Metal and Technology Pension Fund	Mineral Resources Ltd	20.120.566	2026-03-31	EUR	https://www.pmt.nl/over-pmt/zo-beleggen-we/waar-beleggen-we-in/aandelen-en-obligaties/#
Metal and Technology Pension Fund	MKS Inc	21.311.592	2026-03-31	EUR	https://www.pmt.nl/over-pmt/zo-beleggen-we/waar-beleggen-we-in/aandelen-en-obligaties/#
Metal and Technology Pension Fund	Molina Healthcare Inc	11.202.962	2026-03-31	EUR	https://www.pmt.nl/over-pmt/zo-beleggen-we/waar-beleggen-we-in/aandelen-en-obligaties/#
Metal and Technology Pension Fund	Monitchem HoldCo 3 SA	6.015.138	2026-03-31	EUR	https://www.pmt.nl/over-pmt/zo-beleggen-we/waar-beleggen-we-in/aandelen-en-obligaties/#
Metal and Technology Pension Fund	Moog Inc	1.735.635	2026-03-31	EUR	https://www.pmt.nl/over-pmt/zo-beleggen-we/waar-beleggen-we-in/aandelen-en-obligaties/#
Metal and Technology Pension Fund	Motion Finco Sarl	8.140.625	2026-03-31	EUR	https://www.pmt.nl/over-pmt/zo-beleggen-we/waar-beleggen-we-in/aandelen-en-obligaties/#
Metal and Technology Pension Fund	MPT Operating Partnership LP / MPT Finance Corp	20.029.431	2026-03-31	EUR	https://www.pmt.nl/over-pmt/zo-beleggen-we/waar-beleggen-we-in/aandelen-en-obligaties/#
Metal and Technology Pension Fund	Multiversity SpA	2.226.890	2026-03-31	EUR	https://www.pmt.nl/over-pmt/zo-beleggen-we/waar-beleggen-we-in/aandelen-en-obligaties/#
Metal and Technology Pension Fund	Mundys SpA	37.798.865	2026-03-31	EUR	https://www.pmt.nl/over-pmt/zo-beleggen-we/waar-beleggen-we-in/aandelen-en-obligaties/#
Metal and Technology Pension Fund	Murphy Oil USA Inc	13.051.822	2026-03-31	EUR	https://www.pmt.nl/over-pmt/zo-beleggen-we/waar-beleggen-we-in/aandelen-en-obligaties/#
Metal and Technology Pension Fund	National Bank of Canada	5.769.829	2026-03-31	EUR	https://www.pmt.nl/over-pmt/zo-beleggen-we/waar-beleggen-we-in/aandelen-en-obligaties/#
Metal and Technology Pension Fund	Naturgy Finance BV	3.077.685	2026-03-31	EUR	https://www.pmt.nl/over-pmt/zo-beleggen-we/waar-beleggen-we-in/aandelen-en-obligaties/#
Metal and Technology Pension Fund	NCL Corp Ltd	10.141.246	2026-03-31	EUR	https://www.pmt.nl/over-pmt/zo-beleggen-we/waar-beleggen-we-in/aandelen-en-obligaties/#
Metal and Technology Pension Fund	NCL Finance Ltd	1.584.026	2026-03-31	EUR	https://www.pmt.nl/over-pmt/zo-beleggen-we/waar-beleggen-we-in/aandelen-en-obligaties/#
Metal and Technology Pension Fund	Neogen Food Safety Corp	3.566.427	2026-03-31	EUR	https://www.pmt.nl/over-pmt/zo-beleggen-we/waar-beleggen-we-in/aandelen-en-obligaties/#
Metal and Technology Pension Fund	NESCO Holdings II Inc	3.352.592	2026-03-31	EUR	https://www.pmt.nl/over-pmt/zo-beleggen-we/waar-beleggen-we-in/aandelen-en-obligaties/#
Metal and Technology Pension Fund	New Gold Inc	1.529.326	2026-03-31	EUR	https://www.pmt.nl/over-pmt/zo-beleggen-we/waar-beleggen-we-in/aandelen-en-obligaties/#
Metal and Technology Pension Fund	New Immo Holding SA	31.768.558	2026-03-31	EUR	https://www.pmt.nl/over-pmt/zo-beleggen-we/waar-beleggen-we-in/aandelen-en-obligaties/#
Metal and Technology Pension Fund	Newell Brands Inc	12.697.317	2026-03-31	EUR	https://www.pmt.nl/over-pmt/zo-beleggen-we/waar-beleggen-we-in/aandelen-en-obligaties/#
Metal and Technology Pension Fund	Nexans SA	4.942.447	2026-03-31	EUR	https://www.pmt.nl/over-pmt/zo-beleggen-we/waar-beleggen-we-in/aandelen-en-obligaties/#
Metal and Technology Pension Fund	Nexstar Media Inc	11.927.742	2026-03-31	EUR	https://www.pmt.nl/over-pmt/zo-beleggen-we/waar-beleggen-we-in/aandelen-en-obligaties/#
Metal and Technology Pension Fund	Nidda Healthcare Holding GmbH	4.175.750	2026-03-31	EUR	https://www.pmt.nl/over-pmt/zo-beleggen-we/waar-beleggen-we-in/aandelen-en-obligaties/#
Metal and Technology Pension Fund	Nissan Motor Acceptance Co LLC	4.305.115	2026-03-31	EUR	https://www.pmt.nl/over-pmt/zo-beleggen-we/waar-beleggen-we-in/aandelen-en-obligaties/#
Metal and Technology Pension Fund	Nissan Motor Co Ltd	38.070.820	2026-03-31	EUR	https://www.pmt.nl/over-pmt/zo-beleggen-we/waar-beleggen-we-in/aandelen-en-obligaties/#
Metal and Technology Pension Fund	NJJ Continental SA	19.681.575	2026-03-31	EUR	https://www.pmt.nl/over-pmt/zo-beleggen-we/waar-beleggen-we-in/aandelen-en-obligaties/#
Metal and Technology Pension Fund	Noble Finance II LLC	1.666.079	2026-03-31	EUR	https://www.pmt.nl/over-pmt/zo-beleggen-we/waar-beleggen-we-in/aandelen-en-obligaties/#
Metal and Technology Pension Fund	Nordstrom Inc	3.916.730	2026-03-31	EUR	https://www.pmt.nl/over-pmt/zo-beleggen-we/waar-beleggen-we-in/aandelen-en-obligaties/#
Metal and Technology Pension Fund	Novelis Corp	11.276.997	2026-03-31	EUR	https://www.pmt.nl/over-pmt/zo-beleggen-we/waar-beleggen-we-in/aandelen-en-obligaties/#
Metal and Technology Pension Fund	Novelis Sheet Ingot GmbH	7.732.193	2026-03-31	EUR	https://www.pmt.nl/over-pmt/zo-beleggen-we/waar-beleggen-we-in/aandelen-en-obligaties/#
Metal and Technology Pension Fund	NRG Energy Inc	22.648.630	2026-03-31	EUR	https://www.pmt.nl/over-pmt/zo-beleggen-we/waar-beleggen-we-in/aandelen-en-obligaties/#
Metal and Technology Pension Fund	OAK-Eagle Acquireco Inc	17.159.393	2026-03-31	EUR	https://www.pmt.nl/over-pmt/zo-beleggen-we/waar-beleggen-we-in/aandelen-en-obligaties/#
Metal and Technology Pension Fund	Odido Holding BV	3.185.878	2026-03-31	EUR	https://www.pmt.nl/over-pmt/zo-beleggen-we/waar-beleggen-we-in/aandelen-en-obligaties/#
Metal and Technology Pension Fund	OI European Group BV	7.672.279	2026-03-31	EUR	https://www.pmt.nl/over-pmt/zo-beleggen-we/waar-beleggen-we-in/aandelen-en-obligaties/#
Metal and Technology Pension Fund	Olympus Water US Holding Corp	10.157.321	2026-03-31	EUR	https://www.pmt.nl/over-pmt/zo-beleggen-we/waar-beleggen-we-in/aandelen-en-obligaties/#
Metal and Technology Pension Fund	Opal Bidco SAS	5.060.719	2026-03-31	EUR	https://www.pmt.nl/over-pmt/zo-beleggen-we/waar-beleggen-we-in/aandelen-en-obligaties/#
Metal and Technology Pension Fund	Open Text Corp	9.972.039	2026-03-31	EUR	https://www.pmt.nl/over-pmt/zo-beleggen-we/waar-beleggen-we-in/aandelen-en-obligaties/#
Metal and Technology Pension Fund	Open Text Holdings Inc	8.592.492	2026-03-31	EUR	https://www.pmt.nl/over-pmt/zo-beleggen-we/waar-beleggen-we-in/aandelen-en-obligaties/#
Metal and Technology Pension Fund	Opmobility	3.843.977	2026-03-31	EUR	https://www.pmt.nl/over-pmt/zo-beleggen-we/waar-beleggen-we-in/aandelen-en-obligaties/#
Metal and Technology Pension Fund	Organon & Co / Organon Foreign Debt Co-Issuer BV	24.893.412	2026-03-31	EUR	https://www.pmt.nl/over-pmt/zo-beleggen-we/waar-beleggen-we-in/aandelen-en-obligaties/#
Metal and Technology Pension Fund	Orsted AS	26.333.926	2026-03-31	EUR	https://www.pmt.nl/over-pmt/zo-beleggen-we/waar-beleggen-we-in/aandelen-en-obligaties/#
Metal and Technology Pension Fund	Outfront Media Capital LLC / Outfront Media Capital Corp	18.375.712	2026-03-31	EUR	https://www.pmt.nl/over-pmt/zo-beleggen-we/waar-beleggen-we-in/aandelen-en-obligaties/#
Metal and Technology Pension Fund	OVH Groupe SA	6.375.202	2026-03-31	EUR	https://www.pmt.nl/over-pmt/zo-beleggen-we/waar-beleggen-we-in/aandelen-en-obligaties/#
Metal and Technology Pension Fund	Owens-Brockway Glass Container Inc	891.422	2026-03-31	EUR	https://www.pmt.nl/over-pmt/zo-beleggen-we/waar-beleggen-we-in/aandelen-en-obligaties/#
Metal and Technology Pension Fund	Papa John's International Inc	2.183.613	2026-03-31	EUR	https://www.pmt.nl/over-pmt/zo-beleggen-we/waar-beleggen-we-in/aandelen-en-obligaties/#
Metal and Technology Pension Fund	Paprec Holding SA	8.401.802	2026-03-31	EUR	https://www.pmt.nl/over-pmt/zo-beleggen-we/waar-beleggen-we-in/aandelen-en-obligaties/#
Metal and Technology Pension Fund	Park Intermediate Holdings LLC / PK Domestic Property LLC / PK Finance Co-Issuer	7.405.208	2026-03-31	EUR	https://www.pmt.nl/over-pmt/zo-beleggen-we/waar-beleggen-we-in/aandelen-en-obligaties/#
Metal and Technology Pension Fund	Patrick Industries Inc	4.543.302	2026-03-31	EUR	https://www.pmt.nl/over-pmt/zo-beleggen-we/waar-beleggen-we-in/aandelen-en-obligaties/#
Metal and Technology Pension Fund	PBF Holding Co LLC / PBF Finance Corp	1.214.418	2026-03-31	EUR	https://www.pmt.nl/over-pmt/zo-beleggen-we/waar-beleggen-we-in/aandelen-en-obligaties/#
Metal and Technology Pension Fund	Pebblebrook Hotel LP / PEB Finance Corp	7.267.332	2026-03-31	EUR	https://www.pmt.nl/over-pmt/zo-beleggen-we/waar-beleggen-we-in/aandelen-en-obligaties/#
Metal and Technology Pension Fund	Performance Food Group Inc	20.148.914	2026-03-31	EUR	https://www.pmt.nl/over-pmt/zo-beleggen-we/waar-beleggen-we-in/aandelen-en-obligaties/#
Metal and Technology Pension Fund	Perimeter Holdings LLC	2.503.041	2026-03-31	EUR	https://www.pmt.nl/over-pmt/zo-beleggen-we/waar-beleggen-we-in/aandelen-en-obligaties/#
Metal and Technology Pension Fund	Perrigo Finance Unlimited Co	4.794.974	2026-03-31	EUR	https://www.pmt.nl/over-pmt/zo-beleggen-we/waar-beleggen-we-in/aandelen-en-obligaties/#
Metal and Technology Pension Fund	Petco Health & Wellness Co Inc	2.336.677	2026-03-31	EUR	https://www.pmt.nl/over-pmt/zo-beleggen-we/waar-beleggen-we-in/aandelen-en-obligaties/#
Metal and Technology Pension Fund	PetSmart Inc / PetSmart Finance Corp	1.290.661	2026-03-31	EUR	https://www.pmt.nl/over-pmt/zo-beleggen-we/waar-beleggen-we-in/aandelen-en-obligaties/#
Metal and Technology Pension Fund	PG&E Corp	13.016.473	2026-03-31	EUR	https://www.pmt.nl/over-pmt/zo-beleggen-we/waar-beleggen-we-in/aandelen-en-obligaties/#
Metal and Technology Pension Fund	Phinia Inc	6.370.222	2026-03-31	EUR	https://www.pmt.nl/over-pmt/zo-beleggen-we/waar-beleggen-we-in/aandelen-en-obligaties/#
Metal and Technology Pension Fund	Pinnacle Bidco PLC	1.053.389	2026-03-31	EUR	https://www.pmt.nl/over-pmt/zo-beleggen-we/waar-beleggen-we-in/aandelen-en-obligaties/#
Metal and Technology Pension Fund	Playtech Plc	1.577.116	2026-03-31	EUR	https://www.pmt.nl/over-pmt/zo-beleggen-we/waar-beleggen-we-in/aandelen-en-obligaties/#
Metal and Technology Pension Fund	Post Holdings Inc	20.747.950	2026-03-31	EUR	https://www.pmt.nl/over-pmt/zo-beleggen-we/waar-beleggen-we-in/aandelen-en-obligaties/#
Metal and Technology Pension Fund	Prestige Brands Inc	15.573.979	2026-03-31	EUR	https://www.pmt.nl/over-pmt/zo-beleggen-we/waar-beleggen-we-in/aandelen-en-obligaties/#
Metal and Technology Pension Fund	Primo Water Holdings Inc / Triton Water Holdings Inc	8.310.522	2026-03-31	EUR	https://www.pmt.nl/over-pmt/zo-beleggen-we/waar-beleggen-we-in/aandelen-en-obligaties/#
Metal and Technology Pension Fund	Project Grand UK PLC	2.039.761	2026-03-31	EUR	https://www.pmt.nl/over-pmt/zo-beleggen-we/waar-beleggen-we-in/aandelen-en-obligaties/#
Metal and Technology Pension Fund	Prysmian SpA	15.834.030	2026-03-31	EUR	https://www.pmt.nl/over-pmt/zo-beleggen-we/waar-beleggen-we-in/aandelen-en-obligaties/#
Metal and Technology Pension Fund	PTC Inc	16.322.382	2026-03-31	EUR	https://www.pmt.nl/over-pmt/zo-beleggen-we/waar-beleggen-we-in/aandelen-en-obligaties/#
Metal and Technology Pension Fund	Public Power Corp SA	10.646.544	2026-03-31	EUR	https://www.pmt.nl/over-pmt/zo-beleggen-we/waar-beleggen-we-in/aandelen-en-obligaties/#
Metal and Technology Pension Fund	Q-Park Holding I BV	3.703.030	2026-03-31	EUR	https://www.pmt.nl/over-pmt/zo-beleggen-we/waar-beleggen-we-in/aandelen-en-obligaties/#
Metal and Technology Pension Fund	Qnity Electronics Inc	6.719.219	2026-03-31	EUR	https://www.pmt.nl/over-pmt/zo-beleggen-we/waar-beleggen-we-in/aandelen-en-obligaties/#
Metal and Technology Pension Fund	Quikrete Holdings Inc	1.772.722	2026-03-31	EUR	https://www.pmt.nl/over-pmt/zo-beleggen-we/waar-beleggen-we-in/aandelen-en-obligaties/#
Metal and Technology Pension Fund	QXO Building Products Inc	15.646.238	2026-03-31	EUR	https://www.pmt.nl/over-pmt/zo-beleggen-we/waar-beleggen-we-in/aandelen-en-obligaties/#
Metal and Technology Pension Fund	Rakuten Group Inc	11.515.479	2026-03-31	EUR	https://www.pmt.nl/over-pmt/zo-beleggen-we/waar-beleggen-we-in/aandelen-en-obligaties/#
Metal and Technology Pension Fund	RCI Banque SA	1.455.706	2026-03-31	EUR	https://www.pmt.nl/over-pmt/zo-beleggen-we/waar-beleggen-we-in/aandelen-en-obligaties/#
Metal and Technology Pension Fund	Resideo Funding Inc	9.086.537	2026-03-31	EUR	https://www.pmt.nl/over-pmt/zo-beleggen-we/waar-beleggen-we-in/aandelen-en-obligaties/#
Metal and Technology Pension Fund	Reworld Holding Corp	1.717.540	2026-03-31	EUR	https://www.pmt.nl/over-pmt/zo-beleggen-we/waar-beleggen-we-in/aandelen-en-obligaties/#
Metal and Technology Pension Fund	Rexel SA	26.112.828	2026-03-31	EUR	https://www.pmt.nl/over-pmt/zo-beleggen-we/waar-beleggen-we-in/aandelen-en-obligaties/#
Metal and Technology Pension Fund	RHP Hotel Properties LP / RHP Finance Corp	22.816.713	2026-03-31	EUR	https://www.pmt.nl/over-pmt/zo-beleggen-we/waar-beleggen-we-in/aandelen-en-obligaties/#
Metal and Technology Pension Fund	Ritchie Bros Holdings Inc	16.909.128	2026-03-31	EUR	https://www.pmt.nl/over-pmt/zo-beleggen-we/waar-beleggen-we-in/aandelen-en-obligaties/#
Metal and Technology Pension Fund	Rogers Communications Inc	15.077.330	2026-03-31	EUR	https://www.pmt.nl/over-pmt/zo-beleggen-we/waar-beleggen-we-in/aandelen-en-obligaties/#
Metal and Technology Pension Fund	Rossini Sarl	7.651.268	2026-03-31	EUR	https://www.pmt.nl/over-pmt/zo-beleggen-we/waar-beleggen-we-in/aandelen-en-obligaties/#
Metal and Technology Pension Fund	Royal Bank of Canada	4.874.995	2026-03-31	EUR	https://www.pmt.nl/over-pmt/zo-beleggen-we/waar-beleggen-we-in/aandelen-en-obligaties/#
Metal and Technology Pension Fund	Royal Bank of Canada/London	2.267.001	2026-03-31	EUR	https://www.pmt.nl/over-pmt/zo-beleggen-we/waar-beleggen-we-in/aandelen-en-obligaties/#
Metal and Technology Pension Fund	Samhallsbyggnadsbolaget I Norden Holding AB	9.282.303	2026-03-31	EUR	https://www.pmt.nl/over-pmt/zo-beleggen-we/waar-beleggen-we-in/aandelen-en-obligaties/#
Metal and Technology Pension Fund	SBA Communications Corp	1.653.843	2026-03-31	EUR	https://www.pmt.nl/over-pmt/zo-beleggen-we/waar-beleggen-we-in/aandelen-en-obligaties/#
Metal and Technology Pension Fund	Schaeffler AG	59.114.620	2026-03-31	EUR	https://www.pmt.nl/over-pmt/zo-beleggen-we/waar-beleggen-we-in/aandelen-en-obligaties/#
Metal and Technology Pension Fund	Scotts Miracle-Gro Co/The	8.402.657	2026-03-31	EUR	https://www.pmt.nl/over-pmt/zo-beleggen-we/waar-beleggen-we-in/aandelen-en-obligaties/#
Metal and Technology Pension Fund	Sealed Air Corp	4.012.034	2026-03-31	EUR	https://www.pmt.nl/over-pmt/zo-beleggen-we/waar-beleggen-we-in/aandelen-en-obligaties/#
Metal and Technology Pension Fund	Sealed Air Corp/Sealed Air Corp US	2.911.189	2026-03-31	EUR	https://www.pmt.nl/over-pmt/zo-beleggen-we/waar-beleggen-we-in/aandelen-en-obligaties/#
Metal and Technology Pension Fund	SeaWorld Parks & Entertainment Inc	3.919.329	2026-03-31	EUR	https://www.pmt.nl/over-pmt/zo-beleggen-we/waar-beleggen-we-in/aandelen-en-obligaties/#
Metal and Technology Pension Fund	Seche Environnement SACA	4.986.347	2026-03-31	EUR	https://www.pmt.nl/over-pmt/zo-beleggen-we/waar-beleggen-we-in/aandelen-en-obligaties/#
Metal and Technology Pension Fund	Select Medical Corp	6.424.125	2026-03-31	EUR	https://www.pmt.nl/over-pmt/zo-beleggen-we/waar-beleggen-we-in/aandelen-en-obligaties/#
Metal and Technology Pension Fund	Sensata Technologies BV	7.163.496	2026-03-31	EUR	https://www.pmt.nl/over-pmt/zo-beleggen-we/waar-beleggen-we-in/aandelen-en-obligaties/#
Metal and Technology Pension Fund	Sensata Technologies Inc	7.469.981	2026-03-31	EUR	https://www.pmt.nl/over-pmt/zo-beleggen-we/waar-beleggen-we-in/aandelen-en-obligaties/#
Metal and Technology Pension Fund	Service Corp International/US	13.282.934	2026-03-31	EUR	https://www.pmt.nl/over-pmt/zo-beleggen-we/waar-beleggen-we-in/aandelen-en-obligaties/#
Metal and Technology Pension Fund	SES Financing Sarl	1.087.396	2026-03-31	EUR	https://www.pmt.nl/over-pmt/zo-beleggen-we/waar-beleggen-we-in/aandelen-en-obligaties/#
Metal and Technology Pension Fund	SES SA	35.532.627	2026-03-31	EUR	https://www.pmt.nl/over-pmt/zo-beleggen-we/waar-beleggen-we-in/aandelen-en-obligaties/#
Metal and Technology Pension Fund	SIG PLC	4.919.412	2026-03-31	EUR	https://www.pmt.nl/over-pmt/zo-beleggen-we/waar-beleggen-we-in/aandelen-en-obligaties/#
Metal and Technology Pension Fund	Silgan Holdings Inc	23.503.613	2026-03-31	EUR	https://www.pmt.nl/over-pmt/zo-beleggen-we/waar-beleggen-we-in/aandelen-en-obligaties/#
Metal and Technology Pension Fund	Sinclair Television Group Inc	3.654.298	2026-03-31	EUR	https://www.pmt.nl/over-pmt/zo-beleggen-we/waar-beleggen-we-in/aandelen-en-obligaties/#
Metal and Technology Pension Fund	Sirius XM Radio LLC	17.899.039	2026-03-31	EUR	https://www.pmt.nl/over-pmt/zo-beleggen-we/waar-beleggen-we-in/aandelen-en-obligaties/#
Metal and Technology Pension Fund	Six Flags Entertainment Corp	2.281.715	2026-03-31	EUR	https://www.pmt.nl/over-pmt/zo-beleggen-we/waar-beleggen-we-in/aandelen-en-obligaties/#
Metal and Technology Pension Fund	Six Flags Entertainment Corp / Canada's Wonderland Co / Magnum Management Corp	1.784.556	2026-03-31	EUR	https://www.pmt.nl/over-pmt/zo-beleggen-we/waar-beleggen-we-in/aandelen-en-obligaties/#
Metal and Technology Pension Fund	Six Flags Entertainment Corp /Six Flags Theme Parks Inc/ Canada's Wonderland Co	9.071.287	2026-03-31	EUR	https://www.pmt.nl/over-pmt/zo-beleggen-we/waar-beleggen-we-in/aandelen-en-obligaties/#
Metal and Technology Pension Fund	Six Flags Entertainment Corp/Canada's Wonderland Co/Millennium Operations LLC	894.169	2026-03-31	EUR	https://www.pmt.nl/over-pmt/zo-beleggen-we/waar-beleggen-we-in/aandelen-en-obligaties/#
Metal and Technology Pension Fund	SK Invictus Intermediate II Sarl	4.495.967	2026-03-31	EUR	https://www.pmt.nl/over-pmt/zo-beleggen-we/waar-beleggen-we-in/aandelen-en-obligaties/#
Metal and Technology Pension Fund	Somnigroup International Inc	965.480	2026-03-31	EUR	https://www.pmt.nl/over-pmt/zo-beleggen-we/waar-beleggen-we-in/aandelen-en-obligaties/#
Metal and Technology Pension Fund	Sonic Automotive Inc	2.872.684	2026-03-31	EUR	https://www.pmt.nl/over-pmt/zo-beleggen-we/waar-beleggen-we-in/aandelen-en-obligaties/#
Metal and Technology Pension Fund	SPIE SA	10.657.475	2026-03-31	EUR	https://www.pmt.nl/over-pmt/zo-beleggen-we/waar-beleggen-we-in/aandelen-en-obligaties/#
Metal and Technology Pension Fund	Star Parent Inc	680.199	2026-03-31	EUR	https://www.pmt.nl/over-pmt/zo-beleggen-we/waar-beleggen-we-in/aandelen-en-obligaties/#
Metal and Technology Pension Fund	Starwood Property Trust Inc	13.704.290	2026-03-31	EUR	https://www.pmt.nl/over-pmt/zo-beleggen-we/waar-beleggen-we-in/aandelen-en-obligaties/#
Metal and Technology Pension Fund	Stellantis NV	28.323.108	2026-03-31	EUR	https://www.pmt.nl/over-pmt/zo-beleggen-we/waar-beleggen-we-in/aandelen-en-obligaties/#
Metal and Technology Pension Fund	Stena International SA	7.508.944	2026-03-31	EUR	https://www.pmt.nl/over-pmt/zo-beleggen-we/waar-beleggen-we-in/aandelen-en-obligaties/#
Metal and Technology Pension Fund	Suburban Propane Partners LP/Suburban Energy Finance Corp	3.490.444	2026-03-31	EUR	https://www.pmt.nl/over-pmt/zo-beleggen-we/waar-beleggen-we-in/aandelen-en-obligaties/#
Metal and Technology Pension Fund	Sudzucker International Finance BV	1.507.566	2026-03-31	EUR	https://www.pmt.nl/over-pmt/zo-beleggen-we/waar-beleggen-we-in/aandelen-en-obligaties/#
Metal and Technology Pension Fund	Summer BC Holdco B SARL	3.968.841	2026-03-31	EUR	https://www.pmt.nl/over-pmt/zo-beleggen-we/waar-beleggen-we-in/aandelen-en-obligaties/#
Metal and Technology Pension Fund	SunCoke Energy Inc	1.309.676	2026-03-31	EUR	https://www.pmt.nl/over-pmt/zo-beleggen-we/waar-beleggen-we-in/aandelen-en-obligaties/#
Metal and Technology Pension Fund	Sunrise FinCo I BV	18.392.430	2026-03-31	EUR	https://www.pmt.nl/over-pmt/zo-beleggen-we/waar-beleggen-we-in/aandelen-en-obligaties/#
Metal and Technology Pension Fund	Surgery Center Holdings Inc	4.398.423	2026-03-31	EUR	https://www.pmt.nl/over-pmt/zo-beleggen-we/waar-beleggen-we-in/aandelen-en-obligaties/#
Metal and Technology Pension Fund	SV RNO Property Owner 1 LLC	3.577.790	2026-03-31	EUR	https://www.pmt.nl/over-pmt/zo-beleggen-we/waar-beleggen-we-in/aandelen-en-obligaties/#
Metal and Technology Pension Fund	Synthomer PLC	7.043.414	2026-03-31	EUR	https://www.pmt.nl/over-pmt/zo-beleggen-we/waar-beleggen-we-in/aandelen-en-obligaties/#
Metal and Technology Pension Fund	Talos Production Inc	7.724.384	2026-03-31	EUR	https://www.pmt.nl/over-pmt/zo-beleggen-we/waar-beleggen-we-in/aandelen-en-obligaties/#
Metal and Technology Pension Fund	Taylor Morrison Communities Inc	3.468.461	2026-03-31	EUR	https://www.pmt.nl/over-pmt/zo-beleggen-we/waar-beleggen-we-in/aandelen-en-obligaties/#
Metal and Technology Pension Fund	Techem Verwaltungsgesellschaft 675 mbH	3.782.780	2026-03-31	EUR	https://www.pmt.nl/over-pmt/zo-beleggen-we/waar-beleggen-we-in/aandelen-en-obligaties/#
Metal and Technology Pension Fund	Telecom Italia Capital SA	1.766.334	2026-03-31	EUR	https://www.pmt.nl/over-pmt/zo-beleggen-we/waar-beleggen-we-in/aandelen-en-obligaties/#
Metal and Technology Pension Fund	Telecom Italia Finance SA	15.729.619	2026-03-31	EUR	https://www.pmt.nl/over-pmt/zo-beleggen-we/waar-beleggen-we-in/aandelen-en-obligaties/#
Metal and Technology Pension Fund	Telecom Italia SpA/Milano	25.641.319	2026-03-31	EUR	https://www.pmt.nl/over-pmt/zo-beleggen-we/waar-beleggen-we-in/aandelen-en-obligaties/#
Metal and Technology Pension Fund	Teleflex Inc	14.108.975	2026-03-31	EUR	https://www.pmt.nl/over-pmt/zo-beleggen-we/waar-beleggen-we-in/aandelen-en-obligaties/#
Metal and Technology Pension Fund	Telefonica Emisiones SAU	10.592.621	2026-03-31	EUR	https://www.pmt.nl/over-pmt/zo-beleggen-we/waar-beleggen-we-in/aandelen-en-obligaties/#
Metal and Technology Pension Fund	Telefonica Europe BV	80.572.695	2026-03-31	EUR	https://www.pmt.nl/over-pmt/zo-beleggen-we/waar-beleggen-we-in/aandelen-en-obligaties/#
Metal and Technology Pension Fund	Telenet Finance Luxembourg Notes Sarl	3.146.039	2026-03-31	EUR	https://www.pmt.nl/over-pmt/zo-beleggen-we/waar-beleggen-we-in/aandelen-en-obligaties/#
Metal and Technology Pension Fund	TELUS Corp	3.782.830	2026-03-31	EUR	https://www.pmt.nl/over-pmt/zo-beleggen-we/waar-beleggen-we-in/aandelen-en-obligaties/#
Metal and Technology Pension Fund	Tenet Healthcare Corp	32.267.280	2026-03-31	EUR	https://www.pmt.nl/over-pmt/zo-beleggen-we/waar-beleggen-we-in/aandelen-en-obligaties/#
Metal and Technology Pension Fund	Tenneco Inc	5.416.877	2026-03-31	EUR	https://www.pmt.nl/over-pmt/zo-beleggen-we/waar-beleggen-we-in/aandelen-en-obligaties/#
Metal and Technology Pension Fund	TenneT Holding BV	30.053.970	2026-03-31	EUR	https://www.pmt.nl/over-pmt/zo-beleggen-we/waar-beleggen-we-in/aandelen-en-obligaties/#
Metal and Technology Pension Fund	Terex Corp	6.863.981	2026-03-31	EUR	https://www.pmt.nl/over-pmt/zo-beleggen-we/waar-beleggen-we-in/aandelen-en-obligaties/#
Metal and Technology Pension Fund	TerraForm Power Operating LLC	2.578.691	2026-03-31	EUR	https://www.pmt.nl/over-pmt/zo-beleggen-we/waar-beleggen-we-in/aandelen-en-obligaties/#
Metal and Technology Pension Fund	TGNR Intermediate Holdings LLC	4.170.207	2026-03-31	EUR	https://www.pmt.nl/over-pmt/zo-beleggen-we/waar-beleggen-we-in/aandelen-en-obligaties/#
Metal and Technology Pension Fund	Thor Industries Inc	1.044.167	2026-03-31	EUR	https://www.pmt.nl/over-pmt/zo-beleggen-we/waar-beleggen-we-in/aandelen-en-obligaties/#
Metal and Technology Pension Fund	Tidewater Inc	1.553.188	2026-03-31	EUR	https://www.pmt.nl/over-pmt/zo-beleggen-we/waar-beleggen-we-in/aandelen-en-obligaties/#
Metal and Technology Pension Fund	Titan Global Finance PLC	2.879.110	2026-03-31	EUR	https://www.pmt.nl/over-pmt/zo-beleggen-we/waar-beleggen-we-in/aandelen-en-obligaties/#
Metal and Technology Pension Fund	TopBuild Corp	6.255.119	2026-03-31	EUR	https://www.pmt.nl/over-pmt/zo-beleggen-we/waar-beleggen-we-in/aandelen-en-obligaties/#
Metal and Technology Pension Fund	TransAlta Corp	2.102.605	2026-03-31	EUR	https://www.pmt.nl/over-pmt/zo-beleggen-we/waar-beleggen-we-in/aandelen-en-obligaties/#
Metal and Technology Pension Fund	TransDigm Inc	70.547.086	2026-03-31	EUR	https://www.pmt.nl/over-pmt/zo-beleggen-we/waar-beleggen-we-in/aandelen-en-obligaties/#
Metal and Technology Pension Fund	Travel + Leisure Co	5.282.552	2026-03-31	EUR	https://www.pmt.nl/over-pmt/zo-beleggen-we/waar-beleggen-we-in/aandelen-en-obligaties/#
Metal and Technology Pension Fund	TriNet Group Inc	3.309.206	2026-03-31	EUR	https://www.pmt.nl/over-pmt/zo-beleggen-we/waar-beleggen-we-in/aandelen-en-obligaties/#
Metal and Technology Pension Fund	Trinity Industries Inc	2.074.294	2026-03-31	EUR	https://www.pmt.nl/over-pmt/zo-beleggen-we/waar-beleggen-we-in/aandelen-en-obligaties/#
Metal and Technology Pension Fund	Trivium Packaging Finance BV	14.766.449	2026-03-31	EUR	https://www.pmt.nl/over-pmt/zo-beleggen-we/waar-beleggen-we-in/aandelen-en-obligaties/#
Metal and Technology Pension Fund	TTM Technologies Inc	3.387.393	2026-03-31	EUR	https://www.pmt.nl/over-pmt/zo-beleggen-we/waar-beleggen-we-in/aandelen-en-obligaties/#
Metal and Technology Pension Fund	TUI AG	7.325.342	2026-03-31	EUR	https://www.pmt.nl/over-pmt/zo-beleggen-we/waar-beleggen-we-in/aandelen-en-obligaties/#
Metal and Technology Pension Fund	UGI International LLC	7.695.565	2026-03-31	EUR	https://www.pmt.nl/over-pmt/zo-beleggen-we/waar-beleggen-we-in/aandelen-en-obligaties/#
Metal and Technology Pension Fund	UKG Inc	4.891.521	2026-03-31	EUR	https://www.pmt.nl/over-pmt/zo-beleggen-we/waar-beleggen-we-in/aandelen-en-obligaties/#
Metal and Technology Pension Fund	Unibail-Rodamco-Westfield SE	16.192.461	2026-03-31	EUR	https://www.pmt.nl/over-pmt/zo-beleggen-we/waar-beleggen-we-in/aandelen-en-obligaties/#
Metal and Technology Pension Fund	United Airlines Holdings Inc	5.037.744	2026-03-31	EUR	https://www.pmt.nl/over-pmt/zo-beleggen-we/waar-beleggen-we-in/aandelen-en-obligaties/#
Metal and Technology Pension Fund	United Rentals North America Inc	31.201.545	2026-03-31	EUR	https://www.pmt.nl/over-pmt/zo-beleggen-we/waar-beleggen-we-in/aandelen-en-obligaties/#
Metal and Technology Pension Fund	Uniti Group LP / Uniti Group Finance Inc / CSL Capital LLC	4.557.601	2026-03-31	EUR	https://www.pmt.nl/over-pmt/zo-beleggen-we/waar-beleggen-we-in/aandelen-en-obligaties/#
Metal and Technology Pension Fund	Upbound Group Inc	3.519.573	2026-03-31	EUR	https://www.pmt.nl/over-pmt/zo-beleggen-we/waar-beleggen-we-in/aandelen-en-obligaties/#
Metal and Technology Pension Fund	US Foods Inc	16.081.918	2026-03-31	EUR	https://www.pmt.nl/over-pmt/zo-beleggen-we/waar-beleggen-we-in/aandelen-en-obligaties/#
Metal and Technology Pension Fund	Vail Resorts Inc	5.793.046	2026-03-31	EUR	https://www.pmt.nl/over-pmt/zo-beleggen-we/waar-beleggen-we-in/aandelen-en-obligaties/#
Metal and Technology Pension Fund	Valeo SE	47.222.687	2026-03-31	EUR	https://www.pmt.nl/over-pmt/zo-beleggen-we/waar-beleggen-we-in/aandelen-en-obligaties/#
Metal and Technology Pension Fund	Veolia Environnement SA	68.296.746	2026-03-31	EUR	https://www.pmt.nl/over-pmt/zo-beleggen-we/waar-beleggen-we-in/aandelen-en-obligaties/#
Metal and Technology Pension Fund	Veritiv Operating Co	6.675.591	2026-03-31	EUR	https://www.pmt.nl/over-pmt/zo-beleggen-we/waar-beleggen-we-in/aandelen-en-obligaties/#
Metal and Technology Pension Fund	VF Corp	15.556.055	2026-03-31	EUR	https://www.pmt.nl/over-pmt/zo-beleggen-we/waar-beleggen-we-in/aandelen-en-obligaties/#
Metal and Technology Pension Fund	Victra Holdings LLC / Victra Finance Corp	3.390.515	2026-03-31	EUR	https://www.pmt.nl/over-pmt/zo-beleggen-we/waar-beleggen-we-in/aandelen-en-obligaties/#
Metal and Technology Pension Fund	Virgin Media Secured Finance PLC	1.020.508	2026-03-31	EUR	https://www.pmt.nl/over-pmt/zo-beleggen-we/waar-beleggen-we-in/aandelen-en-obligaties/#
Metal and Technology Pension Fund	Vistra Operations Co LLC	3.643.912	2026-03-31	EUR	https://www.pmt.nl/over-pmt/zo-beleggen-we/waar-beleggen-we-in/aandelen-en-obligaties/#
Metal and Technology Pension Fund	Vivion Investments Sarl	4.926.296	2026-03-31	EUR	https://www.pmt.nl/over-pmt/zo-beleggen-we/waar-beleggen-we-in/aandelen-en-obligaties/#
Metal and Technology Pension Fund	Vmed O2 UK Financing I PLC	7.255.434	2026-03-31	EUR	https://www.pmt.nl/over-pmt/zo-beleggen-we/waar-beleggen-we-in/aandelen-en-obligaties/#
Metal and Technology Pension Fund	Vodafone Group PLC	58.821.825	2026-03-31	EUR	https://www.pmt.nl/over-pmt/zo-beleggen-we/waar-beleggen-we-in/aandelen-en-obligaties/#
Metal and Technology Pension Fund	VoltaGrid LLC	2.789.537	2026-03-31	EUR	https://www.pmt.nl/over-pmt/zo-beleggen-we/waar-beleggen-we-in/aandelen-en-obligaties/#
Metal and Technology Pension Fund	Volvo Car AB	10.095.102	2026-03-31	EUR	https://www.pmt.nl/over-pmt/zo-beleggen-we/waar-beleggen-we-in/aandelen-en-obligaties/#
Metal and Technology Pension Fund	VT Topco Inc	2.764.658	2026-03-31	EUR	https://www.pmt.nl/over-pmt/zo-beleggen-we/waar-beleggen-we-in/aandelen-en-obligaties/#
Metal and Technology Pension Fund	VZ Secured Financing BV	15.670.027	2026-03-31	EUR	https://www.pmt.nl/over-pmt/zo-beleggen-we/waar-beleggen-we-in/aandelen-en-obligaties/#
Metal and Technology Pension Fund	VZ Vendor Financing II BV	1.916.381	2026-03-31	EUR	https://www.pmt.nl/over-pmt/zo-beleggen-we/waar-beleggen-we-in/aandelen-en-obligaties/#
Metal and Technology Pension Fund	Wand NewCo 3 Inc	4.820.236	2026-03-31	EUR	https://www.pmt.nl/over-pmt/zo-beleggen-we/waar-beleggen-we-in/aandelen-en-obligaties/#
Metal and Technology Pension Fund	Waste Pro USA Inc	4.705.315	2026-03-31	EUR	https://www.pmt.nl/over-pmt/zo-beleggen-we/waar-beleggen-we-in/aandelen-en-obligaties/#
Metal and Technology Pension Fund	Wayfair LLC	4.065.919	2026-03-31	EUR	https://www.pmt.nl/over-pmt/zo-beleggen-we/waar-beleggen-we-in/aandelen-en-obligaties/#
Metal and Technology Pension Fund	WBI Operating LLC	2.680.442	2026-03-31	EUR	https://www.pmt.nl/over-pmt/zo-beleggen-we/waar-beleggen-we-in/aandelen-en-obligaties/#
Metal and Technology Pension Fund	WESCO Distribution Inc	23.825.338	2026-03-31	EUR	https://www.pmt.nl/over-pmt/zo-beleggen-we/waar-beleggen-we-in/aandelen-en-obligaties/#
Metal and Technology Pension Fund	Whirlpool Corp	4.900.517	2026-03-31	EUR	https://www.pmt.nl/over-pmt/zo-beleggen-we/waar-beleggen-we-in/aandelen-en-obligaties/#
Metal and Technology Pension Fund	Whirlpool Finance Luxembourg Sarl	11.888.607	2026-03-31	EUR	https://www.pmt.nl/over-pmt/zo-beleggen-we/waar-beleggen-we-in/aandelen-en-obligaties/#
Metal and Technology Pension Fund	William Carter Co/The	909.761	2026-03-31	EUR	https://www.pmt.nl/over-pmt/zo-beleggen-we/waar-beleggen-we-in/aandelen-en-obligaties/#
Metal and Technology Pension Fund	Williams Scotsman Inc	17.098.811	2026-03-31	EUR	https://www.pmt.nl/over-pmt/zo-beleggen-we/waar-beleggen-we-in/aandelen-en-obligaties/#
Metal and Technology Pension Fund	Windstream Services LLC	4.679.945	2026-03-31	EUR	https://www.pmt.nl/over-pmt/zo-beleggen-we/waar-beleggen-we-in/aandelen-en-obligaties/#
Metal and Technology Pension Fund	Windstream Services LLC / Windstream Escrow Finance Corp	8.566.228	2026-03-31	EUR	https://www.pmt.nl/over-pmt/zo-beleggen-we/waar-beleggen-we-in/aandelen-en-obligaties/#
Metal and Technology Pension Fund	Winnebago Industries Inc	876.779	2026-03-31	EUR	https://www.pmt.nl/over-pmt/zo-beleggen-we/waar-beleggen-we-in/aandelen-en-obligaties/#
Metal and Technology Pension Fund	Wintershall Dea Finance 2 BV	17.303.163	2026-03-31	EUR	https://www.pmt.nl/over-pmt/zo-beleggen-we/waar-beleggen-we-in/aandelen-en-obligaties/#
Metal and Technology Pension Fund	Wyndham Hotels & Resorts Inc	7.924.649	2026-03-31	EUR	https://www.pmt.nl/over-pmt/zo-beleggen-we/waar-beleggen-we-in/aandelen-en-obligaties/#
Metal and Technology Pension Fund	Wynn Resorts Finance LLC / Wynn Resorts Capital Corp	2.238.734	2026-03-31	EUR	https://www.pmt.nl/over-pmt/zo-beleggen-we/waar-beleggen-we-in/aandelen-en-obligaties/#
Metal and Technology Pension Fund	XHR LP	7.835.596	2026-03-31	EUR	https://www.pmt.nl/over-pmt/zo-beleggen-we/waar-beleggen-we-in/aandelen-en-obligaties/#
Metal and Technology Pension Fund	XPLR Infrastructure Operating Partners LP	15.868.061	2026-03-31	EUR	https://www.pmt.nl/over-pmt/zo-beleggen-we/waar-beleggen-we-in/aandelen-en-obligaties/#
Metal and Technology Pension Fund	XPO Inc	7.148.543	2026-03-31	EUR	https://www.pmt.nl/over-pmt/zo-beleggen-we/waar-beleggen-we-in/aandelen-en-obligaties/#
Metal and Technology Pension Fund	Yum! Brands Inc	19.715.651	2026-03-31	EUR	https://www.pmt.nl/over-pmt/zo-beleggen-we/waar-beleggen-we-in/aandelen-en-obligaties/#
Metal and Technology Pension Fund	Zayo Group Holdings Inc	2.872.628	2026-03-31	EUR	https://www.pmt.nl/over-pmt/zo-beleggen-we/waar-beleggen-we-in/aandelen-en-obligaties/#
Metal and Technology Pension Fund	Zebra Technologies Corp	3.338.418	2026-03-31	EUR	https://www.pmt.nl/over-pmt/zo-beleggen-we/waar-beleggen-we-in/aandelen-en-obligaties/#
Metal and Technology Pension Fund	Zegona Finance PLC	10.792.338	2026-03-31	EUR	https://www.pmt.nl/over-pmt/zo-beleggen-we/waar-beleggen-we-in/aandelen-en-obligaties/#
Metal and Technology Pension Fund	Ziggo Bond Co BV	5.563.853	2026-03-31	EUR	https://www.pmt.nl/over-pmt/zo-beleggen-we/waar-beleggen-we-in/aandelen-en-obligaties/#
Metal and Technology Pension Fund	Ziggo BV	14.296.337	2026-03-31	EUR	https://www.pmt.nl/over-pmt/zo-beleggen-we/waar-beleggen-we-in/aandelen-en-obligaties/#
Metal and Technology Pension Fund	ZoomInfo Technologies LLC/ZoomInfo Finance Corp	3.397.384	2026-03-31	EUR	https://www.pmt.nl/over-pmt/zo-beleggen-we/waar-beleggen-we-in/aandelen-en-obligaties/#
Metal and Technology Pension Fund	Zuercher Kantonalbank	28.240.072	2026-03-31	EUR	https://www.pmt.nl/over-pmt/zo-beleggen-we/waar-beleggen-we-in/aandelen-en-obligaties/#
Metal and Technology Pension Fund	1011778 BC ULC / New Red Finance Inc	36.020.329	2026-03-31	EUR	https://www.pmt.nl/over-pmt/zo-beleggen-we/waar-beleggen-we-in/aandelen-en-obligaties/#
Metal and Technology Pension Fund	1261229 BC Ltd	12.405.425	2026-03-31	EUR	https://www.pmt.nl/over-pmt/zo-beleggen-we/waar-beleggen-we-in/aandelen-en-obligaties/#
Metal and Technology Pension Fund	888 Acquisitions Ltd	8.769.370	2026-03-31	EUR	https://www.pmt.nl/over-pmt/zo-beleggen-we/waar-beleggen-we-in/aandelen-en-obligaties/#
