Shareholder - Name	Issuer - Name	Issuer - Country Name	Security - ISIN	Security - Report Date	Security - Market Value	Stock - Number of Shares	Stock - Percent Ownership	Stock - Percent Voting Power	Data Source URL
AP4	ERSTE GROUP BANK AG	AT	AT0000743059	2025-12-31	174 	36 229			https://www.ap4.se/en/reports/holdings/
AP4	OMV AG	AT	AT0000606306	2025-12-31	5 	337 918			https://www.ap4.se/en/reports/holdings/
AP4	RAIFFEISEN BANK INTERNATIONA	AT	AT0000746409	2025-12-31	42 	12 150			https://www.ap4.se/en/reports/holdings/
AP4	VERBUND AG	AT	AU000000ANZ3	2025-12-31	154 	63 121			https://www.ap4.se/en/reports/holdings/
AP4	ANZ GROUP HOLDINGS LTD	AU	AU000000ALL7	2025-12-31	56 	689 741			https://www.ap4.se/en/reports/holdings/
AP4	ARISTOCRAT LEISURE LTD	AU	AU000000ASX7	2025-12-31	25 	156 843			https://www.ap4.se/en/reports/holdings/
AP4	ASX LTD	AU	US0494681010	2025-12-31	55 	79 637			https://www.ap4.se/en/reports/holdings/
AP4	ATLASSIAN CORP-CL A	AU	AU000000BHP4	2025-12-31	327 	36 600			https://www.ap4.se/en/reports/holdings/
AP4	BHP GROUP LTD	AU	AU000000BXB1	2025-12-31	67 	1 169 588			https://www.ap4.se/en/reports/holdings/
AP4	BRAMBLES LTD	AU	AU000000CAR3	2025-12-31	14 	475 372			https://www.ap4.se/en/reports/holdings/
AP4	CAR GROUP LTD	AU	AU000000COH5	2025-12-31	26 	76 406			https://www.ap4.se/en/reports/holdings/
AP4	COCHLEAR LTD	AU	AU0000030678	2025-12-31	33 	16 119			https://www.ap4.se/en/reports/holdings/
AP4	COLES GROUP LTD	AU	AU000000CBA7	2025-12-31	351 	249 590			https://www.ap4.se/en/reports/holdings/
AP4	COMMONWEALTH BANK OF AUSTRAL	AU	AU000000CPU5	2025-12-31	32 	355 971			https://www.ap4.se/en/reports/holdings/
AP4	COMPUTERSHARE LTD	AU	AU000000CSL8	2025-12-31	108 	152 911			https://www.ap4.se/en/reports/holdings/
AP4	CSL LTD	AU	AU000000FMG4	2025-12-31	43 	101 998			https://www.ap4.se/en/reports/holdings/
AP4	FORTESCUE LTD	AU	AU000000IAG3	2025-12-31	23 	321 115			https://www.ap4.se/en/reports/holdings/
AP4	INSURANCE AUSTRALIA GROUP	AU	AU0000219529	2025-12-31	24 	469 936			https://www.ap4.se/en/reports/holdings/
AP4	LOTTERY CORP LTD/THE	AU	AU000000MQG1	2025-12-31	76 	749 872			https://www.ap4.se/en/reports/holdings/
AP4	MACQUARIE GROUP LTD	AU	AU000000MPL3	2025-12-31	28 	60 894			https://www.ap4.se/en/reports/holdings/
AP4	MEDIBANK PRIVATE LTD	AU	AU000000NAB4	2025-12-31	152 	962 015			https://www.ap4.se/en/reports/holdings/
AP4	NATIONAL AUSTRALIA BANK LTD	AU	AU000000PME8	2025-12-31	35 	582 858			https://www.ap4.se/en/reports/holdings/
AP4	PRO MEDICUS LTD	AU	AU000000QAN2	2025-12-31	1 	25 970			https://www.ap4.se/en/reports/holdings/
AP4	QANTAS AIRWAYS LTD	AU	AU000000QBE9	2025-12-31	44 	10 417			https://www.ap4.se/en/reports/holdings/
AP4	QBE INSURANCE GROUP LTD	AU	AU000000REA9	2025-12-31	21 	363 016			https://www.ap4.se/en/reports/holdings/
AP4	REA GROUP LTD	AU	AU000000REH4	2025-12-31	0 	18 764			https://www.ap4.se/en/reports/holdings/
AP4	REECE LTD	AU	AU0000364754	2025-12-31	11 	804			https://www.ap4.se/en/reports/holdings/
AP4	SGH LTD	AU	AU000000SIG5	2025-12-31	27 	37 043			https://www.ap4.se/en/reports/holdings/
AP4	SIGMA HEALTHCARE LTD	AU	AU000000SHL7	2025-12-31	14 	1 470 277			https://www.ap4.se/en/reports/holdings/
AP4	SONIC HEALTHCARE LTD	AU	AU000000SUN6	2025-12-31	38 	102 667			https://www.ap4.se/en/reports/holdings/
AP4	SUNCORP GROUP LTD	AU	AU000000TLS2	2025-12-31	78 	351 311			https://www.ap4.se/en/reports/holdings/
AP4	TELSTRA GROUP LTD	AU	AU000000TCL6	2025-12-31	13 	2 601 665			https://www.ap4.se/en/reports/holdings/
AP4	TRANSURBAN GROUP	AU	AU000000WES1	2025-12-31	148 	146 405			https://www.ap4.se/en/reports/holdings/
AP4	WESFARMERS LTD	AU	AU000000WBC1	2025-12-31	187 	297 381			https://www.ap4.se/en/reports/holdings/
AP4	WESTPAC BANKING CORP	AU	AU000000WTC3	2025-12-31	21 	787 922			https://www.ap4.se/en/reports/holdings/
AP4	WISETECH GLOBAL LTD	AU	AU000000WOW2	2025-12-31	38 	48 716			https://www.ap4.se/en/reports/holdings/
AP4	WOOLWORTHS GROUP LTD	AU	BE0974264930	2025-12-31	30 	208 870			https://www.ap4.se/en/reports/holdings/
AP4	AGEAS	BE	BE0974293251	2025-12-31	106 	46 261			https://www.ap4.se/en/reports/holdings/
AP4	ANHEUSER-BUSCH INBEV SA/NV	BE	BE0974259880	2025-12-31	6 	177 853			https://www.ap4.se/en/reports/holdings/
AP4	D'IETEREN GROUP	BE	BE0003822393	2025-12-31	36 	3 602			https://www.ap4.se/en/reports/holdings/
AP4	ELIA GROUP SA/NV	BE	BE0003823409	2025-12-31	7 	30 402			https://www.ap4.se/en/reports/holdings/
AP4	FINANCIERE DE TUBIZE	BE	BE0003797140	2025-12-31	10 	3 205			https://www.ap4.se/en/reports/holdings/
AP4	GROUPE BRUXELLES LAMBERT NV	BE	BE0003565737	2025-12-31	70 	12 710			https://www.ap4.se/en/reports/holdings/
AP4	KBC GROUP NV	BE	BE0003604155	2025-12-31	14 	57 846			https://www.ap4.se/en/reports/holdings/
AP4	LOTUS BAKERIES	BE	BE0003717312	2025-12-31	15 	170			https://www.ap4.se/en/reports/holdings/
AP4	SOFINA	BE	BE0974464977	2025-12-31	5 	5 648			https://www.ap4.se/en/reports/holdings/
AP4	SYENSQO SA	BE	BE0003739530	2025-12-31	76 	6 714			https://www.ap4.se/en/reports/holdings/
AP4	UCB SA	BE	BE0003878957	2025-12-31	64 	29 430			https://www.ap4.se/en/reports/holdings/
AP4	VGP	BE	BMG0450A1053	2025-12-31	163 	59 998			https://www.ap4.se/en/reports/holdings/
AP4	ARCH CAPITAL GROUP LTD	BM	BMG3223R1088	2025-12-31	44 	184 450			https://www.ap4.se/en/reports/holdings/
AP4	EVEREST GROUP LTD	BM	CA0115321089	2025-12-31	7 	14 207			https://www.ap4.se/en/reports/holdings/
AP4	ALAMOS GOLD INC-CLASS A	CA	CA01626P1484	2025-12-31	63 	19 200			https://www.ap4.se/en/reports/holdings/
AP4	ALIMENTATION COUCHE-TARD INC	CA	CA04764T1049	2025-12-31	30 	125 433			https://www.ap4.se/en/reports/holdings/
AP4	ATKINSREALIS GROUP INC	CA	CA0636711016	2025-12-31	185 	50 500			https://www.ap4.se/en/reports/holdings/
AP4	BANK OF MONTREAL	CA	CA0641491075	2025-12-31	186 	154 113			https://www.ap4.se/en/reports/holdings/
AP4	BANK OF NOVA SCOTIA	CA	CA05534B7604	2025-12-31	13 	273 055			https://www.ap4.se/en/reports/holdings/
AP4	BCE INC	CA	CA11271J1075	2025-12-31	179 	61 125			https://www.ap4.se/en/reports/holdings/
AP4	BROOKFIELD CORP	CA	CA1247651088	2025-12-31	8 	422 038			https://www.ap4.se/en/reports/holdings/
AP4	CAE INC	CA	CA13321L1085	2025-12-31	14 	28 688			https://www.ap4.se/en/reports/holdings/
AP4	CAMECO CORP	CA	CA1360691010	2025-12-31	169 	17 000			https://www.ap4.se/en/reports/holdings/
AP4	CAN IMPERIAL BK OF COMMERCE	CA	CA1363751027	2025-12-31	48 	202 396			https://www.ap4.se/en/reports/holdings/
AP4	CANADIAN NATL RAILWAY CO	CA	CA13646K1084	2025-12-31	168 	52 800			https://www.ap4.se/en/reports/holdings/
AP4	CANADIAN TIRE CORP-CLASS A	CA	CA15101Q2071	2025-12-31	94 	4 500			https://www.ap4.se/en/reports/holdings/
AP4	CGI INC	CA	CA21037X1006	2025-12-31	270 	142 196			https://www.ap4.se/en/reports/holdings/
AP4	CONSTELLATION SOFTWARE INC	CA	CA2499061083	2025-12-31	47 	12 169			https://www.ap4.se/en/reports/holdings/
AP4	DESCARTES SYSTEMS GRP/THE	CA	CA25675T1075	2025-12-31	157 	57 822			https://www.ap4.se/en/reports/holdings/
AP4	DOLLARAMA INC	CA	CA2861812014	2025-12-31	23 	113 464			https://www.ap4.se/en/reports/holdings/
AP4	EMPIRE CO LTD 'A'	CA	CA3039011026	2025-12-31	135 	45 825			https://www.ap4.se/en/reports/holdings/
AP4	FAIRFAX FINANCIAL HLDGS LTD	CA	CA33767E2024	2025-12-31	3 	7 688			https://www.ap4.se/en/reports/holdings/
AP4	FIRSTSERVICE CORP	CA	CA3518581051	2025-12-31	161 	2 400			https://www.ap4.se/en/reports/holdings/
AP4	FRANCO-NEVADA CORP	CA	CA36168Q1046	2025-12-31	11 	84 400			https://www.ap4.se/en/reports/holdings/
AP4	GFL ENVIRONMENTAL INC-SUB VT	CA	CA3759161035	2025-12-31	17 	27 919			https://www.ap4.se/en/reports/holdings/
AP4	GILDAN ACTIVEWEAR INC	CA	CA39138C1068	2025-12-31	57 	29 257			https://www.ap4.se/en/reports/holdings/
AP4	GREAT-WEST LIFECO INC	CA	CA4488112083	2025-12-31	364 	125 612			https://www.ap4.se/en/reports/holdings/
AP4	HYDRO ONE LTD	CA	CA45075E1043	2025-12-31	23 	991 412			https://www.ap4.se/en/reports/holdings/
AP4	IA FINANCIAL CORP INC	CA	CA4495861060	2025-12-31	5 	18 994			https://www.ap4.se/en/reports/holdings/
AP4	IGM FINANCIAL INC	CA	CA45823T1066	2025-12-31	197 	13 117			https://www.ap4.se/en/reports/holdings/
AP4	INTACT FINANCIAL CORP	CA	CA46579R1047	2025-12-31	7 	102 652			https://www.ap4.se/en/reports/holdings/
AP4	LOBLAW COMPANIES LTD	CA	CA5394811015	2025-12-31	58 	139 476			https://www.ap4.se/en/reports/holdings/
AP4	LULULEMON ATHLETICA INC	CA	US5500211090	2025-12-31	63 	33 000			https://www.ap4.se/en/reports/holdings/
AP4	LUNDIN GOLD INC	CA	CA5503711080	2025-12-31	25 	33 000			https://www.ap4.se/en/reports/holdings/
AP4	LUNDIN MINING CORP	CA	CA5503721063	2025-12-31	97 	490 500			https://www.ap4.se/en/reports/holdings/
AP4	MAGNA INTERNATIONAL INC	CA	CA5592224011	2025-12-31	5 	9 300			https://www.ap4.se/en/reports/holdings/
AP4	MANULIFE FINANCIAL CORP	CA	CA56501R1064	2025-12-31	105 	312 467			https://www.ap4.se/en/reports/holdings/
AP4	METRO INC/CN	CA	CA59162N1096	2025-12-31	29 	42 934			https://www.ap4.se/en/reports/holdings/
AP4	NATIONAL BANK OF CANADA	CA	CA6330671034	2025-12-31	89 	76 671			https://www.ap4.se/en/reports/holdings/
AP4	NUTRIEN LTD	CA	CA67077M1086	2025-12-31	6 	10 900			https://www.ap4.se/en/reports/holdings/
AP4	OPEN TEXT CORP	CA	CA6837151068	2025-12-31	14 	47 528			https://www.ap4.se/en/reports/holdings/
AP4	POWER CORP OF CANADA	CA	CA7392391016	2025-12-31	80 	163 359			https://www.ap4.se/en/reports/holdings/
AP4	ROYAL BANK OF CANADA	CA	CA7800871021	2025-12-31	514 	326 577			https://www.ap4.se/en/reports/holdings/
AP4	SAPUTO INC	CA	CA8029121057	2025-12-31	6 	22 500			https://www.ap4.se/en/reports/holdings/
AP4	SHOPIFY INC - CLASS A	CA	CA82509L1076	2025-12-31	384 	258 590			https://www.ap4.se/en/reports/holdings/
AP4	STANTEC INC	CA	CA85472N1096	2025-12-31	55 	63 560			https://www.ap4.se/en/reports/holdings/
AP4	SUN LIFE FINANCIAL INC	CA	CA8667961053	2025-12-31	38 	65 479			https://www.ap4.se/en/reports/holdings/
AP4	TELUS CORP	CA	CA87971M1032	2025-12-31	45 	371 520			https://www.ap4.se/en/reports/holdings/
AP4	TFI INTERNATIONAL INC	CA	CA87241L1094	2025-12-31	2 	2 100			https://www.ap4.se/en/reports/holdings/
AP4	THOMSON REUTERS CORP	CA	CA8849038085	2025-12-31	107 	87 834			https://www.ap4.se/en/reports/holdings/
AP4	TMX GROUP LTD	CA	CA87262K1057	2025-12-31	27 	76 504			https://www.ap4.se/en/reports/holdings/
AP4	TOROMONT INDUSTRIES LTD	CA	CA8911021050	2025-12-31	16 	14 022			https://www.ap4.se/en/reports/holdings/
AP4	TORONTO-DOMINION BANK	CA	CA8911605092	2025-12-31	344 	395 451			https://www.ap4.se/en/reports/holdings/
AP4	WASTE CONNECTIONS INC	CA	CA94106B1013	2025-12-31	181 	111 800			https://www.ap4.se/en/reports/holdings/
AP4	LTD	CA	CA9611485090	2025-12-31	16 	25 233			https://www.ap4.se/en/reports/holdings/
AP4	WHEATON PRECIOUS METALS CORP	CA	CA9628791027	2025-12-31	384 	354 048			https://www.ap4.se/en/reports/holdings/
AP4	WSP GLOBAL INC	CA	CA92938W2022	2025-12-31	70 	41 993			https://www.ap4.se/en/reports/holdings/
AP4	ABB LTD-REG	CH	CH0012221716	2025-12-31	461 	669 359			https://www.ap4.se/en/reports/holdings/
AP4	ALCON INC	CH	CH0432492467	2025-12-31	63 	85 582			https://www.ap4.se/en/reports/holdings/
AP4	AMCOR PLC	CH	JE00BV7DQ550	2025-12-31	12 	155 700			https://www.ap4.se/en/reports/holdings/
AP4	AMRIZE LTD	CH	CH1430134226	2025-12-31	64 	126 000			https://www.ap4.se/en/reports/holdings/
AP4	AVOLTA AG	CH	CH0023405456	2025-12-31	2 	3 589			https://www.ap4.se/en/reports/holdings/
AP4	BANQUE CANTONALE VAUDOIS-REG	CH	CH0531751755	2025-12-31	9 	7 927			https://www.ap4.se/en/reports/holdings/
AP4	BARRY CALLEBAUT AG-REG	CH	CH0009002962	2025-12-31	14 	950			https://www.ap4.se/en/reports/holdings/
AP4	BELIMO HOLDING AG-REG	CH	CH1101098163	2025-12-31	64 	7 039			https://www.ap4.se/en/reports/holdings/
AP4	CHOCOLADEFABRIKEN LINDT-PC	CH	CH0010570767	2025-12-31	28 	207			https://www.ap4.se/en/reports/holdings/
AP4	CHOCOLADEFABRIKEN LINDT-REG	CH	CH0010570759	2025-12-31	85 	63			https://www.ap4.se/en/reports/holdings/
AP4	CHUBB LTD	CH	CH0044328745	2025-12-31	393 	136 746			https://www.ap4.se/en/reports/holdings/
AP4	CIE FINANCIERE RICHEMO-A REG	CH	CH0210483332	2025-12-31	223 	111 260			https://www.ap4.se/en/reports/holdings/
AP4	COCA-COLA HBC AG-DI	CH	CH0198251305	2025-12-31	22 	46 986			https://www.ap4.se/en/reports/holdings/
AP4	DSM-FIRMENICH AG	CH	CH1216478797	2025-12-31	8 	11 327			https://www.ap4.se/en/reports/holdings/
AP4	EMS-CHEMIE HOLDING AG-REG	CH	CH0016440353	2025-12-31	16 	2 577			https://www.ap4.se/en/reports/holdings/
AP4	GALDERMA GROUP AG	CH	CH1335392721	2025-12-31	60 	31 702			https://www.ap4.se/en/reports/holdings/
AP4	GARMIN LTD	CH	CH0114405324	2025-12-31	87 	46 601			https://www.ap4.se/en/reports/holdings/
AP4	GEBERIT AG-REG	CH	CH0030170408	2025-12-31	79 	10 970			https://www.ap4.se/en/reports/holdings/
AP4	GIVAUDAN-REG	CH	CH0010645932	2025-12-31	73 	1 986			https://www.ap4.se/en/reports/holdings/
AP4	HELVETIA BALOISE HOLDING AG	CH	CH0466642201	2025-12-31	82 	33 586			https://www.ap4.se/en/reports/holdings/
AP4	HOLCIM LTD	CH	CH0012214059	2025-12-31	339 	374 413			https://www.ap4.se/en/reports/holdings/
AP4	JULIUS BAER GROUP LTD	CH	CH0102484968	2025-12-31	23 	31 125			https://www.ap4.se/en/reports/holdings/
AP4	KUEHNE + NAGEL INTL AG-REG	CH	CH0025238863	2025-12-31	15 	7 398			https://www.ap4.se/en/reports/holdings/
AP4	LOGITECH INTERNATIONAL-REG	CH	CH0025751329	2025-12-31	41 	43 216			https://www.ap4.se/en/reports/holdings/
AP4	LONZA GROUP AG-REG	CH	CH0013841017	2025-12-31	87 	13 855			https://www.ap4.se/en/reports/holdings/
AP4	NESTLE SA-REG	CH	CH0038863350	2025-12-31	731 	797 872			https://www.ap4.se/en/reports/holdings/
AP4	NOVARTIS AG-REG	CH	CH0012005267	2025-12-31	1 047 	821 339			https://www.ap4.se/en/reports/holdings/
AP4	PARTNERS GROUP HOLDING AG	CH	CH0024608827	2025-12-31	70 	6 142			https://www.ap4.se/en/reports/holdings/
AP4	ROCHE HOLDING AG-BR	CH	CH0012032113	2025-12-31	48 	12 217			https://www.ap4.se/en/reports/holdings/
AP4	ROCHE HOLDING AG-GENUSSCHEIN	CH	CH0012032048	2025-12-31	900 	235 557			https://www.ap4.se/en/reports/holdings/
AP4	SANDOZ GROUP AG	CH	CH1243598427	2025-12-31	59 	88 073			https://www.ap4.se/en/reports/holdings/
AP4	SCHINDLER HOLDING AG-REG	CH	CH0024638212	2025-12-31	89 	27 094			https://www.ap4.se/en/reports/holdings/
AP4	SCHINDLER HOLDING-PART CERT	CH	CH0024638196	2025-12-31	82 	23 666			https://www.ap4.se/en/reports/holdings/
AP4	SGS SA-REG	CH	CH1256740924	2025-12-31	39 	37 205			https://www.ap4.se/en/reports/holdings/
AP4	SIKA AG-REG	CH	CH0418792922	2025-12-31	36 	19 145			https://www.ap4.se/en/reports/holdings/
AP4	SONOVA HOLDING AG-REG	CH	CH0012549785	2025-12-31	28 	11 760			https://www.ap4.se/en/reports/holdings/
AP4	STMICROELECTRONICS NV	CH	NL0000226223	2025-12-31	33 	136 646			https://www.ap4.se/en/reports/holdings/
AP4	STRAUMANN HOLDING AG-REG	CH	CH1175448666	2025-12-31	31 	28 687			https://www.ap4.se/en/reports/holdings/
AP4	SWATCH GROUP AG/THE-BR	CH	CH0012255151	2025-12-31	3 	1 490			https://www.ap4.se/en/reports/holdings/
AP4	SWISS LIFE HOLDING AG-REG	CH	CH0014852781	2025-12-31	40 	3 746			https://www.ap4.se/en/reports/holdings/
AP4	SWISS PRIME SITE-REG	CH	CH0008038389	2025-12-31	43 	29 663			https://www.ap4.se/en/reports/holdings/
AP4	SWISS RE AG	CH	CH0126881561	2025-12-31	170 	109 665			https://www.ap4.se/en/reports/holdings/
AP4	SWISSCOM AG-REG	CH	CH0008742519	2025-12-31	133 	19 858			https://www.ap4.se/en/reports/holdings/
AP4	UBS GROUP AG-REG	CH	CH0244767585	2025-12-31	275 	639 189			https://www.ap4.se/en/reports/holdings/
AP4	VAT GROUP AG	CH	CH0311864901	2025-12-31	35 	7 691			https://www.ap4.se/en/reports/holdings/
AP4	ZURICH INSURANCE GROUP AG	CH	CH0011075394	2025-12-31	402 	57 428			https://www.ap4.se/en/reports/holdings/
AP4	ANTOFAGASTA PLC	CL	GB0000456144	2025-12-31	17 	41 097			https://www.ap4.se/en/reports/holdings/
AP4	YANGZIJIANG SHIPBUILDING	CN	SG1U76934819	2025-12-31	22 	890 700			https://www.ap4.se/en/reports/holdings/
AP4	THEON INTERNATIONAL PLC	CY	CY0200751713	2025-12-31	72 	247 498			https://www.ap4.se/en/reports/holdings/
AP4	ADIDAS AG	DE	DE000A1EWWW0	2025-12-31	55 	30 071			https://www.ap4.se/en/reports/holdings/
AP4	ALLIANZ SE-REG	DE	DE0008404005	2025-12-31	272 	64 380			https://www.ap4.se/en/reports/holdings/
AP4	AUMOVIO SE	DE	DE000AUM0V10	2025-12-31	0 	480			https://www.ap4.se/en/reports/holdings/
AP4	BASF SE	DE	DE000BASF111	2025-12-31	7 	14 116			https://www.ap4.se/en/reports/holdings/
AP4	BAYER AG-REG	DE	DE000BAY0017	2025-12-31	63 	157 742			https://www.ap4.se/en/reports/holdings/
AP4	BAYERISCHE MOTOREN WERKE AG	DE	DE0005190003	2025-12-31	105 	104 218			https://www.ap4.se/en/reports/holdings/
AP4	BAYERISCHE MOTOREN WERKE-PRF	DE	DE0005190037	2025-12-31	21 	21 548			https://www.ap4.se/en/reports/holdings/
AP4	BEIERSDORF AG	DE	DE0005200000	2025-12-31	48 	47 222			https://www.ap4.se/en/reports/holdings/
AP4	BRENNTAG SE	DE	DE000A1DAHH0	2025-12-31	8 	15 141			https://www.ap4.se/en/reports/holdings/
AP4	COMMERZBANK AG	DE	DE000CBK1001	2025-12-31	59 	150 485			https://www.ap4.se/en/reports/holdings/
AP4	CONTINENTAL AG	DE	DE0005439004	2025-12-31	21 	28 355			https://www.ap4.se/en/reports/holdings/
AP4	CTS EVENTIM AG & CO KGAA	DE	DE0005470306	2025-12-31	30 	35 666			https://www.ap4.se/en/reports/holdings/
AP4	DELIVERY HERO SE	DE	DE000A2E4K43	2025-12-31	9 	35 523			https://www.ap4.se/en/reports/holdings/
AP4	DEUTSCHE BANK AG-REGISTERED	DE	DE0005140008	2025-12-31	101 	282 827			https://www.ap4.se/en/reports/holdings/
AP4	DEUTSCHE BOERSE AG	DE	DE0005810055	2025-12-31	111 	46 008			https://www.ap4.se/en/reports/holdings/
AP4	DEUTSCHE TELEKOM AG-REG	DE	DE0005557508	2025-12-31	431 	1 438 575			https://www.ap4.se/en/reports/holdings/
AP4	DHL GROUP	DE	DE0005552004	2025-12-31	74 	145 991			https://www.ap4.se/en/reports/holdings/
AP4	DR ING HC F PORSCHE AG	DE	DE000PAG9113	2025-12-31	19 	38 594			https://www.ap4.se/en/reports/holdings/
AP4	ON SE	DE	DE000ENAG999	2025-12-31	226 	1 294 422			https://www.ap4.se/en/reports/holdings/
AP4	EVONIK INDUSTRIES AG	DE	DE000EVNK013	2025-12-31	5 	37 282			https://www.ap4.se/en/reports/holdings/
AP4	FRESENIUS MEDICAL CARE AG	DE	DE0005785802	2025-12-31	20 	44 330			https://www.ap4.se/en/reports/holdings/
AP4	FRESENIUS SE & CO KGAA	DE	DE0005785604	2025-12-31	42 	79 645			https://www.ap4.se/en/reports/holdings/
AP4	GEA GROUP AG	DE	DE0006602006	2025-12-31	60 	95 441			https://www.ap4.se/en/reports/holdings/
AP4	HANNOVER RUECK SE	DE	DE0008402215	2025-12-31	64 	22 376			https://www.ap4.se/en/reports/holdings/
AP4	HEIDELBERG MATERIALS AG	DE	DE0006047004	2025-12-31	460 	190 722			https://www.ap4.se/en/reports/holdings/
AP4	HENKEL AG & CO KGAA	DE	DE0006048408	2025-12-31	19 	26 770			https://www.ap4.se/en/reports/holdings/
AP4	HENKEL AG & CO KGAA VOR-PREF	DE	DE0006048432	2025-12-31	29 	38 917			https://www.ap4.se/en/reports/holdings/
AP4	HENSOLDT AG	DE	DE000HAG0005	2025-12-31	19 	24 142			https://www.ap4.se/en/reports/holdings/
AP4	HOCHTIEF AG	DE	DE0006070006	2025-12-31	15 	4 058			https://www.ap4.se/en/reports/holdings/
AP4	INFINEON TECHNOLOGIES AG	DE	DE0006231004	2025-12-31	178 	436 338			https://www.ap4.se/en/reports/holdings/
AP4	IONOS GROUP SE	DE	DE000A3E00M1	2025-12-31	17 	60 000			https://www.ap4.se/en/reports/holdings/
AP4	KNORR-BREMSE AG	DE	DE000KBX1006	2025-12-31	23 	21 959			https://www.ap4.se/en/reports/holdings/
AP4	LEG IMMOBILIEN SE	DE	DE000LEG1110	2025-12-31	28 	41 414			https://www.ap4.se/en/reports/holdings/
AP4	MERCEDES-BENZ GROUP AG	DE	DE0007100000	2025-12-31	90 	137 995			https://www.ap4.se/en/reports/holdings/
AP4	MERCK KGAA	DE	DE0006599905	2025-12-31	25 	18 611			https://www.ap4.se/en/reports/holdings/
AP4	MTU AERO ENGINES AG	DE	DE000A0D9PT0	2025-12-31	46 	12 005			https://www.ap4.se/en/reports/holdings/
AP4	MUENCHENER RUECKVER AG-REG	DE	DE0008430026	2025-12-31	201 	32 975			https://www.ap4.se/en/reports/holdings/
AP4	NEMETSCHEK SE	DE	DE0006452907	2025-12-31	16 	15 703			https://www.ap4.se/en/reports/holdings/
AP4	OTTOBOCK SE & CO KGAA	DE	DE000BCK2223	2025-12-31	18 	25 000			https://www.ap4.se/en/reports/holdings/
AP4	PORSCHE AUTOMOBIL HLDG-PRF	DE	DE000PAH0038	2025-12-31	25 	57 537			https://www.ap4.se/en/reports/holdings/
AP4	RATIONAL AG	DE	DE0007010803	2025-12-31	12 	1 631			https://www.ap4.se/en/reports/holdings/
AP4	RHEINMETALL AG	DE	DE0007030009	2025-12-31	316 	18 679			https://www.ap4.se/en/reports/holdings/
AP4	RWE AG	DE	DE0007037129	2025-12-31	34 	70 000			https://www.ap4.se/en/reports/holdings/
AP4	SAP SE	DE	DE0007164600	2025-12-31	560 	248 111			https://www.ap4.se/en/reports/holdings/
AP4	SARTORIUS AG-VORZUG	DE	DE0007165631	2025-12-31	12 	4 509			https://www.ap4.se/en/reports/holdings/
AP4	SCOUT24 SE	DE	DE000A12DM80	2025-12-31	89 	95 335			https://www.ap4.se/en/reports/holdings/
AP4	SIEMENS AG-REG	DE	DE0007236101	2025-12-31	393 	151 593			https://www.ap4.se/en/reports/holdings/
AP4	SIEMENS ENERGY AG	DE	DE000ENER6Y0	2025-12-31	198 	151 955			https://www.ap4.se/en/reports/holdings/
AP4	SIEMENS HEALTHINEERS AG	DE	DE000SHL1006	2025-12-31	15 	31 728			https://www.ap4.se/en/reports/holdings/
AP4	SYMRISE AG	DE	DE000SYM9999	2025-12-31	15 	19 629			https://www.ap4.se/en/reports/holdings/
AP4	TAG IMMOBILIEN AG	DE	DE0008303504	2025-12-31	29 	201 323			https://www.ap4.se/en/reports/holdings/
AP4	TALANX AG	DE	DE000TLX1005	2025-12-31	70 	57 169			https://www.ap4.se/en/reports/holdings/
AP4	VOLKSWAGEN AG-PREF	DE	DE0007664039	2025-12-31	46 	41 012			https://www.ap4.se/en/reports/holdings/
AP4	VONOVIA SE	DE	DE000A1ML7J1	2025-12-31	121 	457 199			https://www.ap4.se/en/reports/holdings/
AP4	ZALANDO SE	DE	DE000ZAL1111	2025-12-31	12 	44 308			https://www.ap4.se/en/reports/holdings/
AP4	AQUAPORIN A/S	DK	DK0061555109	2025-12-31	4 	860 844			https://www.ap4.se/en/reports/holdings/
AP4	CADELER A/S	DK	DK0061412772	2025-12-31	35 	800 000			https://www.ap4.se/en/reports/holdings/
AP4	CARLSBERG AS-B	DK	DK0010181759	2025-12-31	27 	22 532			https://www.ap4.se/en/reports/holdings/
AP4	CHEMOMETEC A/S	DK	DK0060055861	2025-12-31	484 	486 000			https://www.ap4.se/en/reports/holdings/
AP4	COLOPLAST-B	DK	DK0060448595	2025-12-31	15 	18 702			https://www.ap4.se/en/reports/holdings/
AP4	DANSKE BANK A/S	DK	DK0010274414	2025-12-31	47 	101 782			https://www.ap4.se/en/reports/holdings/
AP4	DARDEN RESTAURANTS INC	DK	DK0010274414	2025-12-31	48 	28 253			https://www.ap4.se/en/reports/holdings/
AP4	DEMANT A/S	DK	DK0060738599	2025-12-31	0 	1 597			https://www.ap4.se/en/reports/holdings/
AP4	DSV A/S	DK	DK0060079531	2025-12-31	276 	117 965			https://www.ap4.se/en/reports/holdings/
AP4	GENMAB A/S	DK	DK0010272202	2025-12-31	55 	18 737			https://www.ap4.se/en/reports/holdings/
AP4	INVISIO AB	DK	SE0001200015	2025-12-31	148 	561 260			https://www.ap4.se/en/reports/holdings/
AP4	NOVO NORDISK A/S-B	DK	DK0062498333	2025-12-31	976 	2 070 493			https://www.ap4.se/en/reports/holdings/
AP4	ORSTED A/S	DK	DK0060094928	2025-12-31	20 	111 829			https://www.ap4.se/en/reports/holdings/
AP4	PANDORA A/S	DK	DK0060252690	2025-12-31	15 	14 922			https://www.ap4.se/en/reports/holdings/
AP4	ROCKWOOL A/S-B SHS	DK	DK0063855168	2025-12-31	7 	22 363			https://www.ap4.se/en/reports/holdings/
AP4	TRYG A/S	DK	DK0060636678	2025-12-31	47 	196 769			https://www.ap4.se/en/reports/holdings/
AP4	VESTAS WIND SYSTEMS A/S	DK	DK0061539921	2025-12-31	63 	249 128			https://www.ap4.se/en/reports/holdings/
AP4	ACCIONA SA	ES	ES0125220311	2025-12-31	35 	17 532			https://www.ap4.se/en/reports/holdings/
AP4	ACS ACTIVIDADES CONS Y SERV	ES	ES0167050915	2025-12-31	29 	31 725			https://www.ap4.se/en/reports/holdings/
AP4	AENA SME SA	ES	ES0105046017	2025-12-31	4 	17 212			https://www.ap4.se/en/reports/holdings/
AP4	AMADEUS IT GROUP SA	ES	ES0109067019	2025-12-31	77 	113 276			https://www.ap4.se/en/reports/holdings/
AP4	BANCO BILBAO VIZCAYA ARGENTA	ES	ES0113211835	2025-12-31	203 	935 806			https://www.ap4.se/en/reports/holdings/
AP4	BANCO DE SABADELL SA	ES	ES0113860A34	2025-12-31	38 	1 045 671			https://www.ap4.se/en/reports/holdings/
AP4	BANCO SANTANDER SA	ES	ES0113900J37	2025-12-31	269 	2 468 276			https://www.ap4.se/en/reports/holdings/
AP4	BANKINTER SA	ES	ES0113679I37	2025-12-31	9 	57 606			https://www.ap4.se/en/reports/holdings/
AP4	CAIXABANK SA	ES	ES0140609019	2025-12-31	89 	788 524			https://www.ap4.se/en/reports/holdings/
AP4	CELLNEX TELECOM SA	ES	ES0105066007	2025-12-31	38 	128 430			https://www.ap4.se/en/reports/holdings/
AP4	ECOENER SA	ES	ES0105548004	2025-12-31	38 	700 000			https://www.ap4.se/en/reports/holdings/
AP4	EDP RENOVAVEIS SA	ES	ES0127797019	2025-12-31	18 	141 421			https://www.ap4.se/en/reports/holdings/
AP4	ENDESA SA	ES	ES0130670112	2025-12-31	221 	665 889			https://www.ap4.se/en/reports/holdings/
AP4	GRENERGY RENOVABLES	ES	ES0105079000	2025-12-31	131 	140 000			https://www.ap4.se/en/reports/holdings/
AP4	GRIFOLS SA	ES	ES0171996087	2025-12-31	8 	68 013			https://www.ap4.se/en/reports/holdings/
AP4	IBERDROLA SA	ES	ES0144580Y14	2025-12-31	749 	3 748 948			https://www.ap4.se/en/reports/holdings/
AP4	INDUSTRIA DE DISENO TEXTIL	ES	ES0148396007	2025-12-31	279 	456 914			https://www.ap4.se/en/reports/holdings/
AP4	MAPFRE SA	ES	ES0124244E34	2025-12-31	16 	335 651			https://www.ap4.se/en/reports/holdings/
AP4	REDEIA CORP SA	ES	ES0173093024	2025-12-31	126 	769 228			https://www.ap4.se/en/reports/holdings/
AP4	REPSOL SA	ES	ES0173516115	2025-12-31	223 	1 291 924			https://www.ap4.se/en/reports/holdings/
AP4	TELEFONICA SA	ES	ES0178430E18	2025-12-31	20 	525 111			https://www.ap4.se/en/reports/holdings/
AP4	AIFORIA TECHNOLOGIES OYJ	FI	FI4000507934	2025-12-31	20 	727 385			https://www.ap4.se/en/reports/holdings/
AP4	ELISA OYJ	FI	FI0009007884	2025-12-31	65 	158 505			https://www.ap4.se/en/reports/holdings/
AP4	FARON PHARMACEUTICALS OY	FI	FI4000153309	2025-12-31	74 	3 292 247			https://www.ap4.se/en/reports/holdings/
AP4	FORTUM OYJ	FI	FI0009007132	2025-12-31	39 	197 480			https://www.ap4.se/en/reports/holdings/
AP4	KESKO OYJ-B SHS	FI	FI0009000202	2025-12-31	14 	68 706			https://www.ap4.se/en/reports/holdings/
AP4	KONE OYJ-B	FI	FI0009013403	2025-12-31	105 	160 841			https://www.ap4.se/en/reports/holdings/
AP4	METSO CORP	FI	FI0009014575	2025-12-31	32 	194 400			https://www.ap4.se/en/reports/holdings/
AP4	NANOFORM FINLAND PLC	FI	FI4000330972	2025-12-31	51 	4 075 000			https://www.ap4.se/en/reports/holdings/
AP4	NESTE OYJ	FI	FI0009013296	2025-12-31	116 	550 000			https://www.ap4.se/en/reports/holdings/
AP4	NOKIA OYJ	FI	FI0009000681	2025-12-31	71 	1 184 460			https://www.ap4.se/en/reports/holdings/
AP4	NORDEA BANK ABP	FI	FI4000297767	2025-12-31	156 	897 822			https://www.ap4.se/en/reports/holdings/
AP4	NORDHEALTH AS - A	FI	NO0011002651	2025-12-31	111 	3 270 000			https://www.ap4.se/en/reports/holdings/
AP4	ORION OYJ-CLASS B	FI	FI0009014377	2025-12-31	31 	44 938			https://www.ap4.se/en/reports/holdings/
AP4	PUUILO OYJ	FI	FI4000507124	2025-12-31	23 	170 000			https://www.ap4.se/en/reports/holdings/
AP4	SAMPO OYJ-A SHS	FI	FI4000552500	2025-12-31	173 	1 549 027			https://www.ap4.se/en/reports/holdings/
AP4	STORA ENSO OYJ-R SHS	FI	FI0009005961	2025-12-31	4 	34 825			https://www.ap4.se/en/reports/holdings/
AP4	UPM-KYMMENE OYJ	FI	FI0009005987	2025-12-31	5 	19 071			https://www.ap4.se/en/reports/holdings/
AP4	WARTSILA OYJ ABP	FI	FI0009003727	2025-12-31	54 	163 631			https://www.ap4.se/en/reports/holdings/
AP4	ACCOR SA	FR	FR0000120404	2025-12-31	6 	12 354			https://www.ap4.se/en/reports/holdings/
AP4	AIR LIQUIDE SA	FR	FR0000120073	2025-12-31	192 	110 634			https://www.ap4.se/en/reports/holdings/
AP4	ALSTOM	FR	FR0010220475	2025-12-31	24 	87 569			https://www.ap4.se/en/reports/holdings/
AP4	AMUNDI SA	FR	FR0004125920	2025-12-31	2 	2 432			https://www.ap4.se/en/reports/holdings/
AP4	AXA SA	FR	FR0000120628	2025-12-31	104 	234 137			https://www.ap4.se/en/reports/holdings/
AP4	BIOMERIEUX	FR	FR0013280286	2025-12-31	2 	1 652			https://www.ap4.se/en/reports/holdings/
AP4	BNP PARIBAS	FR	FR0000131104	2025-12-31	138 	157 879			https://www.ap4.se/en/reports/holdings/
AP4	BOUYGUES SA	FR	FR0000120503	2025-12-31	11 	22 210			https://www.ap4.se/en/reports/holdings/
AP4	BUREAU VERITAS SA	FR	FR0006174348	2025-12-31	41 	138 295			https://www.ap4.se/en/reports/holdings/
AP4	CAPGEMINI SE	FR	FR0000125338	2025-12-31	50 	32 380			https://www.ap4.se/en/reports/holdings/
AP4	CARREFOUR SA	FR	FR0000120172	2025-12-31	21 	137 940			https://www.ap4.se/en/reports/holdings/
AP4	COMPAGNIE DE SAINT GOBAIN	FR	FR0000125007	2025-12-31	68 	72 124			https://www.ap4.se/en/reports/holdings/
AP4	CREDIT AGRICOLE SA	FR	FR0000045072	2025-12-31	17 	90 471			https://www.ap4.se/en/reports/holdings/
AP4	DANONE	FR	FR0000120644	2025-12-31	118 	142 235			https://www.ap4.se/en/reports/holdings/
AP4	DASSAULT SYSTEMES SE	FR	FR0014004L86	2025-12-31	83 	321 249			https://www.ap4.se/en/reports/holdings/
AP4	DATADOG INC - CLASS A	FR	FR0014003TT8	2025-12-31	65 	51 911			https://www.ap4.se/en/reports/holdings/
AP4	EDENRED	FR	FR0010908533	2025-12-31	11 	54 617			https://www.ap4.se/en/reports/holdings/
AP4	EIFFAGE	FR	FR0000130452	2025-12-31	11 	8 074			https://www.ap4.se/en/reports/holdings/
AP4	ENGIE	FR	FR0010208488	2025-12-31	500 	2 059 135			https://www.ap4.se/en/reports/holdings/
AP4	ESSILORLUXOTTICA	FR	FR0000121667	2025-12-31	142 	48 739			https://www.ap4.se/en/reports/holdings/
AP4	EXOSENS SAS	FR	FR001400Q9V2	2025-12-31	29 	55 000			https://www.ap4.se/en/reports/holdings/
AP4	FDJ UNITED	FR	FR0013451333	2025-12-31	7 	28 948			https://www.ap4.se/en/reports/holdings/
AP4	GETLINK SE	FR	FR0010533075	2025-12-31	21 	120 692			https://www.ap4.se/en/reports/holdings/
AP4	HERMES INTERNATIONAL	FR	FR0000052292	2025-12-31	190 	8 251			https://www.ap4.se/en/reports/holdings/
AP4	IPSEN	FR	FR0010259150	2025-12-31	21 	16 509			https://www.ap4.se/en/reports/holdings/
AP4	KERING	FR	FR0000121485	2025-12-31	52 	15 861			https://www.ap4.se/en/reports/holdings/
AP4	LEGRAND SA	FR	FR0010307819	2025-12-31	127 	91 961			https://www.ap4.se/en/reports/holdings/
AP4	L'OREAL	FR	FR0000120321	2025-12-31	279 	70 187			https://www.ap4.se/en/reports/holdings/
AP4	LVMH MOET HENNESSY LOUIS VUI	FR	FR0000121014	2025-12-31	291 	41 625			https://www.ap4.se/en/reports/holdings/
AP4	NEXANS SA	FR	FR0000044448	2025-12-31	34 	25 000			https://www.ap4.se/en/reports/holdings/
AP4	ORANGE	FR	FR0000133308	2025-12-31	186 	1 209 248			https://www.ap4.se/en/reports/holdings/
AP4	PERNOD RICARD SA	FR	FR0000120693	2025-12-31	28 	35 620			https://www.ap4.se/en/reports/holdings/
AP4	PUBLICIS GROUPE	FR	FR0000130577	2025-12-31	53 	54 907			https://www.ap4.se/en/reports/holdings/
AP4	RENAULT SA	FR	FR0000131906	2025-12-31	4 	9 697			https://www.ap4.se/en/reports/holdings/
AP4	REXEL SA	FR	FR0010451203	2025-12-31	21 	57 954			https://www.ap4.se/en/reports/holdings/
AP4	SANOFI	FR	FR0000120578	2025-12-31	230 	256 644			https://www.ap4.se/en/reports/holdings/
AP4	SARTORIUS STEDIM BIOTECH	FR	FR0013154002	2025-12-31	9 	4 147			https://www.ap4.se/en/reports/holdings/
AP4	SCHNEIDER ELECTRIC SE	FR	FR0000121972	2025-12-31	273 	107 235			https://www.ap4.se/en/reports/holdings/
AP4	SOCIETE GENERALE SA	FR	FR0000130809	2025-12-31	106 	142 315			https://www.ap4.se/en/reports/holdings/
AP4	SODEXO SA	FR	FR0000121220	2025-12-31	5 	10 864			https://www.ap4.se/en/reports/holdings/
AP4	SOPRA STERIA GROUP	FR	FR0000050809	2025-12-31	13 	7 500			https://www.ap4.se/en/reports/holdings/
AP4	TECHNIP ENERGIES NV	FR	NL0014559478	2025-12-31	253 	720 000			https://www.ap4.se/en/reports/holdings/
AP4	TOTALENERGIES SE	FR	FR0000120271	2025-12-31	454 	754 665			https://www.ap4.se/en/reports/holdings/
AP4	VEOLIA ENVIRONNEMENT	FR	FR0000124141	2025-12-31	63 	196 359			https://www.ap4.se/en/reports/holdings/
AP4	VINCI SA	FR	FR0000125486	2025-12-31	95 	72 999			https://www.ap4.se/en/reports/holdings/
AP4	3I GROUP PLC	GB	GB00B1YW4409	2025-12-31	118 	291 601			https://www.ap4.se/en/reports/holdings/
AP4	ADMIRAL GROUP PLC	GB	GB00B02J6398	2025-12-31	39 	99 683			https://www.ap4.se/en/reports/holdings/
AP4	ANGLO AMERICAN PLC	GB	GB00BTK05J60	2025-12-31	36 	93 351			https://www.ap4.se/en/reports/holdings/
AP4	AON PLC-CLASS A	GB	IE00BLP1HW54	2025-12-31	200 	61 365			https://www.ap4.se/en/reports/holdings/
AP4	ASHTEAD GROUP PLC	GB	GB0000536739	2025-12-31	66 	103 942			https://www.ap4.se/en/reports/holdings/
AP4	ASSOCIATED BRITISH FOODS PLC	GB	GB0006731235	2025-12-31	9 	35 463			https://www.ap4.se/en/reports/holdings/
AP4	ASTRAZENECA PLC	GB	GB0009895292	2025-12-31	3 264 	1 914 270			https://www.ap4.se/en/reports/holdings/
AP4	AUTO TRADER GROUP PLC	GB	GB00BVYVFW23	2025-12-31	35 	478 637			https://www.ap4.se/en/reports/holdings/
AP4	BARCLAYS PLC	GB	GB0031348658	2025-12-31	181 	3 067 096			https://www.ap4.se/en/reports/holdings/
AP4	BARRATT REDROW PLC	GB	GB0000811801	2025-12-31	10 	203 732			https://www.ap4.se/en/reports/holdings/
AP4	BUNZL PLC	GB	GB00B0744B38	2025-12-31	11 	43 530			https://www.ap4.se/en/reports/holdings/
AP4	CENTRICA PLC	GB	GB00B033F229	2025-12-31	146 	6 966 101			https://www.ap4.se/en/reports/holdings/
AP4	CNH INDUSTRIAL NV	GB	NL0010545661	2025-12-31	16 	190 883			https://www.ap4.se/en/reports/holdings/
AP4	COCA-COLA EUROPACIFIC PARTNE	GB	GB00BDCPN049	2025-12-31	36 	43 038			https://www.ap4.se/en/reports/holdings/
AP4	COMPASS GROUP PLC	GB	GB00BD6K4575	2025-12-31	205 	698 417			https://www.ap4.se/en/reports/holdings/
AP4	DIAGEO PLC	GB	GB0002374006	2025-12-31	104 	521 372			https://www.ap4.se/en/reports/holdings/
AP4	ENTAIN PLC	GB	IM00B5VQMV65	2025-12-31	11 	114 229			https://www.ap4.se/en/reports/holdings/
AP4	GSK PLC	GB	GB00BN7SWP63	2025-12-31	301 	1 328 579			https://www.ap4.se/en/reports/holdings/
AP4	HALEON PLC	GB	GB00BMX86B70	2025-12-31	92 	1 989 482			https://www.ap4.se/en/reports/holdings/
AP4	HALMA PLC	GB	GB0004052071	2025-12-31	73 	166 306			https://www.ap4.se/en/reports/holdings/
AP4	HIKMA PHARMACEUTICALS PLC	GB	GB00B0LCW083	2025-12-31	1 	7 620			https://www.ap4.se/en/reports/holdings/
AP4	HSBC HOLDINGS PLC	GB	GB0005405286	2025-12-31	523 	3 590 825			https://www.ap4.se/en/reports/holdings/
AP4	INFORMA PLC	GB	GB00BMJ6DW54	2025-12-31	41 	373 511			https://www.ap4.se/en/reports/holdings/
AP4	INTERTEK GROUP PLC	GB	GB0031638363	2025-12-31	31 	53 719			https://www.ap4.se/en/reports/holdings/
AP4	KINGFISHER PLC	GB	GB0033195214	2025-12-31	12 	302 804			https://www.ap4.se/en/reports/holdings/
AP4	LEGAL & GENERAL GROUP PLC	GB	GB0005603997	2025-12-31	8 	261 332			https://www.ap4.se/en/reports/holdings/
AP4	LLOYDS BANKING GROUP PLC	GB	GB0008706128	2025-12-31	163 	13 372 557			https://www.ap4.se/en/reports/holdings/
AP4	LONDON STOCK EXCHANGE GROUP	GB	GB00B0SWJX34	2025-12-31	119 	106 829			https://www.ap4.se/en/reports/holdings/
AP4	M&G PLC	GB	GB00BKFB1C65	2025-12-31	5 	148 645			https://www.ap4.se/en/reports/holdings/
AP4	MARKS & SPENCER GROUP PLC	GB	GB0031274896	2025-12-31	17 	423 630			https://www.ap4.se/en/reports/holdings/
AP4	MELROSE INDUSTRIES PLC	GB	GB00BNGDN821	2025-12-31	7 	101 807			https://www.ap4.se/en/reports/holdings/
AP4	NATWEST GROUP PLC	GB	GB00BM8PJY71	2025-12-31	156 	1 928 462			https://www.ap4.se/en/reports/holdings/
AP4	NEXT PLC	GB	GB0032089863	2025-12-31	76 	45 085			https://www.ap4.se/en/reports/holdings/
AP4	PEARSON PLC	GB	GB0006776081	2025-12-31	33 	256 786			https://www.ap4.se/en/reports/holdings/
AP4	PENTAIR PLC	GB	IE00BLS09M33	2025-12-31	38 	40 081			https://www.ap4.se/en/reports/holdings/
AP4	PHOENIX GROUP HOLDINGS PLC	GB	GB00BGXQNP29	2025-12-31	9 	93 183			https://www.ap4.se/en/reports/holdings/
AP4	RECKITT BENCKISER GROUP PLC	GB	GB00B24CGK77	2025-12-31	147 	197 149			https://www.ap4.se/en/reports/holdings/
AP4	RELX PLC	GB	GB00B2B0DG97	2025-12-31	244 	651 803			https://www.ap4.se/en/reports/holdings/
AP4	RENTOKIL INITIAL PLC	GB	GB00B082RF11	2025-12-31	24 	429 399			https://www.ap4.se/en/reports/holdings/
AP4	RIO TINTO PLC	GB	GB0007188757	2025-12-31	65 	88 000			https://www.ap4.se/en/reports/holdings/
AP4	SAGE GROUP PLC/THE	GB	GB00B8C3BL03	2025-12-31	66 	494 325			https://www.ap4.se/en/reports/holdings/
AP4	PLC	GB	GB00B019KW72	2025-12-31	8 	196 500			https://www.ap4.se/en/reports/holdings/
AP4	SCHRODERS PLC	GB	GB00BP9LHF23	2025-12-31	3 	50 690			https://www.ap4.se/en/reports/holdings/
AP4	SEVERN TRENT PLC	GB	GB00B1FH8J72	2025-12-31	65 	188 167			https://www.ap4.se/en/reports/holdings/
AP4	SHELL PLC	GB	GB00BP6MXD84	2025-12-31	515 	1 516 473			https://www.ap4.se/en/reports/holdings/
AP4	SMITHS GROUP PLC	GB	GB00B1WY2338	2025-12-31	46 	158 811			https://www.ap4.se/en/reports/holdings/
AP4	SPIRAX GROUP PLC	GB	GB00BWFGQN14	2025-12-31	17 	20 540			https://www.ap4.se/en/reports/holdings/
AP4	SSE PLC	GB	GB0007908733	2025-12-31	91 	337 248			https://www.ap4.se/en/reports/holdings/
AP4	STANDARD CHARTERED PLC	GB	GB0004082847	2025-12-31	96 	426 158			https://www.ap4.se/en/reports/holdings/
AP4	TESCO PLC	GB	GB00BLGZ9862	2025-12-31	67 	1 226 430			https://www.ap4.se/en/reports/holdings/
AP4	UNILEVER PLC	GB	GB00BVZK7T90	2025-12-31	428 	709 787			https://www.ap4.se/en/reports/holdings/
AP4	VERISURE PLC	GB	GB00BVMN1558	2025-12-31	909 	6 000 000			https://www.ap4.se/en/reports/holdings/
AP4	VODAFONE GROUP PLC	GB	GB00BH4HKS39	2025-12-31	73 	5 951 896			https://www.ap4.se/en/reports/holdings/
AP4	WHITBREAD PLC	GB	GB00B1KJJ408	2025-12-31	11 	36 082			https://www.ap4.se/en/reports/holdings/
AP4	WILLIS TOWERS WATSON PLC	GB	IE00BDB6Q211	2025-12-31	113 	37 328			https://www.ap4.se/en/reports/holdings/
AP4	WISE PLC - A	GB	GB00BL9YR756	2025-12-31	19 	168 862			https://www.ap4.se/en/reports/holdings/
AP4	AIA GROUP LTD	HK	HK0000069689	2025-12-31	222 	2 344 116			https://www.ap4.se/en/reports/holdings/
AP4	BOC HONG KONG HOLDINGS LTD	HK	HK2388011192	2025-12-31	107 	2 282 062			https://www.ap4.se/en/reports/holdings/
AP4	CK ASSET HOLDINGS LTD	HK	KYG2177B1014	2025-12-31	23 	484 401			https://www.ap4.se/en/reports/holdings/
AP4	CK HUTCHISON HOLDINGS LTD	HK	KYG217651051	2025-12-31	25 	400 223			https://www.ap4.se/en/reports/holdings/
AP4	FUTU HOLDINGS LTD-ADR	HK	US36118L1061	2025-12-31	29 	19 198			https://www.ap4.se/en/reports/holdings/
AP4	GALAXY ENTERTAINMENT GROUP L	HK	HK0027032686	2025-12-31	28 	613 000			https://www.ap4.se/en/reports/holdings/
AP4	HANG SENG BANK LTD	HK	HK0011000095	2025-12-31	68 	375 998			https://www.ap4.se/en/reports/holdings/
AP4	HENDERSON LAND DEVELOPMENT	HK	HK0012000102	2025-12-31	16 	476 439			https://www.ap4.se/en/reports/holdings/
AP4	HKT TRUST AND HKT LTD-SS	HK	HK0000093390	2025-12-31	48 	3 493 453			https://www.ap4.se/en/reports/holdings/
AP4	HONG KONG EXCHANGES & CLEAR	HK	HK0388045442	2025-12-31	194 	401 539			https://www.ap4.se/en/reports/holdings/
AP4	HONGKONG LAND HOLDINGS LTD	HK	BMG4587L1090	2025-12-31	10 	151 800			https://www.ap4.se/en/reports/holdings/
AP4	MTR CORP	HK	HK0066009694	2025-12-31	13 	373 500			https://www.ap4.se/en/reports/holdings/
AP4	PRUDENTIAL PLC	HK	GB0007099541	2025-12-31	122 	859 942			https://www.ap4.se/en/reports/holdings/
AP4	SINO LAND CO	HK	HK0083000502	2025-12-31	14 	1 193 517			https://www.ap4.se/en/reports/holdings/
AP4	SITC INTERNATIONAL HOLDINGS	HK	KYG8187G1055	2025-12-31	1 	42 000			https://www.ap4.se/en/reports/holdings/
AP4	SUN HUNG KAI PROPERTIES	HK	HK0016000132	2025-12-31	47 	415 530			https://www.ap4.se/en/reports/holdings/
AP4	SWIRE PACIFIC LTD - CL A	HK	HK0019000162	2025-12-31	18 	239 658			https://www.ap4.se/en/reports/holdings/
AP4	TECHTRONIC INDUSTRIES CO LTD	HK	HK0669013440	2025-12-31	51 	475 050			https://www.ap4.se/en/reports/holdings/
AP4	WH GROUP LTD	HK	KYG960071028	2025-12-31	16 	1 590 500			https://www.ap4.se/en/reports/holdings/
AP4	WHARF HOLDINGS LTD	HK	HK0004000045	2025-12-31	18 	710 000			https://www.ap4.se/en/reports/holdings/
AP4	WHARF REAL ESTATE INVESTMENT	HK	KYG9593A1040	2025-12-31	12 	426 000			https://www.ap4.se/en/reports/holdings/
AP4	ACCENTURE PLC-CL A	IE	IE00B4BNMY34	2025-12-31	503 	203 523			https://www.ap4.se/en/reports/holdings/
AP4	AERCAP HOLDINGS NV	IE	NL0000687663	2025-12-31	40 	30 091			https://www.ap4.se/en/reports/holdings/
AP4	AIB GROUP PLC	IE	IE00BF0L3536	2025-12-31	81 	811 531			https://www.ap4.se/en/reports/holdings/
AP4	ALLEGION PLC	IE	IE00BFRT3W74	2025-12-31	27 	18 132			https://www.ap4.se/en/reports/holdings/
AP4	APTIV PLC	IE	JE00BTDN8H13	2025-12-31	123 	175 259			https://www.ap4.se/en/reports/holdings/
AP4	BANK OF IRELAND GROUP PLC	IE	IE00BD1RP616	2025-12-31	42 	234 953			https://www.ap4.se/en/reports/holdings/
AP4	CRH PLC	IE	IE0001827041	2025-12-31	117 	101 400			https://www.ap4.se/en/reports/holdings/
AP4	EATON CORP PLC	IE	IE00B8KQN827	2025-12-31	249 	84 825			https://www.ap4.se/en/reports/holdings/
AP4	EXPERIAN PLC	IE	GB00B19NLV48	2025-12-31	119 	286 418			https://www.ap4.se/en/reports/holdings/
AP4	KERRY GROUP PLC-A	IE	IE0004906560	2025-12-31	13 	15 190			https://www.ap4.se/en/reports/holdings/
AP4	KINGSPAN GROUP PLC	IE	IE0004927939	2025-12-31	40 	50 099			https://www.ap4.se/en/reports/holdings/
AP4	MEDTRONIC PLC	IE	IE00BTN1Y115	2025-12-31	165 	185 779			https://www.ap4.se/en/reports/holdings/
AP4	RYANAIR HOLDINGS PLC	IE	IE00BYTBXV33	2025-12-31	4 	11 203			https://www.ap4.se/en/reports/holdings/
AP4	SMURFIT WESTROCK PLC	IE	IE00028FXN24	2025-12-31	4 	12 300			https://www.ap4.se/en/reports/holdings/
AP4	TE CONNECTIVITY PLC	IE	IE000IVNQZ81	2025-12-31	138 	65 778			https://www.ap4.se/en/reports/holdings/
AP4	TRANE TECHNOLOGIES PLC	IE	IE00BK9ZQ967	2025-12-31	230 	64 223			https://www.ap4.se/en/reports/holdings/
AP4	CHECK POINT SOFTWARE TECH	IL	IL0010824113	2025-12-31	129 	75 453			https://www.ap4.se/en/reports/holdings/
AP4	CYBERARK SOFTWARE LTD/ISRAEL	IL	IL0011334468	2025-12-31	91 	22 043			https://www.ap4.se/en/reports/holdings/
AP4	GLOBAL-E ONLINE LTD	IL	IL0011741688	2025-12-31	0 	46			https://www.ap4.se/en/reports/holdings/
AP4	COM LTD	IL	IL0011762130	2025-12-31	15 	11 121			https://www.ap4.se/en/reports/holdings/
AP4	TEVA PHARMACEUTICAL-SP ADR	IL	US8816242098	2025-12-31	92 	318 743			https://www.ap4.se/en/reports/holdings/
AP4	COM LTD	IL	IL0011301780	2025-12-31	26 	27 186			https://www.ap4.se/en/reports/holdings/
AP4	BANCA MEDIOLANUM SPA	IT	IT0004776628	2025-12-31	3 	15 782			https://www.ap4.se/en/reports/holdings/
AP4	BANCA MONTE DEI PASCHI SIENA	IT	IT0005508921	2025-12-31	36 	369 005			https://www.ap4.se/en/reports/holdings/
AP4	BANCO BPM SPA	IT	IT0005218380	2025-12-31	35 	250 512			https://www.ap4.se/en/reports/holdings/
AP4	BPER BANCA SPA	IT	IT0000066123	2025-12-31	41 	323 935			https://www.ap4.se/en/reports/holdings/
AP4	DBS GROUP HOLDINGS LTD	IT	NL0015435975	2025-12-31	229 	567 286			https://www.ap4.se/en/reports/holdings/
AP4	ENEL SPA	IT	IT0003128367	2025-12-31	291 	3 031 290			https://www.ap4.se/en/reports/holdings/
AP4	ENI SPA	IT	IT0003132476	2025-12-31	237 	1 357 307			https://www.ap4.se/en/reports/holdings/
AP4	FERRARI NV	IT	NL0011585146	2025-12-31	242 	70 159			https://www.ap4.se/en/reports/holdings/
AP4	FINECOBANK SPA	IT	IT0000072170	2025-12-31	27 	110 523			https://www.ap4.se/en/reports/holdings/
AP4	GENERALI	IT	IT0000062072	2025-12-31	50 	128 514			https://www.ap4.se/en/reports/holdings/
AP4	INFRASTRUTTURE WIRELESS ITAL	IT	IT0005090300	2025-12-31	7 	87 819			https://www.ap4.se/en/reports/holdings/
AP4	INTESA SANPAOLO	IT	IT0000072618	2025-12-31	147 	2 299 080			https://www.ap4.se/en/reports/holdings/
AP4	ITALGAS SPA	IT	IT0005211237	2025-12-31	63 	615 000			https://www.ap4.se/en/reports/holdings/
AP4	MONCLER SPA	IT	IT0004965148	2025-12-31	40 	66 904			https://www.ap4.se/en/reports/holdings/
AP4	NEXI SPA	IT	IT0005366767	2025-12-31	4 	94 732			https://www.ap4.se/en/reports/holdings/
AP4	POSTE ITALIANE SPA	IT	IT0003796171	2025-12-31	18 	77 088			https://www.ap4.se/en/reports/holdings/
AP4	PRYSMIAN SPA	IT	IT0004176001	2025-12-31	63 	67 303			https://www.ap4.se/en/reports/holdings/
AP4	RECORDATI INDUSTRIA CHIMICA	IT	IT0003828271	2025-12-31	12 	22 329			https://www.ap4.se/en/reports/holdings/
AP4	TECHNOGYM SPA	IT	IT0005162406	2025-12-31	33 	190 000			https://www.ap4.se/en/reports/holdings/
AP4	TELECOM ITALIA SPA	IT	IT0003497168	2025-12-31	11 	1 919 485			https://www.ap4.se/en/reports/holdings/
AP4	TERNA-RETE ELETTRICA NAZIONA	IT	IT0003242622	2025-12-31	218 	2 219 464			https://www.ap4.se/en/reports/holdings/
AP4	UNICREDIT SPA	IT	IT0005239360	2025-12-31	185 	240 821			https://www.ap4.se/en/reports/holdings/
AP4	UNIPOL ASSICURAZIONI SPA	IT	IT0004810054	2025-12-31	26 	115 089			https://www.ap4.se/en/reports/holdings/
AP4	ADVANTEST CORP	JP	JP3122400009	2025-12-31	288 	249 636			https://www.ap4.se/en/reports/holdings/
AP4	AEON CO LTD	JP	JP3388200002	2025-12-31	69 	474 600			https://www.ap4.se/en/reports/holdings/
AP4	AGC INC	JP	JP3112000009	2025-12-31	29 	95 300			https://www.ap4.se/en/reports/holdings/
AP4	AISIN CORP	JP	JP3102000001	2025-12-31	13 	73 500			https://www.ap4.se/en/reports/holdings/
AP4	AJINOMOTO CO INC	JP	JP3119600009	2025-12-31	34 	171 858			https://www.ap4.se/en/reports/holdings/
AP4	ANA HOLDINGS INC	JP	JP3429800000	2025-12-31	2 	11 400			https://www.ap4.se/en/reports/holdings/
AP4	ASAHI GROUP HOLDINGS LTD	JP	JP3116000005	2025-12-31	38 	398 814			https://www.ap4.se/en/reports/holdings/
AP4	ASAHI KASEI CORP	JP	JP3111200006	2025-12-31	96 	1 175 000			https://www.ap4.se/en/reports/holdings/
AP4	ASICS CORP	JP	JP3118000003	2025-12-31	45 	202 700			https://www.ap4.se/en/reports/holdings/
AP4	ASTELLAS PHARMA INC	JP	JP3942400007	2025-12-31	98 	794 260			https://www.ap4.se/en/reports/holdings/
AP4	BANDAI NAMCO HOLDINGS INC	JP	JP3778630008	2025-12-31	45 	185 360			https://www.ap4.se/en/reports/holdings/
AP4	BRIDGESTONE CORP	JP	JP3830800003	2025-12-31	104 	502 390			https://www.ap4.se/en/reports/holdings/
AP4	CANON INC	JP	JP3242800005	2025-12-31	151 	553 854			https://www.ap4.se/en/reports/holdings/
AP4	CAPCOM CO LTD	JP	JP3218900003	2025-12-31	21 	97 043			https://www.ap4.se/en/reports/holdings/
AP4	CENTRAL JAPAN RAILWAY CO	JP	JP3566800003	2025-12-31	148 	578 500			https://www.ap4.se/en/reports/holdings/
AP4	CHIBA BANK LTD/THE	JP	JP3511800009	2025-12-31	14 	139 300			https://www.ap4.se/en/reports/holdings/
AP4	CHUGAI PHARMACEUTICAL CO LTD	JP	JP3519400000	2025-12-31	103 	211 804			https://www.ap4.se/en/reports/holdings/
AP4	DAI NIPPON PRINTING CO LTD	JP	JP3493800001	2025-12-31	13 	82 600			https://www.ap4.se/en/reports/holdings/
AP4	DAIFUKU CO LTD	JP	JP3497400006	2025-12-31	32 	112 080			https://www.ap4.se/en/reports/holdings/
AP4	DAI-ICHI LIFE HOLDINGS INC	JP	JP3476480003	2025-12-31	60 	785 784			https://www.ap4.se/en/reports/holdings/
AP4	DAIICHI SANKYO CO LTD	JP	JP3475350009	2025-12-31	104 	529 740			https://www.ap4.se/en/reports/holdings/
AP4	DAIKIN INDUSTRIES LTD	JP	JP3481800005	2025-12-31	78 	65 960			https://www.ap4.se/en/reports/holdings/
AP4	DAITO TRUST CONSTRUCT CO LTD	JP	JP3486800000	2025-12-31	10 	54 655			https://www.ap4.se/en/reports/holdings/
AP4	DAIWA HOUSE INDUSTRY CO LTD	JP	JP3505000004	2025-12-31	40 	130 400			https://www.ap4.se/en/reports/holdings/
AP4	DAIWA SECURITIES GROUP INC	JP	JP3502200003	2025-12-31	13 	167 133			https://www.ap4.se/en/reports/holdings/
AP4	DENSO CORP	JP	JP3551500006	2025-12-31	21 	165 592			https://www.ap4.se/en/reports/holdings/
AP4	DENTSU GROUP INC	JP	JP3551520004	2025-12-31	0 	8			https://www.ap4.se/en/reports/holdings/
AP4	DISCO CORP	JP	JP3548600000	2025-12-31	82 	28 978			https://www.ap4.se/en/reports/holdings/
AP4	EAST JAPAN RAILWAY CO	JP	JP3783600004	2025-12-31	126 	519 100			https://www.ap4.se/en/reports/holdings/
AP4	EBARA CORP	JP	JP3166000004	2025-12-31	24 	110 300			https://www.ap4.se/en/reports/holdings/
AP4	EISAI CO LTD	JP	JP3160400002	2025-12-31	20 	74 030			https://www.ap4.se/en/reports/holdings/
AP4	FANUC CORP	JP	JP3802400006	2025-12-31	84 	234 765			https://www.ap4.se/en/reports/holdings/
AP4	FAST RETAILING CO LTD	JP	JP3802300008	2025-12-31	191 	56 935			https://www.ap4.se/en/reports/holdings/
AP4	FUJIFILM HOLDINGS CORP	JP	JP3814000000	2025-12-31	122 	618 369			https://www.ap4.se/en/reports/holdings/
AP4	FUJIKURA LTD	JP	JP3811000003	2025-12-31	81 	78 900			https://www.ap4.se/en/reports/holdings/
AP4	FUJITSU LIMITED	JP	JP3818000006	2025-12-31	162 	634 400			https://www.ap4.se/en/reports/holdings/
AP4	HANKYU HANSHIN HOLDINGS INC	JP	JP3774200004	2025-12-31	26 	110 000			https://www.ap4.se/en/reports/holdings/
AP4	HIKARI TSUSHIN INC	JP	JP3783420007	2025-12-31	3 	1 190			https://www.ap4.se/en/reports/holdings/
AP4	HITACHI LTD	JP	JP3788600009	2025-12-31	288 	1 000 000			https://www.ap4.se/en/reports/holdings/
AP4	HONDA MOTOR CO LTD	JP	JP3854600008	2025-12-31	127 	1 402 379			https://www.ap4.se/en/reports/holdings/
AP4	HOYA CORP	JP	JP3837800006	2025-12-31	146 	104 983			https://www.ap4.se/en/reports/holdings/
AP4	HULIC CO LTD	JP	JP3360800001	2025-12-31	15 	153 011			https://www.ap4.se/en/reports/holdings/
AP4	IHI CORP	JP	JP3134800006	2025-12-31	41 	253 778			https://www.ap4.se/en/reports/holdings/
AP4	ISUZU MOTORS LTD	JP	JP3137200006	2025-12-31	4 	31 339			https://www.ap4.se/en/reports/holdings/
AP4	ITOCHU CORP	JP	JP3143600009	2025-12-31	151 	1 301 915			https://www.ap4.se/en/reports/holdings/
AP4	JAPAN AIRLINES CO LTD	JP	JP3705200008	2025-12-31	4 	23 200			https://www.ap4.se/en/reports/holdings/
AP4	JAPAN EXCHANGE GROUP INC	JP	JP3183200009	2025-12-31	41 	417 819			https://www.ap4.se/en/reports/holdings/
AP4	JAPAN POST BANK CO LTD	JP	JP3946750001	2025-12-31	81 	620 058			https://www.ap4.se/en/reports/holdings/
AP4	JAPAN POST HOLDINGS CO LTD	JP	JP3752900005	2025-12-31	35 	363 072			https://www.ap4.se/en/reports/holdings/
AP4	JAPAN POST INSURANCE CO LTD	JP	JP3233250004	2025-12-31	15 	53 223			https://www.ap4.se/en/reports/holdings/
AP4	JFE HOLDINGS INC	JP	JP3386030005	2025-12-31	90 	764 600			https://www.ap4.se/en/reports/holdings/
AP4	KAJIMA CORP	JP	JP3210200006	2025-12-31	27 	79 940			https://www.ap4.se/en/reports/holdings/
AP4	KAO CORP	JP	JP3205800000	2025-12-31	50 	136 243			https://www.ap4.se/en/reports/holdings/
AP4	KDDI CORP	JP	JP3496400007	2025-12-31	310 	1 943 409			https://www.ap4.se/en/reports/holdings/
AP4	KEYENCE CORP	JP	JP3236200006	2025-12-31	238 	71 466			https://www.ap4.se/en/reports/holdings/
AP4	KIKKOMAN CORP	JP	JP3240400006	2025-12-31	10 	116 915			https://www.ap4.se/en/reports/holdings/
AP4	KIOXIA HOLDINGS CORP	JP	JP3236330001	2025-12-31	21 	33 600			https://www.ap4.se/en/reports/holdings/
AP4	KIRIN HOLDINGS CO LTD	JP	JP3258000003	2025-12-31	44 	321 661			https://www.ap4.se/en/reports/holdings/
AP4	KOBE BUSSAN CO LTD	JP	JP3291200008	2025-12-31	13 	59 300			https://www.ap4.se/en/reports/holdings/
AP4	KOMATSU LTD	JP	JP3304200003	2025-12-31	71 	241 446			https://www.ap4.se/en/reports/holdings/
AP4	KONAMI GROUP CORP	JP	JP3300200007	2025-12-31	30 	24 000			https://www.ap4.se/en/reports/holdings/
AP4	KUBOTA CORP	JP	JP3266400005	2025-12-31	22 	166 731			https://www.ap4.se/en/reports/holdings/
AP4	KYOCERA CORP	JP	JP3249600002	2025-12-31	112 	864 300			https://www.ap4.se/en/reports/holdings/
AP4	KYOWA KIRIN CO LTD	JP	JP3256000005	2025-12-31	9 	61 946			https://www.ap4.se/en/reports/holdings/
AP4	LASERTEC CORP	JP	JP3979200007	2025-12-31	46 	26 600			https://www.ap4.se/en/reports/holdings/
AP4	LY CORP	JP	JP3933800009	2025-12-31	8 	307 000			https://www.ap4.se/en/reports/holdings/
AP4	M3 INC	JP	JP3435750009	2025-12-31	17 	134 770			https://www.ap4.se/en/reports/holdings/
AP4	MAKITA CORP	JP	JP3862400003	2025-12-31	31 	110 745			https://www.ap4.se/en/reports/holdings/
AP4	MARUBENI CORP	JP	JP3877600001	2025-12-31	79 	307 749			https://www.ap4.se/en/reports/holdings/
AP4	MATSUKIYOCOCOKARA & CO	JP	JP3869010003	2025-12-31	20 	124 400			https://www.ap4.se/en/reports/holdings/
AP4	MINEBEA MITSUMI INC	JP	JP3906000009	2025-12-31	10 	52 200			https://www.ap4.se/en/reports/holdings/
AP4	MITSUBISHI CORP	JP	JP3898400001	2025-12-31	143 	678 127			https://www.ap4.se/en/reports/holdings/
AP4	MITSUBISHI ELECTRIC CORP	JP	JP3902400005	2025-12-31	110 	408 037			https://www.ap4.se/en/reports/holdings/
AP4	MITSUBISHI ESTATE CO LTD	JP	JP3899600005	2025-12-31	56 	250 000			https://www.ap4.se/en/reports/holdings/
AP4	MITSUBISHI HC CAPITAL INC	JP	JP3499800005	2025-12-31	7 	86 800			https://www.ap4.se/en/reports/holdings/
AP4	MITSUBISHI HEAVY INDUSTRIES	JP	JP3900000005	2025-12-31	161 	713 363			https://www.ap4.se/en/reports/holdings/
AP4	MITSUBISHI UFJ FINANCIAL GRO	JP	JP3902900004	2025-12-31	359 	2 451 797			https://www.ap4.se/en/reports/holdings/
AP4	MITSUI & CO LTD	JP	JP3893600001	2025-12-31	149 	546 176			https://www.ap4.se/en/reports/holdings/
AP4	MITSUI FUDOSAN CO LTD	JP	JP3893200000	2025-12-31	64 	607 227			https://www.ap4.se/en/reports/holdings/
AP4	MIZUHO FINANCIAL GROUP INC	JP	JP3885780001	2025-12-31	179 	534 296			https://www.ap4.se/en/reports/holdings/
AP4	MONOTARO CO LTD	JP	JP3922950005	2025-12-31	5 	34 200			https://www.ap4.se/en/reports/holdings/
AP4	MS&AD INSURANCE GROUP HOLDIN	JP	JP3890310000	2025-12-31	90 	416 998			https://www.ap4.se/en/reports/holdings/
AP4	MURATA MANUFACTURING CO LTD	JP	JP3914400001	2025-12-31	71 	372 781			https://www.ap4.se/en/reports/holdings/
AP4	NEC CORP	JP	JP3733000008	2025-12-31	146 	467 595			https://www.ap4.se/en/reports/holdings/
AP4	NEXON CO LTD	JP	JP3758190007	2025-12-31	18 	81 760			https://www.ap4.se/en/reports/holdings/
AP4	NIDEC CORP	JP	JP3734800000	2025-12-31	22 	172 358			https://www.ap4.se/en/reports/holdings/
AP4	NINTENDO CO LTD	JP	JP3756600007	2025-12-31	211 	337 825			https://www.ap4.se/en/reports/holdings/
AP4	NIPPON YUSEN KK	JP	JP3753000003	2025-12-31	3 	8 900			https://www.ap4.se/en/reports/holdings/
AP4	NISSAN MOTOR CO LTD	JP	JP3672400003	2025-12-31	6 	249 940			https://www.ap4.se/en/reports/holdings/
AP4	NISSIN FOODS HOLDINGS CO LTD	JP	JP3675600005	2025-12-31	0 	500			https://www.ap4.se/en/reports/holdings/
AP4	NITORI HOLDINGS CO LTD	JP	JP3756100008	2025-12-31	8 	46 955			https://www.ap4.se/en/reports/holdings/
AP4	NOMURA HOLDINGS INC	JP	JP3762600009	2025-12-31	42 	548 700			https://www.ap4.se/en/reports/holdings/
AP4	NOMURA RESEARCH INSTITUTE LT	JP	JP3762800005	2025-12-31	109 	306 882			https://www.ap4.se/en/reports/holdings/
AP4	NTT INC	JP	JP3735400008	2025-12-31	208 	22 383 025			https://www.ap4.se/en/reports/holdings/
AP4	OBAYASHI CORP	JP	JP3190000004	2025-12-31	20 	105 400			https://www.ap4.se/en/reports/holdings/
AP4	OBIC CO LTD	JP	JP3173400007	2025-12-31	92 	316 600			https://www.ap4.se/en/reports/holdings/
AP4	OLYMPUS CORP	JP	JP3201200007	2025-12-31	26 	221 300			https://www.ap4.se/en/reports/holdings/
AP4	OMRON CORP	JP	JP3197800000	2025-12-31	0 	6			https://www.ap4.se/en/reports/holdings/
AP4	ONO PHARMACEUTICAL CO LTD	JP	JP3197600004	2025-12-31	0 	30			https://www.ap4.se/en/reports/holdings/
AP4	ORACLE CORP JAPAN	JP	JP3689500001	2025-12-31	35 	44 617			https://www.ap4.se/en/reports/holdings/
AP4	ORIENTAL LAND CO LTD	JP	JP3198900007	2025-12-31	82 	478 150			https://www.ap4.se/en/reports/holdings/
AP4	ORIX CORP	JP	JP3200450009	2025-12-31	60 	223 300			https://www.ap4.se/en/reports/holdings/
AP4	OTSUKA CORP	JP	JP3188200004	2025-12-31	37 	194 594			https://www.ap4.se/en/reports/holdings/
AP4	OTSUKA HOLDINGS CO LTD	JP	JP3188220002	2025-12-31	111 	211 900			https://www.ap4.se/en/reports/holdings/
AP4	PAN PACIFIC INTERNATIONAL HO	JP	JP3639650005	2025-12-31	42 	772 135			https://www.ap4.se/en/reports/holdings/
AP4	PANASONIC HOLDINGS CORP	JP	JP3866800000	2025-12-31	58 	483 490			https://www.ap4.se/en/reports/holdings/
AP4	RAKUTEN GROUP INC	JP	JP3967200001	2025-12-31	17 	280 200			https://www.ap4.se/en/reports/holdings/
AP4	RECRUIT HOLDINGS CO LTD	JP	JP3970300004	2025-12-31	235 	451 425			https://www.ap4.se/en/reports/holdings/
AP4	RENESAS ELECTRONICS CORP	JP	JP3164720009	2025-12-31	47 	371 300			https://www.ap4.se/en/reports/holdings/
AP4	RESONA HOLDINGS INC	JP	JP3500610005	2025-12-31	41 	461 250			https://www.ap4.se/en/reports/holdings/
AP4	RICOH CO LTD	JP	JP3973400009	2025-12-31	0 	22			https://www.ap4.se/en/reports/holdings/
AP4	RYOHIN KEIKAKU CO LTD	JP	JP3976300008	2025-12-31	20 	119 500			https://www.ap4.se/en/reports/holdings/
AP4	SANRIO CO LTD	JP	JP3343200006	2025-12-31	16 	53 761			https://www.ap4.se/en/reports/holdings/
AP4	SBI HOLDINGS INC	JP	JP3436120004	2025-12-31	19 	97 516			https://www.ap4.se/en/reports/holdings/
AP4	SCREEN HOLDINGS CO LTD	JP	JP3494600004	2025-12-31	20 	21 900			https://www.ap4.se/en/reports/holdings/
AP4	SECOM CO LTD	JP	JP3421800008	2025-12-31	119 	364 049			https://www.ap4.se/en/reports/holdings/
AP4	SEIBU HOLDINGS INC	JP	JP3417200007	2025-12-31	10 	39 300			https://www.ap4.se/en/reports/holdings/
AP4	SEKISUI CHEMICAL CO LTD	JP	JP3419400001	2025-12-31	32 	207 800			https://www.ap4.se/en/reports/holdings/
AP4	SEKISUI HOUSE LTD	JP	JP3420600003	2025-12-31	7 	34 500			https://www.ap4.se/en/reports/holdings/
AP4	SEVEN & I HOLDINGS CO LTD	JP	JP3422950000	2025-12-31	50 	376 450			https://www.ap4.se/en/reports/holdings/
AP4	SHIMADZU CORP	JP	JP3357200009	2025-12-31	46 	186 913			https://www.ap4.se/en/reports/holdings/
AP4	SHIMANO INC	JP	JP3358000002	2025-12-31	23 	23 179			https://www.ap4.se/en/reports/holdings/
AP4	SHIN-ETSU CHEMICAL CO LTD	JP	JP3371200001	2025-12-31	36 	125 200			https://www.ap4.se/en/reports/holdings/
AP4	SHIONOGI & CO LTD	JP	JP3347200002	2025-12-31	70 	417 700			https://www.ap4.se/en/reports/holdings/
AP4	SHISEIDO CO LTD	JP	JP3351600006	2025-12-31	18 	135 960			https://www.ap4.se/en/reports/holdings/
AP4	SMC CORP	JP	JP3162600005	2025-12-31	54 	17 010			https://www.ap4.se/en/reports/holdings/
AP4	SOFTBANK CORP	JP	JP3732000009	2025-12-31	280 	22 174 801			https://www.ap4.se/en/reports/holdings/
AP4	SOFTBANK GROUP CORP	JP	JP3436100006	2025-12-31	217 	838 200			https://www.ap4.se/en/reports/holdings/
AP4	SOMPO HOLDINGS INC	JP	JP3165000005	2025-12-31	73 	234 075			https://www.ap4.se/en/reports/holdings/
AP4	SONY FINANCIAL GROUP INC	JP	JP3435350008	2025-12-31	12 	1 188 801			https://www.ap4.se/en/reports/holdings/
AP4	SONY GROUP CORP	JP	JP3435000009	2025-12-31	316 	1 337 301			https://www.ap4.se/en/reports/holdings/
AP4	SUBARU CORP	JP	JP3814800003	2025-12-31	12 	58 043			https://www.ap4.se/en/reports/holdings/
AP4	SUMITOMO CORP	JP	JP3404600003	2025-12-31	76 	237 330			https://www.ap4.se/en/reports/holdings/
AP4	SUMITOMO ELECTRIC INDUSTRIES	JP	JP3407400005	2025-12-31	84 	225 800			https://www.ap4.se/en/reports/holdings/
AP4	SUMITOMO METAL MINING CO LTD	JP	JP3402600005	2025-12-31	28 	74 500			https://www.ap4.se/en/reports/holdings/
AP4	SUMITOMO MITSUI FINANCIAL GR	JP	JP3890350006	2025-12-31	230 	776 411			https://www.ap4.se/en/reports/holdings/
AP4	SUMITOMO MITSUI TRUST GROUP	JP	JP3892100003	2025-12-31	24 	84 452			https://www.ap4.se/en/reports/holdings/
AP4	SUMITOMO REALTY & DEVELOPMEN	JP	JP3409000001	2025-12-31	33 	141 246			https://www.ap4.se/en/reports/holdings/
AP4	SUNTORY BEVERAGE & FOOD LTD	JP	JP3336560002	2025-12-31	18 	65 973			https://www.ap4.se/en/reports/holdings/
AP4	SUZUKI MOTOR CORP	JP	JP3397200001	2025-12-31	105 	762 872			https://www.ap4.se/en/reports/holdings/
AP4	SYSMEX CORP	JP	JP3351100007	2025-12-31	19 	210 400			https://www.ap4.se/en/reports/holdings/
AP4	T&D HOLDINGS INC	JP	JP3539220008	2025-12-31	23 	106 737			https://www.ap4.se/en/reports/holdings/
AP4	TAISEI CORP	JP	JP3443600006	2025-12-31	38 	44 099			https://www.ap4.se/en/reports/holdings/
AP4	TAKEDA PHARMACEUTICAL CO LTD	JP	JP3463000004	2025-12-31	220 	773 672			https://www.ap4.se/en/reports/holdings/
AP4	TDK CORP	JP	JP3538800008	2025-12-31	55 	423 595			https://www.ap4.se/en/reports/holdings/
AP4	TERUMO CORP	JP	JP3546800008	2025-12-31	34 	255 576			https://www.ap4.se/en/reports/holdings/
AP4	TIS INC	JP	JP3104890003	2025-12-31	64 	206 700			https://www.ap4.se/en/reports/holdings/
AP4	TOHO CO LTD	JP	JP3598600009	2025-12-31	30 	64 050			https://www.ap4.se/en/reports/holdings/
AP4	TOKIO MARINE HOLDINGS INC	JP	JP3910660004	2025-12-31	205 	598 937			https://www.ap4.se/en/reports/holdings/
AP4	TOKYO ELECTRON LTD	JP	JP3571400005	2025-12-31	281 	139 270			https://www.ap4.se/en/reports/holdings/
AP4	TOKYO METRO CO LTD	JP	JP3583900000	2025-12-31	12 	129 300			https://www.ap4.se/en/reports/holdings/
AP4	TOKYU CORP	JP	JP3574200006	2025-12-31	34 	320 500			https://www.ap4.se/en/reports/holdings/
AP4	TOPPAN HOLDINGS INC	JP	JP3629000005	2025-12-31	17 	60 700			https://www.ap4.se/en/reports/holdings/
AP4	TORAY INDUSTRIES INC	JP	JP3621000003	2025-12-31	109 	1 824 800			https://www.ap4.se/en/reports/holdings/
AP4	TOYOTA INDUSTRIES CORP	JP	JP3634600005	2025-12-31	33 	31 200			https://www.ap4.se/en/reports/holdings/
AP4	TOYOTA MOTOR CORP	JP	JP3633400001	2025-12-31	684 	3 463 772			https://www.ap4.se/en/reports/holdings/
AP4	TOYOTA TSUSHO CORP	JP	JP3635000007	2025-12-31	47 	150 020			https://www.ap4.se/en/reports/holdings/
AP4	TREND MICRO INC	JP	JP3637300009	2025-12-31	17 	43 900			https://www.ap4.se/en/reports/holdings/
AP4	TSURUHA HOLDINGS INC	JP	JP3536150000	2025-12-31	12 	71 500			https://www.ap4.se/en/reports/holdings/
AP4	UNICHARM CORP	JP	JP3951600000	2025-12-31	18 	333 008			https://www.ap4.se/en/reports/holdings/
AP4	WEST JAPAN RAILWAY CO	JP	JP3659000008	2025-12-31	19 	104 900			https://www.ap4.se/en/reports/holdings/
AP4	YAMAHA MOTOR CO LTD	JP	JP3942800008	2025-12-31	2 	31 500			https://www.ap4.se/en/reports/holdings/
AP4	YOKOGAWA ELECTRIC CORP	JP	JP3955000009	2025-12-31	52 	175 408			https://www.ap4.se/en/reports/holdings/
AP4	YOKOHAMA FINANCIAL GROUP INC	JP	JP3305990008	2025-12-31	18 	240 800			https://www.ap4.se/en/reports/holdings/
AP4	ZENSHO HOLDINGS CO LTD	JP	JP3429300001	2025-12-31	14 	26 700			https://www.ap4.se/en/reports/holdings/
AP4	ZOZO INC	JP	JP3399310006	2025-12-31	8 	110 900			https://www.ap4.se/en/reports/holdings/
AP4	IMPLANTICA AG-A SDR	LI	SE0014855029	2025-12-31	37 	747 113			https://www.ap4.se/en/reports/holdings/
AP4	ALVOTECH SA-SDR	LU	SE0025011463	2025-12-31	74 	1 600 000			https://www.ap4.se/en/reports/holdings/
AP4	ARCELORMITTAL	LU	LU1598757687	2025-12-31	16 	38 432			https://www.ap4.se/en/reports/holdings/
AP4	CVC CAPITAL PARTNERS PLC	LU	JE00BRX98089	2025-12-31	11 	71 880			https://www.ap4.se/en/reports/holdings/
AP4	EUROFINS SCIENTIFIC	LU	FR0014000MR3	2025-12-31	25 	37 434			https://www.ap4.se/en/reports/holdings/
AP4	SANDS CHINA LTD	MO	KYG7800X1079	2025-12-31	17 	734 156			https://www.ap4.se/en/reports/holdings/
AP4	FRESNILLO PLC	MX	GB00B2QPKJ12	2025-12-31	285 	688 663			https://www.ap4.se/en/reports/holdings/
AP4	ABN AMRO BANK NV-CVA	NL	NL0011540547	2025-12-31	43 	133 709			https://www.ap4.se/en/reports/holdings/
AP4	ADYEN NV	NL	NL0012969182	2025-12-31	93 	6 232			https://www.ap4.se/en/reports/holdings/
AP4	AEGON LTD	NL	BMG0112X1056	2025-12-31	22 	303 577			https://www.ap4.se/en/reports/holdings/
AP4	ARGENX SE	NL	NL0010832176	2025-12-31	182 	23 393			https://www.ap4.se/en/reports/holdings/
AP4	ASM INTERNATIONAL NV	NL	NL0000334118	2025-12-31	70 	12 498			https://www.ap4.se/en/reports/holdings/
AP4	ASML HOLDING NV	NL	NL0010273215	2025-12-31	1 212 	121 443			https://www.ap4.se/en/reports/holdings/
AP4	ASR NEDERLAND NV	NL	NL0011872643	2025-12-31	25 	37 631			https://www.ap4.se/en/reports/holdings/
AP4	BE SEMICONDUCTOR INDUSTRIES	NL	NL0012866412	2025-12-31	27 	18 392			https://www.ap4.se/en/reports/holdings/
AP4	CTP NV	NL	NL00150006R6	2025-12-31	1 497 	7 750 585			https://www.ap4.se/en/reports/holdings/
AP4	EURONEXT NV	NL	NL0006294274	2025-12-31	38 	27 369			https://www.ap4.se/en/reports/holdings/
AP4	EXOR NV	NL	NL0012059018	2025-12-31	21 	27 290			https://www.ap4.se/en/reports/holdings/
AP4	FERROVIAL SE	NL	NL0015001FS8	2025-12-31	68 	113 983			https://www.ap4.se/en/reports/holdings/
AP4	HEINEKEN HOLDING NV	NL	NL0000008977	2025-12-31	16 	23 583			https://www.ap4.se/en/reports/holdings/
AP4	HEINEKEN NV	NL	NL0000009165	2025-12-31	40 	52 677			https://www.ap4.se/en/reports/holdings/
AP4	IMCD NV	NL	NL0010801007	2025-12-31	4 	4 915			https://www.ap4.se/en/reports/holdings/
AP4	ING GROEP NV	NL	NL0011821202	2025-12-31	123 	472 806			https://www.ap4.se/en/reports/holdings/
AP4	JDE PEET'S NV	NL	NL0014332678	2025-12-31	11 	32 411			https://www.ap4.se/en/reports/holdings/
AP4	KONINKLIJKE AHOLD DELHAIZE N	NL	NL0011794037	2025-12-31	154 	408 297			https://www.ap4.se/en/reports/holdings/
AP4	KONINKLIJKE KPN NV	NL	NL0000009082	2025-12-31	133 	3 079 584			https://www.ap4.se/en/reports/holdings/
AP4	KONINKLIJKE PHILIPS NV	NL	NL0000009538	2025-12-31	34 	136 741			https://www.ap4.se/en/reports/holdings/
AP4	MAGNUM ICE CREAM CO NV/THE	NL	NL0015002MS2	2025-12-31	24 	161 462			https://www.ap4.se/en/reports/holdings/
AP4	NEBIUS GROUP NV	NL	NL0009805522	2025-12-31	32 	41 733			https://www.ap4.se/en/reports/holdings/
AP4	NN GROUP NV	NL	NL0010773842	2025-12-31	50 	70 768			https://www.ap4.se/en/reports/holdings/
AP4	NXP SEMICONDUCTORS NV	NL	NL0009538784	2025-12-31	88 	44 129			https://www.ap4.se/en/reports/holdings/
AP4	PROSUS NV	NL	NL0013654783	2025-12-31	133 	232 329			https://www.ap4.se/en/reports/holdings/
AP4	RANDSTAD NV	NL	NL0000379121	2025-12-31	18 	51 830			https://www.ap4.se/en/reports/holdings/
AP4	STELLANTIS NV	NL	NL00150001Q9	2025-12-31	85 	831 402			https://www.ap4.se/en/reports/holdings/
AP4	UNIVERSAL MUSIC GROUP NV	NL	NL0015000IY2	2025-12-31	75 	313 630			https://www.ap4.se/en/reports/holdings/
AP4	VOPAK	NL	NL0009432491	2025-12-31	4 	10 000			https://www.ap4.se/en/reports/holdings/
AP4	WOLTERS KLUWER	NL	NL0000395903	2025-12-31	74 	77 545			https://www.ap4.se/en/reports/holdings/
AP4	AUTOSTORE HOLDINGS LTD	NO	BMG0670A1099	2025-12-31	5 	500 000			https://www.ap4.se/en/reports/holdings/
AP4	DNB BANK ASA	NO	NO0010161896	2025-12-31	27 	103 225			https://www.ap4.se/en/reports/holdings/
AP4	ELMERA GROUP ASA	NO	NO0010815673	2025-12-31	30 	850 000			https://www.ap4.se/en/reports/holdings/
AP4	ELOPAK ASA	NO	NO0011002586	2025-12-31	140 	2 765 000			https://www.ap4.se/en/reports/holdings/
AP4	EQUINOR ASA	NO	NO0010096985	2025-12-31	14 	64 148			https://www.ap4.se/en/reports/holdings/
AP4	GJENSIDIGE FORSIKRING ASA	NO	NO0010582521	2025-12-31	33 	119 515			https://www.ap4.se/en/reports/holdings/
AP4	KITRON ASA	NO	NO0003079709	2025-12-31	55 	826 755			https://www.ap4.se/en/reports/holdings/
AP4	KONGSBERG GRUPPEN ASA	NO	NO0013536151	2025-12-31	82 	346 042			https://www.ap4.se/en/reports/holdings/
AP4	MOWI ASA	NO	NO0003054108	2025-12-31	29 	131 268			https://www.ap4.se/en/reports/holdings/
AP4	ORKLA ASA	NO	NO0003733800	2025-12-31	19 	183 743			https://www.ap4.se/en/reports/holdings/
AP4	SALMAR ASA	NO	NO0010310956	2025-12-31	12 	21 679			https://www.ap4.se/en/reports/holdings/
AP4	SATS ASA	NO	NO0010863285	2025-12-31	52 	1 400 000			https://www.ap4.se/en/reports/holdings/
AP4	SCATEC ASA	NO	NO0010715139	2025-12-31	24 	250 000			https://www.ap4.se/en/reports/holdings/
AP4	TELENOR ASA	NO	NO0010063308	2025-12-31	24 	181 557			https://www.ap4.se/en/reports/holdings/
AP4	YARA INTERNATIONAL ASA	NO	NO0010208051	2025-12-31	104 	274 206			https://www.ap4.se/en/reports/holdings/
AP4	AUCKLAND INTL AIRPORT LTD	NZ	NZAIAE0002S6	2025-12-31	60 	1 360 976			https://www.ap4.se/en/reports/holdings/
AP4	FISHER & PAYKEL HEALTHCARE C	NZ	NZFAPE0001S2	2025-12-31	18 	90 500			https://www.ap4.se/en/reports/holdings/
AP4	INFRATIL LTD	NZ	NZIFTE0003S3	2025-12-31	52 	887 578			https://www.ap4.se/en/reports/holdings/
AP4	MAINFREIGHT LTD	NZ	NZMFTE0001S9	2025-12-31	46 	127 500			https://www.ap4.se/en/reports/holdings/
AP4	MERCURY NZ LTD	NZ	NZMRPE0001S2	2025-12-31	30 	869 100			https://www.ap4.se/en/reports/holdings/
AP4	MERIDIAN ENERGY LTD	NZ	NZMELE0002S7	2025-12-31	61 	2 065 874			https://www.ap4.se/en/reports/holdings/
AP4	XERO LTD	NZ	NZXROE0001S2	2025-12-31	53 	76 023			https://www.ap4.se/en/reports/holdings/
AP4	INPOST SA	PL	LU2290522684	2025-12-31	54 	475 463			https://www.ap4.se/en/reports/holdings/
AP4	BANCO COMERCIAL PORTUGUES-R	PT	PTBCP0AM0015	2025-12-31	19 	1 909 639			https://www.ap4.se/en/reports/holdings/
AP4	EDP SA	PT	PTEDP0AM0009	2025-12-31	56 	1 312 644			https://www.ap4.se/en/reports/holdings/
AP4	GALP ENERGIA SGPS SA	PT	PTGAL0AM0009	2025-12-31	59 	372 095			https://www.ap4.se/en/reports/holdings/
AP4	JERONIMO MARTINS	PT	PTJMT0AE0001	2025-12-31	8 	38 133			https://www.ap4.se/en/reports/holdings/
AP4	CAPITALAND INVESTMENT LTD/SI	SG	SGXE62145532	2025-12-31	16 	835 200			https://www.ap4.se/en/reports/holdings/
AP4	DCC PLC	SG	SG1L01001701	2025-12-31	2 	3 564			https://www.ap4.se/en/reports/holdings/
AP4	GENTING SINGAPORE LTD	SG	SGXE21576413	2025-12-31	0 	17			https://www.ap4.se/en/reports/holdings/
AP4	KEPPEL LTD	SG	SG1U68934629	2025-12-31	60 	803 382			https://www.ap4.se/en/reports/holdings/
AP4	OVERSEA-CHINESE BANKING CORP	SG	SG1S04926220	2025-12-31	117 	827 144			https://www.ap4.se/en/reports/holdings/
AP4	SEA LTD-ADR	SG	US81141R1005	2025-12-31	98 	83 473			https://www.ap4.se/en/reports/holdings/
AP4	SINGAPORE EXCHANGE LTD	SG	SG1J26887955	2025-12-31	81 	670 166			https://www.ap4.se/en/reports/holdings/
AP4	SINGAPORE TECH ENGINEERING	SG	SG1F60858221	2025-12-31	7 	123 121			https://www.ap4.se/en/reports/holdings/
AP4	SINGAPORE TELECOMMUNICATIONS	SG	SG1T75931496	2025-12-31	201 	6 148 711			https://www.ap4.se/en/reports/holdings/
AP4	UNITED OVERSEAS BANK LTD	SG	SG1M31001969	2025-12-31	51 	204 267			https://www.ap4.se/en/reports/holdings/
AP4	WILMAR INTERNATIONAL LTD	SG	SG1T56930848	2025-12-31	19 	871 800			https://www.ap4.se/en/reports/holdings/
AP4	3M CO	US	US88579Y1010	2025-12-31	176 	119 468			https://www.ap4.se/en/reports/holdings/
AP4	ABBOTT LABORATORIES	US	US0028241000	2025-12-31	633 	548 204			https://www.ap4.se/en/reports/holdings/
AP4	ABBVIE INC	US	US00287Y1091	2025-12-31	684 	324 644			https://www.ap4.se/en/reports/holdings/
AP4	ADOBE INC	US	US00724F1012	2025-12-31	447 	138 456			https://www.ap4.se/en/reports/holdings/
AP4	ADVANCED MICRO DEVICES	US	US0079031078	2025-12-31	500 	253 202			https://www.ap4.se/en/reports/holdings/
AP4	AECOM	US	US00766T1007	2025-12-31	56 	63 191			https://www.ap4.se/en/reports/holdings/
AP4	AFFIRM HOLDINGS INC	US	US00827B1061	2025-12-31	43 	62 000			https://www.ap4.se/en/reports/holdings/
AP4	AFLAC INC	US	US0010551028	2025-12-31	93 	91 674			https://www.ap4.se/en/reports/holdings/
AP4	AGILENT TECHNOLOGIES INC	US	US00846U1016	2025-12-31	86 	68 824			https://www.ap4.se/en/reports/holdings/
AP4	AIRBNB INC-CLASS A	US	US0090661010	2025-12-31	95 	76 100			https://www.ap4.se/en/reports/holdings/
AP4	ALBEMARLE CORP	US	US0126531013	2025-12-31	57 	44 000			https://www.ap4.se/en/reports/holdings/
AP4	ALLSTATE CORP	US	US0200021014	2025-12-31	133 	69 283			https://www.ap4.se/en/reports/holdings/
AP4	ALNYLAM PHARMACEUTICALS INC	US	US02043Q1076	2025-12-31	111 	30 215			https://www.ap4.se/en/reports/holdings/
AP4	ALPHABET INC-CL A	US	US02079K3059	2025-12-31	2 935 	1 017 054			https://www.ap4.se/en/reports/holdings/
AP4	ALPHABET INC-CL C	US	US02079K1079	2025-12-31	2 571 	888 585			https://www.ap4.se/en/reports/holdings/
AP4	COM INC	US	US0231351067	2025-12-31	3 209 	1 508 175			https://www.ap4.se/en/reports/holdings/
AP4	AMERICAN EXPRESS CO	US	US0258161092	2025-12-31	313 	91 823			https://www.ap4.se/en/reports/holdings/
AP4	AMERICAN FINANCIAL GROUP INC	US	US0259321042	2025-12-31	28 	22 258			https://www.ap4.se/en/reports/holdings/
AP4	AMERICAN INTERNATIONAL GROUP	US	US0268747849	2025-12-31	75 	95 437			https://www.ap4.se/en/reports/holdings/
AP4	AMERICAN WATER WORKS CO INC	US	US0304201033	2025-12-31	88 	73 215			https://www.ap4.se/en/reports/holdings/
AP4	AMERIPRISE FINANCIAL INC	US	US03076C1062	2025-12-31	92 	20 341			https://www.ap4.se/en/reports/holdings/
AP4	AMETEK INC	US	US0311001004	2025-12-31	72 	38 073			https://www.ap4.se/en/reports/holdings/
AP4	AMGEN INC	US	US0311621009	2025-12-31	313 	103 892			https://www.ap4.se/en/reports/holdings/
AP4	AMPHENOL CORP-CL A	US	US0320951017	2025-12-31	545 	437 489			https://www.ap4.se/en/reports/holdings/
AP4	ANALOG DEVICES INC	US	US0326541051	2025-12-31	193 	77 086			https://www.ap4.se/en/reports/holdings/
AP4	APOLLO GLOBAL MANAGEMENT INC	US	US03769M1062	2025-12-31	108 	81 165			https://www.ap4.se/en/reports/holdings/
AP4	APPLE INC	US	US0378331005	2025-12-31	6 361 	2 538 148			https://www.ap4.se/en/reports/holdings/
AP4	APPLIED MATERIALS INC	US	US0382221051	2025-12-31	495 	209 058			https://www.ap4.se/en/reports/holdings/
AP4	APPLOVIN CORP-CLASS A	US	US03831W1080	2025-12-31	214 	34 380			https://www.ap4.se/en/reports/holdings/
AP4	ARCHER-DANIELS-MIDLAND CO	US	US0394831020	2025-12-31	36 	67 243			https://www.ap4.se/en/reports/holdings/
AP4	ARES MANAGEMENT CORP - A	US	US03990B1017	2025-12-31	53 	35 700			https://www.ap4.se/en/reports/holdings/
AP4	ARISTA NETWORKS INC	US	US0404132054	2025-12-31	366 	303 284			https://www.ap4.se/en/reports/holdings/
AP4	ARTHUR J GALLAGHER & CO	US	US3635761097	2025-12-31	181 	75 954			https://www.ap4.se/en/reports/holdings/
AP4	ASTERA LABS INC	US	US04626A1034	2025-12-31	47 	30 600			https://www.ap4.se/en/reports/holdings/
AP4	AT&T INC	US	US00206R1023	2025-12-31	526 	2 295 470			https://www.ap4.se/en/reports/holdings/
AP4	AUTODESK INC	US	US0527691069	2025-12-31	212 	77 742			https://www.ap4.se/en/reports/holdings/
AP4	AUTOMATIC DATA PROCESSING	US	US0530151036	2025-12-31	268 	112 938			https://www.ap4.se/en/reports/holdings/
AP4	AUTOZONE INC	US	US0533321024	2025-12-31	276 	8 839			https://www.ap4.se/en/reports/holdings/
AP4	AVERY DENNISON CORP	US	US0536111091	2025-12-31	31 	18 500			https://www.ap4.se/en/reports/holdings/
AP4	AXON ENTERPRISE INC	US	US05464C1018	2025-12-31	62 	11 890			https://www.ap4.se/en/reports/holdings/
AP4	BAKER HUGHES CO	US	US05722G1004	2025-12-31	451 	1 074 803			https://www.ap4.se/en/reports/holdings/
AP4	BALL CORP	US	US0584981064	2025-12-31	20 	41 400			https://www.ap4.se/en/reports/holdings/
AP4	BANK OF AMERICA CORP	US	US0605051046	2025-12-31	564 	1 113 180			https://www.ap4.se/en/reports/holdings/
AP4	BANK OF NEW YORK MELLON CORP	US	US0640581007	2025-12-31	127 	118 927			https://www.ap4.se/en/reports/holdings/
AP4	BAXTER INTERNATIONAL INC	US	US0718131099	2025-12-31	8 	44 534			https://www.ap4.se/en/reports/holdings/
AP4	BECTON DICKINSON AND CO	US	US0758871091	2025-12-31	93 	51 971			https://www.ap4.se/en/reports/holdings/
AP4	BENTLEY SYSTEMS INC-CLASS B	US	US08265T2087	2025-12-31	47 	133 006			https://www.ap4.se/en/reports/holdings/
AP4	BEST BUY CO INC	US	US0865161014	2025-12-31	29 	47 522			https://www.ap4.se/en/reports/holdings/
AP4	BIOGEN INC	US	US09062X1037	2025-12-31	43 	26 553			https://www.ap4.se/en/reports/holdings/
AP4	BLACKROCK INC	US	US09290D1019	2025-12-31	335 	33 919			https://www.ap4.se/en/reports/holdings/
AP4	BLACKSTONE INC	US	US09260D1072	2025-12-31	169 	119 272			https://www.ap4.se/en/reports/holdings/
AP4	BLOCK INC	US	US8522341036	2025-12-31	55 	91 973			https://www.ap4.se/en/reports/holdings/
AP4	BLOOM ENERGY CORP- A	US	US0937121079	2025-12-31	29 	35 600			https://www.ap4.se/en/reports/holdings/
AP4	BOOKING HOLDINGS INC	US	US09857L1089	2025-12-31	262 	5 315			https://www.ap4.se/en/reports/holdings/
AP4	BOOZ ALLEN HAMILTON HOLDINGS	US	US0995021062	2025-12-31	24 	31 264			https://www.ap4.se/en/reports/holdings/
AP4	BOSTON SCIENTIFIC CORP	US	US1011371077	2025-12-31	250 	284 570			https://www.ap4.se/en/reports/holdings/
AP4	BRISTOL-MYERS SQUIBB CO	US	US1101221083	2025-12-31	244 	489 806			https://www.ap4.se/en/reports/holdings/
AP4	BROADCOM INC	US	US11135F1012	2025-12-31	2 242 	702 723			https://www.ap4.se/en/reports/holdings/
AP4	BROADRIDGE FINANCIAL SOLUTIO	US	US11133T1034	2025-12-31	91 	44 142			https://www.ap4.se/en/reports/holdings/
AP4	BROOKFIELD ASSET MGMT-A	US	CA1130041058	2025-12-31	66 	137 300			https://www.ap4.se/en/reports/holdings/
AP4	BROWN & BROWN INC	US	US1152361010	2025-12-31	97 	131 743			https://www.ap4.se/en/reports/holdings/
AP4	BUILDERS FIRSTSOURCE INC	US	US12008R1077	2025-12-31	15 	15 900			https://www.ap4.se/en/reports/holdings/
AP4	BUNGE GLOBAL SA	US	CH1300646267	2025-12-31	11 	13 654			https://www.ap4.se/en/reports/holdings/
AP4	BURLINGTON STORES INC	US	US1220171060	2025-12-31	35 	13 012			https://www.ap4.se/en/reports/holdings/
AP4	CADENCE DESIGN SYS INC	US	US1273871087	2025-12-31	196 	68 163			https://www.ap4.se/en/reports/holdings/
AP4	CAPITAL ONE FINANCIAL CORP	US	US14040H1059	2025-12-31	233 	104 421			https://www.ap4.se/en/reports/holdings/
AP4	CARDINAL HEALTH INC	US	US14149Y1082	2025-12-31	121 	63 800			https://www.ap4.se/en/reports/holdings/
AP4	CARLISLE COS INC	US	US1423391002	2025-12-31	44 	14 800			https://www.ap4.se/en/reports/holdings/
AP4	CARLYLE GROUP INC/THE	US	US14316J1088	2025-12-31	28 	52 286			https://www.ap4.se/en/reports/holdings/
AP4	CARNIVAL CORP	US	PA1436583006	2025-12-31	41 	147 200			https://www.ap4.se/en/reports/holdings/
AP4	CARRIER GLOBAL CORP	US	US14448C1045	2025-12-31	64 	130 989			https://www.ap4.se/en/reports/holdings/
AP4	CARVANA CO	US	US1468691027	2025-12-31	108 	27 820			https://www.ap4.se/en/reports/holdings/
AP4	CATERPILLAR INC	US	US1491231015	2025-12-31	623 	117 924			https://www.ap4.se/en/reports/holdings/
AP4	CBOE GLOBAL MARKETS INC	US	US12503M1080	2025-12-31	215 	92 742			https://www.ap4.se/en/reports/holdings/
AP4	CBRE GROUP INC - A	US	US12504L1098	2025-12-31	72 	48 267			https://www.ap4.se/en/reports/holdings/
AP4	CDW CORP/DE	US	US12514G1085	2025-12-31	43 	34 451			https://www.ap4.se/en/reports/holdings/
AP4	CENCORA INC	US	US03073E1055	2025-12-31	370 	118 677			https://www.ap4.se/en/reports/holdings/
AP4	CENTENE CORP	US	US15135B1017	2025-12-31	45 	118 960			https://www.ap4.se/en/reports/holdings/
AP4	CHARTER COMMUNICATIONS INC-A	US	US16119P1084	2025-12-31	23 	11 889			https://www.ap4.se/en/reports/holdings/
AP4	CHENIERE ENERGY INC	US	US16411R2085	2025-12-31	229 	127 800			https://www.ap4.se/en/reports/holdings/
AP4	CHIPOTLE MEXICAN GRILL INC	US	US1696561059	2025-12-31	164 	479 450			https://www.ap4.se/en/reports/holdings/
AP4	CHURCH & DWIGHT CO INC	US	US1713401024	2025-12-31	130 	168 193			https://www.ap4.se/en/reports/holdings/
AP4	CIENA CORP	US	US1717793095	2025-12-31	63 	29 300			https://www.ap4.se/en/reports/holdings/
AP4	CINCINNATI FINANCIAL CORP	US	US1720621010	2025-12-31	48 	31 768			https://www.ap4.se/en/reports/holdings/
AP4	CINTAS CORP	US	US1729081059	2025-12-31	168 	96 976			https://www.ap4.se/en/reports/holdings/
AP4	CISCO SYSTEMS INC	US	US17275R1023	2025-12-31	975 	1 373 517			https://www.ap4.se/en/reports/holdings/
AP4	CITIGROUP INC	US	US1729674242	2025-12-31	329 	305 391			https://www.ap4.se/en/reports/holdings/
AP4	CITIZENS FINANCIAL GROUP	US	US1746101054	2025-12-31	37 	69 084			https://www.ap4.se/en/reports/holdings/
AP4	CLOROX COMPANY	US	US1890541097	2025-12-31	13 	13 530			https://www.ap4.se/en/reports/holdings/
AP4	CLOUDFLARE INC - CLASS A	US	US18915M1071	2025-12-31	119 	65 728			https://www.ap4.se/en/reports/holdings/
AP4	CME GROUP INC	US	US12572Q1058	2025-12-31	407 	161 477			https://www.ap4.se/en/reports/holdings/
AP4	COCA-COLA CO/THE	US	US1912161007	2025-12-31	843 	1 307 606			https://www.ap4.se/en/reports/holdings/
AP4	COGNIZANT TECH SOLUTIONS-A	US	US1924461023	2025-12-31	157 	204 620			https://www.ap4.se/en/reports/holdings/
AP4	COINBASE GLOBAL INC -CLASS A	US	US19260Q1076	2025-12-31	66 	31 480			https://www.ap4.se/en/reports/holdings/
AP4	COLGATE-PALMOLIVE CO	US	US1941621039	2025-12-31	252 	345 724			https://www.ap4.se/en/reports/holdings/
AP4	COMCAST CORP-CLASS A	US	US20030N1019	2025-12-31	163 	590 251			https://www.ap4.se/en/reports/holdings/
AP4	COMFORT SYSTEMS USA INC	US	US1999081045	2025-12-31	100 	11 680			https://www.ap4.se/en/reports/holdings/
AP4	CONSTELLATION BRANDS INC-A	US	US21036P1084	2025-12-31	24 	18 749			https://www.ap4.se/en/reports/holdings/
AP4	CONSTELLATION ENERGY	US	US21037T1097	2025-12-31	287 	88 014			https://www.ap4.se/en/reports/holdings/
AP4	COOPER COS INC/THE	US	US2166485019	2025-12-31	22 	29 020			https://www.ap4.se/en/reports/holdings/
AP4	COPART INC	US	US2172041061	2025-12-31	94 	260 556			https://www.ap4.se/en/reports/holdings/
AP4	COREBRIDGE FINANCIAL INC	US	US21871X1090	2025-12-31	23 	81 009			https://www.ap4.se/en/reports/holdings/
AP4	COREWEAVE INC-CL A	US	US21873S1087	2025-12-31	22 	33 300			https://www.ap4.se/en/reports/holdings/
AP4	CORNING INC	US	US2193501051	2025-12-31	140 	173 571			https://www.ap4.se/en/reports/holdings/
AP4	CORPAY INC	US	US2199481068	2025-12-31	36 	13 152			https://www.ap4.se/en/reports/holdings/
AP4	CORTEVA INC	US	US22052L1044	2025-12-31	98 	157 801			https://www.ap4.se/en/reports/holdings/
AP4	COSTAR GROUP INC	US	US22160N1090	2025-12-31	48 	77 670			https://www.ap4.se/en/reports/holdings/
AP4	COSTCO WHOLESALE CORP	US	US22160K1051	2025-12-31	910 	114 416			https://www.ap4.se/en/reports/holdings/
AP4	CREDO TECHNOLOGY GROUP HOLDI	US	KYG254571055	2025-12-31	45 	34 100			https://www.ap4.se/en/reports/holdings/
AP4	CROWDSTRIKE HOLDINGS INC - A	US	US22788C1053	2025-12-31	188 	43 457			https://www.ap4.se/en/reports/holdings/
AP4	CROWN HOLDINGS INC	US	US2283681060	2025-12-31	81 	85 000			https://www.ap4.se/en/reports/holdings/
AP4	CSX CORP	US	US1264081035	2025-12-31	133 	396 633			https://www.ap4.se/en/reports/holdings/
AP4	CUMMINS INC	US	US2310211063	2025-12-31	148 	31 495			https://www.ap4.se/en/reports/holdings/
AP4	CVS HEALTH CORP	US	US1266501006	2025-12-31	151 	206 550			https://www.ap4.se/en/reports/holdings/
AP4	DANAHER CORP	US	US2358511028	2025-12-31	218 	103 372			https://www.ap4.se/en/reports/holdings/
AP4	DASSAULT AVIATION SA	US	US2371941053	2025-12-31	16 	5 233			https://www.ap4.se/en/reports/holdings/
AP4	DAVIDE CAMPARI-MILANO NV	US	US23804L1035	2025-12-31	11 	177 528			https://www.ap4.se/en/reports/holdings/
AP4	DECKERS OUTDOOR CORP	US	US2435371073	2025-12-31	60 	63 200			https://www.ap4.se/en/reports/holdings/
AP4	DEERE & CO	US	US2441991054	2025-12-31	166 	38 666			https://www.ap4.se/en/reports/holdings/
AP4	DELL TECHNOLOGIES -C	US	US24703L2025	2025-12-31	59 	50 756			https://www.ap4.se/en/reports/holdings/
AP4	DEXCOM INC	US	US2521311074	2025-12-31	67 	110 044			https://www.ap4.se/en/reports/holdings/
AP4	DICK'S SPORTING GOODS INC	US	US2533931026	2025-12-31	34 	18 500			https://www.ap4.se/en/reports/holdings/
AP4	DOCUSIGN INC	US	US2561631068	2025-12-31	38 	59 700			https://www.ap4.se/en/reports/holdings/
AP4	DOLLAR GENERAL CORP	US	US2566771059	2025-12-31	68 	55 734			https://www.ap4.se/en/reports/holdings/
AP4	DOLLAR TREE INC	US	US2567461080	2025-12-31	32 	28 287			https://www.ap4.se/en/reports/holdings/
AP4	DOMINION ENERGY INC	US	US25746U1097	2025-12-31	110 	203 900			https://www.ap4.se/en/reports/holdings/
AP4	DOMINO'S PIZZA INC	US	US25754A2015	2025-12-31	23 	6 107			https://www.ap4.se/en/reports/holdings/
AP4	DOORDASH INC - A	US	US25809K1051	2025-12-31	134 	64 000			https://www.ap4.se/en/reports/holdings/
AP4	DOVER CORP	US	US2600031080	2025-12-31	29 	16 215			https://www.ap4.se/en/reports/holdings/
AP4	DOW INC	US	US2605571031	2025-12-31	6 	26 383			https://www.ap4.se/en/reports/holdings/
AP4	DR HORTON INC	US	US23331A1097	2025-12-31	85 	63 738			https://www.ap4.se/en/reports/holdings/
AP4	DRAFTKINGS INC-CL A	US	US26142V1052	2025-12-31	33 	103 300			https://www.ap4.se/en/reports/holdings/
AP4	DUPONT DE NEMOURS INC	US	US26614N1028	2025-12-31	5 	12 425			https://www.ap4.se/en/reports/holdings/
AP4	DYNATRACE INC	US	US2681501092	2025-12-31	65 	161 746			https://www.ap4.se/en/reports/holdings/
AP4	EBAY INC	US	US2786421030	2025-12-31	60 	75 024			https://www.ap4.se/en/reports/holdings/
AP4	ECHOSTAR CORP-A	US	US2787681061	2025-12-31	29 	28 500			https://www.ap4.se/en/reports/holdings/
AP4	ECOLAB INC	US	US2788651006	2025-12-31	192 	79 245			https://www.ap4.se/en/reports/holdings/
AP4	EDISON INTERNATIONAL	US	US2810201077	2025-12-31	73 	132 835			https://www.ap4.se/en/reports/holdings/
AP4	EDWARDS LIFESCIENCES CORP	US	US28176E1082	2025-12-31	105 	134 035			https://www.ap4.se/en/reports/holdings/
AP4	ELECTRONIC ARTS INC	US	US2855121099	2025-12-31	213 	113 239			https://www.ap4.se/en/reports/holdings/
AP4	ELEVANCE HEALTH INC	US	US0367521038	2025-12-31	223 	68 952			https://www.ap4.se/en/reports/holdings/
AP4	ELI LILLY & CO	US	US5324571083	2025-12-31	2 125 	214 536			https://www.ap4.se/en/reports/holdings/
AP4	EMCOR GROUP INC	US	US29084Q1004	2025-12-31	114 	20 180			https://www.ap4.se/en/reports/holdings/
AP4	EMERSON ELECTRIC CO	US	US2910111044	2025-12-31	115 	94 367			https://www.ap4.se/en/reports/holdings/
AP4	ENTEGRIS INC	US	US29362U1043	2025-12-31	24 	31 400			https://www.ap4.se/en/reports/holdings/
AP4	EQUIFAX INC	US	US2944291051	2025-12-31	48 	24 104			https://www.ap4.se/en/reports/holdings/
AP4	EQUITABLE HOLDINGS INC	US	US29452E1010	2025-12-31	18 	40 297			https://www.ap4.se/en/reports/holdings/
AP4	ERIE INDEMNITY COMPANY-CL A	US	US29530P1021	2025-12-31	23 	8 806			https://www.ap4.se/en/reports/holdings/
AP4	ESSENTIAL UTILITIES INC	US	US29670G1022	2025-12-31	24 	68 336			https://www.ap4.se/en/reports/holdings/
AP4	ESTEE LAUDER COMPANIES-CL A	US	US5184391044	2025-12-31	38 	39 232			https://www.ap4.se/en/reports/holdings/
AP4	EXELON CORP	US	US30161N1019	2025-12-31	155 	386 626			https://www.ap4.se/en/reports/holdings/
AP4	EXPEDIA GROUP INC	US	US30212P3038	2025-12-31	52 	19 734			https://www.ap4.se/en/reports/holdings/
AP4	F&G ANNUITIES & LIFE INC	US	US30190A1043	2025-12-31	1 	4 198			https://www.ap4.se/en/reports/holdings/
AP4	F5 INC	US	US3156161024	2025-12-31	119 	50 400			https://www.ap4.se/en/reports/holdings/
AP4	FAIR ISAAC CORP	US	US3032501047	2025-12-31	84 	5 380			https://www.ap4.se/en/reports/holdings/
AP4	FASTENAL CO	US	US3119001044	2025-12-31	107 	290 035			https://www.ap4.se/en/reports/holdings/
AP4	FERGUSON ENTERPRISES INC	US	US31488V1070	2025-12-31	113 	54 907			https://www.ap4.se/en/reports/holdings/
AP4	FIDELITY NATIONAL FINANCIAL	US	US31620R3030	2025-12-31	35 	69 969			https://www.ap4.se/en/reports/holdings/
AP4	FIDELITY NATIONAL INFO SERV	US	US31620M1062	2025-12-31	62 	101 817			https://www.ap4.se/en/reports/holdings/
AP4	FIFTH THIRD BANCORP	US	US3167731005	2025-12-31	41 	95 844			https://www.ap4.se/en/reports/holdings/
AP4	FIRST CITIZENS BCSHS -CL A	US	US31946M1036	2025-12-31	53 	2 655			https://www.ap4.se/en/reports/holdings/
AP4	FIRST SOLAR INC	US	US3364331070	2025-12-31	77 	32 100			https://www.ap4.se/en/reports/holdings/
AP4	FISERV INC	US	US3377381088	2025-12-31	59 	95 383			https://www.ap4.se/en/reports/holdings/
AP4	FLEX LTD	US	SG9999000020	2025-12-31	48 	86 900			https://www.ap4.se/en/reports/holdings/
AP4	FLUTTER ENTERTAINMENT PLC-DI	US	IE00BWT6H894	2025-12-31	83 	41 784			https://www.ap4.se/en/reports/holdings/
AP4	FORD MOTOR CO	US	US3453708600	2025-12-31	98 	807 760			https://www.ap4.se/en/reports/holdings/
AP4	FORTINET INC	US	US34959E1091	2025-12-31	188 	257 080			https://www.ap4.se/en/reports/holdings/
AP4	FORTIVE CORP	US	US34959J1088	2025-12-31	22 	43 619			https://www.ap4.se/en/reports/holdings/
AP4	FOX CORP - CLASS A	US	US35137L1052	2025-12-31	18 	26 388			https://www.ap4.se/en/reports/holdings/
AP4	FOX CORP - CLASS B	US	US35137L2043	2025-12-31	8 	13 786			https://www.ap4.se/en/reports/holdings/
AP4	GARTNER INC	US	US3666511072	2025-12-31	62 	26 606			https://www.ap4.se/en/reports/holdings/
AP4	GE HEALTHCARE TECHNOLOGY	US	US36266G1076	2025-12-31	66 	86 955			https://www.ap4.se/en/reports/holdings/
AP4	GE VERNOVA INC	US	US36828A1016	2025-12-31	254 	42 107			https://www.ap4.se/en/reports/holdings/
AP4	GEN DIGITAL INC	US	US6687711084	2025-12-31	60 	240 831			https://www.ap4.se/en/reports/holdings/
AP4	GENERAL ELECTRIC	US	US3696043013	2025-12-31	457 	161 101			https://www.ap4.se/en/reports/holdings/
AP4	GENERAL MILLS INC	US	US3703341046	2025-12-31	138 	323 028			https://www.ap4.se/en/reports/holdings/
AP4	GENERAL MOTORS CO	US	US37045V1008	2025-12-31	177 	235 580			https://www.ap4.se/en/reports/holdings/
AP4	GENUINE PARTS CO	US	US3724601055	2025-12-31	19 	16 362			https://www.ap4.se/en/reports/holdings/
AP4	GILEAD SCIENCES INC	US	US3755581036	2025-12-31	334 	295 063			https://www.ap4.se/en/reports/holdings/
AP4	GLOBAL PAYMENTS INC	US	US37940X1028	2025-12-31	32 	45 360			https://www.ap4.se/en/reports/holdings/
AP4	GODADDY INC - CLASS A	US	US3802371076	2025-12-31	103 	89 898			https://www.ap4.se/en/reports/holdings/
AP4	GOLDMAN SACHS GROUP INC	US	US38141G1040	2025-12-31	411 	50 745			https://www.ap4.se/en/reports/holdings/
AP4	GRACO INC	US	US3841091040	2025-12-31	75 	98 892			https://www.ap4.se/en/reports/holdings/
AP4	HARTFORD INSURANCE GROUP INC	US	US4165151048	2025-12-31	85 	67 264			https://www.ap4.se/en/reports/holdings/
AP4	HCA HEALTHCARE INC	US	US40412C1018	2025-12-31	183 	42 469			https://www.ap4.se/en/reports/holdings/
AP4	HEICO CORP	US	US4228061093	2025-12-31	11 	3 672			https://www.ap4.se/en/reports/holdings/
AP4	HERSHEY CO/THE	US	US4278661081	2025-12-31	113 	67 419			https://www.ap4.se/en/reports/holdings/
AP4	HEWLETT PACKARD ENTERPRISE	US	US42824C1099	2025-12-31	48 	216 360			https://www.ap4.se/en/reports/holdings/
AP4	HILTON WORLDWIDE HOLDINGS IN	US	US43300A2033	2025-12-31	90 	34 040			https://www.ap4.se/en/reports/holdings/
AP4	HOLOGIC INC	US	US4364401012	2025-12-31	70 	101 614			https://www.ap4.se/en/reports/holdings/
AP4	HOME DEPOT INC	US	US4370761029	2025-12-31	508 	160 210			https://www.ap4.se/en/reports/holdings/
AP4	HORMEL FOODS CORP	US	US4404521001	2025-12-31	29 	134 852			https://www.ap4.se/en/reports/holdings/
AP4	HOWMET AEROSPACE INC	US	US4432011082	2025-12-31	150 	79 453			https://www.ap4.se/en/reports/holdings/
AP4	HP INC	US	US40434L1052	2025-12-31	26 	124 599			https://www.ap4.se/en/reports/holdings/
AP4	HUBBELL INC	US	US4435106079	2025-12-31	53 	12 961			https://www.ap4.se/en/reports/holdings/
AP4	HUBSPOT INC	US	US4435731009	2025-12-31	44 	11 853			https://www.ap4.se/en/reports/holdings/
AP4	HUMANA INC	US	US4448591028	2025-12-31	60 	25 416			https://www.ap4.se/en/reports/holdings/
AP4	HUNTINGTON BANCSHARES INC	US	US4461501045	2025-12-31	30 	189 963			https://www.ap4.se/en/reports/holdings/
AP4	HYATT HOTELS CORP - CL A	US	US4485791028	2025-12-31	5 	3 522			https://www.ap4.se/en/reports/holdings/
AP4	IDEX CORP	US	US45167R1041	2025-12-31	51 	31 307			https://www.ap4.se/en/reports/holdings/
AP4	IDEXX LABORATORIES INC	US	US45168D1046	2025-12-31	150 	23 972			https://www.ap4.se/en/reports/holdings/
AP4	ILLINOIS TOOL WORKS	US	US4523081093	2025-12-31	130 	57 412			https://www.ap4.se/en/reports/holdings/
AP4	ILLUMINA INC	US	US4523271090	2025-12-31	40 	33 186			https://www.ap4.se/en/reports/holdings/
AP4	INCYTE CORP	US	US45337C1027	2025-12-31	99 	109 219			https://www.ap4.se/en/reports/holdings/
AP4	INGERSOLL-RAND INC	US	US45687V1061	2025-12-31	69 	94 012			https://www.ap4.se/en/reports/holdings/
AP4	INSMED INC	US	US4576693075	2025-12-31	81 	50 500			https://www.ap4.se/en/reports/holdings/
AP4	INSULET CORP	US	US45784P1012	2025-12-31	34 	12 798			https://www.ap4.se/en/reports/holdings/
AP4	INTEL CORP	US	US4581401001	2025-12-31	244 	718 011			https://www.ap4.se/en/reports/holdings/
AP4	INTERACTIVE BROKERS GRO-CL A	US	US45841N1072	2025-12-31	57 	95 700			https://www.ap4.se/en/reports/holdings/
AP4	INTERCONTINENTAL EXCHANGE IN	US	US45866F1049	2025-12-31	152 	101 706			https://www.ap4.se/en/reports/holdings/
AP4	INTERNATIONAL PAPER CO	US	US4601461035	2025-12-31	5 	13 000			https://www.ap4.se/en/reports/holdings/
AP4	INTL BUSINESS MACHINES CORP	US	US4592001014	2025-12-31	560 	205 121			https://www.ap4.se/en/reports/holdings/
AP4	INTL FLAVORS & FRAGRANCES	US	US4595061015	2025-12-31	6 	9 009			https://www.ap4.se/en/reports/holdings/
AP4	INTUIT INC	US	US4612021034	2025-12-31	540 	88 500			https://www.ap4.se/en/reports/holdings/
AP4	INTUITIVE SURGICAL INC	US	US46120E6023	2025-12-31	429 	82 099			https://www.ap4.se/en/reports/holdings/
AP4	IONQ INC	US	US46222L1089	2025-12-31	26 	63 900			https://www.ap4.se/en/reports/holdings/
AP4	IQVIA HOLDINGS INC	US	US46266C1053	2025-12-31	54 	25 756			https://www.ap4.se/en/reports/holdings/
AP4	JABIL INC	US	US4663131039	2025-12-31	51 	24 034			https://www.ap4.se/en/reports/holdings/
AP4	JACK HENRY & ASSOCIATES INC	US	US4262811015	2025-12-31	66 	38 966			https://www.ap4.se/en/reports/holdings/
AP4	JM SMUCKER CO/THE	US	US8326964058	2025-12-31	12 	13 777			https://www.ap4.se/en/reports/holdings/
AP4	JOHNSON & JOHNSON	US	US4781601046	2025-12-31	1 519 	796 200			https://www.ap4.se/en/reports/holdings/
AP4	JOHNSON CONTROLS INTERNATION	US	IE00BY7QL619	2025-12-31	104 	93 838			https://www.ap4.se/en/reports/holdings/
AP4	JPMORGAN CHASE & CO	US	US46625H1005	2025-12-31	1 302 	438 187			https://www.ap4.se/en/reports/holdings/
AP4	KENVUE INC	US	US49177J1025	2025-12-31	42 	263 135			https://www.ap4.se/en/reports/holdings/
AP4	KEURIG DR PEPPER INC	US	US49271V1008	2025-12-31	98 	378 839			https://www.ap4.se/en/reports/holdings/
AP4	KEYCORP	US	US4932671088	2025-12-31	20 	104 013			https://www.ap4.se/en/reports/holdings/
AP4	KEYSIGHT TECHNOLOGIES IN	US	US49338L1035	2025-12-31	53 	28 109			https://www.ap4.se/en/reports/holdings/
AP4	KIMBERLY-CLARK CORP	US	US4943681035	2025-12-31	72 	77 796			https://www.ap4.se/en/reports/holdings/
AP4	KKR & CO INC	US	US48251W1045	2025-12-31	115 	97 975			https://www.ap4.se/en/reports/holdings/
AP4	KLA CORP	US	US4824801009	2025-12-31	387 	34 562			https://www.ap4.se/en/reports/holdings/
AP4	KRAFT HEINZ CO/THE	US	US5007541064	2025-12-31	26 	114 761			https://www.ap4.se/en/reports/holdings/
AP4	KROGER CO	US	US5010441013	2025-12-31	203 	352 883			https://www.ap4.se/en/reports/holdings/
AP4	LABCORP HOLDINGS INC	US	US5049221055	2025-12-31	36 	15 547			https://www.ap4.se/en/reports/holdings/
AP4	LAM RESEARCH CORP	US	US5128073062	2025-12-31	565 	357 960			https://www.ap4.se/en/reports/holdings/
AP4	LAS VEGAS SANDS CORP	US	US5178341070	2025-12-31	32 	53 063			https://www.ap4.se/en/reports/holdings/
AP4	LAUREATE EDUCATION INC	US	US5186132032	2025-12-31	5 	15 000			https://www.ap4.se/en/reports/holdings/
AP4	LENNAR CORP-A	US	US5260571048	2025-12-31	36 	37 682			https://www.ap4.se/en/reports/holdings/
AP4	LENNOX INTERNATIONAL INC	US	US5261071071	2025-12-31	28 	6 284			https://www.ap4.se/en/reports/holdings/
AP4	LIBERTY MEDIA CORP-FORMULA-C	US	US5312297550	2025-12-31	109 	120 197			https://www.ap4.se/en/reports/holdings/
AP4	LINDE PLC	US	IE000S9YS762	2025-12-31	510 	129 827			https://www.ap4.se/en/reports/holdings/
AP4	LIVE NATION ENTERTAINMENT IN	US	US5380341090	2025-12-31	36 	27 494			https://www.ap4.se/en/reports/holdings/
AP4	LOEWS CORP	US	US5404241086	2025-12-31	68 	70 485			https://www.ap4.se/en/reports/holdings/
AP4	LOWE'S COS INC	US	US5486611073	2025-12-31	204 	91 955			https://www.ap4.se/en/reports/holdings/
AP4	LPL FINANCIAL HOLDINGS INC	US	US50212V1008	2025-12-31	49 	14 820			https://www.ap4.se/en/reports/holdings/
AP4	M & T BANK CORP	US	US55261F1049	2025-12-31	46 	24 785			https://www.ap4.se/en/reports/holdings/
AP4	MARKEL GROUP INC	US	US5705351048	2025-12-31	53 	2 687			https://www.ap4.se/en/reports/holdings/
AP4	MARKETAXESS HOLDINGS INC	US	US57060D1081	2025-12-31	0 	44			https://www.ap4.se/en/reports/holdings/
AP4	MARRIOTT INTERNATIONAL -CL A	US	US5719032022	2025-12-31	94 	32 818			https://www.ap4.se/en/reports/holdings/
AP4	MARSH & MCLENNAN COS	US	US5717481023	2025-12-31	365 	213 231			https://www.ap4.se/en/reports/holdings/
AP4	MARTIN MARIETTA MATERIALS	US	US5732841060	2025-12-31	10 	1 790			https://www.ap4.se/en/reports/holdings/
AP4	MARVELL TECHNOLOGY INC	US	US5738741041	2025-12-31	143 	182 847			https://www.ap4.se/en/reports/holdings/
AP4	MASCO CORP	US	US5745991068	2025-12-31	16 	28 185			https://www.ap4.se/en/reports/holdings/
AP4	MASTEC INC	US	US5763231090	2025-12-31	24 	12 000			https://www.ap4.se/en/reports/holdings/
AP4	MASTERCARD INC - A	US	US57636Q1040	2025-12-31	1 200 	228 070			https://www.ap4.se/en/reports/holdings/
AP4	MCCORMICK & CO-NON VTG SHRS	US	US5797802064	2025-12-31	24 	38 244			https://www.ap4.se/en/reports/holdings/
AP4	MCDONALD'S CORP	US	US5801351017	2025-12-31	533 	189 010			https://www.ap4.se/en/reports/holdings/
AP4	MCKESSON CORP	US	US58155Q1031	2025-12-31	421 	55 693			https://www.ap4.se/en/reports/holdings/
AP4	MEDLINE INC-CL A	US	US58507V1070	2025-12-31	17 	45 000			https://www.ap4.se/en/reports/holdings/
AP4	META PLATFORMS INC-CLASS A	US	US30303M1027	2025-12-31	2 615 	429 787			https://www.ap4.se/en/reports/holdings/
AP4	METLIFE INC	US	US59156R1086	2025-12-31	70 	96 015			https://www.ap4.se/en/reports/holdings/
AP4	METTLER-TOLEDO INTERNATIONAL	US	US5926881054	2025-12-31	44 	3 386			https://www.ap4.se/en/reports/holdings/
AP4	MICROCHIP TECHNOLOGY INC	US	US5950171042	2025-12-31	45 	77 353			https://www.ap4.se/en/reports/holdings/
AP4	MICRON TECHNOLOGY INC	US	US5951121038	2025-12-31	470 	178 587			https://www.ap4.se/en/reports/holdings/
AP4	MICROSOFT CORP	US	US5949181045	2025-12-31	5 651 	1 267 509			https://www.ap4.se/en/reports/holdings/
AP4	MONDELEZ INTERNATIONAL INC-A	US	US6092071058	2025-12-31	197 	397 830			https://www.ap4.se/en/reports/holdings/
AP4	MONGODB INC	US	US60937P1066	2025-12-31	69 	17 927			https://www.ap4.se/en/reports/holdings/
AP4	MONOLITHIC POWER SYSTEMS INC	US	US6098391054	2025-12-31	110 	13 158			https://www.ap4.se/en/reports/holdings/
AP4	MONSTER BEVERAGE CORP	US	US61174X1090	2025-12-31	234 	330 941			https://www.ap4.se/en/reports/holdings/
AP4	MOODY'S CORP	US	US6153691059	2025-12-31	220 	46 763			https://www.ap4.se/en/reports/holdings/
AP4	MORGAN STANLEY	US	US6174464486	2025-12-31	304 	186 033			https://www.ap4.se/en/reports/holdings/
AP4	MSCI INC	US	US55354G1004	2025-12-31	77 	14 510			https://www.ap4.se/en/reports/holdings/
AP4	NASDAQ INC	US	US6311031081	2025-12-31	82 	91 515			https://www.ap4.se/en/reports/holdings/
AP4	NATERA INC	US	US6323071042	2025-12-31	67 	31 800			https://www.ap4.se/en/reports/holdings/
AP4	NAVAN INC-CL A	US	US6391931010	2025-12-31	16 	100 000			https://www.ap4.se/en/reports/holdings/
AP4	NETAPP INC	US	US64110D1046	2025-12-31	46 	46 296			https://www.ap4.se/en/reports/holdings/
AP4	NETFLIX INC	US	US64110L1061	2025-12-31	990 	1 145 670			https://www.ap4.se/en/reports/holdings/
AP4	NEUROCRINE BIOSCIENCES INC	US	US64125C1099	2025-12-31	46 	35 223			https://www.ap4.se/en/reports/holdings/
AP4	NEWS CORP - CLASS A	US	US65249B1098	2025-12-31	14 	57 976			https://www.ap4.se/en/reports/holdings/
AP4	NEXTERA ENERGY INC	US	US65339F1012	2025-12-31	86 	116 734			https://www.ap4.se/en/reports/holdings/
AP4	NIKE INC -CL B	US	US6541061031	2025-12-31	160 	272 492			https://www.ap4.se/en/reports/holdings/
AP4	NISOURCE INC	US	US65473P1057	2025-12-31	108 	280 000			https://www.ap4.se/en/reports/holdings/
AP4	NORDSON CORP	US	US6556631025	2025-12-31	14 	6 188			https://www.ap4.se/en/reports/holdings/
AP4	NORFOLK SOUTHERN CORP	US	US6558441084	2025-12-31	140 	52 712			https://www.ap4.se/en/reports/holdings/
AP4	NORTHERN TRUST CORP	US	US6658591044	2025-12-31	30 	23 745			https://www.ap4.se/en/reports/holdings/
AP4	NUCOR CORP	US	US6703461052	2025-12-31	112 	74 786			https://www.ap4.se/en/reports/holdings/
AP4	NUTANIX INC - A	US	US67059N1081	2025-12-31	24 	49 700			https://www.ap4.se/en/reports/holdings/
AP4	NVIDIA CORP	US	US67066G1040	2025-12-31	7 240 	4 211 049			https://www.ap4.se/en/reports/holdings/
AP4	NVR INC	US	US62944T1051	2025-12-31	48 	714			https://www.ap4.se/en/reports/holdings/
AP4	OKTA INC	US	US6792951054	2025-12-31	32 	40 400			https://www.ap4.se/en/reports/holdings/
AP4	OLD DOMINION FREIGHT LINE	US	US6795801009	2025-12-31	167 	115 538			https://www.ap4.se/en/reports/holdings/
AP4	OMNICOM GROUP	US	US6819191064	2025-12-31	37 	49 651			https://www.ap4.se/en/reports/holdings/
AP4	ON SEMICONDUCTOR	US	US6821891057	2025-12-31	29 	58 814			https://www.ap4.se/en/reports/holdings/
AP4	ORACLE CORP	US	US68389X1054	2025-12-31	499 	277 832			https://www.ap4.se/en/reports/holdings/
AP4	O'REILLY AUTOMOTIVE INC	US	US67103H1077	2025-12-31	273 	324 434			https://www.ap4.se/en/reports/holdings/
AP4	OTIS WORLDWIDE CORP	US	US68902V1070	2025-12-31	65 	80 824			https://www.ap4.se/en/reports/holdings/
AP4	PALANTIR TECHNOLOGIES INC-A	US	US69608A1088	2025-12-31	583 	355 523			https://www.ap4.se/en/reports/holdings/
AP4	PALO ALTO NETWORKS INC	US	US6974351057	2025-12-31	264 	155 525			https://www.ap4.se/en/reports/holdings/
AP4	PARKER HANNIFIN CORP	US	US7010941042	2025-12-31	213 	26 250			https://www.ap4.se/en/reports/holdings/
AP4	PAYCHEX INC	US	US7043261079	2025-12-31	88 	85 045			https://www.ap4.se/en/reports/holdings/
AP4	PAYCOM SOFTWARE INC	US	US70432V1026	2025-12-31	34 	23 160			https://www.ap4.se/en/reports/holdings/
AP4	PAYPAL HOLDINGS INC	US	US70450Y1038	2025-12-31	123 	227 940			https://www.ap4.se/en/reports/holdings/
AP4	PEPSICO INC	US	US7134481081	2025-12-31	638 	482 084			https://www.ap4.se/en/reports/holdings/
AP4	PFIZER INC	US	US7170811035	2025-12-31	212 	921 771			https://www.ap4.se/en/reports/holdings/
AP4	PINTEREST INC- CLASS A	US	US72352L1061	2025-12-31	33 	139 690			https://www.ap4.se/en/reports/holdings/
AP4	PNC FINANCIAL SERVICES GROUP	US	US6934751057	2025-12-31	113 	58 983			https://www.ap4.se/en/reports/holdings/
AP4	PPG INDUSTRIES INC	US	US6935061076	2025-12-31	5 	5 600			https://www.ap4.se/en/reports/holdings/
AP4	PRINCIPAL FINANCIAL GROUP	US	US74251V1026	2025-12-31	20 	25 151			https://www.ap4.se/en/reports/holdings/
AP4	PROCTER & GAMBLE CO/THE	US	US7427181091	2025-12-31	973 	736 378			https://www.ap4.se/en/reports/holdings/
AP4	PROGRESSIVE CORP	US	US7433151039	2025-12-31	502 	238 970			https://www.ap4.se/en/reports/holdings/
AP4	PRUDENTIAL FINANCIAL INC	US	US7443201022	2025-12-31	32 	31 141			https://www.ap4.se/en/reports/holdings/
AP4	PTC INC	US	US69370C1009	2025-12-31	83 	51 699			https://www.ap4.se/en/reports/holdings/
AP4	PULMONX CORP	US	US7458481014	2025-12-31	1 	40 000			https://www.ap4.se/en/reports/holdings/
AP4	PULTEGROUP INC	US	US7458671010	2025-12-31	60 	55 654			https://www.ap4.se/en/reports/holdings/
AP4	PURE STORAGE INC - CLASS A	US	US74624M1027	2025-12-31	44 	71 600			https://www.ap4.se/en/reports/holdings/
AP4	QUALCOMM INC	US	US7475251036	2025-12-31	457 	289 756			https://www.ap4.se/en/reports/holdings/
AP4	QUANTA SERVICES INC	US	US74762E1029	2025-12-31	102 	26 120			https://www.ap4.se/en/reports/holdings/
AP4	QUEST DIAGNOSTICS INC	US	US74834L1008	2025-12-31	80 	50 320			https://www.ap4.se/en/reports/holdings/
AP4	RAYMOND JAMES FINANCIAL INC	US	US7547301090	2025-12-31	35 	23 339			https://www.ap4.se/en/reports/holdings/
AP4	RB GLOBAL INC	US	CA74935Q1072	2025-12-31	35 	36 400			https://www.ap4.se/en/reports/holdings/
AP4	REDDIT INC-CL A	US	US75734B1008	2025-12-31	53 	24 800			https://www.ap4.se/en/reports/holdings/
AP4	REGENERON PHARMACEUTICALS	US	US75886F1075	2025-12-31	140 	19 652			https://www.ap4.se/en/reports/holdings/
AP4	REGIONS FINANCIAL CORP	US	US7591EP1005	2025-12-31	36 	144 433			https://www.ap4.se/en/reports/holdings/
AP4	RELIANCE INC	US	US7595091023	2025-12-31	0 	4			https://www.ap4.se/en/reports/holdings/
AP4	REPUBLIC SERVICES INC	US	US7607591002	2025-12-31	254 	130 174			https://www.ap4.se/en/reports/holdings/
AP4	RESMED INC	US	US7611521078	2025-12-31	74 	33 488			https://www.ap4.se/en/reports/holdings/
AP4	RESTAURANT BRANDS INTERN	US	CA76131D1033	2025-12-31	49 	78 372			https://www.ap4.se/en/reports/holdings/
AP4	RIVIAN AUTOMOTIVE INC-A	US	US76954A1034	2025-12-31	47 	258 600			https://www.ap4.se/en/reports/holdings/
AP4	ROBINHOOD MARKETS INC - A	US	US7707001027	2025-12-31	120 	114 700			https://www.ap4.se/en/reports/holdings/
AP4	ROBLOX CORP -CLASS A	US	US7710491033	2025-12-31	91 	121 800			https://www.ap4.se/en/reports/holdings/
AP4	ROCKET COS INC-CLASS A	US	US77311W1018	2025-12-31	45 	252 100			https://www.ap4.se/en/reports/holdings/
AP4	ROCKET LAB CORP	US	US7731211089	2025-12-31	64 	100 200			https://www.ap4.se/en/reports/holdings/
AP4	ROCKWELL AUTOMATION INC	US	US7739031091	2025-12-31	87 	24 235			https://www.ap4.se/en/reports/holdings/
AP4	ROLLINS INC	US	US7757111049	2025-12-31	106 	191 278			https://www.ap4.se/en/reports/holdings/
AP4	ROPER TECHNOLOGIES INC	US	US7766961061	2025-12-31	262 	63 928			https://www.ap4.se/en/reports/holdings/
AP4	ROSS STORES INC	US	US7782961038	2025-12-31	81 	48 620			https://www.ap4.se/en/reports/holdings/
AP4	ROYAL CARIBBEAN CRUISES LTD	US	LR0008862868	2025-12-31	101 	39 268			https://www.ap4.se/en/reports/holdings/
AP4	ROYAL GOLD INC	US	US7802871084	2025-12-31	36 	17 500			https://www.ap4.se/en/reports/holdings/
AP4	ROYALTY PHARMA PLC- CL A	US	GB00BMVP7Y09	2025-12-31	42 	118 350			https://www.ap4.se/en/reports/holdings/
AP4	S&P GLOBAL INC	US	US78409V1044	2025-12-31	254 	52 760			https://www.ap4.se/en/reports/holdings/
AP4	SALESFORCE INC	US	US79466L3024	2025-12-31	475 	194 655			https://www.ap4.se/en/reports/holdings/
AP4	SAMSARA INC-CL A	US	US79589L1061	2025-12-31	25 	76 900			https://www.ap4.se/en/reports/holdings/
AP4	CORP	US	US8085131055	2025-12-31	255 	276 460			https://www.ap4.se/en/reports/holdings/
AP4	SEAGATE TECHNOLOGY HOLDINGS	US	IE00BKVD2N49	2025-12-31	86 	34 008			https://www.ap4.se/en/reports/holdings/
AP4	SERVICENOW INC	US	US81762P1021	2025-12-31	332 	235 430			https://www.ap4.se/en/reports/holdings/
AP4	SHERWIN-WILLIAMS CO/THE	US	US8243481061	2025-12-31	72 	24 123			https://www.ap4.se/en/reports/holdings/
AP4	SNAP INC - A	US	US83304A1060	2025-12-31	20 	267 642			https://www.ap4.se/en/reports/holdings/
AP4	SNAP-ON INC	US	US8330341012	2025-12-31	47 	14 650			https://www.ap4.se/en/reports/holdings/
AP4	SNOWFLAKE INC	US	US8334451098	2025-12-31	139 	68 900			https://www.ap4.se/en/reports/holdings/
AP4	SOFI TECHNOLOGIES INC	US	US83406F1021	2025-12-31	65 	268 000			https://www.ap4.se/en/reports/holdings/
AP4	SOLVENTUM CORP	US	US83444M1018	2025-12-31	15 	20 157			https://www.ap4.se/en/reports/holdings/
AP4	SS&C TECHNOLOGIES HOLDINGS	US	US78467J1007	2025-12-31	35 	43 357			https://www.ap4.se/en/reports/holdings/
AP4	STARBUCKS CORP	US	US8552441094	2025-12-31	142 	182 895			https://www.ap4.se/en/reports/holdings/
AP4	STATE STREET CORP	US	US8574771031	2025-12-31	43 	36 416			https://www.ap4.se/en/reports/holdings/
AP4	STEEL DYNAMICS INC	US	US8581191009	2025-12-31	131 	83 637			https://www.ap4.se/en/reports/holdings/
AP4	STERIS PLC	US	IE00BFY8C754	2025-12-31	33 	14 066			https://www.ap4.se/en/reports/holdings/
AP4	STRYKER CORP	US	US8636671013	2025-12-31	161 	49 623			https://www.ap4.se/en/reports/holdings/
AP4	SUPER MICRO COMPUTER INC	US	US86800U3023	2025-12-31	23 	84 200			https://www.ap4.se/en/reports/holdings/
AP4	SYNCHRONY FINANCIAL	US	US87165B1035	2025-12-31	54 	70 201			https://www.ap4.se/en/reports/holdings/
AP4	SYNOPSYS INC	US	US8716071076	2025-12-31	128 	29 590			https://www.ap4.se/en/reports/holdings/
AP4	SYSCO CORP	US	US8718291078	2025-12-31	37 	53 814			https://www.ap4.se/en/reports/holdings/
AP4	T ROWE PRICE GROUP INC	US	US74144T1088	2025-12-31	43 	45 077			https://www.ap4.se/en/reports/holdings/
AP4	TAKE-TWO INTERACTIVE SOFTWRE	US	US8740541094	2025-12-31	65 	27 369			https://www.ap4.se/en/reports/holdings/
AP4	TAPESTRY INC	US	US8760301072	2025-12-31	39 	33 300			https://www.ap4.se/en/reports/holdings/
AP4	TARGET CORP	US	US87612E1064	2025-12-31	71 	78 801			https://www.ap4.se/en/reports/holdings/
AP4	TELEDYNE TECHNOLOGIES INC	US	US8793601050	2025-12-31	128 	27 253			https://www.ap4.se/en/reports/holdings/
AP4	TERADYNE INC	US	US8807701029	2025-12-31	68 	38 250			https://www.ap4.se/en/reports/holdings/
AP4	TESLA INC	US	US88160R1014	2025-12-31	640 	154 362			https://www.ap4.se/en/reports/holdings/
AP4	TEXAS INSTRUMENTS INC	US	US8825081040	2025-12-31	354 	221 031			https://www.ap4.se/en/reports/holdings/
AP4	THE CIGNA GROUP	US	US1255231003	2025-12-31	150 	59 107			https://www.ap4.se/en/reports/holdings/
AP4	THERMO FISHER SCIENTIFIC INC	US	US8835561023	2025-12-31	307 	57 433			https://www.ap4.se/en/reports/holdings/
AP4	TJX COMPANIES INC	US	US8725401090	2025-12-31	527 	372 168			https://www.ap4.se/en/reports/holdings/
AP4	T-MOBILE US INC	US	US8725901040	2025-12-31	376 	200 754			https://www.ap4.se/en/reports/holdings/
AP4	TOAST INC-CLASS A	US	US8887871080	2025-12-31	34 	104 400			https://www.ap4.se/en/reports/holdings/
AP4	TRACTOR SUPPLY COMPANY	US	US8923561067	2025-12-31	67 	145 550			https://www.ap4.se/en/reports/holdings/
AP4	TRADE DESK INC/THE -CLASS A	US	US88339J1051	2025-12-31	27 	77 272			https://www.ap4.se/en/reports/holdings/
AP4	TRADEWEB MARKETS INC-CLASS A	US	US8926721064	2025-12-31	44 	44 159			https://www.ap4.se/en/reports/holdings/
AP4	TRANSDIGM GROUP INC	US	US8936411003	2025-12-31	91 	7 427			https://www.ap4.se/en/reports/holdings/
AP4	TRANSUNION	US	US89400J1079	2025-12-31	30 	37 867			https://www.ap4.se/en/reports/holdings/
AP4	TRAVELERS COS INC/THE	US	US89417E1091	2025-12-31	214 	80 091			https://www.ap4.se/en/reports/holdings/
AP4	TRIMBLE INC	US	US8962391004	2025-12-31	35 	48 380			https://www.ap4.se/en/reports/holdings/
AP4	TRUIST FINANCIAL CORP	US	US89832Q1094	2025-12-31	95 	209 198			https://www.ap4.se/en/reports/holdings/
AP4	TWILIO INC - A	US	US90138F1021	2025-12-31	45 	34 592			https://www.ap4.se/en/reports/holdings/
AP4	TYLER TECHNOLOGIES INC	US	US9022521051	2025-12-31	98 	23 340			https://www.ap4.se/en/reports/holdings/
AP4	TYSON FOODS INC-CL A	US	US9024941034	2025-12-31	80 	148 546			https://www.ap4.se/en/reports/holdings/
AP4	UBER TECHNOLOGIES INC	US	US90353T1007	2025-12-31	416 	551 833			https://www.ap4.se/en/reports/holdings/
AP4	ULTA BEAUTY INC	US	US90384S3031	2025-12-31	67 	12 005			https://www.ap4.se/en/reports/holdings/
AP4	UNION PACIFIC CORP	US	US9078181081	2025-12-31	354 	166 226			https://www.ap4.se/en/reports/holdings/
AP4	UNITED AIRLINES HOLDINGS INC	US	US9100471096	2025-12-31	3 	3 100			https://www.ap4.se/en/reports/holdings/
AP4	UNITED PARCEL SERVICE-CL B	US	US9113121068	2025-12-31	24 	26 641			https://www.ap4.se/en/reports/holdings/
AP4	UNITED RENTALS INC	US	US9113631090	2025-12-31	72 	9 706			https://www.ap4.se/en/reports/holdings/
AP4	UNITED THERAPEUTICS CORP	US	US91307C1027	2025-12-31	125 	27 880			https://www.ap4.se/en/reports/holdings/
AP4	UNITEDHEALTH GROUP INC	US	US91324P1021	2025-12-31	735 	241 578			https://www.ap4.se/en/reports/holdings/
AP4	US BANCORP	US	US9029733048	2025-12-31	122 	247 119			https://www.ap4.se/en/reports/holdings/
AP4	VEEVA SYSTEMS INC-CLASS A	US	US9224751084	2025-12-31	98 	47 569			https://www.ap4.se/en/reports/holdings/
AP4	VERALTO CORP	US	US92338C1036	2025-12-31	69 	74 757			https://www.ap4.se/en/reports/holdings/
AP4	VERISIGN INC	US	US92343E1029	2025-12-31	149 	66 389			https://www.ap4.se/en/reports/holdings/
AP4	VERISK ANALYTICS INC	US	US92345Y1064	2025-12-31	78 	37 872			https://www.ap4.se/en/reports/holdings/
AP4	VERIZON COMMUNICATIONS INC	US	US92343V1044	2025-12-31	421 	1 121 313			https://www.ap4.se/en/reports/holdings/
AP4	VERTEX PHARMACEUTICALS INC	US	US92532F1003	2025-12-31	372 	89 062			https://www.ap4.se/en/reports/holdings/
AP4	VERTIV HOLDINGS CO-A	US	US92537N1081	2025-12-31	136 	90 900			https://www.ap4.se/en/reports/holdings/
AP4	VISA INC-CLASS A SHARES	US	US92826C8394	2025-12-31	1 737 	537 177			https://www.ap4.se/en/reports/holdings/
AP4	VISTRA CORP	US	US92840M1027	2025-12-31	84 	56 800			https://www.ap4.se/en/reports/holdings/
AP4	VULCAN MATERIALS CO	US	US9291601097	2025-12-31	12 	4 443			https://www.ap4.se/en/reports/holdings/
AP4	WABTEC CORP	US	US9297401088	2025-12-31	76 	38 593			https://www.ap4.se/en/reports/holdings/
AP4	WALMART INC	US	US9311421039	2025-12-31	1 128 	1 098 571			https://www.ap4.se/en/reports/holdings/
AP4	WALT DISNEY CO/THE	US	US2546871060	2025-12-31	294 	280 100			https://www.ap4.se/en/reports/holdings/
AP4	WARNER BROS DISCOVERY INC	US	US9344231041	2025-12-31	98 	369 600			https://www.ap4.se/en/reports/holdings/
AP4	WASTE MANAGEMENT INC	US	US94106L1098	2025-12-31	295 	145 696			https://www.ap4.se/en/reports/holdings/
AP4	WATERS CORP	US	US9418481035	2025-12-31	51 	14 633			https://www.ap4.se/en/reports/holdings/
AP4	WATSCO INC	US	US9426222009	2025-12-31	29 	9 359			https://www.ap4.se/en/reports/holdings/
AP4	WELLS FARGO & CO	US	US9497461015	2025-12-31	448 	521 879			https://www.ap4.se/en/reports/holdings/
AP4	WEST PHARMACEUTICAL SERVICES	US	US9553061055	2025-12-31	50 	19 610			https://www.ap4.se/en/reports/holdings/
AP4	WESTERN DIGITAL CORP	US	US9581021055	2025-12-31	86 	54 466			https://www.ap4.se/en/reports/holdings/
AP4	WILLIAMS COS INC	US	US9694571004	2025-12-31	45 	82 000			https://www.ap4.se/en/reports/holdings/
AP4	WILLIAMS-SONOMA INC	US	US9699041011	2025-12-31	57 	34 499			https://www.ap4.se/en/reports/holdings/
AP4	WORKDAY INC-CLASS A	US	US98138H1014	2025-12-31	98 	49 357			https://www.ap4.se/en/reports/holdings/
AP4	WR BERKLEY CORP	US	US0844231029	2025-12-31	126 	194 793			https://www.ap4.se/en/reports/holdings/
AP4	WW GRAINGER INC	US	US3848021040	2025-12-31	109 	11 691			https://www.ap4.se/en/reports/holdings/
AP4	XYLEM INC	US	US98419M1009	2025-12-31	81 	64 339			https://www.ap4.se/en/reports/holdings/
AP4	BRANDS INC	US	US9884981013	2025-12-31	184 	131 780			https://www.ap4.se/en/reports/holdings/
AP4	ZEBRA TECHNOLOGIES CORP-CL A	US	US9892071054	2025-12-31	13 	5 905			https://www.ap4.se/en/reports/holdings/
AP4	ZILLOW GROUP INC - C	US	US98954M2008	2025-12-31	29 	46 533			https://www.ap4.se/en/reports/holdings/
AP4	ZIMMER BIOMET HOLDINGS INC	US	US98956P1021	2025-12-31	20 	23 547			https://www.ap4.se/en/reports/holdings/
AP4	ZOETIS INC	US	US98978V1035	2025-12-31	164 	141 411			https://www.ap4.se/en/reports/holdings/
AP4	ZOOM COMMUNICATIONS INC	US	US98980L1017	2025-12-31	70 	88 000			https://www.ap4.se/en/reports/holdings/
AP4	ZSCALER INC	US	US98980G1022	2025-12-31	53 	25 460			https://www.ap4.se/en/reports/holdings/
AP4	MERCADOLIBRE INC	UY	US58733R1023	2025-12-31	212 	11 400			https://www.ap4.se/en/reports/holdings/
AP4	Aedifica SA	BE		2025-12-31	44	391 095			https://www.ap4.se/en/reports/holdings/
AP4	Warehouses De Pauw CVA	BE		2025-12-31	46	3 145 222			https://www.ap4.se/en/reports/holdings/
AP4	Colonial SFL Socimi SA	ES		2025-12-31	424	750 000			https://www.ap4.se/en/reports/holdings/
AP4	Carmila SA	FR		2025-12-31	553	251 628			https://www.ap4.se/en/reports/holdings/
AP4	Gecina SA	FR		2025-12-31	596	483 988			https://www.ap4.se/en/reports/holdings/
AP4	Klepierre SA	FR		2025-12-31	232	1 514 018			https://www.ap4.se/en/reports/holdings/
AP4	Unibail-Rodamco-Westfield	FR		2025-12-31	102	592 982			https://www.ap4.se/en/reports/holdings/
AP4	Derwent London PLC	GB		2025-12-31	435	1 073 777			https://www.ap4.se/en/reports/holdings/
AP4	Land Securities Group PLC	GB		2025-12-31	182	1 319 712			https://www.ap4.se/en/reports/holdings/
AP4	LondonMetric Property PLC	GB		2025-12-31	1 807	18 492 874			https://www.ap4.se/en/reports/holdings/
AP4	Segro PLC	GB		2025-12-31	13 160	2 035 631			https://www.ap4.se/en/reports/holdings/
AP4	NT Emerging Markets Multifactor Select Equity Fund	IE		2025-12-31	17 157	982 867			https://www.ap4.se/en/reports/holdings/
AP4	NT Emerging Markets Quality Select Equity Fund	IE		2025-12-31	2 952	8 391 458			https://www.ap4.se/en/reports/holdings/
AP4	AQR Emerging Equity Extension UCITS Fund	LU		2025-12-31	54	11 240 751			https://www.ap4.se/en/reports/holdings/
AP4	AQR Lux Funds II - AQR Delphi Equity Extension Fun	LU		2025-12-31	219	2 980 312			https://www.ap4.se/en/reports/holdings/
AP4	Shurgard Self Storage Ltd	LU		2025-12-31	10	170 571			https://www.ap4.se/en/reports/holdings/
AP4	Eurocommercial Properties NV	NL		2025-12-31	22	778 203			https://www.ap4.se/en/reports/holdings/
AP4	Alexandria Real Estate Equities Inc	US		2025-12-31	120	21 488			https://www.ap4.se/en/reports/holdings/
AP4	American Homes 4 Rent	US		2025-12-31	36	73 200			https://www.ap4.se/en/reports/holdings/
AP4	American Tower Corp	US		2025-12-31	50	73 984			https://www.ap4.se/en/reports/holdings/
AP4	Annaly Capital Management Inc	US		2025-12-31	27 923	175 651			https://www.ap4.se/en/reports/holdings/
AP4	AvalonBay Communities Inc	US		2025-12-31	12	29 971			https://www.ap4.se/en/reports/holdings/
AP4	BASII - US Equity Fund Series 1	US		2025-12-31	67	1 353 829			https://www.ap4.se/en/reports/holdings/
AP4	BXP Inc	US		2025-12-31	85	18 700			https://www.ap4.se/en/reports/holdings/
AP4	Crown Castle Inc	US		2025-12-31	118	82 325			https://www.ap4.se/en/reports/holdings/
AP4	Digital Realty Trust Inc	US		2025-12-31	40	59 920			https://www.ap4.se/en/reports/holdings/
AP4	Equinix Inc	US		2025-12-31	35	16 659			https://www.ap4.se/en/reports/holdings/
AP4	Equity LifeStyle Properties Inc	US		2025-12-31	27	72 039			https://www.ap4.se/en/reports/holdings/
AP4	Equity Residential	US		2025-12-31	51	60 866			https://www.ap4.se/en/reports/holdings/
AP4	Essex Property Trust Inc	US		2025-12-31	30	11 258			https://www.ap4.se/en/reports/holdings/
AP4	Extra Space Storage Inc	US		2025-12-31	15	42 256			https://www.ap4.se/en/reports/holdings/
AP4	Gaming and Leisure Properties Inc	US		2025-12-31	27	72 032			https://www.ap4.se/en/reports/holdings/
AP4	Healthpeak Properties Inc	US		2025-12-31	39	101 000			https://www.ap4.se/en/reports/holdings/
AP4	Invitation Homes Inc	US		2025-12-31	1 915	106 035			https://www.ap4.se/en/reports/holdings/
AP4	Iron Mountain Inc	US		2025-12-31	31	51 326			https://www.ap4.se/en/reports/holdings/
AP4	Shares Core MSCI Emerging Markets ETF	US		2025-12-31	25	3 090 192			https://www.ap4.se/en/reports/holdings/
AP4	Kimco Realty Corp	US		2025-12-31	2	164 308			https://www.ap4.se/en/reports/holdings/
AP4	Mid-America Apartment Communities Inc	US		2025-12-31	0	19 134			https://www.ap4.se/en/reports/holdings/
AP4	Millrose Properties Inc	US		2025-12-31	185	6 393			https://www.ap4.se/en/reports/holdings/
AP4	NET Lease Office Properties	US		2025-12-31	97	1			https://www.ap4.se/en/reports/holdings/
AP4	Prologis Inc	US		2025-12-31	92	157 421			https://www.ap4.se/en/reports/holdings/
AP4	Public Storage	US		2025-12-31	32	40 392			https://www.ap4.se/en/reports/holdings/
AP4	Realty Income Corp	US		2025-12-31	58	177 053			https://www.ap4.se/en/reports/holdings/
AP4	Regency Centers Corp	US		2025-12-31	101	49 560			https://www.ap4.se/en/reports/holdings/
AP4	SBA Communications Corp	US		2025-12-31	37	32 406			https://www.ap4.se/en/reports/holdings/
AP4	Simon Property Group Inc	US		2025-12-31	14	59 467			https://www.ap4.se/en/reports/holdings/
AP4	Sun Communities Inc	US		2025-12-31	54	32 408			https://www.ap4.se/en/reports/holdings/
AP4	UDR Inc	US		2025-12-31	55	42 531			https://www.ap4.se/en/reports/holdings/
AP4	Ventas Inc	US		2025-12-31	254	76 227			https://www.ap4.se/en/reports/holdings/
AP4	VICI Properties Inc	US		2025-12-31	13	210 283			https://www.ap4.se/en/reports/holdings/
AP4	Welltower Inc	US		2025-12-31	28	148 420			https://www.ap4.se/en/reports/holdings/
