Shareholder - Name	Issuer - Name	Security - Type	Security - Report Date	Security - Market Value - Amount	Security - Market Value - Currency Code	Data Source URL
Pensioenfonds Detailhandel	Bundesrepublik Deutschland Bundesanleihe	Equity	2026	2.718.194.675	EUR	https://pensioenfondsdetailhandel.nl/content/Publicaties/Beleggingen-Pensioenfonds-Detailhandel.pdf
Pensioenfonds Detailhandel	European Union	Equity	2026	689.452.206	EUR	https://pensioenfondsdetailhandel.nl/content/Publicaties/Beleggingen-Pensioenfonds-Detailhandel.pdf
Pensioenfonds Detailhandel	Finland Government Bond	Equity	2026	237.464.921	EUR	https://pensioenfondsdetailhandel.nl/content/Publicaties/Beleggingen-Pensioenfonds-Detailhandel.pdf
Pensioenfonds Detailhandel	French Republic Government Bond	Equity	2026	3.267.680.939	EUR	https://pensioenfondsdetailhandel.nl/content/Publicaties/Beleggingen-Pensioenfonds-Detailhandel.pdf
Pensioenfonds Detailhandel	Ireland Government Bond	Equity	2026	104.198.153	EUR	https://pensioenfondsdetailhandel.nl/content/Publicaties/Beleggingen-Pensioenfonds-Detailhandel.pdf
Pensioenfonds Detailhandel	Luxembourg Government Bond	Equity	2026	24.637.367	EUR	https://pensioenfondsdetailhandel.nl/content/Publicaties/Beleggingen-Pensioenfonds-Detailhandel.pdf
Pensioenfonds Detailhandel	Netherlands Government Bond	Equity	2026	648.136.320	EUR	https://pensioenfondsdetailhandel.nl/content/Publicaties/Beleggingen-Pensioenfonds-Detailhandel.pdf
Pensioenfonds Detailhandel	Republic of Austria Government Bond	Equity	2026	511.992.703	EUR	https://pensioenfondsdetailhandel.nl/content/Publicaties/Beleggingen-Pensioenfonds-Detailhandel.pdf
Pensioenfonds Detailhandel	3M Co	Equity	2026	876.941	EUR	https://pensioenfondsdetailhandel.nl/content/Publicaties/Beleggingen-Pensioenfonds-Detailhandel.pdf
Pensioenfonds Detailhandel	Aareal Bank AG	Equity	2026	5.828.018	EUR	https://pensioenfondsdetailhandel.nl/content/Publicaties/Beleggingen-Pensioenfonds-Detailhandel.pdf
Pensioenfonds Detailhandel	Abanca Corp Bancaria SA	Equity	2026	2.514.427	EUR	https://pensioenfondsdetailhandel.nl/content/Publicaties/Beleggingen-Pensioenfonds-Detailhandel.pdf
Pensioenfonds Detailhandel	ABB Finance BV	Equity	2026	763.915	EUR	https://pensioenfondsdetailhandel.nl/content/Publicaties/Beleggingen-Pensioenfonds-Detailhandel.pdf
Pensioenfonds Detailhandel	Abbott Ireland Financing DAC	Equity	2026	433.035	EUR	https://pensioenfondsdetailhandel.nl/content/Publicaties/Beleggingen-Pensioenfonds-Detailhandel.pdf
Pensioenfonds Detailhandel	ABEILLE VIE SA d'Assurances Vie et de Ca	Equity	2026	230.504	EUR	https://pensioenfondsdetailhandel.nl/content/Publicaties/Beleggingen-Pensioenfonds-Detailhandel.pdf
Pensioenfonds Detailhandel	Abertis France SAS	Equity	2026	2.612.674	EUR	https://pensioenfondsdetailhandel.nl/content/Publicaties/Beleggingen-Pensioenfonds-Detailhandel.pdf
Pensioenfonds Detailhandel	Abertis Infraestructuras SA	Equity	2026	4.828.634	EUR	https://pensioenfondsdetailhandel.nl/content/Publicaties/Beleggingen-Pensioenfonds-Detailhandel.pdf
Pensioenfonds Detailhandel	ABN AMRO Bank NV	Equity	2026	14.328.901	EUR	https://pensioenfondsdetailhandel.nl/content/Publicaties/Beleggingen-Pensioenfonds-Detailhandel.pdf
Pensioenfonds Detailhandel	ACEA SpA	Equity	2026	2.691.281	EUR	https://pensioenfondsdetailhandel.nl/content/Publicaties/Beleggingen-Pensioenfonds-Detailhandel.pdf
Pensioenfonds Detailhandel	Acef Holding SCA	Equity	2026	1.445.974	EUR	https://pensioenfondsdetailhandel.nl/content/Publicaties/Beleggingen-Pensioenfonds-Detailhandel.pdf
Pensioenfonds Detailhandel	Achmea Bank NV	Equity	2026	3.571.479	EUR	https://pensioenfondsdetailhandel.nl/content/Publicaties/Beleggingen-Pensioenfonds-Detailhandel.pdf
Pensioenfonds Detailhandel	Achmea BV	Equity	2026	624.873	EUR	https://pensioenfondsdetailhandel.nl/content/Publicaties/Beleggingen-Pensioenfonds-Detailhandel.pdf
Pensioenfonds Detailhandel	Action Logement Services	Equity	2026	4.297.534	EUR	https://pensioenfondsdetailhandel.nl/content/Publicaties/Beleggingen-Pensioenfonds-Detailhandel.pdf
Pensioenfonds Detailhandel	Adecco International Financial Services	Equity	2026	222.839	EUR	https://pensioenfondsdetailhandel.nl/content/Publicaties/Beleggingen-Pensioenfonds-Detailhandel.pdf
Pensioenfonds Detailhandel	adidas AG	Equity	2026	824.375	EUR	https://pensioenfondsdetailhandel.nl/content/Publicaties/Beleggingen-Pensioenfonds-Detailhandel.pdf
Pensioenfonds Detailhandel	Adif Alta Velocidad	Equity	2026	3.690.262	EUR	https://pensioenfondsdetailhandel.nl/content/Publicaties/Beleggingen-Pensioenfonds-Detailhandel.pdf
Pensioenfonds Detailhandel	Aena SME SA	Equity	2026	390.645	EUR	https://pensioenfondsdetailhandel.nl/content/Publicaties/Beleggingen-Pensioenfonds-Detailhandel.pdf
Pensioenfonds Detailhandel	Aeroporti di Roma SpA	Equity	2026	983.192	EUR	https://pensioenfondsdetailhandel.nl/content/Publicaties/Beleggingen-Pensioenfonds-Detailhandel.pdf
Pensioenfonds Detailhandel	Aeroports de Paris SA	Equity	2026	1.871.908	EUR	https://pensioenfondsdetailhandel.nl/content/Publicaties/Beleggingen-Pensioenfonds-Detailhandel.pdf
Pensioenfonds Detailhandel	African Development Bank	Equity	2026	3.578.212	EUR	https://pensioenfondsdetailhandel.nl/content/Publicaties/Beleggingen-Pensioenfonds-Detailhandel.pdf
Pensioenfonds Detailhandel	Agence Francaise de Developpement EPIC	Equity	2026	13.117.083	EUR	https://pensioenfondsdetailhandel.nl/content/Publicaties/Beleggingen-Pensioenfonds-Detailhandel.pdf
Pensioenfonds Detailhandel	Agence France Locale	Equity	2026	2.041.143	EUR	https://pensioenfondsdetailhandel.nl/content/Publicaties/Beleggingen-Pensioenfonds-Detailhandel.pdf
Pensioenfonds Detailhandel	AIB Group PLC	Equity	2026	7.468.526	EUR	https://pensioenfondsdetailhandel.nl/content/Publicaties/Beleggingen-Pensioenfonds-Detailhandel.pdf
Pensioenfonds Detailhandel	Akelius Residential Property Financing B	Equity	2026	1.222.964	EUR	https://pensioenfondsdetailhandel.nl/content/Publicaties/Beleggingen-Pensioenfonds-Detailhandel.pdf
Pensioenfonds Detailhandel	Aker BP ASA	Equity	2026	411.096	EUR	https://pensioenfondsdetailhandel.nl/content/Publicaties/Beleggingen-Pensioenfonds-Detailhandel.pdf
Pensioenfonds Detailhandel	Aktia Bank Oyj	Equity	2026	797.942	EUR	https://pensioenfondsdetailhandel.nl/content/Publicaties/Beleggingen-Pensioenfonds-Detailhandel.pdf
Pensioenfonds Detailhandel	Akzo Nobel NV	Equity	2026	2.201.217	EUR	https://pensioenfondsdetailhandel.nl/content/Publicaties/Beleggingen-Pensioenfonds-Detailhandel.pdf
Pensioenfonds Detailhandel	Aliaxis Holdings SA	Equity	2026	750.987	EUR	https://pensioenfondsdetailhandel.nl/content/Publicaties/Beleggingen-Pensioenfonds-Detailhandel.pdf
Pensioenfonds Detailhandel	Alliander NV	Equity	2026	5.747.639	EUR	https://pensioenfondsdetailhandel.nl/content/Publicaties/Beleggingen-Pensioenfonds-Detailhandel.pdf
Pensioenfonds Detailhandel	Allianz Finance II BV	Equity	2026	3.852.593	EUR	https://pensioenfondsdetailhandel.nl/content/Publicaties/Beleggingen-Pensioenfonds-Detailhandel.pdf
Pensioenfonds Detailhandel	Allianz SE	Equity	2026	2.219.718	EUR	https://pensioenfondsdetailhandel.nl/content/Publicaties/Beleggingen-Pensioenfonds-Detailhandel.pdf
Pensioenfonds Detailhandel	Alpha Bank SA	Equity	2026	544.250	EUR	https://pensioenfondsdetailhandel.nl/content/Publicaties/Beleggingen-Pensioenfonds-Detailhandel.pdf
Pensioenfonds Detailhandel	Alphabet Inc	Equity	2026	3.853.822	EUR	https://pensioenfondsdetailhandel.nl/content/Publicaties/Beleggingen-Pensioenfonds-Detailhandel.pdf
Pensioenfonds Detailhandel	Alstom SA	Equity	2026	1.101.965	EUR	https://pensioenfondsdetailhandel.nl/content/Publicaties/Beleggingen-Pensioenfonds-Detailhandel.pdf
Pensioenfonds Detailhandel	Altrad Investment Authority SAS	Equity	2026	613.617	EUR	https://pensioenfondsdetailhandel.nl/content/Publicaties/Beleggingen-Pensioenfonds-Detailhandel.pdf
Pensioenfonds Detailhandel	Amadeus IT Group SA	Equity	2026	1.687.904	EUR	https://pensioenfondsdetailhandel.nl/content/Publicaties/Beleggingen-Pensioenfonds-Detailhandel.pdf
Pensioenfonds Detailhandel	com Inc	Equity	2026	7.827.019	EUR	https://pensioenfondsdetailhandel.nl/content/Publicaties/Beleggingen-Pensioenfonds-Detailhandel.pdf
Pensioenfonds Detailhandel	AMCO - Asset Management Co SpA	Equity	2026	1.377.096	EUR	https://pensioenfondsdetailhandel.nl/content/Publicaties/Beleggingen-Pensioenfonds-Detailhandel.pdf
Pensioenfonds Detailhandel	America Movil BV	Equity	2026	796.150	EUR	https://pensioenfondsdetailhandel.nl/content/Publicaties/Beleggingen-Pensioenfonds-Detailhandel.pdf
Pensioenfonds Detailhandel	America Movil SAB de CV	Equity	2026	538.679	EUR	https://pensioenfondsdetailhandel.nl/content/Publicaties/Beleggingen-Pensioenfonds-Detailhandel.pdf
Pensioenfonds Detailhandel	American Honda Finance Corp	Equity	2026	2.163.223	EUR	https://pensioenfondsdetailhandel.nl/content/Publicaties/Beleggingen-Pensioenfonds-Detailhandel.pdf
Pensioenfonds Detailhandel	American Medical Systems Europe BV	Equity	2026	3.571.514	EUR	https://pensioenfondsdetailhandel.nl/content/Publicaties/Beleggingen-Pensioenfonds-Detailhandel.pdf
Pensioenfonds Detailhandel	Amprion GmbH	Equity	2026	15.208.628	EUR	https://pensioenfondsdetailhandel.nl/content/Publicaties/Beleggingen-Pensioenfonds-Detailhandel.pdf
Pensioenfonds Detailhandel	Anheuser-Busch InBev SA/NV	Equity	2026	2.258.603	EUR	https://pensioenfondsdetailhandel.nl/content/Publicaties/Beleggingen-Pensioenfonds-Detailhandel.pdf
Pensioenfonds Detailhandel	ANZ New Zealand Int'l Ltd/London	Equity	2026	1.067.811	EUR	https://pensioenfondsdetailhandel.nl/content/Publicaties/Beleggingen-Pensioenfonds-Detailhandel.pdf
Pensioenfonds Detailhandel	APA Infrastructure Ltd	Equity	2026	1.129.367	EUR	https://pensioenfondsdetailhandel.nl/content/Publicaties/Beleggingen-Pensioenfonds-Detailhandel.pdf
Pensioenfonds Detailhandel	Apple Inc	Equity	2026	2.439.682	EUR	https://pensioenfondsdetailhandel.nl/content/Publicaties/Beleggingen-Pensioenfonds-Detailhandel.pdf
Pensioenfonds Detailhandel	Aptiv Swiss Holdings Ltd	Equity	2026	493.206	EUR	https://pensioenfondsdetailhandel.nl/content/Publicaties/Beleggingen-Pensioenfonds-Detailhandel.pdf
Pensioenfonds Detailhandel	Argenta Spaarbank NV	Equity	2026	3.165.060	EUR	https://pensioenfondsdetailhandel.nl/content/Publicaties/Beleggingen-Pensioenfonds-Detailhandel.pdf
Pensioenfonds Detailhandel	Argentum Netherlands BV for Givaudan SA	Equity	2026	379.853	EUR	https://pensioenfondsdetailhandel.nl/content/Publicaties/Beleggingen-Pensioenfonds-Detailhandel.pdf
Pensioenfonds Detailhandel	Argentum Netherlands BV for Zurich Insur	Equity	2026	587.380	EUR	https://pensioenfondsdetailhandel.nl/content/Publicaties/Beleggingen-Pensioenfonds-Detailhandel.pdf
Pensioenfonds Detailhandel	Arkea Home Loans SFH SA	Equity	2026	3.241.834	EUR	https://pensioenfondsdetailhandel.nl/content/Publicaties/Beleggingen-Pensioenfonds-Detailhandel.pdf
Pensioenfonds Detailhandel	Arkea Public Sector SCF SA	Equity	2026	1.171.965	EUR	https://pensioenfondsdetailhandel.nl/content/Publicaties/Beleggingen-Pensioenfonds-Detailhandel.pdf
Pensioenfonds Detailhandel	Arkema SA	Equity	2026	959.830	EUR	https://pensioenfondsdetailhandel.nl/content/Publicaties/Beleggingen-Pensioenfonds-Detailhandel.pdf
Pensioenfonds Detailhandel	Arval Service Lease SA/France	Equity	2026	635.449	EUR	https://pensioenfondsdetailhandel.nl/content/Publicaties/Beleggingen-Pensioenfonds-Detailhandel.pdf
Pensioenfonds Detailhandel	Asahi Group Holdings Ltd	Equity	2026	1.979.850	EUR	https://pensioenfondsdetailhandel.nl/content/Publicaties/Beleggingen-Pensioenfonds-Detailhandel.pdf
Pensioenfonds Detailhandel	ASB Bank Ltd	Equity	2026	1.474.895	EUR	https://pensioenfondsdetailhandel.nl/content/Publicaties/Beleggingen-Pensioenfonds-Detailhandel.pdf
Pensioenfonds Detailhandel	Asian Development Bank	Equity	2026	9.178.885	EUR	https://pensioenfondsdetailhandel.nl/content/Publicaties/Beleggingen-Pensioenfonds-Detailhandel.pdf
Pensioenfonds Detailhandel	Asian Infrastructure Investment Bank/The	Equity	2026	2.220.609	EUR	https://pensioenfondsdetailhandel.nl/content/Publicaties/Beleggingen-Pensioenfonds-Detailhandel.pdf
Pensioenfonds Detailhandel	ASML Holding NV	Equity	2026	2.002.306	EUR	https://pensioenfondsdetailhandel.nl/content/Publicaties/Beleggingen-Pensioenfonds-Detailhandel.pdf
Pensioenfonds Detailhandel	ASN Bank NV	Equity	2026	4.998.376	EUR	https://pensioenfondsdetailhandel.nl/content/Publicaties/Beleggingen-Pensioenfonds-Detailhandel.pdf
Pensioenfonds Detailhandel	ASR Nederland NV	Equity	2026	2.846.610	EUR	https://pensioenfondsdetailhandel.nl/content/Publicaties/Beleggingen-Pensioenfonds-Detailhandel.pdf
Pensioenfonds Detailhandel	ASTM SpA	Equity	2026	1.865.716	EUR	https://pensioenfondsdetailhandel.nl/content/Publicaties/Beleggingen-Pensioenfonds-Detailhandel.pdf
Pensioenfonds Detailhandel	Astrazeneca Finance LLC	Equity	2026	606.545	EUR	https://pensioenfondsdetailhandel.nl/content/Publicaties/Beleggingen-Pensioenfonds-Detailhandel.pdf
Pensioenfonds Detailhandel	AstraZeneca PLC	Equity	2026	1.891.265	EUR	https://pensioenfondsdetailhandel.nl/content/Publicaties/Beleggingen-Pensioenfonds-Detailhandel.pdf
Pensioenfonds Detailhandel	AT&T Inc	Equity	2026	12.867.400	EUR	https://pensioenfondsdetailhandel.nl/content/Publicaties/Beleggingen-Pensioenfonds-Detailhandel.pdf
Pensioenfonds Detailhandel	Athene Global Funding	Equity	2026	1.386.739	EUR	https://pensioenfondsdetailhandel.nl/content/Publicaties/Beleggingen-Pensioenfonds-Detailhandel.pdf
Pensioenfonds Detailhandel	Atlas Copco Finance DAC	Equity	2026	235.132	EUR	https://pensioenfondsdetailhandel.nl/content/Publicaties/Beleggingen-Pensioenfonds-Detailhandel.pdf
Pensioenfonds Detailhandel	Auckland Council	Equity	2026	1.908.288	EUR	https://pensioenfondsdetailhandel.nl/content/Publicaties/Beleggingen-Pensioenfonds-Detailhandel.pdf
Pensioenfonds Detailhandel	Ausgrid Finance Pty Ltd	Equity	2026	539.501	EUR	https://pensioenfondsdetailhandel.nl/content/Publicaties/Beleggingen-Pensioenfonds-Detailhandel.pdf
Pensioenfonds Detailhandel	Australia & New Zealand Banking Group Lt	Equity	2026	1.816.764	EUR	https://pensioenfondsdetailhandel.nl/content/Publicaties/Beleggingen-Pensioenfonds-Detailhandel.pdf
Pensioenfonds Detailhandel	Australia Pacific Airports Melbourne Pty	Equity	2026	1.278.320	EUR	https://pensioenfondsdetailhandel.nl/content/Publicaties/Beleggingen-Pensioenfonds-Detailhandel.pdf
Pensioenfonds Detailhandel	Autobahnen- und Schnell- strassen-Finanz	Equity	2026	2.167.167	EUR	https://pensioenfondsdetailhandel.nl/content/Publicaties/Beleggingen-Pensioenfonds-Detailhandel.pdf
Pensioenfonds Detailhandel	Autonomous Community of Madrid Spain	Equity	2026	6.977.281	EUR	https://pensioenfondsdetailhandel.nl/content/Publicaties/Beleggingen-Pensioenfonds-Detailhandel.pdf
Pensioenfonds Detailhandel	Autoroutes du Sud de la France SA	Equity	2026	1.429.347	EUR	https://pensioenfondsdetailhandel.nl/content/Publicaties/Beleggingen-Pensioenfonds-Detailhandel.pdf
Pensioenfonds Detailhandel	Autostrade per l'Italia SpA	Equity	2026	4.955.427	EUR	https://pensioenfondsdetailhandel.nl/content/Publicaties/Beleggingen-Pensioenfonds-Detailhandel.pdf
Pensioenfonds Detailhandel	Avinor AS	Equity	2026	450.332	EUR	https://pensioenfondsdetailhandel.nl/content/Publicaties/Beleggingen-Pensioenfonds-Detailhandel.pdf
Pensioenfonds Detailhandel	Aviva PLC	Equity	2026	623.046	EUR	https://pensioenfondsdetailhandel.nl/content/Publicaties/Beleggingen-Pensioenfonds-Detailhandel.pdf
Pensioenfonds Detailhandel	AXA Home Loan SFH SA	Equity	2026	1.065.276	EUR	https://pensioenfondsdetailhandel.nl/content/Publicaties/Beleggingen-Pensioenfonds-Detailhandel.pdf
Pensioenfonds Detailhandel	AXA SA	Equity	2026	8.604.807	EUR	https://pensioenfondsdetailhandel.nl/content/Publicaties/Beleggingen-Pensioenfonds-Detailhandel.pdf
Pensioenfonds Detailhandel	AYT Cedulas Cajas Global FTA	Equity	2026	1.483.876	EUR	https://pensioenfondsdetailhandel.nl/content/Publicaties/Beleggingen-Pensioenfonds-Detailhandel.pdf
Pensioenfonds Detailhandel	Ayvens SA	Equity	2026	1.751.914	EUR	https://pensioenfondsdetailhandel.nl/content/Publicaties/Beleggingen-Pensioenfonds-Detailhandel.pdf
Pensioenfonds Detailhandel	Banca Monte dei Paschi di Siena SpA	Equity	2026	2.804.548	EUR	https://pensioenfondsdetailhandel.nl/content/Publicaties/Beleggingen-Pensioenfonds-Detailhandel.pdf
Pensioenfonds Detailhandel	Banco Bilbao Vizcaya Argentaria SA	Equity	2026	9.755.457	EUR	https://pensioenfondsdetailhandel.nl/content/Publicaties/Beleggingen-Pensioenfonds-Detailhandel.pdf
Pensioenfonds Detailhandel	Banco BPI SA	Equity	2026	494.938	EUR	https://pensioenfondsdetailhandel.nl/content/Publicaties/Beleggingen-Pensioenfonds-Detailhandel.pdf
Pensioenfonds Detailhandel	Banco BPM SpA	Equity	2026	1.851.041	EUR	https://pensioenfondsdetailhandel.nl/content/Publicaties/Beleggingen-Pensioenfonds-Detailhandel.pdf
Pensioenfonds Detailhandel	Banco de Credito Social Cooperativo SA	Equity	2026	1.548.309	EUR	https://pensioenfondsdetailhandel.nl/content/Publicaties/Beleggingen-Pensioenfonds-Detailhandel.pdf
Pensioenfonds Detailhandel	Banco de Sabadell SA	Equity	2026	5.162.388	EUR	https://pensioenfondsdetailhandel.nl/content/Publicaties/Beleggingen-Pensioenfonds-Detailhandel.pdf
Pensioenfonds Detailhandel	Banco Santander SA	Equity	2026	33.019.365	EUR	https://pensioenfondsdetailhandel.nl/content/Publicaties/Beleggingen-Pensioenfonds-Detailhandel.pdf
Pensioenfonds Detailhandel	Banco Santander Totta SA	Equity	2026	1.193.548	EUR	https://pensioenfondsdetailhandel.nl/content/Publicaties/Beleggingen-Pensioenfonds-Detailhandel.pdf
Pensioenfonds Detailhandel	Bank Gospodarstwa Krajowego	Equity	2026	3.296.600	EUR	https://pensioenfondsdetailhandel.nl/content/Publicaties/Beleggingen-Pensioenfonds-Detailhandel.pdf
Pensioenfonds Detailhandel	Bank Leumi Le-Israel BM	Equity	2026	595.817	EUR	https://pensioenfondsdetailhandel.nl/content/Publicaties/Beleggingen-Pensioenfonds-Detailhandel.pdf
Pensioenfonds Detailhandel	Bank Millennium SA	Equity	2026	738.281	EUR	https://pensioenfondsdetailhandel.nl/content/Publicaties/Beleggingen-Pensioenfonds-Detailhandel.pdf
Pensioenfonds Detailhandel	Bank of America Corp	Equity	2026	3.046.811	EUR	https://pensioenfondsdetailhandel.nl/content/Publicaties/Beleggingen-Pensioenfonds-Detailhandel.pdf
Pensioenfonds Detailhandel	Bank of Montreal	Equity	2026	4.863.928	EUR	https://pensioenfondsdetailhandel.nl/content/Publicaties/Beleggingen-Pensioenfonds-Detailhandel.pdf
Pensioenfonds Detailhandel	Bank of New Zealand	Equity	2026	1.731.733	EUR	https://pensioenfondsdetailhandel.nl/content/Publicaties/Beleggingen-Pensioenfonds-Detailhandel.pdf
Pensioenfonds Detailhandel	Bank of Nova Scotia/The	Equity	2026	6.213.018	EUR	https://pensioenfondsdetailhandel.nl/content/Publicaties/Beleggingen-Pensioenfonds-Detailhandel.pdf
Pensioenfonds Detailhandel	Bank of Queensland Ltd	Equity	2026	508.186	EUR	https://pensioenfondsdetailhandel.nl/content/Publicaties/Beleggingen-Pensioenfonds-Detailhandel.pdf
Pensioenfonds Detailhandel	Bank Polska Kasa Opieki SA	Equity	2026	787.942	EUR	https://pensioenfondsdetailhandel.nl/content/Publicaties/Beleggingen-Pensioenfonds-Detailhandel.pdf
Pensioenfonds Detailhandel	Bankinter SA	Equity	2026	3.023.624	EUR	https://pensioenfondsdetailhandel.nl/content/Publicaties/Beleggingen-Pensioenfonds-Detailhandel.pdf
Pensioenfonds Detailhandel	Banque Federative du Credit Mutuel SA	Equity	2026	29.275.844	EUR	https://pensioenfondsdetailhandel.nl/content/Publicaties/Beleggingen-Pensioenfonds-Detailhandel.pdf
Pensioenfonds Detailhandel	Banque Ouest Africaine de Developpement	Equity	2026	1.006.061	EUR	https://pensioenfondsdetailhandel.nl/content/Publicaties/Beleggingen-Pensioenfonds-Detailhandel.pdf
Pensioenfonds Detailhandel	Banque Stellantis France SACA	Equity	2026	708.791	EUR	https://pensioenfondsdetailhandel.nl/content/Publicaties/Beleggingen-Pensioenfonds-Detailhandel.pdf
Pensioenfonds Detailhandel	Barclays PLC	Equity	2026	12.158.523	EUR	https://pensioenfondsdetailhandel.nl/content/Publicaties/Beleggingen-Pensioenfonds-Detailhandel.pdf
Pensioenfonds Detailhandel	BASF SE	Equity	2026	2.968.590	EUR	https://pensioenfondsdetailhandel.nl/content/Publicaties/Beleggingen-Pensioenfonds-Detailhandel.pdf
Pensioenfonds Detailhandel	Basque Government	Equity	2026	1.491.590	EUR	https://pensioenfondsdetailhandel.nl/content/Publicaties/Beleggingen-Pensioenfonds-Detailhandel.pdf
Pensioenfonds Detailhandel	Bausparkasse Schwaebisch Hall AG	Equity	2026	2.802.178	EUR	https://pensioenfondsdetailhandel.nl/content/Publicaties/Beleggingen-Pensioenfonds-Detailhandel.pdf
Pensioenfonds Detailhandel	BAWAG PSK Bank fuer Arbeit und Wirtschaf	Equity	2026	6.664.699	EUR	https://pensioenfondsdetailhandel.nl/content/Publicaties/Beleggingen-Pensioenfonds-Detailhandel.pdf
Pensioenfonds Detailhandel	Bayer AG	Equity	2026	5.763.448	EUR	https://pensioenfondsdetailhandel.nl/content/Publicaties/Beleggingen-Pensioenfonds-Detailhandel.pdf
Pensioenfonds Detailhandel	Bayer Capital Corp BV	Equity	2026	1.048.059	EUR	https://pensioenfondsdetailhandel.nl/content/Publicaties/Beleggingen-Pensioenfonds-Detailhandel.pdf
Pensioenfonds Detailhandel	Bayerische Landesbank	Equity	2026	8.914.924	EUR	https://pensioenfondsdetailhandel.nl/content/Publicaties/Beleggingen-Pensioenfonds-Detailhandel.pdf
Pensioenfonds Detailhandel	Bayerische Landesbodenkreditanstalt	Equity	2026	719.518	EUR	https://pensioenfondsdetailhandel.nl/content/Publicaties/Beleggingen-Pensioenfonds-Detailhandel.pdf
Pensioenfonds Detailhandel	Belfius Bank SA	Equity	2026	8.711.768	EUR	https://pensioenfondsdetailhandel.nl/content/Publicaties/Beleggingen-Pensioenfonds-Detailhandel.pdf
Pensioenfonds Detailhandel	Bertelsmann SE & Co KGaA	Equity	2026	2.553.360	EUR	https://pensioenfondsdetailhandel.nl/content/Publicaties/Beleggingen-Pensioenfonds-Detailhandel.pdf
Pensioenfonds Detailhandel	Bevco Lux Sarl	Equity	2026	861.284	EUR	https://pensioenfondsdetailhandel.nl/content/Publicaties/Beleggingen-Pensioenfonds-Detailhandel.pdf
Pensioenfonds Detailhandel	BHP Billiton Finance Ltd	Equity	2026	937.389	EUR	https://pensioenfondsdetailhandel.nl/content/Publicaties/Beleggingen-Pensioenfonds-Detailhandel.pdf
Pensioenfonds Detailhandel	Blackstone Property Partners Europe Hold	Equity	2026	2.187.308	EUR	https://pensioenfondsdetailhandel.nl/content/Publicaties/Beleggingen-Pensioenfonds-Detailhandel.pdf
Pensioenfonds Detailhandel	Blue Owl Credit Income Corp	Equity	2026	375.131	EUR	https://pensioenfondsdetailhandel.nl/content/Publicaties/Beleggingen-Pensioenfonds-Detailhandel.pdf
Pensioenfonds Detailhandel	BMW Finance NV	Equity	2026	7.082.159	EUR	https://pensioenfondsdetailhandel.nl/content/Publicaties/Beleggingen-Pensioenfonds-Detailhandel.pdf
Pensioenfonds Detailhandel	BMW International Investment BV	Equity	2026	3.407.466	EUR	https://pensioenfondsdetailhandel.nl/content/Publicaties/Beleggingen-Pensioenfonds-Detailhandel.pdf
Pensioenfonds Detailhandel	BMW US Capital LLC	Equity	2026	1.172.411	EUR	https://pensioenfondsdetailhandel.nl/content/Publicaties/Beleggingen-Pensioenfonds-Detailhandel.pdf
Pensioenfonds Detailhandel	BNG Bank NV	Equity	2026	11.151.852	EUR	https://pensioenfondsdetailhandel.nl/content/Publicaties/Beleggingen-Pensioenfonds-Detailhandel.pdf
Pensioenfonds Detailhandel	BNI Finance BV	Equity	2026	717.056	EUR	https://pensioenfondsdetailhandel.nl/content/Publicaties/Beleggingen-Pensioenfonds-Detailhandel.pdf
Pensioenfonds Detailhandel	BNP Paribas Fortis SA	Equity	2026	576.236	EUR	https://pensioenfondsdetailhandel.nl/content/Publicaties/Beleggingen-Pensioenfonds-Detailhandel.pdf
Pensioenfonds Detailhandel	BNP Paribas Home Loan SFH SA	Equity	2026	1.623.199	EUR	https://pensioenfondsdetailhandel.nl/content/Publicaties/Beleggingen-Pensioenfonds-Detailhandel.pdf
Pensioenfonds Detailhandel	BNP Paribas SA	Equity	2026	45.982.902	EUR	https://pensioenfondsdetailhandel.nl/content/Publicaties/Beleggingen-Pensioenfonds-Detailhandel.pdf
Pensioenfonds Detailhandel	Boston Scientific Corp	Equity	2026	985.615	EUR	https://pensioenfondsdetailhandel.nl/content/Publicaties/Beleggingen-Pensioenfonds-Detailhandel.pdf
Pensioenfonds Detailhandel	Bouygues SA	Equity	2026	2.499.599	EUR	https://pensioenfondsdetailhandel.nl/content/Publicaties/Beleggingen-Pensioenfonds-Detailhandel.pdf
Pensioenfonds Detailhandel	BP Capital Markets PLC	Equity	2026	406.020	EUR	https://pensioenfondsdetailhandel.nl/content/Publicaties/Beleggingen-Pensioenfonds-Detailhandel.pdf
Pensioenfonds Detailhandel	BPCE SA	Equity	2026	20.570.958	EUR	https://pensioenfondsdetailhandel.nl/content/Publicaties/Beleggingen-Pensioenfonds-Detailhandel.pdf
Pensioenfonds Detailhandel	BPCE SFH SA	Equity	2026	21.156.979	EUR	https://pensioenfondsdetailhandel.nl/content/Publicaties/Beleggingen-Pensioenfonds-Detailhandel.pdf
Pensioenfonds Detailhandel	BPER Banca SPA	Equity	2026	1.903.328	EUR	https://pensioenfondsdetailhandel.nl/content/Publicaties/Beleggingen-Pensioenfonds-Detailhandel.pdf
Pensioenfonds Detailhandel	Bpifrance SACA	Equity	2026	16.175.652	EUR	https://pensioenfondsdetailhandel.nl/content/Publicaties/Beleggingen-Pensioenfonds-Detailhandel.pdf
Pensioenfonds Detailhandel	Brambles Finance PLC	Equity	2026	497.660	EUR	https://pensioenfondsdetailhandel.nl/content/Publicaties/Beleggingen-Pensioenfonds-Detailhandel.pdf
Pensioenfonds Detailhandel	Brambles USA Inc	Equity	2026	408.524	EUR	https://pensioenfondsdetailhandel.nl/content/Publicaties/Beleggingen-Pensioenfonds-Detailhandel.pdf
Pensioenfonds Detailhandel	British Telecommunications PLC	Equity	2026	5.024.252	EUR	https://pensioenfondsdetailhandel.nl/content/Publicaties/Beleggingen-Pensioenfonds-Detailhandel.pdf
Pensioenfonds Detailhandel	Bulgaria Government International Bond	Equity	2026	5.172.839	EUR	https://pensioenfondsdetailhandel.nl/content/Publicaties/Beleggingen-Pensioenfonds-Detailhandel.pdf
Pensioenfonds Detailhandel	Bureau Veritas SA	Equity	2026	1.187.145	EUR	https://pensioenfondsdetailhandel.nl/content/Publicaties/Beleggingen-Pensioenfonds-Detailhandel.pdf
Pensioenfonds Detailhandel	CA Auto Bank SPA/Ireland	Equity	2026	1.386.346	EUR	https://pensioenfondsdetailhandel.nl/content/Publicaties/Beleggingen-Pensioenfonds-Detailhandel.pdf
Pensioenfonds Detailhandel	Cadent Finance PLC	Equity	2026	3.119.654	EUR	https://pensioenfondsdetailhandel.nl/content/Publicaties/Beleggingen-Pensioenfonds-Detailhandel.pdf
Pensioenfonds Detailhandel	Caisse d'Amortissement de la Dette Socia	Equity	2026	27.253.345	EUR	https://pensioenfondsdetailhandel.nl/content/Publicaties/Beleggingen-Pensioenfonds-Detailhandel.pdf
Pensioenfonds Detailhandel	Caisse de Refinancement de l'Habitat SA	Equity	2026	10.091.108	EUR	https://pensioenfondsdetailhandel.nl/content/Publicaties/Beleggingen-Pensioenfonds-Detailhandel.pdf
Pensioenfonds Detailhandel	Caisse des Depots et Consignations	Equity	2026	2.452.668	EUR	https://pensioenfondsdetailhandel.nl/content/Publicaties/Beleggingen-Pensioenfonds-Detailhandel.pdf
Pensioenfonds Detailhandel	Caisse Francaise de Financement Local SA	Equity	2026	16.878.941	EUR	https://pensioenfondsdetailhandel.nl/content/Publicaties/Beleggingen-Pensioenfonds-Detailhandel.pdf
Pensioenfonds Detailhandel	Caixa Geral de Depositos SA	Equity	2026	212.245	EUR	https://pensioenfondsdetailhandel.nl/content/Publicaties/Beleggingen-Pensioenfonds-Detailhandel.pdf
Pensioenfonds Detailhandel	CaixaBank SA	Equity	2026	27.056.314	EUR	https://pensioenfondsdetailhandel.nl/content/Publicaties/Beleggingen-Pensioenfonds-Detailhandel.pdf
Pensioenfonds Detailhandel	Caja Rural de Navarra SCC	Equity	2026	381.943	EUR	https://pensioenfondsdetailhandel.nl/content/Publicaties/Beleggingen-Pensioenfonds-Detailhandel.pdf
Pensioenfonds Detailhandel	Cajamar Caja Rural SCC	Equity	2026	411.769	EUR	https://pensioenfondsdetailhandel.nl/content/Publicaties/Beleggingen-Pensioenfonds-Detailhandel.pdf
Pensioenfonds Detailhandel	Canadian Imperial Bank of Commerce	Equity	2026	4.257.340	EUR	https://pensioenfondsdetailhandel.nl/content/Publicaties/Beleggingen-Pensioenfonds-Detailhandel.pdf
Pensioenfonds Detailhandel	Capgemini SE	Equity	2026	3.778.465	EUR	https://pensioenfondsdetailhandel.nl/content/Publicaties/Beleggingen-Pensioenfonds-Detailhandel.pdf
Pensioenfonds Detailhandel	Carlsberg Breweries A/S	Equity	2026	3.045.888	EUR	https://pensioenfondsdetailhandel.nl/content/Publicaties/Beleggingen-Pensioenfonds-Detailhandel.pdf
Pensioenfonds Detailhandel	Carrefour Banque SA	Equity	2026	208.527	EUR	https://pensioenfondsdetailhandel.nl/content/Publicaties/Beleggingen-Pensioenfonds-Detailhandel.pdf
Pensioenfonds Detailhandel	Carrefour SA	Equity	2026	3.507.829	EUR	https://pensioenfondsdetailhandel.nl/content/Publicaties/Beleggingen-Pensioenfonds-Detailhandel.pdf
Pensioenfonds Detailhandel	Cassa Depositi e Prestiti SpA	Equity	2026	2.992.024	EUR	https://pensioenfondsdetailhandel.nl/content/Publicaties/Beleggingen-Pensioenfonds-Detailhandel.pdf
Pensioenfonds Detailhandel	Castellum Helsinki Finance Holding Abp	Equity	2026	258.916	EUR	https://pensioenfondsdetailhandel.nl/content/Publicaties/Beleggingen-Pensioenfonds-Detailhandel.pdf
Pensioenfonds Detailhandel	CBRE Open-Ended Funds SCA SICAV-SIF	Equity	2026	1.867.152	EUR	https://pensioenfondsdetailhandel.nl/content/Publicaties/Beleggingen-Pensioenfonds-Detailhandel.pdf
Pensioenfonds Detailhandel	CCEP Finance Ireland DAC	Equity	2026	1.939.675	EUR	https://pensioenfondsdetailhandel.nl/content/Publicaties/Beleggingen-Pensioenfonds-Detailhandel.pdf
Pensioenfonds Detailhandel	CCF SFH SACA	Equity	2026	2.096.362	EUR	https://pensioenfondsdetailhandel.nl/content/Publicaties/Beleggingen-Pensioenfonds-Detailhandel.pdf
Pensioenfonds Detailhandel	CDP Financial Inc	Equity	2026	3.268.057	EUR	https://pensioenfondsdetailhandel.nl/content/Publicaties/Beleggingen-Pensioenfonds-Detailhandel.pdf
Pensioenfonds Detailhandel	CDP Reti SpA	Equity	2026	153.621	EUR	https://pensioenfondsdetailhandel.nl/content/Publicaties/Beleggingen-Pensioenfonds-Detailhandel.pdf
Pensioenfonds Detailhandel	Cellnex Finance Co SA	Equity	2026	3.508.947	EUR	https://pensioenfondsdetailhandel.nl/content/Publicaties/Beleggingen-Pensioenfonds-Detailhandel.pdf
Pensioenfonds Detailhandel	Cellnex Telecom SA	Equity	2026	846.844	EUR	https://pensioenfondsdetailhandel.nl/content/Publicaties/Beleggingen-Pensioenfonds-Detailhandel.pdf
Pensioenfonds Detailhandel	Cepsa Finance SA	Equity	2026	521.695	EUR	https://pensioenfondsdetailhandel.nl/content/Publicaties/Beleggingen-Pensioenfonds-Detailhandel.pdf
Pensioenfonds Detailhandel	Ceske Drahy AS	Equity	2026	103.456	EUR	https://pensioenfondsdetailhandel.nl/content/Publicaties/Beleggingen-Pensioenfonds-Detailhandel.pdf
Pensioenfonds Detailhandel	Chile Government International Bond	Equity	2026	4.380.416	EUR	https://pensioenfondsdetailhandel.nl/content/Publicaties/Beleggingen-Pensioenfonds-Detailhandel.pdf
Pensioenfonds Detailhandel	China Development Bank	Equity	2026	104.081	EUR	https://pensioenfondsdetailhandel.nl/content/Publicaties/Beleggingen-Pensioenfonds-Detailhandel.pdf
Pensioenfonds Detailhandel	China Government Bond	Equity	2026	595.758	EUR	https://pensioenfondsdetailhandel.nl/content/Publicaties/Beleggingen-Pensioenfonds-Detailhandel.pdf
Pensioenfonds Detailhandel	Cie de Financement Foncier SA	Equity	2026	15.530.871	EUR	https://pensioenfondsdetailhandel.nl/content/Publicaties/Beleggingen-Pensioenfonds-Detailhandel.pdf
Pensioenfonds Detailhandel	Cie de Saint-Gobain SA	Equity	2026	5.344.168	EUR	https://pensioenfondsdetailhandel.nl/content/Publicaties/Beleggingen-Pensioenfonds-Detailhandel.pdf
Pensioenfonds Detailhandel	Cie Generale des Etablissements Michelin	Equity	2026	1.082.067	EUR	https://pensioenfondsdetailhandel.nl/content/Publicaties/Beleggingen-Pensioenfonds-Detailhandel.pdf
Pensioenfonds Detailhandel	CIMIC Finance Ltd	Equity	2026	635.930	EUR	https://pensioenfondsdetailhandel.nl/content/Publicaties/Beleggingen-Pensioenfonds-Detailhandel.pdf
Pensioenfonds Detailhandel	Citigroup Inc	Equity	2026	9.958.212	EUR	https://pensioenfondsdetailhandel.nl/content/Publicaties/Beleggingen-Pensioenfonds-Detailhandel.pdf
Pensioenfonds Detailhandel	CNH Industrial Finance Europe SA	Equity	2026	832.920	EUR	https://pensioenfondsdetailhandel.nl/content/Publicaties/Beleggingen-Pensioenfonds-Detailhandel.pdf
Pensioenfonds Detailhandel	CNH Industrial NV	Equity	2026	1.829.112	EUR	https://pensioenfondsdetailhandel.nl/content/Publicaties/Beleggingen-Pensioenfonds-Detailhandel.pdf
Pensioenfonds Detailhandel	CNP Assurances SA	Equity	2026	3.743.539	EUR	https://pensioenfondsdetailhandel.nl/content/Publicaties/Beleggingen-Pensioenfonds-Detailhandel.pdf
Pensioenfonds Detailhandel	Coca-Cola Co/The	Equity	2026	4.811.541	EUR	https://pensioenfondsdetailhandel.nl/content/Publicaties/Beleggingen-Pensioenfonds-Detailhandel.pdf
Pensioenfonds Detailhandel	Coca-Cola Europacific Partners PLC	Equity	2026	3.780.784	EUR	https://pensioenfondsdetailhandel.nl/content/Publicaties/Beleggingen-Pensioenfonds-Detailhandel.pdf
Pensioenfonds Detailhandel	Coca-Cola HBC Finance BV	Equity	2026	2.370.775	EUR	https://pensioenfondsdetailhandel.nl/content/Publicaties/Beleggingen-Pensioenfonds-Detailhandel.pdf
Pensioenfonds Detailhandel	Coentreprise de Transport d'Electricite	Equity	2026	1.016.494	EUR	https://pensioenfondsdetailhandel.nl/content/Publicaties/Beleggingen-Pensioenfonds-Detailhandel.pdf
Pensioenfonds Detailhandel	Cofiroute SA	Equity	2026	835.710	EUR	https://pensioenfondsdetailhandel.nl/content/Publicaties/Beleggingen-Pensioenfonds-Detailhandel.pdf
Pensioenfonds Detailhandel	Colgate-Palmolive Co	Equity	2026	729.524	EUR	https://pensioenfondsdetailhandel.nl/content/Publicaties/Beleggingen-Pensioenfonds-Detailhandel.pdf
Pensioenfonds Detailhandel	Colombia Government International Bond	Equity	2026	368.918	EUR	https://pensioenfondsdetailhandel.nl/content/Publicaties/Beleggingen-Pensioenfonds-Detailhandel.pdf
Pensioenfonds Detailhandel	Colonial SFL Socimi SA	Equity	2026	5.121.183	EUR	https://pensioenfondsdetailhandel.nl/content/Publicaties/Beleggingen-Pensioenfonds-Detailhandel.pdf
Pensioenfonds Detailhandel	Commerzbank AG	Equity	2026	20.090.511	EUR	https://pensioenfondsdetailhandel.nl/content/Publicaties/Beleggingen-Pensioenfonds-Detailhandel.pdf
Pensioenfonds Detailhandel	Commonwealth Bank of Australia	Equity	2026	5.302.769	EUR	https://pensioenfondsdetailhandel.nl/content/Publicaties/Beleggingen-Pensioenfonds-Detailhandel.pdf
Pensioenfonds Detailhandel	Communaute Francaise de Belgique	Equity	2026	1.298.445	EUR	https://pensioenfondsdetailhandel.nl/content/Publicaties/Beleggingen-Pensioenfonds-Detailhandel.pdf
Pensioenfonds Detailhandel	Compass Group PLC	Equity	2026	688.937	EUR	https://pensioenfondsdetailhandel.nl/content/Publicaties/Beleggingen-Pensioenfonds-Detailhandel.pdf
Pensioenfonds Detailhandel	Cooperatieve Rabobank UA	Equity	2026	14.861.229	EUR	https://pensioenfondsdetailhandel.nl/content/Publicaties/Beleggingen-Pensioenfonds-Detailhandel.pdf
Pensioenfonds Detailhandel	Corp Andina de Fomento	Equity	2026	1.019.725	EUR	https://pensioenfondsdetailhandel.nl/content/Publicaties/Beleggingen-Pensioenfonds-Detailhandel.pdf
Pensioenfonds Detailhandel	Council Of Europe Development Bank	Equity	2026	7.649.810	EUR	https://pensioenfondsdetailhandel.nl/content/Publicaties/Beleggingen-Pensioenfonds-Detailhandel.pdf
Pensioenfonds Detailhandel	Coventry Building Society Charitable Fou	Equity	2026	1.058.375	EUR	https://pensioenfondsdetailhandel.nl/content/Publicaties/Beleggingen-Pensioenfonds-Detailhandel.pdf
Pensioenfonds Detailhandel	Covestro AG	Equity	2026	289.689	EUR	https://pensioenfondsdetailhandel.nl/content/Publicaties/Beleggingen-Pensioenfonds-Detailhandel.pdf
Pensioenfonds Detailhandel	Covivio SA/France	Equity	2026	2.397.359	EUR	https://pensioenfondsdetailhandel.nl/content/Publicaties/Beleggingen-Pensioenfonds-Detailhandel.pdf
Pensioenfonds Detailhandel	CPPIB Capital Inc	Equity	2026	5.537.568	EUR	https://pensioenfondsdetailhandel.nl/content/Publicaties/Beleggingen-Pensioenfonds-Detailhandel.pdf
Pensioenfonds Detailhandel	Credit Agricole Assurances SA	Equity	2026	2.483.093	EUR	https://pensioenfondsdetailhandel.nl/content/Publicaties/Beleggingen-Pensioenfonds-Detailhandel.pdf
Pensioenfonds Detailhandel	Credit Agricole Home Loan SFH SA	Equity	2026	16.938.332	EUR	https://pensioenfondsdetailhandel.nl/content/Publicaties/Beleggingen-Pensioenfonds-Detailhandel.pdf
Pensioenfonds Detailhandel	Credit Agricole Italia SpA	Equity	2026	4.889.130	EUR	https://pensioenfondsdetailhandel.nl/content/Publicaties/Beleggingen-Pensioenfonds-Detailhandel.pdf
Pensioenfonds Detailhandel	Credit Agricole Public Sector SCF SA	Equity	2026	2.567.440	EUR	https://pensioenfondsdetailhandel.nl/content/Publicaties/Beleggingen-Pensioenfonds-Detailhandel.pdf
Pensioenfonds Detailhandel	Credit Agricole SA	Equity	2026	21.658.357	EUR	https://pensioenfondsdetailhandel.nl/content/Publicaties/Beleggingen-Pensioenfonds-Detailhandel.pdf
Pensioenfonds Detailhandel	Credit Agricole SA/London	Equity	2026	2.048.896	EUR	https://pensioenfondsdetailhandel.nl/content/Publicaties/Beleggingen-Pensioenfonds-Detailhandel.pdf
Pensioenfonds Detailhandel	Credit Mutuel Arkea SA	Equity	2026	8.574.335	EUR	https://pensioenfondsdetailhandel.nl/content/Publicaties/Beleggingen-Pensioenfonds-Detailhandel.pdf
Pensioenfonds Detailhandel	Credit Mutuel Home Loan SFH SA	Equity	2026	12.683.538	EUR	https://pensioenfondsdetailhandel.nl/content/Publicaties/Beleggingen-Pensioenfonds-Detailhandel.pdf
Pensioenfonds Detailhandel	Credito Emiliano SpA	Equity	2026	568.560	EUR	https://pensioenfondsdetailhandel.nl/content/Publicaties/Beleggingen-Pensioenfonds-Detailhandel.pdf
Pensioenfonds Detailhandel	Crelan Home Loan SCF	Equity	2026	1.219.628	EUR	https://pensioenfondsdetailhandel.nl/content/Publicaties/Beleggingen-Pensioenfonds-Detailhandel.pdf
Pensioenfonds Detailhandel	Crelan SA	Equity	2026	2.236.316	EUR	https://pensioenfondsdetailhandel.nl/content/Publicaties/Beleggingen-Pensioenfonds-Detailhandel.pdf
Pensioenfonds Detailhandel	Criteria Caixa SA	Equity	2026	685.197	EUR	https://pensioenfondsdetailhandel.nl/content/Publicaties/Beleggingen-Pensioenfonds-Detailhandel.pdf
Pensioenfonds Detailhandel	Croatia Government International Bond	Equity	2026	4.419.405	EUR	https://pensioenfondsdetailhandel.nl/content/Publicaties/Beleggingen-Pensioenfonds-Detailhandel.pdf
Pensioenfonds Detailhandel	Czechoslovak Group AS	Equity	2026	726.545	EUR	https://pensioenfondsdetailhandel.nl/content/Publicaties/Beleggingen-Pensioenfonds-Detailhandel.pdf
Pensioenfonds Detailhandel	DAA Finance PLC	Equity	2026	555.338	EUR	https://pensioenfondsdetailhandel.nl/content/Publicaties/Beleggingen-Pensioenfonds-Detailhandel.pdf
Pensioenfonds Detailhandel	Danaher Corp	Equity	2026	483.729	EUR	https://pensioenfondsdetailhandel.nl/content/Publicaties/Beleggingen-Pensioenfonds-Detailhandel.pdf
Pensioenfonds Detailhandel	Danfoss Finance I BV	Equity	2026	579.320	EUR	https://pensioenfondsdetailhandel.nl/content/Publicaties/Beleggingen-Pensioenfonds-Detailhandel.pdf
Pensioenfonds Detailhandel	Danfoss Finance II BV	Equity	2026	546.096	EUR	https://pensioenfondsdetailhandel.nl/content/Publicaties/Beleggingen-Pensioenfonds-Detailhandel.pdf
Pensioenfonds Detailhandel	Danmarks Skibskredit A/S	Equity	2026	753.331	EUR	https://pensioenfondsdetailhandel.nl/content/Publicaties/Beleggingen-Pensioenfonds-Detailhandel.pdf
Pensioenfonds Detailhandel	Danone SA	Equity	2026	6.458.735	EUR	https://pensioenfondsdetailhandel.nl/content/Publicaties/Beleggingen-Pensioenfonds-Detailhandel.pdf
Pensioenfonds Detailhandel	Danske Bank A/S	Equity	2026	2.554.804	EUR	https://pensioenfondsdetailhandel.nl/content/Publicaties/Beleggingen-Pensioenfonds-Detailhandel.pdf
Pensioenfonds Detailhandel	Danske Kiinnitysluottopankki Oyj	Equity	2026	972.473	EUR	https://pensioenfondsdetailhandel.nl/content/Publicaties/Beleggingen-Pensioenfonds-Detailhandel.pdf
Pensioenfonds Detailhandel	Dassault Systemes SE	Equity	2026	542.551	EUR	https://pensioenfondsdetailhandel.nl/content/Publicaties/Beleggingen-Pensioenfonds-Detailhandel.pdf
Pensioenfonds Detailhandel	DBS Bank Ltd/London	Equity	2026	894.025	EUR	https://pensioenfondsdetailhandel.nl/content/Publicaties/Beleggingen-Pensioenfonds-Detailhandel.pdf
Pensioenfonds Detailhandel	DekaBank Deutsche Girozentrale	Equity	2026	411.557	EUR	https://pensioenfondsdetailhandel.nl/content/Publicaties/Beleggingen-Pensioenfonds-Detailhandel.pdf
Pensioenfonds Detailhandel	Dell Bank International DAC	Equity	2026	282.699	EUR	https://pensioenfondsdetailhandel.nl/content/Publicaties/Beleggingen-Pensioenfonds-Detailhandel.pdf
Pensioenfonds Detailhandel	Deutsche Apotheker-und Aerztebank eG	Equity	2026	1.133.854	EUR	https://pensioenfondsdetailhandel.nl/content/Publicaties/Beleggingen-Pensioenfonds-Detailhandel.pdf
Pensioenfonds Detailhandel	Deutsche Bahn AG	Equity	2026	8.195.225	EUR	https://pensioenfondsdetailhandel.nl/content/Publicaties/Beleggingen-Pensioenfonds-Detailhandel.pdf
Pensioenfonds Detailhandel	Deutsche Bank AG	Equity	2026	13.924.553	EUR	https://pensioenfondsdetailhandel.nl/content/Publicaties/Beleggingen-Pensioenfonds-Detailhandel.pdf
Pensioenfonds Detailhandel	Deutsche Boerse AG	Equity	2026	4.512.334	EUR	https://pensioenfondsdetailhandel.nl/content/Publicaties/Beleggingen-Pensioenfonds-Detailhandel.pdf
Pensioenfonds Detailhandel	Deutsche Kreditbank AG	Equity	2026	2.928.497	EUR	https://pensioenfondsdetailhandel.nl/content/Publicaties/Beleggingen-Pensioenfonds-Detailhandel.pdf
Pensioenfonds Detailhandel	Deutsche Pfandbriefbank AG	Equity	2026	4.177.631	EUR	https://pensioenfondsdetailhandel.nl/content/Publicaties/Beleggingen-Pensioenfonds-Detailhandel.pdf
Pensioenfonds Detailhandel	Deutsche Post AG	Equity	2026	273.961	EUR	https://pensioenfondsdetailhandel.nl/content/Publicaties/Beleggingen-Pensioenfonds-Detailhandel.pdf
Pensioenfonds Detailhandel	Deutsche Telekom AG	Equity	2026	5.741.183	EUR	https://pensioenfondsdetailhandel.nl/content/Publicaties/Beleggingen-Pensioenfonds-Detailhandel.pdf
Pensioenfonds Detailhandel	Deutsche Telekom International Finance B	Equity	2026	3.462.237	EUR	https://pensioenfondsdetailhandel.nl/content/Publicaties/Beleggingen-Pensioenfonds-Detailhandel.pdf
Pensioenfonds Detailhandel	Development Bank of Japan Inc	Equity	2026	796.475	EUR	https://pensioenfondsdetailhandel.nl/content/Publicaties/Beleggingen-Pensioenfonds-Detailhandel.pdf
Pensioenfonds Detailhandel	Dexia SA	Equity	2026	2.920.957	EUR	https://pensioenfondsdetailhandel.nl/content/Publicaties/Beleggingen-Pensioenfonds-Detailhandel.pdf
Pensioenfonds Detailhandel	DH Europe Finance II Sarl	Equity	2026	1.465.198	EUR	https://pensioenfondsdetailhandel.nl/content/Publicaties/Beleggingen-Pensioenfonds-Detailhandel.pdf
Pensioenfonds Detailhandel	DH Europe Finance Sarl	Equity	2026	494.470	EUR	https://pensioenfondsdetailhandel.nl/content/Publicaties/Beleggingen-Pensioenfonds-Detailhandel.pdf
Pensioenfonds Detailhandel	Diageo Capital BV	Equity	2026	2.464.629	EUR	https://pensioenfondsdetailhandel.nl/content/Publicaties/Beleggingen-Pensioenfonds-Detailhandel.pdf
Pensioenfonds Detailhandel	Diageo Finance PLC	Equity	2026	4.559.043	EUR	https://pensioenfondsdetailhandel.nl/content/Publicaties/Beleggingen-Pensioenfonds-Detailhandel.pdf
Pensioenfonds Detailhandel	DNB Bank ASA	Equity	2026	2.543.246	EUR	https://pensioenfondsdetailhandel.nl/content/Publicaties/Beleggingen-Pensioenfonds-Detailhandel.pdf
Pensioenfonds Detailhandel	DNB Boligkreditt AS	Equity	2026	6.774.398	EUR	https://pensioenfondsdetailhandel.nl/content/Publicaties/Beleggingen-Pensioenfonds-Detailhandel.pdf
Pensioenfonds Detailhandel	DS Smith PLC	Equity	2026	1.593.835	EUR	https://pensioenfondsdetailhandel.nl/content/Publicaties/Beleggingen-Pensioenfonds-Detailhandel.pdf
Pensioenfonds Detailhandel	DSB	Equity	2026	992.165	EUR	https://pensioenfondsdetailhandel.nl/content/Publicaties/Beleggingen-Pensioenfonds-Detailhandel.pdf
Pensioenfonds Detailhandel	DSM BV	Equity	2026	607.960	EUR	https://pensioenfondsdetailhandel.nl/content/Publicaties/Beleggingen-Pensioenfonds-Detailhandel.pdf
Pensioenfonds Detailhandel	DXC Capital Funding DAC	Equity	2026	556.566	EUR	https://pensioenfondsdetailhandel.nl/content/Publicaties/Beleggingen-Pensioenfonds-Detailhandel.pdf
Pensioenfonds Detailhandel	DZ HYP AG	Equity	2026	13.274.389	EUR	https://pensioenfondsdetailhandel.nl/content/Publicaties/Beleggingen-Pensioenfonds-Detailhandel.pdf
Pensioenfonds Detailhandel	ON International Finance BV	Equity	2026	2.033.587	EUR	https://pensioenfondsdetailhandel.nl/content/Publicaties/Beleggingen-Pensioenfonds-Detailhandel.pdf
Pensioenfonds Detailhandel	ON SE	Equity	2026	15.664.469	EUR	https://pensioenfondsdetailhandel.nl/content/Publicaties/Beleggingen-Pensioenfonds-Detailhandel.pdf
Pensioenfonds Detailhandel	e& PPF Telecom Group BV	Equity	2026	406.434	EUR	https://pensioenfondsdetailhandel.nl/content/Publicaties/Beleggingen-Pensioenfonds-Detailhandel.pdf
Pensioenfonds Detailhandel	East Japan Railway Co	Equity	2026	1.801.983	EUR	https://pensioenfondsdetailhandel.nl/content/Publicaties/Beleggingen-Pensioenfonds-Detailhandel.pdf
Pensioenfonds Detailhandel	Eaton Capital ULC	Equity	2026	976.748	EUR	https://pensioenfondsdetailhandel.nl/content/Publicaties/Beleggingen-Pensioenfonds-Detailhandel.pdf
Pensioenfonds Detailhandel	Edenred SE	Equity	2026	1.476.837	EUR	https://pensioenfondsdetailhandel.nl/content/Publicaties/Beleggingen-Pensioenfonds-Detailhandel.pdf
Pensioenfonds Detailhandel	EDP SA	Equity	2026	1.904.566	EUR	https://pensioenfondsdetailhandel.nl/content/Publicaties/Beleggingen-Pensioenfonds-Detailhandel.pdf
Pensioenfonds Detailhandel	EDP Servicios Financieros Espana SA	Equity	2026	1.470.020	EUR	https://pensioenfondsdetailhandel.nl/content/Publicaties/Beleggingen-Pensioenfonds-Detailhandel.pdf
Pensioenfonds Detailhandel	Eika Boligkreditt AS	Equity	2026	2.578.333	EUR	https://pensioenfondsdetailhandel.nl/content/Publicaties/Beleggingen-Pensioenfonds-Detailhandel.pdf
Pensioenfonds Detailhandel	El Corte Ingles SA	Equity	2026	622.528	EUR	https://pensioenfondsdetailhandel.nl/content/Publicaties/Beleggingen-Pensioenfonds-Detailhandel.pdf
Pensioenfonds Detailhandel	Electricite de France SA	Equity	2026	10.876.630	EUR	https://pensioenfondsdetailhandel.nl/content/Publicaties/Beleggingen-Pensioenfonds-Detailhandel.pdf
Pensioenfonds Detailhandel	Electrolux AB	Equity	2026	482.784	EUR	https://pensioenfondsdetailhandel.nl/content/Publicaties/Beleggingen-Pensioenfonds-Detailhandel.pdf
Pensioenfonds Detailhandel	Elenia Verkko Oyj	Equity	2026	147.017	EUR	https://pensioenfondsdetailhandel.nl/content/Publicaties/Beleggingen-Pensioenfonds-Detailhandel.pdf
Pensioenfonds Detailhandel	Elis SA	Equity	2026	198.801	EUR	https://pensioenfondsdetailhandel.nl/content/Publicaties/Beleggingen-Pensioenfonds-Detailhandel.pdf
Pensioenfonds Detailhandel	Ellevio AB	Equity	2026	1.322.233	EUR	https://pensioenfondsdetailhandel.nl/content/Publicaties/Beleggingen-Pensioenfonds-Detailhandel.pdf
Pensioenfonds Detailhandel	ELM BV for Helvetia Schweizerische Versi	Equity	2026	503.535	EUR	https://pensioenfondsdetailhandel.nl/content/Publicaties/Beleggingen-Pensioenfonds-Detailhandel.pdf
Pensioenfonds Detailhandel	ELM BV for Julius Baer Group Ltd	Equity	2026	815.629	EUR	https://pensioenfondsdetailhandel.nl/content/Publicaties/Beleggingen-Pensioenfonds-Detailhandel.pdf
Pensioenfonds Detailhandel	ELM BV for Swiss Life Insurance & Pensio	Equity	2026	130.151	EUR	https://pensioenfondsdetailhandel.nl/content/Publicaties/Beleggingen-Pensioenfonds-Detailhandel.pdf
Pensioenfonds Detailhandel	EnBW Energie Baden-Wuerttemberg AG	Equity	2026	2.250.661	EUR	https://pensioenfondsdetailhandel.nl/content/Publicaties/Beleggingen-Pensioenfonds-Detailhandel.pdf
Pensioenfonds Detailhandel	EnBW International Finance BV	Equity	2026	4.117.697	EUR	https://pensioenfondsdetailhandel.nl/content/Publicaties/Beleggingen-Pensioenfonds-Detailhandel.pdf
Pensioenfonds Detailhandel	ENEL Finance International NV	Equity	2026	1.454.470	EUR	https://pensioenfondsdetailhandel.nl/content/Publicaties/Beleggingen-Pensioenfonds-Detailhandel.pdf
Pensioenfonds Detailhandel	Enel SpA	Equity	2026	1.244.470	EUR	https://pensioenfondsdetailhandel.nl/content/Publicaties/Beleggingen-Pensioenfonds-Detailhandel.pdf
Pensioenfonds Detailhandel	Enexis Holding NV	Equity	2026	3.231.118	EUR	https://pensioenfondsdetailhandel.nl/content/Publicaties/Beleggingen-Pensioenfonds-Detailhandel.pdf
Pensioenfonds Detailhandel	Engie SA	Equity	2026	9.547.533	EUR	https://pensioenfondsdetailhandel.nl/content/Publicaties/Beleggingen-Pensioenfonds-Detailhandel.pdf
Pensioenfonds Detailhandel	Eni SpA	Equity	2026	1.037.051	EUR	https://pensioenfondsdetailhandel.nl/content/Publicaties/Beleggingen-Pensioenfonds-Detailhandel.pdf
Pensioenfonds Detailhandel	EP Infrastructure AS	Equity	2026	1.651.007	EUR	https://pensioenfondsdetailhandel.nl/content/Publicaties/Beleggingen-Pensioenfonds-Detailhandel.pdf
Pensioenfonds Detailhandel	EPH Financing International AS	Equity	2026	1.058.790	EUR	https://pensioenfondsdetailhandel.nl/content/Publicaties/Beleggingen-Pensioenfonds-Detailhandel.pdf
Pensioenfonds Detailhandel	Equinor ASA	Equity	2026	583.730	EUR	https://pensioenfondsdetailhandel.nl/content/Publicaties/Beleggingen-Pensioenfonds-Detailhandel.pdf
Pensioenfonds Detailhandel	Equitable Financial Life Global Funding	Equity	2026	280.689	EUR	https://pensioenfondsdetailhandel.nl/content/Publicaties/Beleggingen-Pensioenfonds-Detailhandel.pdf
Pensioenfonds Detailhandel	Erste Group Bank AG	Equity	2026	11.187.510	EUR	https://pensioenfondsdetailhandel.nl/content/Publicaties/Beleggingen-Pensioenfonds-Detailhandel.pdf
Pensioenfonds Detailhandel	ESB Finance DAC	Equity	2026	4.012.628	EUR	https://pensioenfondsdetailhandel.nl/content/Publicaties/Beleggingen-Pensioenfonds-Detailhandel.pdf
Pensioenfonds Detailhandel	EssilorLuxottica SA	Equity	2026	5.463.087	EUR	https://pensioenfondsdetailhandel.nl/content/Publicaties/Beleggingen-Pensioenfonds-Detailhandel.pdf
Pensioenfonds Detailhandel	Essity AB	Equity	2026	296.448	EUR	https://pensioenfondsdetailhandel.nl/content/Publicaties/Beleggingen-Pensioenfonds-Detailhandel.pdf
Pensioenfonds Detailhandel	Essity Capital BV	Equity	2026	271.019	EUR	https://pensioenfondsdetailhandel.nl/content/Publicaties/Beleggingen-Pensioenfonds-Detailhandel.pdf
Pensioenfonds Detailhandel	Eurobank SA	Equity	2026	3.174.500	EUR	https://pensioenfondsdetailhandel.nl/content/Publicaties/Beleggingen-Pensioenfonds-Detailhandel.pdf
Pensioenfonds Detailhandel	Eurofima Europaeische Gesellschaft fuer	Equity	2026	4.518.456	EUR	https://pensioenfondsdetailhandel.nl/content/Publicaties/Beleggingen-Pensioenfonds-Detailhandel.pdf
Pensioenfonds Detailhandel	Eurofins Scientific SE	Equity	2026	387.662	EUR	https://pensioenfondsdetailhandel.nl/content/Publicaties/Beleggingen-Pensioenfonds-Detailhandel.pdf
Pensioenfonds Detailhandel	Euronext NV	Equity	2026	1.845.013	EUR	https://pensioenfondsdetailhandel.nl/content/Publicaties/Beleggingen-Pensioenfonds-Detailhandel.pdf
Pensioenfonds Detailhandel	European Bank for Reconstruction & Devel	Equity	2026	2.687.654	EUR	https://pensioenfondsdetailhandel.nl/content/Publicaties/Beleggingen-Pensioenfonds-Detailhandel.pdf
Pensioenfonds Detailhandel	European Financial Stability Facility	Equity	2026	82.651.106	EUR	https://pensioenfondsdetailhandel.nl/content/Publicaties/Beleggingen-Pensioenfonds-Detailhandel.pdf
Pensioenfonds Detailhandel	European Investment Bank	Equity	2026	143.201.213	EUR	https://pensioenfondsdetailhandel.nl/content/Publicaties/Beleggingen-Pensioenfonds-Detailhandel.pdf
Pensioenfonds Detailhandel	European Stability Mechanism	Equity	2026	29.608.571	EUR	https://pensioenfondsdetailhandel.nl/content/Publicaties/Beleggingen-Pensioenfonds-Detailhandel.pdf
Pensioenfonds Detailhandel	European Union	Equity	2026	367.979.041	EUR	https://pensioenfondsdetailhandel.nl/content/Publicaties/Beleggingen-Pensioenfonds-Detailhandel.pdf
Pensioenfonds Detailhandel	Evonik Industries AG	Equity	2026	434.090	EUR	https://pensioenfondsdetailhandel.nl/content/Publicaties/Beleggingen-Pensioenfonds-Detailhandel.pdf
Pensioenfonds Detailhandel	EWE AG	Equity	2026	1.272.244	EUR	https://pensioenfondsdetailhandel.nl/content/Publicaties/Beleggingen-Pensioenfonds-Detailhandel.pdf
Pensioenfonds Detailhandel	Experian Finance PLC	Equity	2026	537.589	EUR	https://pensioenfondsdetailhandel.nl/content/Publicaties/Beleggingen-Pensioenfonds-Detailhandel.pdf
Pensioenfonds Detailhandel	Export Development Canada	Equity	2026	3.804.542	EUR	https://pensioenfondsdetailhandel.nl/content/Publicaties/Beleggingen-Pensioenfonds-Detailhandel.pdf
Pensioenfonds Detailhandel	Export-Import Bank of Korea	Equity	2026	628.522	EUR	https://pensioenfondsdetailhandel.nl/content/Publicaties/Beleggingen-Pensioenfonds-Detailhandel.pdf
Pensioenfonds Detailhandel	Federation des Caisses Desjardins du Que	Equity	2026	2.904.461	EUR	https://pensioenfondsdetailhandel.nl/content/Publicaties/Beleggingen-Pensioenfonds-Detailhandel.pdf
Pensioenfonds Detailhandel	Ferrovial Emisiones SA	Equity	2026	576.356	EUR	https://pensioenfondsdetailhandel.nl/content/Publicaties/Beleggingen-Pensioenfonds-Detailhandel.pdf
Pensioenfonds Detailhandel	Ferrovial SE	Equity	2026	795.787	EUR	https://pensioenfondsdetailhandel.nl/content/Publicaties/Beleggingen-Pensioenfonds-Detailhandel.pdf
Pensioenfonds Detailhandel	Ferrovie dello Stato Italiane SpA	Equity	2026	1.709.980	EUR	https://pensioenfondsdetailhandel.nl/content/Publicaties/Beleggingen-Pensioenfonds-Detailhandel.pdf
Pensioenfonds Detailhandel	Fidelidade - Co De Seguros SA/Portugal	Equity	2026	384.860	EUR	https://pensioenfondsdetailhandel.nl/content/Publicaties/Beleggingen-Pensioenfonds-Detailhandel.pdf
Pensioenfonds Detailhandel	Fidelity National Information Services I	Equity	2026	1.472.569	EUR	https://pensioenfondsdetailhandel.nl/content/Publicaties/Beleggingen-Pensioenfonds-Detailhandel.pdf
Pensioenfonds Detailhandel	Fingrid Oyj	Equity	2026	1.375.245	EUR	https://pensioenfondsdetailhandel.nl/content/Publicaties/Beleggingen-Pensioenfonds-Detailhandel.pdf
Pensioenfonds Detailhandel	Finnvera Oyj	Equity	2026	2.859.777	EUR	https://pensioenfondsdetailhandel.nl/content/Publicaties/Beleggingen-Pensioenfonds-Detailhandel.pdf
Pensioenfonds Detailhandel	Firmenich Productions Participations SAS	Equity	2026	380.493	EUR	https://pensioenfondsdetailhandel.nl/content/Publicaties/Beleggingen-Pensioenfonds-Detailhandel.pdf
Pensioenfonds Detailhandel	First Abu Dhabi Bank PJSC	Equity	2026	690.986	EUR	https://pensioenfondsdetailhandel.nl/content/Publicaties/Beleggingen-Pensioenfonds-Detailhandel.pdf
Pensioenfonds Detailhandel	FLUVIUS System Operator CV	Equity	2026	4.617.288	EUR	https://pensioenfondsdetailhandel.nl/content/Publicaties/Beleggingen-Pensioenfonds-Detailhandel.pdf
Pensioenfonds Detailhandel	Ford Motor Credit Co LLC	Equity	2026	5.299.704	EUR	https://pensioenfondsdetailhandel.nl/content/Publicaties/Beleggingen-Pensioenfonds-Detailhandel.pdf
Pensioenfonds Detailhandel	Fortum Oyj	Equity	2026	591.728	EUR	https://pensioenfondsdetailhandel.nl/content/Publicaties/Beleggingen-Pensioenfonds-Detailhandel.pdf
Pensioenfonds Detailhandel	Foxconn Singapore Pte Ltd	Equity	2026	686.457	EUR	https://pensioenfondsdetailhandel.nl/content/Publicaties/Beleggingen-Pensioenfonds-Detailhandel.pdf
Pensioenfonds Detailhandel	Free State of Bavaria	Equity	2026	1.887.730	EUR	https://pensioenfondsdetailhandel.nl/content/Publicaties/Beleggingen-Pensioenfonds-Detailhandel.pdf
Pensioenfonds Detailhandel	Fresenius Medical Care AG	Equity	2026	1.332.415	EUR	https://pensioenfondsdetailhandel.nl/content/Publicaties/Beleggingen-Pensioenfonds-Detailhandel.pdf
Pensioenfonds Detailhandel	Fresenius SE & Co KGaA	Equity	2026	1.075.429	EUR	https://pensioenfondsdetailhandel.nl/content/Publicaties/Beleggingen-Pensioenfonds-Detailhandel.pdf
Pensioenfonds Detailhandel	GA Global Funding Trust	Equity	2026	583.236	EUR	https://pensioenfondsdetailhandel.nl/content/Publicaties/Beleggingen-Pensioenfonds-Detailhandel.pdf
Pensioenfonds Detailhandel	Galderma Finance Europe BV	Equity	2026	98.858	EUR	https://pensioenfondsdetailhandel.nl/content/Publicaties/Beleggingen-Pensioenfonds-Detailhandel.pdf
Pensioenfonds Detailhandel	Gecina SA	Equity	2026	2.981.576	EUR	https://pensioenfondsdetailhandel.nl/content/Publicaties/Beleggingen-Pensioenfonds-Detailhandel.pdf
Pensioenfonds Detailhandel	General Mills Inc	Equity	2026	433.157	EUR	https://pensioenfondsdetailhandel.nl/content/Publicaties/Beleggingen-Pensioenfonds-Detailhandel.pdf
Pensioenfonds Detailhandel	General Motors Financial Co Inc	Equity	2026	4.696.885	EUR	https://pensioenfondsdetailhandel.nl/content/Publicaties/Beleggingen-Pensioenfonds-Detailhandel.pdf
Pensioenfonds Detailhandel	Generali	Equity	2026	5.139.715	EUR	https://pensioenfondsdetailhandel.nl/content/Publicaties/Beleggingen-Pensioenfonds-Detailhandel.pdf
Pensioenfonds Detailhandel	Gestion Securite de Stocks Securite SA	Equity	2026	1.271.834	EUR	https://pensioenfondsdetailhandel.nl/content/Publicaties/Beleggingen-Pensioenfonds-Detailhandel.pdf
Pensioenfonds Detailhandel	GEWOBAG Wohnungsbau-AG Berlin	Equity	2026	961.254	EUR	https://pensioenfondsdetailhandel.nl/content/Publicaties/Beleggingen-Pensioenfonds-Detailhandel.pdf
Pensioenfonds Detailhandel	Givaudan Finance Europe BV	Equity	2026	2.064.210	EUR	https://pensioenfondsdetailhandel.nl/content/Publicaties/Beleggingen-Pensioenfonds-Detailhandel.pdf
Pensioenfonds Detailhandel	GlaxoSmithKline Capital PLC	Equity	2026	853.488	EUR	https://pensioenfondsdetailhandel.nl/content/Publicaties/Beleggingen-Pensioenfonds-Detailhandel.pdf
Pensioenfonds Detailhandel	Glencore Capital Finance DAC	Equity	2026	1.624.183	EUR	https://pensioenfondsdetailhandel.nl/content/Publicaties/Beleggingen-Pensioenfonds-Detailhandel.pdf
Pensioenfonds Detailhandel	Global Switch Finance BV	Equity	2026	1.023.421	EUR	https://pensioenfondsdetailhandel.nl/content/Publicaties/Beleggingen-Pensioenfonds-Detailhandel.pdf
Pensioenfonds Detailhandel	Global Switch Holdings Ltd	Equity	2026	477.935	EUR	https://pensioenfondsdetailhandel.nl/content/Publicaties/Beleggingen-Pensioenfonds-Detailhandel.pdf
Pensioenfonds Detailhandel	Goodman Australia Finance Pty Ltd	Equity	2026	105.360	EUR	https://pensioenfondsdetailhandel.nl/content/Publicaties/Beleggingen-Pensioenfonds-Detailhandel.pdf
Pensioenfonds Detailhandel	Grenke Finance PLC	Equity	2026	2.065.861	EUR	https://pensioenfondsdetailhandel.nl/content/Publicaties/Beleggingen-Pensioenfonds-Detailhandel.pdf
Pensioenfonds Detailhandel	Groupe Bruxelles Lambert NV	Equity	2026	942.350	EUR	https://pensioenfondsdetailhandel.nl/content/Publicaties/Beleggingen-Pensioenfonds-Detailhandel.pdf
Pensioenfonds Detailhandel	Groupe des Assurances du Credit Mutuel S	Equity	2026	1.026.641	EUR	https://pensioenfondsdetailhandel.nl/content/Publicaties/Beleggingen-Pensioenfonds-Detailhandel.pdf
Pensioenfonds Detailhandel	GSK Capital BV	Equity	2026	958.607	EUR	https://pensioenfondsdetailhandel.nl/content/Publicaties/Beleggingen-Pensioenfonds-Detailhandel.pdf
Pensioenfonds Detailhandel	H Lundbeck A/S	Equity	2026	490.259	EUR	https://pensioenfondsdetailhandel.nl/content/Publicaties/Beleggingen-Pensioenfonds-Detailhandel.pdf
Pensioenfonds Detailhandel	H&M Finance BV	Equity	2026	1.806.100	EUR	https://pensioenfondsdetailhandel.nl/content/Publicaties/Beleggingen-Pensioenfonds-Detailhandel.pdf
Pensioenfonds Detailhandel	Hamburg Commercial Bank AG	Equity	2026	2.222.167	EUR	https://pensioenfondsdetailhandel.nl/content/Publicaties/Beleggingen-Pensioenfonds-Detailhandel.pdf
Pensioenfonds Detailhandel	Hamburger Sparkasse AG	Equity	2026	1.491.381	EUR	https://pensioenfondsdetailhandel.nl/content/Publicaties/Beleggingen-Pensioenfonds-Detailhandel.pdf
Pensioenfonds Detailhandel	Hannover Rueck SE	Equity	2026	1.243.213	EUR	https://pensioenfondsdetailhandel.nl/content/Publicaties/Beleggingen-Pensioenfonds-Detailhandel.pdf
Pensioenfonds Detailhandel	Heathrow Funding Ltd	Equity	2026	2.389.682	EUR	https://pensioenfondsdetailhandel.nl/content/Publicaties/Beleggingen-Pensioenfonds-Detailhandel.pdf
Pensioenfonds Detailhandel	Heimstaden Bostad AB	Equity	2026	1.208.215	EUR	https://pensioenfondsdetailhandel.nl/content/Publicaties/Beleggingen-Pensioenfonds-Detailhandel.pdf
Pensioenfonds Detailhandel	Heimstaden Bostad Treasury BV	Equity	2026	1.951.129	EUR	https://pensioenfondsdetailhandel.nl/content/Publicaties/Beleggingen-Pensioenfonds-Detailhandel.pdf
Pensioenfonds Detailhandel	Heineken NV	Equity	2026	5.372.001	EUR	https://pensioenfondsdetailhandel.nl/content/Publicaties/Beleggingen-Pensioenfonds-Detailhandel.pdf
Pensioenfonds Detailhandel	Hemso Fastighets AB	Equity	2026	387.064	EUR	https://pensioenfondsdetailhandel.nl/content/Publicaties/Beleggingen-Pensioenfonds-Detailhandel.pdf
Pensioenfonds Detailhandel	Hemso Treasury Oyj	Equity	2026	374.656	EUR	https://pensioenfondsdetailhandel.nl/content/Publicaties/Beleggingen-Pensioenfonds-Detailhandel.pdf
Pensioenfonds Detailhandel	Henkel AG & Co KGaA	Equity	2026	1.094.451	EUR	https://pensioenfondsdetailhandel.nl/content/Publicaties/Beleggingen-Pensioenfonds-Detailhandel.pdf
Pensioenfonds Detailhandel	Hera SpA	Equity	2026	2.318.803	EUR	https://pensioenfondsdetailhandel.nl/content/Publicaties/Beleggingen-Pensioenfonds-Detailhandel.pdf
Pensioenfonds Detailhandel	Hong Kong Government International Bond	Equity	2026	2.762.834	EUR	https://pensioenfondsdetailhandel.nl/content/Publicaties/Beleggingen-Pensioenfonds-Detailhandel.pdf
Pensioenfonds Detailhandel	HOWOGE Wohnungsbaugesellschaft mbH	Equity	2026	1.039.919	EUR	https://pensioenfondsdetailhandel.nl/content/Publicaties/Beleggingen-Pensioenfonds-Detailhandel.pdf
Pensioenfonds Detailhandel	HSBC Continental Europe SA	Equity	2026	1.444.740	EUR	https://pensioenfondsdetailhandel.nl/content/Publicaties/Beleggingen-Pensioenfonds-Detailhandel.pdf
Pensioenfonds Detailhandel	HSBC Holdings PLC	Equity	2026	12.476.776	EUR	https://pensioenfondsdetailhandel.nl/content/Publicaties/Beleggingen-Pensioenfonds-Detailhandel.pdf
Pensioenfonds Detailhandel	Hungary Government Bond	Equity	2026	5.645.634	EUR	https://pensioenfondsdetailhandel.nl/content/Publicaties/Beleggingen-Pensioenfonds-Detailhandel.pdf
Pensioenfonds Detailhandel	HYPO NOE Landesbank fuer Niederoesterrei	Equity	2026	4.134.932	EUR	https://pensioenfondsdetailhandel.nl/content/Publicaties/Beleggingen-Pensioenfonds-Detailhandel.pdf
Pensioenfonds Detailhandel	Hypo Tirol Bank AG	Equity	2026	510.710	EUR	https://pensioenfondsdetailhandel.nl/content/Publicaties/Beleggingen-Pensioenfonds-Detailhandel.pdf
Pensioenfonds Detailhandel	Hypo Vorarlberg Bank AG	Equity	2026	1.534.014	EUR	https://pensioenfondsdetailhandel.nl/content/Publicaties/Beleggingen-Pensioenfonds-Detailhandel.pdf
Pensioenfonds Detailhandel	Ibercaja Banco SA	Equity	2026	704.900	EUR	https://pensioenfondsdetailhandel.nl/content/Publicaties/Beleggingen-Pensioenfonds-Detailhandel.pdf
Pensioenfonds Detailhandel	Iberdrola Finanzas SA	Equity	2026	8.243.782	EUR	https://pensioenfondsdetailhandel.nl/content/Publicaties/Beleggingen-Pensioenfonds-Detailhandel.pdf
Pensioenfonds Detailhandel	Iberdrola International BV	Equity	2026	1.247.012	EUR	https://pensioenfondsdetailhandel.nl/content/Publicaties/Beleggingen-Pensioenfonds-Detailhandel.pdf
Pensioenfonds Detailhandel	ICADE	Equity	2026	2.162.856	EUR	https://pensioenfondsdetailhandel.nl/content/Publicaties/Beleggingen-Pensioenfonds-Detailhandel.pdf
Pensioenfonds Detailhandel	Iccrea Banca SpA	Equity	2026	2.403.957	EUR	https://pensioenfondsdetailhandel.nl/content/Publicaties/Beleggingen-Pensioenfonds-Detailhandel.pdf
Pensioenfonds Detailhandel	Iceland Government International Bond	Equity	2026	593.869	EUR	https://pensioenfondsdetailhandel.nl/content/Publicaties/Beleggingen-Pensioenfonds-Detailhandel.pdf
Pensioenfonds Detailhandel	ICG PLC	Equity	2026	576.998	EUR	https://pensioenfondsdetailhandel.nl/content/Publicaties/Beleggingen-Pensioenfonds-Detailhandel.pdf
Pensioenfonds Detailhandel	IDS Financing PLC	Equity	2026	591.478	EUR	https://pensioenfondsdetailhandel.nl/content/Publicaties/Beleggingen-Pensioenfonds-Detailhandel.pdf
Pensioenfonds Detailhandel	Ile-de-France Mobilites	Equity	2026	2.635.065	EUR	https://pensioenfondsdetailhandel.nl/content/Publicaties/Beleggingen-Pensioenfonds-Detailhandel.pdf
Pensioenfonds Detailhandel	In'li SA	Equity	2026	370.966	EUR	https://pensioenfondsdetailhandel.nl/content/Publicaties/Beleggingen-Pensioenfonds-Detailhandel.pdf
Pensioenfonds Detailhandel	Indigo Group SAS	Equity	2026	785.403	EUR	https://pensioenfondsdetailhandel.nl/content/Publicaties/Beleggingen-Pensioenfonds-Detailhandel.pdf
Pensioenfonds Detailhandel	Indonesia Government International Bond	Equity	2026	526.979	EUR	https://pensioenfondsdetailhandel.nl/content/Publicaties/Beleggingen-Pensioenfonds-Detailhandel.pdf
Pensioenfonds Detailhandel	Infineon Technologies AG	Equity	2026	3.178.286	EUR	https://pensioenfondsdetailhandel.nl/content/Publicaties/Beleggingen-Pensioenfonds-Detailhandel.pdf
Pensioenfonds Detailhandel	Informa PLC	Equity	2026	1.056.145	EUR	https://pensioenfondsdetailhandel.nl/content/Publicaties/Beleggingen-Pensioenfonds-Detailhandel.pdf
Pensioenfonds Detailhandel	ING Bank NV	Equity	2026	10.189.843	EUR	https://pensioenfondsdetailhandel.nl/content/Publicaties/Beleggingen-Pensioenfonds-Detailhandel.pdf
Pensioenfonds Detailhandel	ING Belgium SA	Equity	2026	2.825.500	EUR	https://pensioenfondsdetailhandel.nl/content/Publicaties/Beleggingen-Pensioenfonds-Detailhandel.pdf
Pensioenfonds Detailhandel	ING Groep NV	Equity	2026	19.664.122	EUR	https://pensioenfondsdetailhandel.nl/content/Publicaties/Beleggingen-Pensioenfonds-Detailhandel.pdf
Pensioenfonds Detailhandel	ING-DiBa AG	Equity	2026	3.671.427	EUR	https://pensioenfondsdetailhandel.nl/content/Publicaties/Beleggingen-Pensioenfonds-Detailhandel.pdf
Pensioenfonds Detailhandel	Instituto de Credito Oficial	Equity	2026	1.772.518	EUR	https://pensioenfondsdetailhandel.nl/content/Publicaties/Beleggingen-Pensioenfonds-Detailhandel.pdf
Pensioenfonds Detailhandel	International Bank for Reconstruction &	Equity	2026	17.937.933	EUR	https://pensioenfondsdetailhandel.nl/content/Publicaties/Beleggingen-Pensioenfonds-Detailhandel.pdf
Pensioenfonds Detailhandel	International Business Machines Corp	Equity	2026	7.294.443	EUR	https://pensioenfondsdetailhandel.nl/content/Publicaties/Beleggingen-Pensioenfonds-Detailhandel.pdf
Pensioenfonds Detailhandel	International Development Association	Equity	2026	12.324.519	EUR	https://pensioenfondsdetailhandel.nl/content/Publicaties/Beleggingen-Pensioenfonds-Detailhandel.pdf
Pensioenfonds Detailhandel	Intesa Sanpaolo SpA	Equity	2026	13.367.155	EUR	https://pensioenfondsdetailhandel.nl/content/Publicaties/Beleggingen-Pensioenfonds-Detailhandel.pdf
Pensioenfonds Detailhandel	Investitionsbank Berlin	Equity	2026	4.167.686	EUR	https://pensioenfondsdetailhandel.nl/content/Publicaties/Beleggingen-Pensioenfonds-Detailhandel.pdf
Pensioenfonds Detailhandel	Investor AB	Equity	2026	1.527.765	EUR	https://pensioenfondsdetailhandel.nl/content/Publicaties/Beleggingen-Pensioenfonds-Detailhandel.pdf
Pensioenfonds Detailhandel	Isdb Trust Services NO 2 SARL	Equity	2026	497.561	EUR	https://pensioenfondsdetailhandel.nl/content/Publicaties/Beleggingen-Pensioenfonds-Detailhandel.pdf
Pensioenfonds Detailhandel	Israel Government International Bond	Equity	2026	1.901.809	EUR	https://pensioenfondsdetailhandel.nl/content/Publicaties/Beleggingen-Pensioenfonds-Detailhandel.pdf
Pensioenfonds Detailhandel	Italgas Reti SpA	Equity	2026	947.659	EUR	https://pensioenfondsdetailhandel.nl/content/Publicaties/Beleggingen-Pensioenfonds-Detailhandel.pdf
Pensioenfonds Detailhandel	Italgas SpA	Equity	2026	3.584.716	EUR	https://pensioenfondsdetailhandel.nl/content/Publicaties/Beleggingen-Pensioenfonds-Detailhandel.pdf
Pensioenfonds Detailhandel	ITV PLC	Equity	2026	310.694	EUR	https://pensioenfondsdetailhandel.nl/content/Publicaties/Beleggingen-Pensioenfonds-Detailhandel.pdf
Pensioenfonds Detailhandel	JAB Holdings BV	Equity	2026	3.279.740	EUR	https://pensioenfondsdetailhandel.nl/content/Publicaties/Beleggingen-Pensioenfonds-Detailhandel.pdf
Pensioenfonds Detailhandel	Japan Bank for International Cooperation	Equity	2026	1.173.081	EUR	https://pensioenfondsdetailhandel.nl/content/Publicaties/Beleggingen-Pensioenfonds-Detailhandel.pdf
Pensioenfonds Detailhandel	Japan Finance Organization for Municipal	Equity	2026	3.370.449	EUR	https://pensioenfondsdetailhandel.nl/content/Publicaties/Beleggingen-Pensioenfonds-Detailhandel.pdf
Pensioenfonds Detailhandel	JCDecaux SE	Equity	2026	474.967	EUR	https://pensioenfondsdetailhandel.nl/content/Publicaties/Beleggingen-Pensioenfonds-Detailhandel.pdf
Pensioenfonds Detailhandel	John Deere Bank SA	Equity	2026	126.130	EUR	https://pensioenfondsdetailhandel.nl/content/Publicaties/Beleggingen-Pensioenfonds-Detailhandel.pdf
Pensioenfonds Detailhandel	John Deere Capital Corp	Equity	2026	532.460	EUR	https://pensioenfondsdetailhandel.nl/content/Publicaties/Beleggingen-Pensioenfonds-Detailhandel.pdf
Pensioenfonds Detailhandel	John Deere Cash Management SARL	Equity	2026	286.042	EUR	https://pensioenfondsdetailhandel.nl/content/Publicaties/Beleggingen-Pensioenfonds-Detailhandel.pdf
Pensioenfonds Detailhandel	Johnson & Johnson	Equity	2026	8.218.089	EUR	https://pensioenfondsdetailhandel.nl/content/Publicaties/Beleggingen-Pensioenfonds-Detailhandel.pdf
Pensioenfonds Detailhandel	Johnson Controls International plc	Equity	2026	977.761	EUR	https://pensioenfondsdetailhandel.nl/content/Publicaties/Beleggingen-Pensioenfonds-Detailhandel.pdf
Pensioenfonds Detailhandel	Johnson Controls International plc / Tyc	Equity	2026	1.568.380	EUR	https://pensioenfondsdetailhandel.nl/content/Publicaties/Beleggingen-Pensioenfonds-Detailhandel.pdf
Pensioenfonds Detailhandel	JPMorgan Chase & Co	Equity	2026	2.772.397	EUR	https://pensioenfondsdetailhandel.nl/content/Publicaties/Beleggingen-Pensioenfonds-Detailhandel.pdf
Pensioenfonds Detailhandel	Junta de Andalucia	Equity	2026	2.737.535	EUR	https://pensioenfondsdetailhandel.nl/content/Publicaties/Beleggingen-Pensioenfonds-Detailhandel.pdf
Pensioenfonds Detailhandel	Junta de Castilla y Leon	Equity	2026	452.320	EUR	https://pensioenfondsdetailhandel.nl/content/Publicaties/Beleggingen-Pensioenfonds-Detailhandel.pdf
Pensioenfonds Detailhandel	Jyske Realkredit A/S	Equity	2026	2.300.606	EUR	https://pensioenfondsdetailhandel.nl/content/Publicaties/Beleggingen-Pensioenfonds-Detailhandel.pdf
Pensioenfonds Detailhandel	KBC Bank NV	Equity	2026	1.493.222	EUR	https://pensioenfondsdetailhandel.nl/content/Publicaties/Beleggingen-Pensioenfonds-Detailhandel.pdf
Pensioenfonds Detailhandel	KBC Group NV	Equity	2026	10.965.444	EUR	https://pensioenfondsdetailhandel.nl/content/Publicaties/Beleggingen-Pensioenfonds-Detailhandel.pdf
Pensioenfonds Detailhandel	Kering SA	Equity	2026	9.885.365	EUR	https://pensioenfondsdetailhandel.nl/content/Publicaties/Beleggingen-Pensioenfonds-Detailhandel.pdf
Pensioenfonds Detailhandel	Kerry Group Financial Services Unltd Co	Equity	2026	291.836	EUR	https://pensioenfondsdetailhandel.nl/content/Publicaties/Beleggingen-Pensioenfonds-Detailhandel.pdf
Pensioenfonds Detailhandel	Klepierre SA	Equity	2026	1.221.441	EUR	https://pensioenfondsdetailhandel.nl/content/Publicaties/Beleggingen-Pensioenfonds-Detailhandel.pdf
Pensioenfonds Detailhandel	Kommunalbanken AS	Equity	2026	3.586.443	EUR	https://pensioenfondsdetailhandel.nl/content/Publicaties/Beleggingen-Pensioenfonds-Detailhandel.pdf
Pensioenfonds Detailhandel	Kommunalkredit Austria AG	Equity	2026	828.488	EUR	https://pensioenfondsdetailhandel.nl/content/Publicaties/Beleggingen-Pensioenfonds-Detailhandel.pdf
Pensioenfonds Detailhandel	Kommunekredit	Equity	2026	7.085.750	EUR	https://pensioenfondsdetailhandel.nl/content/Publicaties/Beleggingen-Pensioenfonds-Detailhandel.pdf
Pensioenfonds Detailhandel	Kommuninvest I Sverige AB	Equity	2026	3.334.996	EUR	https://pensioenfondsdetailhandel.nl/content/Publicaties/Beleggingen-Pensioenfonds-Detailhandel.pdf
Pensioenfonds Detailhandel	Koninklijke Ahold Delhaize NV	Equity	2026	1.998.821	EUR	https://pensioenfondsdetailhandel.nl/content/Publicaties/Beleggingen-Pensioenfonds-Detailhandel.pdf
Pensioenfonds Detailhandel	Koninklijke KPN NV	Equity	2026	2.887.067	EUR	https://pensioenfondsdetailhandel.nl/content/Publicaties/Beleggingen-Pensioenfonds-Detailhandel.pdf
Pensioenfonds Detailhandel	Koninklijke Philips NV	Equity	2026	4.629.346	EUR	https://pensioenfondsdetailhandel.nl/content/Publicaties/Beleggingen-Pensioenfonds-Detailhandel.pdf
Pensioenfonds Detailhandel	Kookmin Bank	Equity	2026	199.281	EUR	https://pensioenfondsdetailhandel.nl/content/Publicaties/Beleggingen-Pensioenfonds-Detailhandel.pdf
Pensioenfonds Detailhandel	Korea Development Bank/The	Equity	2026	803.810	EUR	https://pensioenfondsdetailhandel.nl/content/Publicaties/Beleggingen-Pensioenfonds-Detailhandel.pdf
Pensioenfonds Detailhandel	Korea Housing Finance Corp	Equity	2026	2.288.121	EUR	https://pensioenfondsdetailhandel.nl/content/Publicaties/Beleggingen-Pensioenfonds-Detailhandel.pdf
Pensioenfonds Detailhandel	Korea Land & Housing Corp	Equity	2026	592.310	EUR	https://pensioenfondsdetailhandel.nl/content/Publicaties/Beleggingen-Pensioenfonds-Detailhandel.pdf
Pensioenfonds Detailhandel	Kraft Heinz Foods Co	Equity	2026	992.512	EUR	https://pensioenfondsdetailhandel.nl/content/Publicaties/Beleggingen-Pensioenfonds-Detailhandel.pdf
Pensioenfonds Detailhandel	Kreditanstalt fuer Wiederaufbau	Equity	2026	138.692.115	EUR	https://pensioenfondsdetailhandel.nl/content/Publicaties/Beleggingen-Pensioenfonds-Detailhandel.pdf
Pensioenfonds Detailhandel	Kuntarahoitus Oyj	Equity	2026	8.189.538	EUR	https://pensioenfondsdetailhandel.nl/content/Publicaties/Beleggingen-Pensioenfonds-Detailhandel.pdf
Pensioenfonds Detailhandel	L'Oreal SA	Equity	2026	6.388.506	EUR	https://pensioenfondsdetailhandel.nl/content/Publicaties/Beleggingen-Pensioenfonds-Detailhandel.pdf
Pensioenfonds Detailhandel	La Banque Postale Home Loan SFH SA	Equity	2026	5.934.527	EUR	https://pensioenfondsdetailhandel.nl/content/Publicaties/Beleggingen-Pensioenfonds-Detailhandel.pdf
Pensioenfonds Detailhandel	La Banque Postale SA	Equity	2026	5.249.839	EUR	https://pensioenfondsdetailhandel.nl/content/Publicaties/Beleggingen-Pensioenfonds-Detailhandel.pdf
Pensioenfonds Detailhandel	La Mondiale SAM	Equity	2026	783.799	EUR	https://pensioenfondsdetailhandel.nl/content/Publicaties/Beleggingen-Pensioenfonds-Detailhandel.pdf
Pensioenfonds Detailhandel	La Poste SA	Equity	2026	4.274.353	EUR	https://pensioenfondsdetailhandel.nl/content/Publicaties/Beleggingen-Pensioenfonds-Detailhandel.pdf
Pensioenfonds Detailhandel	Land Baden-Wuerttemberg	Equity	2026	6.895.633	EUR	https://pensioenfondsdetailhandel.nl/content/Publicaties/Beleggingen-Pensioenfonds-Detailhandel.pdf
Pensioenfonds Detailhandel	Land Berlin	Equity	2026	19.136.377	EUR	https://pensioenfondsdetailhandel.nl/content/Publicaties/Beleggingen-Pensioenfonds-Detailhandel.pdf
Pensioenfonds Detailhandel	Landesbank Baden-Wuerttemberg	Equity	2026	14.517.466	EUR	https://pensioenfondsdetailhandel.nl/content/Publicaties/Beleggingen-Pensioenfonds-Detailhandel.pdf
Pensioenfonds Detailhandel	Landesbank Hessen-Thueringen Girozentral	Equity	2026	9.345.127	EUR	https://pensioenfondsdetailhandel.nl/content/Publicaties/Beleggingen-Pensioenfonds-Detailhandel.pdf
Pensioenfonds Detailhandel	Landeskreditbank Baden-Wuerttemberg Foer	Equity	2026	2.467.229	EUR	https://pensioenfondsdetailhandel.nl/content/Publicaties/Beleggingen-Pensioenfonds-Detailhandel.pdf
Pensioenfonds Detailhandel	Landwirtschaftliche Rentenbank	Equity	2026	21.969.857	EUR	https://pensioenfondsdetailhandel.nl/content/Publicaties/Beleggingen-Pensioenfonds-Detailhandel.pdf
Pensioenfonds Detailhandel	Lansforsakringar Bank AB	Equity	2026	1.139.338	EUR	https://pensioenfondsdetailhandel.nl/content/Publicaties/Beleggingen-Pensioenfonds-Detailhandel.pdf
Pensioenfonds Detailhandel	Lansforsakringar Hypotek AB	Equity	2026	1.114.002	EUR	https://pensioenfondsdetailhandel.nl/content/Publicaties/Beleggingen-Pensioenfonds-Detailhandel.pdf
Pensioenfonds Detailhandel	Legal & General Group PLC	Equity	2026	398.073	EUR	https://pensioenfondsdetailhandel.nl/content/Publicaties/Beleggingen-Pensioenfonds-Detailhandel.pdf
Pensioenfonds Detailhandel	Legrand SA	Equity	2026	1.741.917	EUR	https://pensioenfondsdetailhandel.nl/content/Publicaties/Beleggingen-Pensioenfonds-Detailhandel.pdf
Pensioenfonds Detailhandel	LFA Foerderbank Bayern	Equity	2026	960.753	EUR	https://pensioenfondsdetailhandel.nl/content/Publicaties/Beleggingen-Pensioenfonds-Detailhandel.pdf
Pensioenfonds Detailhandel	Liberty Mutual Group Inc	Equity	2026	1.057.882	EUR	https://pensioenfondsdetailhandel.nl/content/Publicaties/Beleggingen-Pensioenfonds-Detailhandel.pdf
Pensioenfonds Detailhandel	Lloyds Bank Corporate Markets PLC	Equity	2026	2.065.395	EUR	https://pensioenfondsdetailhandel.nl/content/Publicaties/Beleggingen-Pensioenfonds-Detailhandel.pdf
Pensioenfonds Detailhandel	Lloyds Bank GmbH	Equity	2026	702.523	EUR	https://pensioenfondsdetailhandel.nl/content/Publicaties/Beleggingen-Pensioenfonds-Detailhandel.pdf
Pensioenfonds Detailhandel	Lloyds Bank PLC	Equity	2026	543.347	EUR	https://pensioenfondsdetailhandel.nl/content/Publicaties/Beleggingen-Pensioenfonds-Detailhandel.pdf
Pensioenfonds Detailhandel	Lloyds Banking Group PLC	Equity	2026	8.548.351	EUR	https://pensioenfondsdetailhandel.nl/content/Publicaties/Beleggingen-Pensioenfonds-Detailhandel.pdf
Pensioenfonds Detailhandel	Logicor Financing Sarl	Equity	2026	3.387.574	EUR	https://pensioenfondsdetailhandel.nl/content/Publicaties/Beleggingen-Pensioenfonds-Detailhandel.pdf
Pensioenfonds Detailhandel	London Power Networks PLC	Equity	2026	301.700	EUR	https://pensioenfondsdetailhandel.nl/content/Publicaties/Beleggingen-Pensioenfonds-Detailhandel.pdf
Pensioenfonds Detailhandel	London Stock Exchange Group PLC	Equity	2026	602.141	EUR	https://pensioenfondsdetailhandel.nl/content/Publicaties/Beleggingen-Pensioenfonds-Detailhandel.pdf
Pensioenfonds Detailhandel	Lonza Finance International NV	Equity	2026	980.612	EUR	https://pensioenfondsdetailhandel.nl/content/Publicaties/Beleggingen-Pensioenfonds-Detailhandel.pdf
Pensioenfonds Detailhandel	Louis Dreyfus Co Finance BV	Equity	2026	587.952	EUR	https://pensioenfondsdetailhandel.nl/content/Publicaties/Beleggingen-Pensioenfonds-Detailhandel.pdf
Pensioenfonds Detailhandel	Lseg Netherlands BV	Equity	2026	2.389.705	EUR	https://pensioenfondsdetailhandel.nl/content/Publicaties/Beleggingen-Pensioenfonds-Detailhandel.pdf
Pensioenfonds Detailhandel	Luminor Bank AS/Estonia	Equity	2026	599.570	EUR	https://pensioenfondsdetailhandel.nl/content/Publicaties/Beleggingen-Pensioenfonds-Detailhandel.pdf
Pensioenfonds Detailhandel	LVMH Moet Hennessy Louis Vuitton SE	Equity	2026	4.745.812	EUR	https://pensioenfondsdetailhandel.nl/content/Publicaties/Beleggingen-Pensioenfonds-Detailhandel.pdf
Pensioenfonds Detailhandel	Macquarie Bank Ltd	Equity	2026	493.889	EUR	https://pensioenfondsdetailhandel.nl/content/Publicaties/Beleggingen-Pensioenfonds-Detailhandel.pdf
Pensioenfonds Detailhandel	Macquarie Group Ltd	Equity	2026	1.011.393	EUR	https://pensioenfondsdetailhandel.nl/content/Publicaties/Beleggingen-Pensioenfonds-Detailhandel.pdf
Pensioenfonds Detailhandel	Magnum Icc Finance BV	Equity	2026	1.767.851	EUR	https://pensioenfondsdetailhandel.nl/content/Publicaties/Beleggingen-Pensioenfonds-Detailhandel.pdf
Pensioenfonds Detailhandel	Malakoff Humanis Prevoyance	Equity	2026	520.301	EUR	https://pensioenfondsdetailhandel.nl/content/Publicaties/Beleggingen-Pensioenfonds-Detailhandel.pdf
Pensioenfonds Detailhandel	Manchester Airport Group Funding PLC	Equity	2026	392.893	EUR	https://pensioenfondsdetailhandel.nl/content/Publicaties/Beleggingen-Pensioenfonds-Detailhandel.pdf
Pensioenfonds Detailhandel	Mapfre SA	Equity	2026	293.045	EUR	https://pensioenfondsdetailhandel.nl/content/Publicaties/Beleggingen-Pensioenfonds-Detailhandel.pdf
Pensioenfonds Detailhandel	MassMutual Global Funding II	Equity	2026	621.459	EUR	https://pensioenfondsdetailhandel.nl/content/Publicaties/Beleggingen-Pensioenfonds-Detailhandel.pdf
Pensioenfonds Detailhandel	mBank SA	Equity	2026	918.018	EUR	https://pensioenfondsdetailhandel.nl/content/Publicaties/Beleggingen-Pensioenfonds-Detailhandel.pdf
Pensioenfonds Detailhandel	MDGH GMTN RSC Ltd	Equity	2026	781.247	EUR	https://pensioenfondsdetailhandel.nl/content/Publicaties/Beleggingen-Pensioenfonds-Detailhandel.pdf
Pensioenfonds Detailhandel	Mediobanca Banca di Credito Finanziario	Equity	2026	1.799.770	EUR	https://pensioenfondsdetailhandel.nl/content/Publicaties/Beleggingen-Pensioenfonds-Detailhandel.pdf
Pensioenfonds Detailhandel	Medtronic Global Holdings SCA	Equity	2026	3.769.871	EUR	https://pensioenfondsdetailhandel.nl/content/Publicaties/Beleggingen-Pensioenfonds-Detailhandel.pdf
Pensioenfonds Detailhandel	Medtronic Inc	Equity	2026	628.296	EUR	https://pensioenfondsdetailhandel.nl/content/Publicaties/Beleggingen-Pensioenfonds-Detailhandel.pdf
Pensioenfonds Detailhandel	Mercedes-Benz Group AG	Equity	2026	10.660.482	EUR	https://pensioenfondsdetailhandel.nl/content/Publicaties/Beleggingen-Pensioenfonds-Detailhandel.pdf
Pensioenfonds Detailhandel	Mercedes-Benz International Finance BV	Equity	2026	4.748.782	EUR	https://pensioenfondsdetailhandel.nl/content/Publicaties/Beleggingen-Pensioenfonds-Detailhandel.pdf
Pensioenfonds Detailhandel	Mercialys SA	Equity	2026	193.825	EUR	https://pensioenfondsdetailhandel.nl/content/Publicaties/Beleggingen-Pensioenfonds-Detailhandel.pdf
Pensioenfonds Detailhandel	Merck & Co Inc	Equity	2026	765.283	EUR	https://pensioenfondsdetailhandel.nl/content/Publicaties/Beleggingen-Pensioenfonds-Detailhandel.pdf
Pensioenfonds Detailhandel	Merck Financial Services GmbH	Equity	2026	1.778.831	EUR	https://pensioenfondsdetailhandel.nl/content/Publicaties/Beleggingen-Pensioenfonds-Detailhandel.pdf
Pensioenfonds Detailhandel	Merck KGaA	Equity	2026	1.391.804	EUR	https://pensioenfondsdetailhandel.nl/content/Publicaties/Beleggingen-Pensioenfonds-Detailhandel.pdf
Pensioenfonds Detailhandel	Metropolitan Life Global Funding I	Equity	2026	3.251.227	EUR	https://pensioenfondsdetailhandel.nl/content/Publicaties/Beleggingen-Pensioenfonds-Detailhandel.pdf
Pensioenfonds Detailhandel	Mexico Government International Bond	Equity	2026	2.728.001	EUR	https://pensioenfondsdetailhandel.nl/content/Publicaties/Beleggingen-Pensioenfonds-Detailhandel.pdf
Pensioenfonds Detailhandel	Microsoft Corp	Equity	2026	1.204.610	EUR	https://pensioenfondsdetailhandel.nl/content/Publicaties/Beleggingen-Pensioenfonds-Detailhandel.pdf
Pensioenfonds Detailhandel	Ministeries Van de Vlaamse Gemeenschap	Equity	2026	1.137.458	EUR	https://pensioenfondsdetailhandel.nl/content/Publicaties/Beleggingen-Pensioenfonds-Detailhandel.pdf
Pensioenfonds Detailhandel	Mitsubishi HC Capital UK PLC	Equity	2026	99.576	EUR	https://pensioenfondsdetailhandel.nl/content/Publicaties/Beleggingen-Pensioenfonds-Detailhandel.pdf
Pensioenfonds Detailhandel	Mitsubishi UFJ Financial Group Inc	Equity	2026	4.847.717	EUR	https://pensioenfondsdetailhandel.nl/content/Publicaties/Beleggingen-Pensioenfonds-Detailhandel.pdf
Pensioenfonds Detailhandel	Mizuho Financial Group Inc	Equity	2026	12.294.294	EUR	https://pensioenfondsdetailhandel.nl/content/Publicaties/Beleggingen-Pensioenfonds-Detailhandel.pdf
Pensioenfonds Detailhandel	MMB SCF SACA	Equity	2026	674.949	EUR	https://pensioenfondsdetailhandel.nl/content/Publicaties/Beleggingen-Pensioenfonds-Detailhandel.pdf
Pensioenfonds Detailhandel	MMS USA Holdings Inc	Equity	2026	849.288	EUR	https://pensioenfondsdetailhandel.nl/content/Publicaties/Beleggingen-Pensioenfonds-Detailhandel.pdf
Pensioenfonds Detailhandel	Molnlycke Holding AB	Equity	2026	705.382	EUR	https://pensioenfondsdetailhandel.nl/content/Publicaties/Beleggingen-Pensioenfonds-Detailhandel.pdf
Pensioenfonds Detailhandel	Molson Coors Beverage Co	Equity	2026	512.063	EUR	https://pensioenfondsdetailhandel.nl/content/Publicaties/Beleggingen-Pensioenfonds-Detailhandel.pdf
Pensioenfonds Detailhandel	Mondelez International Holdings Netherla	Equity	2026	657.955	EUR	https://pensioenfondsdetailhandel.nl/content/Publicaties/Beleggingen-Pensioenfonds-Detailhandel.pdf
Pensioenfonds Detailhandel	Mondelez International Inc	Equity	2026	439.426	EUR	https://pensioenfondsdetailhandel.nl/content/Publicaties/Beleggingen-Pensioenfonds-Detailhandel.pdf
Pensioenfonds Detailhandel	Motability Operations Group PLC	Equity	2026	4.200.010	EUR	https://pensioenfondsdetailhandel.nl/content/Publicaties/Beleggingen-Pensioenfonds-Detailhandel.pdf
Pensioenfonds Detailhandel	MSD Netherlands Capital BV	Equity	2026	1.642.239	EUR	https://pensioenfondsdetailhandel.nl/content/Publicaties/Beleggingen-Pensioenfonds-Detailhandel.pdf
Pensioenfonds Detailhandel	MTU Aero Engines AG	Equity	2026	308.968	EUR	https://pensioenfondsdetailhandel.nl/content/Publicaties/Beleggingen-Pensioenfonds-Detailhandel.pdf
Pensioenfonds Detailhandel	Muenchener Hypothekenbank eG	Equity	2026	7.482.730	EUR	https://pensioenfondsdetailhandel.nl/content/Publicaties/Beleggingen-Pensioenfonds-Detailhandel.pdf
Pensioenfonds Detailhandel	Muenchener Rueckversicherungs-Gesellscha	Equity	2026	2.816.720	EUR	https://pensioenfondsdetailhandel.nl/content/Publicaties/Beleggingen-Pensioenfonds-Detailhandel.pdf
Pensioenfonds Detailhandel	Mutuelle Assurance Des Commercants et In	Equity	2026	1.023.454	EUR	https://pensioenfondsdetailhandel.nl/content/Publicaties/Beleggingen-Pensioenfonds-Detailhandel.pdf
Pensioenfonds Detailhandel	Mutuelle Assurance Travailleur Mutualist	Equity	2026	303.954	EUR	https://pensioenfondsdetailhandel.nl/content/Publicaties/Beleggingen-Pensioenfonds-Detailhandel.pdf
Pensioenfonds Detailhandel	Nasdaq Inc	Equity	2026	1.666.850	EUR	https://pensioenfondsdetailhandel.nl/content/Publicaties/Beleggingen-Pensioenfonds-Detailhandel.pdf
Pensioenfonds Detailhandel	National Australia Bank Ltd	Equity	2026	8.763.796	EUR	https://pensioenfondsdetailhandel.nl/content/Publicaties/Beleggingen-Pensioenfonds-Detailhandel.pdf
Pensioenfonds Detailhandel	National Bank of Canada	Equity	2026	1.430.141	EUR	https://pensioenfondsdetailhandel.nl/content/Publicaties/Beleggingen-Pensioenfonds-Detailhandel.pdf
Pensioenfonds Detailhandel	National Bank of Greece SA	Equity	2026	1.464.280	EUR	https://pensioenfondsdetailhandel.nl/content/Publicaties/Beleggingen-Pensioenfonds-Detailhandel.pdf
Pensioenfonds Detailhandel	National Gas Transmission PLC	Equity	2026	638.505	EUR	https://pensioenfondsdetailhandel.nl/content/Publicaties/Beleggingen-Pensioenfonds-Detailhandel.pdf
Pensioenfonds Detailhandel	National Grid Electricity Distribution E	Equity	2026	102.364	EUR	https://pensioenfondsdetailhandel.nl/content/Publicaties/Beleggingen-Pensioenfonds-Detailhandel.pdf
Pensioenfonds Detailhandel	National Grid Electricity Transmission P	Equity	2026	338.254	EUR	https://pensioenfondsdetailhandel.nl/content/Publicaties/Beleggingen-Pensioenfonds-Detailhandel.pdf
Pensioenfonds Detailhandel	National Grid North America Inc	Equity	2026	1.291.111	EUR	https://pensioenfondsdetailhandel.nl/content/Publicaties/Beleggingen-Pensioenfonds-Detailhandel.pdf
Pensioenfonds Detailhandel	National Grid PLC	Equity	2026	1.076.940	EUR	https://pensioenfondsdetailhandel.nl/content/Publicaties/Beleggingen-Pensioenfonds-Detailhandel.pdf
Pensioenfonds Detailhandel	Nationale-Nederlanden Bank NV/The Nether	Equity	2026	2.734.172	EUR	https://pensioenfondsdetailhandel.nl/content/Publicaties/Beleggingen-Pensioenfonds-Detailhandel.pdf
Pensioenfonds Detailhandel	Nationwide Building Society	Equity	2026	9.565.470	EUR	https://pensioenfondsdetailhandel.nl/content/Publicaties/Beleggingen-Pensioenfonds-Detailhandel.pdf
Pensioenfonds Detailhandel	NatWest Group PLC	Equity	2026	10.940.649	EUR	https://pensioenfondsdetailhandel.nl/content/Publicaties/Beleggingen-Pensioenfonds-Detailhandel.pdf
Pensioenfonds Detailhandel	NatWest Markets PLC	Equity	2026	4.148.637	EUR	https://pensioenfondsdetailhandel.nl/content/Publicaties/Beleggingen-Pensioenfonds-Detailhandel.pdf
Pensioenfonds Detailhandel	NBN Co Ltd	Equity	2026	1.632.687	EUR	https://pensioenfondsdetailhandel.nl/content/Publicaties/Beleggingen-Pensioenfonds-Detailhandel.pdf
Pensioenfonds Detailhandel	Nederlandse Gasunie NV	Equity	2026	471.673	EUR	https://pensioenfondsdetailhandel.nl/content/Publicaties/Beleggingen-Pensioenfonds-Detailhandel.pdf
Pensioenfonds Detailhandel	Nederlandse Waterschapsbank NV	Equity	2026	7.349.042	EUR	https://pensioenfondsdetailhandel.nl/content/Publicaties/Beleggingen-Pensioenfonds-Detailhandel.pdf
Pensioenfonds Detailhandel	Nerval SAS	Equity	2026	962.176	EUR	https://pensioenfondsdetailhandel.nl/content/Publicaties/Beleggingen-Pensioenfonds-Detailhandel.pdf
Pensioenfonds Detailhandel	Neste Oyj	Equity	2026	4.516.853	EUR	https://pensioenfondsdetailhandel.nl/content/Publicaties/Beleggingen-Pensioenfonds-Detailhandel.pdf
Pensioenfonds Detailhandel	Nestle Finance International Ltd	Equity	2026	9.962.510	EUR	https://pensioenfondsdetailhandel.nl/content/Publicaties/Beleggingen-Pensioenfonds-Detailhandel.pdf
Pensioenfonds Detailhandel	New York Life Global Funding	Equity	2026	2.445.358	EUR	https://pensioenfondsdetailhandel.nl/content/Publicaties/Beleggingen-Pensioenfonds-Detailhandel.pdf
Pensioenfonds Detailhandel	Nexi SpA	Equity	2026	402.923	EUR	https://pensioenfondsdetailhandel.nl/content/Publicaties/Beleggingen-Pensioenfonds-Detailhandel.pdf
Pensioenfonds Detailhandel	NextEra Energy Capital Holdings Inc	Equity	2026	486.317	EUR	https://pensioenfondsdetailhandel.nl/content/Publicaties/Beleggingen-Pensioenfonds-Detailhandel.pdf
Pensioenfonds Detailhandel	NIBC Bank NV	Equity	2026	3.193.521	EUR	https://pensioenfondsdetailhandel.nl/content/Publicaties/Beleggingen-Pensioenfonds-Detailhandel.pdf
Pensioenfonds Detailhandel	Nippon Life Insurance Co	Equity	2026	877.399	EUR	https://pensioenfondsdetailhandel.nl/content/Publicaties/Beleggingen-Pensioenfonds-Detailhandel.pdf
Pensioenfonds Detailhandel	NN Group NV	Equity	2026	1.997.645	EUR	https://pensioenfondsdetailhandel.nl/content/Publicaties/Beleggingen-Pensioenfonds-Detailhandel.pdf
Pensioenfonds Detailhandel	Nokia Oyj	Equity	2026	824.510	EUR	https://pensioenfondsdetailhandel.nl/content/Publicaties/Beleggingen-Pensioenfonds-Detailhandel.pdf
Pensioenfonds Detailhandel	NORD/LB Luxembourg SA Covered Bond Bank	Equity	2026	676.651	EUR	https://pensioenfondsdetailhandel.nl/content/Publicaties/Beleggingen-Pensioenfonds-Detailhandel.pdf
Pensioenfonds Detailhandel	Norddeutsche Landesbank-Girozentrale	Equity	2026	6.273.532	EUR	https://pensioenfondsdetailhandel.nl/content/Publicaties/Beleggingen-Pensioenfonds-Detailhandel.pdf
Pensioenfonds Detailhandel	Nordea Bank Abp	Equity	2026	6.011.590	EUR	https://pensioenfondsdetailhandel.nl/content/Publicaties/Beleggingen-Pensioenfonds-Detailhandel.pdf
Pensioenfonds Detailhandel	Nordea Kiinnitysluottopankki Oyj	Equity	2026	5.704.296	EUR	https://pensioenfondsdetailhandel.nl/content/Publicaties/Beleggingen-Pensioenfonds-Detailhandel.pdf
Pensioenfonds Detailhandel	Nordic Investment Bank	Equity	2026	3.749.841	EUR	https://pensioenfondsdetailhandel.nl/content/Publicaties/Beleggingen-Pensioenfonds-Detailhandel.pdf
Pensioenfonds Detailhandel	Nortegas Energia Grupo SL	Equity	2026	342.540	EUR	https://pensioenfondsdetailhandel.nl/content/Publicaties/Beleggingen-Pensioenfonds-Detailhandel.pdf
Pensioenfonds Detailhandel	Novartis Finance SA	Equity	2026	2.744.645	EUR	https://pensioenfondsdetailhandel.nl/content/Publicaties/Beleggingen-Pensioenfonds-Detailhandel.pdf
Pensioenfonds Detailhandel	Novo Banco SA	Equity	2026	1.323.529	EUR	https://pensioenfondsdetailhandel.nl/content/Publicaties/Beleggingen-Pensioenfonds-Detailhandel.pdf
Pensioenfonds Detailhandel	Novo Nordisk Finance Netherlands BV	Equity	2026	3.755.252	EUR	https://pensioenfondsdetailhandel.nl/content/Publicaties/Beleggingen-Pensioenfonds-Detailhandel.pdf
Pensioenfonds Detailhandel	NRW Bank	Equity	2026	17.730.898	EUR	https://pensioenfondsdetailhandel.nl/content/Publicaties/Beleggingen-Pensioenfonds-Detailhandel.pdf
Pensioenfonds Detailhandel	NTT Finance Corp	Equity	2026	4.479.473	EUR	https://pensioenfondsdetailhandel.nl/content/Publicaties/Beleggingen-Pensioenfonds-Detailhandel.pdf
Pensioenfonds Detailhandel	Nykredit Realkredit A/S	Equity	2026	4.780.320	EUR	https://pensioenfondsdetailhandel.nl/content/Publicaties/Beleggingen-Pensioenfonds-Detailhandel.pdf
Pensioenfonds Detailhandel	OeBB-Infrastruktur AG	Equity	2026	1.577.588	EUR	https://pensioenfondsdetailhandel.nl/content/Publicaties/Beleggingen-Pensioenfonds-Detailhandel.pdf
Pensioenfonds Detailhandel	Oldenburgische Landesbank AG	Equity	2026	396.606	EUR	https://pensioenfondsdetailhandel.nl/content/Publicaties/Beleggingen-Pensioenfonds-Detailhandel.pdf
Pensioenfonds Detailhandel	Oma Saastopankki Oyj	Equity	2026	509.688	EUR	https://pensioenfondsdetailhandel.nl/content/Publicaties/Beleggingen-Pensioenfonds-Detailhandel.pdf
Pensioenfonds Detailhandel	OMERS Finance Trust	Equity	2026	593.374	EUR	https://pensioenfondsdetailhandel.nl/content/Publicaties/Beleggingen-Pensioenfonds-Detailhandel.pdf
Pensioenfonds Detailhandel	Omnicom Finance Holdings PLC	Equity	2026	292.109	EUR	https://pensioenfondsdetailhandel.nl/content/Publicaties/Beleggingen-Pensioenfonds-Detailhandel.pdf
Pensioenfonds Detailhandel	OMV AG	Equity	2026	2.033.792	EUR	https://pensioenfondsdetailhandel.nl/content/Publicaties/Beleggingen-Pensioenfonds-Detailhandel.pdf
Pensioenfonds Detailhandel	Ontario Teachers' Finance Trust	Equity	2026	3.005.336	EUR	https://pensioenfondsdetailhandel.nl/content/Publicaties/Beleggingen-Pensioenfonds-Detailhandel.pdf
Pensioenfonds Detailhandel	OP Corporate Bank plc	Equity	2026	2.653.439	EUR	https://pensioenfondsdetailhandel.nl/content/Publicaties/Beleggingen-Pensioenfonds-Detailhandel.pdf
Pensioenfonds Detailhandel	OP Mortgage Bank	Equity	2026	5.842.370	EUR	https://pensioenfondsdetailhandel.nl/content/Publicaties/Beleggingen-Pensioenfonds-Detailhandel.pdf
Pensioenfonds Detailhandel	Orange SA	Equity	2026	20.949.435	EUR	https://pensioenfondsdetailhandel.nl/content/Publicaties/Beleggingen-Pensioenfonds-Detailhandel.pdf
Pensioenfonds Detailhandel	Orano SA	Equity	2026	1.034.135	EUR	https://pensioenfondsdetailhandel.nl/content/Publicaties/Beleggingen-Pensioenfonds-Detailhandel.pdf
Pensioenfonds Detailhandel	ORIX Corp	Equity	2026	404.202	EUR	https://pensioenfondsdetailhandel.nl/content/Publicaties/Beleggingen-Pensioenfonds-Detailhandel.pdf
Pensioenfonds Detailhandel	Orsted AS	Equity	2026	2.358.945	EUR	https://pensioenfondsdetailhandel.nl/content/Publicaties/Beleggingen-Pensioenfonds-Detailhandel.pdf
Pensioenfonds Detailhandel	OTP Jelzalogbank Zrt	Equity	2026	866.517	EUR	https://pensioenfondsdetailhandel.nl/content/Publicaties/Beleggingen-Pensioenfonds-Detailhandel.pdf
Pensioenfonds Detailhandel	P3 Group Sarl	Equity	2026	1.160.291	EUR	https://pensioenfondsdetailhandel.nl/content/Publicaties/Beleggingen-Pensioenfonds-Detailhandel.pdf
Pensioenfonds Detailhandel	Pacific Life Global Funding II	Equity	2026	1.397.331	EUR	https://pensioenfondsdetailhandel.nl/content/Publicaties/Beleggingen-Pensioenfonds-Detailhandel.pdf
Pensioenfonds Detailhandel	PepsiCo Inc	Equity	2026	3.752.774	EUR	https://pensioenfondsdetailhandel.nl/content/Publicaties/Beleggingen-Pensioenfonds-Detailhandel.pdf
Pensioenfonds Detailhandel	Permanent TSB Group Holdings PLC	Equity	2026	1.422.374	EUR	https://pensioenfondsdetailhandel.nl/content/Publicaties/Beleggingen-Pensioenfonds-Detailhandel.pdf
Pensioenfonds Detailhandel	Pernod Ricard SA	Equity	2026	5.486.856	EUR	https://pensioenfondsdetailhandel.nl/content/Publicaties/Beleggingen-Pensioenfonds-Detailhandel.pdf
Pensioenfonds Detailhandel	Perusahaan Perseroan Persero PT Perusaha	Equity	2026	532.580	EUR	https://pensioenfondsdetailhandel.nl/content/Publicaties/Beleggingen-Pensioenfonds-Detailhandel.pdf
Pensioenfonds Detailhandel	Petroleos Mexicanos	Equity	2026	299.930	EUR	https://pensioenfondsdetailhandel.nl/content/Publicaties/Beleggingen-Pensioenfonds-Detailhandel.pdf
Pensioenfonds Detailhandel	Pfizer Netherlands International Finance	Equity	2026	1.123.151	EUR	https://pensioenfondsdetailhandel.nl/content/Publicaties/Beleggingen-Pensioenfonds-Detailhandel.pdf
Pensioenfonds Detailhandel	Philippine Government Bond	Equity	2026	207.088	EUR	https://pensioenfondsdetailhandel.nl/content/Publicaties/Beleggingen-Pensioenfonds-Detailhandel.pdf
Pensioenfonds Detailhandel	Piraeus Bank SA	Equity	2026	1.797.869	EUR	https://pensioenfondsdetailhandel.nl/content/Publicaties/Beleggingen-Pensioenfonds-Detailhandel.pdf
Pensioenfonds Detailhandel	Pirelli & C SpA	Equity	2026	925.325	EUR	https://pensioenfondsdetailhandel.nl/content/Publicaties/Beleggingen-Pensioenfonds-Detailhandel.pdf
Pensioenfonds Detailhandel	Powszechna Kasa Oszczednosci Bank Polski	Equity	2026	146.799	EUR	https://pensioenfondsdetailhandel.nl/content/Publicaties/Beleggingen-Pensioenfonds-Detailhandel.pdf
Pensioenfonds Detailhandel	PPG Industries Inc	Equity	2026	733.128	EUR	https://pensioenfondsdetailhandel.nl/content/Publicaties/Beleggingen-Pensioenfonds-Detailhandel.pdf
Pensioenfonds Detailhandel	Praemia Healthcare SACA	Equity	2026	901.272	EUR	https://pensioenfondsdetailhandel.nl/content/Publicaties/Beleggingen-Pensioenfonds-Detailhandel.pdf
Pensioenfonds Detailhandel	Prima Banka Slovensko AS	Equity	2026	582.579	EUR	https://pensioenfondsdetailhandel.nl/content/Publicaties/Beleggingen-Pensioenfonds-Detailhandel.pdf
Pensioenfonds Detailhandel	Procter & Gamble Co/The	Equity	2026	1.626.014	EUR	https://pensioenfondsdetailhandel.nl/content/Publicaties/Beleggingen-Pensioenfonds-Detailhandel.pdf
Pensioenfonds Detailhandel	Programa Cedulas TDA Fondo de Titulizaci	Equity	2026	2.882.819	EUR	https://pensioenfondsdetailhandel.nl/content/Publicaties/Beleggingen-Pensioenfonds-Detailhandel.pdf
Pensioenfonds Detailhandel	Prologis Euro Finance LLC	Equity	2026	3.240.220	EUR	https://pensioenfondsdetailhandel.nl/content/Publicaties/Beleggingen-Pensioenfonds-Detailhandel.pdf
Pensioenfonds Detailhandel	Prologis International Funding II SA	Equity	2026	4.077.361	EUR	https://pensioenfondsdetailhandel.nl/content/Publicaties/Beleggingen-Pensioenfonds-Detailhandel.pdf
Pensioenfonds Detailhandel	Prosus NV	Equity	2026	2.494.442	EUR	https://pensioenfondsdetailhandel.nl/content/Publicaties/Beleggingen-Pensioenfonds-Detailhandel.pdf
Pensioenfonds Detailhandel	Province of Alberta Canada	Equity	2026	1.585.740	EUR	https://pensioenfondsdetailhandel.nl/content/Publicaties/Beleggingen-Pensioenfonds-Detailhandel.pdf
Pensioenfonds Detailhandel	Province of British Columbia Canada	Equity	2026	2.708.576	EUR	https://pensioenfondsdetailhandel.nl/content/Publicaties/Beleggingen-Pensioenfonds-Detailhandel.pdf
Pensioenfonds Detailhandel	Province of Manitoba Canada	Equity	2026	592.319	EUR	https://pensioenfondsdetailhandel.nl/content/Publicaties/Beleggingen-Pensioenfonds-Detailhandel.pdf
Pensioenfonds Detailhandel	Province of Ontario Canada	Equity	2026	4.249.450	EUR	https://pensioenfondsdetailhandel.nl/content/Publicaties/Beleggingen-Pensioenfonds-Detailhandel.pdf
Pensioenfonds Detailhandel	Province of Quebec Canada	Equity	2026	7.898.353	EUR	https://pensioenfondsdetailhandel.nl/content/Publicaties/Beleggingen-Pensioenfonds-Detailhandel.pdf
Pensioenfonds Detailhandel	Province of Saskatchewan Canada	Equity	2026	908.039	EUR	https://pensioenfondsdetailhandel.nl/content/Publicaties/Beleggingen-Pensioenfonds-Detailhandel.pdf
Pensioenfonds Detailhandel	Proximus SADP	Equity	2026	2.738.284	EUR	https://pensioenfondsdetailhandel.nl/content/Publicaties/Beleggingen-Pensioenfonds-Detailhandel.pdf
Pensioenfonds Detailhandel	Prysmian SpA	Equity	2026	810.661	EUR	https://pensioenfondsdetailhandel.nl/content/Publicaties/Beleggingen-Pensioenfonds-Detailhandel.pdf
Pensioenfonds Detailhandel	PSA Tresorerie GIE	Equity	2026	446.638	EUR	https://pensioenfondsdetailhandel.nl/content/Publicaties/Beleggingen-Pensioenfonds-Detailhandel.pdf
Pensioenfonds Detailhandel	PSP Capital Inc	Equity	2026	1.104.726	EUR	https://pensioenfondsdetailhandel.nl/content/Publicaties/Beleggingen-Pensioenfonds-Detailhandel.pdf
Pensioenfonds Detailhandel	Publicis Groupe SA	Equity	2026	597.602	EUR	https://pensioenfondsdetailhandel.nl/content/Publicaties/Beleggingen-Pensioenfonds-Detailhandel.pdf
Pensioenfonds Detailhandel	PVH Corp	Equity	2026	229.819	EUR	https://pensioenfondsdetailhandel.nl/content/Publicaties/Beleggingen-Pensioenfonds-Detailhandel.pdf
Pensioenfonds Detailhandel	QNB Finance Ltd	Equity	2026	685.164	EUR	https://pensioenfondsdetailhandel.nl/content/Publicaties/Beleggingen-Pensioenfonds-Detailhandel.pdf
Pensioenfonds Detailhandel	Queensland Treasury Corp	Equity	2026	1.196.816	EUR	https://pensioenfondsdetailhandel.nl/content/Publicaties/Beleggingen-Pensioenfonds-Detailhandel.pdf
Pensioenfonds Detailhandel	Raiffeisen Bank International AG	Equity	2026	2.924.987	EUR	https://pensioenfondsdetailhandel.nl/content/Publicaties/Beleggingen-Pensioenfonds-Detailhandel.pdf
Pensioenfonds Detailhandel	Raiffeisen Schweiz Genossenschaft	Equity	2026	415.766	EUR	https://pensioenfondsdetailhandel.nl/content/Publicaties/Beleggingen-Pensioenfonds-Detailhandel.pdf
Pensioenfonds Detailhandel	Raiffeisen-Landesbank Steiermark AG	Equity	2026	853.158	EUR	https://pensioenfondsdetailhandel.nl/content/Publicaties/Beleggingen-Pensioenfonds-Detailhandel.pdf
Pensioenfonds Detailhandel	Raiffeisen-Landesbank Tirol AG	Equity	2026	704.307	EUR	https://pensioenfondsdetailhandel.nl/content/Publicaties/Beleggingen-Pensioenfonds-Detailhandel.pdf
Pensioenfonds Detailhandel	Raiffeisenlandesbank Niederoesterreich-W	Equity	2026	3.292.352	EUR	https://pensioenfondsdetailhandel.nl/content/Publicaties/Beleggingen-Pensioenfonds-Detailhandel.pdf
Pensioenfonds Detailhandel	Raiffeisenlandesbank Oberoesterreich AG	Equity	2026	685.932	EUR	https://pensioenfondsdetailhandel.nl/content/Publicaties/Beleggingen-Pensioenfonds-Detailhandel.pdf
Pensioenfonds Detailhandel	RCI Banque SA	Equity	2026	8.885.534	EUR	https://pensioenfondsdetailhandel.nl/content/Publicaties/Beleggingen-Pensioenfonds-Detailhandel.pdf
Pensioenfonds Detailhandel	Realty Income Corp	Equity	2026	671.018	EUR	https://pensioenfondsdetailhandel.nl/content/Publicaties/Beleggingen-Pensioenfonds-Detailhandel.pdf
Pensioenfonds Detailhandel	Reckitt Benckiser Treasury Services Nede	Equity	2026	361.395	EUR	https://pensioenfondsdetailhandel.nl/content/Publicaties/Beleggingen-Pensioenfonds-Detailhandel.pdf
Pensioenfonds Detailhandel	Reckitt Benckiser Treasury Services PLC	Equity	2026	3.086.220	EUR	https://pensioenfondsdetailhandel.nl/content/Publicaties/Beleggingen-Pensioenfonds-Detailhandel.pdf
Pensioenfonds Detailhandel	Red Electrica Financiaciones SA	Equity	2026	1.328.185	EUR	https://pensioenfondsdetailhandel.nl/content/Publicaties/Beleggingen-Pensioenfonds-Detailhandel.pdf
Pensioenfonds Detailhandel	Redeia Corp SA	Equity	2026	105.051	EUR	https://pensioenfondsdetailhandel.nl/content/Publicaties/Beleggingen-Pensioenfonds-Detailhandel.pdf
Pensioenfonds Detailhandel	Redexis Gas Finance BV	Equity	2026	402.136	EUR	https://pensioenfondsdetailhandel.nl/content/Publicaties/Beleggingen-Pensioenfonds-Detailhandel.pdf
Pensioenfonds Detailhandel	Regie Autonome des Transports Parisiens	Equity	2026	1.547.321	EUR	https://pensioenfondsdetailhandel.nl/content/Publicaties/Beleggingen-Pensioenfonds-Detailhandel.pdf
Pensioenfonds Detailhandel	Region de Bruxelles-Capitale	Equity	2026	419.311	EUR	https://pensioenfondsdetailhandel.nl/content/Publicaties/Beleggingen-Pensioenfonds-Detailhandel.pdf
Pensioenfonds Detailhandel	Region of Ile de France	Equity	2026	2.903.465	EUR	https://pensioenfondsdetailhandel.nl/content/Publicaties/Beleggingen-Pensioenfonds-Detailhandel.pdf
Pensioenfonds Detailhandel	Region Wallonne Belgium	Equity	2026	5.808.122	EUR	https://pensioenfondsdetailhandel.nl/content/Publicaties/Beleggingen-Pensioenfonds-Detailhandel.pdf
Pensioenfonds Detailhandel	Renault SA	Equity	2026	1.002.225	EUR	https://pensioenfondsdetailhandel.nl/content/Publicaties/Beleggingen-Pensioenfonds-Detailhandel.pdf
Pensioenfonds Detailhandel	Rentokil Initial Finance BV	Equity	2026	209.481	EUR	https://pensioenfondsdetailhandel.nl/content/Publicaties/Beleggingen-Pensioenfonds-Detailhandel.pdf
Pensioenfonds Detailhandel	Rentokil Initial PLC	Equity	2026	162.373	EUR	https://pensioenfondsdetailhandel.nl/content/Publicaties/Beleggingen-Pensioenfonds-Detailhandel.pdf
Pensioenfonds Detailhandel	Repsol Europe Finance Sarl	Equity	2026	798.114	EUR	https://pensioenfondsdetailhandel.nl/content/Publicaties/Beleggingen-Pensioenfonds-Detailhandel.pdf
Pensioenfonds Detailhandel	Republic of Poland Government Bond	Equity	2026	11.673.691	EUR	https://pensioenfondsdetailhandel.nl/content/Publicaties/Beleggingen-Pensioenfonds-Detailhandel.pdf
Pensioenfonds Detailhandel	REWE International Finance BV	Equity	2026	749.898	EUR	https://pensioenfondsdetailhandel.nl/content/Publicaties/Beleggingen-Pensioenfonds-Detailhandel.pdf
Pensioenfonds Detailhandel	Richemont International Holding SA	Equity	2026	2.596.009	EUR	https://pensioenfondsdetailhandel.nl/content/Publicaties/Beleggingen-Pensioenfonds-Detailhandel.pdf
Pensioenfonds Detailhandel	Robert Bosch Finance LLC	Equity	2026	1.010.291	EUR	https://pensioenfondsdetailhandel.nl/content/Publicaties/Beleggingen-Pensioenfonds-Detailhandel.pdf
Pensioenfonds Detailhandel	Robert Bosch GmbH	Equity	2026	3.158.680	EUR	https://pensioenfondsdetailhandel.nl/content/Publicaties/Beleggingen-Pensioenfonds-Detailhandel.pdf
Pensioenfonds Detailhandel	Robert Bosch Investment Nederland BV	Equity	2026	1.515.018	EUR	https://pensioenfondsdetailhandel.nl/content/Publicaties/Beleggingen-Pensioenfonds-Detailhandel.pdf
Pensioenfonds Detailhandel	Roche Finance Europe BV	Equity	2026	1.002.010	EUR	https://pensioenfondsdetailhandel.nl/content/Publicaties/Beleggingen-Pensioenfonds-Detailhandel.pdf
Pensioenfonds Detailhandel	Romania Government Bond	Equity	2026	13.270.130	EUR	https://pensioenfondsdetailhandel.nl/content/Publicaties/Beleggingen-Pensioenfonds-Detailhandel.pdf
Pensioenfonds Detailhandel	Roquette Freres SA	Equity	2026	494.025	EUR	https://pensioenfondsdetailhandel.nl/content/Publicaties/Beleggingen-Pensioenfonds-Detailhandel.pdf
Pensioenfonds Detailhandel	Royal Bank of Canada	Equity	2026	11.318.463	EUR	https://pensioenfondsdetailhandel.nl/content/Publicaties/Beleggingen-Pensioenfonds-Detailhandel.pdf
Pensioenfonds Detailhandel	Royal Schiphol Group NV	Equity	2026	4.195.724	EUR	https://pensioenfondsdetailhandel.nl/content/Publicaties/Beleggingen-Pensioenfonds-Detailhandel.pdf
Pensioenfonds Detailhandel	RTE Reseau de Transport d'Electricite SA	Equity	2026	4.862.522	EUR	https://pensioenfondsdetailhandel.nl/content/Publicaties/Beleggingen-Pensioenfonds-Detailhandel.pdf
Pensioenfonds Detailhandel	S-Pankki Oyj	Equity	2026	204.433	EUR	https://pensioenfondsdetailhandel.nl/content/Publicaties/Beleggingen-Pensioenfonds-Detailhandel.pdf
Pensioenfonds Detailhandel	Sage Group PLC/The	Equity	2026	170.576	EUR	https://pensioenfondsdetailhandel.nl/content/Publicaties/Beleggingen-Pensioenfonds-Detailhandel.pdf
Pensioenfonds Detailhandel	Sandvik AB	Equity	2026	372.369	EUR	https://pensioenfondsdetailhandel.nl/content/Publicaties/Beleggingen-Pensioenfonds-Detailhandel.pdf
Pensioenfonds Detailhandel	Sanofi SA	Equity	2026	7.989.934	EUR	https://pensioenfondsdetailhandel.nl/content/Publicaties/Beleggingen-Pensioenfonds-Detailhandel.pdf
Pensioenfonds Detailhandel	Santander Consumer Bank AG	Equity	2026	580.080	EUR	https://pensioenfondsdetailhandel.nl/content/Publicaties/Beleggingen-Pensioenfonds-Detailhandel.pdf
Pensioenfonds Detailhandel	Santander Consumer Finance SA	Equity	2026	1.759.746	EUR	https://pensioenfondsdetailhandel.nl/content/Publicaties/Beleggingen-Pensioenfonds-Detailhandel.pdf
Pensioenfonds Detailhandel	Santander UK Group Holdings PLC	Equity	2026	1.920.498	EUR	https://pensioenfondsdetailhandel.nl/content/Publicaties/Beleggingen-Pensioenfonds-Detailhandel.pdf
Pensioenfonds Detailhandel	Santander UK PLC	Equity	2026	5.117.772	EUR	https://pensioenfondsdetailhandel.nl/content/Publicaties/Beleggingen-Pensioenfonds-Detailhandel.pdf
Pensioenfonds Detailhandel	SAP SE	Equity	2026	1.576.395	EUR	https://pensioenfondsdetailhandel.nl/content/Publicaties/Beleggingen-Pensioenfonds-Detailhandel.pdf
Pensioenfonds Detailhandel	SBAB Bank AB	Equity	2026	2.182.931	EUR	https://pensioenfondsdetailhandel.nl/content/Publicaties/Beleggingen-Pensioenfonds-Detailhandel.pdf
Pensioenfonds Detailhandel	Scentre Management Ltd	Equity	2026	483.412	EUR	https://pensioenfondsdetailhandel.nl/content/Publicaties/Beleggingen-Pensioenfonds-Detailhandel.pdf
Pensioenfonds Detailhandel	Schneider Electric SE	Equity	2026	13.854.488	EUR	https://pensioenfondsdetailhandel.nl/content/Publicaties/Beleggingen-Pensioenfonds-Detailhandel.pdf
Pensioenfonds Detailhandel	SCOR SE	Equity	2026	512.257	EUR	https://pensioenfondsdetailhandel.nl/content/Publicaties/Beleggingen-Pensioenfonds-Detailhandel.pdf
Pensioenfonds Detailhandel	Securitas Treasury Ireland DAC	Equity	2026	618.274	EUR	https://pensioenfondsdetailhandel.nl/content/Publicaties/Beleggingen-Pensioenfonds-Detailhandel.pdf
Pensioenfonds Detailhandel	SELP Finance Sarl	Equity	2026	1.149.148	EUR	https://pensioenfondsdetailhandel.nl/content/Publicaties/Beleggingen-Pensioenfonds-Detailhandel.pdf
Pensioenfonds Detailhandel	Serbia Treasury Bonds	Equity	2026	1.662.862	EUR	https://pensioenfondsdetailhandel.nl/content/Publicaties/Beleggingen-Pensioenfonds-Detailhandel.pdf
Pensioenfonds Detailhandel	Severn Trent Utilities Finance PLC	Equity	2026	1.558.151	EUR	https://pensioenfondsdetailhandel.nl/content/Publicaties/Beleggingen-Pensioenfonds-Detailhandel.pdf
Pensioenfonds Detailhandel	SFIL SA	Equity	2026	4.368.524	EUR	https://pensioenfondsdetailhandel.nl/content/Publicaties/Beleggingen-Pensioenfonds-Detailhandel.pdf
Pensioenfonds Detailhandel	SGS Finance BV	Equity	2026	782.661	EUR	https://pensioenfondsdetailhandel.nl/content/Publicaties/Beleggingen-Pensioenfonds-Detailhandel.pdf
Pensioenfonds Detailhandel	SGSP Australia Assets Pty Ltd	Equity	2026	494.133	EUR	https://pensioenfondsdetailhandel.nl/content/Publicaties/Beleggingen-Pensioenfonds-Detailhandel.pdf
Pensioenfonds Detailhandel	Siemens Energy Finance BV	Equity	2026	1.487.842	EUR	https://pensioenfondsdetailhandel.nl/content/Publicaties/Beleggingen-Pensioenfonds-Detailhandel.pdf
Pensioenfonds Detailhandel	Siemens Financieringsmaatschappij NV	Equity	2026	18.074.938	EUR	https://pensioenfondsdetailhandel.nl/content/Publicaties/Beleggingen-Pensioenfonds-Detailhandel.pdf
Pensioenfonds Detailhandel	SIG Combibloc PurchaseCo Sarl	Equity	2026	692.990	EUR	https://pensioenfondsdetailhandel.nl/content/Publicaties/Beleggingen-Pensioenfonds-Detailhandel.pdf
Pensioenfonds Detailhandel	Signify NV	Equity	2026	176.257	EUR	https://pensioenfondsdetailhandel.nl/content/Publicaties/Beleggingen-Pensioenfonds-Detailhandel.pdf
Pensioenfonds Detailhandel	Sika Capital BV	Equity	2026	693.242	EUR	https://pensioenfondsdetailhandel.nl/content/Publicaties/Beleggingen-Pensioenfonds-Detailhandel.pdf
Pensioenfonds Detailhandel	Silfin NV	Equity	2026	321.259	EUR	https://pensioenfondsdetailhandel.nl/content/Publicaties/Beleggingen-Pensioenfonds-Detailhandel.pdf
Pensioenfonds Detailhandel	Sixt SE	Equity	2026	174.083	EUR	https://pensioenfondsdetailhandel.nl/content/Publicaties/Beleggingen-Pensioenfonds-Detailhandel.pdf
Pensioenfonds Detailhandel	Skandinaviska Enskilda Banken AB	Equity	2026	16.299.907	EUR	https://pensioenfondsdetailhandel.nl/content/Publicaties/Beleggingen-Pensioenfonds-Detailhandel.pdf
Pensioenfonds Detailhandel	Slovenska Sporitelna AS	Equity	2026	2.009.304	EUR	https://pensioenfondsdetailhandel.nl/content/Publicaties/Beleggingen-Pensioenfonds-Detailhandel.pdf
Pensioenfonds Detailhandel	Slovenske Elektrarne AS	Equity	2026	889.863	EUR	https://pensioenfondsdetailhandel.nl/content/Publicaties/Beleggingen-Pensioenfonds-Detailhandel.pdf
Pensioenfonds Detailhandel	SNCF Reseau	Equity	2026	8.398.465	EUR	https://pensioenfondsdetailhandel.nl/content/Publicaties/Beleggingen-Pensioenfonds-Detailhandel.pdf
Pensioenfonds Detailhandel	SNF Group SACA	Equity	2026	412.945	EUR	https://pensioenfondsdetailhandel.nl/content/Publicaties/Beleggingen-Pensioenfonds-Detailhandel.pdf
Pensioenfonds Detailhandel	Societe Des Grands Projets EPIC	Equity	2026	11.040.198	EUR	https://pensioenfondsdetailhandel.nl/content/Publicaties/Beleggingen-Pensioenfonds-Detailhandel.pdf
Pensioenfonds Detailhandel	Societe Generale SA	Equity	2026	30.098.932	EUR	https://pensioenfondsdetailhandel.nl/content/Publicaties/Beleggingen-Pensioenfonds-Detailhandel.pdf
Pensioenfonds Detailhandel	Societe Generale SFH SA	Equity	2026	6.503.255	EUR	https://pensioenfondsdetailhandel.nl/content/Publicaties/Beleggingen-Pensioenfonds-Detailhandel.pdf
Pensioenfonds Detailhandel	Societe Nationale SNCF SACA	Equity	2026	5.814.597	EUR	https://pensioenfondsdetailhandel.nl/content/Publicaties/Beleggingen-Pensioenfonds-Detailhandel.pdf
Pensioenfonds Detailhandel	Sogecap SA	Equity	2026	1.345.670	EUR	https://pensioenfondsdetailhandel.nl/content/Publicaties/Beleggingen-Pensioenfonds-Detailhandel.pdf
Pensioenfonds Detailhandel	SP-Kiinnitysluottopankki Oyj	Equity	2026	761.508	EUR	https://pensioenfondsdetailhandel.nl/content/Publicaties/Beleggingen-Pensioenfonds-Detailhandel.pdf
Pensioenfonds Detailhandel	SpareBank 1 Boligkreditt AS	Equity	2026	7.756.764	EUR	https://pensioenfondsdetailhandel.nl/content/Publicaties/Beleggingen-Pensioenfonds-Detailhandel.pdf
Pensioenfonds Detailhandel	Sparebank 1 Oestlandet	Equity	2026	1.273.028	EUR	https://pensioenfondsdetailhandel.nl/content/Publicaties/Beleggingen-Pensioenfonds-Detailhandel.pdf
Pensioenfonds Detailhandel	SpareBank 1 SMN	Equity	2026	452.301	EUR	https://pensioenfondsdetailhandel.nl/content/Publicaties/Beleggingen-Pensioenfonds-Detailhandel.pdf
Pensioenfonds Detailhandel	Sparebanken Norge Boligkreditt AS	Equity	2026	2.658.983	EUR	https://pensioenfondsdetailhandel.nl/content/Publicaties/Beleggingen-Pensioenfonds-Detailhandel.pdf
Pensioenfonds Detailhandel	SPP-Distribucia AS	Equity	2026	130.696	EUR	https://pensioenfondsdetailhandel.nl/content/Publicaties/Beleggingen-Pensioenfonds-Detailhandel.pdf
Pensioenfonds Detailhandel	SR-Boligkreditt AS	Equity	2026	2.922.674	EUR	https://pensioenfondsdetailhandel.nl/content/Publicaties/Beleggingen-Pensioenfonds-Detailhandel.pdf
Pensioenfonds Detailhandel	Stadshypotek AB	Equity	2026	3.174.969	EUR	https://pensioenfondsdetailhandel.nl/content/Publicaties/Beleggingen-Pensioenfonds-Detailhandel.pdf
Pensioenfonds Detailhandel	Standard Chartered PLC	Equity	2026	1.063.534	EUR	https://pensioenfondsdetailhandel.nl/content/Publicaties/Beleggingen-Pensioenfonds-Detailhandel.pdf
Pensioenfonds Detailhandel	State Grid Overseas Investment BVI Ltd	Equity	2026	1.129.613	EUR	https://pensioenfondsdetailhandel.nl/content/Publicaties/Beleggingen-Pensioenfonds-Detailhandel.pdf
Pensioenfonds Detailhandel	State of Brandenburg	Equity	2026	3.594.077	EUR	https://pensioenfondsdetailhandel.nl/content/Publicaties/Beleggingen-Pensioenfonds-Detailhandel.pdf
Pensioenfonds Detailhandel	State of Hesse	Equity	2026	17.312.289	EUR	https://pensioenfondsdetailhandel.nl/content/Publicaties/Beleggingen-Pensioenfonds-Detailhandel.pdf
Pensioenfonds Detailhandel	State of Lower Austria	Equity	2026	357.901	EUR	https://pensioenfondsdetailhandel.nl/content/Publicaties/Beleggingen-Pensioenfonds-Detailhandel.pdf
Pensioenfonds Detailhandel	State of North Rhine-Westphalia Germany	Equity	2026	39.563.444	EUR	https://pensioenfondsdetailhandel.nl/content/Publicaties/Beleggingen-Pensioenfonds-Detailhandel.pdf
Pensioenfonds Detailhandel	State of Saxony-Anhalt	Equity	2026	4.187.177	EUR	https://pensioenfondsdetailhandel.nl/content/Publicaties/Beleggingen-Pensioenfonds-Detailhandel.pdf
Pensioenfonds Detailhandel	Statkraft AS	Equity	2026	4.304.297	EUR	https://pensioenfondsdetailhandel.nl/content/Publicaties/Beleggingen-Pensioenfonds-Detailhandel.pdf
Pensioenfonds Detailhandel	Statnett SF	Equity	2026	2.646.849	EUR	https://pensioenfondsdetailhandel.nl/content/Publicaties/Beleggingen-Pensioenfonds-Detailhandel.pdf
Pensioenfonds Detailhandel	Stedin Holding NV	Equity	2026	4.175.421	EUR	https://pensioenfondsdetailhandel.nl/content/Publicaties/Beleggingen-Pensioenfonds-Detailhandel.pdf
Pensioenfonds Detailhandel	Stellantis NV	Equity	2026	10.188.304	EUR	https://pensioenfondsdetailhandel.nl/content/Publicaties/Beleggingen-Pensioenfonds-Detailhandel.pdf
Pensioenfonds Detailhandel	Stora Enso Oyj	Equity	2026	825.355	EUR	https://pensioenfondsdetailhandel.nl/content/Publicaties/Beleggingen-Pensioenfonds-Detailhandel.pdf
Pensioenfonds Detailhandel	Sumitomo Mitsui Banking Corp	Equity	2026	750.830	EUR	https://pensioenfondsdetailhandel.nl/content/Publicaties/Beleggingen-Pensioenfonds-Detailhandel.pdf
Pensioenfonds Detailhandel	Sumitomo Mitsui Financial Group Inc	Equity	2026	4.314.017	EUR	https://pensioenfondsdetailhandel.nl/content/Publicaties/Beleggingen-Pensioenfonds-Detailhandel.pdf
Pensioenfonds Detailhandel	Sumitomo Mitsui Trust Bank Ltd	Equity	2026	1.046.767	EUR	https://pensioenfondsdetailhandel.nl/content/Publicaties/Beleggingen-Pensioenfonds-Detailhandel.pdf
Pensioenfonds Detailhandel	Svensk Exportkredit AB	Equity	2026	2.687.386	EUR	https://pensioenfondsdetailhandel.nl/content/Publicaties/Beleggingen-Pensioenfonds-Detailhandel.pdf
Pensioenfonds Detailhandel	Svenska Handelsbanken AB	Equity	2026	6.374.216	EUR	https://pensioenfondsdetailhandel.nl/content/Publicaties/Beleggingen-Pensioenfonds-Detailhandel.pdf
Pensioenfonds Detailhandel	Sveriges Sakerstallda Obligationer AB	Equity	2026	2.954.116	EUR	https://pensioenfondsdetailhandel.nl/content/Publicaties/Beleggingen-Pensioenfonds-Detailhandel.pdf
Pensioenfonds Detailhandel	Swedbank AB	Equity	2026	5.501.055	EUR	https://pensioenfondsdetailhandel.nl/content/Publicaties/Beleggingen-Pensioenfonds-Detailhandel.pdf
Pensioenfonds Detailhandel	Swedbank Hypotek AB	Equity	2026	1.212.342	EUR	https://pensioenfondsdetailhandel.nl/content/Publicaties/Beleggingen-Pensioenfonds-Detailhandel.pdf
Pensioenfonds Detailhandel	Swiss Life Finance I AG	Equity	2026	172.751	EUR	https://pensioenfondsdetailhandel.nl/content/Publicaties/Beleggingen-Pensioenfonds-Detailhandel.pdf
Pensioenfonds Detailhandel	Swiss Life Finance II AG	Equity	2026	556.351	EUR	https://pensioenfondsdetailhandel.nl/content/Publicaties/Beleggingen-Pensioenfonds-Detailhandel.pdf
Pensioenfonds Detailhandel	Swiss Re Finance Luxembourg SA	Equity	2026	290.414	EUR	https://pensioenfondsdetailhandel.nl/content/Publicaties/Beleggingen-Pensioenfonds-Detailhandel.pdf
Pensioenfonds Detailhandel	Swiss Re Finance UK PLC	Equity	2026	747.438	EUR	https://pensioenfondsdetailhandel.nl/content/Publicaties/Beleggingen-Pensioenfonds-Detailhandel.pdf
Pensioenfonds Detailhandel	Swiss RE Subordinated Finance PLC	Equity	2026	592.565	EUR	https://pensioenfondsdetailhandel.nl/content/Publicaties/Beleggingen-Pensioenfonds-Detailhandel.pdf
Pensioenfonds Detailhandel	Swisscom Finance BV	Equity	2026	4.409.840	EUR	https://pensioenfondsdetailhandel.nl/content/Publicaties/Beleggingen-Pensioenfonds-Detailhandel.pdf
Pensioenfonds Detailhandel	Sydney Airport Finance Co Pty Ltd	Equity	2026	1.660.334	EUR	https://pensioenfondsdetailhandel.nl/content/Publicaties/Beleggingen-Pensioenfonds-Detailhandel.pdf
Pensioenfonds Detailhandel	Symrise AG	Equity	2026	596.513	EUR	https://pensioenfondsdetailhandel.nl/content/Publicaties/Beleggingen-Pensioenfonds-Detailhandel.pdf
Pensioenfonds Detailhandel	Syngenta Finance NV	Equity	2026	97.657	EUR	https://pensioenfondsdetailhandel.nl/content/Publicaties/Beleggingen-Pensioenfonds-Detailhandel.pdf
Pensioenfonds Detailhandel	T-Mobile USA Inc	Equity	2026	3.130.142	EUR	https://pensioenfondsdetailhandel.nl/content/Publicaties/Beleggingen-Pensioenfonds-Detailhandel.pdf
Pensioenfonds Detailhandel	Takeda Pharmaceutical Co Ltd	Equity	2026	4.060.561	EUR	https://pensioenfondsdetailhandel.nl/content/Publicaties/Beleggingen-Pensioenfonds-Detailhandel.pdf
Pensioenfonds Detailhandel	Talanx AG	Equity	2026	1.381.410	EUR	https://pensioenfondsdetailhandel.nl/content/Publicaties/Beleggingen-Pensioenfonds-Detailhandel.pdf
Pensioenfonds Detailhandel	Tatra Banka as	Equity	2026	295.639	EUR	https://pensioenfondsdetailhandel.nl/content/Publicaties/Beleggingen-Pensioenfonds-Detailhandel.pdf
Pensioenfonds Detailhandel	Tele2 AB	Equity	2026	680.989	EUR	https://pensioenfondsdetailhandel.nl/content/Publicaties/Beleggingen-Pensioenfonds-Detailhandel.pdf
Pensioenfonds Detailhandel	Telefonaktiebolaget LM Ericsson	Equity	2026	2.892.164	EUR	https://pensioenfondsdetailhandel.nl/content/Publicaties/Beleggingen-Pensioenfonds-Detailhandel.pdf
Pensioenfonds Detailhandel	Telefonica Emisiones SA	Equity	2026	17.621.187	EUR	https://pensioenfondsdetailhandel.nl/content/Publicaties/Beleggingen-Pensioenfonds-Detailhandel.pdf
Pensioenfonds Detailhandel	Telefonica Europe BV	Equity	2026	1.239.080	EUR	https://pensioenfondsdetailhandel.nl/content/Publicaties/Beleggingen-Pensioenfonds-Detailhandel.pdf
Pensioenfonds Detailhandel	Telenor ASA	Equity	2026	2.314.645	EUR	https://pensioenfondsdetailhandel.nl/content/Publicaties/Beleggingen-Pensioenfonds-Detailhandel.pdf
Pensioenfonds Detailhandel	Teleperformance SE	Equity	2026	2.139.647	EUR	https://pensioenfondsdetailhandel.nl/content/Publicaties/Beleggingen-Pensioenfonds-Detailhandel.pdf
Pensioenfonds Detailhandel	Telia Co AB	Equity	2026	2.282.897	EUR	https://pensioenfondsdetailhandel.nl/content/Publicaties/Beleggingen-Pensioenfonds-Detailhandel.pdf
Pensioenfonds Detailhandel	Telstra Group Ltd	Equity	2026	2.226.899	EUR	https://pensioenfondsdetailhandel.nl/content/Publicaties/Beleggingen-Pensioenfonds-Detailhandel.pdf
Pensioenfonds Detailhandel	Temasek Financial I Ltd	Equity	2026	2.529.196	EUR	https://pensioenfondsdetailhandel.nl/content/Publicaties/Beleggingen-Pensioenfonds-Detailhandel.pdf
Pensioenfonds Detailhandel	Tennet Netherlands BV	Equity	2026	7.426.126	EUR	https://pensioenfondsdetailhandel.nl/content/Publicaties/Beleggingen-Pensioenfonds-Detailhandel.pdf
Pensioenfonds Detailhandel	Teollisuuden Voima Oyj	Equity	2026	2.328.817	EUR	https://pensioenfondsdetailhandel.nl/content/Publicaties/Beleggingen-Pensioenfonds-Detailhandel.pdf
Pensioenfonds Detailhandel	Terega SA	Equity	2026	288.754	EUR	https://pensioenfondsdetailhandel.nl/content/Publicaties/Beleggingen-Pensioenfonds-Detailhandel.pdf
Pensioenfonds Detailhandel	Tesco Corporate Treasury Services PLC	Equity	2026	517.804	EUR	https://pensioenfondsdetailhandel.nl/content/Publicaties/Beleggingen-Pensioenfonds-Detailhandel.pdf
Pensioenfonds Detailhandel	Tikehau Capital SCA	Equity	2026	510.004	EUR	https://pensioenfondsdetailhandel.nl/content/Publicaties/Beleggingen-Pensioenfonds-Detailhandel.pdf
Pensioenfonds Detailhandel	Toronto-Dominion Bank/The	Equity	2026	12.306.352	EUR	https://pensioenfondsdetailhandel.nl/content/Publicaties/Beleggingen-Pensioenfonds-Detailhandel.pdf
Pensioenfonds Detailhandel	TotalEnergies Capital Canada Ltd	Equity	2026	583.674	EUR	https://pensioenfondsdetailhandel.nl/content/Publicaties/Beleggingen-Pensioenfonds-Detailhandel.pdf
Pensioenfonds Detailhandel	TotalEnergies Capital International SA	Equity	2026	8.046.802	EUR	https://pensioenfondsdetailhandel.nl/content/Publicaties/Beleggingen-Pensioenfonds-Detailhandel.pdf
Pensioenfonds Detailhandel	TotalEnergies SE	Equity	2026	4.083.686	EUR	https://pensioenfondsdetailhandel.nl/content/Publicaties/Beleggingen-Pensioenfonds-Detailhandel.pdf
Pensioenfonds Detailhandel	Toyota Finance Australia Ltd	Equity	2026	1.407.494	EUR	https://pensioenfondsdetailhandel.nl/content/Publicaties/Beleggingen-Pensioenfonds-Detailhandel.pdf
Pensioenfonds Detailhandel	Toyota Motor Credit Corp	Equity	2026	3.926.580	EUR	https://pensioenfondsdetailhandel.nl/content/Publicaties/Beleggingen-Pensioenfonds-Detailhandel.pdf
Pensioenfonds Detailhandel	Toyota Motor Finance Netherlands BV	Equity	2026	4.358.177	EUR	https://pensioenfondsdetailhandel.nl/content/Publicaties/Beleggingen-Pensioenfonds-Detailhandel.pdf
Pensioenfonds Detailhandel	Transurban Finance Co Pty Ltd	Equity	2026	2.774.970	EUR	https://pensioenfondsdetailhandel.nl/content/Publicaties/Beleggingen-Pensioenfonds-Detailhandel.pdf
Pensioenfonds Detailhandel	Treasury Corp of Victoria	Equity	2026	597.979	EUR	https://pensioenfondsdetailhandel.nl/content/Publicaties/Beleggingen-Pensioenfonds-Detailhandel.pdf
Pensioenfonds Detailhandel	Tyco Electronics Group SA	Equity	2026	368.846	EUR	https://pensioenfondsdetailhandel.nl/content/Publicaties/Beleggingen-Pensioenfonds-Detailhandel.pdf
Pensioenfonds Detailhandel	UBS AG/London	Equity	2026	1.426.958	EUR	https://pensioenfondsdetailhandel.nl/content/Publicaties/Beleggingen-Pensioenfonds-Detailhandel.pdf
Pensioenfonds Detailhandel	UBS Group AG	Equity	2026	16.864.758	EUR	https://pensioenfondsdetailhandel.nl/content/Publicaties/Beleggingen-Pensioenfonds-Detailhandel.pdf
Pensioenfonds Detailhandel	UNEDIC ASSEO	Equity	2026	17.295.790	EUR	https://pensioenfondsdetailhandel.nl/content/Publicaties/Beleggingen-Pensioenfonds-Detailhandel.pdf
Pensioenfonds Detailhandel	Unibail-Rodamco-Westfield SE	Equity	2026	8.102.128	EUR	https://pensioenfondsdetailhandel.nl/content/Publicaties/Beleggingen-Pensioenfonds-Detailhandel.pdf
Pensioenfonds Detailhandel	Unicaja Banco SA	Equity	2026	545.860	EUR	https://pensioenfondsdetailhandel.nl/content/Publicaties/Beleggingen-Pensioenfonds-Detailhandel.pdf
Pensioenfonds Detailhandel	UniCredit Bank Austria AG	Equity	2026	2.069.746	EUR	https://pensioenfondsdetailhandel.nl/content/Publicaties/Beleggingen-Pensioenfonds-Detailhandel.pdf
Pensioenfonds Detailhandel	UniCredit Bank Czech Republic & Slovakia	Equity	2026	508.864	EUR	https://pensioenfondsdetailhandel.nl/content/Publicaties/Beleggingen-Pensioenfonds-Detailhandel.pdf
Pensioenfonds Detailhandel	UniCredit Bank GmbH	Equity	2026	7.996.469	EUR	https://pensioenfondsdetailhandel.nl/content/Publicaties/Beleggingen-Pensioenfonds-Detailhandel.pdf
Pensioenfonds Detailhandel	UniCredit SpA	Equity	2026	17.687.289	EUR	https://pensioenfondsdetailhandel.nl/content/Publicaties/Beleggingen-Pensioenfonds-Detailhandel.pdf
Pensioenfonds Detailhandel	Unilever Capital Corp	Equity	2026	2.329.626	EUR	https://pensioenfondsdetailhandel.nl/content/Publicaties/Beleggingen-Pensioenfonds-Detailhandel.pdf
Pensioenfonds Detailhandel	Unilever Finance Netherlands BV	Equity	2026	5.408.095	EUR	https://pensioenfondsdetailhandel.nl/content/Publicaties/Beleggingen-Pensioenfonds-Detailhandel.pdf
Pensioenfonds Detailhandel	Unilever PLC	Equity	2026	441.843	EUR	https://pensioenfondsdetailhandel.nl/content/Publicaties/Beleggingen-Pensioenfonds-Detailhandel.pdf
Pensioenfonds Detailhandel	Unipol Assicurazioni SpA	Equity	2026	3.406.150	EUR	https://pensioenfondsdetailhandel.nl/content/Publicaties/Beleggingen-Pensioenfonds-Detailhandel.pdf
Pensioenfonds Detailhandel	United Overseas Bank Ltd	Equity	2026	1.637.976	EUR	https://pensioenfondsdetailhandel.nl/content/Publicaties/Beleggingen-Pensioenfonds-Detailhandel.pdf
Pensioenfonds Detailhandel	United Utilities Water Finance PLC	Equity	2026	1.260.124	EUR	https://pensioenfondsdetailhandel.nl/content/Publicaties/Beleggingen-Pensioenfonds-Detailhandel.pdf
Pensioenfonds Detailhandel	Upjohn Finance BV	Equity	2026	637.584	EUR	https://pensioenfondsdetailhandel.nl/content/Publicaties/Beleggingen-Pensioenfonds-Detailhandel.pdf
Pensioenfonds Detailhandel	Urenco Finance NV	Equity	2026	526.421	EUR	https://pensioenfondsdetailhandel.nl/content/Publicaties/Beleggingen-Pensioenfonds-Detailhandel.pdf
Pensioenfonds Detailhandel	Utah Acquisition Sub Inc	Equity	2026	425.583	EUR	https://pensioenfondsdetailhandel.nl/content/Publicaties/Beleggingen-Pensioenfonds-Detailhandel.pdf
Pensioenfonds Detailhandel	Var Energi ASA	Equity	2026	698.575	EUR	https://pensioenfondsdetailhandel.nl/content/Publicaties/Beleggingen-Pensioenfonds-Detailhandel.pdf
Pensioenfonds Detailhandel	Vattenfall AB	Equity	2026	339.200	EUR	https://pensioenfondsdetailhandel.nl/content/Publicaties/Beleggingen-Pensioenfonds-Detailhandel.pdf
Pensioenfonds Detailhandel	Verbund AG	Equity	2026	234.305	EUR	https://pensioenfondsdetailhandel.nl/content/Publicaties/Beleggingen-Pensioenfonds-Detailhandel.pdf
Pensioenfonds Detailhandel	Verizon Communications Inc	Equity	2026	17.712.613	EUR	https://pensioenfondsdetailhandel.nl/content/Publicaties/Beleggingen-Pensioenfonds-Detailhandel.pdf
Pensioenfonds Detailhandel	Vestas Wind Systems A/S	Equity	2026	307.203	EUR	https://pensioenfondsdetailhandel.nl/content/Publicaties/Beleggingen-Pensioenfonds-Detailhandel.pdf
Pensioenfonds Detailhandel	Vestas Wind Systems Finance BV	Equity	2026	478.674	EUR	https://pensioenfondsdetailhandel.nl/content/Publicaties/Beleggingen-Pensioenfonds-Detailhandel.pdf
Pensioenfonds Detailhandel	Vesteda Finance BV	Equity	2026	1.608.648	EUR	https://pensioenfondsdetailhandel.nl/content/Publicaties/Beleggingen-Pensioenfonds-Detailhandel.pdf
Pensioenfonds Detailhandel	Vicinity Centres Trust	Equity	2026	342.114	EUR	https://pensioenfondsdetailhandel.nl/content/Publicaties/Beleggingen-Pensioenfonds-Detailhandel.pdf
Pensioenfonds Detailhandel	Vier Gas Transport GmbH	Equity	2026	1.903.859	EUR	https://pensioenfondsdetailhandel.nl/content/Publicaties/Beleggingen-Pensioenfonds-Detailhandel.pdf
Pensioenfonds Detailhandel	Vinci SA	Equity	2026	937.447	EUR	https://pensioenfondsdetailhandel.nl/content/Publicaties/Beleggingen-Pensioenfonds-Detailhandel.pdf
Pensioenfonds Detailhandel	Visa Inc	Equity	2026	3.304.346	EUR	https://pensioenfondsdetailhandel.nl/content/Publicaties/Beleggingen-Pensioenfonds-Detailhandel.pdf
Pensioenfonds Detailhandel	Vodafone Group PLC	Equity	2026	3.701.076	EUR	https://pensioenfondsdetailhandel.nl/content/Publicaties/Beleggingen-Pensioenfonds-Detailhandel.pdf
Pensioenfonds Detailhandel	Vodafone International Financing DAC	Equity	2026	4.346.327	EUR	https://pensioenfondsdetailhandel.nl/content/Publicaties/Beleggingen-Pensioenfonds-Detailhandel.pdf
Pensioenfonds Detailhandel	Volksbank Wien AG	Equity	2026	1.704.882	EUR	https://pensioenfondsdetailhandel.nl/content/Publicaties/Beleggingen-Pensioenfonds-Detailhandel.pdf
Pensioenfonds Detailhandel	Volvo Treasury AB	Equity	2026	1.568.244	EUR	https://pensioenfondsdetailhandel.nl/content/Publicaties/Beleggingen-Pensioenfonds-Detailhandel.pdf
Pensioenfonds Detailhandel	Vonovia SE	Equity	2026	1.704.218	EUR	https://pensioenfondsdetailhandel.nl/content/Publicaties/Beleggingen-Pensioenfonds-Detailhandel.pdf
Pensioenfonds Detailhandel	Vseobecna Uverova Banka AS	Equity	2026	1.383.905	EUR	https://pensioenfondsdetailhandel.nl/content/Publicaties/Beleggingen-Pensioenfonds-Detailhandel.pdf
Pensioenfonds Detailhandel	Walmart Inc	Equity	2026	270.954	EUR	https://pensioenfondsdetailhandel.nl/content/Publicaties/Beleggingen-Pensioenfonds-Detailhandel.pdf
Pensioenfonds Detailhandel	Wells Fargo & Co	Equity	2026	1.104.836	EUR	https://pensioenfondsdetailhandel.nl/content/Publicaties/Beleggingen-Pensioenfonds-Detailhandel.pdf
Pensioenfonds Detailhandel	Werfen SA/Spain	Equity	2026	946.576	EUR	https://pensioenfondsdetailhandel.nl/content/Publicaties/Beleggingen-Pensioenfonds-Detailhandel.pdf
Pensioenfonds Detailhandel	Wesfarmers Ltd	Equity	2026	588.220	EUR	https://pensioenfondsdetailhandel.nl/content/Publicaties/Beleggingen-Pensioenfonds-Detailhandel.pdf
Pensioenfonds Detailhandel	Westpac Banking Corp	Equity	2026	5.428.277	EUR	https://pensioenfondsdetailhandel.nl/content/Publicaties/Beleggingen-Pensioenfonds-Detailhandel.pdf
Pensioenfonds Detailhandel	Westpac Securities NZ Ltd/London	Equity	2026	1.439.892	EUR	https://pensioenfondsdetailhandel.nl/content/Publicaties/Beleggingen-Pensioenfonds-Detailhandel.pdf
Pensioenfonds Detailhandel	Wirtschafts- und Infrastrukturbank Hesse	Equity	2026	1.447.508	EUR	https://pensioenfondsdetailhandel.nl/content/Publicaties/Beleggingen-Pensioenfonds-Detailhandel.pdf
Pensioenfonds Detailhandel	Woolworths Group Ltd	Equity	2026	288.852	EUR	https://pensioenfondsdetailhandel.nl/content/Publicaties/Beleggingen-Pensioenfonds-Detailhandel.pdf
Pensioenfonds Detailhandel	WPP Finance 2013	Equity	2026	1.411.980	EUR	https://pensioenfondsdetailhandel.nl/content/Publicaties/Beleggingen-Pensioenfonds-Detailhandel.pdf
Pensioenfonds Detailhandel	WPP Finance Deutschland GmbH	Equity	2026	155.591	EUR	https://pensioenfondsdetailhandel.nl/content/Publicaties/Beleggingen-Pensioenfonds-Detailhandel.pdf
Pensioenfonds Detailhandel	WPP Finance SA	Equity	2026	328.413	EUR	https://pensioenfondsdetailhandel.nl/content/Publicaties/Beleggingen-Pensioenfonds-Detailhandel.pdf
Pensioenfonds Detailhandel	Wuestenrot Bausparkasse AG	Equity	2026	1.426.099	EUR	https://pensioenfondsdetailhandel.nl/content/Publicaties/Beleggingen-Pensioenfonds-Detailhandel.pdf
Pensioenfonds Detailhandel	Wurth Finance International BV	Equity	2026	802.337	EUR	https://pensioenfondsdetailhandel.nl/content/Publicaties/Beleggingen-Pensioenfonds-Detailhandel.pdf
Pensioenfonds Detailhandel	Yorkshire Building Society	Equity	2026	1.493.762	EUR	https://pensioenfondsdetailhandel.nl/content/Publicaties/Beleggingen-Pensioenfonds-Detailhandel.pdf
Pensioenfonds Detailhandel	Zuercher Kantonalbank	Equity	2026	1.794.525	EUR	https://pensioenfondsdetailhandel.nl/content/Publicaties/Beleggingen-Pensioenfonds-Detailhandel.pdf
Pensioenfonds Detailhandel	Zurich Finance Ireland Designated Activi	Equity	2026	327.418	EUR	https://pensioenfondsdetailhandel.nl/content/Publicaties/Beleggingen-Pensioenfonds-Detailhandel.pdf
Pensioenfonds Detailhandel	A2A SpA	Equity	2026	654.095	EUR	https://pensioenfondsdetailhandel.nl/content/Publicaties/Beleggingen-Pensioenfonds-Detailhandel.pdf
Pensioenfonds Detailhandel	Aareal Bank AG	Equity	2026	94.875	EUR	https://pensioenfondsdetailhandel.nl/content/Publicaties/Beleggingen-Pensioenfonds-Detailhandel.pdf
Pensioenfonds Detailhandel	Abanca Corp Bancaria SA	Equity	2026	204.830	EUR	https://pensioenfondsdetailhandel.nl/content/Publicaties/Beleggingen-Pensioenfonds-Detailhandel.pdf
Pensioenfonds Detailhandel	ABEILLE VIE SA d'Assurances Vie et de Ca	Equity	2026	115.252	EUR	https://pensioenfondsdetailhandel.nl/content/Publicaties/Beleggingen-Pensioenfonds-Detailhandel.pdf
Pensioenfonds Detailhandel	ABN AMRO Bank NV	Equity	2026	2.410.998	EUR	https://pensioenfondsdetailhandel.nl/content/Publicaties/Beleggingen-Pensioenfonds-Detailhandel.pdf
Pensioenfonds Detailhandel	Acciona Energia Financiacion Filiales SA	Equity	2026	489.616	EUR	https://pensioenfondsdetailhandel.nl/content/Publicaties/Beleggingen-Pensioenfonds-Detailhandel.pdf
Pensioenfonds Detailhandel	ACEA SpA	Equity	2026	361.593	EUR	https://pensioenfondsdetailhandel.nl/content/Publicaties/Beleggingen-Pensioenfonds-Detailhandel.pdf
Pensioenfonds Detailhandel	Acef Holding SCA	Equity	2026	274.703	EUR	https://pensioenfondsdetailhandel.nl/content/Publicaties/Beleggingen-Pensioenfonds-Detailhandel.pdf
Pensioenfonds Detailhandel	Achmea Bank NV	Equity	2026	100.787	EUR	https://pensioenfondsdetailhandel.nl/content/Publicaties/Beleggingen-Pensioenfonds-Detailhandel.pdf
Pensioenfonds Detailhandel	Adif Alta Velocidad	Equity	2026	848.676	EUR	https://pensioenfondsdetailhandel.nl/content/Publicaties/Beleggingen-Pensioenfonds-Detailhandel.pdf
Pensioenfonds Detailhandel	Aedifica SA	Equity	2026	83.839	EUR	https://pensioenfondsdetailhandel.nl/content/Publicaties/Beleggingen-Pensioenfonds-Detailhandel.pdf
Pensioenfonds Detailhandel	Aeroporti di Roma SpA	Equity	2026	171.981	EUR	https://pensioenfondsdetailhandel.nl/content/Publicaties/Beleggingen-Pensioenfonds-Detailhandel.pdf
Pensioenfonds Detailhandel	AES Corp/The	Equity	2026	366.345	EUR	https://pensioenfondsdetailhandel.nl/content/Publicaties/Beleggingen-Pensioenfonds-Detailhandel.pdf
Pensioenfonds Detailhandel	African Development Bank	Equity	2026	88.954	EUR	https://pensioenfondsdetailhandel.nl/content/Publicaties/Beleggingen-Pensioenfonds-Detailhandel.pdf
Pensioenfonds Detailhandel	AIB Group PLC	Equity	2026	1.259.701	EUR	https://pensioenfondsdetailhandel.nl/content/Publicaties/Beleggingen-Pensioenfonds-Detailhandel.pdf
Pensioenfonds Detailhandel	Airport Authority	Equity	2026	354.566	EUR	https://pensioenfondsdetailhandel.nl/content/Publicaties/Beleggingen-Pensioenfonds-Detailhandel.pdf
Pensioenfonds Detailhandel	AL Sydbank	Equity	2026	210.602	EUR	https://pensioenfondsdetailhandel.nl/content/Publicaties/Beleggingen-Pensioenfonds-Detailhandel.pdf
Pensioenfonds Detailhandel	Aldar Investment Properties Sukuk Ltd	Equity	2026	338.500	EUR	https://pensioenfondsdetailhandel.nl/content/Publicaties/Beleggingen-Pensioenfonds-Detailhandel.pdf
Pensioenfonds Detailhandel	Alexandria Real Estate Equities Inc	Equity	2026	368.528	EUR	https://pensioenfondsdetailhandel.nl/content/Publicaties/Beleggingen-Pensioenfonds-Detailhandel.pdf
Pensioenfonds Detailhandel	Alimentation Couche-Tard Inc	Equity	2026	31.025	EUR	https://pensioenfondsdetailhandel.nl/content/Publicaties/Beleggingen-Pensioenfonds-Detailhandel.pdf
Pensioenfonds Detailhandel	Alliander NV	Equity	2026	1.190.675	EUR	https://pensioenfondsdetailhandel.nl/content/Publicaties/Beleggingen-Pensioenfonds-Detailhandel.pdf
Pensioenfonds Detailhandel	Allied Properties Real Estate Investment	Equity	2026	107.675	EUR	https://pensioenfondsdetailhandel.nl/content/Publicaties/Beleggingen-Pensioenfonds-Detailhandel.pdf
Pensioenfonds Detailhandel	Alpha Bank SA	Equity	2026	98.350	EUR	https://pensioenfondsdetailhandel.nl/content/Publicaties/Beleggingen-Pensioenfonds-Detailhandel.pdf
Pensioenfonds Detailhandel	American Homes 4 Rent LP	Equity	2026	88.345	EUR	https://pensioenfondsdetailhandel.nl/content/Publicaties/Beleggingen-Pensioenfonds-Detailhandel.pdf
Pensioenfonds Detailhandel	Amprion GmbH	Equity	2026	1.683.369	EUR	https://pensioenfondsdetailhandel.nl/content/Publicaties/Beleggingen-Pensioenfonds-Detailhandel.pdf
Pensioenfonds Detailhandel	Anglian Water Services Financing PLC	Equity	2026	713.262	EUR	https://pensioenfondsdetailhandel.nl/content/Publicaties/Beleggingen-Pensioenfonds-Detailhandel.pdf
Pensioenfonds Detailhandel	AP Moller - Maersk A/S	Equity	2026	453.294	EUR	https://pensioenfondsdetailhandel.nl/content/Publicaties/Beleggingen-Pensioenfonds-Detailhandel.pdf
Pensioenfonds Detailhandel	Apple Inc	Equity	2026	138.535	EUR	https://pensioenfondsdetailhandel.nl/content/Publicaties/Beleggingen-Pensioenfonds-Detailhandel.pdf
Pensioenfonds Detailhandel	Arab Energy Fund /The	Equity	2026	362.778	EUR	https://pensioenfondsdetailhandel.nl/content/Publicaties/Beleggingen-Pensioenfonds-Detailhandel.pdf
Pensioenfonds Detailhandel	Argenta Spaarbank NV	Equity	2026	590.567	EUR	https://pensioenfondsdetailhandel.nl/content/Publicaties/Beleggingen-Pensioenfonds-Detailhandel.pdf
Pensioenfonds Detailhandel	Arizona Public Service Co	Equity	2026	35.909	EUR	https://pensioenfondsdetailhandel.nl/content/Publicaties/Beleggingen-Pensioenfonds-Detailhandel.pdf
Pensioenfonds Detailhandel	Arkea Home Loans SFH SA	Equity	2026	303.457	EUR	https://pensioenfondsdetailhandel.nl/content/Publicaties/Beleggingen-Pensioenfonds-Detailhandel.pdf
Pensioenfonds Detailhandel	Asian Development Bank	Equity	2026	1.161.098	EUR	https://pensioenfondsdetailhandel.nl/content/Publicaties/Beleggingen-Pensioenfonds-Detailhandel.pdf
Pensioenfonds Detailhandel	Asian Infrastructure Investment Bank/The	Equity	2026	59.120	EUR	https://pensioenfondsdetailhandel.nl/content/Publicaties/Beleggingen-Pensioenfonds-Detailhandel.pdf
Pensioenfonds Detailhandel	ASML Holding NV	Equity	2026	96.730	EUR	https://pensioenfondsdetailhandel.nl/content/Publicaties/Beleggingen-Pensioenfonds-Detailhandel.pdf
Pensioenfonds Detailhandel	ASN Bank NV	Equity	2026	702.573	EUR	https://pensioenfondsdetailhandel.nl/content/Publicaties/Beleggingen-Pensioenfonds-Detailhandel.pdf
Pensioenfonds Detailhandel	ASR Nederland NV	Equity	2026	101.253	EUR	https://pensioenfondsdetailhandel.nl/content/Publicaties/Beleggingen-Pensioenfonds-Detailhandel.pdf
Pensioenfonds Detailhandel	Aster Treasury Plc	Equity	2026	100.619	EUR	https://pensioenfondsdetailhandel.nl/content/Publicaties/Beleggingen-Pensioenfonds-Detailhandel.pdf
Pensioenfonds Detailhandel	Auckland Council	Equity	2026	194.529	EUR	https://pensioenfondsdetailhandel.nl/content/Publicaties/Beleggingen-Pensioenfonds-Detailhandel.pdf
Pensioenfonds Detailhandel	Australia Government Bond	Equity	2026	1.238.168	EUR	https://pensioenfondsdetailhandel.nl/content/Publicaties/Beleggingen-Pensioenfonds-Detailhandel.pdf
Pensioenfonds Detailhandel	Autonomous Community of Madrid Spain	Equity	2026	635.243	EUR	https://pensioenfondsdetailhandel.nl/content/Publicaties/Beleggingen-Pensioenfonds-Detailhandel.pdf
Pensioenfonds Detailhandel	AvalonBay Communities Inc	Equity	2026	218.532	EUR	https://pensioenfondsdetailhandel.nl/content/Publicaties/Beleggingen-Pensioenfonds-Detailhandel.pdf
Pensioenfonds Detailhandel	Avangrid Inc	Equity	2026	171.616	EUR	https://pensioenfondsdetailhandel.nl/content/Publicaties/Beleggingen-Pensioenfonds-Detailhandel.pdf
Pensioenfonds Detailhandel	AXA SA	Equity	2026	177.183	EUR	https://pensioenfondsdetailhandel.nl/content/Publicaties/Beleggingen-Pensioenfonds-Detailhandel.pdf
Pensioenfonds Detailhandel	Ayvens Bank NV	Equity	2026	327.250	EUR	https://pensioenfondsdetailhandel.nl/content/Publicaties/Beleggingen-Pensioenfonds-Detailhandel.pdf
Pensioenfonds Detailhandel	Ayvens SA	Equity	2026	202.536	EUR	https://pensioenfondsdetailhandel.nl/content/Publicaties/Beleggingen-Pensioenfonds-Detailhandel.pdf
Pensioenfonds Detailhandel	Baidu Inc	Equity	2026	157.418	EUR	https://pensioenfondsdetailhandel.nl/content/Publicaties/Beleggingen-Pensioenfonds-Detailhandel.pdf
Pensioenfonds Detailhandel	Banca Popolare di Sondrio SPA	Equity	2026	311.961	EUR	https://pensioenfondsdetailhandel.nl/content/Publicaties/Beleggingen-Pensioenfonds-Detailhandel.pdf
Pensioenfonds Detailhandel	Banco Bilbao Vizcaya Argentaria SA	Equity	2026	915.589	EUR	https://pensioenfondsdetailhandel.nl/content/Publicaties/Beleggingen-Pensioenfonds-Detailhandel.pdf
Pensioenfonds Detailhandel	Banco BPM SpA	Equity	2026	1.025.625	EUR	https://pensioenfondsdetailhandel.nl/content/Publicaties/Beleggingen-Pensioenfonds-Detailhandel.pdf
Pensioenfonds Detailhandel	Banco de Credito Social Cooperativo SA	Equity	2026	226.140	EUR	https://pensioenfondsdetailhandel.nl/content/Publicaties/Beleggingen-Pensioenfonds-Detailhandel.pdf
Pensioenfonds Detailhandel	Banco de Sabadell SA	Equity	2026	627.200	EUR	https://pensioenfondsdetailhandel.nl/content/Publicaties/Beleggingen-Pensioenfonds-Detailhandel.pdf
Pensioenfonds Detailhandel	Banco Santander SA	Equity	2026	678.606	EUR	https://pensioenfondsdetailhandel.nl/content/Publicaties/Beleggingen-Pensioenfonds-Detailhandel.pdf
Pensioenfonds Detailhandel	Bank Millennium SA	Equity	2026	105.469	EUR	https://pensioenfondsdetailhandel.nl/content/Publicaties/Beleggingen-Pensioenfonds-Detailhandel.pdf
Pensioenfonds Detailhandel	Bank of America Corp	Equity	2026	236.164	EUR	https://pensioenfondsdetailhandel.nl/content/Publicaties/Beleggingen-Pensioenfonds-Detailhandel.pdf
Pensioenfonds Detailhandel	Bank of Cyprus Pcl	Equity	2026	106.638	EUR	https://pensioenfondsdetailhandel.nl/content/Publicaties/Beleggingen-Pensioenfonds-Detailhandel.pdf
Pensioenfonds Detailhandel	Bank of Ireland Group PLC	Equity	2026	1.099.588	EUR	https://pensioenfondsdetailhandel.nl/content/Publicaties/Beleggingen-Pensioenfonds-Detailhandel.pdf
Pensioenfonds Detailhandel	Bank Polska Kasa Opieki SA	Equity	2026	98.539	EUR	https://pensioenfondsdetailhandel.nl/content/Publicaties/Beleggingen-Pensioenfonds-Detailhandel.pdf
Pensioenfonds Detailhandel	Bankinter SA	Equity	2026	193.256	EUR	https://pensioenfondsdetailhandel.nl/content/Publicaties/Beleggingen-Pensioenfonds-Detailhandel.pdf
Pensioenfonds Detailhandel	Banque Federative du Credit Mutuel SA	Equity	2026	588.360	EUR	https://pensioenfondsdetailhandel.nl/content/Publicaties/Beleggingen-Pensioenfonds-Detailhandel.pdf
Pensioenfonds Detailhandel	Bausparkasse Schwaebisch Hall AG	Equity	2026	199.789	EUR	https://pensioenfondsdetailhandel.nl/content/Publicaties/Beleggingen-Pensioenfonds-Detailhandel.pdf
Pensioenfonds Detailhandel	BAWAG PSK Bank fuer Arbeit und Wirtschaf	Equity	2026	500.220	EUR	https://pensioenfondsdetailhandel.nl/content/Publicaties/Beleggingen-Pensioenfonds-Detailhandel.pdf
Pensioenfonds Detailhandel	Bayerische Landesbank	Equity	2026	791.694	EUR	https://pensioenfondsdetailhandel.nl/content/Publicaties/Beleggingen-Pensioenfonds-Detailhandel.pdf
Pensioenfonds Detailhandel	Bazalgette Finance Plc	Equity	2026	201.735	EUR	https://pensioenfondsdetailhandel.nl/content/Publicaties/Beleggingen-Pensioenfonds-Detailhandel.pdf
Pensioenfonds Detailhandel	Belfius Bank SA	Equity	2026	506.516	EUR	https://pensioenfondsdetailhandel.nl/content/Publicaties/Beleggingen-Pensioenfonds-Detailhandel.pdf
Pensioenfonds Detailhandel	Berkeley Group PLC/The	Equity	2026	118.060	EUR	https://pensioenfondsdetailhandel.nl/content/Publicaties/Beleggingen-Pensioenfonds-Detailhandel.pdf
Pensioenfonds Detailhandel	BNP Paribas SA	Equity	2026	1.200.377	EUR	https://pensioenfondsdetailhandel.nl/content/Publicaties/Beleggingen-Pensioenfonds-Detailhandel.pdf
Pensioenfonds Detailhandel	Boston Properties LP	Equity	2026	882.457	EUR	https://pensioenfondsdetailhandel.nl/content/Publicaties/Beleggingen-Pensioenfonds-Detailhandel.pdf
Pensioenfonds Detailhandel	BPCE Assurances SA	Equity	2026	99.457	EUR	https://pensioenfondsdetailhandel.nl/content/Publicaties/Beleggingen-Pensioenfonds-Detailhandel.pdf
Pensioenfonds Detailhandel	BPCE SFH SA	Equity	2026	1.401.991	EUR	https://pensioenfondsdetailhandel.nl/content/Publicaties/Beleggingen-Pensioenfonds-Detailhandel.pdf
Pensioenfonds Detailhandel	BPER Banca SPA	Equity	2026	207.101	EUR	https://pensioenfondsdetailhandel.nl/content/Publicaties/Beleggingen-Pensioenfonds-Detailhandel.pdf
Pensioenfonds Detailhandel	Bpifrance SACA	Equity	2026	1.367.140	EUR	https://pensioenfondsdetailhandel.nl/content/Publicaties/Beleggingen-Pensioenfonds-Detailhandel.pdf
Pensioenfonds Detailhandel	Brookfield Finance Inc	Equity	2026	143.627	EUR	https://pensioenfondsdetailhandel.nl/content/Publicaties/Beleggingen-Pensioenfonds-Detailhandel.pdf
Pensioenfonds Detailhandel	Brookfield Renewable Partners ULC	Equity	2026	441.228	EUR	https://pensioenfondsdetailhandel.nl/content/Publicaties/Beleggingen-Pensioenfonds-Detailhandel.pdf
Pensioenfonds Detailhandel	Bundesrepublik Deutschland Bundesanleihe	Equity	2026	13.293.158	EUR	https://pensioenfondsdetailhandel.nl/content/Publicaties/Beleggingen-Pensioenfonds-Detailhandel.pdf
Pensioenfonds Detailhandel	CA Immobilien Anlagen AG	Equity	2026	102.632	EUR	https://pensioenfondsdetailhandel.nl/content/Publicaties/Beleggingen-Pensioenfonds-Detailhandel.pdf
Pensioenfonds Detailhandel	Caisse Francaise de Financement Local SA	Equity	2026	383.159	EUR	https://pensioenfondsdetailhandel.nl/content/Publicaties/Beleggingen-Pensioenfonds-Detailhandel.pdf
Pensioenfonds Detailhandel	Caisse Nationale de Reassurance Mutuelle	Equity	2026	94.153	EUR	https://pensioenfondsdetailhandel.nl/content/Publicaties/Beleggingen-Pensioenfonds-Detailhandel.pdf
Pensioenfonds Detailhandel	Caixa Geral de Depositos SA	Equity	2026	106.123	EUR	https://pensioenfondsdetailhandel.nl/content/Publicaties/Beleggingen-Pensioenfonds-Detailhandel.pdf
Pensioenfonds Detailhandel	CaixaBank SA	Equity	2026	1.123.552	EUR	https://pensioenfondsdetailhandel.nl/content/Publicaties/Beleggingen-Pensioenfonds-Detailhandel.pdf
Pensioenfonds Detailhandel	Canadian Government Bond	Equity	2026	2.183.123	EUR	https://pensioenfondsdetailhandel.nl/content/Publicaties/Beleggingen-Pensioenfonds-Detailhandel.pdf
Pensioenfonds Detailhandel	Carmila SA	Equity	2026	98.906	EUR	https://pensioenfondsdetailhandel.nl/content/Publicaties/Beleggingen-Pensioenfonds-Detailhandel.pdf
Pensioenfonds Detailhandel	Cassa Depositi e Prestiti SpA	Equity	2026	102.267	EUR	https://pensioenfondsdetailhandel.nl/content/Publicaties/Beleggingen-Pensioenfonds-Detailhandel.pdf
Pensioenfonds Detailhandel	CDP Financial Inc	Equity	2026	242.796	EUR	https://pensioenfondsdetailhandel.nl/content/Publicaties/Beleggingen-Pensioenfonds-Detailhandel.pdf
Pensioenfonds Detailhandel	Ceska sporitelna AS	Equity	2026	192.098	EUR	https://pensioenfondsdetailhandel.nl/content/Publicaties/Beleggingen-Pensioenfonds-Detailhandel.pdf
Pensioenfonds Detailhandel	Ceske Drahy AS	Equity	2026	211.751	EUR	https://pensioenfondsdetailhandel.nl/content/Publicaties/Beleggingen-Pensioenfonds-Detailhandel.pdf
Pensioenfonds Detailhandel	Chile Government International Bond	Equity	2026	1.101.934	EUR	https://pensioenfondsdetailhandel.nl/content/Publicaties/Beleggingen-Pensioenfonds-Detailhandel.pdf
Pensioenfonds Detailhandel	Citigroup Inc	Equity	2026	205.134	EUR	https://pensioenfondsdetailhandel.nl/content/Publicaties/Beleggingen-Pensioenfonds-Detailhandel.pdf
Pensioenfonds Detailhandel	City of Ottawa Ontario	Equity	2026	160.293	EUR	https://pensioenfondsdetailhandel.nl/content/Publicaties/Beleggingen-Pensioenfonds-Detailhandel.pdf
Pensioenfonds Detailhandel	City of Toronto Canada	Equity	2026	206.558	EUR	https://pensioenfondsdetailhandel.nl/content/Publicaties/Beleggingen-Pensioenfonds-Detailhandel.pdf
Pensioenfonds Detailhandel	Clarion Funding PLC	Equity	2026	238.631	EUR	https://pensioenfondsdetailhandel.nl/content/Publicaties/Beleggingen-Pensioenfonds-Detailhandel.pdf
Pensioenfonds Detailhandel	CMB International Leasing Management Ltd	Equity	2026	171.768	EUR	https://pensioenfondsdetailhandel.nl/content/Publicaties/Beleggingen-Pensioenfonds-Detailhandel.pdf
Pensioenfonds Detailhandel	CNP Assurances SA	Equity	2026	186.495	EUR	https://pensioenfondsdetailhandel.nl/content/Publicaties/Beleggingen-Pensioenfonds-Detailhandel.pdf
Pensioenfonds Detailhandel	Cofinimmo SA	Equity	2026	86.702	EUR	https://pensioenfondsdetailhandel.nl/content/Publicaties/Beleggingen-Pensioenfonds-Detailhandel.pdf
Pensioenfonds Detailhandel	Colbun SA	Equity	2026	170.980	EUR	https://pensioenfondsdetailhandel.nl/content/Publicaties/Beleggingen-Pensioenfonds-Detailhandel.pdf
Pensioenfonds Detailhandel	Colonial SFL Socimi SA	Equity	2026	295.578	EUR	https://pensioenfondsdetailhandel.nl/content/Publicaties/Beleggingen-Pensioenfonds-Detailhandel.pdf
Pensioenfonds Detailhandel	Commercial Bank of Dubai PSC	Equity	2026	265.048	EUR	https://pensioenfondsdetailhandel.nl/content/Publicaties/Beleggingen-Pensioenfonds-Detailhandel.pdf
Pensioenfonds Detailhandel	Commerzbank AG	Equity	2026	897.457	EUR	https://pensioenfondsdetailhandel.nl/content/Publicaties/Beleggingen-Pensioenfonds-Detailhandel.pdf
Pensioenfonds Detailhandel	Commonwealth Bank of Australia	Equity	2026	208.841	EUR	https://pensioenfondsdetailhandel.nl/content/Publicaties/Beleggingen-Pensioenfonds-Detailhandel.pdf
Pensioenfonds Detailhandel	Consolidated Edison Co of New York Inc	Equity	2026	385.611	EUR	https://pensioenfondsdetailhandel.nl/content/Publicaties/Beleggingen-Pensioenfonds-Detailhandel.pdf
Pensioenfonds Detailhandel	Contact Energy Ltd	Equity	2026	62.120	EUR	https://pensioenfondsdetailhandel.nl/content/Publicaties/Beleggingen-Pensioenfonds-Detailhandel.pdf
Pensioenfonds Detailhandel	Cooperatieve Rabobank UA	Equity	2026	701.502	EUR	https://pensioenfondsdetailhandel.nl/content/Publicaties/Beleggingen-Pensioenfonds-Detailhandel.pdf
Pensioenfonds Detailhandel	Coventry Building Society Charitable Fou	Equity	2026	230.911	EUR	https://pensioenfondsdetailhandel.nl/content/Publicaties/Beleggingen-Pensioenfonds-Detailhandel.pdf
Pensioenfonds Detailhandel	Covivio Hotels SACA	Equity	2026	101.911	EUR	https://pensioenfondsdetailhandel.nl/content/Publicaties/Beleggingen-Pensioenfonds-Detailhandel.pdf
Pensioenfonds Detailhandel	Covivio SA/France	Equity	2026	476.934	EUR	https://pensioenfondsdetailhandel.nl/content/Publicaties/Beleggingen-Pensioenfonds-Detailhandel.pdf
Pensioenfonds Detailhandel	CPPIB Capital Inc	Equity	2026	1.170.214	EUR	https://pensioenfondsdetailhandel.nl/content/Publicaties/Beleggingen-Pensioenfonds-Detailhandel.pdf
Pensioenfonds Detailhandel	Credit Agricole Home Loan SFH SA	Equity	2026	872.767	EUR	https://pensioenfondsdetailhandel.nl/content/Publicaties/Beleggingen-Pensioenfonds-Detailhandel.pdf
Pensioenfonds Detailhandel	Credit Agricole Italia SpA	Equity	2026	160.594	EUR	https://pensioenfondsdetailhandel.nl/content/Publicaties/Beleggingen-Pensioenfonds-Detailhandel.pdf
Pensioenfonds Detailhandel	Credit Agricole SA	Equity	2026	1.193.757	EUR	https://pensioenfondsdetailhandel.nl/content/Publicaties/Beleggingen-Pensioenfonds-Detailhandel.pdf
Pensioenfonds Detailhandel	Credit Mutuel Arkea SA	Equity	2026	201.018	EUR	https://pensioenfondsdetailhandel.nl/content/Publicaties/Beleggingen-Pensioenfonds-Detailhandel.pdf
Pensioenfonds Detailhandel	Credito Emiliano SpA	Equity	2026	163.237	EUR	https://pensioenfondsdetailhandel.nl/content/Publicaties/Beleggingen-Pensioenfonds-Detailhandel.pdf
Pensioenfonds Detailhandel	CTP NV	Equity	2026	1.004.476	EUR	https://pensioenfondsdetailhandel.nl/content/Publicaties/Beleggingen-Pensioenfonds-Detailhandel.pdf
Pensioenfonds Detailhandel	Danske Bank A/S	Equity	2026	1.310.965	EUR	https://pensioenfondsdetailhandel.nl/content/Publicaties/Beleggingen-Pensioenfonds-Detailhandel.pdf
Pensioenfonds Detailhandel	Denmark Government Bond	Equity	2026	1.204.058	EUR	https://pensioenfondsdetailhandel.nl/content/Publicaties/Beleggingen-Pensioenfonds-Detailhandel.pdf
Pensioenfonds Detailhandel	Deutsche Bank AG	Equity	2026	403.601	EUR	https://pensioenfondsdetailhandel.nl/content/Publicaties/Beleggingen-Pensioenfonds-Detailhandel.pdf
Pensioenfonds Detailhandel	Deutsche Pfandbriefbank AG	Equity	2026	354.042	EUR	https://pensioenfondsdetailhandel.nl/content/Publicaties/Beleggingen-Pensioenfonds-Detailhandel.pdf
Pensioenfonds Detailhandel	Deutsche Wohnen SE	Equity	2026	62.592	EUR	https://pensioenfondsdetailhandel.nl/content/Publicaties/Beleggingen-Pensioenfonds-Detailhandel.pdf
Pensioenfonds Detailhandel	Digital Dutch Finco BV	Equity	2026	407.278	EUR	https://pensioenfondsdetailhandel.nl/content/Publicaties/Beleggingen-Pensioenfonds-Detailhandel.pdf
Pensioenfonds Detailhandel	Digital Euro Finco LLC	Equity	2026	193.605	EUR	https://pensioenfondsdetailhandel.nl/content/Publicaties/Beleggingen-Pensioenfonds-Detailhandel.pdf
Pensioenfonds Detailhandel	Digital Intrepid Holding BV	Equity	2026	235.565	EUR	https://pensioenfondsdetailhandel.nl/content/Publicaties/Beleggingen-Pensioenfonds-Detailhandel.pdf
Pensioenfonds Detailhandel	District of Columbia Water & Sewer Autho	Equity	2026	52.196	EUR	https://pensioenfondsdetailhandel.nl/content/Publicaties/Beleggingen-Pensioenfonds-Detailhandel.pdf
Pensioenfonds Detailhandel	DNB Bank ASA	Equity	2026	1.665.723	EUR	https://pensioenfondsdetailhandel.nl/content/Publicaties/Beleggingen-Pensioenfonds-Detailhandel.pdf
Pensioenfonds Detailhandel	DNB Boligkreditt AS	Equity	2026	531.293	EUR	https://pensioenfondsdetailhandel.nl/content/Publicaties/Beleggingen-Pensioenfonds-Detailhandel.pdf
Pensioenfonds Detailhandel	Dominion Energy Inc	Equity	2026	138.232	EUR	https://pensioenfondsdetailhandel.nl/content/Publicaties/Beleggingen-Pensioenfonds-Detailhandel.pdf
Pensioenfonds Detailhandel	Dream Industrial Real Estate Investment	Equity	2026	149.287	EUR	https://pensioenfondsdetailhandel.nl/content/Publicaties/Beleggingen-Pensioenfonds-Detailhandel.pdf
Pensioenfonds Detailhandel	DTE Electric Co	Equity	2026	377.926	EUR	https://pensioenfondsdetailhandel.nl/content/Publicaties/Beleggingen-Pensioenfonds-Detailhandel.pdf
Pensioenfonds Detailhandel	Duke Energy Carolinas LLC	Equity	2026	152.954	EUR	https://pensioenfondsdetailhandel.nl/content/Publicaties/Beleggingen-Pensioenfonds-Detailhandel.pdf
Pensioenfonds Detailhandel	Duke Energy Florida LLC	Equity	2026	106.689	EUR	https://pensioenfondsdetailhandel.nl/content/Publicaties/Beleggingen-Pensioenfonds-Detailhandel.pdf
Pensioenfonds Detailhandel	Duke Energy Progress LLC	Equity	2026	156.676	EUR	https://pensioenfondsdetailhandel.nl/content/Publicaties/Beleggingen-Pensioenfonds-Detailhandel.pdf
Pensioenfonds Detailhandel	DZ HYP AG	Equity	2026	743.456	EUR	https://pensioenfondsdetailhandel.nl/content/Publicaties/Beleggingen-Pensioenfonds-Detailhandel.pdf
Pensioenfonds Detailhandel	ON SE	Equity	2026	2.563.124	EUR	https://pensioenfondsdetailhandel.nl/content/Publicaties/Beleggingen-Pensioenfonds-Detailhandel.pdf
Pensioenfonds Detailhandel	East Japan Railway Co	Equity	2026	978.910	EUR	https://pensioenfondsdetailhandel.nl/content/Publicaties/Beleggingen-Pensioenfonds-Detailhandel.pdf
Pensioenfonds Detailhandel	EDP Finance BV	Equity	2026	657.258	EUR	https://pensioenfondsdetailhandel.nl/content/Publicaties/Beleggingen-Pensioenfonds-Detailhandel.pdf
Pensioenfonds Detailhandel	EDP SA	Equity	2026	305.011	EUR	https://pensioenfondsdetailhandel.nl/content/Publicaties/Beleggingen-Pensioenfonds-Detailhandel.pdf
Pensioenfonds Detailhandel	EDP Servicios Financieros Espana SA	Equity	2026	783.871	EUR	https://pensioenfondsdetailhandel.nl/content/Publicaties/Beleggingen-Pensioenfonds-Detailhandel.pdf
Pensioenfonds Detailhandel	Eika Boligkreditt AS	Equity	2026	453.045	EUR	https://pensioenfondsdetailhandel.nl/content/Publicaties/Beleggingen-Pensioenfonds-Detailhandel.pdf
Pensioenfonds Detailhandel	Electricite de France SA	Equity	2026	1.424.870	EUR	https://pensioenfondsdetailhandel.nl/content/Publicaties/Beleggingen-Pensioenfonds-Detailhandel.pdf
Pensioenfonds Detailhandel	Elia Transmission Belgium SA	Equity	2026	297.580	EUR	https://pensioenfondsdetailhandel.nl/content/Publicaties/Beleggingen-Pensioenfonds-Detailhandel.pdf
Pensioenfonds Detailhandel	Ellevio AB	Equity	2026	203.373	EUR	https://pensioenfondsdetailhandel.nl/content/Publicaties/Beleggingen-Pensioenfonds-Detailhandel.pdf
Pensioenfonds Detailhandel	EnBW Energie Baden-Wuerttemberg AG	Equity	2026	397.611	EUR	https://pensioenfondsdetailhandel.nl/content/Publicaties/Beleggingen-Pensioenfonds-Detailhandel.pdf
Pensioenfonds Detailhandel	EnBW International Finance BV	Equity	2026	1.443.504	EUR	https://pensioenfondsdetailhandel.nl/content/Publicaties/Beleggingen-Pensioenfonds-Detailhandel.pdf
Pensioenfonds Detailhandel	ENEL Finance International NV	Equity	2026	349.954	EUR	https://pensioenfondsdetailhandel.nl/content/Publicaties/Beleggingen-Pensioenfonds-Detailhandel.pdf
Pensioenfonds Detailhandel	Enexis Holding NV	Equity	2026	660.454	EUR	https://pensioenfondsdetailhandel.nl/content/Publicaties/Beleggingen-Pensioenfonds-Detailhandel.pdf
Pensioenfonds Detailhandel	Engie Energia Chile SA	Equity	2026	185.329	EUR	https://pensioenfondsdetailhandel.nl/content/Publicaties/Beleggingen-Pensioenfonds-Detailhandel.pdf
Pensioenfonds Detailhandel	Engie SA	Equity	2026	3.595.818	EUR	https://pensioenfondsdetailhandel.nl/content/Publicaties/Beleggingen-Pensioenfonds-Detailhandel.pdf
Pensioenfonds Detailhandel	Equinix Inc	Equity	2026	609.244	EUR	https://pensioenfondsdetailhandel.nl/content/Publicaties/Beleggingen-Pensioenfonds-Detailhandel.pdf
Pensioenfonds Detailhandel	ERG SpA	Equity	2026	280.874	EUR	https://pensioenfondsdetailhandel.nl/content/Publicaties/Beleggingen-Pensioenfonds-Detailhandel.pdf
Pensioenfonds Detailhandel	ERP Operating LP	Equity	2026	161.507	EUR	https://pensioenfondsdetailhandel.nl/content/Publicaties/Beleggingen-Pensioenfonds-Detailhandel.pdf
Pensioenfonds Detailhandel	Erste Group Bank AG	Equity	2026	600.509	EUR	https://pensioenfondsdetailhandel.nl/content/Publicaties/Beleggingen-Pensioenfonds-Detailhandel.pdf
Pensioenfonds Detailhandel	ESB Finance DAC	Equity	2026	432.555	EUR	https://pensioenfondsdetailhandel.nl/content/Publicaties/Beleggingen-Pensioenfonds-Detailhandel.pdf
Pensioenfonds Detailhandel	Eurobank SA	Equity	2026	214.854	EUR	https://pensioenfondsdetailhandel.nl/content/Publicaties/Beleggingen-Pensioenfonds-Detailhandel.pdf
Pensioenfonds Detailhandel	Eurofima Europaeische Gesellschaft fuer	Equity	2026	1.000.727	EUR	https://pensioenfondsdetailhandel.nl/content/Publicaties/Beleggingen-Pensioenfonds-Detailhandel.pdf
Pensioenfonds Detailhandel	Eurogrid GmbH	Equity	2026	1.260.394	EUR	https://pensioenfondsdetailhandel.nl/content/Publicaties/Beleggingen-Pensioenfonds-Detailhandel.pdf
Pensioenfonds Detailhandel	European Bank for Reconstruction & Devel	Equity	2026	394.483	EUR	https://pensioenfondsdetailhandel.nl/content/Publicaties/Beleggingen-Pensioenfonds-Detailhandel.pdf
Pensioenfonds Detailhandel	European Investment Bank	Equity	2026	16.406.555	EUR	https://pensioenfondsdetailhandel.nl/content/Publicaties/Beleggingen-Pensioenfonds-Detailhandel.pdf
Pensioenfonds Detailhandel	European Union	Equity	2026	13.042.528	EUR	https://pensioenfondsdetailhandel.nl/content/Publicaties/Beleggingen-Pensioenfonds-Detailhandel.pdf
Pensioenfonds Detailhandel	Evergy Kansas Central Inc	Equity	2026	86.984	EUR	https://pensioenfondsdetailhandel.nl/content/Publicaties/Beleggingen-Pensioenfonds-Detailhandel.pdf
Pensioenfonds Detailhandel	Export Development Canada	Equity	2026	227.375	EUR	https://pensioenfondsdetailhandel.nl/content/Publicaties/Beleggingen-Pensioenfonds-Detailhandel.pdf
Pensioenfonds Detailhandel	Export-Import Bank of Korea	Equity	2026	590.286	EUR	https://pensioenfondsdetailhandel.nl/content/Publicaties/Beleggingen-Pensioenfonds-Detailhandel.pdf
Pensioenfonds Detailhandel	FCC Servicios Medio Ambiente Holding SA	Equity	2026	206.752	EUR	https://pensioenfondsdetailhandel.nl/content/Publicaties/Beleggingen-Pensioenfonds-Detailhandel.pdf
Pensioenfonds Detailhandel	Federal Realty OP LP	Equity	2026	90.056	EUR	https://pensioenfondsdetailhandel.nl/content/Publicaties/Beleggingen-Pensioenfonds-Detailhandel.pdf
Pensioenfonds Detailhandel	Federation des Caisses Desjardins du Que	Equity	2026	101.833	EUR	https://pensioenfondsdetailhandel.nl/content/Publicaties/Beleggingen-Pensioenfonds-Detailhandel.pdf
Pensioenfonds Detailhandel	Ferrovie dello Stato Italiane SpA	Equity	2026	946.644	EUR	https://pensioenfondsdetailhandel.nl/content/Publicaties/Beleggingen-Pensioenfonds-Detailhandel.pdf
Pensioenfonds Detailhandel	Fifth Third Bancorp	Equity	2026	43.022	EUR	https://pensioenfondsdetailhandel.nl/content/Publicaties/Beleggingen-Pensioenfonds-Detailhandel.pdf
Pensioenfonds Detailhandel	Fingrid Oyj	Equity	2026	97.565	EUR	https://pensioenfondsdetailhandel.nl/content/Publicaties/Beleggingen-Pensioenfonds-Detailhandel.pdf
Pensioenfonds Detailhandel	FLUVIUS System Operator CV	Equity	2026	368.407	EUR	https://pensioenfondsdetailhandel.nl/content/Publicaties/Beleggingen-Pensioenfonds-Detailhandel.pdf
Pensioenfonds Detailhandel	Ford Motor Co	Equity	2026	722.495	EUR	https://pensioenfondsdetailhandel.nl/content/Publicaties/Beleggingen-Pensioenfonds-Detailhandel.pdf
Pensioenfonds Detailhandel	French Republic Government Bond OAT	Equity	2026	11.213.730	EUR	https://pensioenfondsdetailhandel.nl/content/Publicaties/Beleggingen-Pensioenfonds-Detailhandel.pdf
Pensioenfonds Detailhandel	Gecina SA	Equity	2026	226.095	EUR	https://pensioenfondsdetailhandel.nl/content/Publicaties/Beleggingen-Pensioenfonds-Detailhandel.pdf
Pensioenfonds Detailhandel	General Motors Co	Equity	2026	459.577	EUR	https://pensioenfondsdetailhandel.nl/content/Publicaties/Beleggingen-Pensioenfonds-Detailhandel.pdf
Pensioenfonds Detailhandel	Generali	Equity	2026	1.018.175	EUR	https://pensioenfondsdetailhandel.nl/content/Publicaties/Beleggingen-Pensioenfonds-Detailhandel.pdf
Pensioenfonds Detailhandel	Georgia Power Co	Equity	2026	79.381	EUR	https://pensioenfondsdetailhandel.nl/content/Publicaties/Beleggingen-Pensioenfonds-Detailhandel.pdf
Pensioenfonds Detailhandel	Granite REIT Holdings LP	Equity	2026	240.720	EUR	https://pensioenfondsdetailhandel.nl/content/Publicaties/Beleggingen-Pensioenfonds-Detailhandel.pdf
Pensioenfonds Detailhandel	HA Sustainable Infrastructure Capital In	Equity	2026	288.432	EUR	https://pensioenfondsdetailhandel.nl/content/Publicaties/Beleggingen-Pensioenfonds-Detailhandel.pdf
Pensioenfonds Detailhandel	Hamburger Hochbahn AG	Equity	2026	172.494	EUR	https://pensioenfondsdetailhandel.nl/content/Publicaties/Beleggingen-Pensioenfonds-Detailhandel.pdf
Pensioenfonds Detailhandel	HAT Holdings I LLC / HAT Holdings II LLC	Equity	2026	87.305	EUR	https://pensioenfondsdetailhandel.nl/content/Publicaties/Beleggingen-Pensioenfonds-Detailhandel.pdf
Pensioenfonds Detailhandel	Healthpeak OP LLC	Equity	2026	124.839	EUR	https://pensioenfondsdetailhandel.nl/content/Publicaties/Beleggingen-Pensioenfonds-Detailhandel.pdf
Pensioenfonds Detailhandel	Heidelberg Materials AG	Equity	2026	101.142	EUR	https://pensioenfondsdetailhandel.nl/content/Publicaties/Beleggingen-Pensioenfonds-Detailhandel.pdf
Pensioenfonds Detailhandel	Heimstaden Bostad AB	Equity	2026	197.337	EUR	https://pensioenfondsdetailhandel.nl/content/Publicaties/Beleggingen-Pensioenfonds-Detailhandel.pdf
Pensioenfonds Detailhandel	Hera SpA	Equity	2026	98.016	EUR	https://pensioenfondsdetailhandel.nl/content/Publicaties/Beleggingen-Pensioenfonds-Detailhandel.pdf
Pensioenfonds Detailhandel	Honda Motor Co Ltd	Equity	2026	261.670	EUR	https://pensioenfondsdetailhandel.nl/content/Publicaties/Beleggingen-Pensioenfonds-Detailhandel.pdf
Pensioenfonds Detailhandel	Hong Kong Government International Bond	Equity	2026	2.433.426	EUR	https://pensioenfondsdetailhandel.nl/content/Publicaties/Beleggingen-Pensioenfonds-Detailhandel.pdf
Pensioenfonds Detailhandel	Hongkong Land Finance Cayman Islands Co	Equity	2026	218.925	EUR	https://pensioenfondsdetailhandel.nl/content/Publicaties/Beleggingen-Pensioenfonds-Detailhandel.pdf
Pensioenfonds Detailhandel	Host Hotels & Resorts LP	Equity	2026	399.601	EUR	https://pensioenfondsdetailhandel.nl/content/Publicaties/Beleggingen-Pensioenfonds-Detailhandel.pdf
Pensioenfonds Detailhandel	Housing & Development Board	Equity	2026	517.871	EUR	https://pensioenfondsdetailhandel.nl/content/Publicaties/Beleggingen-Pensioenfonds-Detailhandel.pdf
Pensioenfonds Detailhandel	Hungary Government Bond	Equity	2026	1.353.199	EUR	https://pensioenfondsdetailhandel.nl/content/Publicaties/Beleggingen-Pensioenfonds-Detailhandel.pdf
Pensioenfonds Detailhandel	HYPO NOE Landesbank fuer Niederoesterrei	Equity	2026	199.989	EUR	https://pensioenfondsdetailhandel.nl/content/Publicaties/Beleggingen-Pensioenfonds-Detailhandel.pdf
Pensioenfonds Detailhandel	Hyundai Capital Canada Inc	Equity	2026	57.304	EUR	https://pensioenfondsdetailhandel.nl/content/Publicaties/Beleggingen-Pensioenfonds-Detailhandel.pdf
Pensioenfonds Detailhandel	Hyundai Capital Services Inc	Equity	2026	171.519	EUR	https://pensioenfondsdetailhandel.nl/content/Publicaties/Beleggingen-Pensioenfonds-Detailhandel.pdf
Pensioenfonds Detailhandel	Iberdrola Finanzas SA	Equity	2026	2.336.316	EUR	https://pensioenfondsdetailhandel.nl/content/Publicaties/Beleggingen-Pensioenfonds-Detailhandel.pdf
Pensioenfonds Detailhandel	Iberdrola International BV	Equity	2026	574.671	EUR	https://pensioenfondsdetailhandel.nl/content/Publicaties/Beleggingen-Pensioenfonds-Detailhandel.pdf
Pensioenfonds Detailhandel	ICADE	Equity	2026	384.044	EUR	https://pensioenfondsdetailhandel.nl/content/Publicaties/Beleggingen-Pensioenfonds-Detailhandel.pdf
Pensioenfonds Detailhandel	Iccrea Banca SpA	Equity	2026	149.172	EUR	https://pensioenfondsdetailhandel.nl/content/Publicaties/Beleggingen-Pensioenfonds-Detailhandel.pdf
Pensioenfonds Detailhandel	Iceland Government International Bond	Equity	2026	201.009	EUR	https://pensioenfondsdetailhandel.nl/content/Publicaties/Beleggingen-Pensioenfonds-Detailhandel.pdf
Pensioenfonds Detailhandel	Ignitis Grupe AB	Equity	2026	200.836	EUR	https://pensioenfondsdetailhandel.nl/content/Publicaties/Beleggingen-Pensioenfonds-Detailhandel.pdf
Pensioenfonds Detailhandel	Ile-de-France Mobilites	Equity	2026	1.457.014	EUR	https://pensioenfondsdetailhandel.nl/content/Publicaties/Beleggingen-Pensioenfonds-Detailhandel.pdf
Pensioenfonds Detailhandel	Indian Railway Finance Corp Ltd	Equity	2026	163.814	EUR	https://pensioenfondsdetailhandel.nl/content/Publicaties/Beleggingen-Pensioenfonds-Detailhandel.pdf
Pensioenfonds Detailhandel	ING Groep NV	Equity	2026	2.104.914	EUR	https://pensioenfondsdetailhandel.nl/content/Publicaties/Beleggingen-Pensioenfonds-Detailhandel.pdf
Pensioenfonds Detailhandel	ING-DiBa AG	Equity	2026	760.567	EUR	https://pensioenfondsdetailhandel.nl/content/Publicaties/Beleggingen-Pensioenfonds-Detailhandel.pdf
Pensioenfonds Detailhandel	Instituto de Credito Oficial	Equity	2026	643.446	EUR	https://pensioenfondsdetailhandel.nl/content/Publicaties/Beleggingen-Pensioenfonds-Detailhandel.pdf
Pensioenfonds Detailhandel	International Bank for Reconstruction &	Equity	2026	193.733	EUR	https://pensioenfondsdetailhandel.nl/content/Publicaties/Beleggingen-Pensioenfonds-Detailhandel.pdf
Pensioenfonds Detailhandel	International Finance Corp	Equity	2026	899.523	EUR	https://pensioenfondsdetailhandel.nl/content/Publicaties/Beleggingen-Pensioenfonds-Detailhandel.pdf
Pensioenfonds Detailhandel	Interstate Power and Light Co	Equity	2026	203.650	EUR	https://pensioenfondsdetailhandel.nl/content/Publicaties/Beleggingen-Pensioenfonds-Detailhandel.pdf
Pensioenfonds Detailhandel	Intesa Sanpaolo SpA	Equity	2026	286.147	EUR	https://pensioenfondsdetailhandel.nl/content/Publicaties/Beleggingen-Pensioenfonds-Detailhandel.pdf
Pensioenfonds Detailhandel	Inversiones CMPC SA	Equity	2026	247.559	EUR	https://pensioenfondsdetailhandel.nl/content/Publicaties/Beleggingen-Pensioenfonds-Detailhandel.pdf
Pensioenfonds Detailhandel	Ireland Government Bond	Equity	2026	2.218.471	EUR	https://pensioenfondsdetailhandel.nl/content/Publicaties/Beleggingen-Pensioenfonds-Detailhandel.pdf
Pensioenfonds Detailhandel	Iren SpA	Equity	2026	397.100	EUR	https://pensioenfondsdetailhandel.nl/content/Publicaties/Beleggingen-Pensioenfonds-Detailhandel.pdf
Pensioenfonds Detailhandel	Israel Government International Bond	Equity	2026	277.643	EUR	https://pensioenfondsdetailhandel.nl/content/Publicaties/Beleggingen-Pensioenfonds-Detailhandel.pdf
Pensioenfonds Detailhandel	Italy Buoni Poliennali Del Tesoro	Equity	2026	12.339.989	EUR	https://pensioenfondsdetailhandel.nl/content/Publicaties/Beleggingen-Pensioenfonds-Detailhandel.pdf
Pensioenfonds Detailhandel	Japan Bank for International Cooperation	Equity	2026	178.305	EUR	https://pensioenfondsdetailhandel.nl/content/Publicaties/Beleggingen-Pensioenfonds-Detailhandel.pdf
Pensioenfonds Detailhandel	Johnson Controls International plc	Equity	2026	211.408	EUR	https://pensioenfondsdetailhandel.nl/content/Publicaties/Beleggingen-Pensioenfonds-Detailhandel.pdf
Pensioenfonds Detailhandel	JPMorgan Chase & Co	Equity	2026	490.198	EUR	https://pensioenfondsdetailhandel.nl/content/Publicaties/Beleggingen-Pensioenfonds-Detailhandel.pdf
Pensioenfonds Detailhandel	Jyske Bank A/S	Equity	2026	259.498	EUR	https://pensioenfondsdetailhandel.nl/content/Publicaties/Beleggingen-Pensioenfonds-Detailhandel.pdf
Pensioenfonds Detailhandel	KBC Group NV	Equity	2026	398.766	EUR	https://pensioenfondsdetailhandel.nl/content/Publicaties/Beleggingen-Pensioenfonds-Detailhandel.pdf
Pensioenfonds Detailhandel	Kia Corp	Equity	2026	172.448	EUR	https://pensioenfondsdetailhandel.nl/content/Publicaties/Beleggingen-Pensioenfonds-Detailhandel.pdf
Pensioenfonds Detailhandel	Kilroy Realty LP	Equity	2026	191.328	EUR	https://pensioenfondsdetailhandel.nl/content/Publicaties/Beleggingen-Pensioenfonds-Detailhandel.pdf
Pensioenfonds Detailhandel	Kimco Realty OP LLC	Equity	2026	106.413	EUR	https://pensioenfondsdetailhandel.nl/content/Publicaties/Beleggingen-Pensioenfonds-Detailhandel.pdf
Pensioenfonds Detailhandel	Kingdom of Belgium Government Bond	Equity	2026	4.138.714	EUR	https://pensioenfondsdetailhandel.nl/content/Publicaties/Beleggingen-Pensioenfonds-Detailhandel.pdf
Pensioenfonds Detailhandel	Klepierre SA	Equity	2026	96.966	EUR	https://pensioenfondsdetailhandel.nl/content/Publicaties/Beleggingen-Pensioenfonds-Detailhandel.pdf
Pensioenfonds Detailhandel	Knorr-Bremse AG	Equity	2026	101.075	EUR	https://pensioenfondsdetailhandel.nl/content/Publicaties/Beleggingen-Pensioenfonds-Detailhandel.pdf
Pensioenfonds Detailhandel	Kommunalbanken AS	Equity	2026	221.816	EUR	https://pensioenfondsdetailhandel.nl/content/Publicaties/Beleggingen-Pensioenfonds-Detailhandel.pdf
Pensioenfonds Detailhandel	Kommunekredit	Equity	2026	642.634	EUR	https://pensioenfondsdetailhandel.nl/content/Publicaties/Beleggingen-Pensioenfonds-Detailhandel.pdf
Pensioenfonds Detailhandel	Kommuninvest I Sverige AB	Equity	2026	1.315.789	EUR	https://pensioenfondsdetailhandel.nl/content/Publicaties/Beleggingen-Pensioenfonds-Detailhandel.pdf
Pensioenfonds Detailhandel	Kookmin Bank	Equity	2026	148.066	EUR	https://pensioenfondsdetailhandel.nl/content/Publicaties/Beleggingen-Pensioenfonds-Detailhandel.pdf
Pensioenfonds Detailhandel	Korea Hydro & Nuclear Power Co Ltd	Equity	2026	177.997	EUR	https://pensioenfondsdetailhandel.nl/content/Publicaties/Beleggingen-Pensioenfonds-Detailhandel.pdf
Pensioenfonds Detailhandel	Kreditanstalt fuer Wiederaufbau	Equity	2026	15.894.084	EUR	https://pensioenfondsdetailhandel.nl/content/Publicaties/Beleggingen-Pensioenfonds-Detailhandel.pdf
Pensioenfonds Detailhandel	Kuntarahoitus Oyj	Equity	2026	933.837	EUR	https://pensioenfondsdetailhandel.nl/content/Publicaties/Beleggingen-Pensioenfonds-Detailhandel.pdf
Pensioenfonds Detailhandel	Kutxabank SA	Equity	2026	302.236	EUR	https://pensioenfondsdetailhandel.nl/content/Publicaties/Beleggingen-Pensioenfonds-Detailhandel.pdf
Pensioenfonds Detailhandel	Kyobo Life Insurance Co Ltd	Equity	2026	178.605	EUR	https://pensioenfondsdetailhandel.nl/content/Publicaties/Beleggingen-Pensioenfonds-Detailhandel.pdf
Pensioenfonds Detailhandel	La Banque Postale Home Loan SFH SA	Equity	2026	587.963	EUR	https://pensioenfondsdetailhandel.nl/content/Publicaties/Beleggingen-Pensioenfonds-Detailhandel.pdf
Pensioenfonds Detailhandel	La Banque Postale SA	Equity	2026	190.698	EUR	https://pensioenfondsdetailhandel.nl/content/Publicaties/Beleggingen-Pensioenfonds-Detailhandel.pdf
Pensioenfonds Detailhandel	La Poste SA	Equity	2026	96.151	EUR	https://pensioenfondsdetailhandel.nl/content/Publicaties/Beleggingen-Pensioenfonds-Detailhandel.pdf
Pensioenfonds Detailhandel	Land Securities Capital Markets PLC	Equity	2026	224.317	EUR	https://pensioenfondsdetailhandel.nl/content/Publicaties/Beleggingen-Pensioenfonds-Detailhandel.pdf
Pensioenfonds Detailhandel	Landesbank Baden-Wuerttemberg	Equity	2026	1.946.738	EUR	https://pensioenfondsdetailhandel.nl/content/Publicaties/Beleggingen-Pensioenfonds-Detailhandel.pdf
Pensioenfonds Detailhandel	Landesbank Hessen-Thueringen Girozentral	Equity	2026	383.827	EUR	https://pensioenfondsdetailhandel.nl/content/Publicaties/Beleggingen-Pensioenfonds-Detailhandel.pdf
Pensioenfonds Detailhandel	Landshypotek Bank AB	Equity	2026	178.583	EUR	https://pensioenfondsdetailhandel.nl/content/Publicaties/Beleggingen-Pensioenfonds-Detailhandel.pdf
Pensioenfonds Detailhandel	Landwirtschaftliche Rentenbank	Equity	2026	976.459	EUR	https://pensioenfondsdetailhandel.nl/content/Publicaties/Beleggingen-Pensioenfonds-Detailhandel.pdf
Pensioenfonds Detailhandel	Lansforsakringar Bank AB	Equity	2026	203.784	EUR	https://pensioenfondsdetailhandel.nl/content/Publicaties/Beleggingen-Pensioenfonds-Detailhandel.pdf
Pensioenfonds Detailhandel	Lendlease Finance Ltd	Equity	2026	116.309	EUR	https://pensioenfondsdetailhandel.nl/content/Publicaties/Beleggingen-Pensioenfonds-Detailhandel.pdf
Pensioenfonds Detailhandel	Lenovo Group Ltd	Equity	2026	188.232	EUR	https://pensioenfondsdetailhandel.nl/content/Publicaties/Beleggingen-Pensioenfonds-Detailhandel.pdf
Pensioenfonds Detailhandel	LG Energy Solution Ltd	Equity	2026	529.473	EUR	https://pensioenfondsdetailhandel.nl/content/Publicaties/Beleggingen-Pensioenfonds-Detailhandel.pdf
Pensioenfonds Detailhandel	Liberty Utilities Finance GP 1	Equity	2026	101.350	EUR	https://pensioenfondsdetailhandel.nl/content/Publicaties/Beleggingen-Pensioenfonds-Detailhandel.pdf
Pensioenfonds Detailhandel	Lloyds Banking Group PLC	Equity	2026	790.523	EUR	https://pensioenfondsdetailhandel.nl/content/Publicaties/Beleggingen-Pensioenfonds-Detailhandel.pdf
Pensioenfonds Detailhandel	Logicor Financing Sarl	Equity	2026	83.055	EUR	https://pensioenfondsdetailhandel.nl/content/Publicaties/Beleggingen-Pensioenfonds-Detailhandel.pdf
Pensioenfonds Detailhandel	Lower Mattagami Energy LP	Equity	2026	89.605	EUR	https://pensioenfondsdetailhandel.nl/content/Publicaties/Beleggingen-Pensioenfonds-Detailhandel.pdf
Pensioenfonds Detailhandel	Lumo Kodit Oyj	Equity	2026	223.918	EUR	https://pensioenfondsdetailhandel.nl/content/Publicaties/Beleggingen-Pensioenfonds-Detailhandel.pdf
Pensioenfonds Detailhandel	Macquarie Bank Ltd	Equity	2026	101.394	EUR	https://pensioenfondsdetailhandel.nl/content/Publicaties/Beleggingen-Pensioenfonds-Detailhandel.pdf
Pensioenfonds Detailhandel	MAF Sukuk Ltd	Equity	2026	270.522	EUR	https://pensioenfondsdetailhandel.nl/content/Publicaties/Beleggingen-Pensioenfonds-Detailhandel.pdf
Pensioenfonds Detailhandel	Manulife Financial Corp	Equity	2026	123.440	EUR	https://pensioenfondsdetailhandel.nl/content/Publicaties/Beleggingen-Pensioenfonds-Detailhandel.pdf
Pensioenfonds Detailhandel	Massachusetts Institute of Technology	Equity	2026	80.245	EUR	https://pensioenfondsdetailhandel.nl/content/Publicaties/Beleggingen-Pensioenfonds-Detailhandel.pdf
Pensioenfonds Detailhandel	mBank SA	Equity	2026	399.825	EUR	https://pensioenfondsdetailhandel.nl/content/Publicaties/Beleggingen-Pensioenfonds-Detailhandel.pdf
Pensioenfonds Detailhandel	Mediobanca Banca di Credito Finanziario	Equity	2026	126.855	EUR	https://pensioenfondsdetailhandel.nl/content/Publicaties/Beleggingen-Pensioenfonds-Detailhandel.pdf
Pensioenfonds Detailhandel	Mercedes-Benz Group AG	Equity	2026	490.433	EUR	https://pensioenfondsdetailhandel.nl/content/Publicaties/Beleggingen-Pensioenfonds-Detailhandel.pdf
Pensioenfonds Detailhandel	Mercedes-Benz International Finance BV	Equity	2026	388.704	EUR	https://pensioenfondsdetailhandel.nl/content/Publicaties/Beleggingen-Pensioenfonds-Detailhandel.pdf
Pensioenfonds Detailhandel	Merlin Properties Socimi SA	Equity	2026	97.344	EUR	https://pensioenfondsdetailhandel.nl/content/Publicaties/Beleggingen-Pensioenfonds-Detailhandel.pdf
Pensioenfonds Detailhandel	MidAmerican Energy Co	Equity	2026	925.946	EUR	https://pensioenfondsdetailhandel.nl/content/Publicaties/Beleggingen-Pensioenfonds-Detailhandel.pdf
Pensioenfonds Detailhandel	Ministeries Van de Vlaamse Gemeenschap	Equity	2026	655.585	EUR	https://pensioenfondsdetailhandel.nl/content/Publicaties/Beleggingen-Pensioenfonds-Detailhandel.pdf
Pensioenfonds Detailhandel	Mitsubishi UFJ Financial Group Inc	Equity	2026	387.208	EUR	https://pensioenfondsdetailhandel.nl/content/Publicaties/Beleggingen-Pensioenfonds-Detailhandel.pdf
Pensioenfonds Detailhandel	Mitsui Fudosan Co Ltd	Equity	2026	488.642	EUR	https://pensioenfondsdetailhandel.nl/content/Publicaties/Beleggingen-Pensioenfonds-Detailhandel.pdf
Pensioenfonds Detailhandel	Mizuho Financial Group Inc	Equity	2026	763.336	EUR	https://pensioenfondsdetailhandel.nl/content/Publicaties/Beleggingen-Pensioenfonds-Detailhandel.pdf
Pensioenfonds Detailhandel	MTR Corp CI Ltd	Equity	2026	286.744	EUR	https://pensioenfondsdetailhandel.nl/content/Publicaties/Beleggingen-Pensioenfonds-Detailhandel.pdf
Pensioenfonds Detailhandel	MTR Corp Ltd	Equity	2026	415.822	EUR	https://pensioenfondsdetailhandel.nl/content/Publicaties/Beleggingen-Pensioenfonds-Detailhandel.pdf
Pensioenfonds Detailhandel	Muenchener Hypothekenbank eG	Equity	2026	1.067.248	EUR	https://pensioenfondsdetailhandel.nl/content/Publicaties/Beleggingen-Pensioenfonds-Detailhandel.pdf
Pensioenfonds Detailhandel	MVM Energetika Zrt	Equity	2026	184.622	EUR	https://pensioenfondsdetailhandel.nl/content/Publicaties/Beleggingen-Pensioenfonds-Detailhandel.pdf
Pensioenfonds Detailhandel	National Australia Bank Ltd	Equity	2026	522.439	EUR	https://pensioenfondsdetailhandel.nl/content/Publicaties/Beleggingen-Pensioenfonds-Detailhandel.pdf
Pensioenfonds Detailhandel	National Bank of Greece SA	Equity	2026	239.844	EUR	https://pensioenfondsdetailhandel.nl/content/Publicaties/Beleggingen-Pensioenfonds-Detailhandel.pdf
Pensioenfonds Detailhandel	National Grid North America Inc	Equity	2026	152.614	EUR	https://pensioenfondsdetailhandel.nl/content/Publicaties/Beleggingen-Pensioenfonds-Detailhandel.pdf
Pensioenfonds Detailhandel	Nationale-Nederlanden Bank NV/The Nether	Equity	2026	488.882	EUR	https://pensioenfondsdetailhandel.nl/content/Publicaties/Beleggingen-Pensioenfonds-Detailhandel.pdf
Pensioenfonds Detailhandel	NatWest Group PLC	Equity	2026	632.730	EUR	https://pensioenfondsdetailhandel.nl/content/Publicaties/Beleggingen-Pensioenfonds-Detailhandel.pdf
Pensioenfonds Detailhandel	NBK SPC Ltd	Equity	2026	178.975	EUR	https://pensioenfondsdetailhandel.nl/content/Publicaties/Beleggingen-Pensioenfonds-Detailhandel.pdf
Pensioenfonds Detailhandel	NE Property BV	Equity	2026	291.334	EUR	https://pensioenfondsdetailhandel.nl/content/Publicaties/Beleggingen-Pensioenfonds-Detailhandel.pdf
Pensioenfonds Detailhandel	Nederlandse Waterschapsbank NV	Equity	2026	839.548	EUR	https://pensioenfondsdetailhandel.nl/content/Publicaties/Beleggingen-Pensioenfonds-Detailhandel.pdf
Pensioenfonds Detailhandel	Nerval SAS	Equity	2026	199.404	EUR	https://pensioenfondsdetailhandel.nl/content/Publicaties/Beleggingen-Pensioenfonds-Detailhandel.pdf
Pensioenfonds Detailhandel	Netherlands Government Bond	Equity	2026	4.861.845	EUR	https://pensioenfondsdetailhandel.nl/content/Publicaties/Beleggingen-Pensioenfonds-Detailhandel.pdf
Pensioenfonds Detailhandel	New South Wales Treasury Corp	Equity	2026	551.551	EUR	https://pensioenfondsdetailhandel.nl/content/Publicaties/Beleggingen-Pensioenfonds-Detailhandel.pdf
Pensioenfonds Detailhandel	New York State Electric & Gas Corp	Equity	2026	230.255	EUR	https://pensioenfondsdetailhandel.nl/content/Publicaties/Beleggingen-Pensioenfonds-Detailhandel.pdf
Pensioenfonds Detailhandel	New Zealand Government Bond	Equity	2026	1.232.381	EUR	https://pensioenfondsdetailhandel.nl/content/Publicaties/Beleggingen-Pensioenfonds-Detailhandel.pdf
Pensioenfonds Detailhandel	NextEra Energy Capital Holdings Inc	Equity	2026	273.187	EUR	https://pensioenfondsdetailhandel.nl/content/Publicaties/Beleggingen-Pensioenfonds-Detailhandel.pdf
Pensioenfonds Detailhandel	Niagara Mohawk Power Corp	Equity	2026	183.504	EUR	https://pensioenfondsdetailhandel.nl/content/Publicaties/Beleggingen-Pensioenfonds-Detailhandel.pdf
Pensioenfonds Detailhandel	NIBC Bank NV	Equity	2026	300.692	EUR	https://pensioenfondsdetailhandel.nl/content/Publicaties/Beleggingen-Pensioenfonds-Detailhandel.pdf
Pensioenfonds Detailhandel	NiSource Inc	Equity	2026	57.237	EUR	https://pensioenfondsdetailhandel.nl/content/Publicaties/Beleggingen-Pensioenfonds-Detailhandel.pdf
Pensioenfonds Detailhandel	NN Group NV	Equity	2026	328.926	EUR	https://pensioenfondsdetailhandel.nl/content/Publicaties/Beleggingen-Pensioenfonds-Detailhandel.pdf
Pensioenfonds Detailhandel	Norddeutsche Landesbank-Girozentrale	Equity	2026	689.877	EUR	https://pensioenfondsdetailhandel.nl/content/Publicaties/Beleggingen-Pensioenfonds-Detailhandel.pdf
Pensioenfonds Detailhandel	Nordea Bank Abp	Equity	2026	1.451.181	EUR	https://pensioenfondsdetailhandel.nl/content/Publicaties/Beleggingen-Pensioenfonds-Detailhandel.pdf
Pensioenfonds Detailhandel	Nordea Hypotek AB	Equity	2026	555.797	EUR	https://pensioenfondsdetailhandel.nl/content/Publicaties/Beleggingen-Pensioenfonds-Detailhandel.pdf
Pensioenfonds Detailhandel	Nordea Kiinnitysluottopankki Oyj	Equity	2026	204.967	EUR	https://pensioenfondsdetailhandel.nl/content/Publicaties/Beleggingen-Pensioenfonds-Detailhandel.pdf
Pensioenfonds Detailhandel	Nordic Investment Bank	Equity	2026	819.627	EUR	https://pensioenfondsdetailhandel.nl/content/Publicaties/Beleggingen-Pensioenfonds-Detailhandel.pdf
Pensioenfonds Detailhandel	Norinchukin Bank/The	Equity	2026	393.237	EUR	https://pensioenfondsdetailhandel.nl/content/Publicaties/Beleggingen-Pensioenfonds-Detailhandel.pdf
Pensioenfonds Detailhandel	Northern States Power Co/MN	Equity	2026	654.739	EUR	https://pensioenfondsdetailhandel.nl/content/Publicaties/Beleggingen-Pensioenfonds-Detailhandel.pdf
Pensioenfonds Detailhandel	Notting Hill Genesis	Equity	2026	80.213	EUR	https://pensioenfondsdetailhandel.nl/content/Publicaties/Beleggingen-Pensioenfonds-Detailhandel.pdf
Pensioenfonds Detailhandel	Nova Ljubljanska Banka dd	Equity	2026	105.811	EUR	https://pensioenfondsdetailhandel.nl/content/Publicaties/Beleggingen-Pensioenfonds-Detailhandel.pdf
Pensioenfonds Detailhandel	NRW Bank	Equity	2026	1.823.763	EUR	https://pensioenfondsdetailhandel.nl/content/Publicaties/Beleggingen-Pensioenfonds-Detailhandel.pdf
Pensioenfonds Detailhandel	NSTAR Electric Co	Equity	2026	210.423	EUR	https://pensioenfondsdetailhandel.nl/content/Publicaties/Beleggingen-Pensioenfonds-Detailhandel.pdf
Pensioenfonds Detailhandel	Oncor Electric Delivery Co LLC	Equity	2026	175.073	EUR	https://pensioenfondsdetailhandel.nl/content/Publicaties/Beleggingen-Pensioenfonds-Detailhandel.pdf
Pensioenfonds Detailhandel	Ontario Power Generation Inc	Equity	2026	246.644	EUR	https://pensioenfondsdetailhandel.nl/content/Publicaties/Beleggingen-Pensioenfonds-Detailhandel.pdf
Pensioenfonds Detailhandel	Ontario Teachers' Finance Trust	Equity	2026	395.979	EUR	https://pensioenfondsdetailhandel.nl/content/Publicaties/Beleggingen-Pensioenfonds-Detailhandel.pdf
Pensioenfonds Detailhandel	OP Mortgage Bank	Equity	2026	356.023	EUR	https://pensioenfondsdetailhandel.nl/content/Publicaties/Beleggingen-Pensioenfonds-Detailhandel.pdf
Pensioenfonds Detailhandel	ORIX Corp	Equity	2026	101.800	EUR	https://pensioenfondsdetailhandel.nl/content/Publicaties/Beleggingen-Pensioenfonds-Detailhandel.pdf
Pensioenfonds Detailhandel	ORLEN SA	Equity	2026	100.837	EUR	https://pensioenfondsdetailhandel.nl/content/Publicaties/Beleggingen-Pensioenfonds-Detailhandel.pdf
Pensioenfonds Detailhandel	Orsted AS	Equity	2026	1.247.190	EUR	https://pensioenfondsdetailhandel.nl/content/Publicaties/Beleggingen-Pensioenfonds-Detailhandel.pdf
Pensioenfonds Detailhandel	OTP Bank Nyrt	Equity	2026	157.231	EUR	https://pensioenfondsdetailhandel.nl/content/Publicaties/Beleggingen-Pensioenfonds-Detailhandel.pdf
Pensioenfonds Detailhandel	P3 Group Sarl	Equity	2026	491.639	EUR	https://pensioenfondsdetailhandel.nl/content/Publicaties/Beleggingen-Pensioenfonds-Detailhandel.pdf
Pensioenfonds Detailhandel	Pacific Life Global Funding II	Equity	2026	274.331	EUR	https://pensioenfondsdetailhandel.nl/content/Publicaties/Beleggingen-Pensioenfonds-Detailhandel.pdf
Pensioenfonds Detailhandel	PacifiCorp	Equity	2026	305.466	EUR	https://pensioenfondsdetailhandel.nl/content/Publicaties/Beleggingen-Pensioenfonds-Detailhandel.pdf
Pensioenfonds Detailhandel	Paragon Treasury Plc	Equity	2026	97.009	EUR	https://pensioenfondsdetailhandel.nl/content/Publicaties/Beleggingen-Pensioenfonds-Detailhandel.pdf
Pensioenfonds Detailhandel	Peabody Capital No 2 Plc	Equity	2026	92.894	EUR	https://pensioenfondsdetailhandel.nl/content/Publicaties/Beleggingen-Pensioenfonds-Detailhandel.pdf
Pensioenfonds Detailhandel	Permanent TSB Group Holdings PLC	Equity	2026	104.692	EUR	https://pensioenfondsdetailhandel.nl/content/Publicaties/Beleggingen-Pensioenfonds-Detailhandel.pdf
Pensioenfonds Detailhandel	Perusahaan Penerbit SBSN Indonesia	Equity	2026	353.287	EUR	https://pensioenfondsdetailhandel.nl/content/Publicaties/Beleggingen-Pensioenfonds-Detailhandel.pdf
Pensioenfonds Detailhandel	Perusahaan Penerbit SBSN Indonesia III	Equity	2026	630.871	EUR	https://pensioenfondsdetailhandel.nl/content/Publicaties/Beleggingen-Pensioenfonds-Detailhandel.pdf
Pensioenfonds Detailhandel	Piedmont Operating Partnership LP	Equity	2026	62.674	EUR	https://pensioenfondsdetailhandel.nl/content/Publicaties/Beleggingen-Pensioenfonds-Detailhandel.pdf
Pensioenfonds Detailhandel	Piraeus Bank SA	Equity	2026	158.232	EUR	https://pensioenfondsdetailhandel.nl/content/Publicaties/Beleggingen-Pensioenfonds-Detailhandel.pdf
Pensioenfonds Detailhandel	Places For People Treasury PLC	Equity	2026	113.177	EUR	https://pensioenfondsdetailhandel.nl/content/Publicaties/Beleggingen-Pensioenfonds-Detailhandel.pdf
Pensioenfonds Detailhandel	Platform HG Financing PLC	Equity	2026	67.372	EUR	https://pensioenfondsdetailhandel.nl/content/Publicaties/Beleggingen-Pensioenfonds-Detailhandel.pdf
Pensioenfonds Detailhandel	Power Finance Corp Ltd	Equity	2026	199.182	EUR	https://pensioenfondsdetailhandel.nl/content/Publicaties/Beleggingen-Pensioenfonds-Detailhandel.pdf
Pensioenfonds Detailhandel	Powszechna Kasa Oszczednosci Bank Polski	Equity	2026	249.159	EUR	https://pensioenfondsdetailhandel.nl/content/Publicaties/Beleggingen-Pensioenfonds-Detailhandel.pdf
Pensioenfonds Detailhandel	Primaris Real Estate Investment Trust	Equity	2026	31.121	EUR	https://pensioenfondsdetailhandel.nl/content/Publicaties/Beleggingen-Pensioenfonds-Detailhandel.pdf
Pensioenfonds Detailhandel	Principal Life Global Funding II	Equity	2026	111.758	EUR	https://pensioenfondsdetailhandel.nl/content/Publicaties/Beleggingen-Pensioenfonds-Detailhandel.pdf
Pensioenfonds Detailhandel	Prologis Euro Finance LLC	Equity	2026	273.103	EUR	https://pensioenfondsdetailhandel.nl/content/Publicaties/Beleggingen-Pensioenfonds-Detailhandel.pdf
Pensioenfonds Detailhandel	Prologis International Funding II SA	Equity	2026	1.124.963	EUR	https://pensioenfondsdetailhandel.nl/content/Publicaties/Beleggingen-Pensioenfonds-Detailhandel.pdf
Pensioenfonds Detailhandel	Prologis LP	Equity	2026	293.789	EUR	https://pensioenfondsdetailhandel.nl/content/Publicaties/Beleggingen-Pensioenfonds-Detailhandel.pdf
Pensioenfonds Detailhandel	Province of Ontario Canada	Equity	2026	2.352.490	EUR	https://pensioenfondsdetailhandel.nl/content/Publicaties/Beleggingen-Pensioenfonds-Detailhandel.pdf
Pensioenfonds Detailhandel	Province of Quebec Canada	Equity	2026	457.809	EUR	https://pensioenfondsdetailhandel.nl/content/Publicaties/Beleggingen-Pensioenfonds-Detailhandel.pdf
Pensioenfonds Detailhandel	PSP Capital Inc	Equity	2026	441.650	EUR	https://pensioenfondsdetailhandel.nl/content/Publicaties/Beleggingen-Pensioenfonds-Detailhandel.pdf
Pensioenfonds Detailhandel	Public Service Co of Colorado	Equity	2026	129.286	EUR	https://pensioenfondsdetailhandel.nl/content/Publicaties/Beleggingen-Pensioenfonds-Detailhandel.pdf
Pensioenfonds Detailhandel	Public Service Co of Oklahoma	Equity	2026	98.047	EUR	https://pensioenfondsdetailhandel.nl/content/Publicaties/Beleggingen-Pensioenfonds-Detailhandel.pdf
Pensioenfonds Detailhandel	Puget Sound Energy Inc	Equity	2026	129.502	EUR	https://pensioenfondsdetailhandel.nl/content/Publicaties/Beleggingen-Pensioenfonds-Detailhandel.pdf
Pensioenfonds Detailhandel	Queensland Treasury Corp	Equity	2026	1.710.778	EUR	https://pensioenfondsdetailhandel.nl/content/Publicaties/Beleggingen-Pensioenfonds-Detailhandel.pdf
Pensioenfonds Detailhandel	Raiffeisen Bank International AG	Equity	2026	294.263	EUR	https://pensioenfondsdetailhandel.nl/content/Publicaties/Beleggingen-Pensioenfonds-Detailhandel.pdf
Pensioenfonds Detailhandel	Raiffeisen Bank zrt	Equity	2026	107.749	EUR	https://pensioenfondsdetailhandel.nl/content/Publicaties/Beleggingen-Pensioenfonds-Detailhandel.pdf
Pensioenfonds Detailhandel	Raiffeisenbank AS	Equity	2026	97.301	EUR	https://pensioenfondsdetailhandel.nl/content/Publicaties/Beleggingen-Pensioenfonds-Detailhandel.pdf
Pensioenfonds Detailhandel	RCI Banque SA	Equity	2026	572.744	EUR	https://pensioenfondsdetailhandel.nl/content/Publicaties/Beleggingen-Pensioenfonds-Detailhandel.pdf
Pensioenfonds Detailhandel	Realty Income Corp	Equity	2026	179.519	EUR	https://pensioenfondsdetailhandel.nl/content/Publicaties/Beleggingen-Pensioenfonds-Detailhandel.pdf
Pensioenfonds Detailhandel	REC Ltd	Equity	2026	406.697	EUR	https://pensioenfondsdetailhandel.nl/content/Publicaties/Beleggingen-Pensioenfonds-Detailhandel.pdf
Pensioenfonds Detailhandel	Red Electrica Financiaciones SA	Equity	2026	448.004	EUR	https://pensioenfondsdetailhandel.nl/content/Publicaties/Beleggingen-Pensioenfonds-Detailhandel.pdf
Pensioenfonds Detailhandel	Redeia Corp SA	Equity	2026	205.250	EUR	https://pensioenfondsdetailhandel.nl/content/Publicaties/Beleggingen-Pensioenfonds-Detailhandel.pdf
Pensioenfonds Detailhandel	Regie Autonome des Transports Parisiens	Equity	2026	288.894	EUR	https://pensioenfondsdetailhandel.nl/content/Publicaties/Beleggingen-Pensioenfonds-Detailhandel.pdf
Pensioenfonds Detailhandel	Region of Ile de France	Equity	2026	387.618	EUR	https://pensioenfondsdetailhandel.nl/content/Publicaties/Beleggingen-Pensioenfonds-Detailhandel.pdf
Pensioenfonds Detailhandel	Region Wallonne Belgium	Equity	2026	198.430	EUR	https://pensioenfondsdetailhandel.nl/content/Publicaties/Beleggingen-Pensioenfonds-Detailhandel.pdf
Pensioenfonds Detailhandel	Ren Finance BV	Equity	2026	92.716	EUR	https://pensioenfondsdetailhandel.nl/content/Publicaties/Beleggingen-Pensioenfonds-Detailhandel.pdf
Pensioenfonds Detailhandel	Republic of Austria Government Bond	Equity	2026	2.659.747	EUR	https://pensioenfondsdetailhandel.nl/content/Publicaties/Beleggingen-Pensioenfonds-Detailhandel.pdf
Pensioenfonds Detailhandel	Republic of Austria Government Internati	Equity	2026	182.989	EUR	https://pensioenfondsdetailhandel.nl/content/Publicaties/Beleggingen-Pensioenfonds-Detailhandel.pdf
Pensioenfonds Detailhandel	Republic of Poland Government Bond	Equity	2026	917.215	EUR	https://pensioenfondsdetailhandel.nl/content/Publicaties/Beleggingen-Pensioenfonds-Detailhandel.pdf
Pensioenfonds Detailhandel	Rexford Industrial Realty LP	Equity	2026	75.421	EUR	https://pensioenfondsdetailhandel.nl/content/Publicaties/Beleggingen-Pensioenfonds-Detailhandel.pdf
Pensioenfonds Detailhandel	RioCan Real Estate Investment Trust	Equity	2026	160.496	EUR	https://pensioenfondsdetailhandel.nl/content/Publicaties/Beleggingen-Pensioenfonds-Detailhandel.pdf
Pensioenfonds Detailhandel	Romania Government Bond	Equity	2026	387.673	EUR	https://pensioenfondsdetailhandel.nl/content/Publicaties/Beleggingen-Pensioenfonds-Detailhandel.pdf
Pensioenfonds Detailhandel	Royal Bank of Canada	Equity	2026	185.991	EUR	https://pensioenfondsdetailhandel.nl/content/Publicaties/Beleggingen-Pensioenfonds-Detailhandel.pdf
Pensioenfonds Detailhandel	Royal Schiphol Group NV	Equity	2026	365.779	EUR	https://pensioenfondsdetailhandel.nl/content/Publicaties/Beleggingen-Pensioenfonds-Detailhandel.pdf
Pensioenfonds Detailhandel	RTE Reseau de Transport d'Electricite SA	Equity	2026	490.697	EUR	https://pensioenfondsdetailhandel.nl/content/Publicaties/Beleggingen-Pensioenfonds-Detailhandel.pdf
Pensioenfonds Detailhandel	RWE AG	Equity	2026	1.241.359	EUR	https://pensioenfondsdetailhandel.nl/content/Publicaties/Beleggingen-Pensioenfonds-Detailhandel.pdf
Pensioenfonds Detailhandel	RWE Finance US LLC	Equity	2026	697.539	EUR	https://pensioenfondsdetailhandel.nl/content/Publicaties/Beleggingen-Pensioenfonds-Detailhandel.pdf
Pensioenfonds Detailhandel	Sagax AB	Equity	2026	244.340	EUR	https://pensioenfondsdetailhandel.nl/content/Publicaties/Beleggingen-Pensioenfonds-Detailhandel.pdf
Pensioenfonds Detailhandel	SATO Oyj	Equity	2026	96.731	EUR	https://pensioenfondsdetailhandel.nl/content/Publicaties/Beleggingen-Pensioenfonds-Detailhandel.pdf
Pensioenfonds Detailhandel	Saudi Awwal Bank	Equity	2026	170.782	EUR	https://pensioenfondsdetailhandel.nl/content/Publicaties/Beleggingen-Pensioenfonds-Detailhandel.pdf
Pensioenfonds Detailhandel	SBAB Bank AB	Equity	2026	430.763	EUR	https://pensioenfondsdetailhandel.nl/content/Publicaties/Beleggingen-Pensioenfonds-Detailhandel.pdf
Pensioenfonds Detailhandel	Scottish Hydro Electric Transmission PLC	Equity	2026	607.210	EUR	https://pensioenfondsdetailhandel.nl/content/Publicaties/Beleggingen-Pensioenfonds-Detailhandel.pdf
Pensioenfonds Detailhandel	Segro Capital Sarl	Equity	2026	338.101	EUR	https://pensioenfondsdetailhandel.nl/content/Publicaties/Beleggingen-Pensioenfonds-Detailhandel.pdf
Pensioenfonds Detailhandel	Severn Trent Utilities Finance PLC	Equity	2026	618.490	EUR	https://pensioenfondsdetailhandel.nl/content/Publicaties/Beleggingen-Pensioenfonds-Detailhandel.pdf
Pensioenfonds Detailhandel	SFIL SA	Equity	2026	176.358	EUR	https://pensioenfondsdetailhandel.nl/content/Publicaties/Beleggingen-Pensioenfonds-Detailhandel.pdf
Pensioenfonds Detailhandel	Shinhan Bank Co Ltd	Equity	2026	172.742	EUR	https://pensioenfondsdetailhandel.nl/content/Publicaties/Beleggingen-Pensioenfonds-Detailhandel.pdf
Pensioenfonds Detailhandel	Siemens Energy Finance BV	Equity	2026	420.471	EUR	https://pensioenfondsdetailhandel.nl/content/Publicaties/Beleggingen-Pensioenfonds-Detailhandel.pdf
Pensioenfonds Detailhandel	Singapore Government Bond	Equity	2026	2.272.149	EUR	https://pensioenfondsdetailhandel.nl/content/Publicaties/Beleggingen-Pensioenfonds-Detailhandel.pdf
Pensioenfonds Detailhandel	Skandinaviska Enskilda Banken AB	Equity	2026	1.113.990	EUR	https://pensioenfondsdetailhandel.nl/content/Publicaties/Beleggingen-Pensioenfonds-Detailhandel.pdf
Pensioenfonds Detailhandel	Snam SpA	Equity	2026	199.578	EUR	https://pensioenfondsdetailhandel.nl/content/Publicaties/Beleggingen-Pensioenfonds-Detailhandel.pdf
Pensioenfonds Detailhandel	SNCF Reseau	Equity	2026	865.844	EUR	https://pensioenfondsdetailhandel.nl/content/Publicaties/Beleggingen-Pensioenfonds-Detailhandel.pdf
Pensioenfonds Detailhandel	Societe Des Grands Projets EPIC	Equity	2026	3.553.504	EUR	https://pensioenfondsdetailhandel.nl/content/Publicaties/Beleggingen-Pensioenfonds-Detailhandel.pdf
Pensioenfonds Detailhandel	Societe Generale SA	Equity	2026	703.747	EUR	https://pensioenfondsdetailhandel.nl/content/Publicaties/Beleggingen-Pensioenfonds-Detailhandel.pdf
Pensioenfonds Detailhandel	Societe Generale SFH SA	Equity	2026	751.314	EUR	https://pensioenfondsdetailhandel.nl/content/Publicaties/Beleggingen-Pensioenfonds-Detailhandel.pdf
Pensioenfonds Detailhandel	Societe Nationale SNCF SACA	Equity	2026	1.278.461	EUR	https://pensioenfondsdetailhandel.nl/content/Publicaties/Beleggingen-Pensioenfonds-Detailhandel.pdf
Pensioenfonds Detailhandel	Solar Star Funding LLC	Equity	2026	114.459	EUR	https://pensioenfondsdetailhandel.nl/content/Publicaties/Beleggingen-Pensioenfonds-Detailhandel.pdf
Pensioenfonds Detailhandel	South Coast British Columbia Transportat	Equity	2026	135.171	EUR	https://pensioenfondsdetailhandel.nl/content/Publicaties/Beleggingen-Pensioenfonds-Detailhandel.pdf
Pensioenfonds Detailhandel	Southern Power Co	Equity	2026	101.288	EUR	https://pensioenfondsdetailhandel.nl/content/Publicaties/Beleggingen-Pensioenfonds-Detailhandel.pdf
Pensioenfonds Detailhandel	Southwestern Electric Power Co	Equity	2026	68.014	EUR	https://pensioenfondsdetailhandel.nl/content/Publicaties/Beleggingen-Pensioenfonds-Detailhandel.pdf
Pensioenfonds Detailhandel	Southwestern Public Service Co	Equity	2026	122.822	EUR	https://pensioenfondsdetailhandel.nl/content/Publicaties/Beleggingen-Pensioenfonds-Detailhandel.pdf
Pensioenfonds Detailhandel	Sovereign Network Group	Equity	2026	113.340	EUR	https://pensioenfondsdetailhandel.nl/content/Publicaties/Beleggingen-Pensioenfonds-Detailhandel.pdf
Pensioenfonds Detailhandel	Spain Government Bond	Equity	2026	2.572.038	EUR	https://pensioenfondsdetailhandel.nl/content/Publicaties/Beleggingen-Pensioenfonds-Detailhandel.pdf
Pensioenfonds Detailhandel	SpareBank 1 Boligkreditt AS	Equity	2026	390.659	EUR	https://pensioenfondsdetailhandel.nl/content/Publicaties/Beleggingen-Pensioenfonds-Detailhandel.pdf
Pensioenfonds Detailhandel	Sparebank 1 Oestlandet	Equity	2026	250.614	EUR	https://pensioenfondsdetailhandel.nl/content/Publicaties/Beleggingen-Pensioenfonds-Detailhandel.pdf
Pensioenfonds Detailhandel	SpareBank 1 Sor-Norge ASA	Equity	2026	519.763	EUR	https://pensioenfondsdetailhandel.nl/content/Publicaties/Beleggingen-Pensioenfonds-Detailhandel.pdf
Pensioenfonds Detailhandel	Sparebanken Norge Boligkreditt AS	Equity	2026	370.600	EUR	https://pensioenfondsdetailhandel.nl/content/Publicaties/Beleggingen-Pensioenfonds-Detailhandel.pdf
Pensioenfonds Detailhandel	SR-Boligkreditt AS	Equity	2026	177.794	EUR	https://pensioenfondsdetailhandel.nl/content/Publicaties/Beleggingen-Pensioenfonds-Detailhandel.pdf
Pensioenfonds Detailhandel	SSE PLC	Equity	2026	650.523	EUR	https://pensioenfondsdetailhandel.nl/content/Publicaties/Beleggingen-Pensioenfonds-Detailhandel.pdf
Pensioenfonds Detailhandel	Stadshypotek AB	Equity	2026	685.164	EUR	https://pensioenfondsdetailhandel.nl/content/Publicaties/Beleggingen-Pensioenfonds-Detailhandel.pdf
Pensioenfonds Detailhandel	Star Energy Geothermal Darajat II / Star	Equity	2026	182.730	EUR	https://pensioenfondsdetailhandel.nl/content/Publicaties/Beleggingen-Pensioenfonds-Detailhandel.pdf
Pensioenfonds Detailhandel	State of Hesse	Equity	2026	455.383	EUR	https://pensioenfondsdetailhandel.nl/content/Publicaties/Beleggingen-Pensioenfonds-Detailhandel.pdf
Pensioenfonds Detailhandel	Statkraft AS	Equity	2026	200.607	EUR	https://pensioenfondsdetailhandel.nl/content/Publicaties/Beleggingen-Pensioenfonds-Detailhandel.pdf
Pensioenfonds Detailhandel	Stedin Holding NV	Equity	2026	695.048	EUR	https://pensioenfondsdetailhandel.nl/content/Publicaties/Beleggingen-Pensioenfonds-Detailhandel.pdf
Pensioenfonds Detailhandel	Stellantis NV	Equity	2026	333.271	EUR	https://pensioenfondsdetailhandel.nl/content/Publicaties/Beleggingen-Pensioenfonds-Detailhandel.pdf
Pensioenfonds Detailhandel	Stoneweg Ereit Lux Finco Sarl	Equity	2026	147.989	EUR	https://pensioenfondsdetailhandel.nl/content/Publicaties/Beleggingen-Pensioenfonds-Detailhandel.pdf
Pensioenfonds Detailhandel	Storebrand Livsforsikring AS	Equity	2026	135.602	EUR	https://pensioenfondsdetailhandel.nl/content/Publicaties/Beleggingen-Pensioenfonds-Detailhandel.pdf
Pensioenfonds Detailhandel	Suez SACA	Equity	2026	1.220.846	EUR	https://pensioenfondsdetailhandel.nl/content/Publicaties/Beleggingen-Pensioenfonds-Detailhandel.pdf
Pensioenfonds Detailhandel	Sumitomo Mitsui Financial Group Inc	Equity	2026	265.656	EUR	https://pensioenfondsdetailhandel.nl/content/Publicaties/Beleggingen-Pensioenfonds-Detailhandel.pdf
Pensioenfonds Detailhandel	Svenska Handelsbanken AB	Equity	2026	1.062.225	EUR	https://pensioenfondsdetailhandel.nl/content/Publicaties/Beleggingen-Pensioenfonds-Detailhandel.pdf
Pensioenfonds Detailhandel	Sveriges Sakerstallda Obligationer AB	Equity	2026	180.421	EUR	https://pensioenfondsdetailhandel.nl/content/Publicaties/Beleggingen-Pensioenfonds-Detailhandel.pdf
Pensioenfonds Detailhandel	Swedbank AB	Equity	2026	1.482.634	EUR	https://pensioenfondsdetailhandel.nl/content/Publicaties/Beleggingen-Pensioenfonds-Detailhandel.pdf
Pensioenfonds Detailhandel	Sweden Government International Bond	Equity	2026	644.549	EUR	https://pensioenfondsdetailhandel.nl/content/Publicaties/Beleggingen-Pensioenfonds-Detailhandel.pdf
Pensioenfonds Detailhandel	Swire Properties MTN Financing Ltd	Equity	2026	241.692	EUR	https://pensioenfondsdetailhandel.nl/content/Publicaties/Beleggingen-Pensioenfonds-Detailhandel.pdf
Pensioenfonds Detailhandel	Swiss Confederation Government Bond	Equity	2026	786.192	EUR	https://pensioenfondsdetailhandel.nl/content/Publicaties/Beleggingen-Pensioenfonds-Detailhandel.pdf
Pensioenfonds Detailhandel	Swiss Life Finance I AG	Equity	2026	152.315	EUR	https://pensioenfondsdetailhandel.nl/content/Publicaties/Beleggingen-Pensioenfonds-Detailhandel.pdf
Pensioenfonds Detailhandel	Talanx AG	Equity	2026	87.187	EUR	https://pensioenfondsdetailhandel.nl/content/Publicaties/Beleggingen-Pensioenfonds-Detailhandel.pdf
Pensioenfonds Detailhandel	Tatra Banka as	Equity	2026	204.804	EUR	https://pensioenfondsdetailhandel.nl/content/Publicaties/Beleggingen-Pensioenfonds-Detailhandel.pdf
Pensioenfonds Detailhandel	Tennet Netherlands BV	Equity	2026	2.966.212	EUR	https://pensioenfondsdetailhandel.nl/content/Publicaties/Beleggingen-Pensioenfonds-Detailhandel.pdf
Pensioenfonds Detailhandel	Terna - Rete Elettrica Nazionale	Equity	2026	707.812	EUR	https://pensioenfondsdetailhandel.nl/content/Publicaties/Beleggingen-Pensioenfonds-Detailhandel.pdf
Pensioenfonds Detailhandel	Titanium Ruth Holdco Ltd	Equity	2026	180.822	EUR	https://pensioenfondsdetailhandel.nl/content/Publicaties/Beleggingen-Pensioenfonds-Detailhandel.pdf
Pensioenfonds Detailhandel	Toronto-Dominion Bank/The	Equity	2026	75.455	EUR	https://pensioenfondsdetailhandel.nl/content/Publicaties/Beleggingen-Pensioenfonds-Detailhandel.pdf
Pensioenfonds Detailhandel	Toyota Motor Credit Corp	Equity	2026	87.943	EUR	https://pensioenfondsdetailhandel.nl/content/Publicaties/Beleggingen-Pensioenfonds-Detailhandel.pdf
Pensioenfonds Detailhandel	Triodos Bank NV	Equity	2026	100.795	EUR	https://pensioenfondsdetailhandel.nl/content/Publicaties/Beleggingen-Pensioenfonds-Detailhandel.pdf
Pensioenfonds Detailhandel	UDR Inc	Equity	2026	101.241	EUR	https://pensioenfondsdetailhandel.nl/content/Publicaties/Beleggingen-Pensioenfonds-Detailhandel.pdf
Pensioenfonds Detailhandel	Unibail-Rodamco-Westfield SE	Equity	2026	401.527	EUR	https://pensioenfondsdetailhandel.nl/content/Publicaties/Beleggingen-Pensioenfonds-Detailhandel.pdf
Pensioenfonds Detailhandel	Unicaja Banco SA	Equity	2026	212.970	EUR	https://pensioenfondsdetailhandel.nl/content/Publicaties/Beleggingen-Pensioenfonds-Detailhandel.pdf
Pensioenfonds Detailhandel	UniCredit Bank Austria AG	Equity	2026	408.247	EUR	https://pensioenfondsdetailhandel.nl/content/Publicaties/Beleggingen-Pensioenfonds-Detailhandel.pdf
Pensioenfonds Detailhandel	UniCredit Bank Czech Republic & Slovakia	Equity	2026	208.460	EUR	https://pensioenfondsdetailhandel.nl/content/Publicaties/Beleggingen-Pensioenfonds-Detailhandel.pdf
Pensioenfonds Detailhandel	UniCredit Bank GmbH	Equity	2026	203.624	EUR	https://pensioenfondsdetailhandel.nl/content/Publicaties/Beleggingen-Pensioenfonds-Detailhandel.pdf
Pensioenfonds Detailhandel	UniCredit SpA	Equity	2026	672.967	EUR	https://pensioenfondsdetailhandel.nl/content/Publicaties/Beleggingen-Pensioenfonds-Detailhandel.pdf
Pensioenfonds Detailhandel	Union Electric Co	Equity	2026	53.728	EUR	https://pensioenfondsdetailhandel.nl/content/Publicaties/Beleggingen-Pensioenfonds-Detailhandel.pdf
Pensioenfonds Detailhandel	Union Pacific Corp	Equity	2026	93.737	EUR	https://pensioenfondsdetailhandel.nl/content/Publicaties/Beleggingen-Pensioenfonds-Detailhandel.pdf
Pensioenfonds Detailhandel	Unipol Assicurazioni SpA	Equity	2026	204.225	EUR	https://pensioenfondsdetailhandel.nl/content/Publicaties/Beleggingen-Pensioenfonds-Detailhandel.pdf
Pensioenfonds Detailhandel	UNIQA Insurance Group AG	Equity	2026	92.078	EUR	https://pensioenfondsdetailhandel.nl/content/Publicaties/Beleggingen-Pensioenfonds-Detailhandel.pdf
Pensioenfonds Detailhandel	United Kingdom Gilt	Equity	2026	10.071.168	EUR	https://pensioenfondsdetailhandel.nl/content/Publicaties/Beleggingen-Pensioenfonds-Detailhandel.pdf
Pensioenfonds Detailhandel	United Utilities Water Finance PLC	Equity	2026	397.761	EUR	https://pensioenfondsdetailhandel.nl/content/Publicaties/Beleggingen-Pensioenfonds-Detailhandel.pdf
Pensioenfonds Detailhandel	University of Michigan	Equity	2026	64.452	EUR	https://pensioenfondsdetailhandel.nl/content/Publicaties/Beleggingen-Pensioenfonds-Detailhandel.pdf
Pensioenfonds Detailhandel	UPM-Kymmene Oyj	Equity	2026	220.351	EUR	https://pensioenfondsdetailhandel.nl/content/Publicaties/Beleggingen-Pensioenfonds-Detailhandel.pdf
Pensioenfonds Detailhandel	Vattenfall AB	Equity	2026	344.972	EUR	https://pensioenfondsdetailhandel.nl/content/Publicaties/Beleggingen-Pensioenfonds-Detailhandel.pdf
Pensioenfonds Detailhandel	Verbund AG	Equity	2026	168.240	EUR	https://pensioenfondsdetailhandel.nl/content/Publicaties/Beleggingen-Pensioenfonds-Detailhandel.pdf
Pensioenfonds Detailhandel	Verizon Communications Inc	Equity	2026	1.005.786	EUR	https://pensioenfondsdetailhandel.nl/content/Publicaties/Beleggingen-Pensioenfonds-Detailhandel.pdf
Pensioenfonds Detailhandel	VGP NV	Equity	2026	380.790	EUR	https://pensioenfondsdetailhandel.nl/content/Publicaties/Beleggingen-Pensioenfonds-Detailhandel.pdf
Pensioenfonds Detailhandel	Ville de Paris	Equity	2026	94.028	EUR	https://pensioenfondsdetailhandel.nl/content/Publicaties/Beleggingen-Pensioenfonds-Detailhandel.pdf
Pensioenfonds Detailhandel	Vinci SA	Equity	2026	91.780	EUR	https://pensioenfondsdetailhandel.nl/content/Publicaties/Beleggingen-Pensioenfonds-Detailhandel.pdf
Pensioenfonds Detailhandel	Volksbank Wien AG	Equity	2026	203.910	EUR	https://pensioenfondsdetailhandel.nl/content/Publicaties/Beleggingen-Pensioenfonds-Detailhandel.pdf
Pensioenfonds Detailhandel	Volkswagen Bank GmbH	Equity	2026	798.921	EUR	https://pensioenfondsdetailhandel.nl/content/Publicaties/Beleggingen-Pensioenfonds-Detailhandel.pdf
Pensioenfonds Detailhandel	Volkswagen Financial Services AG	Equity	2026	613.695	EUR	https://pensioenfondsdetailhandel.nl/content/Publicaties/Beleggingen-Pensioenfonds-Detailhandel.pdf
Pensioenfonds Detailhandel	Volkswagen Financial Services NV	Equity	2026	113.732	EUR	https://pensioenfondsdetailhandel.nl/content/Publicaties/Beleggingen-Pensioenfonds-Detailhandel.pdf
Pensioenfonds Detailhandel	Volkswagen International Finance NV	Equity	2026	2.142.787	EUR	https://pensioenfondsdetailhandel.nl/content/Publicaties/Beleggingen-Pensioenfonds-Detailhandel.pdf
Pensioenfonds Detailhandel	Volkswagen Leasing GmbH	Equity	2026	934.521	EUR	https://pensioenfondsdetailhandel.nl/content/Publicaties/Beleggingen-Pensioenfonds-Detailhandel.pdf
Pensioenfonds Detailhandel	Vonovia SE	Equity	2026	561.138	EUR	https://pensioenfondsdetailhandel.nl/content/Publicaties/Beleggingen-Pensioenfonds-Detailhandel.pdf
Pensioenfonds Detailhandel	Wabtec Transportation Netherlands BV	Equity	2026	97.136	EUR	https://pensioenfondsdetailhandel.nl/content/Publicaties/Beleggingen-Pensioenfonds-Detailhandel.pdf
Pensioenfonds Detailhandel	Welltower OP LLC	Equity	2026	228.784	EUR	https://pensioenfondsdetailhandel.nl/content/Publicaties/Beleggingen-Pensioenfonds-Detailhandel.pdf
Pensioenfonds Detailhandel	Western Australian Treasury Corp	Equity	2026	541.043	EUR	https://pensioenfondsdetailhandel.nl/content/Publicaties/Beleggingen-Pensioenfonds-Detailhandel.pdf
Pensioenfonds Detailhandel	Westpac Banking Corp	Equity	2026	301.385	EUR	https://pensioenfondsdetailhandel.nl/content/Publicaties/Beleggingen-Pensioenfonds-Detailhandel.pdf
Pensioenfonds Detailhandel	Wisconsin Electric Power Co	Equity	2026	130.745	EUR	https://pensioenfondsdetailhandel.nl/content/Publicaties/Beleggingen-Pensioenfonds-Detailhandel.pdf
Pensioenfonds Detailhandel	Wisconsin Power and Light Co	Equity	2026	214.666	EUR	https://pensioenfondsdetailhandel.nl/content/Publicaties/Beleggingen-Pensioenfonds-Detailhandel.pdf
Pensioenfonds Detailhandel	Wisconsin Public Service Corp	Equity	2026	43.031	EUR	https://pensioenfondsdetailhandel.nl/content/Publicaties/Beleggingen-Pensioenfonds-Detailhandel.pdf
Pensioenfonds Detailhandel	WP Carey Inc	Equity	2026	75.930	EUR	https://pensioenfondsdetailhandel.nl/content/Publicaties/Beleggingen-Pensioenfonds-Detailhandel.pdf
Pensioenfonds Detailhandel	Wuestenrot Bausparkasse AG	Equity	2026	204.799	EUR	https://pensioenfondsdetailhandel.nl/content/Publicaties/Beleggingen-Pensioenfonds-Detailhandel.pdf
Pensioenfonds Detailhandel	Xiaomi Best Time International Ltd	Equity	2026	134.851	EUR	https://pensioenfondsdetailhandel.nl/content/Publicaties/Beleggingen-Pensioenfonds-Detailhandel.pdf
Pensioenfonds Detailhandel	Xylem Inc/NY	Equity	2026	252.469	EUR	https://pensioenfondsdetailhandel.nl/content/Publicaties/Beleggingen-Pensioenfonds-Detailhandel.pdf
Pensioenfonds Detailhandel	1011778 BC ULC / New Red Finance Inc	Equity	2026	5.504.071	EUR	https://pensioenfondsdetailhandel.nl/content/Publicaties/Beleggingen-Pensioenfonds-Detailhandel.pdf
Pensioenfonds Detailhandel	1261229 BC Ltd	Equity	2026	8.992.748	EUR	https://pensioenfondsdetailhandel.nl/content/Publicaties/Beleggingen-Pensioenfonds-Detailhandel.pdf
Pensioenfonds Detailhandel	888 Acquisitions Ltd	Equity	2026	1.224.565	EUR	https://pensioenfondsdetailhandel.nl/content/Publicaties/Beleggingen-Pensioenfonds-Detailhandel.pdf
Pensioenfonds Detailhandel	A2A SpA	Equity	2026	4.183.347	EUR	https://pensioenfondsdetailhandel.nl/content/Publicaties/Beleggingen-Pensioenfonds-Detailhandel.pdf
Pensioenfonds Detailhandel	AAR Escrow Issuer LLC	Equity	2026	567.014	EUR	https://pensioenfondsdetailhandel.nl/content/Publicaties/Beleggingen-Pensioenfonds-Detailhandel.pdf
Pensioenfonds Detailhandel	Abertis Infraestructuras Finance BV	Equity	2026	700.687	EUR	https://pensioenfondsdetailhandel.nl/content/Publicaties/Beleggingen-Pensioenfonds-Detailhandel.pdf
Pensioenfonds Detailhandel	Acadia Healthcare Co Inc	Equity	2026	445.713	EUR	https://pensioenfondsdetailhandel.nl/content/Publicaties/Beleggingen-Pensioenfonds-Detailhandel.pdf
Pensioenfonds Detailhandel	Accendra Health Inc	Equity	2026	352.405	EUR	https://pensioenfondsdetailhandel.nl/content/Publicaties/Beleggingen-Pensioenfonds-Detailhandel.pdf
Pensioenfonds Detailhandel	ACCO Brands Corp	Equity	2026	427.060	EUR	https://pensioenfondsdetailhandel.nl/content/Publicaties/Beleggingen-Pensioenfonds-Detailhandel.pdf
Pensioenfonds Detailhandel	Accor SA	Equity	2026	1.074.772	EUR	https://pensioenfondsdetailhandel.nl/content/Publicaties/Beleggingen-Pensioenfonds-Detailhandel.pdf
Pensioenfonds Detailhandel	ACProducts Holdings Inc	Equity	2026	70.755	EUR	https://pensioenfondsdetailhandel.nl/content/Publicaties/Beleggingen-Pensioenfonds-Detailhandel.pdf
Pensioenfonds Detailhandel	ACS Actividades de Construccion y Servic	Equity	2026	1.229.048	EUR	https://pensioenfondsdetailhandel.nl/content/Publicaties/Beleggingen-Pensioenfonds-Detailhandel.pdf
Pensioenfonds Detailhandel	Acu Petroleo Luxembourg Sarl	Equity	2026	188.947	EUR	https://pensioenfondsdetailhandel.nl/content/Publicaties/Beleggingen-Pensioenfonds-Detailhandel.pdf
Pensioenfonds Detailhandel	Acushnet Co	Equity	2026	439.206	EUR	https://pensioenfondsdetailhandel.nl/content/Publicaties/Beleggingen-Pensioenfonds-Detailhandel.pdf
Pensioenfonds Detailhandel	AdaptHealth LLC	Equity	2026	379.702	EUR	https://pensioenfondsdetailhandel.nl/content/Publicaties/Beleggingen-Pensioenfonds-Detailhandel.pdf
Pensioenfonds Detailhandel	Adecoagro SA	Equity	2026	518.877	EUR	https://pensioenfondsdetailhandel.nl/content/Publicaties/Beleggingen-Pensioenfonds-Detailhandel.pdf
Pensioenfonds Detailhandel	Adient Global Holdings Ltd	Equity	2026	1.599.657	EUR	https://pensioenfondsdetailhandel.nl/content/Publicaties/Beleggingen-Pensioenfonds-Detailhandel.pdf
Pensioenfonds Detailhandel	ADM Elektrik Dagitim AS	Equity	2026	336.084	EUR	https://pensioenfondsdetailhandel.nl/content/Publicaties/Beleggingen-Pensioenfonds-Detailhandel.pdf
Pensioenfonds Detailhandel	ADT Security Corp/The	Equity	2026	2.117.620	EUR	https://pensioenfondsdetailhandel.nl/content/Publicaties/Beleggingen-Pensioenfonds-Detailhandel.pdf
Pensioenfonds Detailhandel	Advance Auto Parts Inc	Equity	2026	1.334.277	EUR	https://pensioenfondsdetailhandel.nl/content/Publicaties/Beleggingen-Pensioenfonds-Detailhandel.pdf
Pensioenfonds Detailhandel	Advanced Drainage Systems Inc	Equity	2026	2.002.867	EUR	https://pensioenfondsdetailhandel.nl/content/Publicaties/Beleggingen-Pensioenfonds-Detailhandel.pdf
Pensioenfonds Detailhandel	Advantage Sales & Marketing Inc	Equity	2026	307.113	EUR	https://pensioenfondsdetailhandel.nl/content/Publicaties/Beleggingen-Pensioenfonds-Detailhandel.pdf
Pensioenfonds Detailhandel	AECOM	Equity	2026	1.584.891	EUR	https://pensioenfondsdetailhandel.nl/content/Publicaties/Beleggingen-Pensioenfonds-Detailhandel.pdf
Pensioenfonds Detailhandel	Aegea Finance Sarl	Equity	2026	3.573.426	EUR	https://pensioenfondsdetailhandel.nl/content/Publicaties/Beleggingen-Pensioenfonds-Detailhandel.pdf
Pensioenfonds Detailhandel	Aegis Lux 1a Sarl	Equity	2026	304.096	EUR	https://pensioenfondsdetailhandel.nl/content/Publicaties/Beleggingen-Pensioenfonds-Detailhandel.pdf
Pensioenfonds Detailhandel	Aeropuertos Dominicanos Siglo XXI SA	Equity	2026	899.657	EUR	https://pensioenfondsdetailhandel.nl/content/Publicaties/Beleggingen-Pensioenfonds-Detailhandel.pdf
Pensioenfonds Detailhandel	AES Andes SA	Equity	2026	186.569	EUR	https://pensioenfondsdetailhandel.nl/content/Publicaties/Beleggingen-Pensioenfonds-Detailhandel.pdf
Pensioenfonds Detailhandel	AES Corp/The	Equity	2026	4.321.734	EUR	https://pensioenfondsdetailhandel.nl/content/Publicaties/Beleggingen-Pensioenfonds-Detailhandel.pdf
Pensioenfonds Detailhandel	Aethon United BR LP / Aethon United Fina	Equity	2026	263.505	EUR	https://pensioenfondsdetailhandel.nl/content/Publicaties/Beleggingen-Pensioenfonds-Detailhandel.pdf
Pensioenfonds Detailhandel	Affinity Interactive	Equity	2026	32.445	EUR	https://pensioenfondsdetailhandel.nl/content/Publicaties/Beleggingen-Pensioenfonds-Detailhandel.pdf
Pensioenfonds Detailhandel	Agrifarma SpA	Equity	2026	253.242	EUR	https://pensioenfondsdetailhandel.nl/content/Publicaties/Beleggingen-Pensioenfonds-Detailhandel.pdf
Pensioenfonds Detailhandel	Air France-KLM	Equity	2026	1.143.120	EUR	https://pensioenfondsdetailhandel.nl/content/Publicaties/Beleggingen-Pensioenfonds-Detailhandel.pdf
Pensioenfonds Detailhandel	Albertsons Cos Inc	Equity	2026	862.467	EUR	https://pensioenfondsdetailhandel.nl/content/Publicaties/Beleggingen-Pensioenfonds-Detailhandel.pdf
Pensioenfonds Detailhandel	Albertsons Cos Inc / Safeway Inc / New A	Equity	2026	4.193.549	EUR	https://pensioenfondsdetailhandel.nl/content/Publicaties/Beleggingen-Pensioenfonds-Detailhandel.pdf
Pensioenfonds Detailhandel	Albion Financing 1 SARL / Aggreko Holdin	Equity	2026	603.354	EUR	https://pensioenfondsdetailhandel.nl/content/Publicaties/Beleggingen-Pensioenfonds-Detailhandel.pdf
Pensioenfonds Detailhandel	Alcoa Nederland Holding BV	Equity	2026	4.830.860	EUR	https://pensioenfondsdetailhandel.nl/content/Publicaties/Beleggingen-Pensioenfonds-Detailhandel.pdf
Pensioenfonds Detailhandel	Allen Media LLC / Allen Media Co-Issuer	Equity	2026	45.394	EUR	https://pensioenfondsdetailhandel.nl/content/Publicaties/Beleggingen-Pensioenfonds-Detailhandel.pdf
Pensioenfonds Detailhandel	Allied Universal Holdco LLC	Equity	2026	614.536	EUR	https://pensioenfondsdetailhandel.nl/content/Publicaties/Beleggingen-Pensioenfonds-Detailhandel.pdf
Pensioenfonds Detailhandel	Allied Universal Holdco LLC / Allied Uni	Equity	2026	722.386	EUR	https://pensioenfondsdetailhandel.nl/content/Publicaties/Beleggingen-Pensioenfonds-Detailhandel.pdf
Pensioenfonds Detailhandel	Allied Universal Holdco LLC/Allied Unive	Equity	2026	533.358	EUR	https://pensioenfondsdetailhandel.nl/content/Publicaties/Beleggingen-Pensioenfonds-Detailhandel.pdf
Pensioenfonds Detailhandel	Allison Transmission Inc	Equity	2026	1.445.194	EUR	https://pensioenfondsdetailhandel.nl/content/Publicaties/Beleggingen-Pensioenfonds-Detailhandel.pdf
Pensioenfonds Detailhandel	Allwyn Entertainment Financing UK PLC	Equity	2026	3.488.987	EUR	https://pensioenfondsdetailhandel.nl/content/Publicaties/Beleggingen-Pensioenfonds-Detailhandel.pdf
Pensioenfonds Detailhandel	Almaviva-The Italian Innovation Co SpA	Equity	2026	291.528	EUR	https://pensioenfondsdetailhandel.nl/content/Publicaties/Beleggingen-Pensioenfonds-Detailhandel.pdf
Pensioenfonds Detailhandel	Alpek SAB de CV	Equity	2026	1.067.018	EUR	https://pensioenfondsdetailhandel.nl/content/Publicaties/Beleggingen-Pensioenfonds-Detailhandel.pdf
Pensioenfonds Detailhandel	Alpha Generation LLC	Equity	2026	1.548.730	EUR	https://pensioenfondsdetailhandel.nl/content/Publicaties/Beleggingen-Pensioenfonds-Detailhandel.pdf
Pensioenfonds Detailhandel	Alpha Star Holding IX Ltd	Equity	2026	166.701	EUR	https://pensioenfondsdetailhandel.nl/content/Publicaties/Beleggingen-Pensioenfonds-Detailhandel.pdf
Pensioenfonds Detailhandel	Alpha Star Holding VIII Ltd	Equity	2026	178.755	EUR	https://pensioenfondsdetailhandel.nl/content/Publicaties/Beleggingen-Pensioenfonds-Detailhandel.pdf
Pensioenfonds Detailhandel	Alpha Star Holding X Ltd	Equity	2026	160.385	EUR	https://pensioenfondsdetailhandel.nl/content/Publicaties/Beleggingen-Pensioenfonds-Detailhandel.pdf
Pensioenfonds Detailhandel	Alstom SA	Equity	2026	3.194.602	EUR	https://pensioenfondsdetailhandel.nl/content/Publicaties/Beleggingen-Pensioenfonds-Detailhandel.pdf
Pensioenfonds Detailhandel	AltaGas Ltd	Equity	2026	1.181.505	EUR	https://pensioenfondsdetailhandel.nl/content/Publicaties/Beleggingen-Pensioenfonds-Detailhandel.pdf
Pensioenfonds Detailhandel	Altice Financing SA	Equity	2026	3.869.406	EUR	https://pensioenfondsdetailhandel.nl/content/Publicaties/Beleggingen-Pensioenfonds-Detailhandel.pdf
Pensioenfonds Detailhandel	Altice Finco SA	Equity	2026	134.983	EUR	https://pensioenfondsdetailhandel.nl/content/Publicaties/Beleggingen-Pensioenfonds-Detailhandel.pdf
Pensioenfonds Detailhandel	Altice France Lux 3 / Altice Holdings 1	Equity	2026	1.179.655	EUR	https://pensioenfondsdetailhandel.nl/content/Publicaties/Beleggingen-Pensioenfonds-Detailhandel.pdf
Pensioenfonds Detailhandel	Altice France SA	Equity	2026	1.326.182	EUR	https://pensioenfondsdetailhandel.nl/content/Publicaties/Beleggingen-Pensioenfonds-Detailhandel.pdf
Pensioenfonds Detailhandel	Alumina Pty Ltd	Equity	2026	1.781.971	EUR	https://pensioenfondsdetailhandel.nl/content/Publicaties/Beleggingen-Pensioenfonds-Detailhandel.pdf
Pensioenfonds Detailhandel	AMC Networks Inc	Equity	2026	237.340	EUR	https://pensioenfondsdetailhandel.nl/content/Publicaties/Beleggingen-Pensioenfonds-Detailhandel.pdf
Pensioenfonds Detailhandel	American Airlines Inc	Equity	2026	290.692	EUR	https://pensioenfondsdetailhandel.nl/content/Publicaties/Beleggingen-Pensioenfonds-Detailhandel.pdf
Pensioenfonds Detailhandel	American Airlines Inc/AAdvantage Loyalty	Equity	2026	903.555	EUR	https://pensioenfondsdetailhandel.nl/content/Publicaties/Beleggingen-Pensioenfonds-Detailhandel.pdf
Pensioenfonds Detailhandel	American Axle & Manufacturing Inc	Equity	2026	3.762.693	EUR	https://pensioenfondsdetailhandel.nl/content/Publicaties/Beleggingen-Pensioenfonds-Detailhandel.pdf
Pensioenfonds Detailhandel	AmeriGas Partners LP / AmeriGas Finance	Equity	2026	1.024.155	EUR	https://pensioenfondsdetailhandel.nl/content/Publicaties/Beleggingen-Pensioenfonds-Detailhandel.pdf
Pensioenfonds Detailhandel	AmeriTex HoldCo Intermediate LLC	Equity	2026	321.044	EUR	https://pensioenfondsdetailhandel.nl/content/Publicaties/Beleggingen-Pensioenfonds-Detailhandel.pdf
Pensioenfonds Detailhandel	Amkor Technology Inc	Equity	2026	597.053	EUR	https://pensioenfondsdetailhandel.nl/content/Publicaties/Beleggingen-Pensioenfonds-Detailhandel.pdf
Pensioenfonds Detailhandel	Amneal Pharmaceuticals LLC	Equity	2026	1.038.919	EUR	https://pensioenfondsdetailhandel.nl/content/Publicaties/Beleggingen-Pensioenfonds-Detailhandel.pdf
Pensioenfonds Detailhandel	ams-OSRAM AG	Equity	2026	104.528	EUR	https://pensioenfondsdetailhandel.nl/content/Publicaties/Beleggingen-Pensioenfonds-Detailhandel.pdf
Pensioenfonds Detailhandel	Amsted Industries Inc	Equity	2026	87.466	EUR	https://pensioenfondsdetailhandel.nl/content/Publicaties/Beleggingen-Pensioenfonds-Detailhandel.pdf
Pensioenfonds Detailhandel	Anadolu Efes Biracilik Ve Malt Sanayii A	Equity	2026	564.840	EUR	https://pensioenfondsdetailhandel.nl/content/Publicaties/Beleggingen-Pensioenfonds-Detailhandel.pdf
Pensioenfonds Detailhandel	ANGI Group LLC	Equity	2026	159.248	EUR	https://pensioenfondsdetailhandel.nl/content/Publicaties/Beleggingen-Pensioenfonds-Detailhandel.pdf
Pensioenfonds Detailhandel	Anywhere Real Estate Group LLC / Anywher	Equity	2026	666.744	EUR	https://pensioenfondsdetailhandel.nl/content/Publicaties/Beleggingen-Pensioenfonds-Detailhandel.pdf
Pensioenfonds Detailhandel	Anywhere Real Estate Group LLC / Realogy	Equity	2026	1.099.314	EUR	https://pensioenfondsdetailhandel.nl/content/Publicaties/Beleggingen-Pensioenfonds-Detailhandel.pdf
Pensioenfonds Detailhandel	APLD ComputeCo 2 LLC	Equity	2026	462.777	EUR	https://pensioenfondsdetailhandel.nl/content/Publicaties/Beleggingen-Pensioenfonds-Detailhandel.pdf
Pensioenfonds Detailhandel	APLD ComputeCo LLC	Equity	2026	2.216.244	EUR	https://pensioenfondsdetailhandel.nl/content/Publicaties/Beleggingen-Pensioenfonds-Detailhandel.pdf
Pensioenfonds Detailhandel	Aramark Services Inc	Equity	2026	1.844.432	EUR	https://pensioenfondsdetailhandel.nl/content/Publicaties/Beleggingen-Pensioenfonds-Detailhandel.pdf
Pensioenfonds Detailhandel	Arcelik AS	Equity	2026	1.968.838	EUR	https://pensioenfondsdetailhandel.nl/content/Publicaties/Beleggingen-Pensioenfonds-Detailhandel.pdf
Pensioenfonds Detailhandel	Arches Buyer Inc	Equity	2026	275.716	EUR	https://pensioenfondsdetailhandel.nl/content/Publicaties/Beleggingen-Pensioenfonds-Detailhandel.pdf
Pensioenfonds Detailhandel	Archrock Partners LP / Archrock Partners	Equity	2026	2.070.927	EUR	https://pensioenfondsdetailhandel.nl/content/Publicaties/Beleggingen-Pensioenfonds-Detailhandel.pdf
Pensioenfonds Detailhandel	Archrock Services LP / Archrock Partners	Equity	2026	800.723	EUR	https://pensioenfondsdetailhandel.nl/content/Publicaties/Beleggingen-Pensioenfonds-Detailhandel.pdf
Pensioenfonds Detailhandel	Arcosa Inc	Equity	2026	385.674	EUR	https://pensioenfondsdetailhandel.nl/content/Publicaties/Beleggingen-Pensioenfonds-Detailhandel.pdf
Pensioenfonds Detailhandel	ARD Finance SA	Equity	2026	0	EUR	https://pensioenfondsdetailhandel.nl/content/Publicaties/Beleggingen-Pensioenfonds-Detailhandel.pdf
Pensioenfonds Detailhandel	Ardagh Group SA	Equity	2026	4.776.238	EUR	https://pensioenfondsdetailhandel.nl/content/Publicaties/Beleggingen-Pensioenfonds-Detailhandel.pdf
Pensioenfonds Detailhandel	Ardagh Metal Packaging Finance USA LLC /	Equity	2026	11.162.977	EUR	https://pensioenfondsdetailhandel.nl/content/Publicaties/Beleggingen-Pensioenfonds-Detailhandel.pdf
Pensioenfonds Detailhandel	Arqiva Broadcast Finance PLC	Equity	2026	147.772	EUR	https://pensioenfondsdetailhandel.nl/content/Publicaties/Beleggingen-Pensioenfonds-Detailhandel.pdf
Pensioenfonds Detailhandel	Arsenal AIC Parent LLC	Equity	2026	307.671	EUR	https://pensioenfondsdetailhandel.nl/content/Publicaties/Beleggingen-Pensioenfonds-Detailhandel.pdf
Pensioenfonds Detailhandel	Artera Services LLC	Equity	2026	120.416	EUR	https://pensioenfondsdetailhandel.nl/content/Publicaties/Beleggingen-Pensioenfonds-Detailhandel.pdf
Pensioenfonds Detailhandel	Asbury Automotive Group Inc	Equity	2026	457.294	EUR	https://pensioenfondsdetailhandel.nl/content/Publicaties/Beleggingen-Pensioenfonds-Detailhandel.pdf
Pensioenfonds Detailhandel	Ascent Resources Utica Holdings LLC / AR	Equity	2026	286.610	EUR	https://pensioenfondsdetailhandel.nl/content/Publicaties/Beleggingen-Pensioenfonds-Detailhandel.pdf
Pensioenfonds Detailhandel	ASGN Inc	Equity	2026	778.389	EUR	https://pensioenfondsdetailhandel.nl/content/Publicaties/Beleggingen-Pensioenfonds-Detailhandel.pdf
Pensioenfonds Detailhandel	Ashland Services BV	Equity	2026	944.871	EUR	https://pensioenfondsdetailhandel.nl/content/Publicaties/Beleggingen-Pensioenfonds-Detailhandel.pdf
Pensioenfonds Detailhandel	Aston Martin Capital Holdings Ltd	Equity	2026	1.589.180	EUR	https://pensioenfondsdetailhandel.nl/content/Publicaties/Beleggingen-Pensioenfonds-Detailhandel.pdf
Pensioenfonds Detailhandel	AthenaHealth Group Inc	Equity	2026	390.376	EUR	https://pensioenfondsdetailhandel.nl/content/Publicaties/Beleggingen-Pensioenfonds-Detailhandel.pdf
Pensioenfonds Detailhandel	Atos SE	Equity	2026	2.265.143	EUR	https://pensioenfondsdetailhandel.nl/content/Publicaties/Beleggingen-Pensioenfonds-Detailhandel.pdf
Pensioenfonds Detailhandel	ATP Tower Holdings / Andean Telecom Part	Equity	2026	177.904	EUR	https://pensioenfondsdetailhandel.nl/content/Publicaties/Beleggingen-Pensioenfonds-Detailhandel.pdf
Pensioenfonds Detailhandel	Avantor Funding Inc	Equity	2026	3.728.363	EUR	https://pensioenfondsdetailhandel.nl/content/Publicaties/Beleggingen-Pensioenfonds-Detailhandel.pdf
Pensioenfonds Detailhandel	Avianca Midco 2 PLC	Equity	2026	480.665	EUR	https://pensioenfondsdetailhandel.nl/content/Publicaties/Beleggingen-Pensioenfonds-Detailhandel.pdf
Pensioenfonds Detailhandel	Avient Corp	Equity	2026	2.114.440	EUR	https://pensioenfondsdetailhandel.nl/content/Publicaties/Beleggingen-Pensioenfonds-Detailhandel.pdf
Pensioenfonds Detailhandel	Avis Budget Car Rental LLC / Avis Budget	Equity	2026	3.484.099	EUR	https://pensioenfondsdetailhandel.nl/content/Publicaties/Beleggingen-Pensioenfonds-Detailhandel.pdf
Pensioenfonds Detailhandel	Avis Budget Finance Plc	Equity	2026	1.704.694	EUR	https://pensioenfondsdetailhandel.nl/content/Publicaties/Beleggingen-Pensioenfonds-Detailhandel.pdf
Pensioenfonds Detailhandel	Axalta Coating Systems Dutch Holding B B	Equity	2026	745.083	EUR	https://pensioenfondsdetailhandel.nl/content/Publicaties/Beleggingen-Pensioenfonds-Detailhandel.pdf
Pensioenfonds Detailhandel	Axalta Coating Systems LLC	Equity	2026	928.041	EUR	https://pensioenfondsdetailhandel.nl/content/Publicaties/Beleggingen-Pensioenfonds-Detailhandel.pdf
Pensioenfonds Detailhandel	Axalta Coating Systems LLC / Axalta Coat	Equity	2026	743.046	EUR	https://pensioenfondsdetailhandel.nl/content/Publicaties/Beleggingen-Pensioenfonds-Detailhandel.pdf
Pensioenfonds Detailhandel	Axia Energia	Equity	2026	1.723.156	EUR	https://pensioenfondsdetailhandel.nl/content/Publicaties/Beleggingen-Pensioenfonds-Detailhandel.pdf
Pensioenfonds Detailhandel	Axian Telecom Holding & Management PLC	Equity	2026	531.580	EUR	https://pensioenfondsdetailhandel.nl/content/Publicaties/Beleggingen-Pensioenfonds-Detailhandel.pdf
Pensioenfonds Detailhandel	Axon Enterprise Inc	Equity	2026	708.810	EUR	https://pensioenfondsdetailhandel.nl/content/Publicaties/Beleggingen-Pensioenfonds-Detailhandel.pdf
Pensioenfonds Detailhandel	Aydem Yenilenebilir Enerji AS	Equity	2026	3.217.782	EUR	https://pensioenfondsdetailhandel.nl/content/Publicaties/Beleggingen-Pensioenfonds-Detailhandel.pdf
Pensioenfonds Detailhandel	Azelis Finance NV	Equity	2026	575.810	EUR	https://pensioenfondsdetailhandel.nl/content/Publicaties/Beleggingen-Pensioenfonds-Detailhandel.pdf
Pensioenfonds Detailhandel	Azorra Finance Ltd	Equity	2026	133.440	EUR	https://pensioenfondsdetailhandel.nl/content/Publicaties/Beleggingen-Pensioenfonds-Detailhandel.pdf
Pensioenfonds Detailhandel	Azul Secured Finance LLP	Equity	2026	322.674	EUR	https://pensioenfondsdetailhandel.nl/content/Publicaties/Beleggingen-Pensioenfonds-Detailhandel.pdf
Pensioenfonds Detailhandel	Azule Energy Finance Plc	Equity	2026	710.988	EUR	https://pensioenfondsdetailhandel.nl/content/Publicaties/Beleggingen-Pensioenfonds-Detailhandel.pdf
Pensioenfonds Detailhandel	B&G Foods Inc	Equity	2026	1.086.422	EUR	https://pensioenfondsdetailhandel.nl/content/Publicaties/Beleggingen-Pensioenfonds-Detailhandel.pdf
Pensioenfonds Detailhandel	B&M European Value Retail plc	Equity	2026	1.053.712	EUR	https://pensioenfondsdetailhandel.nl/content/Publicaties/Beleggingen-Pensioenfonds-Detailhandel.pdf
Pensioenfonds Detailhandel	Baffinland Iron Mines Corp / Baffinland	Equity	2026	129.441	EUR	https://pensioenfondsdetailhandel.nl/content/Publicaties/Beleggingen-Pensioenfonds-Detailhandel.pdf
Pensioenfonds Detailhandel	Ball Corp	Equity	2026	8.319.091	EUR	https://pensioenfondsdetailhandel.nl/content/Publicaties/Beleggingen-Pensioenfonds-Detailhandel.pdf
Pensioenfonds Detailhandel	Banijay Entertainment SAS	Equity	2026	211.373	EUR	https://pensioenfondsdetailhandel.nl/content/Publicaties/Beleggingen-Pensioenfonds-Detailhandel.pdf
Pensioenfonds Detailhandel	Bath & Body Works Inc	Equity	2026	3.454.281	EUR	https://pensioenfondsdetailhandel.nl/content/Publicaties/Beleggingen-Pensioenfonds-Detailhandel.pdf
Pensioenfonds Detailhandel	Bausch	Sanctionized	2026		EUR	https://pensioenfondsdetailhandel.nl/content/Publicaties/Beleggingen-Pensioenfonds-Detailhandel.pdf
Pensioenfonds Detailhandel	Bausch Health Americas Inc	Equity	2026	549.461	EUR	https://pensioenfondsdetailhandel.nl/content/Publicaties/Beleggingen-Pensioenfonds-Detailhandel.pdf
Pensioenfonds Detailhandel	Bausch Health Cos Inc	Equity	2026	3.282.832	EUR	https://pensioenfondsdetailhandel.nl/content/Publicaties/Beleggingen-Pensioenfonds-Detailhandel.pdf
Pensioenfonds Detailhandel	Bayer AG	Equity	2026	9.161.225	EUR	https://pensioenfondsdetailhandel.nl/content/Publicaties/Beleggingen-Pensioenfonds-Detailhandel.pdf
Pensioenfonds Detailhandel	BCPE Flavor Debt Merger Sub LLC and BCPE	Equity	2026	113.070	EUR	https://pensioenfondsdetailhandel.nl/content/Publicaties/Beleggingen-Pensioenfonds-Detailhandel.pdf
Pensioenfonds Detailhandel	Beach Acquisition Bidco LLC	Equity	2026	798.584	EUR	https://pensioenfondsdetailhandel.nl/content/Publicaties/Beleggingen-Pensioenfonds-Detailhandel.pdf
Pensioenfonds Detailhandel	Beacon Mobility Corp	Equity	2026	136.051	EUR	https://pensioenfondsdetailhandel.nl/content/Publicaties/Beleggingen-Pensioenfonds-Detailhandel.pdf
Pensioenfonds Detailhandel	Bellis Acquisition Co PLC	Equity	2026	960.161	EUR	https://pensioenfondsdetailhandel.nl/content/Publicaties/Beleggingen-Pensioenfonds-Detailhandel.pdf
Pensioenfonds Detailhandel	BellRing Brands Inc	Equity	2026	740.206	EUR	https://pensioenfondsdetailhandel.nl/content/Publicaties/Beleggingen-Pensioenfonds-Detailhandel.pdf
Pensioenfonds Detailhandel	Belron UK Finance PLC	Equity	2026	1.056.164	EUR	https://pensioenfondsdetailhandel.nl/content/Publicaties/Beleggingen-Pensioenfonds-Detailhandel.pdf
Pensioenfonds Detailhandel	Benteler International Austria GmbH	Equity	2026	132.604	EUR	https://pensioenfondsdetailhandel.nl/content/Publicaties/Beleggingen-Pensioenfonds-Detailhandel.pdf
Pensioenfonds Detailhandel	Betclic Everest Group SAS	Equity	2026	199.441	EUR	https://pensioenfondsdetailhandel.nl/content/Publicaties/Beleggingen-Pensioenfonds-Detailhandel.pdf
Pensioenfonds Detailhandel	Bidvest Group UK PLC/The	Equity	2026	519.780	EUR	https://pensioenfondsdetailhandel.nl/content/Publicaties/Beleggingen-Pensioenfonds-Detailhandel.pdf
Pensioenfonds Detailhandel	BioMarin Pharmaceutical Inc	Equity	2026	860.999	EUR	https://pensioenfondsdetailhandel.nl/content/Publicaties/Beleggingen-Pensioenfonds-Detailhandel.pdf
Pensioenfonds Detailhandel	Black Pearl Compute LLC	Equity	2026	1.781.468	EUR	https://pensioenfondsdetailhandel.nl/content/Publicaties/Beleggingen-Pensioenfonds-Detailhandel.pdf
Pensioenfonds Detailhandel	Block Inc	Equity	2026	6.445.697	EUR	https://pensioenfondsdetailhandel.nl/content/Publicaties/Beleggingen-Pensioenfonds-Detailhandel.pdf
Pensioenfonds Detailhandel	Blue Racer Midstream LLC / Blue Racer Fi	Equity	2026	638.173	EUR	https://pensioenfondsdetailhandel.nl/content/Publicaties/Beleggingen-Pensioenfonds-Detailhandel.pdf
Pensioenfonds Detailhandel	Bombardier Inc	Equity	2026	5.163.779	EUR	https://pensioenfondsdetailhandel.nl/content/Publicaties/Beleggingen-Pensioenfonds-Detailhandel.pdf
Pensioenfonds Detailhandel	Boots Group Finco LP	Equity	2026	100.356	EUR	https://pensioenfondsdetailhandel.nl/content/Publicaties/Beleggingen-Pensioenfonds-Detailhandel.pdf
Pensioenfonds Detailhandel	Boparan Finance PLC	Equity	2026	251.366	EUR	https://pensioenfondsdetailhandel.nl/content/Publicaties/Beleggingen-Pensioenfonds-Detailhandel.pdf
Pensioenfonds Detailhandel	Boyd Gaming Corp	Equity	2026	2.284.430	EUR	https://pensioenfondsdetailhandel.nl/content/Publicaties/Beleggingen-Pensioenfonds-Detailhandel.pdf
Pensioenfonds Detailhandel	Boyne USA Inc	Equity	2026	171.488	EUR	https://pensioenfondsdetailhandel.nl/content/Publicaties/Beleggingen-Pensioenfonds-Detailhandel.pdf
Pensioenfonds Detailhandel	Brand Industrial Services Inc	Equity	2026	347.525	EUR	https://pensioenfondsdetailhandel.nl/content/Publicaties/Beleggingen-Pensioenfonds-Detailhandel.pdf
Pensioenfonds Detailhandel	Braskem Netherlands Finance BV	Equity	2026	930.600	EUR	https://pensioenfondsdetailhandel.nl/content/Publicaties/Beleggingen-Pensioenfonds-Detailhandel.pdf
Pensioenfonds Detailhandel	BRF SA	Equity	2026	1.339.565	EUR	https://pensioenfondsdetailhandel.nl/content/Publicaties/Beleggingen-Pensioenfonds-Detailhandel.pdf
Pensioenfonds Detailhandel	Brightstar Lottery PLC	Equity	2026	2.489.740	EUR	https://pensioenfondsdetailhandel.nl/content/Publicaties/Beleggingen-Pensioenfonds-Detailhandel.pdf
Pensioenfonds Detailhandel	Brightstar Lottery PLC/ Brightstar Globa	Equity	2026	1.287.546	EUR	https://pensioenfondsdetailhandel.nl/content/Publicaties/Beleggingen-Pensioenfonds-Detailhandel.pdf
Pensioenfonds Detailhandel	Brink's Co/The	Equity	2026	459.405	EUR	https://pensioenfondsdetailhandel.nl/content/Publicaties/Beleggingen-Pensioenfonds-Detailhandel.pdf
Pensioenfonds Detailhandel	Bristow Group Inc	Equity	2026	295.639	EUR	https://pensioenfondsdetailhandel.nl/content/Publicaties/Beleggingen-Pensioenfonds-Detailhandel.pdf
Pensioenfonds Detailhandel	British Telecommunications PLC	Equity	2026	5.315.595	EUR	https://pensioenfondsdetailhandel.nl/content/Publicaties/Beleggingen-Pensioenfonds-Detailhandel.pdf
Pensioenfonds Detailhandel	Buckeye Partners LP	Equity	2026	445.713	EUR	https://pensioenfondsdetailhandel.nl/content/Publicaties/Beleggingen-Pensioenfonds-Detailhandel.pdf
Pensioenfonds Detailhandel	Builders FirstSource Inc	Equity	2026	2.939.519	EUR	https://pensioenfondsdetailhandel.nl/content/Publicaties/Beleggingen-Pensioenfonds-Detailhandel.pdf
Pensioenfonds Detailhandel	Bulgarian Energy Holding EAD	Equity	2026	919.305	EUR	https://pensioenfondsdetailhandel.nl/content/Publicaties/Beleggingen-Pensioenfonds-Detailhandel.pdf
Pensioenfonds Detailhandel	CAB SELAS	Equity	2026	586.754	EUR	https://pensioenfondsdetailhandel.nl/content/Publicaties/Beleggingen-Pensioenfonds-Detailhandel.pdf
Pensioenfonds Detailhandel	Cable One Inc	Equity	2026	83.339	EUR	https://pensioenfondsdetailhandel.nl/content/Publicaties/Beleggingen-Pensioenfonds-Detailhandel.pdf
Pensioenfonds Detailhandel	CACI International Inc	Equity	2026	1.025.720	EUR	https://pensioenfondsdetailhandel.nl/content/Publicaties/Beleggingen-Pensioenfonds-Detailhandel.pdf
Pensioenfonds Detailhandel	Caesars Entertainment Inc	Equity	2026	6.241.622	EUR	https://pensioenfondsdetailhandel.nl/content/Publicaties/Beleggingen-Pensioenfonds-Detailhandel.pdf
Pensioenfonds Detailhandel	Calderys Financing LLC	Equity	2026	153.420	EUR	https://pensioenfondsdetailhandel.nl/content/Publicaties/Beleggingen-Pensioenfonds-Detailhandel.pdf
Pensioenfonds Detailhandel	Camelot Return Merger Sub Inc	Equity	2026	201.460	EUR	https://pensioenfondsdetailhandel.nl/content/Publicaties/Beleggingen-Pensioenfonds-Detailhandel.pdf
Pensioenfonds Detailhandel	Canary Wharf Group Investment Holdings P	Equity	2026	383.605	EUR	https://pensioenfondsdetailhandel.nl/content/Publicaties/Beleggingen-Pensioenfonds-Detailhandel.pdf
Pensioenfonds Detailhandel	Canpack SA / Canpack US LLC	Equity	2026	501.959	EUR	https://pensioenfondsdetailhandel.nl/content/Publicaties/Beleggingen-Pensioenfonds-Detailhandel.pdf
Pensioenfonds Detailhandel	Capstone Copper Corp	Equity	2026	431.176	EUR	https://pensioenfondsdetailhandel.nl/content/Publicaties/Beleggingen-Pensioenfonds-Detailhandel.pdf
Pensioenfonds Detailhandel	Carnival Corp	Equity	2026	5.554.650	EUR	https://pensioenfondsdetailhandel.nl/content/Publicaties/Beleggingen-Pensioenfonds-Detailhandel.pdf
Pensioenfonds Detailhandel	Carnival PLC	Equity	2026	340.349	EUR	https://pensioenfondsdetailhandel.nl/content/Publicaties/Beleggingen-Pensioenfonds-Detailhandel.pdf
Pensioenfonds Detailhandel	Carpenter Technology Corp	Equity	2026	1.123.172	EUR	https://pensioenfondsdetailhandel.nl/content/Publicaties/Beleggingen-Pensioenfonds-Detailhandel.pdf
Pensioenfonds Detailhandel	Carvana Co	Equity	2026	803.313	EUR	https://pensioenfondsdetailhandel.nl/content/Publicaties/Beleggingen-Pensioenfonds-Detailhandel.pdf
Pensioenfonds Detailhandel	Castellum AB	Equity	2026	1.897.556	EUR	https://pensioenfondsdetailhandel.nl/content/Publicaties/Beleggingen-Pensioenfonds-Detailhandel.pdf
Pensioenfonds Detailhandel	Caturus Energy LLC	Equity	2026	127.397	EUR	https://pensioenfondsdetailhandel.nl/content/Publicaties/Beleggingen-Pensioenfonds-Detailhandel.pdf
Pensioenfonds Detailhandel	CCO Holdings LLC / CCO Holdings Capital	Equity	2026	15.022.866	EUR	https://pensioenfondsdetailhandel.nl/content/Publicaties/Beleggingen-Pensioenfonds-Detailhandel.pdf
Pensioenfonds Detailhandel	CD&R Firefly Bidco PLC	Equity	2026	660.611	EUR	https://pensioenfondsdetailhandel.nl/content/Publicaties/Beleggingen-Pensioenfonds-Detailhandel.pdf
Pensioenfonds Detailhandel	CD&R Smokey Buyer Inc / Radio Systems Co	Equity	2026	168.451	EUR	https://pensioenfondsdetailhandel.nl/content/Publicaties/Beleggingen-Pensioenfonds-Detailhandel.pdf
Pensioenfonds Detailhandel	CECONOMY AG	Equity	2026	442.786	EUR	https://pensioenfondsdetailhandel.nl/content/Publicaties/Beleggingen-Pensioenfonds-Detailhandel.pdf
Pensioenfonds Detailhandel	Celanese US Holdings LLC	Equity	2026	8.158.902	EUR	https://pensioenfondsdetailhandel.nl/content/Publicaties/Beleggingen-Pensioenfonds-Detailhandel.pdf
Pensioenfonds Detailhandel	Celsa Opco SA	Equity	2026	1.170.851	EUR	https://pensioenfondsdetailhandel.nl/content/Publicaties/Beleggingen-Pensioenfonds-Detailhandel.pdf
Pensioenfonds Detailhandel	Cemex SAB de CV	Equity	2026	352.960	EUR	https://pensioenfondsdetailhandel.nl/content/Publicaties/Beleggingen-Pensioenfonds-Detailhandel.pdf
Pensioenfonds Detailhandel	Central American Bottling Corp / CBC Bot	Equity	2026	777.515	EUR	https://pensioenfondsdetailhandel.nl/content/Publicaties/Beleggingen-Pensioenfonds-Detailhandel.pdf
Pensioenfonds Detailhandel	Central Garden & Pet Co	Equity	2026	374.873	EUR	https://pensioenfondsdetailhandel.nl/content/Publicaties/Beleggingen-Pensioenfonds-Detailhandel.pdf
Pensioenfonds Detailhandel	Central Parent Inc / CDK Global Inc	Equity	2026	128.634	EUR	https://pensioenfondsdetailhandel.nl/content/Publicaties/Beleggingen-Pensioenfonds-Detailhandel.pdf
Pensioenfonds Detailhandel	Central Parent LLC / CDK Global II LLC /	Equity	2026	153.055	EUR	https://pensioenfondsdetailhandel.nl/content/Publicaties/Beleggingen-Pensioenfonds-Detailhandel.pdf
Pensioenfonds Detailhandel	Century Communities Inc	Equity	2026	667.782	EUR	https://pensioenfondsdetailhandel.nl/content/Publicaties/Beleggingen-Pensioenfonds-Detailhandel.pdf
Pensioenfonds Detailhandel	Cerba Healthcare SACA	Equity	2026	875.458	EUR	https://pensioenfondsdetailhandel.nl/content/Publicaties/Beleggingen-Pensioenfonds-Detailhandel.pdf
Pensioenfonds Detailhandel	Cerdia Finanz GmbH	Equity	2026	453.088	EUR	https://pensioenfondsdetailhandel.nl/content/Publicaties/Beleggingen-Pensioenfonds-Detailhandel.pdf
Pensioenfonds Detailhandel	Champ Acquisition Corp	Equity	2026	280.172	EUR	https://pensioenfondsdetailhandel.nl/content/Publicaties/Beleggingen-Pensioenfonds-Detailhandel.pdf
Pensioenfonds Detailhandel	Champion Iron Canada Inc	Equity	2026	833.456	EUR	https://pensioenfondsdetailhandel.nl/content/Publicaties/Beleggingen-Pensioenfonds-Detailhandel.pdf
Pensioenfonds Detailhandel	Champion Path Holdings Ltd	Equity	2026	625.867	EUR	https://pensioenfondsdetailhandel.nl/content/Publicaties/Beleggingen-Pensioenfonds-Detailhandel.pdf
Pensioenfonds Detailhandel	Champions Financing Inc	Equity	2026	118.210	EUR	https://pensioenfondsdetailhandel.nl/content/Publicaties/Beleggingen-Pensioenfonds-Detailhandel.pdf
Pensioenfonds Detailhandel	Charles River Laboratories International	Equity	2026	3.737.413	EUR	https://pensioenfondsdetailhandel.nl/content/Publicaties/Beleggingen-Pensioenfonds-Detailhandel.pdf
Pensioenfonds Detailhandel	Chart Industries Inc	Equity	2026	2.403.180	EUR	https://pensioenfondsdetailhandel.nl/content/Publicaties/Beleggingen-Pensioenfonds-Detailhandel.pdf
Pensioenfonds Detailhandel	CHC Group LLC	Equity	2026	84.979	EUR	https://pensioenfondsdetailhandel.nl/content/Publicaties/Beleggingen-Pensioenfonds-Detailhandel.pdf
Pensioenfonds Detailhandel	Cheplapharm Arzneimittel GmbH	Equity	2026	907.823	EUR	https://pensioenfondsdetailhandel.nl/content/Publicaties/Beleggingen-Pensioenfonds-Detailhandel.pdf
Pensioenfonds Detailhandel	Chobani Holdco II LLC	Equity	2026	190.962	EUR	https://pensioenfondsdetailhandel.nl/content/Publicaties/Beleggingen-Pensioenfonds-Detailhandel.pdf
Pensioenfonds Detailhandel	Chobani LLC / Chobani Finance Corp Inc	Equity	2026	271.026	EUR	https://pensioenfondsdetailhandel.nl/content/Publicaties/Beleggingen-Pensioenfonds-Detailhandel.pdf
Pensioenfonds Detailhandel	Chord Energy Corp	Equity	2026	374.438	EUR	https://pensioenfondsdetailhandel.nl/content/Publicaties/Beleggingen-Pensioenfonds-Detailhandel.pdf
Pensioenfonds Detailhandel	Chrome Holdco SAS	Equity	2026	145.985	EUR	https://pensioenfondsdetailhandel.nl/content/Publicaties/Beleggingen-Pensioenfonds-Detailhandel.pdf
Pensioenfonds Detailhandel	CHS/Community Health Systems Inc	Equity	2026	14.296.143	EUR	https://pensioenfondsdetailhandel.nl/content/Publicaties/Beleggingen-Pensioenfonds-Detailhandel.pdf
Pensioenfonds Detailhandel	Churchill Downs Inc	Equity	2026	529.435	EUR	https://pensioenfondsdetailhandel.nl/content/Publicaties/Beleggingen-Pensioenfonds-Detailhandel.pdf
Pensioenfonds Detailhandel	Cidron Aida Finco Sarl	Equity	2026	170.934	EUR	https://pensioenfondsdetailhandel.nl/content/Publicaties/Beleggingen-Pensioenfonds-Detailhandel.pdf
Pensioenfonds Detailhandel	Cimpress PLC	Equity	2026	457.480	EUR	https://pensioenfondsdetailhandel.nl/content/Publicaties/Beleggingen-Pensioenfonds-Detailhandel.pdf
Pensioenfonds Detailhandel	Cinemark USA Inc	Equity	2026	471.433	EUR	https://pensioenfondsdetailhandel.nl/content/Publicaties/Beleggingen-Pensioenfonds-Detailhandel.pdf
Pensioenfonds Detailhandel	Cirsa Finance International Sarl	Equity	2026	301.927	EUR	https://pensioenfondsdetailhandel.nl/content/Publicaties/Beleggingen-Pensioenfonds-Detailhandel.pdf
Pensioenfonds Detailhandel	CITGO Petroleum Corp	Equity	2026	273.485	EUR	https://pensioenfondsdetailhandel.nl/content/Publicaties/Beleggingen-Pensioenfonds-Detailhandel.pdf
Pensioenfonds Detailhandel	Clarios Global LP / Clarios US Finance C	Equity	2026	4.657.545	EUR	https://pensioenfondsdetailhandel.nl/content/Publicaties/Beleggingen-Pensioenfonds-Detailhandel.pdf
Pensioenfonds Detailhandel	Clarivate Science Holdings Corp	Equity	2026	4.233.908	EUR	https://pensioenfondsdetailhandel.nl/content/Publicaties/Beleggingen-Pensioenfonds-Detailhandel.pdf
Pensioenfonds Detailhandel	Clean Harbors Inc	Equity	2026	1.011.076	EUR	https://pensioenfondsdetailhandel.nl/content/Publicaties/Beleggingen-Pensioenfonds-Detailhandel.pdf
Pensioenfonds Detailhandel	Clear Channel Outdoor Holdings Inc	Equity	2026	5.190.630	EUR	https://pensioenfondsdetailhandel.nl/content/Publicaties/Beleggingen-Pensioenfonds-Detailhandel.pdf
Pensioenfonds Detailhandel	Clearway Energy Operating LLC	Equity	2026	4.811.158	EUR	https://pensioenfondsdetailhandel.nl/content/Publicaties/Beleggingen-Pensioenfonds-Detailhandel.pdf
Pensioenfonds Detailhandel	Cleveland-Cliffs Inc	Equity	2026	842.443	EUR	https://pensioenfondsdetailhandel.nl/content/Publicaties/Beleggingen-Pensioenfonds-Detailhandel.pdf
Pensioenfonds Detailhandel	Cloud Software Group Inc	Equity	2026	2.460.471	EUR	https://pensioenfondsdetailhandel.nl/content/Publicaties/Beleggingen-Pensioenfonds-Detailhandel.pdf
Pensioenfonds Detailhandel	Clue Opco LLC	Equity	2026	613.857	EUR	https://pensioenfondsdetailhandel.nl/content/Publicaties/Beleggingen-Pensioenfonds-Detailhandel.pdf
Pensioenfonds Detailhandel	Clydesdale Acquisition Holdings Inc	Equity	2026	1.028.987	EUR	https://pensioenfondsdetailhandel.nl/content/Publicaties/Beleggingen-Pensioenfonds-Detailhandel.pdf
Pensioenfonds Detailhandel	CMA CGM SA	Equity	2026	291.473	EUR	https://pensioenfondsdetailhandel.nl/content/Publicaties/Beleggingen-Pensioenfonds-Detailhandel.pdf
Pensioenfonds Detailhandel	CMG Media Corp	Equity	2026	177.820	EUR	https://pensioenfondsdetailhandel.nl/content/Publicaties/Beleggingen-Pensioenfonds-Detailhandel.pdf
Pensioenfonds Detailhandel	CNX Resources Corp	Equity	2026	884.509	EUR	https://pensioenfondsdetailhandel.nl/content/Publicaties/Beleggingen-Pensioenfonds-Detailhandel.pdf
Pensioenfonds Detailhandel	Co-operative Group Holdings 2011 Ltd	Equity	2026	121.468	EUR	https://pensioenfondsdetailhandel.nl/content/Publicaties/Beleggingen-Pensioenfonds-Detailhandel.pdf
Pensioenfonds Detailhandel	Coca-Cola Icecek AS	Equity	2026	1.006.454	EUR	https://pensioenfondsdetailhandel.nl/content/Publicaties/Beleggingen-Pensioenfonds-Detailhandel.pdf
Pensioenfonds Detailhandel	Cogent Communications Group LLC / Cogent	Equity	2026	227.366	EUR	https://pensioenfondsdetailhandel.nl/content/Publicaties/Beleggingen-Pensioenfonds-Detailhandel.pdf
Pensioenfonds Detailhandel	Coherent Corp	Equity	2026	1.512.067	EUR	https://pensioenfondsdetailhandel.nl/content/Publicaties/Beleggingen-Pensioenfonds-Detailhandel.pdf
Pensioenfonds Detailhandel	Colombia Telecomunicaciones SA ESP	Equity	2026	477.206	EUR	https://pensioenfondsdetailhandel.nl/content/Publicaties/Beleggingen-Pensioenfonds-Detailhandel.pdf
Pensioenfonds Detailhandel	Columbus McKinnon Corp/NY	Equity	2026	877.984	EUR	https://pensioenfondsdetailhandel.nl/content/Publicaties/Beleggingen-Pensioenfonds-Detailhandel.pdf
Pensioenfonds Detailhandel	Comision Ejecutiva Hidroelectrica del Ri	Equity	2026	677.681	EUR	https://pensioenfondsdetailhandel.nl/content/Publicaties/Beleggingen-Pensioenfonds-Detailhandel.pdf
Pensioenfonds Detailhandel	Commercial Metals Co	Equity	2026	2.799.695	EUR	https://pensioenfondsdetailhandel.nl/content/Publicaties/Beleggingen-Pensioenfonds-Detailhandel.pdf
Pensioenfonds Detailhandel	Compass Minerals International Inc	Equity	2026	485.204	EUR	https://pensioenfondsdetailhandel.nl/content/Publicaties/Beleggingen-Pensioenfonds-Detailhandel.pdf
Pensioenfonds Detailhandel	CompoSecure Holdings LLC	Equity	2026	825.725	EUR	https://pensioenfondsdetailhandel.nl/content/Publicaties/Beleggingen-Pensioenfonds-Detailhandel.pdf
Pensioenfonds Detailhandel	Comstock Resources Inc	Equity	2026	351.136	EUR	https://pensioenfondsdetailhandel.nl/content/Publicaties/Beleggingen-Pensioenfonds-Detailhandel.pdf
Pensioenfonds Detailhandel	Concentra Health Services Inc	Equity	2026	815.263	EUR	https://pensioenfondsdetailhandel.nl/content/Publicaties/Beleggingen-Pensioenfonds-Detailhandel.pdf
Pensioenfonds Detailhandel	Connect Finco SARL / Connect US Finco LL	Equity	2026	1.647.433	EUR	https://pensioenfondsdetailhandel.nl/content/Publicaties/Beleggingen-Pensioenfonds-Detailhandel.pdf
Pensioenfonds Detailhandel	Connect Holding II LLC	Equity	2026	442.704	EUR	https://pensioenfondsdetailhandel.nl/content/Publicaties/Beleggingen-Pensioenfonds-Detailhandel.pdf
Pensioenfonds Detailhandel	Consolidated Energy Finance SA	Equity	2026	1.022.174	EUR	https://pensioenfondsdetailhandel.nl/content/Publicaties/Beleggingen-Pensioenfonds-Detailhandel.pdf
Pensioenfonds Detailhandel	Constellation Oil Services Holding SA	Equity	2026	187.016	EUR	https://pensioenfondsdetailhandel.nl/content/Publicaties/Beleggingen-Pensioenfonds-Detailhandel.pdf
Pensioenfonds Detailhandel	Constellium SE	Equity	2026	990.271	EUR	https://pensioenfondsdetailhandel.nl/content/Publicaties/Beleggingen-Pensioenfonds-Detailhandel.pdf
Pensioenfonds Detailhandel	Continuum Green Energy India Pvt / Co-Is	Equity	2026	2.793.582	EUR	https://pensioenfondsdetailhandel.nl/content/Publicaties/Beleggingen-Pensioenfonds-Detailhandel.pdf
Pensioenfonds Detailhandel	Cooper-Standard Automotive Inc	Equity	2026	324.546	EUR	https://pensioenfondsdetailhandel.nl/content/Publicaties/Beleggingen-Pensioenfonds-Detailhandel.pdf
Pensioenfonds Detailhandel	CoreWeave Inc	Equity	2026	933.076	EUR	https://pensioenfondsdetailhandel.nl/content/Publicaties/Beleggingen-Pensioenfonds-Detailhandel.pdf
Pensioenfonds Detailhandel	Cornerstone Building Brands Inc	Equity	2026	162.383	EUR	https://pensioenfondsdetailhandel.nl/content/Publicaties/Beleggingen-Pensioenfonds-Detailhandel.pdf
Pensioenfonds Detailhandel	Cougar JV Subsidiary LLC	Equity	2026	184.738	EUR	https://pensioenfondsdetailhandel.nl/content/Publicaties/Beleggingen-Pensioenfonds-Detailhandel.pdf
Pensioenfonds Detailhandel	CP Atlas Buyer Inc	Equity	2026	91.494	EUR	https://pensioenfondsdetailhandel.nl/content/Publicaties/Beleggingen-Pensioenfonds-Detailhandel.pdf
Pensioenfonds Detailhandel	CPI Property Group SA	Equity	2026	1.998.674	EUR	https://pensioenfondsdetailhandel.nl/content/Publicaties/Beleggingen-Pensioenfonds-Detailhandel.pdf
Pensioenfonds Detailhandel	CQP Holdco LP / BIP-V Chinook Holdco LLC	Equity	2026	279.654	EUR	https://pensioenfondsdetailhandel.nl/content/Publicaties/Beleggingen-Pensioenfonds-Detailhandel.pdf
Pensioenfonds Detailhandel	Crown Americas LLC	Equity	2026	1.808.641	EUR	https://pensioenfondsdetailhandel.nl/content/Publicaties/Beleggingen-Pensioenfonds-Detailhandel.pdf
Pensioenfonds Detailhandel	Crown European Holdings SACA	Equity	2026	4.331.956	EUR	https://pensioenfondsdetailhandel.nl/content/Publicaties/Beleggingen-Pensioenfonds-Detailhandel.pdf
Pensioenfonds Detailhandel	CSC Holdings LLC	Equity	2026	2.892.854	EUR	https://pensioenfondsdetailhandel.nl/content/Publicaties/Beleggingen-Pensioenfonds-Detailhandel.pdf
Pensioenfonds Detailhandel	CSN Inova Ventures	Equity	2026	258.562	EUR	https://pensioenfondsdetailhandel.nl/content/Publicaties/Beleggingen-Pensioenfonds-Detailhandel.pdf
Pensioenfonds Detailhandel	CSN Resources SA	Equity	2026	456.908	EUR	https://pensioenfondsdetailhandel.nl/content/Publicaties/Beleggingen-Pensioenfonds-Detailhandel.pdf
Pensioenfonds Detailhandel	CT Trust	Equity	2026	816.392	EUR	https://pensioenfondsdetailhandel.nl/content/Publicaties/Beleggingen-Pensioenfonds-Detailhandel.pdf
Pensioenfonds Detailhandel	Currenta Group Holdings Sarl	Equity	2026	178.016	EUR	https://pensioenfondsdetailhandel.nl/content/Publicaties/Beleggingen-Pensioenfonds-Detailhandel.pdf
Pensioenfonds Detailhandel	Cushman & Wakefield US Borrower LLC	Equity	2026	846.725	EUR	https://pensioenfondsdetailhandel.nl/content/Publicaties/Beleggingen-Pensioenfonds-Detailhandel.pdf
Pensioenfonds Detailhandel	CVR Energy Inc	Equity	2026	251.725	EUR	https://pensioenfondsdetailhandel.nl/content/Publicaties/Beleggingen-Pensioenfonds-Detailhandel.pdf
Pensioenfonds Detailhandel	CVR Partners LP / CVR Nitrogen Finance C	Equity	2026	418.180	EUR	https://pensioenfondsdetailhandel.nl/content/Publicaties/Beleggingen-Pensioenfonds-Detailhandel.pdf
Pensioenfonds Detailhandel	CVS Health Corp	Equity	2026	4.578.296	EUR	https://pensioenfondsdetailhandel.nl/content/Publicaties/Beleggingen-Pensioenfonds-Detailhandel.pdf
Pensioenfonds Detailhandel	Darling Global Finance BV	Equity	2026	553.197	EUR	https://pensioenfondsdetailhandel.nl/content/Publicaties/Beleggingen-Pensioenfonds-Detailhandel.pdf
Pensioenfonds Detailhandel	Darling Ingredients Inc	Equity	2026	1.275.088	EUR	https://pensioenfondsdetailhandel.nl/content/Publicaties/Beleggingen-Pensioenfonds-Detailhandel.pdf
Pensioenfonds Detailhandel	DaVita Inc	Equity	2026	4.513.046	EUR	https://pensioenfondsdetailhandel.nl/content/Publicaties/Beleggingen-Pensioenfonds-Detailhandel.pdf
Pensioenfonds Detailhandel	Dcli Bidco LLC	Equity	2026	126.423	EUR	https://pensioenfondsdetailhandel.nl/content/Publicaties/Beleggingen-Pensioenfonds-Detailhandel.pdf
Pensioenfonds Detailhandel	Dealer Tire LLC / DT Issuer LLC	Equity	2026	372.171	EUR	https://pensioenfondsdetailhandel.nl/content/Publicaties/Beleggingen-Pensioenfonds-Detailhandel.pdf
Pensioenfonds Detailhandel	Delek Logistics Partners LP / Delek Logi	Equity	2026	903.784	EUR	https://pensioenfondsdetailhandel.nl/content/Publicaties/Beleggingen-Pensioenfonds-Detailhandel.pdf
Pensioenfonds Detailhandel	Delhi International Airport Ltd	Equity	2026	1.444.383	EUR	https://pensioenfondsdetailhandel.nl/content/Publicaties/Beleggingen-Pensioenfonds-Detailhandel.pdf
Pensioenfonds Detailhandel	Deuce Finco PLC	Equity	2026	347.633	EUR	https://pensioenfondsdetailhandel.nl/content/Publicaties/Beleggingen-Pensioenfonds-Detailhandel.pdf
Pensioenfonds Detailhandel	Deutsche Lufthansa AG	Equity	2026	198.569	EUR	https://pensioenfondsdetailhandel.nl/content/Publicaties/Beleggingen-Pensioenfonds-Detailhandel.pdf
Pensioenfonds Detailhandel	Diamond Foreign Asset Co / Diamond Finan	Equity	2026	120.176	EUR	https://pensioenfondsdetailhandel.nl/content/Publicaties/Beleggingen-Pensioenfonds-Detailhandel.pdf
Pensioenfonds Detailhandel	Diebold Nixdorf Inc	Equity	2026	992.934	EUR	https://pensioenfondsdetailhandel.nl/content/Publicaties/Beleggingen-Pensioenfonds-Detailhandel.pdf
Pensioenfonds Detailhandel	Digi Romania SA	Equity	2026	547.152	EUR	https://pensioenfondsdetailhandel.nl/content/Publicaties/Beleggingen-Pensioenfonds-Detailhandel.pdf
Pensioenfonds Detailhandel	Directv Financing LLC	Equity	2026	2.068.048	EUR	https://pensioenfondsdetailhandel.nl/content/Publicaties/Beleggingen-Pensioenfonds-Detailhandel.pdf
Pensioenfonds Detailhandel	Directv Financing LLC / Directv Financin	Equity	2026	4.154.693	EUR	https://pensioenfondsdetailhandel.nl/content/Publicaties/Beleggingen-Pensioenfonds-Detailhandel.pdf
Pensioenfonds Detailhandel	Discovery Communications LLC	Equity	2026	2.179.642	EUR	https://pensioenfondsdetailhandel.nl/content/Publicaties/Beleggingen-Pensioenfonds-Detailhandel.pdf
Pensioenfonds Detailhandel	Discovery Global Holdings Inc	Equity	2026	7.072.545	EUR	https://pensioenfondsdetailhandel.nl/content/Publicaties/Beleggingen-Pensioenfonds-Detailhandel.pdf
Pensioenfonds Detailhandel	DISH DBS Corp	Equity	2026	2.606.187	EUR	https://pensioenfondsdetailhandel.nl/content/Publicaties/Beleggingen-Pensioenfonds-Detailhandel.pdf
Pensioenfonds Detailhandel	DISH Network Corp	Equity	2026	1.105.226	EUR	https://pensioenfondsdetailhandel.nl/content/Publicaties/Beleggingen-Pensioenfonds-Detailhandel.pdf
Pensioenfonds Detailhandel	Dolcetto Holdco SpA	Equity	2026	174.866	EUR	https://pensioenfondsdetailhandel.nl/content/Publicaties/Beleggingen-Pensioenfonds-Detailhandel.pdf
Pensioenfonds Detailhandel	Domtar Corp	Equity	2026	196.425	EUR	https://pensioenfondsdetailhandel.nl/content/Publicaties/Beleggingen-Pensioenfonds-Detailhandel.pdf
Pensioenfonds Detailhandel	Dornoch Debt Merger Sub Inc	Equity	2026	123.679	EUR	https://pensioenfondsdetailhandel.nl/content/Publicaties/Beleggingen-Pensioenfonds-Detailhandel.pdf
Pensioenfonds Detailhandel	Dufry One BV	Equity	2026	3.809.568	EUR	https://pensioenfondsdetailhandel.nl/content/Publicaties/Beleggingen-Pensioenfonds-Detailhandel.pdf
Pensioenfonds Detailhandel	Dycom Industries Inc	Equity	2026	369.742	EUR	https://pensioenfondsdetailhandel.nl/content/Publicaties/Beleggingen-Pensioenfonds-Detailhandel.pdf
Pensioenfonds Detailhandel	Dye & Durham Ltd	Equity	2026	456.572	EUR	https://pensioenfondsdetailhandel.nl/content/Publicaties/Beleggingen-Pensioenfonds-Detailhandel.pdf
Pensioenfonds Detailhandel	Eastern European Electric Co BV	Equity	2026	484.401	EUR	https://pensioenfondsdetailhandel.nl/content/Publicaties/Beleggingen-Pensioenfonds-Detailhandel.pdf
Pensioenfonds Detailhandel	EC Finance PLC	Equity	2026	649.488	EUR	https://pensioenfondsdetailhandel.nl/content/Publicaties/Beleggingen-Pensioenfonds-Detailhandel.pdf
Pensioenfonds Detailhandel	EchoStar Corp	Equity	2026	1.526.512	EUR	https://pensioenfondsdetailhandel.nl/content/Publicaties/Beleggingen-Pensioenfonds-Detailhandel.pdf
Pensioenfonds Detailhandel	Ecopetrol SA	Equity	2026	19.124.119	EUR	https://pensioenfondsdetailhandel.nl/content/Publicaties/Beleggingen-Pensioenfonds-Detailhandel.pdf
Pensioenfonds Detailhandel	Edge Finco PLC	Equity	2026	237.161	EUR	https://pensioenfondsdetailhandel.nl/content/Publicaties/Beleggingen-Pensioenfonds-Detailhandel.pdf
Pensioenfonds Detailhandel	Edgewell Personal Care Co	Equity	2026	1.677.230	EUR	https://pensioenfondsdetailhandel.nl/content/Publicaties/Beleggingen-Pensioenfonds-Detailhandel.pdf
Pensioenfonds Detailhandel	EDP SA	Equity	2026	7.552.764	EUR	https://pensioenfondsdetailhandel.nl/content/Publicaties/Beleggingen-Pensioenfonds-Detailhandel.pdf
Pensioenfonds Detailhandel	Efesto Bidco SpA Efesto US LLC	Equity	2026	173.894	EUR	https://pensioenfondsdetailhandel.nl/content/Publicaties/Beleggingen-Pensioenfonds-Detailhandel.pdf
Pensioenfonds Detailhandel	EG Global Finance PLC	Equity	2026	289.087	EUR	https://pensioenfondsdetailhandel.nl/content/Publicaties/Beleggingen-Pensioenfonds-Detailhandel.pdf
Pensioenfonds Detailhandel	eircom Finance DAC	Equity	2026	1.070.668	EUR	https://pensioenfondsdetailhandel.nl/content/Publicaties/Beleggingen-Pensioenfonds-Detailhandel.pdf
Pensioenfonds Detailhandel	Elanco Animal Health Inc	Equity	2026	669.227	EUR	https://pensioenfondsdetailhandel.nl/content/Publicaties/Beleggingen-Pensioenfonds-Detailhandel.pdf
Pensioenfonds Detailhandel	Elastic NV	Equity	2026	858.693	EUR	https://pensioenfondsdetailhandel.nl/content/Publicaties/Beleggingen-Pensioenfonds-Detailhandel.pdf
Pensioenfonds Detailhandel	Eldorado Gold Corp	Equity	2026	715.841	EUR	https://pensioenfondsdetailhandel.nl/content/Publicaties/Beleggingen-Pensioenfonds-Detailhandel.pdf
Pensioenfonds Detailhandel	Eldorado	Sanctionized	2026		EUR	https://pensioenfondsdetailhandel.nl/content/Publicaties/Beleggingen-Pensioenfonds-Detailhandel.pdf
Pensioenfonds Detailhandel	Element Solutions Inc	Equity	2026	1.500.647	EUR	https://pensioenfondsdetailhandel.nl/content/Publicaties/Beleggingen-Pensioenfonds-Detailhandel.pdf
Pensioenfonds Detailhandel	Elia Group SA/NV	Equity	2026	1.075.230	EUR	https://pensioenfondsdetailhandel.nl/content/Publicaties/Beleggingen-Pensioenfonds-Detailhandel.pdf
Pensioenfonds Detailhandel	Elior Group SA	Equity	2026	507.034	EUR	https://pensioenfondsdetailhandel.nl/content/Publicaties/Beleggingen-Pensioenfonds-Detailhandel.pdf
Pensioenfonds Detailhandel	Ellucian Holdings Inc	Equity	2026	173.309	EUR	https://pensioenfondsdetailhandel.nl/content/Publicaties/Beleggingen-Pensioenfonds-Detailhandel.pdf
Pensioenfonds Detailhandel	Embarq LLC	Equity	2026	430.810	EUR	https://pensioenfondsdetailhandel.nl/content/Publicaties/Beleggingen-Pensioenfonds-Detailhandel.pdf
Pensioenfonds Detailhandel	Embecta Corp	Equity	2026	383.972	EUR	https://pensioenfondsdetailhandel.nl/content/Publicaties/Beleggingen-Pensioenfonds-Detailhandel.pdf
Pensioenfonds Detailhandel	Empresa de Transmision Electrica SA	Equity	2026	278.268	EUR	https://pensioenfondsdetailhandel.nl/content/Publicaties/Beleggingen-Pensioenfonds-Detailhandel.pdf
Pensioenfonds Detailhandel	EMRLD Borrower LP / Emerald Co-Issuer In	Equity	2026	3.688.562	EUR	https://pensioenfondsdetailhandel.nl/content/Publicaties/Beleggingen-Pensioenfonds-Detailhandel.pdf
Pensioenfonds Detailhandel	Encompass Health Corp	Equity	2026	594.310	EUR	https://pensioenfondsdetailhandel.nl/content/Publicaties/Beleggingen-Pensioenfonds-Detailhandel.pdf
Pensioenfonds Detailhandel	Endo Finance Holdings LP	Equity	2026	2.168.388	EUR	https://pensioenfondsdetailhandel.nl/content/Publicaties/Beleggingen-Pensioenfonds-Detailhandel.pdf
Pensioenfonds Detailhandel	Energean Israel Finance Ltd	Equity	2026	2.848.315	EUR	https://pensioenfondsdetailhandel.nl/content/Publicaties/Beleggingen-Pensioenfonds-Detailhandel.pdf
Pensioenfonds Detailhandel	Energia Group Roi Financeco DAC	Equity	2026	534.114	EUR	https://pensioenfondsdetailhandel.nl/content/Publicaties/Beleggingen-Pensioenfonds-Detailhandel.pdf
Pensioenfonds Detailhandel	Energizer Gamma Acquisition BV	Equity	2026	1.095.335	EUR	https://pensioenfondsdetailhandel.nl/content/Publicaties/Beleggingen-Pensioenfonds-Detailhandel.pdf
Pensioenfonds Detailhandel	Energizer Holdings Inc	Equity	2026	1.879.420	EUR	https://pensioenfondsdetailhandel.nl/content/Publicaties/Beleggingen-Pensioenfonds-Detailhandel.pdf
Pensioenfonds Detailhandel	Energo - Pro as	Equity	2026	3.712.291	EUR	https://pensioenfondsdetailhandel.nl/content/Publicaties/Beleggingen-Pensioenfonds-Detailhandel.pdf
Pensioenfonds Detailhandel	Entain PLC	Equity	2026	1.001.314	EUR	https://pensioenfondsdetailhandel.nl/content/Publicaties/Beleggingen-Pensioenfonds-Detailhandel.pdf
Pensioenfonds Detailhandel	Entegris Inc	Equity	2026	1.470.608	EUR	https://pensioenfondsdetailhandel.nl/content/Publicaties/Beleggingen-Pensioenfonds-Detailhandel.pdf
Pensioenfonds Detailhandel	com Inc	Equity	2026	408.687	EUR	https://pensioenfondsdetailhandel.nl/content/Publicaties/Beleggingen-Pensioenfonds-Detailhandel.pdf
Pensioenfonds Detailhandel	Eroski S Coop	Equity	2026	103.240	EUR	https://pensioenfondsdetailhandel.nl/content/Publicaties/Beleggingen-Pensioenfonds-Detailhandel.pdf
Pensioenfonds Detailhandel	Esab Corp	Equity	2026	606.622	EUR	https://pensioenfondsdetailhandel.nl/content/Publicaties/Beleggingen-Pensioenfonds-Detailhandel.pdf
Pensioenfonds Detailhandel	Esselunga SpA	Equity	2026	197.376	EUR	https://pensioenfondsdetailhandel.nl/content/Publicaties/Beleggingen-Pensioenfonds-Detailhandel.pdf
Pensioenfonds Detailhandel	Essendi SA	Equity	2026	207.196	EUR	https://pensioenfondsdetailhandel.nl/content/Publicaties/Beleggingen-Pensioenfonds-Detailhandel.pdf
Pensioenfonds Detailhandel	Eurofins Scientific SE	Equity	2026	1.520.033	EUR	https://pensioenfondsdetailhandel.nl/content/Publicaties/Beleggingen-Pensioenfonds-Detailhandel.pdf
Pensioenfonds Detailhandel	Eutelsat Communications SACA	Equity	2026	3.598.435	EUR	https://pensioenfondsdetailhandel.nl/content/Publicaties/Beleggingen-Pensioenfonds-Detailhandel.pdf
Pensioenfonds Detailhandel	Eutelsat SA	Equity	2026	2.373.529	EUR	https://pensioenfondsdetailhandel.nl/content/Publicaties/Beleggingen-Pensioenfonds-Detailhandel.pdf
Pensioenfonds Detailhandel	EW Scripps Co/The	Equity	2026	341.396	EUR	https://pensioenfondsdetailhandel.nl/content/Publicaties/Beleggingen-Pensioenfonds-Detailhandel.pdf
Pensioenfonds Detailhandel	Fair Isaac Corp	Equity	2026	2.071.163	EUR	https://pensioenfondsdetailhandel.nl/content/Publicaties/Beleggingen-Pensioenfonds-Detailhandel.pdf
Pensioenfonds Detailhandel	Falabella SA	Equity	2026	764.382	EUR	https://pensioenfondsdetailhandel.nl/content/Publicaties/Beleggingen-Pensioenfonds-Detailhandel.pdf
Pensioenfonds Detailhandel	Ferrellgas LP / Ferrellgas Finance Corp	Equity	2026	1.096.755	EUR	https://pensioenfondsdetailhandel.nl/content/Publicaties/Beleggingen-Pensioenfonds-Detailhandel.pdf
Pensioenfonds Detailhandel	Fertitta Entertainment LLC / Fertitta En	Equity	2026	267.487	EUR	https://pensioenfondsdetailhandel.nl/content/Publicaties/Beleggingen-Pensioenfonds-Detailhandel.pdf
Pensioenfonds Detailhandel	Fibercop SpA	Equity	2026	7.237.080	EUR	https://pensioenfondsdetailhandel.nl/content/Publicaties/Beleggingen-Pensioenfonds-Detailhandel.pdf
Pensioenfonds Detailhandel	Fiesta Purchaser Inc	Equity	2026	248.998	EUR	https://pensioenfondsdetailhandel.nl/content/Publicaties/Beleggingen-Pensioenfonds-Detailhandel.pdf
Pensioenfonds Detailhandel	First Quantum Minerals Ltd	Equity	2026	3.393.064	EUR	https://pensioenfondsdetailhandel.nl/content/Publicaties/Beleggingen-Pensioenfonds-Detailhandel.pdf
Pensioenfonds Detailhandel	First Student Bidco Inc / First Transit	Equity	2026	234.250	EUR	https://pensioenfondsdetailhandel.nl/content/Publicaties/Beleggingen-Pensioenfonds-Detailhandel.pdf
Pensioenfonds Detailhandel	FirstCash Inc	Equity	2026	437.646	EUR	https://pensioenfondsdetailhandel.nl/content/Publicaties/Beleggingen-Pensioenfonds-Detailhandel.pdf
Pensioenfonds Detailhandel	Flora Food Management BV	Equity	2026	524.895	EUR	https://pensioenfondsdetailhandel.nl/content/Publicaties/Beleggingen-Pensioenfonds-Detailhandel.pdf
Pensioenfonds Detailhandel	FMC Corp	Equity	2026	4.269.211	EUR	https://pensioenfondsdetailhandel.nl/content/Publicaties/Beleggingen-Pensioenfonds-Detailhandel.pdf
Pensioenfonds Detailhandel	Fnac Darty SA	Equity	2026	1.113.612	EUR	https://pensioenfondsdetailhandel.nl/content/Publicaties/Beleggingen-Pensioenfonds-Detailhandel.pdf
Pensioenfonds Detailhandel	Ford Otomotiv Sanayi AS	Equity	2026	1.256.884	EUR	https://pensioenfondsdetailhandel.nl/content/Publicaties/Beleggingen-Pensioenfonds-Detailhandel.pdf
Pensioenfonds Detailhandel	Forestar Group Inc	Equity	2026	86.051	EUR	https://pensioenfondsdetailhandel.nl/content/Publicaties/Beleggingen-Pensioenfonds-Detailhandel.pdf
Pensioenfonds Detailhandel	Fortress Intermediate 3 Inc	Equity	2026	194.538	EUR	https://pensioenfondsdetailhandel.nl/content/Publicaties/Beleggingen-Pensioenfonds-Detailhandel.pdf
Pensioenfonds Detailhandel	Fortune Star BVI Ltd	Equity	2026	2.438.333	EUR	https://pensioenfondsdetailhandel.nl/content/Publicaties/Beleggingen-Pensioenfonds-Detailhandel.pdf
Pensioenfonds Detailhandel	Forvia SE	Equity	2026	13.505.057	EUR	https://pensioenfondsdetailhandel.nl/content/Publicaties/Beleggingen-Pensioenfonds-Detailhandel.pdf
Pensioenfonds Detailhandel	Franshion Brilliant Ltd	Equity	2026	641.251	EUR	https://pensioenfondsdetailhandel.nl/content/Publicaties/Beleggingen-Pensioenfonds-Detailhandel.pdf
Pensioenfonds Detailhandel	Fressnapf Holding SE	Equity	2026	225.902	EUR	https://pensioenfondsdetailhandel.nl/content/Publicaties/Beleggingen-Pensioenfonds-Detailhandel.pdf
Pensioenfonds Detailhandel	Froneri Lux FinCo SARL	Equity	2026	691.930	EUR	https://pensioenfondsdetailhandel.nl/content/Publicaties/Beleggingen-Pensioenfonds-Detailhandel.pdf
Pensioenfonds Detailhandel	FS Luxembourg Sarl	Equity	2026	1.187.828	EUR	https://pensioenfondsdetailhandel.nl/content/Publicaties/Beleggingen-Pensioenfonds-Detailhandel.pdf
Pensioenfonds Detailhandel	FTAI Aviation Investors LLC	Equity	2026	1.715.151	EUR	https://pensioenfondsdetailhandel.nl/content/Publicaties/Beleggingen-Pensioenfonds-Detailhandel.pdf
Pensioenfonds Detailhandel	Future PLC	Equity	2026	422.980	EUR	https://pensioenfondsdetailhandel.nl/content/Publicaties/Beleggingen-Pensioenfonds-Detailhandel.pdf
Pensioenfonds Detailhandel	FXI Holdings Inc	Equity	2026	401.285	EUR	https://pensioenfondsdetailhandel.nl/content/Publicaties/Beleggingen-Pensioenfonds-Detailhandel.pdf
Pensioenfonds Detailhandel	Gap Inc/The	Equity	2026	2.707.838	EUR	https://pensioenfondsdetailhandel.nl/content/Publicaties/Beleggingen-Pensioenfonds-Detailhandel.pdf
Pensioenfonds Detailhandel	Garda World Security Corp	Equity	2026	582.314	EUR	https://pensioenfondsdetailhandel.nl/content/Publicaties/Beleggingen-Pensioenfonds-Detailhandel.pdf
Pensioenfonds Detailhandel	Garrett Motion Holdings Inc / Garrett LX	Equity	2026	856.770	EUR	https://pensioenfondsdetailhandel.nl/content/Publicaties/Beleggingen-Pensioenfonds-Detailhandel.pdf
Pensioenfonds Detailhandel	Gates Corp/DE	Equity	2026	633.795	EUR	https://pensioenfondsdetailhandel.nl/content/Publicaties/Beleggingen-Pensioenfonds-Detailhandel.pdf
Pensioenfonds Detailhandel	Gatwick Airport Finance PLC	Equity	2026	922.900	EUR	https://pensioenfondsdetailhandel.nl/content/Publicaties/Beleggingen-Pensioenfonds-Detailhandel.pdf
Pensioenfonds Detailhandel	GC Treasury Center Co Ltd	Equity	2026	1.378.081	EUR	https://pensioenfondsdetailhandel.nl/content/Publicaties/Beleggingen-Pensioenfonds-Detailhandel.pdf
Pensioenfonds Detailhandel	GCI LLC	Equity	2026	446.650	EUR	https://pensioenfondsdetailhandel.nl/content/Publicaties/Beleggingen-Pensioenfonds-Detailhandel.pdf
Pensioenfonds Detailhandel	Gen Digital Inc	Equity	2026	3.847.932	EUR	https://pensioenfondsdetailhandel.nl/content/Publicaties/Beleggingen-Pensioenfonds-Detailhandel.pdf
Pensioenfonds Detailhandel	Genesee & Wyoming Inc	Equity	2026	505.842	EUR	https://pensioenfondsdetailhandel.nl/content/Publicaties/Beleggingen-Pensioenfonds-Detailhandel.pdf
Pensioenfonds Detailhandel	Genesis Energy LP / Genesis Energy Finan	Equity	2026	2.256.193	EUR	https://pensioenfondsdetailhandel.nl/content/Publicaties/Beleggingen-Pensioenfonds-Detailhandel.pdf
Pensioenfonds Detailhandel	Genting New York LLC / GENNY Capital Inc	Equity	2026	866.745	EUR	https://pensioenfondsdetailhandel.nl/content/Publicaties/Beleggingen-Pensioenfonds-Detailhandel.pdf
Pensioenfonds Detailhandel	GEO Group Inc/The	Equity	2026	761.101	EUR	https://pensioenfondsdetailhandel.nl/content/Publicaties/Beleggingen-Pensioenfonds-Detailhandel.pdf
Pensioenfonds Detailhandel	Georgian Railway JSC	Equity	2026	499.662	EUR	https://pensioenfondsdetailhandel.nl/content/Publicaties/Beleggingen-Pensioenfonds-Detailhandel.pdf
Pensioenfonds Detailhandel	Gestamp Automocion SA	Equity	2026	1.014.352	EUR	https://pensioenfondsdetailhandel.nl/content/Publicaties/Beleggingen-Pensioenfonds-Detailhandel.pdf
Pensioenfonds Detailhandel	Getlink SE	Equity	2026	5.705.135	EUR	https://pensioenfondsdetailhandel.nl/content/Publicaties/Beleggingen-Pensioenfonds-Detailhandel.pdf
Pensioenfonds Detailhandel	Getty Images Inc	Equity	2026	902.468	EUR	https://pensioenfondsdetailhandel.nl/content/Publicaties/Beleggingen-Pensioenfonds-Detailhandel.pdf
Pensioenfonds Detailhandel	GFL Environmental Holdings US Inc	Equity	2026	261.799	EUR	https://pensioenfondsdetailhandel.nl/content/Publicaties/Beleggingen-Pensioenfonds-Detailhandel.pdf
Pensioenfonds Detailhandel	GFL Environmental Inc	Equity	2026	282.154	EUR	https://pensioenfondsdetailhandel.nl/content/Publicaties/Beleggingen-Pensioenfonds-Detailhandel.pdf
Pensioenfonds Detailhandel	Global Auto Holdings Ltd/AAG FH UK Ltd	Equity	2026	327.060	EUR	https://pensioenfondsdetailhandel.nl/content/Publicaties/Beleggingen-Pensioenfonds-Detailhandel.pdf
Pensioenfonds Detailhandel	Global Medical Response Inc	Equity	2026	266.590	EUR	https://pensioenfondsdetailhandel.nl/content/Publicaties/Beleggingen-Pensioenfonds-Detailhandel.pdf
Pensioenfonds Detailhandel	Go Daddy Operating Co LLC / GD Finance C	Equity	2026	1.077.411	EUR	https://pensioenfondsdetailhandel.nl/content/Publicaties/Beleggingen-Pensioenfonds-Detailhandel.pdf
Pensioenfonds Detailhandel	Goat Holdco LLC	Equity	2026	185.428	EUR	https://pensioenfondsdetailhandel.nl/content/Publicaties/Beleggingen-Pensioenfonds-Detailhandel.pdf
Pensioenfonds Detailhandel	Goldstory SAS	Equity	2026	223.384	EUR	https://pensioenfondsdetailhandel.nl/content/Publicaties/Beleggingen-Pensioenfonds-Detailhandel.pdf
Pensioenfonds Detailhandel	Goodyear Tire & Rubber Co/The	Equity	2026	4.133.224	EUR	https://pensioenfondsdetailhandel.nl/content/Publicaties/Beleggingen-Pensioenfonds-Detailhandel.pdf
Pensioenfonds Detailhandel	Gran Tierra Energy Inc	Equity	2026	401.423	EUR	https://pensioenfondsdetailhandel.nl/content/Publicaties/Beleggingen-Pensioenfonds-Detailhandel.pdf
Pensioenfonds Detailhandel	Graphic Packaging International LLC	Equity	2026	805.451	EUR	https://pensioenfondsdetailhandel.nl/content/Publicaties/Beleggingen-Pensioenfonds-Detailhandel.pdf
Pensioenfonds Detailhandel	Gray Media Inc	Equity	2026	1.953.127	EUR	https://pensioenfondsdetailhandel.nl/content/Publicaties/Beleggingen-Pensioenfonds-Detailhandel.pdf
Pensioenfonds Detailhandel	Great Canadian Gaming Corp/Raptor LLC	Equity	2026	87.542	EUR	https://pensioenfondsdetailhandel.nl/content/Publicaties/Beleggingen-Pensioenfonds-Detailhandel.pdf
Pensioenfonds Detailhandel	Greenko Power II Ltd	Equity	2026	3.646.250	EUR	https://pensioenfondsdetailhandel.nl/content/Publicaties/Beleggingen-Pensioenfonds-Detailhandel.pdf
Pensioenfonds Detailhandel	Greenko Wind Projects Mauritius Ltd	Equity	2026	6.751.744	EUR	https://pensioenfondsdetailhandel.nl/content/Publicaties/Beleggingen-Pensioenfonds-Detailhandel.pdf
Pensioenfonds Detailhandel	Greentown China Holdings Ltd	Equity	2026	528.510	EUR	https://pensioenfondsdetailhandel.nl/content/Publicaties/Beleggingen-Pensioenfonds-Detailhandel.pdf
Pensioenfonds Detailhandel	Griffon Corp	Equity	2026	204.506	EUR	https://pensioenfondsdetailhandel.nl/content/Publicaties/Beleggingen-Pensioenfonds-Detailhandel.pdf
Pensioenfonds Detailhandel	Grifols SA	Equity	2026	9.878.616	EUR	https://pensioenfondsdetailhandel.nl/content/Publicaties/Beleggingen-Pensioenfonds-Detailhandel.pdf
Pensioenfonds Detailhandel	Group 1 Automotive Inc	Equity	2026	454.772	EUR	https://pensioenfondsdetailhandel.nl/content/Publicaties/Beleggingen-Pensioenfonds-Detailhandel.pdf
Pensioenfonds Detailhandel	GrubHub Holdings Inc	Equity	2026	102.397	EUR	https://pensioenfondsdetailhandel.nl/content/Publicaties/Beleggingen-Pensioenfonds-Detailhandel.pdf
Pensioenfonds Detailhandel	Gruenenthal GmbH	Equity	2026	376.954	EUR	https://pensioenfondsdetailhandel.nl/content/Publicaties/Beleggingen-Pensioenfonds-Detailhandel.pdf
Pensioenfonds Detailhandel	Gruppo San Donato SPA	Equity	2026	300.188	EUR	https://pensioenfondsdetailhandel.nl/content/Publicaties/Beleggingen-Pensioenfonds-Detailhandel.pdf
Pensioenfonds Detailhandel	Guala Closures SpA	Equity	2026	144.782	EUR	https://pensioenfondsdetailhandel.nl/content/Publicaties/Beleggingen-Pensioenfonds-Detailhandel.pdf
Pensioenfonds Detailhandel	Guitar Center Inc	Equity	2026	210.825	EUR	https://pensioenfondsdetailhandel.nl/content/Publicaties/Beleggingen-Pensioenfonds-Detailhandel.pdf
Pensioenfonds Detailhandel	Gulfport Energy Operating Corp	Equity	2026	89.251	EUR	https://pensioenfondsdetailhandel.nl/content/Publicaties/Beleggingen-Pensioenfonds-Detailhandel.pdf
Pensioenfonds Detailhandel	HAH Group Holding Co LLC	Equity	2026	160.530	EUR	https://pensioenfondsdetailhandel.nl/content/Publicaties/Beleggingen-Pensioenfonds-Detailhandel.pdf
Pensioenfonds Detailhandel	Harvest Midstream I LP	Equity	2026	312.733	EUR	https://pensioenfondsdetailhandel.nl/content/Publicaties/Beleggingen-Pensioenfonds-Detailhandel.pdf
Pensioenfonds Detailhandel	HealthEquity Inc	Equity	2026	438.199	EUR	https://pensioenfondsdetailhandel.nl/content/Publicaties/Beleggingen-Pensioenfonds-Detailhandel.pdf
Pensioenfonds Detailhandel	Heathrow Finance PLC	Equity	2026	334.558	EUR	https://pensioenfondsdetailhandel.nl/content/Publicaties/Beleggingen-Pensioenfonds-Detailhandel.pdf
Pensioenfonds Detailhandel	Heimstaden Bostad AB	Equity	2026	905.206	EUR	https://pensioenfondsdetailhandel.nl/content/Publicaties/Beleggingen-Pensioenfonds-Detailhandel.pdf
Pensioenfonds Detailhandel	Hella GmbH & Co KGaA	Equity	2026	461.923	EUR	https://pensioenfondsdetailhandel.nl/content/Publicaties/Beleggingen-Pensioenfonds-Detailhandel.pdf
Pensioenfonds Detailhandel	Herc Holdings Inc	Equity	2026	1.360.867	EUR	https://pensioenfondsdetailhandel.nl/content/Publicaties/Beleggingen-Pensioenfonds-Detailhandel.pdf
Pensioenfonds Detailhandel	Heritage Petroleum Co Ltd	Equity	2026	179.309	EUR	https://pensioenfondsdetailhandel.nl/content/Publicaties/Beleggingen-Pensioenfonds-Detailhandel.pdf
Pensioenfonds Detailhandel	Hertz Corp/The	Equity	2026	1.128.953	EUR	https://pensioenfondsdetailhandel.nl/content/Publicaties/Beleggingen-Pensioenfonds-Detailhandel.pdf
Pensioenfonds Detailhandel	Hilcorp Energy I LP / Hilcorp Finance Co	Equity	2026	1.078.683	EUR	https://pensioenfondsdetailhandel.nl/content/Publicaties/Beleggingen-Pensioenfonds-Detailhandel.pdf
Pensioenfonds Detailhandel	Hilton Domestic Operating Co Inc	Equity	2026	4.575.194	EUR	https://pensioenfondsdetailhandel.nl/content/Publicaties/Beleggingen-Pensioenfonds-Detailhandel.pdf
Pensioenfonds Detailhandel	Hilton Grand Vacations Borrower LLC / Hi	Equity	2026	947.238	EUR	https://pensioenfondsdetailhandel.nl/content/Publicaties/Beleggingen-Pensioenfonds-Detailhandel.pdf
Pensioenfonds Detailhandel	Hilton Worldwide Finance LLC / Hilton Wo	Equity	2026	488.688	EUR	https://pensioenfondsdetailhandel.nl/content/Publicaties/Beleggingen-Pensioenfonds-Detailhandel.pdf
Pensioenfonds Detailhandel	HLF Financing Sarl LLC / Herbalife Inter	Equity	2026	1.253.782	EUR	https://pensioenfondsdetailhandel.nl/content/Publicaties/Beleggingen-Pensioenfonds-Detailhandel.pdf
Pensioenfonds Detailhandel	Hologic Inc	Equity	2026	2.575.203	EUR	https://pensioenfondsdetailhandel.nl/content/Publicaties/Beleggingen-Pensioenfonds-Detailhandel.pdf
Pensioenfonds Detailhandel	Howard Hughes Corp/The	Equity	2026	937.841	EUR	https://pensioenfondsdetailhandel.nl/content/Publicaties/Beleggingen-Pensioenfonds-Detailhandel.pdf
Pensioenfonds Detailhandel	Howard Midstream Energy Partners LLC	Equity	2026	382.186	EUR	https://pensioenfondsdetailhandel.nl/content/Publicaties/Beleggingen-Pensioenfonds-Detailhandel.pdf
Pensioenfonds Detailhandel	HTA Group Ltd/Mauritius	Equity	2026	2.077.514	EUR	https://pensioenfondsdetailhandel.nl/content/Publicaties/Beleggingen-Pensioenfonds-Detailhandel.pdf
Pensioenfonds Detailhandel	Hudbay Minerals Inc	Equity	2026	445.286	EUR	https://pensioenfondsdetailhandel.nl/content/Publicaties/Beleggingen-Pensioenfonds-Detailhandel.pdf
Pensioenfonds Detailhandel	Hudson Pacific Properties LP	Equity	2026	418.221	EUR	https://pensioenfondsdetailhandel.nl/content/Publicaties/Beleggingen-Pensioenfonds-Detailhandel.pdf
Pensioenfonds Detailhandel	Hughes Satellite Systems Corp	Equity	2026	443.104	EUR	https://pensioenfondsdetailhandel.nl/content/Publicaties/Beleggingen-Pensioenfonds-Detailhandel.pdf
Pensioenfonds Detailhandel	Hunt Oil Co of Peru LLC Sucursal Del Per	Equity	2026	191.630	EUR	https://pensioenfondsdetailhandel.nl/content/Publicaties/Beleggingen-Pensioenfonds-Detailhandel.pdf
Pensioenfonds Detailhandel	Huntsman International LLC	Equity	2026	827.859	EUR	https://pensioenfondsdetailhandel.nl/content/Publicaties/Beleggingen-Pensioenfonds-Detailhandel.pdf
Pensioenfonds Detailhandel	Iceland Bondco PLC	Equity	2026	229.599	EUR	https://pensioenfondsdetailhandel.nl/content/Publicaties/Beleggingen-Pensioenfonds-Detailhandel.pdf
Pensioenfonds Detailhandel	iHeartCommunications Inc	Equity	2026	1.243.913	EUR	https://pensioenfondsdetailhandel.nl/content/Publicaties/Beleggingen-Pensioenfonds-Detailhandel.pdf
Pensioenfonds Detailhandel	IHO Verwaltungs GmbH	Equity	2026	766.349	EUR	https://pensioenfondsdetailhandel.nl/content/Publicaties/Beleggingen-Pensioenfonds-Detailhandel.pdf
Pensioenfonds Detailhandel	IHS Holding Ltd	Equity	2026	1.624.643	EUR	https://pensioenfondsdetailhandel.nl/content/Publicaties/Beleggingen-Pensioenfonds-Detailhandel.pdf
Pensioenfonds Detailhandel	Iliad Holding SAS	Equity	2026	5.100.673	EUR	https://pensioenfondsdetailhandel.nl/content/Publicaties/Beleggingen-Pensioenfonds-Detailhandel.pdf
Pensioenfonds Detailhandel	iliad SA	Equity	2026	4.654.221	EUR	https://pensioenfondsdetailhandel.nl/content/Publicaties/Beleggingen-Pensioenfonds-Detailhandel.pdf
Pensioenfonds Detailhandel	IMA Industria Macchine Automatiche SpA	Equity	2026	545.756	EUR	https://pensioenfondsdetailhandel.nl/content/Publicaties/Beleggingen-Pensioenfonds-Detailhandel.pdf
Pensioenfonds Detailhandel	Imola Merger Corp	Equity	2026	794.686	EUR	https://pensioenfondsdetailhandel.nl/content/Publicaties/Beleggingen-Pensioenfonds-Detailhandel.pdf
Pensioenfonds Detailhandel	Incora Top Holdco LLC	Equity	2026	1.536	EUR	https://pensioenfondsdetailhandel.nl/content/Publicaties/Beleggingen-Pensioenfonds-Detailhandel.pdf
Pensioenfonds Detailhandel	Industrial F&B Investments III Inc	Equity	2026	886.232	EUR	https://pensioenfondsdetailhandel.nl/content/Publicaties/Beleggingen-Pensioenfonds-Detailhandel.pdf
Pensioenfonds Detailhandel	INEOS Finance PLC	Equity	2026	689.295	EUR	https://pensioenfondsdetailhandel.nl/content/Publicaties/Beleggingen-Pensioenfonds-Detailhandel.pdf
Pensioenfonds Detailhandel	INEOS Quattro Finance 2 Plc	Equity	2026	397.835	EUR	https://pensioenfondsdetailhandel.nl/content/Publicaties/Beleggingen-Pensioenfonds-Detailhandel.pdf
Pensioenfonds Detailhandel	Infrastrutture Wireless Italiane SpA	Equity	2026	4.168.447	EUR	https://pensioenfondsdetailhandel.nl/content/Publicaties/Beleggingen-Pensioenfonds-Detailhandel.pdf
Pensioenfonds Detailhandel	Ingevity Corp	Equity	2026	817.507	EUR	https://pensioenfondsdetailhandel.nl/content/Publicaties/Beleggingen-Pensioenfonds-Detailhandel.pdf
Pensioenfonds Detailhandel	InPost SA	Equity	2026	784.308	EUR	https://pensioenfondsdetailhandel.nl/content/Publicaties/Beleggingen-Pensioenfonds-Detailhandel.pdf
Pensioenfonds Detailhandel	Insight Enterprises Inc	Equity	2026	489.849	EUR	https://pensioenfondsdetailhandel.nl/content/Publicaties/Beleggingen-Pensioenfonds-Detailhandel.pdf
Pensioenfonds Detailhandel	Installed Building Products Inc	Equity	2026	451.318	EUR	https://pensioenfondsdetailhandel.nl/content/Publicaties/Beleggingen-Pensioenfonds-Detailhandel.pdf
Pensioenfonds Detailhandel	Intralot Capital Luxembourg SA	Equity	2026	595.113	EUR	https://pensioenfondsdetailhandel.nl/content/Publicaties/Beleggingen-Pensioenfonds-Detailhandel.pdf
Pensioenfonds Detailhandel	Inversiones CMPC SA	Equity	2026	864.168	EUR	https://pensioenfondsdetailhandel.nl/content/Publicaties/Beleggingen-Pensioenfonds-Detailhandel.pdf
Pensioenfonds Detailhandel	Investment Energy Resources Ltd	Equity	2026	3.193.957	EUR	https://pensioenfondsdetailhandel.nl/content/Publicaties/Beleggingen-Pensioenfonds-Detailhandel.pdf
Pensioenfonds Detailhandel	ION Platform Finance SARL	Equity	2026	400.429	EUR	https://pensioenfondsdetailhandel.nl/content/Publicaties/Beleggingen-Pensioenfonds-Detailhandel.pdf
Pensioenfonds Detailhandel	ION Platform Finance US Inc	Equity	2026	276.852	EUR	https://pensioenfondsdetailhandel.nl/content/Publicaties/Beleggingen-Pensioenfonds-Detailhandel.pdf
Pensioenfonds Detailhandel	IQVIA Inc	Equity	2026	12.756.150	EUR	https://pensioenfondsdetailhandel.nl/content/Publicaties/Beleggingen-Pensioenfonds-Detailhandel.pdf
Pensioenfonds Detailhandel	IRB Infrastructure Developers Ltd	Equity	2026	874.486	EUR	https://pensioenfondsdetailhandel.nl/content/Publicaties/Beleggingen-Pensioenfonds-Detailhandel.pdf
Pensioenfonds Detailhandel	Iren SpA	Equity	2026	309.020	EUR	https://pensioenfondsdetailhandel.nl/content/Publicaties/Beleggingen-Pensioenfonds-Detailhandel.pdf
Pensioenfonds Detailhandel	Iron Mountain Inc	Equity	2026	4.901.407	EUR	https://pensioenfondsdetailhandel.nl/content/Publicaties/Beleggingen-Pensioenfonds-Detailhandel.pdf
Pensioenfonds Detailhandel	Iron Mountain Information Management Ser	Equity	2026	401.159	EUR	https://pensioenfondsdetailhandel.nl/content/Publicaties/Beleggingen-Pensioenfonds-Detailhandel.pdf
Pensioenfonds Detailhandel	Itelyum Regeneration Spa	Equity	2026	203.448	EUR	https://pensioenfondsdetailhandel.nl/content/Publicaties/Beleggingen-Pensioenfonds-Detailhandel.pdf
Pensioenfonds Detailhandel	Ithaca Energy North Sea PLC	Equity	2026	479.680	EUR	https://pensioenfondsdetailhandel.nl/content/Publicaties/Beleggingen-Pensioenfonds-Detailhandel.pdf
Pensioenfonds Detailhandel	ITT Holdings LLC	Equity	2026	153.594	EUR	https://pensioenfondsdetailhandel.nl/content/Publicaties/Beleggingen-Pensioenfonds-Detailhandel.pdf
Pensioenfonds Detailhandel	Jacobs Entertainment Inc	Equity	2026	143.321	EUR	https://pensioenfondsdetailhandel.nl/content/Publicaties/Beleggingen-Pensioenfonds-Detailhandel.pdf
Pensioenfonds Detailhandel	JB Poindexter & Co Inc	Equity	2026	369.838	EUR	https://pensioenfondsdetailhandel.nl/content/Publicaties/Beleggingen-Pensioenfonds-Detailhandel.pdf
Pensioenfonds Detailhandel	Kaiser Aluminum Corp	Equity	2026	1.021.135	EUR	https://pensioenfondsdetailhandel.nl/content/Publicaties/Beleggingen-Pensioenfonds-Detailhandel.pdf
Pensioenfonds Detailhandel	Kaixo Bondco Telecom SA	Equity	2026	605.120	EUR	https://pensioenfondsdetailhandel.nl/content/Publicaties/Beleggingen-Pensioenfonds-Detailhandel.pdf
Pensioenfonds Detailhandel	KeHE Distributors LLC / KeHE Finance Cor	Equity	2026	401.946	EUR	https://pensioenfondsdetailhandel.nl/content/Publicaties/Beleggingen-Pensioenfonds-Detailhandel.pdf
Pensioenfonds Detailhandel	Kennedy-Wilson Inc	Equity	2026	1.088.283	EUR	https://pensioenfondsdetailhandel.nl/content/Publicaties/Beleggingen-Pensioenfonds-Detailhandel.pdf
Pensioenfonds Detailhandel	KFC Holding Co/Pizza Hut Holdings LLC/Ta	Equity	2026	1.254.190	EUR	https://pensioenfondsdetailhandel.nl/content/Publicaties/Beleggingen-Pensioenfonds-Detailhandel.pdf
Pensioenfonds Detailhandel	Kier Group PLC	Equity	2026	240.888	EUR	https://pensioenfondsdetailhandel.nl/content/Publicaties/Beleggingen-Pensioenfonds-Detailhandel.pdf
Pensioenfonds Detailhandel	Kingpin Intermediate Holdings LLC	Equity	2026	111.985	EUR	https://pensioenfondsdetailhandel.nl/content/Publicaties/Beleggingen-Pensioenfonds-Detailhandel.pdf
Pensioenfonds Detailhandel	KION Group AG	Equity	2026	1.308.187	EUR	https://pensioenfondsdetailhandel.nl/content/Publicaties/Beleggingen-Pensioenfonds-Detailhandel.pdf
Pensioenfonds Detailhandel	Kioxia Holdings Corp	Equity	2026	556.374	EUR	https://pensioenfondsdetailhandel.nl/content/Publicaties/Beleggingen-Pensioenfonds-Detailhandel.pdf
Pensioenfonds Detailhandel	Klabin Austria GmbH	Equity	2026	7.328.606	EUR	https://pensioenfondsdetailhandel.nl/content/Publicaties/Beleggingen-Pensioenfonds-Detailhandel.pdf
Pensioenfonds Detailhandel	Kodiak Gas Services LLC	Equity	2026	597.882	EUR	https://pensioenfondsdetailhandel.nl/content/Publicaties/Beleggingen-Pensioenfonds-Detailhandel.pdf
Pensioenfonds Detailhandel	Kohl's Corp	Equity	2026	638.165	EUR	https://pensioenfondsdetailhandel.nl/content/Publicaties/Beleggingen-Pensioenfonds-Detailhandel.pdf
Pensioenfonds Detailhandel	Koninklijke KPN NV	Equity	2026	8.950.629	EUR	https://pensioenfondsdetailhandel.nl/content/Publicaties/Beleggingen-Pensioenfonds-Detailhandel.pdf
Pensioenfonds Detailhandel	Kosmos Energy Ltd	Equity	2026	635.966	EUR	https://pensioenfondsdetailhandel.nl/content/Publicaties/Beleggingen-Pensioenfonds-Detailhandel.pdf
Pensioenfonds Detailhandel	Kraken Oil & Gas Partners LLC	Equity	2026	132.420	EUR	https://pensioenfondsdetailhandel.nl/content/Publicaties/Beleggingen-Pensioenfonds-Detailhandel.pdf
Pensioenfonds Detailhandel	Kronos Acquisition Holdings Inc	Equity	2026	180.614	EUR	https://pensioenfondsdetailhandel.nl/content/Publicaties/Beleggingen-Pensioenfonds-Detailhandel.pdf
Pensioenfonds Detailhandel	La Financiere Atalian SAS	Equity	2026	63.556	EUR	https://pensioenfondsdetailhandel.nl/content/Publicaties/Beleggingen-Pensioenfonds-Detailhandel.pdf
Pensioenfonds Detailhandel	Lamar Media Corp	Equity	2026	214.229	EUR	https://pensioenfondsdetailhandel.nl/content/Publicaties/Beleggingen-Pensioenfonds-Detailhandel.pdf
Pensioenfonds Detailhandel	Lamb Weston Holdings Inc	Equity	2026	1.797.936	EUR	https://pensioenfondsdetailhandel.nl/content/Publicaties/Beleggingen-Pensioenfonds-Detailhandel.pdf
Pensioenfonds Detailhandel	LANXESS AG	Equity	2026	1.481.185	EUR	https://pensioenfondsdetailhandel.nl/content/Publicaties/Beleggingen-Pensioenfonds-Detailhandel.pdf
Pensioenfonds Detailhandel	LBM Acquisition LLC	Equity	2026	369.573	EUR	https://pensioenfondsdetailhandel.nl/content/Publicaties/Beleggingen-Pensioenfonds-Detailhandel.pdf
Pensioenfonds Detailhandel	LCM Investments Holdings II LLC	Equity	2026	706.303	EUR	https://pensioenfondsdetailhandel.nl/content/Publicaties/Beleggingen-Pensioenfonds-Detailhandel.pdf
Pensioenfonds Detailhandel	LD Celulose International GmbH	Equity	2026	361.751	EUR	https://pensioenfondsdetailhandel.nl/content/Publicaties/Beleggingen-Pensioenfonds-Detailhandel.pdf
Pensioenfonds Detailhandel	Level 3 Financing Inc	Equity	2026	10.052.669	EUR	https://pensioenfondsdetailhandel.nl/content/Publicaties/Beleggingen-Pensioenfonds-Detailhandel.pdf
Pensioenfonds Detailhandel	Leviathan Bond Ltd	Equity	2026	176.109	EUR	https://pensioenfondsdetailhandel.nl/content/Publicaties/Beleggingen-Pensioenfonds-Detailhandel.pdf
Pensioenfonds Detailhandel	LHMC Finco 2 Sarl	Equity	2026	219.860	EUR	https://pensioenfondsdetailhandel.nl/content/Publicaties/Beleggingen-Pensioenfonds-Detailhandel.pdf
Pensioenfonds Detailhandel	Liberty Interactive LLC	Equity	2026	24.326	EUR	https://pensioenfondsdetailhandel.nl/content/Publicaties/Beleggingen-Pensioenfonds-Detailhandel.pdf
Pensioenfonds Detailhandel	Life Time Inc	Equity	2026	509.839	EUR	https://pensioenfondsdetailhandel.nl/content/Publicaties/Beleggingen-Pensioenfonds-Detailhandel.pdf
Pensioenfonds Detailhandel	LifePoint Health Inc	Equity	2026	6.315.287	EUR	https://pensioenfondsdetailhandel.nl/content/Publicaties/Beleggingen-Pensioenfonds-Detailhandel.pdf
Pensioenfonds Detailhandel	Light & Wonder International Inc	Equity	2026	1.113.130	EUR	https://pensioenfondsdetailhandel.nl/content/Publicaties/Beleggingen-Pensioenfonds-Detailhandel.pdf
Pensioenfonds Detailhandel	Limak Cimento Sanayi ve Ticaret AS	Equity	2026	173.920	EUR	https://pensioenfondsdetailhandel.nl/content/Publicaties/Beleggingen-Pensioenfonds-Detailhandel.pdf
Pensioenfonds Detailhandel	Limak Yenilenebilir Enerji AS	Equity	2026	1.705.534	EUR	https://pensioenfondsdetailhandel.nl/content/Publicaties/Beleggingen-Pensioenfonds-Detailhandel.pdf
Pensioenfonds Detailhandel	Lindblad Expeditions LLC	Equity	2026	44.441	EUR	https://pensioenfondsdetailhandel.nl/content/Publicaties/Beleggingen-Pensioenfonds-Detailhandel.pdf
Pensioenfonds Detailhandel	Lithia Motors Inc	Equity	2026	867.660	EUR	https://pensioenfondsdetailhandel.nl/content/Publicaties/Beleggingen-Pensioenfonds-Detailhandel.pdf
Pensioenfonds Detailhandel	Live Nation Entertainment Inc	Equity	2026	1.713.410	EUR	https://pensioenfondsdetailhandel.nl/content/Publicaties/Beleggingen-Pensioenfonds-Detailhandel.pdf
Pensioenfonds Detailhandel	Long Ridge Energy LLC	Equity	2026	736.187	EUR	https://pensioenfondsdetailhandel.nl/content/Publicaties/Beleggingen-Pensioenfonds-Detailhandel.pdf
Pensioenfonds Detailhandel	Longfor Group Holdings Ltd	Equity	2026	624.266	EUR	https://pensioenfondsdetailhandel.nl/content/Publicaties/Beleggingen-Pensioenfonds-Detailhandel.pdf
Pensioenfonds Detailhandel	Lorca Telecom Bondco SA	Equity	2026	671.126	EUR	https://pensioenfondsdetailhandel.nl/content/Publicaties/Beleggingen-Pensioenfonds-Detailhandel.pdf
Pensioenfonds Detailhandel	Lottomatica Group Spa	Equity	2026	312.796	EUR	https://pensioenfondsdetailhandel.nl/content/Publicaties/Beleggingen-Pensioenfonds-Detailhandel.pdf
Pensioenfonds Detailhandel	Loxam SAS	Equity	2026	310.583	EUR	https://pensioenfondsdetailhandel.nl/content/Publicaties/Beleggingen-Pensioenfonds-Detailhandel.pdf
Pensioenfonds Detailhandel	LSB Industries Inc	Equity	2026	572.462	EUR	https://pensioenfondsdetailhandel.nl/content/Publicaties/Beleggingen-Pensioenfonds-Detailhandel.pdf
Pensioenfonds Detailhandel	Luna 2 5SARL	Equity	2026	225.311	EUR	https://pensioenfondsdetailhandel.nl/content/Publicaties/Beleggingen-Pensioenfonds-Detailhandel.pdf
Pensioenfonds Detailhandel	Macy's Retail Holdings LLC	Equity	2026	539.877	EUR	https://pensioenfondsdetailhandel.nl/content/Publicaties/Beleggingen-Pensioenfonds-Detailhandel.pdf
Pensioenfonds Detailhandel	Madison IAQ LLC	Equity	2026	412.992	EUR	https://pensioenfondsdetailhandel.nl/content/Publicaties/Beleggingen-Pensioenfonds-Detailhandel.pdf
Pensioenfonds Detailhandel	MAF Global Securities Ltd	Equity	2026	163.479	EUR	https://pensioenfondsdetailhandel.nl/content/Publicaties/Beleggingen-Pensioenfonds-Detailhandel.pdf
Pensioenfonds Detailhandel	Magnera Corp	Equity	2026	704.515	EUR	https://pensioenfondsdetailhandel.nl/content/Publicaties/Beleggingen-Pensioenfonds-Detailhandel.pdf
Pensioenfonds Detailhandel	Mahle GmbH	Equity	2026	98.049	EUR	https://pensioenfondsdetailhandel.nl/content/Publicaties/Beleggingen-Pensioenfonds-Detailhandel.pdf
Pensioenfonds Detailhandel	Maison Finco PLC	Equity	2026	217.174	EUR	https://pensioenfondsdetailhandel.nl/content/Publicaties/Beleggingen-Pensioenfonds-Detailhandel.pdf
Pensioenfonds Detailhandel	MajorDrive Holdings IV LLC	Equity	2026	33.020	EUR	https://pensioenfondsdetailhandel.nl/content/Publicaties/Beleggingen-Pensioenfonds-Detailhandel.pdf
Pensioenfonds Detailhandel	Market Bidco Finco PLC	Equity	2026	424.808	EUR	https://pensioenfondsdetailhandel.nl/content/Publicaties/Beleggingen-Pensioenfonds-Detailhandel.pdf
Pensioenfonds Detailhandel	Marriott Ownership Resorts Inc	Equity	2026	645.164	EUR	https://pensioenfondsdetailhandel.nl/content/Publicaties/Beleggingen-Pensioenfonds-Detailhandel.pdf
Pensioenfonds Detailhandel	Masterbrand Inc	Equity	2026	602.561	EUR	https://pensioenfondsdetailhandel.nl/content/Publicaties/Beleggingen-Pensioenfonds-Detailhandel.pdf
Pensioenfonds Detailhandel	Matador Resources Co	Equity	2026	742.902	EUR	https://pensioenfondsdetailhandel.nl/content/Publicaties/Beleggingen-Pensioenfonds-Detailhandel.pdf
Pensioenfonds Detailhandel	Match Group Holdings II LLC	Equity	2026	1.648.546	EUR	https://pensioenfondsdetailhandel.nl/content/Publicaties/Beleggingen-Pensioenfonds-Detailhandel.pdf
Pensioenfonds Detailhandel	Mattamy Group Corp	Equity	2026	78.708	EUR	https://pensioenfondsdetailhandel.nl/content/Publicaties/Beleggingen-Pensioenfonds-Detailhandel.pdf
Pensioenfonds Detailhandel	Mauser Packaging Solutions Holding Co	Equity	2026	1.097.089	EUR	https://pensioenfondsdetailhandel.nl/content/Publicaties/Beleggingen-Pensioenfonds-Detailhandel.pdf
Pensioenfonds Detailhandel	Mavis Tire Express Services Topco Corp	Equity	2026	180.897	EUR	https://pensioenfondsdetailhandel.nl/content/Publicaties/Beleggingen-Pensioenfonds-Detailhandel.pdf
Pensioenfonds Detailhandel	Maxam Prill Sarl	Equity	2026	227.142	EUR	https://pensioenfondsdetailhandel.nl/content/Publicaties/Beleggingen-Pensioenfonds-Detailhandel.pdf
Pensioenfonds Detailhandel	Maxim Crane Works Holdings Capital LLC	Equity	2026	228.173	EUR	https://pensioenfondsdetailhandel.nl/content/Publicaties/Beleggingen-Pensioenfonds-Detailhandel.pdf
Pensioenfonds Detailhandel	MC Brazil Downstream Trading SARL	Equity	2026	361.628	EUR	https://pensioenfondsdetailhandel.nl/content/Publicaties/Beleggingen-Pensioenfonds-Detailhandel.pdf
Pensioenfonds Detailhandel	McAfee Corp	Equity	2026	380.748	EUR	https://pensioenfondsdetailhandel.nl/content/Publicaties/Beleggingen-Pensioenfonds-Detailhandel.pdf
Pensioenfonds Detailhandel	McGraw-Hill Education Inc	Equity	2026	731.007	EUR	https://pensioenfondsdetailhandel.nl/content/Publicaties/Beleggingen-Pensioenfonds-Detailhandel.pdf
Pensioenfonds Detailhandel	Medline Borrower LP	Equity	2026	437.107	EUR	https://pensioenfondsdetailhandel.nl/content/Publicaties/Beleggingen-Pensioenfonds-Detailhandel.pdf
Pensioenfonds Detailhandel	Mehilainen Yhtiot Oy	Equity	2026	303.638	EUR	https://pensioenfondsdetailhandel.nl/content/Publicaties/Beleggingen-Pensioenfonds-Detailhandel.pdf
Pensioenfonds Detailhandel	Melco Resorts Finance Ltd	Equity	2026	2.537.850	EUR	https://pensioenfondsdetailhandel.nl/content/Publicaties/Beleggingen-Pensioenfonds-Detailhandel.pdf
Pensioenfonds Detailhandel	Mercer International Inc	Equity	2026	380.741	EUR	https://pensioenfondsdetailhandel.nl/content/Publicaties/Beleggingen-Pensioenfonds-Detailhandel.pdf
Pensioenfonds Detailhandel	Merlin Entertainments Group US Holdings	Equity	2026	73.251	EUR	https://pensioenfondsdetailhandel.nl/content/Publicaties/Beleggingen-Pensioenfonds-Detailhandel.pdf
Pensioenfonds Detailhandel	Metinvest BV	Equity	2026	304.748	EUR	https://pensioenfondsdetailhandel.nl/content/Publicaties/Beleggingen-Pensioenfonds-Detailhandel.pdf
Pensioenfonds Detailhandel	Metlen Energy & Metals SA	Equity	2026	1.512.688	EUR	https://pensioenfondsdetailhandel.nl/content/Publicaties/Beleggingen-Pensioenfonds-Detailhandel.pdf
Pensioenfonds Detailhandel	METRO AG	Equity	2026	1.225.477	EUR	https://pensioenfondsdetailhandel.nl/content/Publicaties/Beleggingen-Pensioenfonds-Detailhandel.pdf
Pensioenfonds Detailhandel	MGM China Holdings Ltd	Equity	2026	811.303	EUR	https://pensioenfondsdetailhandel.nl/content/Publicaties/Beleggingen-Pensioenfonds-Detailhandel.pdf
Pensioenfonds Detailhandel	MGM Resorts International	Equity	2026	3.067.969	EUR	https://pensioenfondsdetailhandel.nl/content/Publicaties/Beleggingen-Pensioenfonds-Detailhandel.pdf
Pensioenfonds Detailhandel	Michaels Cos Inc/The	Equity	2026	1.354.988	EUR	https://pensioenfondsdetailhandel.nl/content/Publicaties/Beleggingen-Pensioenfonds-Detailhandel.pdf
Pensioenfonds Detailhandel	Midcontinent Communications	Equity	2026	155.267	EUR	https://pensioenfondsdetailhandel.nl/content/Publicaties/Beleggingen-Pensioenfonds-Detailhandel.pdf
Pensioenfonds Detailhandel	Midwest Gaming Borrower LLC / Midwest Ga	Equity	2026	287.879	EUR	https://pensioenfondsdetailhandel.nl/content/Publicaties/Beleggingen-Pensioenfonds-Detailhandel.pdf
Pensioenfonds Detailhandel	Millennium Escrow Corp	Equity	2026	270.255	EUR	https://pensioenfondsdetailhandel.nl/content/Publicaties/Beleggingen-Pensioenfonds-Detailhandel.pdf
Pensioenfonds Detailhandel	Miller Homes Group Finco PLC	Equity	2026	144.400	EUR	https://pensioenfondsdetailhandel.nl/content/Publicaties/Beleggingen-Pensioenfonds-Detailhandel.pdf
Pensioenfonds Detailhandel	Millicom International Cellular SA	Equity	2026	1.775.369	EUR	https://pensioenfondsdetailhandel.nl/content/Publicaties/Beleggingen-Pensioenfonds-Detailhandel.pdf
Pensioenfonds Detailhandel	Mineral Resources Ltd	Equity	2026	5.077.740	EUR	https://pensioenfondsdetailhandel.nl/content/Publicaties/Beleggingen-Pensioenfonds-Detailhandel.pdf
Pensioenfonds Detailhandel	Minerva Luxembourg SA	Equity	2026	1.904.784	EUR	https://pensioenfondsdetailhandel.nl/content/Publicaties/Beleggingen-Pensioenfonds-Detailhandel.pdf
Pensioenfonds Detailhandel	Minsur SA	Equity	2026	499.865	EUR	https://pensioenfondsdetailhandel.nl/content/Publicaties/Beleggingen-Pensioenfonds-Detailhandel.pdf
Pensioenfonds Detailhandel	Miter Brands Acquisition Holdco Inc / MI	Equity	2026	245.251	EUR	https://pensioenfondsdetailhandel.nl/content/Publicaties/Beleggingen-Pensioenfonds-Detailhandel.pdf
Pensioenfonds Detailhandel	MIWD Holdco II LLC / MIWD Finance Corp	Equity	2026	337.127	EUR	https://pensioenfondsdetailhandel.nl/content/Publicaties/Beleggingen-Pensioenfonds-Detailhandel.pdf
Pensioenfonds Detailhandel	MKS Inc	Equity	2026	1.253.012	EUR	https://pensioenfondsdetailhandel.nl/content/Publicaties/Beleggingen-Pensioenfonds-Detailhandel.pdf
Pensioenfonds Detailhandel	Mobico Group PLC	Equity	2026	662.022	EUR	https://pensioenfondsdetailhandel.nl/content/Publicaties/Beleggingen-Pensioenfonds-Detailhandel.pdf
Pensioenfonds Detailhandel	Mobilux Finance SAS	Equity	2026	150.077	EUR	https://pensioenfondsdetailhandel.nl/content/Publicaties/Beleggingen-Pensioenfonds-Detailhandel.pdf
Pensioenfonds Detailhandel	Molina Healthcare Inc	Equity	2026	8.115.792	EUR	https://pensioenfondsdetailhandel.nl/content/Publicaties/Beleggingen-Pensioenfonds-Detailhandel.pdf
Pensioenfonds Detailhandel	Moss Creek Resources Holdings Inc	Equity	2026	113.533	EUR	https://pensioenfondsdetailhandel.nl/content/Publicaties/Beleggingen-Pensioenfonds-Detailhandel.pdf
Pensioenfonds Detailhandel	Motion Finco Sarl	Equity	2026	177.938	EUR	https://pensioenfondsdetailhandel.nl/content/Publicaties/Beleggingen-Pensioenfonds-Detailhandel.pdf
Pensioenfonds Detailhandel	Movida Europe SA	Equity	2026	526.700	EUR	https://pensioenfondsdetailhandel.nl/content/Publicaties/Beleggingen-Pensioenfonds-Detailhandel.pdf
Pensioenfonds Detailhandel	MPH Acquisition Holdings LLC	Equity	2026	755.489	EUR	https://pensioenfondsdetailhandel.nl/content/Publicaties/Beleggingen-Pensioenfonds-Detailhandel.pdf
Pensioenfonds Detailhandel	MTN Mauritius Investments Ltd	Equity	2026	991.006	EUR	https://pensioenfondsdetailhandel.nl/content/Publicaties/Beleggingen-Pensioenfonds-Detailhandel.pdf
Pensioenfonds Detailhandel	Mundys SpA	Equity	2026	1.364.997	EUR	https://pensioenfondsdetailhandel.nl/content/Publicaties/Beleggingen-Pensioenfonds-Detailhandel.pdf
Pensioenfonds Detailhandel	Murphy Oil Corp	Equity	2026	1.047.491	EUR	https://pensioenfondsdetailhandel.nl/content/Publicaties/Beleggingen-Pensioenfonds-Detailhandel.pdf
Pensioenfonds Detailhandel	Murphy Oil USA Inc	Equity	2026	188.022	EUR	https://pensioenfondsdetailhandel.nl/content/Publicaties/Beleggingen-Pensioenfonds-Detailhandel.pdf
Pensioenfonds Detailhandel	Nabors Industries Inc	Equity	2026	1.066.790	EUR	https://pensioenfondsdetailhandel.nl/content/Publicaties/Beleggingen-Pensioenfonds-Detailhandel.pdf
Pensioenfonds Detailhandel	National Mentor Holdings Inc	Equity	2026	323.198	EUR	https://pensioenfondsdetailhandel.nl/content/Publicaties/Beleggingen-Pensioenfonds-Detailhandel.pdf
Pensioenfonds Detailhandel	NCL Corp Ltd	Equity	2026	2.297.500	EUR	https://pensioenfondsdetailhandel.nl/content/Publicaties/Beleggingen-Pensioenfonds-Detailhandel.pdf
Pensioenfonds Detailhandel	NCL Finance Ltd	Equity	2026	175.545	EUR	https://pensioenfondsdetailhandel.nl/content/Publicaties/Beleggingen-Pensioenfonds-Detailhandel.pdf
Pensioenfonds Detailhandel	NCR Atleos Corp	Equity	2026	315.337	EUR	https://pensioenfondsdetailhandel.nl/content/Publicaties/Beleggingen-Pensioenfonds-Detailhandel.pdf
Pensioenfonds Detailhandel	NCR Voyix Corp	Equity	2026	514.768	EUR	https://pensioenfondsdetailhandel.nl/content/Publicaties/Beleggingen-Pensioenfonds-Detailhandel.pdf
Pensioenfonds Detailhandel	Nemak SAB de CV	Equity	2026	3.343.403	EUR	https://pensioenfondsdetailhandel.nl/content/Publicaties/Beleggingen-Pensioenfonds-Detailhandel.pdf
Pensioenfonds Detailhandel	Neptune Bidco US Inc	Equity	2026	1.252.920	EUR	https://pensioenfondsdetailhandel.nl/content/Publicaties/Beleggingen-Pensioenfonds-Detailhandel.pdf
Pensioenfonds Detailhandel	NESCO Holdings II Inc	Equity	2026	766.307	EUR	https://pensioenfondsdetailhandel.nl/content/Publicaties/Beleggingen-Pensioenfonds-Detailhandel.pdf
Pensioenfonds Detailhandel	Network i2i Ltd	Equity	2026	1.250.401	EUR	https://pensioenfondsdetailhandel.nl/content/Publicaties/Beleggingen-Pensioenfonds-Detailhandel.pdf
Pensioenfonds Detailhandel	New Enterprise Stone & Lime Co Inc	Equity	2026	436.661	EUR	https://pensioenfondsdetailhandel.nl/content/Publicaties/Beleggingen-Pensioenfonds-Detailhandel.pdf
Pensioenfonds Detailhandel	New Flyer Holdings Inc	Equity	2026	1.089.881	EUR	https://pensioenfondsdetailhandel.nl/content/Publicaties/Beleggingen-Pensioenfonds-Detailhandel.pdf
Pensioenfonds Detailhandel	New Fortress Energy Inc	Equity	2026	37.030	EUR	https://pensioenfondsdetailhandel.nl/content/Publicaties/Beleggingen-Pensioenfonds-Detailhandel.pdf
Pensioenfonds Detailhandel	New Immo Holding SA	Equity	2026	1.201.123	EUR	https://pensioenfondsdetailhandel.nl/content/Publicaties/Beleggingen-Pensioenfonds-Detailhandel.pdf
Pensioenfonds Detailhandel	Newell Brands Inc	Equity	2026	4.536.629	EUR	https://pensioenfondsdetailhandel.nl/content/Publicaties/Beleggingen-Pensioenfonds-Detailhandel.pdf
Pensioenfonds Detailhandel	Nexans SA	Equity	2026	1.244.938	EUR	https://pensioenfondsdetailhandel.nl/content/Publicaties/Beleggingen-Pensioenfonds-Detailhandel.pdf
Pensioenfonds Detailhandel	Nexstar Media Inc	Equity	2026	3.598.823	EUR	https://pensioenfondsdetailhandel.nl/content/Publicaties/Beleggingen-Pensioenfonds-Detailhandel.pdf
Pensioenfonds Detailhandel	NFE Financing LLC	Equity	2026	370.544	EUR	https://pensioenfondsdetailhandel.nl/content/Publicaties/Beleggingen-Pensioenfonds-Detailhandel.pdf
Pensioenfonds Detailhandel	NGL Energy Operating LLC / NGL Energy Fi	Equity	2026	456.217	EUR	https://pensioenfondsdetailhandel.nl/content/Publicaties/Beleggingen-Pensioenfonds-Detailhandel.pdf
Pensioenfonds Detailhandel	Nidda Healthcare Holding GmbH	Equity	2026	502.620	EUR	https://pensioenfondsdetailhandel.nl/content/Publicaties/Beleggingen-Pensioenfonds-Detailhandel.pdf
Pensioenfonds Detailhandel	Nissan Motor Acceptance Co LLC	Equity	2026	5.649.944	EUR	https://pensioenfondsdetailhandel.nl/content/Publicaties/Beleggingen-Pensioenfonds-Detailhandel.pdf
Pensioenfonds Detailhandel	Nissan Motor Co Ltd	Equity	2026	8.772.583	EUR	https://pensioenfondsdetailhandel.nl/content/Publicaties/Beleggingen-Pensioenfonds-Detailhandel.pdf
Pensioenfonds Detailhandel	NJJ Continental SA	Equity	2026	536.075	EUR	https://pensioenfondsdetailhandel.nl/content/Publicaties/Beleggingen-Pensioenfonds-Detailhandel.pdf
Pensioenfonds Detailhandel	Nomad Foods Bondco PLC	Equity	2026	1.454.923	EUR	https://pensioenfondsdetailhandel.nl/content/Publicaties/Beleggingen-Pensioenfonds-Detailhandel.pdf
Pensioenfonds Detailhandel	Nordstrom Inc	Equity	2026	1.977.405	EUR	https://pensioenfondsdetailhandel.nl/content/Publicaties/Beleggingen-Pensioenfonds-Detailhandel.pdf
Pensioenfonds Detailhandel	Northern Oil & Gas Inc	Equity	2026	311.541	EUR	https://pensioenfondsdetailhandel.nl/content/Publicaties/Beleggingen-Pensioenfonds-Detailhandel.pdf
Pensioenfonds Detailhandel	Northriver Midstream Finance LP	Equity	2026	799.847	EUR	https://pensioenfondsdetailhandel.nl/content/Publicaties/Beleggingen-Pensioenfonds-Detailhandel.pdf
Pensioenfonds Detailhandel	NOVA Chemicals Corp	Equity	2026	398.831	EUR	https://pensioenfondsdetailhandel.nl/content/Publicaties/Beleggingen-Pensioenfonds-Detailhandel.pdf
Pensioenfonds Detailhandel	Nova Securitisation Sarl	Equity	2026	5.900.162	EUR	https://pensioenfondsdetailhandel.nl/content/Publicaties/Beleggingen-Pensioenfonds-Detailhandel.pdf
Pensioenfonds Detailhandel	NRG Energy Inc	Equity	2026	12.137.473	EUR	https://pensioenfondsdetailhandel.nl/content/Publicaties/Beleggingen-Pensioenfonds-Detailhandel.pdf
Pensioenfonds Detailhandel	NuStar Logistics LP	Equity	2026	366.548	EUR	https://pensioenfondsdetailhandel.nl/content/Publicaties/Beleggingen-Pensioenfonds-Detailhandel.pdf
Pensioenfonds Detailhandel	Ocado Group PLC	Equity	2026	1.634.534	EUR	https://pensioenfondsdetailhandel.nl/content/Publicaties/Beleggingen-Pensioenfonds-Detailhandel.pdf
Pensioenfonds Detailhandel	Odido Group Holding BV	Equity	2026	490.353	EUR	https://pensioenfondsdetailhandel.nl/content/Publicaties/Beleggingen-Pensioenfonds-Detailhandel.pdf
Pensioenfonds Detailhandel	Odido Holding BV	Equity	2026	786.900	EUR	https://pensioenfondsdetailhandel.nl/content/Publicaties/Beleggingen-Pensioenfonds-Detailhandel.pdf
Pensioenfonds Detailhandel	OEG Finance PLC	Equity	2026	103.573	EUR	https://pensioenfondsdetailhandel.nl/content/Publicaties/Beleggingen-Pensioenfonds-Detailhandel.pdf
Pensioenfonds Detailhandel	OI European Group BV	Equity	2026	663.100	EUR	https://pensioenfondsdetailhandel.nl/content/Publicaties/Beleggingen-Pensioenfonds-Detailhandel.pdf
Pensioenfonds Detailhandel	Olin Corp	Equity	2026	541.535	EUR	https://pensioenfondsdetailhandel.nl/content/Publicaties/Beleggingen-Pensioenfonds-Detailhandel.pdf
Pensioenfonds Detailhandel	Olympus Water US Holding Corp	Equity	2026	1.182.771	EUR	https://pensioenfondsdetailhandel.nl/content/Publicaties/Beleggingen-Pensioenfonds-Detailhandel.pdf
Pensioenfonds Detailhandel	OmGrid Funding Ltd	Equity	2026	437.027	EUR	https://pensioenfondsdetailhandel.nl/content/Publicaties/Beleggingen-Pensioenfonds-Detailhandel.pdf
Pensioenfonds Detailhandel	ON Semiconductor Corp	Equity	2026	1.134.245	EUR	https://pensioenfondsdetailhandel.nl/content/Publicaties/Beleggingen-Pensioenfonds-Detailhandel.pdf
Pensioenfonds Detailhandel	Open Text Corp	Equity	2026	2.528.859	EUR	https://pensioenfondsdetailhandel.nl/content/Publicaties/Beleggingen-Pensioenfonds-Detailhandel.pdf
Pensioenfonds Detailhandel	Open Text Holdings Inc	Equity	2026	2.161.916	EUR	https://pensioenfondsdetailhandel.nl/content/Publicaties/Beleggingen-Pensioenfonds-Detailhandel.pdf
Pensioenfonds Detailhandel	Opmobility	Equity	2026	1.428.324	EUR	https://pensioenfondsdetailhandel.nl/content/Publicaties/Beleggingen-Pensioenfonds-Detailhandel.pdf
Pensioenfonds Detailhandel	Option Care Health Inc	Equity	2026	1.001.584	EUR	https://pensioenfondsdetailhandel.nl/content/Publicaties/Beleggingen-Pensioenfonds-Detailhandel.pdf
Pensioenfonds Detailhandel	Organon & Co / Organon Foreign Debt Co-I	Equity	2026	3.184.935	EUR	https://pensioenfondsdetailhandel.nl/content/Publicaties/Beleggingen-Pensioenfonds-Detailhandel.pdf
Pensioenfonds Detailhandel	Orsted AS	Equity	2026	26.415.688	EUR	https://pensioenfondsdetailhandel.nl/content/Publicaties/Beleggingen-Pensioenfonds-Detailhandel.pdf
Pensioenfonds Detailhandel	Oscar AcquisitionCo LLC / Oscar Finance	Equity	2026	46.704	EUR	https://pensioenfondsdetailhandel.nl/content/Publicaties/Beleggingen-Pensioenfonds-Detailhandel.pdf
Pensioenfonds Detailhandel	Outfront Media Capital LLC / Outfront Me	Equity	2026	1.330.195	EUR	https://pensioenfondsdetailhandel.nl/content/Publicaties/Beleggingen-Pensioenfonds-Detailhandel.pdf
Pensioenfonds Detailhandel	OVH Groupe SA	Equity	2026	514.733	EUR	https://pensioenfondsdetailhandel.nl/content/Publicaties/Beleggingen-Pensioenfonds-Detailhandel.pdf
Pensioenfonds Detailhandel	Owens-Brockway Glass Container Inc	Equity	2026	762.974	EUR	https://pensioenfondsdetailhandel.nl/content/Publicaties/Beleggingen-Pensioenfonds-Detailhandel.pdf
Pensioenfonds Detailhandel	Oztel Holdings SPC Ltd	Equity	2026	731.563	EUR	https://pensioenfondsdetailhandel.nl/content/Publicaties/Beleggingen-Pensioenfonds-Detailhandel.pdf
Pensioenfonds Detailhandel	Pagaya US Holdings Co LLC	Equity	2026	342.427	EUR	https://pensioenfondsdetailhandel.nl/content/Publicaties/Beleggingen-Pensioenfonds-Detailhandel.pdf
Pensioenfonds Detailhandel	Paprec Holding SA	Equity	2026	148.720	EUR	https://pensioenfondsdetailhandel.nl/content/Publicaties/Beleggingen-Pensioenfonds-Detailhandel.pdf
Pensioenfonds Detailhandel	Paradigm Parent LLC and Paradigm Parent	Equity	2026	112.758	EUR	https://pensioenfondsdetailhandel.nl/content/Publicaties/Beleggingen-Pensioenfonds-Detailhandel.pdf
Pensioenfonds Detailhandel	Paramount Global	Equity	2026	1.071.964	EUR	https://pensioenfondsdetailhandel.nl/content/Publicaties/Beleggingen-Pensioenfonds-Detailhandel.pdf
Pensioenfonds Detailhandel	Park Intermediate Holdings LLC / PK Dome	Equity	2026	2.400.359	EUR	https://pensioenfondsdetailhandel.nl/content/Publicaties/Beleggingen-Pensioenfonds-Detailhandel.pdf
Pensioenfonds Detailhandel	Park River Holdings Inc	Equity	2026	190.736	EUR	https://pensioenfondsdetailhandel.nl/content/Publicaties/Beleggingen-Pensioenfonds-Detailhandel.pdf
Pensioenfonds Detailhandel	Patrick Industries Inc	Equity	2026	108.690	EUR	https://pensioenfondsdetailhandel.nl/content/Publicaties/Beleggingen-Pensioenfonds-Detailhandel.pdf
Pensioenfonds Detailhandel	Pattern Energy Operations LP / Pattern E	Equity	2026	2.288.855	EUR	https://pensioenfondsdetailhandel.nl/content/Publicaties/Beleggingen-Pensioenfonds-Detailhandel.pdf
Pensioenfonds Detailhandel	PBF Holding Co LLC / PBF Finance Corp	Equity	2026	459.513	EUR	https://pensioenfondsdetailhandel.nl/content/Publicaties/Beleggingen-Pensioenfonds-Detailhandel.pdf
Pensioenfonds Detailhandel	Penske Automotive Group Inc	Equity	2026	438.558	EUR	https://pensioenfondsdetailhandel.nl/content/Publicaties/Beleggingen-Pensioenfonds-Detailhandel.pdf
Pensioenfonds Detailhandel	Performance Food Group Inc	Equity	2026	2.685.666	EUR	https://pensioenfondsdetailhandel.nl/content/Publicaties/Beleggingen-Pensioenfonds-Detailhandel.pdf
Pensioenfonds Detailhandel	Perimeter Holdings LLC	Equity	2026	766.908	EUR	https://pensioenfondsdetailhandel.nl/content/Publicaties/Beleggingen-Pensioenfonds-Detailhandel.pdf
Pensioenfonds Detailhandel	Perrigo Finance Unlimited Co	Equity	2026	834.186	EUR	https://pensioenfondsdetailhandel.nl/content/Publicaties/Beleggingen-Pensioenfonds-Detailhandel.pdf
Pensioenfonds Detailhandel	Peru LNG Srl	Equity	2026	224.736	EUR	https://pensioenfondsdetailhandel.nl/content/Publicaties/Beleggingen-Pensioenfonds-Detailhandel.pdf
Pensioenfonds Detailhandel	PetSmart LLC / PetSmart Finance Corp	Equity	2026	437.512	EUR	https://pensioenfondsdetailhandel.nl/content/Publicaties/Beleggingen-Pensioenfonds-Detailhandel.pdf
Pensioenfonds Detailhandel	PG&E Corp	Equity	2026	6.966.659	EUR	https://pensioenfondsdetailhandel.nl/content/Publicaties/Beleggingen-Pensioenfonds-Detailhandel.pdf
Pensioenfonds Detailhandel	Picard Groupe SAS	Equity	2026	231.248	EUR	https://pensioenfondsdetailhandel.nl/content/Publicaties/Beleggingen-Pensioenfonds-Detailhandel.pdf
Pensioenfonds Detailhandel	Pinewood Finco PLC	Equity	2026	448.750	EUR	https://pensioenfondsdetailhandel.nl/content/Publicaties/Beleggingen-Pensioenfonds-Detailhandel.pdf
Pensioenfonds Detailhandel	Pinnacle Bidco PLC	Equity	2026	154.548	EUR	https://pensioenfondsdetailhandel.nl/content/Publicaties/Beleggingen-Pensioenfonds-Detailhandel.pdf
Pensioenfonds Detailhandel	Playtika Holding Corp	Equity	2026	166.322	EUR	https://pensioenfondsdetailhandel.nl/content/Publicaties/Beleggingen-Pensioenfonds-Detailhandel.pdf
Pensioenfonds Detailhandel	Pluspetrol SA	Equity	2026	276.212	EUR	https://pensioenfondsdetailhandel.nl/content/Publicaties/Beleggingen-Pensioenfonds-Detailhandel.pdf
Pensioenfonds Detailhandel	PM General Purchaser LLC	Equity	2026	106.228	EUR	https://pensioenfondsdetailhandel.nl/content/Publicaties/Beleggingen-Pensioenfonds-Detailhandel.pdf
Pensioenfonds Detailhandel	Post Holdings Inc	Equity	2026	3.568.522	EUR	https://pensioenfondsdetailhandel.nl/content/Publicaties/Beleggingen-Pensioenfonds-Detailhandel.pdf
Pensioenfonds Detailhandel	Premier Entertainment Sub LLC / Premier	Equity	2026	786.692	EUR	https://pensioenfondsdetailhandel.nl/content/Publicaties/Beleggingen-Pensioenfonds-Detailhandel.pdf
Pensioenfonds Detailhandel	Premier Foods Finance PLC	Equity	2026	576.744	EUR	https://pensioenfondsdetailhandel.nl/content/Publicaties/Beleggingen-Pensioenfonds-Detailhandel.pdf
Pensioenfonds Detailhandel	Prestige Brands Inc	Equity	2026	474.905	EUR	https://pensioenfondsdetailhandel.nl/content/Publicaties/Beleggingen-Pensioenfonds-Detailhandel.pdf
Pensioenfonds Detailhandel	Prime Healthcare Services Inc	Equity	2026	394.457	EUR	https://pensioenfondsdetailhandel.nl/content/Publicaties/Beleggingen-Pensioenfonds-Detailhandel.pdf
Pensioenfonds Detailhandel	Prime Security Services Borrower LLC / P	Equity	2026	1.028.253	EUR	https://pensioenfondsdetailhandel.nl/content/Publicaties/Beleggingen-Pensioenfonds-Detailhandel.pdf
Pensioenfonds Detailhandel	Primo Water Holdings Inc / Triton Water	Equity	2026	1.056.474	EUR	https://pensioenfondsdetailhandel.nl/content/Publicaties/Beleggingen-Pensioenfonds-Detailhandel.pdf
Pensioenfonds Detailhandel	PRIO Luxembourg Holding Sarl	Equity	2026	348.507	EUR	https://pensioenfondsdetailhandel.nl/content/Publicaties/Beleggingen-Pensioenfonds-Detailhandel.pdf
Pensioenfonds Detailhandel	Prysmian SpA	Equity	2026	1.154.535	EUR	https://pensioenfondsdetailhandel.nl/content/Publicaties/Beleggingen-Pensioenfonds-Detailhandel.pdf
Pensioenfonds Detailhandel	PTC Inc	Equity	2026	416.669	EUR	https://pensioenfondsdetailhandel.nl/content/Publicaties/Beleggingen-Pensioenfonds-Detailhandel.pdf
Pensioenfonds Detailhandel	Puma International Financing SA	Equity	2026	182.947	EUR	https://pensioenfondsdetailhandel.nl/content/Publicaties/Beleggingen-Pensioenfonds-Detailhandel.pdf
Pensioenfonds Detailhandel	Q-Park Holding I BV	Equity	2026	151.770	EUR	https://pensioenfondsdetailhandel.nl/content/Publicaties/Beleggingen-Pensioenfonds-Detailhandel.pdf
Pensioenfonds Detailhandel	Qnity Electronics Inc	Equity	2026	439.495	EUR	https://pensioenfondsdetailhandel.nl/content/Publicaties/Beleggingen-Pensioenfonds-Detailhandel.pdf
Pensioenfonds Detailhandel	Quikrete Holdings Inc	Equity	2026	1.327.680	EUR	https://pensioenfondsdetailhandel.nl/content/Publicaties/Beleggingen-Pensioenfonds-Detailhandel.pdf
Pensioenfonds Detailhandel	QVC Inc	Equity	2026	167.851	EUR	https://pensioenfondsdetailhandel.nl/content/Publicaties/Beleggingen-Pensioenfonds-Detailhandel.pdf
Pensioenfonds Detailhandel	QXO Building Products Inc	Equity	2026	545.897	EUR	https://pensioenfondsdetailhandel.nl/content/Publicaties/Beleggingen-Pensioenfonds-Detailhandel.pdf
Pensioenfonds Detailhandel	RAC Bond Co PLC	Equity	2026	115.762	EUR	https://pensioenfondsdetailhandel.nl/content/Publicaties/Beleggingen-Pensioenfonds-Detailhandel.pdf
Pensioenfonds Detailhandel	Radiate Holdco LLC / Radiate Finance Inc	Equity	2026	146.623	EUR	https://pensioenfondsdetailhandel.nl/content/Publicaties/Beleggingen-Pensioenfonds-Detailhandel.pdf
Pensioenfonds Detailhandel	Radiology Partners Inc	Equity	2026	778.544	EUR	https://pensioenfondsdetailhandel.nl/content/Publicaties/Beleggingen-Pensioenfonds-Detailhandel.pdf
Pensioenfonds Detailhandel	Rakuten Group Inc	Equity	2026	12.114.265	EUR	https://pensioenfondsdetailhandel.nl/content/Publicaties/Beleggingen-Pensioenfonds-Detailhandel.pdf
Pensioenfonds Detailhandel	Rand Parent LLC	Equity	2026	315.123	EUR	https://pensioenfondsdetailhandel.nl/content/Publicaties/Beleggingen-Pensioenfonds-Detailhandel.pdf
Pensioenfonds Detailhandel	Range Resources Corp	Equity	2026	425.762	EUR	https://pensioenfondsdetailhandel.nl/content/Publicaties/Beleggingen-Pensioenfonds-Detailhandel.pdf
Pensioenfonds Detailhandel	Raven Acquisition Holdings LLC	Equity	2026	343.700	EUR	https://pensioenfondsdetailhandel.nl/content/Publicaties/Beleggingen-Pensioenfonds-Detailhandel.pdf
Pensioenfonds Detailhandel	RB Global Holdings Inc	Equity	2026	694.514	EUR	https://pensioenfondsdetailhandel.nl/content/Publicaties/Beleggingen-Pensioenfonds-Detailhandel.pdf
Pensioenfonds Detailhandel	RCI Banque SA	Equity	2026	2.725.910	EUR	https://pensioenfondsdetailhandel.nl/content/Publicaties/Beleggingen-Pensioenfonds-Detailhandel.pdf
Pensioenfonds Detailhandel	Real Hero Merger Sub 2 Inc	Equity	2026	37.401	EUR	https://pensioenfondsdetailhandel.nl/content/Publicaties/Beleggingen-Pensioenfonds-Detailhandel.pdf
Pensioenfonds Detailhandel	Rede D'or Finance Sarl	Equity	2026	5.546.074	EUR	https://pensioenfondsdetailhandel.nl/content/Publicaties/Beleggingen-Pensioenfonds-Detailhandel.pdf
Pensioenfonds Detailhandel	Renew Treasury Ifsc Pvt Ltd	Equity	2026	4.597.298	EUR	https://pensioenfondsdetailhandel.nl/content/Publicaties/Beleggingen-Pensioenfonds-Detailhandel.pdf
Pensioenfonds Detailhandel	ReNew Wind Energy AP2 / ReNew Power Pvt	Equity	2026	4.217.006	EUR	https://pensioenfondsdetailhandel.nl/content/Publicaties/Beleggingen-Pensioenfonds-Detailhandel.pdf
Pensioenfonds Detailhandel	Resideo Funding Inc	Equity	2026	488.141	EUR	https://pensioenfondsdetailhandel.nl/content/Publicaties/Beleggingen-Pensioenfonds-Detailhandel.pdf
Pensioenfonds Detailhandel	Rexel SA	Equity	2026	1.255.781	EUR	https://pensioenfondsdetailhandel.nl/content/Publicaties/Beleggingen-Pensioenfonds-Detailhandel.pdf
Pensioenfonds Detailhandel	Rivers Enterprise Borrower LLC	Equity	2026	147.144	EUR	https://pensioenfondsdetailhandel.nl/content/Publicaties/Beleggingen-Pensioenfonds-Detailhandel.pdf
Pensioenfonds Detailhandel	Rivers Enterprise Borrower LLC / Rivers	Equity	2026	174.191	EUR	https://pensioenfondsdetailhandel.nl/content/Publicaties/Beleggingen-Pensioenfonds-Detailhandel.pdf
Pensioenfonds Detailhandel	Rocket Software Inc	Equity	2026	277.752	EUR	https://pensioenfondsdetailhandel.nl/content/Publicaties/Beleggingen-Pensioenfonds-Detailhandel.pdf
Pensioenfonds Detailhandel	Rockies Express Pipeline LLC	Equity	2026	397.784	EUR	https://pensioenfondsdetailhandel.nl/content/Publicaties/Beleggingen-Pensioenfonds-Detailhandel.pdf
Pensioenfonds Detailhandel	Rogers Communications Inc	Equity	2026	4.819.524	EUR	https://pensioenfondsdetailhandel.nl/content/Publicaties/Beleggingen-Pensioenfonds-Detailhandel.pdf
Pensioenfonds Detailhandel	Roller Bearing Co of America Inc	Equity	2026	374.427	EUR	https://pensioenfondsdetailhandel.nl/content/Publicaties/Beleggingen-Pensioenfonds-Detailhandel.pdf
Pensioenfonds Detailhandel	Roquette Freres SA	Equity	2026	400.643	EUR	https://pensioenfondsdetailhandel.nl/content/Publicaties/Beleggingen-Pensioenfonds-Detailhandel.pdf
Pensioenfonds Detailhandel	Rossini Sarl	Equity	2026	104.761	EUR	https://pensioenfondsdetailhandel.nl/content/Publicaties/Beleggingen-Pensioenfonds-Detailhandel.pdf
Pensioenfonds Detailhandel	RR Donnelley & Sons Co	Equity	2026	847.627	EUR	https://pensioenfondsdetailhandel.nl/content/Publicaties/Beleggingen-Pensioenfonds-Detailhandel.pdf
Pensioenfonds Detailhandel	Rumo Luxembourg Sarl	Equity	2026	4.403.770	EUR	https://pensioenfondsdetailhandel.nl/content/Publicaties/Beleggingen-Pensioenfonds-Detailhandel.pdf
Pensioenfonds Detailhandel	S&S Holdings LLC	Equity	2026	134.715	EUR	https://pensioenfondsdetailhandel.nl/content/Publicaties/Beleggingen-Pensioenfonds-Detailhandel.pdf
Pensioenfonds Detailhandel	Sabesp Lux Sarl	Equity	2026	3.963.515	EUR	https://pensioenfondsdetailhandel.nl/content/Publicaties/Beleggingen-Pensioenfonds-Detailhandel.pdf
Pensioenfonds Detailhandel	Sable International Finance Ltd	Equity	2026	1.062.970	EUR	https://pensioenfondsdetailhandel.nl/content/Publicaties/Beleggingen-Pensioenfonds-Detailhandel.pdf
Pensioenfonds Detailhandel	Sabre Financial Borrower LLC	Equity	2026	854.911	EUR	https://pensioenfondsdetailhandel.nl/content/Publicaties/Beleggingen-Pensioenfonds-Detailhandel.pdf
Pensioenfonds Detailhandel	Sabre GLBL Inc	Equity	2026	851.655	EUR	https://pensioenfondsdetailhandel.nl/content/Publicaties/Beleggingen-Pensioenfonds-Detailhandel.pdf
Pensioenfonds Detailhandel	Saipem Finance International BV	Equity	2026	2.199.622	EUR	https://pensioenfondsdetailhandel.nl/content/Publicaties/Beleggingen-Pensioenfonds-Detailhandel.pdf
Pensioenfonds Detailhandel	Saks Global Enterprises LLC	Equity	2026	7.565	EUR	https://pensioenfondsdetailhandel.nl/content/Publicaties/Beleggingen-Pensioenfonds-Detailhandel.pdf
Pensioenfonds Detailhandel	Sally Holdings LLC / Sally Capital Inc	Equity	2026	321.597	EUR	https://pensioenfondsdetailhandel.nl/content/Publicaties/Beleggingen-Pensioenfonds-Detailhandel.pdf
Pensioenfonds Detailhandel	SBA Communications Corp	Equity	2026	2.459.376	EUR	https://pensioenfondsdetailhandel.nl/content/Publicaties/Beleggingen-Pensioenfonds-Detailhandel.pdf
Pensioenfonds Detailhandel	Schaeffler AG	Equity	2026	6.395.073	EUR	https://pensioenfondsdetailhandel.nl/content/Publicaties/Beleggingen-Pensioenfonds-Detailhandel.pdf
Pensioenfonds Detailhandel	Science Applications International Corp	Equity	2026	620.050	EUR	https://pensioenfondsdetailhandel.nl/content/Publicaties/Beleggingen-Pensioenfonds-Detailhandel.pdf
Pensioenfonds Detailhandel	Scientific Games Holdings LP/Scientific	Equity	2026	886.683	EUR	https://pensioenfondsdetailhandel.nl/content/Publicaties/Beleggingen-Pensioenfonds-Detailhandel.pdf
Pensioenfonds Detailhandel	SCIH Salt Holdings Inc	Equity	2026	488.414	EUR	https://pensioenfondsdetailhandel.nl/content/Publicaties/Beleggingen-Pensioenfonds-Detailhandel.pdf
Pensioenfonds Detailhandel	Scripps Escrow II Inc	Equity	2026	238.910	EUR	https://pensioenfondsdetailhandel.nl/content/Publicaties/Beleggingen-Pensioenfonds-Detailhandel.pdf
Pensioenfonds Detailhandel	Seadrill Finance Ltd	Equity	2026	272.901	EUR	https://pensioenfondsdetailhandel.nl/content/Publicaties/Beleggingen-Pensioenfonds-Detailhandel.pdf
Pensioenfonds Detailhandel	Seagate Data Storage Technology Pte Ltd	Equity	2026	1.378.501	EUR	https://pensioenfondsdetailhandel.nl/content/Publicaties/Beleggingen-Pensioenfonds-Detailhandel.pdf
Pensioenfonds Detailhandel	Sealed Air Corp/Sealed Air Corp US	Equity	2026	1.100.674	EUR	https://pensioenfondsdetailhandel.nl/content/Publicaties/Beleggingen-Pensioenfonds-Detailhandel.pdf
Pensioenfonds Detailhandel	Seaspan Corp	Equity	2026	328.447	EUR	https://pensioenfondsdetailhandel.nl/content/Publicaties/Beleggingen-Pensioenfonds-Detailhandel.pdf
Pensioenfonds Detailhandel	SeaWorld Parks & Entertainment Inc	Equity	2026	521.742	EUR	https://pensioenfondsdetailhandel.nl/content/Publicaties/Beleggingen-Pensioenfonds-Detailhandel.pdf
Pensioenfonds Detailhandel	Select Medical Corp	Equity	2026	1.001.656	EUR	https://pensioenfondsdetailhandel.nl/content/Publicaties/Beleggingen-Pensioenfonds-Detailhandel.pdf
Pensioenfonds Detailhandel	Sensata Technologies BV	Equity	2026	1.727.572	EUR	https://pensioenfondsdetailhandel.nl/content/Publicaties/Beleggingen-Pensioenfonds-Detailhandel.pdf
Pensioenfonds Detailhandel	Sensata Technologies Inc	Equity	2026	1.725.312	EUR	https://pensioenfondsdetailhandel.nl/content/Publicaties/Beleggingen-Pensioenfonds-Detailhandel.pdf
Pensioenfonds Detailhandel	SEPLAT Energy PLC	Equity	2026	184.183	EUR	https://pensioenfondsdetailhandel.nl/content/Publicaties/Beleggingen-Pensioenfonds-Detailhandel.pdf
Pensioenfonds Detailhandel	Service Corp International/US	Equity	2026	2.450.615	EUR	https://pensioenfondsdetailhandel.nl/content/Publicaties/Beleggingen-Pensioenfonds-Detailhandel.pdf
Pensioenfonds Detailhandel	SES SA	Equity	2026	6.057.149	EUR	https://pensioenfondsdetailhandel.nl/content/Publicaties/Beleggingen-Pensioenfonds-Detailhandel.pdf
Pensioenfonds Detailhandel	SGUS LLC	Equity	2026	384.294	EUR	https://pensioenfondsdetailhandel.nl/content/Publicaties/Beleggingen-Pensioenfonds-Detailhandel.pdf
Pensioenfonds Detailhandel	Shift4 Payments LLC / Shift4 Payments Fi	Equity	2026	1.027.307	EUR	https://pensioenfondsdetailhandel.nl/content/Publicaties/Beleggingen-Pensioenfonds-Detailhandel.pdf
Pensioenfonds Detailhandel	Shutterfly Finance LLC	Equity	2026	178.019	EUR	https://pensioenfondsdetailhandel.nl/content/Publicaties/Beleggingen-Pensioenfonds-Detailhandel.pdf
Pensioenfonds Detailhandel	SierraCol Energy Andina LLC/SierraCol En	Equity	2026	178.658	EUR	https://pensioenfondsdetailhandel.nl/content/Publicaties/Beleggingen-Pensioenfonds-Detailhandel.pdf
Pensioenfonds Detailhandel	Silgan Holdings Inc	Equity	2026	467.972	EUR	https://pensioenfondsdetailhandel.nl/content/Publicaties/Beleggingen-Pensioenfonds-Detailhandel.pdf
Pensioenfonds Detailhandel	Simmons Foods Inc/Simmons Prepared Foods	Equity	2026	532.514	EUR	https://pensioenfondsdetailhandel.nl/content/Publicaties/Beleggingen-Pensioenfonds-Detailhandel.pdf
Pensioenfonds Detailhandel	Simpar Europe SA	Equity	2026	888.272	EUR	https://pensioenfondsdetailhandel.nl/content/Publicaties/Beleggingen-Pensioenfonds-Detailhandel.pdf
Pensioenfonds Detailhandel	Sinclair Television Group Inc	Equity	2026	597.166	EUR	https://pensioenfondsdetailhandel.nl/content/Publicaties/Beleggingen-Pensioenfonds-Detailhandel.pdf
Pensioenfonds Detailhandel	Sirius XM Radio LLC	Equity	2026	9.352.112	EUR	https://pensioenfondsdetailhandel.nl/content/Publicaties/Beleggingen-Pensioenfonds-Detailhandel.pdf
Pensioenfonds Detailhandel	Sisecam UK PLC	Equity	2026	725.306	EUR	https://pensioenfondsdetailhandel.nl/content/Publicaties/Beleggingen-Pensioenfonds-Detailhandel.pdf
Pensioenfonds Detailhandel	Six Flags Entertainment Corp	Equity	2026	197.663	EUR	https://pensioenfondsdetailhandel.nl/content/Publicaties/Beleggingen-Pensioenfonds-Detailhandel.pdf
Pensioenfonds Detailhandel	Six Flags Entertainment Corp /Six Flags	Equity	2026	44.489	EUR	https://pensioenfondsdetailhandel.nl/content/Publicaties/Beleggingen-Pensioenfonds-Detailhandel.pdf
Pensioenfonds Detailhandel	Six Flags Entertainment Corp/Canada's Wo	Equity	2026	249.659	EUR	https://pensioenfondsdetailhandel.nl/content/Publicaties/Beleggingen-Pensioenfonds-Detailhandel.pdf
Pensioenfonds Detailhandel	SK Invictus Intermediate II Sarl	Equity	2026	583.692	EUR	https://pensioenfondsdetailhandel.nl/content/Publicaties/Beleggingen-Pensioenfonds-Detailhandel.pdf
Pensioenfonds Detailhandel	SM Energy Co	Equity	2026	3.564.207	EUR	https://pensioenfondsdetailhandel.nl/content/Publicaties/Beleggingen-Pensioenfonds-Detailhandel.pdf
Pensioenfonds Detailhandel	Smyrna Ready Mix Concrete LLC	Equity	2026	181.740	EUR	https://pensioenfondsdetailhandel.nl/content/Publicaties/Beleggingen-Pensioenfonds-Detailhandel.pdf
Pensioenfonds Detailhandel	Snap Inc	Equity	2026	1.407.642	EUR	https://pensioenfondsdetailhandel.nl/content/Publicaties/Beleggingen-Pensioenfonds-Detailhandel.pdf
Pensioenfonds Detailhandel	Sobha Sukuk Ltd	Equity	2026	166.468	EUR	https://pensioenfondsdetailhandel.nl/content/Publicaties/Beleggingen-Pensioenfonds-Detailhandel.pdf
Pensioenfonds Detailhandel	SoftBank Group Corp	Equity	2026	11.498.054	EUR	https://pensioenfondsdetailhandel.nl/content/Publicaties/Beleggingen-Pensioenfonds-Detailhandel.pdf
Pensioenfonds Detailhandel	Somnigroup International Inc	Equity	2026	1.248.292	EUR	https://pensioenfondsdetailhandel.nl/content/Publicaties/Beleggingen-Pensioenfonds-Detailhandel.pdf
Pensioenfonds Detailhandel	Sonic Automotive Inc	Equity	2026	106.583	EUR	https://pensioenfondsdetailhandel.nl/content/Publicaties/Beleggingen-Pensioenfonds-Detailhandel.pdf
Pensioenfonds Detailhandel	Sotera Health Holdings LLC	Equity	2026	706.751	EUR	https://pensioenfondsdetailhandel.nl/content/Publicaties/Beleggingen-Pensioenfonds-Detailhandel.pdf
Pensioenfonds Detailhandel	Sotheby's	Equity	2026	619.558	EUR	https://pensioenfondsdetailhandel.nl/content/Publicaties/Beleggingen-Pensioenfonds-Detailhandel.pdf
Pensioenfonds Detailhandel	South Bow Canadian Infrastructure Holdin	Equity	2026	90.907	EUR	https://pensioenfondsdetailhandel.nl/content/Publicaties/Beleggingen-Pensioenfonds-Detailhandel.pdf
Pensioenfonds Detailhandel	Specialty Building Products Holdings LLC	Equity	2026	112.187	EUR	https://pensioenfondsdetailhandel.nl/content/Publicaties/Beleggingen-Pensioenfonds-Detailhandel.pdf
Pensioenfonds Detailhandel	SPIE SA	Equity	2026	1.117.253	EUR	https://pensioenfondsdetailhandel.nl/content/Publicaties/Beleggingen-Pensioenfonds-Detailhandel.pdf
Pensioenfonds Detailhandel	SPX FLOW Inc	Equity	2026	240.465	EUR	https://pensioenfondsdetailhandel.nl/content/Publicaties/Beleggingen-Pensioenfonds-Detailhandel.pdf
Pensioenfonds Detailhandel	SS&C Technologies Inc	Equity	2026	1.165.679	EUR	https://pensioenfondsdetailhandel.nl/content/Publicaties/Beleggingen-Pensioenfonds-Detailhandel.pdf
Pensioenfonds Detailhandel	Stagwell Global LLC	Equity	2026	37.464	EUR	https://pensioenfondsdetailhandel.nl/content/Publicaties/Beleggingen-Pensioenfonds-Detailhandel.pdf
Pensioenfonds Detailhandel	Standard Building Solutions Inc	Equity	2026	681.817	EUR	https://pensioenfondsdetailhandel.nl/content/Publicaties/Beleggingen-Pensioenfonds-Detailhandel.pdf
Pensioenfonds Detailhandel	Standard Industries Inc/NY	Equity	2026	799.084	EUR	https://pensioenfondsdetailhandel.nl/content/Publicaties/Beleggingen-Pensioenfonds-Detailhandel.pdf
Pensioenfonds Detailhandel	Staples Inc	Equity	2026	669.027	EUR	https://pensioenfondsdetailhandel.nl/content/Publicaties/Beleggingen-Pensioenfonds-Detailhandel.pdf
Pensioenfonds Detailhandel	Star Leasing Co LLC	Equity	2026	162.326	EUR	https://pensioenfondsdetailhandel.nl/content/Publicaties/Beleggingen-Pensioenfonds-Detailhandel.pdf
Pensioenfonds Detailhandel	Star Parent Inc	Equity	2026	229.860	EUR	https://pensioenfondsdetailhandel.nl/content/Publicaties/Beleggingen-Pensioenfonds-Detailhandel.pdf
Pensioenfonds Detailhandel	Station Casinos LLC	Equity	2026	561.978	EUR	https://pensioenfondsdetailhandel.nl/content/Publicaties/Beleggingen-Pensioenfonds-Detailhandel.pdf
Pensioenfonds Detailhandel	Stellantis NV	Equity	2026	6.660.772	EUR	https://pensioenfondsdetailhandel.nl/content/Publicaties/Beleggingen-Pensioenfonds-Detailhandel.pdf
Pensioenfonds Detailhandel	Stillwater Mining Co	Equity	2026	672.409	EUR	https://pensioenfondsdetailhandel.nl/content/Publicaties/Beleggingen-Pensioenfonds-Detailhandel.pdf
Pensioenfonds Detailhandel	Stonegate Pub Co Financing 2019 PLC	Equity	2026	550.450	EUR	https://pensioenfondsdetailhandel.nl/content/Publicaties/Beleggingen-Pensioenfonds-Detailhandel.pdf
Pensioenfonds Detailhandel	Stonepeak Nile Parent LLC	Equity	2026	90.550	EUR	https://pensioenfondsdetailhandel.nl/content/Publicaties/Beleggingen-Pensioenfonds-Detailhandel.pdf
Pensioenfonds Detailhandel	Studio City Finance Ltd	Equity	2026	984.520	EUR	https://pensioenfondsdetailhandel.nl/content/Publicaties/Beleggingen-Pensioenfonds-Detailhandel.pdf
Pensioenfonds Detailhandel	Suburban Propane Partners LP/Suburban En	Equity	2026	560.964	EUR	https://pensioenfondsdetailhandel.nl/content/Publicaties/Beleggingen-Pensioenfonds-Detailhandel.pdf
Pensioenfonds Detailhandel	Summer BC Holdco B SARL	Equity	2026	108.661	EUR	https://pensioenfondsdetailhandel.nl/content/Publicaties/Beleggingen-Pensioenfonds-Detailhandel.pdf
Pensioenfonds Detailhandel	Summit Midstream Holdings LLC	Equity	2026	230.054	EUR	https://pensioenfondsdetailhandel.nl/content/Publicaties/Beleggingen-Pensioenfonds-Detailhandel.pdf
Pensioenfonds Detailhandel	Sunoco LP	Equity	2026	5.052.889	EUR	https://pensioenfondsdetailhandel.nl/content/Publicaties/Beleggingen-Pensioenfonds-Detailhandel.pdf
Pensioenfonds Detailhandel	Sunoco LP / Sunoco Finance Corp	Equity	2026	1.572.936	EUR	https://pensioenfondsdetailhandel.nl/content/Publicaties/Beleggingen-Pensioenfonds-Detailhandel.pdf
Pensioenfonds Detailhandel	Sunrise FinCo I BV	Equity	2026	2.349.328	EUR	https://pensioenfondsdetailhandel.nl/content/Publicaties/Beleggingen-Pensioenfonds-Detailhandel.pdf
Pensioenfonds Detailhandel	Superior Plus LP / Superior General Part	Equity	2026	486.359	EUR	https://pensioenfondsdetailhandel.nl/content/Publicaties/Beleggingen-Pensioenfonds-Detailhandel.pdf
Pensioenfonds Detailhandel	Surgery Center Holdings Inc	Equity	2026	493.611	EUR	https://pensioenfondsdetailhandel.nl/content/Publicaties/Beleggingen-Pensioenfonds-Detailhandel.pdf
Pensioenfonds Detailhandel	SV RNO Property Owner 1 LLC	Equity	2026	863.158	EUR	https://pensioenfondsdetailhandel.nl/content/Publicaties/Beleggingen-Pensioenfonds-Detailhandel.pdf
Pensioenfonds Detailhandel	Synthos SA	Equity	2026	163.079	EUR	https://pensioenfondsdetailhandel.nl/content/Publicaties/Beleggingen-Pensioenfonds-Detailhandel.pdf
Pensioenfonds Detailhandel	TalkTalk Telecom Group Ltd	Equity	2026	467.749	EUR	https://pensioenfondsdetailhandel.nl/content/Publicaties/Beleggingen-Pensioenfonds-Detailhandel.pdf
Pensioenfonds Detailhandel	Tallgrass Energy Partners LP / Tallgrass	Equity	2026	2.675.374	EUR	https://pensioenfondsdetailhandel.nl/content/Publicaties/Beleggingen-Pensioenfonds-Detailhandel.pdf
Pensioenfonds Detailhandel	Talos Production Inc	Equity	2026	1.082.279	EUR	https://pensioenfondsdetailhandel.nl/content/Publicaties/Beleggingen-Pensioenfonds-Detailhandel.pdf
Pensioenfonds Detailhandel	Taseko Mines Ltd	Equity	2026	467.339	EUR	https://pensioenfondsdetailhandel.nl/content/Publicaties/Beleggingen-Pensioenfonds-Detailhandel.pdf
Pensioenfonds Detailhandel	Taylor Morrison Communities Inc	Equity	2026	543.722	EUR	https://pensioenfondsdetailhandel.nl/content/Publicaties/Beleggingen-Pensioenfonds-Detailhandel.pdf
Pensioenfonds Detailhandel	Team Health Holdings Inc	Equity	2026	761.062	EUR	https://pensioenfondsdetailhandel.nl/content/Publicaties/Beleggingen-Pensioenfonds-Detailhandel.pdf
Pensioenfonds Detailhandel	Techem Verwaltungsgesellschaft 675 mbH	Equity	2026	173.836	EUR	https://pensioenfondsdetailhandel.nl/content/Publicaties/Beleggingen-Pensioenfonds-Detailhandel.pdf
Pensioenfonds Detailhandel	Tecpetrol SA	Equity	2026	181.157	EUR	https://pensioenfondsdetailhandel.nl/content/Publicaties/Beleggingen-Pensioenfonds-Detailhandel.pdf
Pensioenfonds Detailhandel	Tele Columbus AG	Equity	2026	612.773	EUR	https://pensioenfondsdetailhandel.nl/content/Publicaties/Beleggingen-Pensioenfonds-Detailhandel.pdf
Pensioenfonds Detailhandel	Telecom Argentina SA	Equity	2026	614.680	EUR	https://pensioenfondsdetailhandel.nl/content/Publicaties/Beleggingen-Pensioenfonds-Detailhandel.pdf
Pensioenfonds Detailhandel	Telecom Italia Capital SA	Equity	2026	1.100.027	EUR	https://pensioenfondsdetailhandel.nl/content/Publicaties/Beleggingen-Pensioenfonds-Detailhandel.pdf
Pensioenfonds Detailhandel	Telecom Italia Finance SA	Equity	2026	2.088.454	EUR	https://pensioenfondsdetailhandel.nl/content/Publicaties/Beleggingen-Pensioenfonds-Detailhandel.pdf
Pensioenfonds Detailhandel	Telecom Italia SpA/Milano	Equity	2026	6.567.461	EUR	https://pensioenfondsdetailhandel.nl/content/Publicaties/Beleggingen-Pensioenfonds-Detailhandel.pdf
Pensioenfonds Detailhandel	Telecomunicaciones Digitales SA	Equity	2026	494.302	EUR	https://pensioenfondsdetailhandel.nl/content/Publicaties/Beleggingen-Pensioenfonds-Detailhandel.pdf
Pensioenfonds Detailhandel	Teleflex Inc	Equity	2026	2.121.327	EUR	https://pensioenfondsdetailhandel.nl/content/Publicaties/Beleggingen-Pensioenfonds-Detailhandel.pdf
Pensioenfonds Detailhandel	Telefonica Emisiones SA	Equity	2026	6.391.404	EUR	https://pensioenfondsdetailhandel.nl/content/Publicaties/Beleggingen-Pensioenfonds-Detailhandel.pdf
Pensioenfonds Detailhandel	Telefonica Europe BV	Equity	2026	19.740.097	EUR	https://pensioenfondsdetailhandel.nl/content/Publicaties/Beleggingen-Pensioenfonds-Detailhandel.pdf
Pensioenfonds Detailhandel	Telefonica Moviles Chile SA	Equity	2026	667.477	EUR	https://pensioenfondsdetailhandel.nl/content/Publicaties/Beleggingen-Pensioenfonds-Detailhandel.pdf
Pensioenfonds Detailhandel	Telenet Finance Luxembourg Notes Sarl	Equity	2026	1.087.028	EUR	https://pensioenfondsdetailhandel.nl/content/Publicaties/Beleggingen-Pensioenfonds-Detailhandel.pdf
Pensioenfonds Detailhandel	Tenet Healthcare Corp	Equity	2026	25.717.108	EUR	https://pensioenfondsdetailhandel.nl/content/Publicaties/Beleggingen-Pensioenfonds-Detailhandel.pdf
Pensioenfonds Detailhandel	Tenneco Inc	Equity	2026	3.036.072	EUR	https://pensioenfondsdetailhandel.nl/content/Publicaties/Beleggingen-Pensioenfonds-Detailhandel.pdf
Pensioenfonds Detailhandel	Terex Corp	Equity	2026	1.056.764	EUR	https://pensioenfondsdetailhandel.nl/content/Publicaties/Beleggingen-Pensioenfonds-Detailhandel.pdf
Pensioenfonds Detailhandel	Teva Pharmaceutical Finance Co LLC	Equity	2026	1.264.355	EUR	https://pensioenfondsdetailhandel.nl/content/Publicaties/Beleggingen-Pensioenfonds-Detailhandel.pdf
Pensioenfonds Detailhandel	Teva Pharmaceutical Finance Netherlands	Equity	2026	25.733.781	EUR	https://pensioenfondsdetailhandel.nl/content/Publicaties/Beleggingen-Pensioenfonds-Detailhandel.pdf
Pensioenfonds Detailhandel	TGNR Intermediate Holdings LLC	Equity	2026	861.901	EUR	https://pensioenfondsdetailhandel.nl/content/Publicaties/Beleggingen-Pensioenfonds-Detailhandel.pdf
Pensioenfonds Detailhandel	Thaioil Treasury Center Co Ltd	Equity	2026	677.681	EUR	https://pensioenfondsdetailhandel.nl/content/Publicaties/Beleggingen-Pensioenfonds-Detailhandel.pdf
Pensioenfonds Detailhandel	Thames Water Super Senior Issuer PLC	Equity	2026	1.248.618	EUR	https://pensioenfondsdetailhandel.nl/content/Publicaties/Beleggingen-Pensioenfonds-Detailhandel.pdf
Pensioenfonds Detailhandel	Thames Water Utilities Finance PLC	Equity	2026	17.735.010	EUR	https://pensioenfondsdetailhandel.nl/content/Publicaties/Beleggingen-Pensioenfonds-Detailhandel.pdf
Pensioenfonds Detailhandel	Thor Industries Inc	Equity	2026	781.037	EUR	https://pensioenfondsdetailhandel.nl/content/Publicaties/Beleggingen-Pensioenfonds-Detailhandel.pdf
Pensioenfonds Detailhandel	TK Elevator Midco GmbH	Equity	2026	57.257	EUR	https://pensioenfondsdetailhandel.nl/content/Publicaties/Beleggingen-Pensioenfonds-Detailhandel.pdf
Pensioenfonds Detailhandel	TK Elevator US Newco Inc	Equity	2026	175.926	EUR	https://pensioenfondsdetailhandel.nl/content/Publicaties/Beleggingen-Pensioenfonds-Detailhandel.pdf
Pensioenfonds Detailhandel	TKC Holdings Inc	Equity	2026	393.317	EUR	https://pensioenfondsdetailhandel.nl/content/Publicaties/Beleggingen-Pensioenfonds-Detailhandel.pdf
Pensioenfonds Detailhandel	TopBuild Corp	Equity	2026	428.671	EUR	https://pensioenfondsdetailhandel.nl/content/Publicaties/Beleggingen-Pensioenfonds-Detailhandel.pdf
Pensioenfonds Detailhandel	Total Play Telecomunicaciones SA de CV	Equity	2026	997.155	EUR	https://pensioenfondsdetailhandel.nl/content/Publicaties/Beleggingen-Pensioenfonds-Detailhandel.pdf
Pensioenfonds Detailhandel	Toucan FinCo Ltd/Toucan FinCo Can Inc/To	Equity	2026	239.286	EUR	https://pensioenfondsdetailhandel.nl/content/Publicaties/Beleggingen-Pensioenfonds-Detailhandel.pdf
Pensioenfonds Detailhandel	TransDigm Inc	Equity	2026	10.506.020	EUR	https://pensioenfondsdetailhandel.nl/content/Publicaties/Beleggingen-Pensioenfonds-Detailhandel.pdf
Pensioenfonds Detailhandel	TransMontaigne Partners LLC	Equity	2026	359.649	EUR	https://pensioenfondsdetailhandel.nl/content/Publicaties/Beleggingen-Pensioenfonds-Detailhandel.pdf
Pensioenfonds Detailhandel	Transnet/South Africa	Equity	2026	181.832	EUR	https://pensioenfondsdetailhandel.nl/content/Publicaties/Beleggingen-Pensioenfonds-Detailhandel.pdf
Pensioenfonds Detailhandel	Transocean International Ltd	Equity	2026	1.612.187	EUR	https://pensioenfondsdetailhandel.nl/content/Publicaties/Beleggingen-Pensioenfonds-Detailhandel.pdf
Pensioenfonds Detailhandel	Transportadora de Gas del Sur SA	Equity	2026	497.597	EUR	https://pensioenfondsdetailhandel.nl/content/Publicaties/Beleggingen-Pensioenfonds-Detailhandel.pdf
Pensioenfonds Detailhandel	Travel	Sanctionized	2026		EUR	https://pensioenfondsdetailhandel.nl/content/Publicaties/Beleggingen-Pensioenfonds-Detailhandel.pdf
Pensioenfonds Detailhandel	Trident TPI Holdings Inc	Equity	2026	117.830	EUR	https://pensioenfondsdetailhandel.nl/content/Publicaties/Beleggingen-Pensioenfonds-Detailhandel.pdf
Pensioenfonds Detailhandel	TriNet Group Inc	Equity	2026	339.387	EUR	https://pensioenfondsdetailhandel.nl/content/Publicaties/Beleggingen-Pensioenfonds-Detailhandel.pdf
Pensioenfonds Detailhandel	Trinidad Generation UnLtd	Equity	2026	555.458	EUR	https://pensioenfondsdetailhandel.nl/content/Publicaties/Beleggingen-Pensioenfonds-Detailhandel.pdf
Pensioenfonds Detailhandel	Trinity Industries Inc	Equity	2026	903.832	EUR	https://pensioenfondsdetailhandel.nl/content/Publicaties/Beleggingen-Pensioenfonds-Detailhandel.pdf
Pensioenfonds Detailhandel	Trivium Packaging Finance BV	Equity	2026	198.409	EUR	https://pensioenfondsdetailhandel.nl/content/Publicaties/Beleggingen-Pensioenfonds-Detailhandel.pdf
Pensioenfonds Detailhandel	TTM Technologies Inc	Equity	2026	384.741	EUR	https://pensioenfondsdetailhandel.nl/content/Publicaties/Beleggingen-Pensioenfonds-Detailhandel.pdf
Pensioenfonds Detailhandel	TUI AG	Equity	2026	375.302	EUR	https://pensioenfondsdetailhandel.nl/content/Publicaties/Beleggingen-Pensioenfonds-Detailhandel.pdf
Pensioenfonds Detailhandel	Turkcell Iletisim Hizmetleri AS	Equity	2026	3.919.505	EUR	https://pensioenfondsdetailhandel.nl/content/Publicaties/Beleggingen-Pensioenfonds-Detailhandel.pdf
Pensioenfonds Detailhandel	TVL Finance PLC	Equity	2026	115.629	EUR	https://pensioenfondsdetailhandel.nl/content/Publicaties/Beleggingen-Pensioenfonds-Detailhandel.pdf
Pensioenfonds Detailhandel	Twilio Inc	Equity	2026	1.356.370	EUR	https://pensioenfondsdetailhandel.nl/content/Publicaties/Beleggingen-Pensioenfonds-Detailhandel.pdf
Pensioenfonds Detailhandel	UKG Inc	Equity	2026	600.713	EUR	https://pensioenfondsdetailhandel.nl/content/Publicaties/Beleggingen-Pensioenfonds-Detailhandel.pdf
Pensioenfonds Detailhandel	Ulker Biskuvi Sanayi AS	Equity	2026	891.424	EUR	https://pensioenfondsdetailhandel.nl/content/Publicaties/Beleggingen-Pensioenfonds-Detailhandel.pdf
Pensioenfonds Detailhandel	Under Armour Inc	Equity	2026	916.507	EUR	https://pensioenfondsdetailhandel.nl/content/Publicaties/Beleggingen-Pensioenfonds-Detailhandel.pdf
Pensioenfonds Detailhandel	Unisys Corp	Equity	2026	994.148	EUR	https://pensioenfondsdetailhandel.nl/content/Publicaties/Beleggingen-Pensioenfonds-Detailhandel.pdf
Pensioenfonds Detailhandel	United Group BV	Equity	2026	394.480	EUR	https://pensioenfondsdetailhandel.nl/content/Publicaties/Beleggingen-Pensioenfonds-Detailhandel.pdf
Pensioenfonds Detailhandel	United Rentals North America Inc	Equity	2026	8.039.409	EUR	https://pensioenfondsdetailhandel.nl/content/Publicaties/Beleggingen-Pensioenfonds-Detailhandel.pdf
Pensioenfonds Detailhandel	Uniti Group LP / Uniti Fiber Holdings In	Equity	2026	980.379	EUR	https://pensioenfondsdetailhandel.nl/content/Publicaties/Beleggingen-Pensioenfonds-Detailhandel.pdf
Pensioenfonds Detailhandel	Uniti Group LP / Uniti Group Finance 201	Equity	2026	1.665.947	EUR	https://pensioenfondsdetailhandel.nl/content/Publicaties/Beleggingen-Pensioenfonds-Detailhandel.pdf
Pensioenfonds Detailhandel	Uniti Services LLC	Equity	2026	1.400.362	EUR	https://pensioenfondsdetailhandel.nl/content/Publicaties/Beleggingen-Pensioenfonds-Detailhandel.pdf
Pensioenfonds Detailhandel	Univision Communications Inc	Equity	2026	1.691.368	EUR	https://pensioenfondsdetailhandel.nl/content/Publicaties/Beleggingen-Pensioenfonds-Detailhandel.pdf
Pensioenfonds Detailhandel	UPL Corp Ltd	Equity	2026	934.366	EUR	https://pensioenfondsdetailhandel.nl/content/Publicaties/Beleggingen-Pensioenfonds-Detailhandel.pdf
Pensioenfonds Detailhandel	US Acute Care Solutions LLC	Equity	2026	308.994	EUR	https://pensioenfondsdetailhandel.nl/content/Publicaties/Beleggingen-Pensioenfonds-Detailhandel.pdf
Pensioenfonds Detailhandel	US Foods Inc	Equity	2026	2.594.829	EUR	https://pensioenfondsdetailhandel.nl/content/Publicaties/Beleggingen-Pensioenfonds-Detailhandel.pdf
Pensioenfonds Detailhandel	US Renal Care Inc	Equity	2026	31.756	EUR	https://pensioenfondsdetailhandel.nl/content/Publicaties/Beleggingen-Pensioenfonds-Detailhandel.pdf
Pensioenfonds Detailhandel	USA Compression Partners LP / USA Compre	Equity	2026	1.284.424	EUR	https://pensioenfondsdetailhandel.nl/content/Publicaties/Beleggingen-Pensioenfonds-Detailhandel.pdf
Pensioenfonds Detailhandel	Vail Resorts Inc	Equity	2026	842.582	EUR	https://pensioenfondsdetailhandel.nl/content/Publicaties/Beleggingen-Pensioenfonds-Detailhandel.pdf
Pensioenfonds Detailhandel	Valaris Ltd	Equity	2026	660.160	EUR	https://pensioenfondsdetailhandel.nl/content/Publicaties/Beleggingen-Pensioenfonds-Detailhandel.pdf
Pensioenfonds Detailhandel	Valeo SE	Equity	2026	26.619.912	EUR	https://pensioenfondsdetailhandel.nl/content/Publicaties/Beleggingen-Pensioenfonds-Detailhandel.pdf
Pensioenfonds Detailhandel	Valvoline Inc	Equity	2026	672.352	EUR	https://pensioenfondsdetailhandel.nl/content/Publicaties/Beleggingen-Pensioenfonds-Detailhandel.pdf
Pensioenfonds Detailhandel	Var Energi ASA	Equity	2026	1.228.179	EUR	https://pensioenfondsdetailhandel.nl/content/Publicaties/Beleggingen-Pensioenfonds-Detailhandel.pdf
Pensioenfonds Detailhandel	Vedanta Resources Finance II PLC	Equity	2026	1.101.701	EUR	https://pensioenfondsdetailhandel.nl/content/Publicaties/Beleggingen-Pensioenfonds-Detailhandel.pdf
Pensioenfonds Detailhandel	Venture Global LNG Inc	Equity	2026	2.927.983	EUR	https://pensioenfondsdetailhandel.nl/content/Publicaties/Beleggingen-Pensioenfonds-Detailhandel.pdf
Pensioenfonds Detailhandel	Venture Global Plaquemines LNG LLC	Equity	2026	2.191.593	EUR	https://pensioenfondsdetailhandel.nl/content/Publicaties/Beleggingen-Pensioenfonds-Detailhandel.pdf
Pensioenfonds Detailhandel	Veon Midco BV	Equity	2026	914.792	EUR	https://pensioenfondsdetailhandel.nl/content/Publicaties/Beleggingen-Pensioenfonds-Detailhandel.pdf
Pensioenfonds Detailhandel	Verallia SA	Equity	2026	680.715	EUR	https://pensioenfondsdetailhandel.nl/content/Publicaties/Beleggingen-Pensioenfonds-Detailhandel.pdf
Pensioenfonds Detailhandel	Verisure Holding AB	Equity	2026	391.593	EUR	https://pensioenfondsdetailhandel.nl/content/Publicaties/Beleggingen-Pensioenfonds-Detailhandel.pdf
Pensioenfonds Detailhandel	Verisure Midholding AB	Equity	2026	678.560	EUR	https://pensioenfondsdetailhandel.nl/content/Publicaties/Beleggingen-Pensioenfonds-Detailhandel.pdf
Pensioenfonds Detailhandel	Veritiv Operating Co	Equity	2026	279.779	EUR	https://pensioenfondsdetailhandel.nl/content/Publicaties/Beleggingen-Pensioenfonds-Detailhandel.pdf
Pensioenfonds Detailhandel	VF Corp	Equity	2026	4.288.697	EUR	https://pensioenfondsdetailhandel.nl/content/Publicaties/Beleggingen-Pensioenfonds-Detailhandel.pdf
Pensioenfonds Detailhandel	Viasat Inc	Equity	2026	1.212.933	EUR	https://pensioenfondsdetailhandel.nl/content/Publicaties/Beleggingen-Pensioenfonds-Detailhandel.pdf
Pensioenfonds Detailhandel	Vibrantz Technologies Inc	Equity	2026	41.770	EUR	https://pensioenfondsdetailhandel.nl/content/Publicaties/Beleggingen-Pensioenfonds-Detailhandel.pdf
Pensioenfonds Detailhandel	Victoria PLC	Equity	2026	342.491	EUR	https://pensioenfondsdetailhandel.nl/content/Publicaties/Beleggingen-Pensioenfonds-Detailhandel.pdf
Pensioenfonds Detailhandel	Victoria's Secret & Co	Equity	2026	472.099	EUR	https://pensioenfondsdetailhandel.nl/content/Publicaties/Beleggingen-Pensioenfonds-Detailhandel.pdf
Pensioenfonds Detailhandel	Viking Baked Goods Acquisition Corp	Equity	2026	177.999	EUR	https://pensioenfondsdetailhandel.nl/content/Publicaties/Beleggingen-Pensioenfonds-Detailhandel.pdf
Pensioenfonds Detailhandel	Viking Cruises Ltd	Equity	2026	903.847	EUR	https://pensioenfondsdetailhandel.nl/content/Publicaties/Beleggingen-Pensioenfonds-Detailhandel.pdf
Pensioenfonds Detailhandel	Virgin Media Finance PLC	Equity	2026	611.128	EUR	https://pensioenfondsdetailhandel.nl/content/Publicaties/Beleggingen-Pensioenfonds-Detailhandel.pdf
Pensioenfonds Detailhandel	Virgin Media O2 Vendor Financing Notes V	Equity	2026	1.336.938	EUR	https://pensioenfondsdetailhandel.nl/content/Publicaties/Beleggingen-Pensioenfonds-Detailhandel.pdf
Pensioenfonds Detailhandel	Virgin Media Secured Finance PLC	Equity	2026	1.017.963	EUR	https://pensioenfondsdetailhandel.nl/content/Publicaties/Beleggingen-Pensioenfonds-Detailhandel.pdf
Pensioenfonds Detailhandel	Vista Energy Argentina SAU	Equity	2026	179.745	EUR	https://pensioenfondsdetailhandel.nl/content/Publicaties/Beleggingen-Pensioenfonds-Detailhandel.pdf
Pensioenfonds Detailhandel	VistaJet Malta Finance PLC / Vista Manag	Equity	2026	588.708	EUR	https://pensioenfondsdetailhandel.nl/content/Publicaties/Beleggingen-Pensioenfonds-Detailhandel.pdf
Pensioenfonds Detailhandel	Vivion Investments Sarl	Equity	2026	429.877	EUR	https://pensioenfondsdetailhandel.nl/content/Publicaties/Beleggingen-Pensioenfonds-Detailhandel.pdf
Pensioenfonds Detailhandel	Vmed O2 UK Financing I PLC	Equity	2026	19.167.745	EUR	https://pensioenfondsdetailhandel.nl/content/Publicaties/Beleggingen-Pensioenfonds-Detailhandel.pdf
Pensioenfonds Detailhandel	Vodafone Group PLC	Equity	2026	6.821.850	EUR	https://pensioenfondsdetailhandel.nl/content/Publicaties/Beleggingen-Pensioenfonds-Detailhandel.pdf
Pensioenfonds Detailhandel	Volcan Cia Minera SAA	Equity	2026	91.112	EUR	https://pensioenfondsdetailhandel.nl/content/Publicaties/Beleggingen-Pensioenfonds-Detailhandel.pdf
Pensioenfonds Detailhandel	VoltaGrid LLC	Equity	2026	1.659.890	EUR	https://pensioenfondsdetailhandel.nl/content/Publicaties/Beleggingen-Pensioenfonds-Detailhandel.pdf
Pensioenfonds Detailhandel	Volvo Car AB	Equity	2026	12.834.856	EUR	https://pensioenfondsdetailhandel.nl/content/Publicaties/Beleggingen-Pensioenfonds-Detailhandel.pdf
Pensioenfonds Detailhandel	Voyager Parent LLC	Equity	2026	460.571	EUR	https://pensioenfondsdetailhandel.nl/content/Publicaties/Beleggingen-Pensioenfonds-Detailhandel.pdf
Pensioenfonds Detailhandel	VT Topco Inc	Equity	2026	156.069	EUR	https://pensioenfondsdetailhandel.nl/content/Publicaties/Beleggingen-Pensioenfonds-Detailhandel.pdf
Pensioenfonds Detailhandel	VZ Secured Financing BV	Equity	2026	4.131.604	EUR	https://pensioenfondsdetailhandel.nl/content/Publicaties/Beleggingen-Pensioenfonds-Detailhandel.pdf
Pensioenfonds Detailhandel	Wand NewCo 3 Inc	Equity	2026	359.457	EUR	https://pensioenfondsdetailhandel.nl/content/Publicaties/Beleggingen-Pensioenfonds-Detailhandel.pdf
Pensioenfonds Detailhandel	Waste Pro USA Inc	Equity	2026	213.071	EUR	https://pensioenfondsdetailhandel.nl/content/Publicaties/Beleggingen-Pensioenfonds-Detailhandel.pdf
Pensioenfonds Detailhandel	Watco Cos LLC / Watco Finance Corp	Equity	2026	300.252	EUR	https://pensioenfondsdetailhandel.nl/content/Publicaties/Beleggingen-Pensioenfonds-Detailhandel.pdf
Pensioenfonds Detailhandel	Wayfair LLC	Equity	2026	1.307.688	EUR	https://pensioenfondsdetailhandel.nl/content/Publicaties/Beleggingen-Pensioenfonds-Detailhandel.pdf
Pensioenfonds Detailhandel	WBI Operating LLC	Equity	2026	350.809	EUR	https://pensioenfondsdetailhandel.nl/content/Publicaties/Beleggingen-Pensioenfonds-Detailhandel.pdf
Pensioenfonds Detailhandel	Weatherford International Ltd	Equity	2026	998.567	EUR	https://pensioenfondsdetailhandel.nl/content/Publicaties/Beleggingen-Pensioenfonds-Detailhandel.pdf
Pensioenfonds Detailhandel	Webuild SpA	Equity	2026	767.151	EUR	https://pensioenfondsdetailhandel.nl/content/Publicaties/Beleggingen-Pensioenfonds-Detailhandel.pdf
Pensioenfonds Detailhandel	WESCO Distribution Inc	Equity	2026	5.369.222	EUR	https://pensioenfondsdetailhandel.nl/content/Publicaties/Beleggingen-Pensioenfonds-Detailhandel.pdf
Pensioenfonds Detailhandel	WEX Inc	Equity	2026	426.341	EUR	https://pensioenfondsdetailhandel.nl/content/Publicaties/Beleggingen-Pensioenfonds-Detailhandel.pdf
Pensioenfonds Detailhandel	Wheel Bidco Ltd	Equity	2026	86.456	EUR	https://pensioenfondsdetailhandel.nl/content/Publicaties/Beleggingen-Pensioenfonds-Detailhandel.pdf
Pensioenfonds Detailhandel	Whirlpool Corp	Equity	2026	3.774.425	EUR	https://pensioenfondsdetailhandel.nl/content/Publicaties/Beleggingen-Pensioenfonds-Detailhandel.pdf
Pensioenfonds Detailhandel	Whirlpool EMEA Finance Sarl	Equity	2026	712.267	EUR	https://pensioenfondsdetailhandel.nl/content/Publicaties/Beleggingen-Pensioenfonds-Detailhandel.pdf
Pensioenfonds Detailhandel	Whirlpool Finance Luxembourg Sarl	Equity	2026	1.535.218	EUR	https://pensioenfondsdetailhandel.nl/content/Publicaties/Beleggingen-Pensioenfonds-Detailhandel.pdf
Pensioenfonds Detailhandel	White Cap Supply Holdings LLC	Equity	2026	65.073	EUR	https://pensioenfondsdetailhandel.nl/content/Publicaties/Beleggingen-Pensioenfonds-Detailhandel.pdf
Pensioenfonds Detailhandel	Wildfire Intermediate Holdings LLC	Equity	2026	181.887	EUR	https://pensioenfondsdetailhandel.nl/content/Publicaties/Beleggingen-Pensioenfonds-Detailhandel.pdf
Pensioenfonds Detailhandel	William Carter Co/The	Equity	2026	523.113	EUR	https://pensioenfondsdetailhandel.nl/content/Publicaties/Beleggingen-Pensioenfonds-Detailhandel.pdf
Pensioenfonds Detailhandel	Williams Scotsman Inc	Equity	2026	1.010.454	EUR	https://pensioenfondsdetailhandel.nl/content/Publicaties/Beleggingen-Pensioenfonds-Detailhandel.pdf
Pensioenfonds Detailhandel	Wilsonart LLC	Equity	2026	96.199	EUR	https://pensioenfondsdetailhandel.nl/content/Publicaties/Beleggingen-Pensioenfonds-Detailhandel.pdf
Pensioenfonds Detailhandel	Windsor Holdings III LLC	Equity	2026	262.416	EUR	https://pensioenfondsdetailhandel.nl/content/Publicaties/Beleggingen-Pensioenfonds-Detailhandel.pdf
Pensioenfonds Detailhandel	Windstream Services LLC / Windstream Esc	Equity	2026	2.580.770	EUR	https://pensioenfondsdetailhandel.nl/content/Publicaties/Beleggingen-Pensioenfonds-Detailhandel.pdf
Pensioenfonds Detailhandel	Wintershall Dea Finance 2 BV	Equity	2026	2.137.820	EUR	https://pensioenfondsdetailhandel.nl/content/Publicaties/Beleggingen-Pensioenfonds-Detailhandel.pdf
Pensioenfonds Detailhandel	Wolverine World Wide Inc	Equity	2026	452.359	EUR	https://pensioenfondsdetailhandel.nl/content/Publicaties/Beleggingen-Pensioenfonds-Detailhandel.pdf
Pensioenfonds Detailhandel	Worldline SA/France	Equity	2026	3.041.598	EUR	https://pensioenfondsdetailhandel.nl/content/Publicaties/Beleggingen-Pensioenfonds-Detailhandel.pdf
Pensioenfonds Detailhandel	WR Grace Holdings LLC	Equity	2026	430.134	EUR	https://pensioenfondsdetailhandel.nl/content/Publicaties/Beleggingen-Pensioenfonds-Detailhandel.pdf
Pensioenfonds Detailhandel	WULF Compute LLC	Equity	2026	2.839.855	EUR	https://pensioenfondsdetailhandel.nl/content/Publicaties/Beleggingen-Pensioenfonds-Detailhandel.pdf
Pensioenfonds Detailhandel	Wyndham Hotels & Resorts Inc	Equity	2026	658.445	EUR	https://pensioenfondsdetailhandel.nl/content/Publicaties/Beleggingen-Pensioenfonds-Detailhandel.pdf
Pensioenfonds Detailhandel	Wynn Las Vegas LLC / Wynn Las Vegas Capi	Equity	2026	793.828	EUR	https://pensioenfondsdetailhandel.nl/content/Publicaties/Beleggingen-Pensioenfonds-Detailhandel.pdf
Pensioenfonds Detailhandel	Wynn Macau Ltd	Equity	2026	4.561.962	EUR	https://pensioenfondsdetailhandel.nl/content/Publicaties/Beleggingen-Pensioenfonds-Detailhandel.pdf
Pensioenfonds Detailhandel	Wynn Resorts Finance LLC / Wynn Resorts	Equity	2026	1.384.858	EUR	https://pensioenfondsdetailhandel.nl/content/Publicaties/Beleggingen-Pensioenfonds-Detailhandel.pdf
Pensioenfonds Detailhandel	Xerox Corp	Equity	2026	240.735	EUR	https://pensioenfondsdetailhandel.nl/content/Publicaties/Beleggingen-Pensioenfonds-Detailhandel.pdf
Pensioenfonds Detailhandel	Xerox Holdings Corp	Equity	2026	331.695	EUR	https://pensioenfondsdetailhandel.nl/content/Publicaties/Beleggingen-Pensioenfonds-Detailhandel.pdf
Pensioenfonds Detailhandel	XPLR Infrastructure Operating Partners L	Equity	2026	3.676.309	EUR	https://pensioenfondsdetailhandel.nl/content/Publicaties/Beleggingen-Pensioenfonds-Detailhandel.pdf
Pensioenfonds Detailhandel	XPO Inc	Equity	2026	271.643	EUR	https://pensioenfondsdetailhandel.nl/content/Publicaties/Beleggingen-Pensioenfonds-Detailhandel.pdf
Pensioenfonds Detailhandel	Yanlord Land HK Co Ltd	Equity	2026	1.146.554	EUR	https://pensioenfondsdetailhandel.nl/content/Publicaties/Beleggingen-Pensioenfonds-Detailhandel.pdf
Pensioenfonds Detailhandel	YPF SA	Equity	2026	5.978.241	EUR	https://pensioenfondsdetailhandel.nl/content/Publicaties/Beleggingen-Pensioenfonds-Detailhandel.pdf
Pensioenfonds Detailhandel	Brands Inc	Equity	2026	3.848.137	EUR	https://pensioenfondsdetailhandel.nl/content/Publicaties/Beleggingen-Pensioenfonds-Detailhandel.pdf
Pensioenfonds Detailhandel	Zayo Group Holdings Inc	Equity	2026	1.764.355	EUR	https://pensioenfondsdetailhandel.nl/content/Publicaties/Beleggingen-Pensioenfonds-Detailhandel.pdf
Pensioenfonds Detailhandel	Zebra Technologies Corp	Equity	2026	687.321	EUR	https://pensioenfondsdetailhandel.nl/content/Publicaties/Beleggingen-Pensioenfonds-Detailhandel.pdf
Pensioenfonds Detailhandel	Zegona Finance PLC	Equity	2026	1.835.071	EUR	https://pensioenfondsdetailhandel.nl/content/Publicaties/Beleggingen-Pensioenfonds-Detailhandel.pdf
Pensioenfonds Detailhandel	Zenith Finco PLC	Equity	2026	482.275	EUR	https://pensioenfondsdetailhandel.nl/content/Publicaties/Beleggingen-Pensioenfonds-Detailhandel.pdf
Pensioenfonds Detailhandel	ZF Europe Finance BV	Equity	2026	2.864.245	EUR	https://pensioenfondsdetailhandel.nl/content/Publicaties/Beleggingen-Pensioenfonds-Detailhandel.pdf
Pensioenfonds Detailhandel	ZF Finance GmbH	Equity	2026	881.180	EUR	https://pensioenfondsdetailhandel.nl/content/Publicaties/Beleggingen-Pensioenfonds-Detailhandel.pdf
Pensioenfonds Detailhandel	ZF North America Capital Inc	Equity	2026	2.657.990	EUR	https://pensioenfondsdetailhandel.nl/content/Publicaties/Beleggingen-Pensioenfonds-Detailhandel.pdf
Pensioenfonds Detailhandel	Ziggo Bond Co BV	Equity	2026	918.487	EUR	https://pensioenfondsdetailhandel.nl/content/Publicaties/Beleggingen-Pensioenfonds-Detailhandel.pdf
Pensioenfonds Detailhandel	Ziggo BV	Equity	2026	353.200	EUR	https://pensioenfondsdetailhandel.nl/content/Publicaties/Beleggingen-Pensioenfonds-Detailhandel.pdf
Pensioenfonds Detailhandel	ZipRecruiter Inc	Equity	2026	287.624	EUR	https://pensioenfondsdetailhandel.nl/content/Publicaties/Beleggingen-Pensioenfonds-Detailhandel.pdf
Pensioenfonds Detailhandel	ZoomInfo Technologies LLC/ZoomInfo Finan	Equity	2026	359.723	EUR	https://pensioenfondsdetailhandel.nl/content/Publicaties/Beleggingen-Pensioenfonds-Detailhandel.pdf
Pensioenfonds Detailhandel	Argentine Republic Government International	Equity	2026	47.185.194	EUR	https://pensioenfondsdetailhandel.nl/content/Publicaties/Beleggingen-Pensioenfonds-Detailhandel.pdf
Pensioenfonds Detailhandel	Banco Nacional de Panama	Equity	2026	4.788.928	EUR	https://pensioenfondsdetailhandel.nl/content/Publicaties/Beleggingen-Pensioenfonds-Detailhandel.pdf
Pensioenfonds Detailhandel	Bank Gospodarstwa Krajowego	Equity	2026	19.966.376	EUR	https://pensioenfondsdetailhandel.nl/content/Publicaties/Beleggingen-Pensioenfonds-Detailhandel.pdf
Pensioenfonds Detailhandel	Benin Government International Bond	Equity	2026	5.852.582	EUR	https://pensioenfondsdetailhandel.nl/content/Publicaties/Beleggingen-Pensioenfonds-Detailhandel.pdf
Pensioenfonds Detailhandel	Brazilian Government International Bond	Equity	2026	154.259.147	EUR	https://pensioenfondsdetailhandel.nl/content/Publicaties/Beleggingen-Pensioenfonds-Detailhandel.pdf
Pensioenfonds Detailhandel	Bulgaria Government International Bond	Equity	2026	9.147.326	EUR	https://pensioenfondsdetailhandel.nl/content/Publicaties/Beleggingen-Pensioenfonds-Detailhandel.pdf
Pensioenfonds Detailhandel	Chile Government International Bond	Equity	2026	195.122.737	EUR	https://pensioenfondsdetailhandel.nl/content/Publicaties/Beleggingen-Pensioenfonds-Detailhandel.pdf
Pensioenfonds Detailhandel	Colombia Government International Bond	Equity	2026	222.902.254	EUR	https://pensioenfondsdetailhandel.nl/content/Publicaties/Beleggingen-Pensioenfonds-Detailhandel.pdf
Pensioenfonds Detailhandel	Comision Federal de Electricidad	Equity	2026	1.038.207	EUR	https://pensioenfondsdetailhandel.nl/content/Publicaties/Beleggingen-Pensioenfonds-Detailhandel.pdf
Pensioenfonds Detailhandel	Corp Nacional del Cobre de Chile	Equity	2026	42.155.478	EUR	https://pensioenfondsdetailhandel.nl/content/Publicaties/Beleggingen-Pensioenfonds-Detailhandel.pdf
Pensioenfonds Detailhandel	Costa Rica Government International Bond	Equity	2026	63.035.940	EUR	https://pensioenfondsdetailhandel.nl/content/Publicaties/Beleggingen-Pensioenfonds-Detailhandel.pdf
Pensioenfonds Detailhandel	Dominican Republic International Bond	Equity	2026	94.625.816	EUR	https://pensioenfondsdetailhandel.nl/content/Publicaties/Beleggingen-Pensioenfonds-Detailhandel.pdf
Pensioenfonds Detailhandel	Eagle Funding Luxco Sarl	Equity	2026	6.762.876	EUR	https://pensioenfondsdetailhandel.nl/content/Publicaties/Beleggingen-Pensioenfonds-Detailhandel.pdf
Pensioenfonds Detailhandel	Ecuador Government International Bond	Equity	2026	44.793.979	EUR	https://pensioenfondsdetailhandel.nl/content/Publicaties/Beleggingen-Pensioenfonds-Detailhandel.pdf
Pensioenfonds Detailhandel	El Salvador Government International Bond	Equity	2026	14.238.738	EUR	https://pensioenfondsdetailhandel.nl/content/Publicaties/Beleggingen-Pensioenfonds-Detailhandel.pdf
Pensioenfonds Detailhandel	Empresa de Transporte de Pasajeros Metro	Equity	2026	2.304.331	EUR	https://pensioenfondsdetailhandel.nl/content/Publicaties/Beleggingen-Pensioenfonds-Detailhandel.pdf
Pensioenfonds Detailhandel	Empresas Publicas de Medellin ESP	Equity	2026	1.951.240	EUR	https://pensioenfondsdetailhandel.nl/content/Publicaties/Beleggingen-Pensioenfonds-Detailhandel.pdf
Pensioenfonds Detailhandel	Eskom Holdings	Equity	2026	1.518.595	EUR	https://pensioenfondsdetailhandel.nl/content/Publicaties/Beleggingen-Pensioenfonds-Detailhandel.pdf
Pensioenfonds Detailhandel	Export-Import Bank of India	Equity	2026	20.820.846	EUR	https://pensioenfondsdetailhandel.nl/content/Publicaties/Beleggingen-Pensioenfonds-Detailhandel.pdf
Pensioenfonds Detailhandel	Ghana Government International Bond	Equity	2026	41.100.823	EUR	https://pensioenfondsdetailhandel.nl/content/Publicaties/Beleggingen-Pensioenfonds-Detailhandel.pdf
Pensioenfonds Detailhandel	Guatemala Government Bond	Equity	2026	7.756.600	EUR	https://pensioenfondsdetailhandel.nl/content/Publicaties/Beleggingen-Pensioenfonds-Detailhandel.pdf
Pensioenfonds Detailhandel	Hungary Government Bond	Equity	2026	183.959.555	EUR	https://pensioenfondsdetailhandel.nl/content/Publicaties/Beleggingen-Pensioenfonds-Detailhandel.pdf
Pensioenfonds Detailhandel	India Government Bond	Equity	2026	232.818.082	EUR	https://pensioenfondsdetailhandel.nl/content/Publicaties/Beleggingen-Pensioenfonds-Detailhandel.pdf
Pensioenfonds Detailhandel	Indonesia Asahan Aluminium PT / Mineral	Equity	2026	626.816	EUR	https://pensioenfondsdetailhandel.nl/content/Publicaties/Beleggingen-Pensioenfonds-Detailhandel.pdf
Pensioenfonds Detailhandel	Indonesia Government International Bond	Equity	2026	147.169.559	EUR	https://pensioenfondsdetailhandel.nl/content/Publicaties/Beleggingen-Pensioenfonds-Detailhandel.pdf
Pensioenfonds Detailhandel	Ivory Coast Government International Bond	Equity	2026	50.213.655	EUR	https://pensioenfondsdetailhandel.nl/content/Publicaties/Beleggingen-Pensioenfonds-Detailhandel.pdf
Pensioenfonds Detailhandel	Jamaica Government International Bond	Equity	2026	30.311.040	EUR	https://pensioenfondsdetailhandel.nl/content/Publicaties/Beleggingen-Pensioenfonds-Detailhandel.pdf
Pensioenfonds Detailhandel	Jordan Government International Bond	Equity	2026	17.133.201	EUR	https://pensioenfondsdetailhandel.nl/content/Publicaties/Beleggingen-Pensioenfonds-Detailhandel.pdf
Pensioenfonds Detailhandel	Magyar Export-Import Bank Zrt	Equity	2026	5.637.992	EUR	https://pensioenfondsdetailhandel.nl/content/Publicaties/Beleggingen-Pensioenfonds-Detailhandel.pdf
Pensioenfonds Detailhandel	Malaysia Government Bond	Equity	2026	271.255.415	EUR	https://pensioenfondsdetailhandel.nl/content/Publicaties/Beleggingen-Pensioenfonds-Detailhandel.pdf
Pensioenfonds Detailhandel	Mexico Government International Bond	Equity	2026	371.243.318	EUR	https://pensioenfondsdetailhandel.nl/content/Publicaties/Beleggingen-Pensioenfonds-Detailhandel.pdf
Pensioenfonds Detailhandel	MFB Magyar Fejlesztesi Bank Zrt	Equity	2026	5.038.203	EUR	https://pensioenfondsdetailhandel.nl/content/Publicaties/Beleggingen-Pensioenfonds-Detailhandel.pdf
Pensioenfonds Detailhandel	Morocco Government International Bond	Equity	2026	23.149.000	EUR	https://pensioenfondsdetailhandel.nl/content/Publicaties/Beleggingen-Pensioenfonds-Detailhandel.pdf
Pensioenfonds Detailhandel	Nigeria Government International Bond	Equity	2026	34.845.796	EUR	https://pensioenfondsdetailhandel.nl/content/Publicaties/Beleggingen-Pensioenfonds-Detailhandel.pdf
Pensioenfonds Detailhandel	Oriental Republic of Uruguay	Equity	2026	8.777.303	EUR	https://pensioenfondsdetailhandel.nl/content/Publicaties/Beleggingen-Pensioenfonds-Detailhandel.pdf
Pensioenfonds Detailhandel	Panama Government International Bond	Equity	2026	142.390.806	EUR	https://pensioenfondsdetailhandel.nl/content/Publicaties/Beleggingen-Pensioenfonds-Detailhandel.pdf
Pensioenfonds Detailhandel	Paraguay Government International Bond	Equity	2026	8.967.555	EUR	https://pensioenfondsdetailhandel.nl/content/Publicaties/Beleggingen-Pensioenfonds-Detailhandel.pdf
Pensioenfonds Detailhandel	Pertamina Hulu Energi PT	Equity	2026	709.171	EUR	https://pensioenfondsdetailhandel.nl/content/Publicaties/Beleggingen-Pensioenfonds-Detailhandel.pdf
Pensioenfonds Detailhandel	Pertamina Persero PT	Equity	2026	3.391.607	EUR	https://pensioenfondsdetailhandel.nl/content/Publicaties/Beleggingen-Pensioenfonds-Detailhandel.pdf
Pensioenfonds Detailhandel	Peru Government Bond	Equity	2026	97.971.814	EUR	https://pensioenfondsdetailhandel.nl/content/Publicaties/Beleggingen-Pensioenfonds-Detailhandel.pdf
Pensioenfonds Detailhandel	Perusahaan Penerbit SBSN Indonesia III	Equity	2026	10.185.045	EUR	https://pensioenfondsdetailhandel.nl/content/Publicaties/Beleggingen-Pensioenfonds-Detailhandel.pdf
Pensioenfonds Detailhandel	Perusahaan Perseroan Persero PT Perusaha	Equity	2026	4.124.790	EUR	https://pensioenfondsdetailhandel.nl/content/Publicaties/Beleggingen-Pensioenfonds-Detailhandel.pdf
Pensioenfonds Detailhandel	Petrobras Global Finance BV	Equity	2026	9.620.478	EUR	https://pensioenfondsdetailhandel.nl/content/Publicaties/Beleggingen-Pensioenfonds-Detailhandel.pdf
Pensioenfonds Detailhandel	Petroleos del Peru SA	Equity	2026	5.374.359	EUR	https://pensioenfondsdetailhandel.nl/content/Publicaties/Beleggingen-Pensioenfonds-Detailhandel.pdf
Pensioenfonds Detailhandel	Petroleos Mexicanos	Equity	2026	20.365.298	EUR	https://pensioenfondsdetailhandel.nl/content/Publicaties/Beleggingen-Pensioenfonds-Detailhandel.pdf
Pensioenfonds Detailhandel	Philippine Government Bond	Equity	2026	238.570.777	EUR	https://pensioenfondsdetailhandel.nl/content/Publicaties/Beleggingen-Pensioenfonds-Detailhandel.pdf
Pensioenfonds Detailhandel	Republic of Kenya Government International	Equity	2026	28.743.565	EUR	https://pensioenfondsdetailhandel.nl/content/Publicaties/Beleggingen-Pensioenfonds-Detailhandel.pdf
Pensioenfonds Detailhandel	Republic of Poland Government Bond	Equity	2026	237.100.499	EUR	https://pensioenfondsdetailhandel.nl/content/Publicaties/Beleggingen-Pensioenfonds-Detailhandel.pdf
Pensioenfonds Detailhandel	Republic of South Africa Government Bond	Equity	2026	75.143.941	EUR	https://pensioenfondsdetailhandel.nl/content/Publicaties/Beleggingen-Pensioenfonds-Detailhandel.pdf
Pensioenfonds Detailhandel	Romania Government Bond	Equity	2026	332.134.920	EUR	https://pensioenfondsdetailhandel.nl/content/Publicaties/Beleggingen-Pensioenfonds-Detailhandel.pdf
Pensioenfonds Detailhandel	ROP Sukuk Trust	Equity	2026	2.774.898	EUR	https://pensioenfondsdetailhandel.nl/content/Publicaties/Beleggingen-Pensioenfonds-Detailhandel.pdf
Pensioenfonds Detailhandel	Senegal Government International Bond	Equity	2026	5.584.233	EUR	https://pensioenfondsdetailhandel.nl/content/Publicaties/Beleggingen-Pensioenfonds-Detailhandel.pdf
Pensioenfonds Detailhandel	Serbia Treasury Bonds	Equity	2026	13.830.789	EUR	https://pensioenfondsdetailhandel.nl/content/Publicaties/Beleggingen-Pensioenfonds-Detailhandel.pdf
Pensioenfonds Detailhandel	Sri Lanka Government International Bond	Equity	2026	48.431.883	EUR	https://pensioenfondsdetailhandel.nl/content/Publicaties/Beleggingen-Pensioenfonds-Detailhandel.pdf
Pensioenfonds Detailhandel	Suriname Government International Bond	Equity	2026	5.403.386	EUR	https://pensioenfondsdetailhandel.nl/content/Publicaties/Beleggingen-Pensioenfonds-Detailhandel.pdf
Pensioenfonds Detailhandel	Uruguay Government International Bond	Equity	2026	97.899.030	EUR	https://pensioenfondsdetailhandel.nl/content/Publicaties/Beleggingen-Pensioenfonds-Detailhandel.pdf
Pensioenfonds Detailhandel	Zambia Government Bond	Equity	2026	7.112.801	EUR	https://pensioenfondsdetailhandel.nl/content/Publicaties/Beleggingen-Pensioenfonds-Detailhandel.pdf
Pensioenfonds Detailhandel	3i Group PLC	Equity	2026	3.529.012	EUR	https://pensioenfondsdetailhandel.nl/content/Publicaties/Beleggingen-Pensioenfonds-Detailhandel.pdf
Pensioenfonds Detailhandel	3M Co	Equity	2026	14.978.654	EUR	https://pensioenfondsdetailhandel.nl/content/Publicaties/Beleggingen-Pensioenfonds-Detailhandel.pdf
Pensioenfonds Detailhandel	A2A SpA	Equity	2026	566.923	EUR	https://pensioenfondsdetailhandel.nl/content/Publicaties/Beleggingen-Pensioenfonds-Detailhandel.pdf
Pensioenfonds Detailhandel	ABB Ltd	Equity	2026	23.450.462	EUR	https://pensioenfondsdetailhandel.nl/content/Publicaties/Beleggingen-Pensioenfonds-Detailhandel.pdf
Pensioenfonds Detailhandel	Abbott Laboratories	Equity	2026	22.655.566	EUR	https://pensioenfondsdetailhandel.nl/content/Publicaties/Beleggingen-Pensioenfonds-Detailhandel.pdf
Pensioenfonds Detailhandel	AbbVie Inc	Equity	2026	21.088.902	EUR	https://pensioenfondsdetailhandel.nl/content/Publicaties/Beleggingen-Pensioenfonds-Detailhandel.pdf
Pensioenfonds Detailhandel	ABN AMRO Bank NV	Equity	2026	1.008.899	EUR	https://pensioenfondsdetailhandel.nl/content/Publicaties/Beleggingen-Pensioenfonds-Detailhandel.pdf
Pensioenfonds Detailhandel	Accenture PLC	Equity	2026	21.869.034	EUR	https://pensioenfondsdetailhandel.nl/content/Publicaties/Beleggingen-Pensioenfonds-Detailhandel.pdf
Pensioenfonds Detailhandel	Acciona SA	Equity	2026	1.493.874	EUR	https://pensioenfondsdetailhandel.nl/content/Publicaties/Beleggingen-Pensioenfonds-Detailhandel.pdf
Pensioenfonds Detailhandel	ACS Actividades de Construccion y Servic	Equity	2026	3.433.248	EUR	https://pensioenfondsdetailhandel.nl/content/Publicaties/Beleggingen-Pensioenfonds-Detailhandel.pdf
Pensioenfonds Detailhandel	AddTech AB	Equity	2026	444.102	EUR	https://pensioenfondsdetailhandel.nl/content/Publicaties/Beleggingen-Pensioenfonds-Detailhandel.pdf
Pensioenfonds Detailhandel	adidas AG	Equity	2026	3.829.206	EUR	https://pensioenfondsdetailhandel.nl/content/Publicaties/Beleggingen-Pensioenfonds-Detailhandel.pdf
Pensioenfonds Detailhandel	Adobe Inc	Equity	2026	7.385.437	EUR	https://pensioenfondsdetailhandel.nl/content/Publicaties/Beleggingen-Pensioenfonds-Detailhandel.pdf
Pensioenfonds Detailhandel	Advanced Micro Devices Inc	Equity	2026	59.722.643	EUR	https://pensioenfondsdetailhandel.nl/content/Publicaties/Beleggingen-Pensioenfonds-Detailhandel.pdf
Pensioenfonds Detailhandel	Advantest Corp	Equity	2026	8.907.586	EUR	https://pensioenfondsdetailhandel.nl/content/Publicaties/Beleggingen-Pensioenfonds-Detailhandel.pdf
Pensioenfonds Detailhandel	Aegon Ltd	Equity	2026	567.508	EUR	https://pensioenfondsdetailhandel.nl/content/Publicaties/Beleggingen-Pensioenfonds-Detailhandel.pdf
Pensioenfonds Detailhandel	Aena SME SA	Equity	2026	6.281.927	EUR	https://pensioenfondsdetailhandel.nl/content/Publicaties/Beleggingen-Pensioenfonds-Detailhandel.pdf
Pensioenfonds Detailhandel	Aeon Co Ltd	Equity	2026	866.792	EUR	https://pensioenfondsdetailhandel.nl/content/Publicaties/Beleggingen-Pensioenfonds-Detailhandel.pdf
Pensioenfonds Detailhandel	Aeroports de Paris SA	Equity	2026	493.084	EUR	https://pensioenfondsdetailhandel.nl/content/Publicaties/Beleggingen-Pensioenfonds-Detailhandel.pdf
Pensioenfonds Detailhandel	Aflac Inc	Equity	2026	1.465.974	EUR	https://pensioenfondsdetailhandel.nl/content/Publicaties/Beleggingen-Pensioenfonds-Detailhandel.pdf
Pensioenfonds Detailhandel	Agilent Technologies Inc	Equity	2026	4.816.469	EUR	https://pensioenfondsdetailhandel.nl/content/Publicaties/Beleggingen-Pensioenfonds-Detailhandel.pdf
Pensioenfonds Detailhandel	Agnico Eagle Mines Ltd	Equity	2026	16.012.147	EUR	https://pensioenfondsdetailhandel.nl/content/Publicaties/Beleggingen-Pensioenfonds-Detailhandel.pdf
Pensioenfonds Detailhandel	AIA Group Ltd	Equity	2026	7.014.571	EUR	https://pensioenfondsdetailhandel.nl/content/Publicaties/Beleggingen-Pensioenfonds-Detailhandel.pdf
Pensioenfonds Detailhandel	AIB Group PLC	Equity	2026	2.544.737	EUR	https://pensioenfondsdetailhandel.nl/content/Publicaties/Beleggingen-Pensioenfonds-Detailhandel.pdf
Pensioenfonds Detailhandel	Air Liquide SA	Equity	2026	755.092	EUR	https://pensioenfondsdetailhandel.nl/content/Publicaties/Beleggingen-Pensioenfonds-Detailhandel.pdf
Pensioenfonds Detailhandel	Aisin Corp	Equity	2026	623.751	EUR	https://pensioenfondsdetailhandel.nl/content/Publicaties/Beleggingen-Pensioenfonds-Detailhandel.pdf
Pensioenfonds Detailhandel	Ajinomoto Co Inc	Equity	2026	2.416.671	EUR	https://pensioenfondsdetailhandel.nl/content/Publicaties/Beleggingen-Pensioenfonds-Detailhandel.pdf
Pensioenfonds Detailhandel	Aker BP ASA	Equity	2026	682.271	EUR	https://pensioenfondsdetailhandel.nl/content/Publicaties/Beleggingen-Pensioenfonds-Detailhandel.pdf
Pensioenfonds Detailhandel	Akzo Nobel NV	Equity	2026	2.786.737	EUR	https://pensioenfondsdetailhandel.nl/content/Publicaties/Beleggingen-Pensioenfonds-Detailhandel.pdf
Pensioenfonds Detailhandel	Alamos Gold Inc	Equity	2026	1.421.741	EUR	https://pensioenfondsdetailhandel.nl/content/Publicaties/Beleggingen-Pensioenfonds-Detailhandel.pdf
Pensioenfonds Detailhandel	Alcon AG	Equity	2026	3.251.762	EUR	https://pensioenfondsdetailhandel.nl/content/Publicaties/Beleggingen-Pensioenfonds-Detailhandel.pdf
Pensioenfonds Detailhandel	Alfa Laval AB	Equity	2026	2.155.160	EUR	https://pensioenfondsdetailhandel.nl/content/Publicaties/Beleggingen-Pensioenfonds-Detailhandel.pdf
Pensioenfonds Detailhandel	Alimentation Couche-Tard Inc	Equity	2026	855.918	EUR	https://pensioenfondsdetailhandel.nl/content/Publicaties/Beleggingen-Pensioenfonds-Detailhandel.pdf
Pensioenfonds Detailhandel	eu SA	Equity	2026	406.987	EUR	https://pensioenfondsdetailhandel.nl/content/Publicaties/Beleggingen-Pensioenfonds-Detailhandel.pdf
Pensioenfonds Detailhandel	Allianz SE	Equity	2026	14.744.953	EUR	https://pensioenfondsdetailhandel.nl/content/Publicaties/Beleggingen-Pensioenfonds-Detailhandel.pdf
Pensioenfonds Detailhandel	Allstate Corp/The	Equity	2026	9.804.169	EUR	https://pensioenfondsdetailhandel.nl/content/Publicaties/Beleggingen-Pensioenfonds-Detailhandel.pdf
Pensioenfonds Detailhandel	Alphabet Inc	Equity	2026	286.915.138	EUR	https://pensioenfondsdetailhandel.nl/content/Publicaties/Beleggingen-Pensioenfonds-Detailhandel.pdf
Pensioenfonds Detailhandel	ALS Ltd	Equity	2026	1.807.063	EUR	https://pensioenfondsdetailhandel.nl/content/Publicaties/Beleggingen-Pensioenfonds-Detailhandel.pdf
Pensioenfonds Detailhandel	Alstom SA	Equity	2026	2.446.694	EUR	https://pensioenfondsdetailhandel.nl/content/Publicaties/Beleggingen-Pensioenfonds-Detailhandel.pdf
Pensioenfonds Detailhandel	AltaGas Ltd	Equity	2026	1.205.325	EUR	https://pensioenfondsdetailhandel.nl/content/Publicaties/Beleggingen-Pensioenfonds-Detailhandel.pdf
Pensioenfonds Detailhandel	Amadeus IT Group SA	Equity	2026	4.488.393	EUR	https://pensioenfondsdetailhandel.nl/content/Publicaties/Beleggingen-Pensioenfonds-Detailhandel.pdf
Pensioenfonds Detailhandel	com Inc	Equity	2026	353.797.773	EUR	https://pensioenfondsdetailhandel.nl/content/Publicaties/Beleggingen-Pensioenfonds-Detailhandel.pdf
Pensioenfonds Detailhandel	Amcor PLC	Equity	2026	1.543.150	EUR	https://pensioenfondsdetailhandel.nl/content/Publicaties/Beleggingen-Pensioenfonds-Detailhandel.pdf
Pensioenfonds Detailhandel	American International Group Inc	Equity	2026	4.421.802	EUR	https://pensioenfondsdetailhandel.nl/content/Publicaties/Beleggingen-Pensioenfonds-Detailhandel.pdf
Pensioenfonds Detailhandel	American Tower Corp	Equity	2026	1.734.188	EUR	https://pensioenfondsdetailhandel.nl/content/Publicaties/Beleggingen-Pensioenfonds-Detailhandel.pdf
Pensioenfonds Detailhandel	American Water Works Co Inc	Equity	2026	6.193.146	EUR	https://pensioenfondsdetailhandel.nl/content/Publicaties/Beleggingen-Pensioenfonds-Detailhandel.pdf
Pensioenfonds Detailhandel	Ameriprise Financial Inc	Equity	2026	2.694.864	EUR	https://pensioenfondsdetailhandel.nl/content/Publicaties/Beleggingen-Pensioenfonds-Detailhandel.pdf
Pensioenfonds Detailhandel	AMETEK Inc	Equity	2026	1.290.588	EUR	https://pensioenfondsdetailhandel.nl/content/Publicaties/Beleggingen-Pensioenfonds-Detailhandel.pdf
Pensioenfonds Detailhandel	Amgen Inc	Equity	2026	24.004.401	EUR	https://pensioenfondsdetailhandel.nl/content/Publicaties/Beleggingen-Pensioenfonds-Detailhandel.pdf
Pensioenfonds Detailhandel	Amphenol Corp	Equity	2026	8.705.535	EUR	https://pensioenfondsdetailhandel.nl/content/Publicaties/Beleggingen-Pensioenfonds-Detailhandel.pdf
Pensioenfonds Detailhandel	Amrize Ltd	Equity	2026	1.361.621	EUR	https://pensioenfondsdetailhandel.nl/content/Publicaties/Beleggingen-Pensioenfonds-Detailhandel.pdf
Pensioenfonds Detailhandel	Analog Devices Inc	Equity	2026	18.171.972	EUR	https://pensioenfondsdetailhandel.nl/content/Publicaties/Beleggingen-Pensioenfonds-Detailhandel.pdf
Pensioenfonds Detailhandel	Anglo American PLC	Equity	2026	4.136.745	EUR	https://pensioenfondsdetailhandel.nl/content/Publicaties/Beleggingen-Pensioenfonds-Detailhandel.pdf
Pensioenfonds Detailhandel	Anheuser-Busch InBev SA/NV	Equity	2026	2.343.831	EUR	https://pensioenfondsdetailhandel.nl/content/Publicaties/Beleggingen-Pensioenfonds-Detailhandel.pdf
Pensioenfonds Detailhandel	ANZ Group Holdings Ltd	Equity	2026	5.342.849	EUR	https://pensioenfondsdetailhandel.nl/content/Publicaties/Beleggingen-Pensioenfonds-Detailhandel.pdf
Pensioenfonds Detailhandel	Aon PLC	Equity	2026	5.600.885	EUR	https://pensioenfondsdetailhandel.nl/content/Publicaties/Beleggingen-Pensioenfonds-Detailhandel.pdf
Pensioenfonds Detailhandel	Apollo Global Management Inc	Equity	2026	9.851.802	EUR	https://pensioenfondsdetailhandel.nl/content/Publicaties/Beleggingen-Pensioenfonds-Detailhandel.pdf
Pensioenfonds Detailhandel	Apple Inc	Equity	2026	461.860.315	EUR	https://pensioenfondsdetailhandel.nl/content/Publicaties/Beleggingen-Pensioenfonds-Detailhandel.pdf
Pensioenfonds Detailhandel	Applied Materials Inc	Equity	2026	28.949.213	EUR	https://pensioenfondsdetailhandel.nl/content/Publicaties/Beleggingen-Pensioenfonds-Detailhandel.pdf
Pensioenfonds Detailhandel	Aptiv PLC	Equity	2026	2.568.834	EUR	https://pensioenfondsdetailhandel.nl/content/Publicaties/Beleggingen-Pensioenfonds-Detailhandel.pdf
Pensioenfonds Detailhandel	ARC Resources Ltd	Equity	2026	895.637	EUR	https://pensioenfondsdetailhandel.nl/content/Publicaties/Beleggingen-Pensioenfonds-Detailhandel.pdf
Pensioenfonds Detailhandel	Arch Capital Group Ltd	Equity	2026	4.973.951	EUR	https://pensioenfondsdetailhandel.nl/content/Publicaties/Beleggingen-Pensioenfonds-Detailhandel.pdf
Pensioenfonds Detailhandel	Archer-Daniels-Midland Co	Equity	2026	823.866	EUR	https://pensioenfondsdetailhandel.nl/content/Publicaties/Beleggingen-Pensioenfonds-Detailhandel.pdf
Pensioenfonds Detailhandel	Arista Networks Inc	Equity	2026	13.128.678	EUR	https://pensioenfondsdetailhandel.nl/content/Publicaties/Beleggingen-Pensioenfonds-Detailhandel.pdf
Pensioenfonds Detailhandel	Aristocrat Leisure Ltd	Equity	2026	1.055.641	EUR	https://pensioenfondsdetailhandel.nl/content/Publicaties/Beleggingen-Pensioenfonds-Detailhandel.pdf
Pensioenfonds Detailhandel	Arthur J Gallagher & Co	Equity	2026	820.305	EUR	https://pensioenfondsdetailhandel.nl/content/Publicaties/Beleggingen-Pensioenfonds-Detailhandel.pdf
Pensioenfonds Detailhandel	Asahi Group Holdings Ltd	Equity	2026	2.527.477	EUR	https://pensioenfondsdetailhandel.nl/content/Publicaties/Beleggingen-Pensioenfonds-Detailhandel.pdf
Pensioenfonds Detailhandel	Asahi Kasei Corp	Equity	2026	5.267.567	EUR	https://pensioenfondsdetailhandel.nl/content/Publicaties/Beleggingen-Pensioenfonds-Detailhandel.pdf
Pensioenfonds Detailhandel	Asics Corp	Equity	2026	1.598.431	EUR	https://pensioenfondsdetailhandel.nl/content/Publicaties/Beleggingen-Pensioenfonds-Detailhandel.pdf
Pensioenfonds Detailhandel	ASM International NV	Equity	2026	3.829.644	EUR	https://pensioenfondsdetailhandel.nl/content/Publicaties/Beleggingen-Pensioenfonds-Detailhandel.pdf
Pensioenfonds Detailhandel	ASML Holding NV	Equity	2026	78.735.720	EUR	https://pensioenfondsdetailhandel.nl/content/Publicaties/Beleggingen-Pensioenfonds-Detailhandel.pdf
Pensioenfonds Detailhandel	ASR Nederland NV	Equity	2026	1.410.910	EUR	https://pensioenfondsdetailhandel.nl/content/Publicaties/Beleggingen-Pensioenfonds-Detailhandel.pdf
Pensioenfonds Detailhandel	Assa Abloy AB	Equity	2026	1.451.012	EUR	https://pensioenfondsdetailhandel.nl/content/Publicaties/Beleggingen-Pensioenfonds-Detailhandel.pdf
Pensioenfonds Detailhandel	Astellas Pharma Inc	Equity	2026	4.539.561	EUR	https://pensioenfondsdetailhandel.nl/content/Publicaties/Beleggingen-Pensioenfonds-Detailhandel.pdf
Pensioenfonds Detailhandel	AstraZeneca PLC	Equity	2026	38.088.043	EUR	https://pensioenfondsdetailhandel.nl/content/Publicaties/Beleggingen-Pensioenfonds-Detailhandel.pdf
Pensioenfonds Detailhandel	AT&T Inc	Equity	2026	27.353.529	EUR	https://pensioenfondsdetailhandel.nl/content/Publicaties/Beleggingen-Pensioenfonds-Detailhandel.pdf
Pensioenfonds Detailhandel	AtkinsRealis Group Inc	Equity	2026	1.528.391	EUR	https://pensioenfondsdetailhandel.nl/content/Publicaties/Beleggingen-Pensioenfonds-Detailhandel.pdf
Pensioenfonds Detailhandel	Atlas Copco AB	Equity	2026	8.259.197	EUR	https://pensioenfondsdetailhandel.nl/content/Publicaties/Beleggingen-Pensioenfonds-Detailhandel.pdf
Pensioenfonds Detailhandel	Atlassian Corp	Equity	2026	866.068	EUR	https://pensioenfondsdetailhandel.nl/content/Publicaties/Beleggingen-Pensioenfonds-Detailhandel.pdf
Pensioenfonds Detailhandel	Atmos Energy Corp	Equity	2026	522.321	EUR	https://pensioenfondsdetailhandel.nl/content/Publicaties/Beleggingen-Pensioenfonds-Detailhandel.pdf
Pensioenfonds Detailhandel	Autodesk Inc	Equity	2026	8.162.081	EUR	https://pensioenfondsdetailhandel.nl/content/Publicaties/Beleggingen-Pensioenfonds-Detailhandel.pdf
Pensioenfonds Detailhandel	Automatic Data Processing Inc	Equity	2026	1.944.955	EUR	https://pensioenfondsdetailhandel.nl/content/Publicaties/Beleggingen-Pensioenfonds-Detailhandel.pdf
Pensioenfonds Detailhandel	AutoZone Inc	Equity	2026	829.640	EUR	https://pensioenfondsdetailhandel.nl/content/Publicaties/Beleggingen-Pensioenfonds-Detailhandel.pdf
Pensioenfonds Detailhandel	AvalonBay Communities Inc	Equity	2026	12.264.792	EUR	https://pensioenfondsdetailhandel.nl/content/Publicaties/Beleggingen-Pensioenfonds-Detailhandel.pdf
Pensioenfonds Detailhandel	Avery Dennison Corp	Equity	2026	924.247	EUR	https://pensioenfondsdetailhandel.nl/content/Publicaties/Beleggingen-Pensioenfonds-Detailhandel.pdf
Pensioenfonds Detailhandel	Aviva PLC	Equity	2026	3.947.058	EUR	https://pensioenfondsdetailhandel.nl/content/Publicaties/Beleggingen-Pensioenfonds-Detailhandel.pdf
Pensioenfonds Detailhandel	AXA SA	Equity	2026	8.683.851	EUR	https://pensioenfondsdetailhandel.nl/content/Publicaties/Beleggingen-Pensioenfonds-Detailhandel.pdf
Pensioenfonds Detailhandel	Axon Enterprise Inc	Equity	2026	280.866	EUR	https://pensioenfondsdetailhandel.nl/content/Publicaties/Beleggingen-Pensioenfonds-Detailhandel.pdf
Pensioenfonds Detailhandel	Azbil Corp	Equity	2026	1.012.739	EUR	https://pensioenfondsdetailhandel.nl/content/Publicaties/Beleggingen-Pensioenfonds-Detailhandel.pdf
Pensioenfonds Detailhandel	Baker Hughes Co	Equity	2026	9.194.377	EUR	https://pensioenfondsdetailhandel.nl/content/Publicaties/Beleggingen-Pensioenfonds-Detailhandel.pdf
Pensioenfonds Detailhandel	Ball Corp	Equity	2026	6.720.645	EUR	https://pensioenfondsdetailhandel.nl/content/Publicaties/Beleggingen-Pensioenfonds-Detailhandel.pdf
Pensioenfonds Detailhandel	Banca Monte dei Paschi di Siena SpA	Equity	2026	1.199.564	EUR	https://pensioenfondsdetailhandel.nl/content/Publicaties/Beleggingen-Pensioenfonds-Detailhandel.pdf
Pensioenfonds Detailhandel	Banco Bilbao Vizcaya Argentaria SA	Equity	2026	13.548.855	EUR	https://pensioenfondsdetailhandel.nl/content/Publicaties/Beleggingen-Pensioenfonds-Detailhandel.pdf
Pensioenfonds Detailhandel	Banco de Sabadell SA	Equity	2026	1.541.395	EUR	https://pensioenfondsdetailhandel.nl/content/Publicaties/Beleggingen-Pensioenfonds-Detailhandel.pdf
Pensioenfonds Detailhandel	Banco Santander SA	Equity	2026	22.500.382	EUR	https://pensioenfondsdetailhandel.nl/content/Publicaties/Beleggingen-Pensioenfonds-Detailhandel.pdf
Pensioenfonds Detailhandel	Bank Hapoalim BM	Equity	2026	2.964.625	EUR	https://pensioenfondsdetailhandel.nl/content/Publicaties/Beleggingen-Pensioenfonds-Detailhandel.pdf
Pensioenfonds Detailhandel	Bank Leumi Le-Israel BM	Equity	2026	985.712	EUR	https://pensioenfondsdetailhandel.nl/content/Publicaties/Beleggingen-Pensioenfonds-Detailhandel.pdf
Pensioenfonds Detailhandel	Bank of America Corp	Equity	2026	43.766.809	EUR	https://pensioenfondsdetailhandel.nl/content/Publicaties/Beleggingen-Pensioenfonds-Detailhandel.pdf
Pensioenfonds Detailhandel	Bank of Montreal	Equity	2026	28.208.988	EUR	https://pensioenfondsdetailhandel.nl/content/Publicaties/Beleggingen-Pensioenfonds-Detailhandel.pdf
Pensioenfonds Detailhandel	Bank of New York Mellon Corp/The	Equity	2026	11.784.441	EUR	https://pensioenfondsdetailhandel.nl/content/Publicaties/Beleggingen-Pensioenfonds-Detailhandel.pdf
Pensioenfonds Detailhandel	Bank of Nova Scotia/The	Equity	2026	11.708.609	EUR	https://pensioenfondsdetailhandel.nl/content/Publicaties/Beleggingen-Pensioenfonds-Detailhandel.pdf
Pensioenfonds Detailhandel	Bank Polska Kasa Opieki SA	Equity	2026	657.949	EUR	https://pensioenfondsdetailhandel.nl/content/Publicaties/Beleggingen-Pensioenfonds-Detailhandel.pdf
Pensioenfonds Detailhandel	Bankinter SA	Equity	2026	476.186	EUR	https://pensioenfondsdetailhandel.nl/content/Publicaties/Beleggingen-Pensioenfonds-Detailhandel.pdf
Pensioenfonds Detailhandel	Barclays PLC	Equity	2026	10.745.002	EUR	https://pensioenfondsdetailhandel.nl/content/Publicaties/Beleggingen-Pensioenfonds-Detailhandel.pdf
Pensioenfonds Detailhandel	Barratt Redrow PLC	Equity	2026	619.386	EUR	https://pensioenfondsdetailhandel.nl/content/Publicaties/Beleggingen-Pensioenfonds-Detailhandel.pdf
Pensioenfonds Detailhandel	BASF SE	Equity	2026	14.664.088	EUR	https://pensioenfondsdetailhandel.nl/content/Publicaties/Beleggingen-Pensioenfonds-Detailhandel.pdf
Pensioenfonds Detailhandel	Baxter International Inc	Equity	2026	581	EUR	https://pensioenfondsdetailhandel.nl/content/Publicaties/Beleggingen-Pensioenfonds-Detailhandel.pdf
Pensioenfonds Detailhandel	Bayer AG	Equity	2026	6.342.718	EUR	https://pensioenfondsdetailhandel.nl/content/Publicaties/Beleggingen-Pensioenfonds-Detailhandel.pdf
Pensioenfonds Detailhandel	Bayerische Motoren Werke AG	Equity	2026	4.267.152	EUR	https://pensioenfondsdetailhandel.nl/content/Publicaties/Beleggingen-Pensioenfonds-Detailhandel.pdf
Pensioenfonds Detailhandel	BCE Inc	Equity	2026	1.270.032	EUR	https://pensioenfondsdetailhandel.nl/content/Publicaties/Beleggingen-Pensioenfonds-Detailhandel.pdf
Pensioenfonds Detailhandel	BE Semiconductor Industries NV	Equity	2026	795.254	EUR	https://pensioenfondsdetailhandel.nl/content/Publicaties/Beleggingen-Pensioenfonds-Detailhandel.pdf
Pensioenfonds Detailhandel	Beazley PLC	Equity	2026	1.251.077	EUR	https://pensioenfondsdetailhandel.nl/content/Publicaties/Beleggingen-Pensioenfonds-Detailhandel.pdf
Pensioenfonds Detailhandel	Becton Dickinson & Co	Equity	2026	2.073.929	EUR	https://pensioenfondsdetailhandel.nl/content/Publicaties/Beleggingen-Pensioenfonds-Detailhandel.pdf
Pensioenfonds Detailhandel	Beiersdorf AG	Equity	2026	748.570	EUR	https://pensioenfondsdetailhandel.nl/content/Publicaties/Beleggingen-Pensioenfonds-Detailhandel.pdf
Pensioenfonds Detailhandel	Best Buy Co Inc	Equity	2026	2.574.448	EUR	https://pensioenfondsdetailhandel.nl/content/Publicaties/Beleggingen-Pensioenfonds-Detailhandel.pdf
Pensioenfonds Detailhandel	BHP Group Ltd	Equity	2026	19.012.931	EUR	https://pensioenfondsdetailhandel.nl/content/Publicaties/Beleggingen-Pensioenfonds-Detailhandel.pdf
Pensioenfonds Detailhandel	Biogen Inc	Equity	2026	6.646.468	EUR	https://pensioenfondsdetailhandel.nl/content/Publicaties/Beleggingen-Pensioenfonds-Detailhandel.pdf
Pensioenfonds Detailhandel	BioMerieux	Equity	2026	287.701	EUR	https://pensioenfondsdetailhandel.nl/content/Publicaties/Beleggingen-Pensioenfonds-Detailhandel.pdf
Pensioenfonds Detailhandel	BIPROGY Inc	Equity	2026	314.037	EUR	https://pensioenfondsdetailhandel.nl/content/Publicaties/Beleggingen-Pensioenfonds-Detailhandel.pdf
Pensioenfonds Detailhandel	Blackrock Inc	Equity	2026	22.244.028	EUR	https://pensioenfondsdetailhandel.nl/content/Publicaties/Beleggingen-Pensioenfonds-Detailhandel.pdf
Pensioenfonds Detailhandel	Blackstone Inc	Equity	2026	1.718.662	EUR	https://pensioenfondsdetailhandel.nl/content/Publicaties/Beleggingen-Pensioenfonds-Detailhandel.pdf
Pensioenfonds Detailhandel	Block Inc	Equity	2026	1.326.446	EUR	https://pensioenfondsdetailhandel.nl/content/Publicaties/Beleggingen-Pensioenfonds-Detailhandel.pdf
Pensioenfonds Detailhandel	BNP Paribas SA	Equity	2026	14.247.599	EUR	https://pensioenfondsdetailhandel.nl/content/Publicaties/Beleggingen-Pensioenfonds-Detailhandel.pdf
Pensioenfonds Detailhandel	BOC Hong Kong Holdings Ltd	Equity	2026	1.535.090	EUR	https://pensioenfondsdetailhandel.nl/content/Publicaties/Beleggingen-Pensioenfonds-Detailhandel.pdf
Pensioenfonds Detailhandel	Boliden AB	Equity	2026	1.515.580	EUR	https://pensioenfondsdetailhandel.nl/content/Publicaties/Beleggingen-Pensioenfonds-Detailhandel.pdf
Pensioenfonds Detailhandel	Bombardier Inc	Equity	2026	1.058.621	EUR	https://pensioenfondsdetailhandel.nl/content/Publicaties/Beleggingen-Pensioenfonds-Detailhandel.pdf
Pensioenfonds Detailhandel	Booking Holdings Inc	Equity	2026	993.931	EUR	https://pensioenfondsdetailhandel.nl/content/Publicaties/Beleggingen-Pensioenfonds-Detailhandel.pdf
Pensioenfonds Detailhandel	Boston Scientific Corp	Equity	2026	22.635.255	EUR	https://pensioenfondsdetailhandel.nl/content/Publicaties/Beleggingen-Pensioenfonds-Detailhandel.pdf
Pensioenfonds Detailhandel	Bouygues SA	Equity	2026	1.480.867	EUR	https://pensioenfondsdetailhandel.nl/content/Publicaties/Beleggingen-Pensioenfonds-Detailhandel.pdf
Pensioenfonds Detailhandel	BP PLC	Equity	2026	8.702.279	EUR	https://pensioenfondsdetailhandel.nl/content/Publicaties/Beleggingen-Pensioenfonds-Detailhandel.pdf
Pensioenfonds Detailhandel	Brambles Ltd	Equity	2026	2.796.539	EUR	https://pensioenfondsdetailhandel.nl/content/Publicaties/Beleggingen-Pensioenfonds-Detailhandel.pdf
Pensioenfonds Detailhandel	Brenntag SE	Equity	2026	695.952	EUR	https://pensioenfondsdetailhandel.nl/content/Publicaties/Beleggingen-Pensioenfonds-Detailhandel.pdf
Pensioenfonds Detailhandel	Bridgestone Corp	Equity	2026	4.159.865	EUR	https://pensioenfondsdetailhandel.nl/content/Publicaties/Beleggingen-Pensioenfonds-Detailhandel.pdf
Pensioenfonds Detailhandel	Bristol-Myers Squibb Co	Equity	2026	5.152.828	EUR	https://pensioenfondsdetailhandel.nl/content/Publicaties/Beleggingen-Pensioenfonds-Detailhandel.pdf
Pensioenfonds Detailhandel	British Land Co PLC/The	Equity	2026	1.021.494	EUR	https://pensioenfondsdetailhandel.nl/content/Publicaties/Beleggingen-Pensioenfonds-Detailhandel.pdf
Pensioenfonds Detailhandel	Broadcom Inc	Equity	2026	112.263.313	EUR	https://pensioenfondsdetailhandel.nl/content/Publicaties/Beleggingen-Pensioenfonds-Detailhandel.pdf
Pensioenfonds Detailhandel	Broadridge Financial Solutions Inc	Equity	2026	1.516.236	EUR	https://pensioenfondsdetailhandel.nl/content/Publicaties/Beleggingen-Pensioenfonds-Detailhandel.pdf
Pensioenfonds Detailhandel	Brookfield Asset Management Ltd	Equity	2026	1.109.832	EUR	https://pensioenfondsdetailhandel.nl/content/Publicaties/Beleggingen-Pensioenfonds-Detailhandel.pdf
Pensioenfonds Detailhandel	Brookfield Corp	Equity	2026	5.199.479	EUR	https://pensioenfondsdetailhandel.nl/content/Publicaties/Beleggingen-Pensioenfonds-Detailhandel.pdf
Pensioenfonds Detailhandel	Brother Industries Ltd	Equity	2026	644.007	EUR	https://pensioenfondsdetailhandel.nl/content/Publicaties/Beleggingen-Pensioenfonds-Detailhandel.pdf
Pensioenfonds Detailhandel	Brown & Brown Inc	Equity	2026	793.703	EUR	https://pensioenfondsdetailhandel.nl/content/Publicaties/Beleggingen-Pensioenfonds-Detailhandel.pdf
Pensioenfonds Detailhandel	BT Group PLC	Equity	2026	1.746.173	EUR	https://pensioenfondsdetailhandel.nl/content/Publicaties/Beleggingen-Pensioenfonds-Detailhandel.pdf
Pensioenfonds Detailhandel	Burberry Group PLC	Equity	2026	885.615	EUR	https://pensioenfondsdetailhandel.nl/content/Publicaties/Beleggingen-Pensioenfonds-Detailhandel.pdf
Pensioenfonds Detailhandel	Bureau Veritas SA	Equity	2026	1.851.300	EUR	https://pensioenfondsdetailhandel.nl/content/Publicaties/Beleggingen-Pensioenfonds-Detailhandel.pdf
Pensioenfonds Detailhandel	Burlington Stores Inc	Equity	2026	1.327.557	EUR	https://pensioenfondsdetailhandel.nl/content/Publicaties/Beleggingen-Pensioenfonds-Detailhandel.pdf
Pensioenfonds Detailhandel	Cadence Design Systems Inc	Equity	2026	5.086.164	EUR	https://pensioenfondsdetailhandel.nl/content/Publicaties/Beleggingen-Pensioenfonds-Detailhandel.pdf
Pensioenfonds Detailhandel	CAE Inc	Equity	2026	859.800	EUR	https://pensioenfondsdetailhandel.nl/content/Publicaties/Beleggingen-Pensioenfonds-Detailhandel.pdf
Pensioenfonds Detailhandel	CaixaBank SA	Equity	2026	7.008.422	EUR	https://pensioenfondsdetailhandel.nl/content/Publicaties/Beleggingen-Pensioenfonds-Detailhandel.pdf
Pensioenfonds Detailhandel	Cameco Corp	Equity	2026	1.825.668	EUR	https://pensioenfondsdetailhandel.nl/content/Publicaties/Beleggingen-Pensioenfonds-Detailhandel.pdf
Pensioenfonds Detailhandel	Canadian Imperial Bank of Commerce	Equity	2026	26.357.079	EUR	https://pensioenfondsdetailhandel.nl/content/Publicaties/Beleggingen-Pensioenfonds-Detailhandel.pdf
Pensioenfonds Detailhandel	Canadian National Railway Co	Equity	2026	10.274.624	EUR	https://pensioenfondsdetailhandel.nl/content/Publicaties/Beleggingen-Pensioenfonds-Detailhandel.pdf
Pensioenfonds Detailhandel	Canadian Pacific Kansas City Ltd	Equity	2026	3.346.413	EUR	https://pensioenfondsdetailhandel.nl/content/Publicaties/Beleggingen-Pensioenfonds-Detailhandel.pdf
Pensioenfonds Detailhandel	Canadian Tire Corp Ltd	Equity	2026	1.613.496	EUR	https://pensioenfondsdetailhandel.nl/content/Publicaties/Beleggingen-Pensioenfonds-Detailhandel.pdf
Pensioenfonds Detailhandel	Canon Inc	Equity	2026	3.246.889	EUR	https://pensioenfondsdetailhandel.nl/content/Publicaties/Beleggingen-Pensioenfonds-Detailhandel.pdf
Pensioenfonds Detailhandel	Capgemini SE	Equity	2026	2.399.639	EUR	https://pensioenfondsdetailhandel.nl/content/Publicaties/Beleggingen-Pensioenfonds-Detailhandel.pdf
Pensioenfonds Detailhandel	Capital One Financial Corp	Equity	2026	5.559.507	EUR	https://pensioenfondsdetailhandel.nl/content/Publicaties/Beleggingen-Pensioenfonds-Detailhandel.pdf
Pensioenfonds Detailhandel	CapitaLand Ascendas REIT	Equity	2026	2.130.795	EUR	https://pensioenfondsdetailhandel.nl/content/Publicaties/Beleggingen-Pensioenfonds-Detailhandel.pdf
Pensioenfonds Detailhandel	CapitaLand Integrated Commercial Trust	Equity	2026	4.056.804	EUR	https://pensioenfondsdetailhandel.nl/content/Publicaties/Beleggingen-Pensioenfonds-Detailhandel.pdf
Pensioenfonds Detailhandel	CAR Group Ltd	Equity	2026	439.430	EUR	https://pensioenfondsdetailhandel.nl/content/Publicaties/Beleggingen-Pensioenfonds-Detailhandel.pdf
Pensioenfonds Detailhandel	Cardinal Health Inc	Equity	2026	5.175.462	EUR	https://pensioenfondsdetailhandel.nl/content/Publicaties/Beleggingen-Pensioenfonds-Detailhandel.pdf
Pensioenfonds Detailhandel	Carlsberg AS	Equity	2026	1.406.477	EUR	https://pensioenfondsdetailhandel.nl/content/Publicaties/Beleggingen-Pensioenfonds-Detailhandel.pdf
Pensioenfonds Detailhandel	Carnival Corp	Equity	2026	2.041.537	EUR	https://pensioenfondsdetailhandel.nl/content/Publicaties/Beleggingen-Pensioenfonds-Detailhandel.pdf
Pensioenfonds Detailhandel	Carrefour SA	Equity	2026	955.159	EUR	https://pensioenfondsdetailhandel.nl/content/Publicaties/Beleggingen-Pensioenfonds-Detailhandel.pdf
Pensioenfonds Detailhandel	Carrier Global Corp	Equity	2026	9.393.975	EUR	https://pensioenfondsdetailhandel.nl/content/Publicaties/Beleggingen-Pensioenfonds-Detailhandel.pdf
Pensioenfonds Detailhandel	Castellum AB	Equity	2026	433.411	EUR	https://pensioenfondsdetailhandel.nl/content/Publicaties/Beleggingen-Pensioenfonds-Detailhandel.pdf
Pensioenfonds Detailhandel	Caterpillar Inc	Equity	2026	18.187.412	EUR	https://pensioenfondsdetailhandel.nl/content/Publicaties/Beleggingen-Pensioenfonds-Detailhandel.pdf
Pensioenfonds Detailhandel	Cboe Global Markets Inc	Equity	2026	3.394.697	EUR	https://pensioenfondsdetailhandel.nl/content/Publicaties/Beleggingen-Pensioenfonds-Detailhandel.pdf
Pensioenfonds Detailhandel	CBRE Group Inc	Equity	2026	21.915.667	EUR	https://pensioenfondsdetailhandel.nl/content/Publicaties/Beleggingen-Pensioenfonds-Detailhandel.pdf
Pensioenfonds Detailhandel	Celestica Inc	Equity	2026	1.909.443	EUR	https://pensioenfondsdetailhandel.nl/content/Publicaties/Beleggingen-Pensioenfonds-Detailhandel.pdf
Pensioenfonds Detailhandel	Cellnex Telecom SA	Equity	2026	1.406.410	EUR	https://pensioenfondsdetailhandel.nl/content/Publicaties/Beleggingen-Pensioenfonds-Detailhandel.pdf
Pensioenfonds Detailhandel	Celltrion Inc	Equity	2026	558.466	EUR	https://pensioenfondsdetailhandel.nl/content/Publicaties/Beleggingen-Pensioenfonds-Detailhandel.pdf
Pensioenfonds Detailhandel	Cencora Inc	Equity	2026	1.662.308	EUR	https://pensioenfondsdetailhandel.nl/content/Publicaties/Beleggingen-Pensioenfonds-Detailhandel.pdf
Pensioenfonds Detailhandel	CenterPoint Energy Inc	Equity	2026	2.238.274	EUR	https://pensioenfondsdetailhandel.nl/content/Publicaties/Beleggingen-Pensioenfonds-Detailhandel.pdf
Pensioenfonds Detailhandel	Centrica PLC	Equity	2026	1.455.794	EUR	https://pensioenfondsdetailhandel.nl/content/Publicaties/Beleggingen-Pensioenfonds-Detailhandel.pdf
Pensioenfonds Detailhandel	CGI Inc	Equity	2026	1.515.741	EUR	https://pensioenfondsdetailhandel.nl/content/Publicaties/Beleggingen-Pensioenfonds-Detailhandel.pdf
Pensioenfonds Detailhandel	Challenger Ltd	Equity	2026	448.480	EUR	https://pensioenfondsdetailhandel.nl/content/Publicaties/Beleggingen-Pensioenfonds-Detailhandel.pdf
Pensioenfonds Detailhandel	Charles Schwab Corp/The	Equity	2026	947.549	EUR	https://pensioenfondsdetailhandel.nl/content/Publicaties/Beleggingen-Pensioenfonds-Detailhandel.pdf
Pensioenfonds Detailhandel	Charter Hall Group	Equity	2026	779.302	EUR	https://pensioenfondsdetailhandel.nl/content/Publicaties/Beleggingen-Pensioenfonds-Detailhandel.pdf
Pensioenfonds Detailhandel	Check Point Software Technologies Ltd	Equity	2026	585.806	EUR	https://pensioenfondsdetailhandel.nl/content/Publicaties/Beleggingen-Pensioenfonds-Detailhandel.pdf
Pensioenfonds Detailhandel	Cheniere Energy Inc	Equity	2026	2.599.204	EUR	https://pensioenfondsdetailhandel.nl/content/Publicaties/Beleggingen-Pensioenfonds-Detailhandel.pdf
Pensioenfonds Detailhandel	Chevron Corp	Equity	2026	9.281.948	EUR	https://pensioenfondsdetailhandel.nl/content/Publicaties/Beleggingen-Pensioenfonds-Detailhandel.pdf
Pensioenfonds Detailhandel	Chipotle Mexican Grill Inc	Equity	2026	2.132.963	EUR	https://pensioenfondsdetailhandel.nl/content/Publicaties/Beleggingen-Pensioenfonds-Detailhandel.pdf
Pensioenfonds Detailhandel	Chocoladefabriken Lindt & Spruengli AG	Equity	2026	2.972.068	EUR	https://pensioenfondsdetailhandel.nl/content/Publicaties/Beleggingen-Pensioenfonds-Detailhandel.pdf
Pensioenfonds Detailhandel	Chow Tai Fook Jewellery Group Ltd	Equity	2026	341.570	EUR	https://pensioenfondsdetailhandel.nl/content/Publicaties/Beleggingen-Pensioenfonds-Detailhandel.pdf
Pensioenfonds Detailhandel	Chubb Ltd	Equity	2026	1.985.743	EUR	https://pensioenfondsdetailhandel.nl/content/Publicaties/Beleggingen-Pensioenfonds-Detailhandel.pdf
Pensioenfonds Detailhandel	Chubu Electric Power Co Inc	Equity	2026	2.935.324	EUR	https://pensioenfondsdetailhandel.nl/content/Publicaties/Beleggingen-Pensioenfonds-Detailhandel.pdf
Pensioenfonds Detailhandel	Chugai Pharmaceutical Co Ltd	Equity	2026	6.182.138	EUR	https://pensioenfondsdetailhandel.nl/content/Publicaties/Beleggingen-Pensioenfonds-Detailhandel.pdf
Pensioenfonds Detailhandel	Church & Dwight Co Inc	Equity	2026	468.706	EUR	https://pensioenfondsdetailhandel.nl/content/Publicaties/Beleggingen-Pensioenfonds-Detailhandel.pdf
Pensioenfonds Detailhandel	Cie de Saint-Gobain SA	Equity	2026	7.720.052	EUR	https://pensioenfondsdetailhandel.nl/content/Publicaties/Beleggingen-Pensioenfonds-Detailhandel.pdf
Pensioenfonds Detailhandel	Cie Financiere Richemont SA	Equity	2026	11.607.607	EUR	https://pensioenfondsdetailhandel.nl/content/Publicaties/Beleggingen-Pensioenfonds-Detailhandel.pdf
Pensioenfonds Detailhandel	Cie Generale des Etablissements Michelin	Equity	2026	1.400.828	EUR	https://pensioenfondsdetailhandel.nl/content/Publicaties/Beleggingen-Pensioenfonds-Detailhandel.pdf
Pensioenfonds Detailhandel	Cigna Group/The	Equity	2026	11.060.100	EUR	https://pensioenfondsdetailhandel.nl/content/Publicaties/Beleggingen-Pensioenfonds-Detailhandel.pdf
Pensioenfonds Detailhandel	Cincinnati Financial Corp	Equity	2026	641.293	EUR	https://pensioenfondsdetailhandel.nl/content/Publicaties/Beleggingen-Pensioenfonds-Detailhandel.pdf
Pensioenfonds Detailhandel	Cintas Corp	Equity	2026	12.040.911	EUR	https://pensioenfondsdetailhandel.nl/content/Publicaties/Beleggingen-Pensioenfonds-Detailhandel.pdf
Pensioenfonds Detailhandel	Cisco Systems Inc	Equity	2026	46.982.620	EUR	https://pensioenfondsdetailhandel.nl/content/Publicaties/Beleggingen-Pensioenfonds-Detailhandel.pdf
Pensioenfonds Detailhandel	Citigroup Inc	Equity	2026	71.698.599	EUR	https://pensioenfondsdetailhandel.nl/content/Publicaties/Beleggingen-Pensioenfonds-Detailhandel.pdf
Pensioenfonds Detailhandel	Citizens Financial Group Inc	Equity	2026	1.202.627	EUR	https://pensioenfondsdetailhandel.nl/content/Publicaties/Beleggingen-Pensioenfonds-Detailhandel.pdf
Pensioenfonds Detailhandel	City Developments Ltd	Equity	2026	647.296	EUR	https://pensioenfondsdetailhandel.nl/content/Publicaties/Beleggingen-Pensioenfonds-Detailhandel.pdf
Pensioenfonds Detailhandel	CK Hutchison Holdings Ltd	Equity	2026	1.332.731	EUR	https://pensioenfondsdetailhandel.nl/content/Publicaties/Beleggingen-Pensioenfonds-Detailhandel.pdf
Pensioenfonds Detailhandel	Cleanaway Waste Management Ltd	Equity	2026	807.436	EUR	https://pensioenfondsdetailhandel.nl/content/Publicaties/Beleggingen-Pensioenfonds-Detailhandel.pdf
Pensioenfonds Detailhandel	Cloudflare Inc	Equity	2026	6.060.543	EUR	https://pensioenfondsdetailhandel.nl/content/Publicaties/Beleggingen-Pensioenfonds-Detailhandel.pdf
Pensioenfonds Detailhandel	CME Group Inc	Equity	2026	1.556.470	EUR	https://pensioenfondsdetailhandel.nl/content/Publicaties/Beleggingen-Pensioenfonds-Detailhandel.pdf
Pensioenfonds Detailhandel	Coca-Cola Co/The	Equity	2026	53.661.433	EUR	https://pensioenfondsdetailhandel.nl/content/Publicaties/Beleggingen-Pensioenfonds-Detailhandel.pdf
Pensioenfonds Detailhandel	Coca-Cola Europacific Partners PLC	Equity	2026	2.411.193	EUR	https://pensioenfondsdetailhandel.nl/content/Publicaties/Beleggingen-Pensioenfonds-Detailhandel.pdf
Pensioenfonds Detailhandel	Coca-Cola HBC AG	Equity	2026	1.571.100	EUR	https://pensioenfondsdetailhandel.nl/content/Publicaties/Beleggingen-Pensioenfonds-Detailhandel.pdf
Pensioenfonds Detailhandel	Cochlear Ltd	Equity	2026	494.117	EUR	https://pensioenfondsdetailhandel.nl/content/Publicaties/Beleggingen-Pensioenfonds-Detailhandel.pdf
Pensioenfonds Detailhandel	Cognizant Technology Solutions Corp	Equity	2026	2.669.752	EUR	https://pensioenfondsdetailhandel.nl/content/Publicaties/Beleggingen-Pensioenfonds-Detailhandel.pdf
Pensioenfonds Detailhandel	Coles Group Ltd	Equity	2026	3.880.821	EUR	https://pensioenfondsdetailhandel.nl/content/Publicaties/Beleggingen-Pensioenfonds-Detailhandel.pdf
Pensioenfonds Detailhandel	Colgate-Palmolive Co	Equity	2026	7.320.222	EUR	https://pensioenfondsdetailhandel.nl/content/Publicaties/Beleggingen-Pensioenfonds-Detailhandel.pdf
Pensioenfonds Detailhandel	Comcast Corp	Equity	2026	1.602.971	EUR	https://pensioenfondsdetailhandel.nl/content/Publicaties/Beleggingen-Pensioenfonds-Detailhandel.pdf
Pensioenfonds Detailhandel	Commerzbank AG	Equity	2026	2.500.302	EUR	https://pensioenfondsdetailhandel.nl/content/Publicaties/Beleggingen-Pensioenfonds-Detailhandel.pdf
Pensioenfonds Detailhandel	Commonwealth Bank of Australia	Equity	2026	14.583.402	EUR	https://pensioenfondsdetailhandel.nl/content/Publicaties/Beleggingen-Pensioenfonds-Detailhandel.pdf
Pensioenfonds Detailhandel	Compass Group PLC	Equity	2026	4.511.172	EUR	https://pensioenfondsdetailhandel.nl/content/Publicaties/Beleggingen-Pensioenfonds-Detailhandel.pdf
Pensioenfonds Detailhandel	Computershare Ltd	Equity	2026	710.219	EUR	https://pensioenfondsdetailhandel.nl/content/Publicaties/Beleggingen-Pensioenfonds-Detailhandel.pdf
Pensioenfonds Detailhandel	ConocoPhillips	Equity	2026	35.477.661	EUR	https://pensioenfondsdetailhandel.nl/content/Publicaties/Beleggingen-Pensioenfonds-Detailhandel.pdf
Pensioenfonds Detailhandel	Consolidated Edison Inc	Equity	2026	2.237.765	EUR	https://pensioenfondsdetailhandel.nl/content/Publicaties/Beleggingen-Pensioenfonds-Detailhandel.pdf
Pensioenfonds Detailhandel	Constellation Energy Corp	Equity	2026	15.262.773	EUR	https://pensioenfondsdetailhandel.nl/content/Publicaties/Beleggingen-Pensioenfonds-Detailhandel.pdf
Pensioenfonds Detailhandel	Contact Energy Ltd	Equity	2026	443.698	EUR	https://pensioenfondsdetailhandel.nl/content/Publicaties/Beleggingen-Pensioenfonds-Detailhandel.pdf
Pensioenfonds Detailhandel	Cooper Cos Inc/The	Equity	2026	513.693	EUR	https://pensioenfondsdetailhandel.nl/content/Publicaties/Beleggingen-Pensioenfonds-Detailhandel.pdf
Pensioenfonds Detailhandel	Copart Inc	Equity	2026	360.843	EUR	https://pensioenfondsdetailhandel.nl/content/Publicaties/Beleggingen-Pensioenfonds-Detailhandel.pdf
Pensioenfonds Detailhandel	Corning Inc	Equity	2026	1.647.996	EUR	https://pensioenfondsdetailhandel.nl/content/Publicaties/Beleggingen-Pensioenfonds-Detailhandel.pdf
Pensioenfonds Detailhandel	Corteva Inc	Equity	2026	1.532.165	EUR	https://pensioenfondsdetailhandel.nl/content/Publicaties/Beleggingen-Pensioenfonds-Detailhandel.pdf
Pensioenfonds Detailhandel	CoStar Group Inc	Equity	2026	1.658.589	EUR	https://pensioenfondsdetailhandel.nl/content/Publicaties/Beleggingen-Pensioenfonds-Detailhandel.pdf
Pensioenfonds Detailhandel	Costco Wholesale Corp	Equity	2026	17.914.464	EUR	https://pensioenfondsdetailhandel.nl/content/Publicaties/Beleggingen-Pensioenfonds-Detailhandel.pdf
Pensioenfonds Detailhandel	Covivio SA/France	Equity	2026	1.392.924	EUR	https://pensioenfondsdetailhandel.nl/content/Publicaties/Beleggingen-Pensioenfonds-Detailhandel.pdf
Pensioenfonds Detailhandel	Coway Co Ltd	Equity	2026	301.562	EUR	https://pensioenfondsdetailhandel.nl/content/Publicaties/Beleggingen-Pensioenfonds-Detailhandel.pdf
Pensioenfonds Detailhandel	Credicorp Ltd	Equity	2026	5.582.840	EUR	https://pensioenfondsdetailhandel.nl/content/Publicaties/Beleggingen-Pensioenfonds-Detailhandel.pdf
Pensioenfonds Detailhandel	Credit Agricole SA	Equity	2026	1.993.369	EUR	https://pensioenfondsdetailhandel.nl/content/Publicaties/Beleggingen-Pensioenfonds-Detailhandel.pdf
Pensioenfonds Detailhandel	CRH PLC	Equity	2026	742.654	EUR	https://pensioenfondsdetailhandel.nl/content/Publicaties/Beleggingen-Pensioenfonds-Detailhandel.pdf
Pensioenfonds Detailhandel	Croda International PLC	Equity	2026	946.528	EUR	https://pensioenfondsdetailhandel.nl/content/Publicaties/Beleggingen-Pensioenfonds-Detailhandel.pdf
Pensioenfonds Detailhandel	CSL Ltd	Equity	2026	6.828.216	EUR	https://pensioenfondsdetailhandel.nl/content/Publicaties/Beleggingen-Pensioenfonds-Detailhandel.pdf
Pensioenfonds Detailhandel	CSX Corp	Equity	2026	15.735.131	EUR	https://pensioenfondsdetailhandel.nl/content/Publicaties/Beleggingen-Pensioenfonds-Detailhandel.pdf
Pensioenfonds Detailhandel	Cummins Inc	Equity	2026	6.091.832	EUR	https://pensioenfondsdetailhandel.nl/content/Publicaties/Beleggingen-Pensioenfonds-Detailhandel.pdf
Pensioenfonds Detailhandel	CVS Health Corp	Equity	2026	6.598.688	EUR	https://pensioenfondsdetailhandel.nl/content/Publicaties/Beleggingen-Pensioenfonds-Detailhandel.pdf
Pensioenfonds Detailhandel	Dai Nippon Printing Co Ltd	Equity	2026	822.344	EUR	https://pensioenfondsdetailhandel.nl/content/Publicaties/Beleggingen-Pensioenfonds-Detailhandel.pdf
Pensioenfonds Detailhandel	Daifuku Co Ltd	Equity	2026	1.730.392	EUR	https://pensioenfondsdetailhandel.nl/content/Publicaties/Beleggingen-Pensioenfonds-Detailhandel.pdf
Pensioenfonds Detailhandel	Daiichi Life Group Inc	Equity	2026	2.614.948	EUR	https://pensioenfondsdetailhandel.nl/content/Publicaties/Beleggingen-Pensioenfonds-Detailhandel.pdf
Pensioenfonds Detailhandel	Daiichi Sankyo Co Ltd	Equity	2026	5.908.291	EUR	https://pensioenfondsdetailhandel.nl/content/Publicaties/Beleggingen-Pensioenfonds-Detailhandel.pdf
Pensioenfonds Detailhandel	Daimler Truck Holding AG	Equity	2026	705.322	EUR	https://pensioenfondsdetailhandel.nl/content/Publicaties/Beleggingen-Pensioenfonds-Detailhandel.pdf
Pensioenfonds Detailhandel	Daiwa House Industry Co Ltd	Equity	2026	3.698.411	EUR	https://pensioenfondsdetailhandel.nl/content/Publicaties/Beleggingen-Pensioenfonds-Detailhandel.pdf
Pensioenfonds Detailhandel	Danaher Corp	Equity	2026	17.716.237	EUR	https://pensioenfondsdetailhandel.nl/content/Publicaties/Beleggingen-Pensioenfonds-Detailhandel.pdf
Pensioenfonds Detailhandel	Danone SA	Equity	2026	7.598.197	EUR	https://pensioenfondsdetailhandel.nl/content/Publicaties/Beleggingen-Pensioenfonds-Detailhandel.pdf
Pensioenfonds Detailhandel	Dassault Systemes SE	Equity	2026	1.726.292	EUR	https://pensioenfondsdetailhandel.nl/content/Publicaties/Beleggingen-Pensioenfonds-Detailhandel.pdf
Pensioenfonds Detailhandel	Davide Campari-Milano NV	Equity	2026	481.867	EUR	https://pensioenfondsdetailhandel.nl/content/Publicaties/Beleggingen-Pensioenfonds-Detailhandel.pdf
Pensioenfonds Detailhandel	DBS Group Holdings Ltd	Equity	2026	17.930.353	EUR	https://pensioenfondsdetailhandel.nl/content/Publicaties/Beleggingen-Pensioenfonds-Detailhandel.pdf
Pensioenfonds Detailhandel	Deckers Outdoor Corp	Equity	2026	2.271.440	EUR	https://pensioenfondsdetailhandel.nl/content/Publicaties/Beleggingen-Pensioenfonds-Detailhandel.pdf
Pensioenfonds Detailhandel	Deere & Co	Equity	2026	22.882.641	EUR	https://pensioenfondsdetailhandel.nl/content/Publicaties/Beleggingen-Pensioenfonds-Detailhandel.pdf
Pensioenfonds Detailhandel	Dell Technologies Inc	Equity	2026	7.496.960	EUR	https://pensioenfondsdetailhandel.nl/content/Publicaties/Beleggingen-Pensioenfonds-Detailhandel.pdf
Pensioenfonds Detailhandel	Denso Corp	Equity	2026	1.717.046	EUR	https://pensioenfondsdetailhandel.nl/content/Publicaties/Beleggingen-Pensioenfonds-Detailhandel.pdf
Pensioenfonds Detailhandel	Dentsu Group Inc	Equity	2026	671.424	EUR	https://pensioenfondsdetailhandel.nl/content/Publicaties/Beleggingen-Pensioenfonds-Detailhandel.pdf
Pensioenfonds Detailhandel	Descartes Systems Group Inc/The	Equity	2026	329.850	EUR	https://pensioenfondsdetailhandel.nl/content/Publicaties/Beleggingen-Pensioenfonds-Detailhandel.pdf
Pensioenfonds Detailhandel	Deutsche Bank AG	Equity	2026	5.772.432	EUR	https://pensioenfondsdetailhandel.nl/content/Publicaties/Beleggingen-Pensioenfonds-Detailhandel.pdf
Pensioenfonds Detailhandel	Deutsche Boerse AG	Equity	2026	8.648.637	EUR	https://pensioenfondsdetailhandel.nl/content/Publicaties/Beleggingen-Pensioenfonds-Detailhandel.pdf
Pensioenfonds Detailhandel	Deutsche Post AG	Equity	2026	3.414.604	EUR	https://pensioenfondsdetailhandel.nl/content/Publicaties/Beleggingen-Pensioenfonds-Detailhandel.pdf
Pensioenfonds Detailhandel	Deutsche Telekom AG	Equity	2026	13.262.860	EUR	https://pensioenfondsdetailhandel.nl/content/Publicaties/Beleggingen-Pensioenfonds-Detailhandel.pdf
Pensioenfonds Detailhandel	Devon Energy Corp	Equity	2026	1.702.154	EUR	https://pensioenfondsdetailhandel.nl/content/Publicaties/Beleggingen-Pensioenfonds-Detailhandel.pdf
Pensioenfonds Detailhandel	Dexus	Equity	2026	797.866	EUR	https://pensioenfondsdetailhandel.nl/content/Publicaties/Beleggingen-Pensioenfonds-Detailhandel.pdf
Pensioenfonds Detailhandel	Diageo PLC	Equity	2026	6.594.457	EUR	https://pensioenfondsdetailhandel.nl/content/Publicaties/Beleggingen-Pensioenfonds-Detailhandel.pdf
Pensioenfonds Detailhandel	Diamondback Energy Inc	Equity	2026	424.351	EUR	https://pensioenfondsdetailhandel.nl/content/Publicaties/Beleggingen-Pensioenfonds-Detailhandel.pdf
Pensioenfonds Detailhandel	DIC Corp	Equity	2026	446.769	EUR	https://pensioenfondsdetailhandel.nl/content/Publicaties/Beleggingen-Pensioenfonds-Detailhandel.pdf
Pensioenfonds Detailhandel	DNB Bank ASA	Equity	2026	2.360.001	EUR	https://pensioenfondsdetailhandel.nl/content/Publicaties/Beleggingen-Pensioenfonds-Detailhandel.pdf
Pensioenfonds Detailhandel	Dollar Tree Inc	Equity	2026	3.996.896	EUR	https://pensioenfondsdetailhandel.nl/content/Publicaties/Beleggingen-Pensioenfonds-Detailhandel.pdf
Pensioenfonds Detailhandel	Dollarama Inc	Equity	2026	758.645	EUR	https://pensioenfondsdetailhandel.nl/content/Publicaties/Beleggingen-Pensioenfonds-Detailhandel.pdf
Pensioenfonds Detailhandel	Doosan Co Ltd	Equity	2026	915.673	EUR	https://pensioenfondsdetailhandel.nl/content/Publicaties/Beleggingen-Pensioenfonds-Detailhandel.pdf
Pensioenfonds Detailhandel	Doosan Enerbility Co Ltd	Equity	2026	4.276.623	EUR	https://pensioenfondsdetailhandel.nl/content/Publicaties/Beleggingen-Pensioenfonds-Detailhandel.pdf
Pensioenfonds Detailhandel	Dowa Holdings Co Ltd	Equity	2026	637.106	EUR	https://pensioenfondsdetailhandel.nl/content/Publicaties/Beleggingen-Pensioenfonds-Detailhandel.pdf
Pensioenfonds Detailhandel	DSM-Firmenich AG	Equity	2026	721.920	EUR	https://pensioenfondsdetailhandel.nl/content/Publicaties/Beleggingen-Pensioenfonds-Detailhandel.pdf
Pensioenfonds Detailhandel	DSV A/S	Equity	2026	2.424.611	EUR	https://pensioenfondsdetailhandel.nl/content/Publicaties/Beleggingen-Pensioenfonds-Detailhandel.pdf
Pensioenfonds Detailhandel	Duke Energy Corp	Equity	2026	1.179.619	EUR	https://pensioenfondsdetailhandel.nl/content/Publicaties/Beleggingen-Pensioenfonds-Detailhandel.pdf
Pensioenfonds Detailhandel	DuPont de Nemours Inc	Equity	2026	4.191.284	EUR	https://pensioenfondsdetailhandel.nl/content/Publicaties/Beleggingen-Pensioenfonds-Detailhandel.pdf
Pensioenfonds Detailhandel	ON SE	Equity	2026	7.746.317	EUR	https://pensioenfondsdetailhandel.nl/content/Publicaties/Beleggingen-Pensioenfonds-Detailhandel.pdf
Pensioenfonds Detailhandel	Eaton Corp PLC	Equity	2026	23.969.972	EUR	https://pensioenfondsdetailhandel.nl/content/Publicaties/Beleggingen-Pensioenfonds-Detailhandel.pdf
Pensioenfonds Detailhandel	Ebara Corp	Equity	2026	1.283.370	EUR	https://pensioenfondsdetailhandel.nl/content/Publicaties/Beleggingen-Pensioenfonds-Detailhandel.pdf
Pensioenfonds Detailhandel	eBay Inc	Equity	2026	15.605.955	EUR	https://pensioenfondsdetailhandel.nl/content/Publicaties/Beleggingen-Pensioenfonds-Detailhandel.pdf
Pensioenfonds Detailhandel	Ecolab Inc	Equity	2026	32.137.099	EUR	https://pensioenfondsdetailhandel.nl/content/Publicaties/Beleggingen-Pensioenfonds-Detailhandel.pdf
Pensioenfonds Detailhandel	Edenred SE	Equity	2026	659.847	EUR	https://pensioenfondsdetailhandel.nl/content/Publicaties/Beleggingen-Pensioenfonds-Detailhandel.pdf
Pensioenfonds Detailhandel	Edison International	Equity	2026	2.592.675	EUR	https://pensioenfondsdetailhandel.nl/content/Publicaties/Beleggingen-Pensioenfonds-Detailhandel.pdf
Pensioenfonds Detailhandel	EDP Renovaveis SA	Equity	2026	1.177.655	EUR	https://pensioenfondsdetailhandel.nl/content/Publicaties/Beleggingen-Pensioenfonds-Detailhandel.pdf
Pensioenfonds Detailhandel	EDP SA	Equity	2026	3.431.122	EUR	https://pensioenfondsdetailhandel.nl/content/Publicaties/Beleggingen-Pensioenfonds-Detailhandel.pdf
Pensioenfonds Detailhandel	Edwards Lifesciences Corp	Equity	2026	3.710.424	EUR	https://pensioenfondsdetailhandel.nl/content/Publicaties/Beleggingen-Pensioenfonds-Detailhandel.pdf
Pensioenfonds Detailhandel	Eisai Co Ltd	Equity	2026	829.202	EUR	https://pensioenfondsdetailhandel.nl/content/Publicaties/Beleggingen-Pensioenfonds-Detailhandel.pdf
Pensioenfonds Detailhandel	Elbit Systems Ltd	Equity	2026	1.880.221	EUR	https://pensioenfondsdetailhandel.nl/content/Publicaties/Beleggingen-Pensioenfonds-Detailhandel.pdf
Pensioenfonds Detailhandel	Element Fleet Management Corp	Equity	2026	1.028.958	EUR	https://pensioenfondsdetailhandel.nl/content/Publicaties/Beleggingen-Pensioenfonds-Detailhandel.pdf
Pensioenfonds Detailhandel	Elevance Health Inc	Equity	2026	9.980.482	EUR	https://pensioenfondsdetailhandel.nl/content/Publicaties/Beleggingen-Pensioenfonds-Detailhandel.pdf
Pensioenfonds Detailhandel	Eli Lilly & Co	Equity	2026	28.866.343	EUR	https://pensioenfondsdetailhandel.nl/content/Publicaties/Beleggingen-Pensioenfonds-Detailhandel.pdf
Pensioenfonds Detailhandel	Elisa Oyj	Equity	2026	574.430	EUR	https://pensioenfondsdetailhandel.nl/content/Publicaties/Beleggingen-Pensioenfonds-Detailhandel.pdf
Pensioenfonds Detailhandel	Emerson Electric Co	Equity	2026	8.478.660	EUR	https://pensioenfondsdetailhandel.nl/content/Publicaties/Beleggingen-Pensioenfonds-Detailhandel.pdf
Pensioenfonds Detailhandel	Enbridge Inc	Equity	2026	18.767.698	EUR	https://pensioenfondsdetailhandel.nl/content/Publicaties/Beleggingen-Pensioenfonds-Detailhandel.pdf
Pensioenfonds Detailhandel	Endesa SA	Equity	2026	3.841.257	EUR	https://pensioenfondsdetailhandel.nl/content/Publicaties/Beleggingen-Pensioenfonds-Detailhandel.pdf
Pensioenfonds Detailhandel	Enel SpA	Equity	2026	24.198.047	EUR	https://pensioenfondsdetailhandel.nl/content/Publicaties/Beleggingen-Pensioenfonds-Detailhandel.pdf
Pensioenfonds Detailhandel	ENEOS Holdings Inc	Equity	2026	3.103.371	EUR	https://pensioenfondsdetailhandel.nl/content/Publicaties/Beleggingen-Pensioenfonds-Detailhandel.pdf
Pensioenfonds Detailhandel	Engie SA	Equity	2026	11.698.331	EUR	https://pensioenfondsdetailhandel.nl/content/Publicaties/Beleggingen-Pensioenfonds-Detailhandel.pdf
Pensioenfonds Detailhandel	Eni SpA	Equity	2026	5.142.608	EUR	https://pensioenfondsdetailhandel.nl/content/Publicaties/Beleggingen-Pensioenfonds-Detailhandel.pdf
Pensioenfonds Detailhandel	Entain PLC	Equity	2026	711.524	EUR	https://pensioenfondsdetailhandel.nl/content/Publicaties/Beleggingen-Pensioenfonds-Detailhandel.pdf
Pensioenfonds Detailhandel	EOG Resources Inc	Equity	2026	757.104	EUR	https://pensioenfondsdetailhandel.nl/content/Publicaties/Beleggingen-Pensioenfonds-Detailhandel.pdf
Pensioenfonds Detailhandel	Epiroc AB	Equity	2026	3.123.253	EUR	https://pensioenfondsdetailhandel.nl/content/Publicaties/Beleggingen-Pensioenfonds-Detailhandel.pdf
Pensioenfonds Detailhandel	EQT AB	Equity	2026	1.241.727	EUR	https://pensioenfondsdetailhandel.nl/content/Publicaties/Beleggingen-Pensioenfonds-Detailhandel.pdf
Pensioenfonds Detailhandel	Equifax Inc	Equity	2026	4.219.658	EUR	https://pensioenfondsdetailhandel.nl/content/Publicaties/Beleggingen-Pensioenfonds-Detailhandel.pdf
Pensioenfonds Detailhandel	Equinix Inc	Equity	2026	1.014.951	EUR	https://pensioenfondsdetailhandel.nl/content/Publicaties/Beleggingen-Pensioenfonds-Detailhandel.pdf
Pensioenfonds Detailhandel	Equinor ASA	Equity	2026	2.130.107	EUR	https://pensioenfondsdetailhandel.nl/content/Publicaties/Beleggingen-Pensioenfonds-Detailhandel.pdf
Pensioenfonds Detailhandel	Equity Residential	Equity	2026	2.488.382	EUR	https://pensioenfondsdetailhandel.nl/content/Publicaties/Beleggingen-Pensioenfonds-Detailhandel.pdf
Pensioenfonds Detailhandel	Erste Group Bank AG	Equity	2026	3.202.258	EUR	https://pensioenfondsdetailhandel.nl/content/Publicaties/Beleggingen-Pensioenfonds-Detailhandel.pdf
Pensioenfonds Detailhandel	Essex Property Trust Inc	Equity	2026	2.241.686	EUR	https://pensioenfondsdetailhandel.nl/content/Publicaties/Beleggingen-Pensioenfonds-Detailhandel.pdf
Pensioenfonds Detailhandel	EssilorLuxottica SA	Equity	2026	10.248.550	EUR	https://pensioenfondsdetailhandel.nl/content/Publicaties/Beleggingen-Pensioenfonds-Detailhandel.pdf
Pensioenfonds Detailhandel	Essity AB	Equity	2026	656.990	EUR	https://pensioenfondsdetailhandel.nl/content/Publicaties/Beleggingen-Pensioenfonds-Detailhandel.pdf
Pensioenfonds Detailhandel	Estee Lauder Cos Inc/The	Equity	2026	4.194.888	EUR	https://pensioenfondsdetailhandel.nl/content/Publicaties/Beleggingen-Pensioenfonds-Detailhandel.pdf
Pensioenfonds Detailhandel	Eurofins Scientific SE	Equity	2026	700.476	EUR	https://pensioenfondsdetailhandel.nl/content/Publicaties/Beleggingen-Pensioenfonds-Detailhandel.pdf
Pensioenfonds Detailhandel	Euronext NV	Equity	2026	2.369.735	EUR	https://pensioenfondsdetailhandel.nl/content/Publicaties/Beleggingen-Pensioenfonds-Detailhandel.pdf
Pensioenfonds Detailhandel	Everest Group Ltd	Equity	2026	2.352.230	EUR	https://pensioenfondsdetailhandel.nl/content/Publicaties/Beleggingen-Pensioenfonds-Detailhandel.pdf
Pensioenfonds Detailhandel	Everpure Inc	Equity	2026	1.036.300	EUR	https://pensioenfondsdetailhandel.nl/content/Publicaties/Beleggingen-Pensioenfonds-Detailhandel.pdf
Pensioenfonds Detailhandel	Eversource Energy	Equity	2026	15.645.181	EUR	https://pensioenfondsdetailhandel.nl/content/Publicaties/Beleggingen-Pensioenfonds-Detailhandel.pdf
Pensioenfonds Detailhandel	Evonik Industries AG	Equity	2026	1.102.066	EUR	https://pensioenfondsdetailhandel.nl/content/Publicaties/Beleggingen-Pensioenfonds-Detailhandel.pdf
Pensioenfonds Detailhandel	Exelon Corp	Equity	2026	13.633.915	EUR	https://pensioenfondsdetailhandel.nl/content/Publicaties/Beleggingen-Pensioenfonds-Detailhandel.pdf
Pensioenfonds Detailhandel	Expand Energy Corp	Equity	2026	820.253	EUR	https://pensioenfondsdetailhandel.nl/content/Publicaties/Beleggingen-Pensioenfonds-Detailhandel.pdf
Pensioenfonds Detailhandel	Expedia Group Inc	Equity	2026	1.795.900	EUR	https://pensioenfondsdetailhandel.nl/content/Publicaties/Beleggingen-Pensioenfonds-Detailhandel.pdf
Pensioenfonds Detailhandel	Experian PLC	Equity	2026	4.290.447	EUR	https://pensioenfondsdetailhandel.nl/content/Publicaties/Beleggingen-Pensioenfonds-Detailhandel.pdf
Pensioenfonds Detailhandel	Extra Space Storage Inc	Equity	2026	1.312.324	EUR	https://pensioenfondsdetailhandel.nl/content/Publicaties/Beleggingen-Pensioenfonds-Detailhandel.pdf
Pensioenfonds Detailhandel	Exxon Mobil Corp	Equity	2026	103.708.899	EUR	https://pensioenfondsdetailhandel.nl/content/Publicaties/Beleggingen-Pensioenfonds-Detailhandel.pdf
Pensioenfonds Detailhandel	FANUC Corp	Equity	2026	3.541.700	EUR	https://pensioenfondsdetailhandel.nl/content/Publicaties/Beleggingen-Pensioenfonds-Detailhandel.pdf
Pensioenfonds Detailhandel	Fast Retailing Co Ltd	Equity	2026	11.493.048	EUR	https://pensioenfondsdetailhandel.nl/content/Publicaties/Beleggingen-Pensioenfonds-Detailhandel.pdf
Pensioenfonds Detailhandel	FedEx Corp	Equity	2026	11.638.751	EUR	https://pensioenfondsdetailhandel.nl/content/Publicaties/Beleggingen-Pensioenfonds-Detailhandel.pdf
Pensioenfonds Detailhandel	Ferguson Enterprises Inc	Equity	2026	1.105.720	EUR	https://pensioenfondsdetailhandel.nl/content/Publicaties/Beleggingen-Pensioenfonds-Detailhandel.pdf
Pensioenfonds Detailhandel	Ferrari NV	Equity	2026	1.878.211	EUR	https://pensioenfondsdetailhandel.nl/content/Publicaties/Beleggingen-Pensioenfonds-Detailhandel.pdf
Pensioenfonds Detailhandel	Ferrovial SE	Equity	2026	5.666.196	EUR	https://pensioenfondsdetailhandel.nl/content/Publicaties/Beleggingen-Pensioenfonds-Detailhandel.pdf
Pensioenfonds Detailhandel	Fidelity National Information Services I	Equity	2026	4.070.771	EUR	https://pensioenfondsdetailhandel.nl/content/Publicaties/Beleggingen-Pensioenfonds-Detailhandel.pdf
Pensioenfonds Detailhandel	Fifth Third Bancorp	Equity	2026	6.443.026	EUR	https://pensioenfondsdetailhandel.nl/content/Publicaties/Beleggingen-Pensioenfonds-Detailhandel.pdf
Pensioenfonds Detailhandel	FinecoBank Banca Fineco SpA	Equity	2026	949.571	EUR	https://pensioenfondsdetailhandel.nl/content/Publicaties/Beleggingen-Pensioenfonds-Detailhandel.pdf
Pensioenfonds Detailhandel	First Quantum Minerals Ltd	Equity	2026	1.140.492	EUR	https://pensioenfondsdetailhandel.nl/content/Publicaties/Beleggingen-Pensioenfonds-Detailhandel.pdf
Pensioenfonds Detailhandel	First Solar Inc	Equity	2026	3.730.682	EUR	https://pensioenfondsdetailhandel.nl/content/Publicaties/Beleggingen-Pensioenfonds-Detailhandel.pdf
Pensioenfonds Detailhandel	FirstEnergy Corp	Equity	2026	859.180	EUR	https://pensioenfondsdetailhandel.nl/content/Publicaties/Beleggingen-Pensioenfonds-Detailhandel.pdf
Pensioenfonds Detailhandel	FirstService Corp	Equity	2026	979.686	EUR	https://pensioenfondsdetailhandel.nl/content/Publicaties/Beleggingen-Pensioenfonds-Detailhandel.pdf
Pensioenfonds Detailhandel	Fiserv Inc	Equity	2026	2.923.083	EUR	https://pensioenfondsdetailhandel.nl/content/Publicaties/Beleggingen-Pensioenfonds-Detailhandel.pdf
Pensioenfonds Detailhandel	Fisher & Paykel Healthcare Corp Ltd	Equity	2026	1.425.008	EUR	https://pensioenfondsdetailhandel.nl/content/Publicaties/Beleggingen-Pensioenfonds-Detailhandel.pdf
Pensioenfonds Detailhandel	Flex Ltd	Equity	2026	3.046.941	EUR	https://pensioenfondsdetailhandel.nl/content/Publicaties/Beleggingen-Pensioenfonds-Detailhandel.pdf
Pensioenfonds Detailhandel	Flutter Entertainment PLC	Equity	2026	1.301.849	EUR	https://pensioenfondsdetailhandel.nl/content/Publicaties/Beleggingen-Pensioenfonds-Detailhandel.pdf
Pensioenfonds Detailhandel	Ford Motor Co	Equity	2026	15.373.248	EUR	https://pensioenfondsdetailhandel.nl/content/Publicaties/Beleggingen-Pensioenfonds-Detailhandel.pdf
Pensioenfonds Detailhandel	Fortescue Ltd	Equity	2026	3.780.463	EUR	https://pensioenfondsdetailhandel.nl/content/Publicaties/Beleggingen-Pensioenfonds-Detailhandel.pdf
Pensioenfonds Detailhandel	Fortis Inc/Canada	Equity	2026	3.876.559	EUR	https://pensioenfondsdetailhandel.nl/content/Publicaties/Beleggingen-Pensioenfonds-Detailhandel.pdf
Pensioenfonds Detailhandel	Fortive Corp	Equity	2026	320.444	EUR	https://pensioenfondsdetailhandel.nl/content/Publicaties/Beleggingen-Pensioenfonds-Detailhandel.pdf
Pensioenfonds Detailhandel	Fortum Oyj	Equity	2026	1.322.580	EUR	https://pensioenfondsdetailhandel.nl/content/Publicaties/Beleggingen-Pensioenfonds-Detailhandel.pdf
Pensioenfonds Detailhandel	Fox Corp	Equity	2026	2.469.551	EUR	https://pensioenfondsdetailhandel.nl/content/Publicaties/Beleggingen-Pensioenfonds-Detailhandel.pdf
Pensioenfonds Detailhandel	Franco-Nevada Corp	Equity	2026	5.751.712	EUR	https://pensioenfondsdetailhandel.nl/content/Publicaties/Beleggingen-Pensioenfonds-Detailhandel.pdf
Pensioenfonds Detailhandel	Freeport-McMoRan Inc	Equity	2026	10.337.923	EUR	https://pensioenfondsdetailhandel.nl/content/Publicaties/Beleggingen-Pensioenfonds-Detailhandel.pdf
Pensioenfonds Detailhandel	Fresenius Medical Care AG	Equity	2026	730.092	EUR	https://pensioenfondsdetailhandel.nl/content/Publicaties/Beleggingen-Pensioenfonds-Detailhandel.pdf
Pensioenfonds Detailhandel	Fresenius SE & Co KGaA	Equity	2026	1.922.646	EUR	https://pensioenfondsdetailhandel.nl/content/Publicaties/Beleggingen-Pensioenfonds-Detailhandel.pdf
Pensioenfonds Detailhandel	Fuji Electric Co Ltd	Equity	2026	1.630.018	EUR	https://pensioenfondsdetailhandel.nl/content/Publicaties/Beleggingen-Pensioenfonds-Detailhandel.pdf
Pensioenfonds Detailhandel	FUJIFILM Holdings Corp	Equity	2026	3.358.406	EUR	https://pensioenfondsdetailhandel.nl/content/Publicaties/Beleggingen-Pensioenfonds-Detailhandel.pdf
Pensioenfonds Detailhandel	Fujikura Ltd	Equity	2026	2.219.761	EUR	https://pensioenfondsdetailhandel.nl/content/Publicaties/Beleggingen-Pensioenfonds-Detailhandel.pdf
Pensioenfonds Detailhandel	Fujitsu Ltd	Equity	2026	5.215.430	EUR	https://pensioenfondsdetailhandel.nl/content/Publicaties/Beleggingen-Pensioenfonds-Detailhandel.pdf
Pensioenfonds Detailhandel	Galaxy Entertainment Group Ltd	Equity	2026	464.937	EUR	https://pensioenfondsdetailhandel.nl/content/Publicaties/Beleggingen-Pensioenfonds-Detailhandel.pdf
Pensioenfonds Detailhandel	Galderma Group AG	Equity	2026	1.543.029	EUR	https://pensioenfondsdetailhandel.nl/content/Publicaties/Beleggingen-Pensioenfonds-Detailhandel.pdf
Pensioenfonds Detailhandel	Galp Energia SGPS SA	Equity	2026	2.392.262	EUR	https://pensioenfondsdetailhandel.nl/content/Publicaties/Beleggingen-Pensioenfonds-Detailhandel.pdf
Pensioenfonds Detailhandel	Garmin Ltd	Equity	2026	3.226.836	EUR	https://pensioenfondsdetailhandel.nl/content/Publicaties/Beleggingen-Pensioenfonds-Detailhandel.pdf
Pensioenfonds Detailhandel	Gartner Inc	Equity	2026	243.928	EUR	https://pensioenfondsdetailhandel.nl/content/Publicaties/Beleggingen-Pensioenfonds-Detailhandel.pdf
Pensioenfonds Detailhandel	GE Vernova Inc	Equity	2026	1.804.865	EUR	https://pensioenfondsdetailhandel.nl/content/Publicaties/Beleggingen-Pensioenfonds-Detailhandel.pdf
Pensioenfonds Detailhandel	GEA Group AG	Equity	2026	1.157.292	EUR	https://pensioenfondsdetailhandel.nl/content/Publicaties/Beleggingen-Pensioenfonds-Detailhandel.pdf
Pensioenfonds Detailhandel	Geberit AG	Equity	2026	2.891.806	EUR	https://pensioenfondsdetailhandel.nl/content/Publicaties/Beleggingen-Pensioenfonds-Detailhandel.pdf
Pensioenfonds Detailhandel	Gecina SA	Equity	2026	1.532.822	EUR	https://pensioenfondsdetailhandel.nl/content/Publicaties/Beleggingen-Pensioenfonds-Detailhandel.pdf
Pensioenfonds Detailhandel	Gen Digital Inc	Equity	2026	1.211.628	EUR	https://pensioenfondsdetailhandel.nl/content/Publicaties/Beleggingen-Pensioenfonds-Detailhandel.pdf
Pensioenfonds Detailhandel	General Electric Co	Equity	2026	26.269.074	EUR	https://pensioenfondsdetailhandel.nl/content/Publicaties/Beleggingen-Pensioenfonds-Detailhandel.pdf
Pensioenfonds Detailhandel	General Mills Inc	Equity	2026	3.125.711	EUR	https://pensioenfondsdetailhandel.nl/content/Publicaties/Beleggingen-Pensioenfonds-Detailhandel.pdf
Pensioenfonds Detailhandel	General Motors Co	Equity	2026	29.908.495	EUR	https://pensioenfondsdetailhandel.nl/content/Publicaties/Beleggingen-Pensioenfonds-Detailhandel.pdf
Pensioenfonds Detailhandel	Generali	Equity	2026	3.593.250	EUR	https://pensioenfondsdetailhandel.nl/content/Publicaties/Beleggingen-Pensioenfonds-Detailhandel.pdf
Pensioenfonds Detailhandel	Genmab A/S	Equity	2026	1.495.111	EUR	https://pensioenfondsdetailhandel.nl/content/Publicaties/Beleggingen-Pensioenfonds-Detailhandel.pdf
Pensioenfonds Detailhandel	George Weston Ltd	Equity	2026	535.576	EUR	https://pensioenfondsdetailhandel.nl/content/Publicaties/Beleggingen-Pensioenfonds-Detailhandel.pdf
Pensioenfonds Detailhandel	Getinge AB	Equity	2026	401.608	EUR	https://pensioenfondsdetailhandel.nl/content/Publicaties/Beleggingen-Pensioenfonds-Detailhandel.pdf
Pensioenfonds Detailhandel	Gildan Activewear Inc	Equity	2026	734.636	EUR	https://pensioenfondsdetailhandel.nl/content/Publicaties/Beleggingen-Pensioenfonds-Detailhandel.pdf
Pensioenfonds Detailhandel	Gilead Sciences Inc	Equity	2026	5.066.042	EUR	https://pensioenfondsdetailhandel.nl/content/Publicaties/Beleggingen-Pensioenfonds-Detailhandel.pdf
Pensioenfonds Detailhandel	Givaudan SA	Equity	2026	7.870.667	EUR	https://pensioenfondsdetailhandel.nl/content/Publicaties/Beleggingen-Pensioenfonds-Detailhandel.pdf
Pensioenfonds Detailhandel	Gjensidige Forsikring ASA	Equity	2026	439.160	EUR	https://pensioenfondsdetailhandel.nl/content/Publicaties/Beleggingen-Pensioenfonds-Detailhandel.pdf
Pensioenfonds Detailhandel	Glencore PLC	Equity	2026	5.951.715	EUR	https://pensioenfondsdetailhandel.nl/content/Publicaties/Beleggingen-Pensioenfonds-Detailhandel.pdf
Pensioenfonds Detailhandel	Global Payments Inc	Equity	2026	1.729.637	EUR	https://pensioenfondsdetailhandel.nl/content/Publicaties/Beleggingen-Pensioenfonds-Detailhandel.pdf
Pensioenfonds Detailhandel	Goldman Sachs Group Inc/The	Equity	2026	15.829.454	EUR	https://pensioenfondsdetailhandel.nl/content/Publicaties/Beleggingen-Pensioenfonds-Detailhandel.pdf
Pensioenfonds Detailhandel	Grifols SA	Equity	2026	507.653	EUR	https://pensioenfondsdetailhandel.nl/content/Publicaties/Beleggingen-Pensioenfonds-Detailhandel.pdf
Pensioenfonds Detailhandel	Groupe Bruxelles Lambert NV	Equity	2026	599.686	EUR	https://pensioenfondsdetailhandel.nl/content/Publicaties/Beleggingen-Pensioenfonds-Detailhandel.pdf
Pensioenfonds Detailhandel	GSK PLC	Equity	2026	9.475.355	EUR	https://pensioenfondsdetailhandel.nl/content/Publicaties/Beleggingen-Pensioenfonds-Detailhandel.pdf
Pensioenfonds Detailhandel	H & M Hennes & Mauritz AB	Equity	2026	1.616.286	EUR	https://pensioenfondsdetailhandel.nl/content/Publicaties/Beleggingen-Pensioenfonds-Detailhandel.pdf
Pensioenfonds Detailhandel	Haleon PLC	Equity	2026	1.739.925	EUR	https://pensioenfondsdetailhandel.nl/content/Publicaties/Beleggingen-Pensioenfonds-Detailhandel.pdf
Pensioenfonds Detailhandel	Halliburton Co	Equity	2026	2.425.623	EUR	https://pensioenfondsdetailhandel.nl/content/Publicaties/Beleggingen-Pensioenfonds-Detailhandel.pdf
Pensioenfonds Detailhandel	Halma PLC	Equity	2026	1.293.675	EUR	https://pensioenfondsdetailhandel.nl/content/Publicaties/Beleggingen-Pensioenfonds-Detailhandel.pdf
Pensioenfonds Detailhandel	Hana Financial Group Inc	Equity	2026	1.651.434	EUR	https://pensioenfondsdetailhandel.nl/content/Publicaties/Beleggingen-Pensioenfonds-Detailhandel.pdf
Pensioenfonds Detailhandel	Hankyu Hanshin Holdings Inc	Equity	2026	1.061.980	EUR	https://pensioenfondsdetailhandel.nl/content/Publicaties/Beleggingen-Pensioenfonds-Detailhandel.pdf
Pensioenfonds Detailhandel	Hannover Rueck SE	Equity	2026	1.046.295	EUR	https://pensioenfondsdetailhandel.nl/content/Publicaties/Beleggingen-Pensioenfonds-Detailhandel.pdf
Pensioenfonds Detailhandel	Hanwha Aerospace Co Ltd	Equity	2026	558.717	EUR	https://pensioenfondsdetailhandel.nl/content/Publicaties/Beleggingen-Pensioenfonds-Detailhandel.pdf
Pensioenfonds Detailhandel	Hanwha Ocean Co Ltd	Equity	2026	908.805	EUR	https://pensioenfondsdetailhandel.nl/content/Publicaties/Beleggingen-Pensioenfonds-Detailhandel.pdf
Pensioenfonds Detailhandel	Hartford Insurance Group Inc/The	Equity	2026	11.330.286	EUR	https://pensioenfondsdetailhandel.nl/content/Publicaties/Beleggingen-Pensioenfonds-Detailhandel.pdf
Pensioenfonds Detailhandel	HCA Healthcare Inc	Equity	2026	4.623.968	EUR	https://pensioenfondsdetailhandel.nl/content/Publicaties/Beleggingen-Pensioenfonds-Detailhandel.pdf
Pensioenfonds Detailhandel	HD Hyundai Electric Co Ltd	Equity	2026	933.285	EUR	https://pensioenfondsdetailhandel.nl/content/Publicaties/Beleggingen-Pensioenfonds-Detailhandel.pdf
Pensioenfonds Detailhandel	HD Hyundai Heavy Industries Co Ltd	Equity	2026	2.829.725	EUR	https://pensioenfondsdetailhandel.nl/content/Publicaties/Beleggingen-Pensioenfonds-Detailhandel.pdf
Pensioenfonds Detailhandel	HD Korea Shipbuilding & Offshore Enginee	Equity	2026	1.487.738	EUR	https://pensioenfondsdetailhandel.nl/content/Publicaties/Beleggingen-Pensioenfonds-Detailhandel.pdf
Pensioenfonds Detailhandel	Heineken Holding NV	Equity	2026	379.082	EUR	https://pensioenfondsdetailhandel.nl/content/Publicaties/Beleggingen-Pensioenfonds-Detailhandel.pdf
Pensioenfonds Detailhandel	Heineken NV	Equity	2026	2.075.654	EUR	https://pensioenfondsdetailhandel.nl/content/Publicaties/Beleggingen-Pensioenfonds-Detailhandel.pdf
Pensioenfonds Detailhandel	Henkel AG & Co KGaA	Equity	2026	6.095.901	EUR	https://pensioenfondsdetailhandel.nl/content/Publicaties/Beleggingen-Pensioenfonds-Detailhandel.pdf
Pensioenfonds Detailhandel	Hera SpA	Equity	2026	679.323	EUR	https://pensioenfondsdetailhandel.nl/content/Publicaties/Beleggingen-Pensioenfonds-Detailhandel.pdf
Pensioenfonds Detailhandel	Hermes International SCA	Equity	2026	8.339.447	EUR	https://pensioenfondsdetailhandel.nl/content/Publicaties/Beleggingen-Pensioenfonds-Detailhandel.pdf
Pensioenfonds Detailhandel	Hershey Co/The	Equity	2026	6.234.895	EUR	https://pensioenfondsdetailhandel.nl/content/Publicaties/Beleggingen-Pensioenfonds-Detailhandel.pdf
Pensioenfonds Detailhandel	Hewlett Packard Enterprise Co	Equity	2026	7.595.116	EUR	https://pensioenfondsdetailhandel.nl/content/Publicaties/Beleggingen-Pensioenfonds-Detailhandel.pdf
Pensioenfonds Detailhandel	Hexagon AB	Equity	2026	1.368.736	EUR	https://pensioenfondsdetailhandel.nl/content/Publicaties/Beleggingen-Pensioenfonds-Detailhandel.pdf
Pensioenfonds Detailhandel	Hilton Worldwide Holdings Inc	Equity	2026	621.778	EUR	https://pensioenfondsdetailhandel.nl/content/Publicaties/Beleggingen-Pensioenfonds-Detailhandel.pdf
Pensioenfonds Detailhandel	Hiscox Ltd	Equity	2026	825.678	EUR	https://pensioenfondsdetailhandel.nl/content/Publicaties/Beleggingen-Pensioenfonds-Detailhandel.pdf
Pensioenfonds Detailhandel	Hitachi Ltd	Equity	2026	23.432.966	EUR	https://pensioenfondsdetailhandel.nl/content/Publicaties/Beleggingen-Pensioenfonds-Detailhandel.pdf
Pensioenfonds Detailhandel	HOCHTIEF AG	Equity	2026	899.580	EUR	https://pensioenfondsdetailhandel.nl/content/Publicaties/Beleggingen-Pensioenfonds-Detailhandel.pdf
Pensioenfonds Detailhandel	Holmen AB	Equity	2026	317.782	EUR	https://pensioenfondsdetailhandel.nl/content/Publicaties/Beleggingen-Pensioenfonds-Detailhandel.pdf
Pensioenfonds Detailhandel	Hologic Inc	Equity	2026	1.015.367	EUR	https://pensioenfondsdetailhandel.nl/content/Publicaties/Beleggingen-Pensioenfonds-Detailhandel.pdf
Pensioenfonds Detailhandel	Home Depot Inc/The	Equity	2026	43.345.141	EUR	https://pensioenfondsdetailhandel.nl/content/Publicaties/Beleggingen-Pensioenfonds-Detailhandel.pdf
Pensioenfonds Detailhandel	Honda Motor Co Ltd	Equity	2026	3.610.187	EUR	https://pensioenfondsdetailhandel.nl/content/Publicaties/Beleggingen-Pensioenfonds-Detailhandel.pdf
Pensioenfonds Detailhandel	Hong Kong & China Gas Co Ltd	Equity	2026	3.379.238	EUR	https://pensioenfondsdetailhandel.nl/content/Publicaties/Beleggingen-Pensioenfonds-Detailhandel.pdf
Pensioenfonds Detailhandel	Hong Kong Exchanges & Clearing Ltd	Equity	2026	11.808.374	EUR	https://pensioenfondsdetailhandel.nl/content/Publicaties/Beleggingen-Pensioenfonds-Detailhandel.pdf
Pensioenfonds Detailhandel	Hongkong Land Holdings Ltd	Equity	2026	685.325	EUR	https://pensioenfondsdetailhandel.nl/content/Publicaties/Beleggingen-Pensioenfonds-Detailhandel.pdf
Pensioenfonds Detailhandel	Howmet Aerospace Inc	Equity	2026	5.588.885	EUR	https://pensioenfondsdetailhandel.nl/content/Publicaties/Beleggingen-Pensioenfonds-Detailhandel.pdf
Pensioenfonds Detailhandel	Hoya Corp	Equity	2026	786.122	EUR	https://pensioenfondsdetailhandel.nl/content/Publicaties/Beleggingen-Pensioenfonds-Detailhandel.pdf
Pensioenfonds Detailhandel	HP Inc	Equity	2026	3.227.007	EUR	https://pensioenfondsdetailhandel.nl/content/Publicaties/Beleggingen-Pensioenfonds-Detailhandel.pdf
Pensioenfonds Detailhandel	HSBC Holdings PLC	Equity	2026	33.535.495	EUR	https://pensioenfondsdetailhandel.nl/content/Publicaties/Beleggingen-Pensioenfonds-Detailhandel.pdf
Pensioenfonds Detailhandel	Hubbell Inc	Equity	2026	2.500.976	EUR	https://pensioenfondsdetailhandel.nl/content/Publicaties/Beleggingen-Pensioenfonds-Detailhandel.pdf
Pensioenfonds Detailhandel	HubSpot Inc	Equity	2026	461.210	EUR	https://pensioenfondsdetailhandel.nl/content/Publicaties/Beleggingen-Pensioenfonds-Detailhandel.pdf
Pensioenfonds Detailhandel	Hulic Co Ltd	Equity	2026	824.407	EUR	https://pensioenfondsdetailhandel.nl/content/Publicaties/Beleggingen-Pensioenfonds-Detailhandel.pdf
Pensioenfonds Detailhandel	Huntington Bancshares Inc/OH	Equity	2026	829.742	EUR	https://pensioenfondsdetailhandel.nl/content/Publicaties/Beleggingen-Pensioenfonds-Detailhandel.pdf
Pensioenfonds Detailhandel	Hydro One Ltd	Equity	2026	2.197.884	EUR	https://pensioenfondsdetailhandel.nl/content/Publicaties/Beleggingen-Pensioenfonds-Detailhandel.pdf
Pensioenfonds Detailhandel	Hyundai Engineering & Construction Co Lt	Equity	2026	1.150.677	EUR	https://pensioenfondsdetailhandel.nl/content/Publicaties/Beleggingen-Pensioenfonds-Detailhandel.pdf
Pensioenfonds Detailhandel	Hyundai Glovis Co Ltd	Equity	2026	982.768	EUR	https://pensioenfondsdetailhandel.nl/content/Publicaties/Beleggingen-Pensioenfonds-Detailhandel.pdf
Pensioenfonds Detailhandel	Hyundai Mobis Co Ltd	Equity	2026	4.116.408	EUR	https://pensioenfondsdetailhandel.nl/content/Publicaties/Beleggingen-Pensioenfonds-Detailhandel.pdf
Pensioenfonds Detailhandel	Hyundai Motor Co	Equity	2026	6.227.280	EUR	https://pensioenfondsdetailhandel.nl/content/Publicaties/Beleggingen-Pensioenfonds-Detailhandel.pdf
Pensioenfonds Detailhandel	Hyundai Rotem Co Ltd	Equity	2026	1.393.921	EUR	https://pensioenfondsdetailhandel.nl/content/Publicaties/Beleggingen-Pensioenfonds-Detailhandel.pdf
Pensioenfonds Detailhandel	iA Financial Corp Inc	Equity	2026	1.132.633	EUR	https://pensioenfondsdetailhandel.nl/content/Publicaties/Beleggingen-Pensioenfonds-Detailhandel.pdf
Pensioenfonds Detailhandel	Iberdrola SA	Equity	2026	39.279.913	EUR	https://pensioenfondsdetailhandel.nl/content/Publicaties/Beleggingen-Pensioenfonds-Detailhandel.pdf
Pensioenfonds Detailhandel	Ibiden Co Ltd	Equity	2026	1.071.235	EUR	https://pensioenfondsdetailhandel.nl/content/Publicaties/Beleggingen-Pensioenfonds-Detailhandel.pdf
Pensioenfonds Detailhandel	ICG PLC	Equity	2026	887.517	EUR	https://pensioenfondsdetailhandel.nl/content/Publicaties/Beleggingen-Pensioenfonds-Detailhandel.pdf
Pensioenfonds Detailhandel	IDEXX Laboratories Inc	Equity	2026	2.210.107	EUR	https://pensioenfondsdetailhandel.nl/content/Publicaties/Beleggingen-Pensioenfonds-Detailhandel.pdf
Pensioenfonds Detailhandel	IHI Corp	Equity	2026	1.638.371	EUR	https://pensioenfondsdetailhandel.nl/content/Publicaties/Beleggingen-Pensioenfonds-Detailhandel.pdf
Pensioenfonds Detailhandel	Illinois Tool Works Inc	Equity	2026	4.105.797	EUR	https://pensioenfondsdetailhandel.nl/content/Publicaties/Beleggingen-Pensioenfonds-Detailhandel.pdf
Pensioenfonds Detailhandel	Illumina Inc	Equity	2026	3.905.444	EUR	https://pensioenfondsdetailhandel.nl/content/Publicaties/Beleggingen-Pensioenfonds-Detailhandel.pdf
Pensioenfonds Detailhandel	IMI PLC	Equity	2026	460.864	EUR	https://pensioenfondsdetailhandel.nl/content/Publicaties/Beleggingen-Pensioenfonds-Detailhandel.pdf
Pensioenfonds Detailhandel	Imperial Oil Ltd	Equity	2026	801.679	EUR	https://pensioenfondsdetailhandel.nl/content/Publicaties/Beleggingen-Pensioenfonds-Detailhandel.pdf
Pensioenfonds Detailhandel	Incyte Corp	Equity	2026	681.598	EUR	https://pensioenfondsdetailhandel.nl/content/Publicaties/Beleggingen-Pensioenfonds-Detailhandel.pdf
Pensioenfonds Detailhandel	Industria de Diseno Textil SA	Equity	2026	9.225.360	EUR	https://pensioenfondsdetailhandel.nl/content/Publicaties/Beleggingen-Pensioenfonds-Detailhandel.pdf
Pensioenfonds Detailhandel	Industrial Bank of Korea	Equity	2026	752.323	EUR	https://pensioenfondsdetailhandel.nl/content/Publicaties/Beleggingen-Pensioenfonds-Detailhandel.pdf
Pensioenfonds Detailhandel	Infineon Technologies AG	Equity	2026	9.758.628	EUR	https://pensioenfondsdetailhandel.nl/content/Publicaties/Beleggingen-Pensioenfonds-Detailhandel.pdf
Pensioenfonds Detailhandel	Informa PLC	Equity	2026	1.276.442	EUR	https://pensioenfondsdetailhandel.nl/content/Publicaties/Beleggingen-Pensioenfonds-Detailhandel.pdf
Pensioenfonds Detailhandel	ING Groep NV	Equity	2026	8.503.639	EUR	https://pensioenfondsdetailhandel.nl/content/Publicaties/Beleggingen-Pensioenfonds-Detailhandel.pdf
Pensioenfonds Detailhandel	Ingersoll Rand Inc	Equity	2026	5.031.942	EUR	https://pensioenfondsdetailhandel.nl/content/Publicaties/Beleggingen-Pensioenfonds-Detailhandel.pdf
Pensioenfonds Detailhandel	Inpex Corp	Equity	2026	1.337.275	EUR	https://pensioenfondsdetailhandel.nl/content/Publicaties/Beleggingen-Pensioenfonds-Detailhandel.pdf
Pensioenfonds Detailhandel	Insulet Corp	Equity	2026	431.445	EUR	https://pensioenfondsdetailhandel.nl/content/Publicaties/Beleggingen-Pensioenfonds-Detailhandel.pdf
Pensioenfonds Detailhandel	Insurance Australia Group Ltd	Equity	2026	567.430	EUR	https://pensioenfondsdetailhandel.nl/content/Publicaties/Beleggingen-Pensioenfonds-Detailhandel.pdf
Pensioenfonds Detailhandel	Intact Financial Corp	Equity	2026	4.635.868	EUR	https://pensioenfondsdetailhandel.nl/content/Publicaties/Beleggingen-Pensioenfonds-Detailhandel.pdf
Pensioenfonds Detailhandel	Intel Corp	Equity	2026	30.470.418	EUR	https://pensioenfondsdetailhandel.nl/content/Publicaties/Beleggingen-Pensioenfonds-Detailhandel.pdf
Pensioenfonds Detailhandel	Intercontinental Exchange Inc	Equity	2026	20.519.974	EUR	https://pensioenfondsdetailhandel.nl/content/Publicaties/Beleggingen-Pensioenfonds-Detailhandel.pdf
Pensioenfonds Detailhandel	International Business Machines Corp	Equity	2026	30.095.739	EUR	https://pensioenfondsdetailhandel.nl/content/Publicaties/Beleggingen-Pensioenfonds-Detailhandel.pdf
Pensioenfonds Detailhandel	International Flavors & Fragrances Inc	Equity	2026	3.020.251	EUR	https://pensioenfondsdetailhandel.nl/content/Publicaties/Beleggingen-Pensioenfonds-Detailhandel.pdf
Pensioenfonds Detailhandel	International Paper Co	Equity	2026	898.356	EUR	https://pensioenfondsdetailhandel.nl/content/Publicaties/Beleggingen-Pensioenfonds-Detailhandel.pdf
Pensioenfonds Detailhandel	Intertek Group PLC	Equity	2026	928.305	EUR	https://pensioenfondsdetailhandel.nl/content/Publicaties/Beleggingen-Pensioenfonds-Detailhandel.pdf
Pensioenfonds Detailhandel	Intesa Sanpaolo SpA	Equity	2026	9.420.667	EUR	https://pensioenfondsdetailhandel.nl/content/Publicaties/Beleggingen-Pensioenfonds-Detailhandel.pdf
Pensioenfonds Detailhandel	Intuit Inc	Equity	2026	6.255.662	EUR	https://pensioenfondsdetailhandel.nl/content/Publicaties/Beleggingen-Pensioenfonds-Detailhandel.pdf
Pensioenfonds Detailhandel	Intuitive Surgical Inc	Equity	2026	8.577.246	EUR	https://pensioenfondsdetailhandel.nl/content/Publicaties/Beleggingen-Pensioenfonds-Detailhandel.pdf
Pensioenfonds Detailhandel	Investor AB	Equity	2026	7.848.741	EUR	https://pensioenfondsdetailhandel.nl/content/Publicaties/Beleggingen-Pensioenfonds-Detailhandel.pdf
Pensioenfonds Detailhandel	IQVIA Holdings Inc	Equity	2026	2.501.115	EUR	https://pensioenfondsdetailhandel.nl/content/Publicaties/Beleggingen-Pensioenfonds-Detailhandel.pdf
Pensioenfonds Detailhandel	Iron Mountain Inc	Equity	2026	4.030.226	EUR	https://pensioenfondsdetailhandel.nl/content/Publicaties/Beleggingen-Pensioenfonds-Detailhandel.pdf
Pensioenfonds Detailhandel	Isuzu Motors Ltd	Equity	2026	1.966.427	EUR	https://pensioenfondsdetailhandel.nl/content/Publicaties/Beleggingen-Pensioenfonds-Detailhandel.pdf
Pensioenfonds Detailhandel	Italgas SpA	Equity	2026	1.185.215	EUR	https://pensioenfondsdetailhandel.nl/content/Publicaties/Beleggingen-Pensioenfonds-Detailhandel.pdf
Pensioenfonds Detailhandel	ITOCHU Corp	Equity	2026	14.455.559	EUR	https://pensioenfondsdetailhandel.nl/content/Publicaties/Beleggingen-Pensioenfonds-Detailhandel.pdf
Pensioenfonds Detailhandel	Ivanhoe Mines Ltd	Equity	2026	456.987	EUR	https://pensioenfondsdetailhandel.nl/content/Publicaties/Beleggingen-Pensioenfonds-Detailhandel.pdf
Pensioenfonds Detailhandel	Jacobs Solutions Inc	Equity	2026	618.062	EUR	https://pensioenfondsdetailhandel.nl/content/Publicaties/Beleggingen-Pensioenfonds-Detailhandel.pdf
Pensioenfonds Detailhandel	Japan Exchange Group Inc	Equity	2026	800.110	EUR	https://pensioenfondsdetailhandel.nl/content/Publicaties/Beleggingen-Pensioenfonds-Detailhandel.pdf
Pensioenfonds Detailhandel	Japan Post Bank Co Ltd	Equity	2026	3.887.528	EUR	https://pensioenfondsdetailhandel.nl/content/Publicaties/Beleggingen-Pensioenfonds-Detailhandel.pdf
Pensioenfonds Detailhandel	Japan Post Holdings Co Ltd	Equity	2026	2.036.629	EUR	https://pensioenfondsdetailhandel.nl/content/Publicaties/Beleggingen-Pensioenfonds-Detailhandel.pdf
Pensioenfonds Detailhandel	Japan Post Insurance Co Ltd	Equity	2026	699.886	EUR	https://pensioenfondsdetailhandel.nl/content/Publicaties/Beleggingen-Pensioenfonds-Detailhandel.pdf
Pensioenfonds Detailhandel	JB Hi-Fi Ltd	Equity	2026	1.268.639	EUR	https://pensioenfondsdetailhandel.nl/content/Publicaties/Beleggingen-Pensioenfonds-Detailhandel.pdf
Pensioenfonds Detailhandel	JB Hunt Transport Services Inc	Equity	2026	2.089.023	EUR	https://pensioenfondsdetailhandel.nl/content/Publicaties/Beleggingen-Pensioenfonds-Detailhandel.pdf
Pensioenfonds Detailhandel	Jeronimo Martins SGPS SA	Equity	2026	1.077.652	EUR	https://pensioenfondsdetailhandel.nl/content/Publicaties/Beleggingen-Pensioenfonds-Detailhandel.pdf
Pensioenfonds Detailhandel	Johnson & Johnson	Equity	2026	169.524.493	EUR	https://pensioenfondsdetailhandel.nl/content/Publicaties/Beleggingen-Pensioenfonds-Detailhandel.pdf
Pensioenfonds Detailhandel	Johnson Controls International plc	Equity	2026	36.307.273	EUR	https://pensioenfondsdetailhandel.nl/content/Publicaties/Beleggingen-Pensioenfonds-Detailhandel.pdf
Pensioenfonds Detailhandel	JPMorgan Chase & Co	Equity	2026	109.962.523	EUR	https://pensioenfondsdetailhandel.nl/content/Publicaties/Beleggingen-Pensioenfonds-Detailhandel.pdf
Pensioenfonds Detailhandel	Julius Baer Group Ltd	Equity	2026	859.475	EUR	https://pensioenfondsdetailhandel.nl/content/Publicaties/Beleggingen-Pensioenfonds-Detailhandel.pdf
Pensioenfonds Detailhandel	Kajima Corp	Equity	2026	1.181.563	EUR	https://pensioenfondsdetailhandel.nl/content/Publicaties/Beleggingen-Pensioenfonds-Detailhandel.pdf
Pensioenfonds Detailhandel	Kakao Corp	Equity	2026	845.623	EUR	https://pensioenfondsdetailhandel.nl/content/Publicaties/Beleggingen-Pensioenfonds-Detailhandel.pdf
Pensioenfonds Detailhandel	Kansai Electric Power Co Inc/The	Equity	2026	1.316.877	EUR	https://pensioenfondsdetailhandel.nl/content/Publicaties/Beleggingen-Pensioenfonds-Detailhandel.pdf
Pensioenfonds Detailhandel	Kao Corp	Equity	2026	3.056.922	EUR	https://pensioenfondsdetailhandel.nl/content/Publicaties/Beleggingen-Pensioenfonds-Detailhandel.pdf
Pensioenfonds Detailhandel	Kawasaki Heavy Industries Ltd	Equity	2026	2.576.396	EUR	https://pensioenfondsdetailhandel.nl/content/Publicaties/Beleggingen-Pensioenfonds-Detailhandel.pdf
Pensioenfonds Detailhandel	KB Financial Group Inc	Equity	2026	3.011.372	EUR	https://pensioenfondsdetailhandel.nl/content/Publicaties/Beleggingen-Pensioenfonds-Detailhandel.pdf
Pensioenfonds Detailhandel	KBC Group NV	Equity	2026	4.250.329	EUR	https://pensioenfondsdetailhandel.nl/content/Publicaties/Beleggingen-Pensioenfonds-Detailhandel.pdf
Pensioenfonds Detailhandel	KDDI Corp	Equity	2026	5.689.716	EUR	https://pensioenfondsdetailhandel.nl/content/Publicaties/Beleggingen-Pensioenfonds-Detailhandel.pdf
Pensioenfonds Detailhandel	Kenvue Inc	Equity	2026	1.788.998	EUR	https://pensioenfondsdetailhandel.nl/content/Publicaties/Beleggingen-Pensioenfonds-Detailhandel.pdf
Pensioenfonds Detailhandel	Keppel Ltd	Equity	2026	1.619.996	EUR	https://pensioenfondsdetailhandel.nl/content/Publicaties/Beleggingen-Pensioenfonds-Detailhandel.pdf
Pensioenfonds Detailhandel	Kering SA	Equity	2026	3.261.643	EUR	https://pensioenfondsdetailhandel.nl/content/Publicaties/Beleggingen-Pensioenfonds-Detailhandel.pdf
Pensioenfonds Detailhandel	Kerry Group PLC	Equity	2026	1.359.929	EUR	https://pensioenfondsdetailhandel.nl/content/Publicaties/Beleggingen-Pensioenfonds-Detailhandel.pdf
Pensioenfonds Detailhandel	Kesko Oyj	Equity	2026	849.949	EUR	https://pensioenfondsdetailhandel.nl/content/Publicaties/Beleggingen-Pensioenfonds-Detailhandel.pdf
Pensioenfonds Detailhandel	Keurig Dr Pepper Inc	Equity	2026	1.885.064	EUR	https://pensioenfondsdetailhandel.nl/content/Publicaties/Beleggingen-Pensioenfonds-Detailhandel.pdf
Pensioenfonds Detailhandel	KeyCorp	Equity	2026	1.444.393	EUR	https://pensioenfondsdetailhandel.nl/content/Publicaties/Beleggingen-Pensioenfonds-Detailhandel.pdf
Pensioenfonds Detailhandel	Keysight Technologies Inc	Equity	2026	15.453.152	EUR	https://pensioenfondsdetailhandel.nl/content/Publicaties/Beleggingen-Pensioenfonds-Detailhandel.pdf
Pensioenfonds Detailhandel	Kia Corp	Equity	2026	4.046.235	EUR	https://pensioenfondsdetailhandel.nl/content/Publicaties/Beleggingen-Pensioenfonds-Detailhandel.pdf
Pensioenfonds Detailhandel	Kimberly-Clark Corp	Equity	2026	4.007.309	EUR	https://pensioenfondsdetailhandel.nl/content/Publicaties/Beleggingen-Pensioenfonds-Detailhandel.pdf
Pensioenfonds Detailhandel	Kimco Realty Corp	Equity	2026	4.446.805	EUR	https://pensioenfondsdetailhandel.nl/content/Publicaties/Beleggingen-Pensioenfonds-Detailhandel.pdf
Pensioenfonds Detailhandel	Kinder Morgan Inc	Equity	2026	573.723	EUR	https://pensioenfondsdetailhandel.nl/content/Publicaties/Beleggingen-Pensioenfonds-Detailhandel.pdf
Pensioenfonds Detailhandel	Kingfisher PLC	Equity	2026	1.244.763	EUR	https://pensioenfondsdetailhandel.nl/content/Publicaties/Beleggingen-Pensioenfonds-Detailhandel.pdf
Pensioenfonds Detailhandel	Kingspan Group PLC	Equity	2026	763.611	EUR	https://pensioenfondsdetailhandel.nl/content/Publicaties/Beleggingen-Pensioenfonds-Detailhandel.pdf
Pensioenfonds Detailhandel	Kinross Gold Corp	Equity	2026	5.374.146	EUR	https://pensioenfondsdetailhandel.nl/content/Publicaties/Beleggingen-Pensioenfonds-Detailhandel.pdf
Pensioenfonds Detailhandel	KION Group AG	Equity	2026	354.835	EUR	https://pensioenfondsdetailhandel.nl/content/Publicaties/Beleggingen-Pensioenfonds-Detailhandel.pdf
Pensioenfonds Detailhandel	Kirin Holdings Co Ltd	Equity	2026	1.934.005	EUR	https://pensioenfondsdetailhandel.nl/content/Publicaties/Beleggingen-Pensioenfonds-Detailhandel.pdf
Pensioenfonds Detailhandel	KLA Corp	Equity	2026	18.798.081	EUR	https://pensioenfondsdetailhandel.nl/content/Publicaties/Beleggingen-Pensioenfonds-Detailhandel.pdf
Pensioenfonds Detailhandel	Klepierre SA	Equity	2026	1.967.991	EUR	https://pensioenfondsdetailhandel.nl/content/Publicaties/Beleggingen-Pensioenfonds-Detailhandel.pdf
Pensioenfonds Detailhandel	Knorr-Bremse AG	Equity	2026	990.444	EUR	https://pensioenfondsdetailhandel.nl/content/Publicaties/Beleggingen-Pensioenfonds-Detailhandel.pdf
Pensioenfonds Detailhandel	Komatsu Ltd	Equity	2026	4.615.067	EUR	https://pensioenfondsdetailhandel.nl/content/Publicaties/Beleggingen-Pensioenfonds-Detailhandel.pdf
Pensioenfonds Detailhandel	Kone Oyj	Equity	2026	2.636.288	EUR	https://pensioenfondsdetailhandel.nl/content/Publicaties/Beleggingen-Pensioenfonds-Detailhandel.pdf
Pensioenfonds Detailhandel	Kongsberg Gruppen ASA	Equity	2026	1.141.510	EUR	https://pensioenfondsdetailhandel.nl/content/Publicaties/Beleggingen-Pensioenfonds-Detailhandel.pdf
Pensioenfonds Detailhandel	Koninklijke Ahold Delhaize NV	Equity	2026	4.999.828	EUR	https://pensioenfondsdetailhandel.nl/content/Publicaties/Beleggingen-Pensioenfonds-Detailhandel.pdf
Pensioenfonds Detailhandel	Koninklijke KPN NV	Equity	2026	2.054.022	EUR	https://pensioenfondsdetailhandel.nl/content/Publicaties/Beleggingen-Pensioenfonds-Detailhandel.pdf
Pensioenfonds Detailhandel	Koninklijke Philips NV	Equity	2026	3.530.782	EUR	https://pensioenfondsdetailhandel.nl/content/Publicaties/Beleggingen-Pensioenfonds-Detailhandel.pdf
Pensioenfonds Detailhandel	Kraft Heinz Co/The	Equity	2026	3.414.549	EUR	https://pensioenfondsdetailhandel.nl/content/Publicaties/Beleggingen-Pensioenfonds-Detailhandel.pdf
Pensioenfonds Detailhandel	Kroger Co/The	Equity	2026	5.026.200	EUR	https://pensioenfondsdetailhandel.nl/content/Publicaties/Beleggingen-Pensioenfonds-Detailhandel.pdf
Pensioenfonds Detailhandel	Kubota Corp	Equity	2026	1.217.083	EUR	https://pensioenfondsdetailhandel.nl/content/Publicaties/Beleggingen-Pensioenfonds-Detailhandel.pdf
Pensioenfonds Detailhandel	Kyocera Corp	Equity	2026	575.503	EUR	https://pensioenfondsdetailhandel.nl/content/Publicaties/Beleggingen-Pensioenfonds-Detailhandel.pdf
Pensioenfonds Detailhandel	Kyowa Kirin Co Ltd	Equity	2026	576.628	EUR	https://pensioenfondsdetailhandel.nl/content/Publicaties/Beleggingen-Pensioenfonds-Detailhandel.pdf
Pensioenfonds Detailhandel	L'Oreal SA	Equity	2026	16.371.938	EUR	https://pensioenfondsdetailhandel.nl/content/Publicaties/Beleggingen-Pensioenfonds-Detailhandel.pdf
Pensioenfonds Detailhandel	Labcorp Holdings Inc	Equity	2026	2.249.892	EUR	https://pensioenfondsdetailhandel.nl/content/Publicaties/Beleggingen-Pensioenfonds-Detailhandel.pdf
Pensioenfonds Detailhandel	Lam Research Corp	Equity	2026	19.324.440	EUR	https://pensioenfondsdetailhandel.nl/content/Publicaties/Beleggingen-Pensioenfonds-Detailhandel.pdf
Pensioenfonds Detailhandel	Land Securities Group PLC	Equity	2026	2.206.407	EUR	https://pensioenfondsdetailhandel.nl/content/Publicaties/Beleggingen-Pensioenfonds-Detailhandel.pdf
Pensioenfonds Detailhandel	Las Vegas Sands Corp	Equity	2026	7.176.486	EUR	https://pensioenfondsdetailhandel.nl/content/Publicaties/Beleggingen-Pensioenfonds-Detailhandel.pdf
Pensioenfonds Detailhandel	Legal & General Group PLC	Equity	2026	2.615.297	EUR	https://pensioenfondsdetailhandel.nl/content/Publicaties/Beleggingen-Pensioenfonds-Detailhandel.pdf
Pensioenfonds Detailhandel	Legrand SA	Equity	2026	8.653.480	EUR	https://pensioenfondsdetailhandel.nl/content/Publicaties/Beleggingen-Pensioenfonds-Detailhandel.pdf
Pensioenfonds Detailhandel	Lenovo Group Ltd	Equity	2026	2.080.494	EUR	https://pensioenfondsdetailhandel.nl/content/Publicaties/Beleggingen-Pensioenfonds-Detailhandel.pdf
Pensioenfonds Detailhandel	LG Chem Ltd	Equity	2026	668.132	EUR	https://pensioenfondsdetailhandel.nl/content/Publicaties/Beleggingen-Pensioenfonds-Detailhandel.pdf
Pensioenfonds Detailhandel	LG Electronics Inc	Equity	2026	1.814.115	EUR	https://pensioenfondsdetailhandel.nl/content/Publicaties/Beleggingen-Pensioenfonds-Detailhandel.pdf
Pensioenfonds Detailhandel	LG Energy Solution Ltd	Equity	2026	2.341.605	EUR	https://pensioenfondsdetailhandel.nl/content/Publicaties/Beleggingen-Pensioenfonds-Detailhandel.pdf
Pensioenfonds Detailhandel	Liberty Media Corp-Liberty Formula One	Equity	2026	942.510	EUR	https://pensioenfondsdetailhandel.nl/content/Publicaties/Beleggingen-Pensioenfonds-Detailhandel.pdf
Pensioenfonds Detailhandel	Linde PLC	Equity	2026	3.353.974	EUR	https://pensioenfondsdetailhandel.nl/content/Publicaties/Beleggingen-Pensioenfonds-Detailhandel.pdf
Pensioenfonds Detailhandel	Link REIT	Equity	2026	4.439.559	EUR	https://pensioenfondsdetailhandel.nl/content/Publicaties/Beleggingen-Pensioenfonds-Detailhandel.pdf
Pensioenfonds Detailhandel	Lixil Corp	Equity	2026	404.571	EUR	https://pensioenfondsdetailhandel.nl/content/Publicaties/Beleggingen-Pensioenfonds-Detailhandel.pdf
Pensioenfonds Detailhandel	Lloyds Banking Group PLC	Equity	2026	10.686.266	EUR	https://pensioenfondsdetailhandel.nl/content/Publicaties/Beleggingen-Pensioenfonds-Detailhandel.pdf
Pensioenfonds Detailhandel	Loblaw Cos Ltd	Equity	2026	1.833.702	EUR	https://pensioenfondsdetailhandel.nl/content/Publicaties/Beleggingen-Pensioenfonds-Detailhandel.pdf
Pensioenfonds Detailhandel	Logitech International SA	Equity	2026	2.309.564	EUR	https://pensioenfondsdetailhandel.nl/content/Publicaties/Beleggingen-Pensioenfonds-Detailhandel.pdf
Pensioenfonds Detailhandel	London Stock Exchange Group PLC	Equity	2026	6.333.767	EUR	https://pensioenfondsdetailhandel.nl/content/Publicaties/Beleggingen-Pensioenfonds-Detailhandel.pdf
Pensioenfonds Detailhandel	Lonza Group AG	Equity	2026	2.131.298	EUR	https://pensioenfondsdetailhandel.nl/content/Publicaties/Beleggingen-Pensioenfonds-Detailhandel.pdf
Pensioenfonds Detailhandel	Lowe's Cos Inc	Equity	2026	32.866.746	EUR	https://pensioenfondsdetailhandel.nl/content/Publicaties/Beleggingen-Pensioenfonds-Detailhandel.pdf
Pensioenfonds Detailhandel	LPL Financial Holdings Inc	Equity	2026	2.669.925	EUR	https://pensioenfondsdetailhandel.nl/content/Publicaties/Beleggingen-Pensioenfonds-Detailhandel.pdf
Pensioenfonds Detailhandel	LPP SA	Equity	2026	545.110	EUR	https://pensioenfondsdetailhandel.nl/content/Publicaties/Beleggingen-Pensioenfonds-Detailhandel.pdf
Pensioenfonds Detailhandel	Lululemon Athletica Inc	Equity	2026	2.891.387	EUR	https://pensioenfondsdetailhandel.nl/content/Publicaties/Beleggingen-Pensioenfonds-Detailhandel.pdf
Pensioenfonds Detailhandel	Lundin Gold Inc	Equity	2026	625.780	EUR	https://pensioenfondsdetailhandel.nl/content/Publicaties/Beleggingen-Pensioenfonds-Detailhandel.pdf
Pensioenfonds Detailhandel	Lundin Mining Corp	Equity	2026	1.188.838	EUR	https://pensioenfondsdetailhandel.nl/content/Publicaties/Beleggingen-Pensioenfonds-Detailhandel.pdf
Pensioenfonds Detailhandel	LVMH Moet Hennessy Louis Vuitton SE	Equity	2026	12.300.862	EUR	https://pensioenfondsdetailhandel.nl/content/Publicaties/Beleggingen-Pensioenfonds-Detailhandel.pdf
Pensioenfonds Detailhandel	LY Corp	Equity	2026	922.323	EUR	https://pensioenfondsdetailhandel.nl/content/Publicaties/Beleggingen-Pensioenfonds-Detailhandel.pdf
Pensioenfonds Detailhandel	Lynas Rare Earths Ltd	Equity	2026	888.780	EUR	https://pensioenfondsdetailhandel.nl/content/Publicaties/Beleggingen-Pensioenfonds-Detailhandel.pdf
Pensioenfonds Detailhandel	LyondellBasell Industries NV	Equity	2026	1.944.990	EUR	https://pensioenfondsdetailhandel.nl/content/Publicaties/Beleggingen-Pensioenfonds-Detailhandel.pdf
Pensioenfonds Detailhandel	M&G PLC	Equity	2026	585.806	EUR	https://pensioenfondsdetailhandel.nl/content/Publicaties/Beleggingen-Pensioenfonds-Detailhandel.pdf
Pensioenfonds Detailhandel	M&T Bank Corp	Equity	2026	1.287.829	EUR	https://pensioenfondsdetailhandel.nl/content/Publicaties/Beleggingen-Pensioenfonds-Detailhandel.pdf
Pensioenfonds Detailhandel	Macquarie Group Ltd	Equity	2026	5.892.653	EUR	https://pensioenfondsdetailhandel.nl/content/Publicaties/Beleggingen-Pensioenfonds-Detailhandel.pdf
Pensioenfonds Detailhandel	Magna International Inc	Equity	2026	1.130.065	EUR	https://pensioenfondsdetailhandel.nl/content/Publicaties/Beleggingen-Pensioenfonds-Detailhandel.pdf
Pensioenfonds Detailhandel	Magnum Ice Cream Co NV/The	Equity	2026	876.355	EUR	https://pensioenfondsdetailhandel.nl/content/Publicaties/Beleggingen-Pensioenfonds-Detailhandel.pdf
Pensioenfonds Detailhandel	Manulife Financial Corp	Equity	2026	9.717.227	EUR	https://pensioenfondsdetailhandel.nl/content/Publicaties/Beleggingen-Pensioenfonds-Detailhandel.pdf
Pensioenfonds Detailhandel	Marathon Petroleum Corp	Equity	2026	11.036.630	EUR	https://pensioenfondsdetailhandel.nl/content/Publicaties/Beleggingen-Pensioenfonds-Detailhandel.pdf
Pensioenfonds Detailhandel	Marks & Spencer Group PLC	Equity	2026	1.061.916	EUR	https://pensioenfondsdetailhandel.nl/content/Publicaties/Beleggingen-Pensioenfonds-Detailhandel.pdf
Pensioenfonds Detailhandel	Marsh & McLennan Cos Inc	Equity	2026	5.089.542	EUR	https://pensioenfondsdetailhandel.nl/content/Publicaties/Beleggingen-Pensioenfonds-Detailhandel.pdf
Pensioenfonds Detailhandel	Marubeni Corp	Equity	2026	8.071.874	EUR	https://pensioenfondsdetailhandel.nl/content/Publicaties/Beleggingen-Pensioenfonds-Detailhandel.pdf
Pensioenfonds Detailhandel	Marvell Technology Inc	Equity	2026	15.028.657	EUR	https://pensioenfondsdetailhandel.nl/content/Publicaties/Beleggingen-Pensioenfonds-Detailhandel.pdf
Pensioenfonds Detailhandel	Mastercard Inc	Equity	2026	21.463.869	EUR	https://pensioenfondsdetailhandel.nl/content/Publicaties/Beleggingen-Pensioenfonds-Detailhandel.pdf
Pensioenfonds Detailhandel	MatsukiyoCocokara & Co	Equity	2026	440.990	EUR	https://pensioenfondsdetailhandel.nl/content/Publicaties/Beleggingen-Pensioenfonds-Detailhandel.pdf
Pensioenfonds Detailhandel	McCormick & Co Inc/MD	Equity	2026	1.616.164	EUR	https://pensioenfondsdetailhandel.nl/content/Publicaties/Beleggingen-Pensioenfonds-Detailhandel.pdf
Pensioenfonds Detailhandel	McDonald's Corp	Equity	2026	3.802.470	EUR	https://pensioenfondsdetailhandel.nl/content/Publicaties/Beleggingen-Pensioenfonds-Detailhandel.pdf
Pensioenfonds Detailhandel	Medibank Pvt Ltd	Equity	2026	1.019.315	EUR	https://pensioenfondsdetailhandel.nl/content/Publicaties/Beleggingen-Pensioenfonds-Detailhandel.pdf
Pensioenfonds Detailhandel	Mediobanca Banca di Credito Finanziario	Equity	2026	284.109	EUR	https://pensioenfondsdetailhandel.nl/content/Publicaties/Beleggingen-Pensioenfonds-Detailhandel.pdf
Pensioenfonds Detailhandel	Medtronic PLC	Equity	2026	15.892.740	EUR	https://pensioenfondsdetailhandel.nl/content/Publicaties/Beleggingen-Pensioenfonds-Detailhandel.pdf
Pensioenfonds Detailhandel	MEIJI Holdings Co Ltd	Equity	2026	1.271.800	EUR	https://pensioenfondsdetailhandel.nl/content/Publicaties/Beleggingen-Pensioenfonds-Detailhandel.pdf
Pensioenfonds Detailhandel	Melrose Industries PLC	Equity	2026	694.951	EUR	https://pensioenfondsdetailhandel.nl/content/Publicaties/Beleggingen-Pensioenfonds-Detailhandel.pdf
Pensioenfonds Detailhandel	MercadoLibre Inc	Equity	2026	1.563.651	EUR	https://pensioenfondsdetailhandel.nl/content/Publicaties/Beleggingen-Pensioenfonds-Detailhandel.pdf
Pensioenfonds Detailhandel	Mercedes-Benz Group AG	Equity	2026	7.375.569	EUR	https://pensioenfondsdetailhandel.nl/content/Publicaties/Beleggingen-Pensioenfonds-Detailhandel.pdf
Pensioenfonds Detailhandel	Merck & Co Inc	Equity	2026	53.872.790	EUR	https://pensioenfondsdetailhandel.nl/content/Publicaties/Beleggingen-Pensioenfonds-Detailhandel.pdf
Pensioenfonds Detailhandel	Merck KGaA	Equity	2026	2.307.912	EUR	https://pensioenfondsdetailhandel.nl/content/Publicaties/Beleggingen-Pensioenfonds-Detailhandel.pdf
Pensioenfonds Detailhandel	Meridian Energy Ltd	Equity	2026	589.970	EUR	https://pensioenfondsdetailhandel.nl/content/Publicaties/Beleggingen-Pensioenfonds-Detailhandel.pdf
Pensioenfonds Detailhandel	Merlin Properties Socimi SA	Equity	2026	897.033	EUR	https://pensioenfondsdetailhandel.nl/content/Publicaties/Beleggingen-Pensioenfonds-Detailhandel.pdf
Pensioenfonds Detailhandel	Meta Platforms Inc	Equity	2026	63.053.468	EUR	https://pensioenfondsdetailhandel.nl/content/Publicaties/Beleggingen-Pensioenfonds-Detailhandel.pdf
Pensioenfonds Detailhandel	Metlen Energy & Metals PLC	Equity	2026	657.212	EUR	https://pensioenfondsdetailhandel.nl/content/Publicaties/Beleggingen-Pensioenfonds-Detailhandel.pdf
Pensioenfonds Detailhandel	MetLife Inc	Equity	2026	5.225.006	EUR	https://pensioenfondsdetailhandel.nl/content/Publicaties/Beleggingen-Pensioenfonds-Detailhandel.pdf
Pensioenfonds Detailhandel	Metro Inc/CN	Equity	2026	534.870	EUR	https://pensioenfondsdetailhandel.nl/content/Publicaties/Beleggingen-Pensioenfonds-Detailhandel.pdf
Pensioenfonds Detailhandel	Metso Oyj	Equity	2026	1.440.290	EUR	https://pensioenfondsdetailhandel.nl/content/Publicaties/Beleggingen-Pensioenfonds-Detailhandel.pdf
Pensioenfonds Detailhandel	Mettler-Toledo International Inc	Equity	2026	4.860.031	EUR	https://pensioenfondsdetailhandel.nl/content/Publicaties/Beleggingen-Pensioenfonds-Detailhandel.pdf
Pensioenfonds Detailhandel	Micron Technology Inc	Equity	2026	8.353.826	EUR	https://pensioenfondsdetailhandel.nl/content/Publicaties/Beleggingen-Pensioenfonds-Detailhandel.pdf
Pensioenfonds Detailhandel	Microsoft Corp	Equity	2026	567.728.671	EUR	https://pensioenfondsdetailhandel.nl/content/Publicaties/Beleggingen-Pensioenfonds-Detailhandel.pdf
Pensioenfonds Detailhandel	MINEBEA MITSUMI Inc	Equity	2026	561.430	EUR	https://pensioenfondsdetailhandel.nl/content/Publicaties/Beleggingen-Pensioenfonds-Detailhandel.pdf
Pensioenfonds Detailhandel	Mineral Resources Ltd	Equity	2026	553.025	EUR	https://pensioenfondsdetailhandel.nl/content/Publicaties/Beleggingen-Pensioenfonds-Detailhandel.pdf
Pensioenfonds Detailhandel	Mirvac Group	Equity	2026	659.482	EUR	https://pensioenfondsdetailhandel.nl/content/Publicaties/Beleggingen-Pensioenfonds-Detailhandel.pdf
Pensioenfonds Detailhandel	Mitsubishi Chemical Group Corp	Equity	2026	895.515	EUR	https://pensioenfondsdetailhandel.nl/content/Publicaties/Beleggingen-Pensioenfonds-Detailhandel.pdf
Pensioenfonds Detailhandel	Mitsubishi Corp	Equity	2026	15.333.205	EUR	https://pensioenfondsdetailhandel.nl/content/Publicaties/Beleggingen-Pensioenfonds-Detailhandel.pdf
Pensioenfonds Detailhandel	Mitsubishi Electric Corp	Equity	2026	10.725.667	EUR	https://pensioenfondsdetailhandel.nl/content/Publicaties/Beleggingen-Pensioenfonds-Detailhandel.pdf
Pensioenfonds Detailhandel	Mitsubishi Estate Co Ltd	Equity	2026	7.031.315	EUR	https://pensioenfondsdetailhandel.nl/content/Publicaties/Beleggingen-Pensioenfonds-Detailhandel.pdf
Pensioenfonds Detailhandel	Mitsubishi Gas Chemical Co Inc	Equity	2026	872.954	EUR	https://pensioenfondsdetailhandel.nl/content/Publicaties/Beleggingen-Pensioenfonds-Detailhandel.pdf
Pensioenfonds Detailhandel	Mitsubishi Heavy Industries Ltd	Equity	2026	6.254.187	EUR	https://pensioenfondsdetailhandel.nl/content/Publicaties/Beleggingen-Pensioenfonds-Detailhandel.pdf
Pensioenfonds Detailhandel	Mitsubishi UFJ Financial Group Inc	Equity	2026	26.583.852	EUR	https://pensioenfondsdetailhandel.nl/content/Publicaties/Beleggingen-Pensioenfonds-Detailhandel.pdf
Pensioenfonds Detailhandel	Mitsui & Co Ltd	Equity	2026	13.705.851	EUR	https://pensioenfondsdetailhandel.nl/content/Publicaties/Beleggingen-Pensioenfonds-Detailhandel.pdf
Pensioenfonds Detailhandel	Mitsui Chemicals Inc	Equity	2026	1.083.999	EUR	https://pensioenfondsdetailhandel.nl/content/Publicaties/Beleggingen-Pensioenfonds-Detailhandel.pdf
Pensioenfonds Detailhandel	Mitsui Fudosan Co Ltd	Equity	2026	3.236.358	EUR	https://pensioenfondsdetailhandel.nl/content/Publicaties/Beleggingen-Pensioenfonds-Detailhandel.pdf
Pensioenfonds Detailhandel	Mitsui Fudosan Logistics Park Inc	Equity	2026	449.457	EUR	https://pensioenfondsdetailhandel.nl/content/Publicaties/Beleggingen-Pensioenfonds-Detailhandel.pdf
Pensioenfonds Detailhandel	Mitsui Kinzoku Co Ltd	Equity	2026	1.183.753	EUR	https://pensioenfondsdetailhandel.nl/content/Publicaties/Beleggingen-Pensioenfonds-Detailhandel.pdf
Pensioenfonds Detailhandel	Mizrahi Tefahot Bank Ltd	Equity	2026	619.832	EUR	https://pensioenfondsdetailhandel.nl/content/Publicaties/Beleggingen-Pensioenfonds-Detailhandel.pdf
Pensioenfonds Detailhandel	Mizuho Financial Group Inc	Equity	2026	12.675.961	EUR	https://pensioenfondsdetailhandel.nl/content/Publicaties/Beleggingen-Pensioenfonds-Detailhandel.pdf
Pensioenfonds Detailhandel	Moncler SpA	Equity	2026	2.359.877	EUR	https://pensioenfondsdetailhandel.nl/content/Publicaties/Beleggingen-Pensioenfonds-Detailhandel.pdf
Pensioenfonds Detailhandel	Mondelez International Inc	Equity	2026	13.875.234	EUR	https://pensioenfondsdetailhandel.nl/content/Publicaties/Beleggingen-Pensioenfonds-Detailhandel.pdf
Pensioenfonds Detailhandel	Mondi PLC	Equity	2026	662.742	EUR	https://pensioenfondsdetailhandel.nl/content/Publicaties/Beleggingen-Pensioenfonds-Detailhandel.pdf
Pensioenfonds Detailhandel	Monolithic Power Systems Inc	Equity	2026	1.348.986	EUR	https://pensioenfondsdetailhandel.nl/content/Publicaties/Beleggingen-Pensioenfonds-Detailhandel.pdf
Pensioenfonds Detailhandel	Monster Beverage Corp	Equity	2026	1.213.368	EUR	https://pensioenfondsdetailhandel.nl/content/Publicaties/Beleggingen-Pensioenfonds-Detailhandel.pdf
Pensioenfonds Detailhandel	Moody's Corp	Equity	2026	5.370.774	EUR	https://pensioenfondsdetailhandel.nl/content/Publicaties/Beleggingen-Pensioenfonds-Detailhandel.pdf
Pensioenfonds Detailhandel	Morgan Stanley	Equity	2026	19.057.953	EUR	https://pensioenfondsdetailhandel.nl/content/Publicaties/Beleggingen-Pensioenfonds-Detailhandel.pdf
Pensioenfonds Detailhandel	Motorola Solutions Inc	Equity	2026	3.262.150	EUR	https://pensioenfondsdetailhandel.nl/content/Publicaties/Beleggingen-Pensioenfonds-Detailhandel.pdf
Pensioenfonds Detailhandel	Mowi ASA	Equity	2026	801.758	EUR	https://pensioenfondsdetailhandel.nl/content/Publicaties/Beleggingen-Pensioenfonds-Detailhandel.pdf
Pensioenfonds Detailhandel	MS&AD Insurance Group Holdings Inc	Equity	2026	4.234.968	EUR	https://pensioenfondsdetailhandel.nl/content/Publicaties/Beleggingen-Pensioenfonds-Detailhandel.pdf
Pensioenfonds Detailhandel	MSCI Inc	Equity	2026	6.677.511	EUR	https://pensioenfondsdetailhandel.nl/content/Publicaties/Beleggingen-Pensioenfonds-Detailhandel.pdf
Pensioenfonds Detailhandel	MTU Aero Engines AG	Equity	2026	1.635.560	EUR	https://pensioenfondsdetailhandel.nl/content/Publicaties/Beleggingen-Pensioenfonds-Detailhandel.pdf
Pensioenfonds Detailhandel	Muenchener Rueckversicherungs-Gesellscha	Equity	2026	7.307.791	EUR	https://pensioenfondsdetailhandel.nl/content/Publicaties/Beleggingen-Pensioenfonds-Detailhandel.pdf
Pensioenfonds Detailhandel	Murata Manufacturing Co Ltd	Equity	2026	4.371.367	EUR	https://pensioenfondsdetailhandel.nl/content/Publicaties/Beleggingen-Pensioenfonds-Detailhandel.pdf
Pensioenfonds Detailhandel	Nagase & Co Ltd	Equity	2026	1.198.695	EUR	https://pensioenfondsdetailhandel.nl/content/Publicaties/Beleggingen-Pensioenfonds-Detailhandel.pdf
Pensioenfonds Detailhandel	Nasdaq Inc	Equity	2026	11.700.703	EUR	https://pensioenfondsdetailhandel.nl/content/Publicaties/Beleggingen-Pensioenfonds-Detailhandel.pdf
Pensioenfonds Detailhandel	National Australia Bank Ltd	Equity	2026	17.068.470	EUR	https://pensioenfondsdetailhandel.nl/content/Publicaties/Beleggingen-Pensioenfonds-Detailhandel.pdf
Pensioenfonds Detailhandel	National Bank of Canada	Equity	2026	6.889.980	EUR	https://pensioenfondsdetailhandel.nl/content/Publicaties/Beleggingen-Pensioenfonds-Detailhandel.pdf
Pensioenfonds Detailhandel	National Grid PLC	Equity	2026	8.903.928	EUR	https://pensioenfondsdetailhandel.nl/content/Publicaties/Beleggingen-Pensioenfonds-Detailhandel.pdf
Pensioenfonds Detailhandel	Naturgy Energy Group SA	Equity	2026	302.305	EUR	https://pensioenfondsdetailhandel.nl/content/Publicaties/Beleggingen-Pensioenfonds-Detailhandel.pdf
Pensioenfonds Detailhandel	NatWest Group PLC	Equity	2026	8.076.112	EUR	https://pensioenfondsdetailhandel.nl/content/Publicaties/Beleggingen-Pensioenfonds-Detailhandel.pdf
Pensioenfonds Detailhandel	NAVER Corp	Equity	2026	2.952.865	EUR	https://pensioenfondsdetailhandel.nl/content/Publicaties/Beleggingen-Pensioenfonds-Detailhandel.pdf
Pensioenfonds Detailhandel	NEC Corp	Equity	2026	5.576.933	EUR	https://pensioenfondsdetailhandel.nl/content/Publicaties/Beleggingen-Pensioenfonds-Detailhandel.pdf
Pensioenfonds Detailhandel	Neste Oyj	Equity	2026	2.225.961	EUR	https://pensioenfondsdetailhandel.nl/content/Publicaties/Beleggingen-Pensioenfonds-Detailhandel.pdf
Pensioenfonds Detailhandel	Nestle SA	Equity	2026	30.895.866	EUR	https://pensioenfondsdetailhandel.nl/content/Publicaties/Beleggingen-Pensioenfonds-Detailhandel.pdf
Pensioenfonds Detailhandel	NetApp Inc	Equity	2026	2.355.361	EUR	https://pensioenfondsdetailhandel.nl/content/Publicaties/Beleggingen-Pensioenfonds-Detailhandel.pdf
Pensioenfonds Detailhandel	Netflix Inc	Equity	2026	2.303.611	EUR	https://pensioenfondsdetailhandel.nl/content/Publicaties/Beleggingen-Pensioenfonds-Detailhandel.pdf
Pensioenfonds Detailhandel	Newmont Corp	Equity	2026	22.289.239	EUR	https://pensioenfondsdetailhandel.nl/content/Publicaties/Beleggingen-Pensioenfonds-Detailhandel.pdf
Pensioenfonds Detailhandel	News Corp	Equity	2026	697.938	EUR	https://pensioenfondsdetailhandel.nl/content/Publicaties/Beleggingen-Pensioenfonds-Detailhandel.pdf
Pensioenfonds Detailhandel	Nexi SpA	Equity	2026	113.539	EUR	https://pensioenfondsdetailhandel.nl/content/Publicaties/Beleggingen-Pensioenfonds-Detailhandel.pdf
Pensioenfonds Detailhandel	Next PLC	Equity	2026	2.360.516	EUR	https://pensioenfondsdetailhandel.nl/content/Publicaties/Beleggingen-Pensioenfonds-Detailhandel.pdf
Pensioenfonds Detailhandel	NextEra Energy Inc	Equity	2026	1.646.721	EUR	https://pensioenfondsdetailhandel.nl/content/Publicaties/Beleggingen-Pensioenfonds-Detailhandel.pdf
Pensioenfonds Detailhandel	NGK Corp	Equity	2026	635.836	EUR	https://pensioenfondsdetailhandel.nl/content/Publicaties/Beleggingen-Pensioenfonds-Detailhandel.pdf
Pensioenfonds Detailhandel	Nibe Industrier AB	Equity	2026	1.260.501	EUR	https://pensioenfondsdetailhandel.nl/content/Publicaties/Beleggingen-Pensioenfonds-Detailhandel.pdf
Pensioenfonds Detailhandel	NIDEC CORP	Equity	2026	1.869.434	EUR	https://pensioenfondsdetailhandel.nl/content/Publicaties/Beleggingen-Pensioenfonds-Detailhandel.pdf
Pensioenfonds Detailhandel	NIKE Inc	Equity	2026	15.975.697	EUR	https://pensioenfondsdetailhandel.nl/content/Publicaties/Beleggingen-Pensioenfonds-Detailhandel.pdf
Pensioenfonds Detailhandel	Nintendo Co Ltd	Equity	2026	1.113.621	EUR	https://pensioenfondsdetailhandel.nl/content/Publicaties/Beleggingen-Pensioenfonds-Detailhandel.pdf
Pensioenfonds Detailhandel	Nippon Building Fund Inc	Equity	2026	760.283	EUR	https://pensioenfondsdetailhandel.nl/content/Publicaties/Beleggingen-Pensioenfonds-Detailhandel.pdf
Pensioenfonds Detailhandel	Nippon Kayaku Co Ltd	Equity	2026	533.789	EUR	https://pensioenfondsdetailhandel.nl/content/Publicaties/Beleggingen-Pensioenfonds-Detailhandel.pdf
Pensioenfonds Detailhandel	Nippon Paint Holdings Co Ltd	Equity	2026	491.020	EUR	https://pensioenfondsdetailhandel.nl/content/Publicaties/Beleggingen-Pensioenfonds-Detailhandel.pdf
Pensioenfonds Detailhandel	NiSource Inc	Equity	2026	4.119.095	EUR	https://pensioenfondsdetailhandel.nl/content/Publicaties/Beleggingen-Pensioenfonds-Detailhandel.pdf
Pensioenfonds Detailhandel	Nissan Chemical Corp	Equity	2026	1.362.192	EUR	https://pensioenfondsdetailhandel.nl/content/Publicaties/Beleggingen-Pensioenfonds-Detailhandel.pdf
Pensioenfonds Detailhandel	Nissan Motor Co Ltd	Equity	2026	903.061	EUR	https://pensioenfondsdetailhandel.nl/content/Publicaties/Beleggingen-Pensioenfonds-Detailhandel.pdf
Pensioenfonds Detailhandel	Nisshin Seifun Group Inc	Equity	2026	250.463	EUR	https://pensioenfondsdetailhandel.nl/content/Publicaties/Beleggingen-Pensioenfonds-Detailhandel.pdf
Pensioenfonds Detailhandel	Niterra Co Ltd	Equity	2026	736.689	EUR	https://pensioenfondsdetailhandel.nl/content/Publicaties/Beleggingen-Pensioenfonds-Detailhandel.pdf
Pensioenfonds Detailhandel	Nitori Holdings Co Ltd	Equity	2026	663.267	EUR	https://pensioenfondsdetailhandel.nl/content/Publicaties/Beleggingen-Pensioenfonds-Detailhandel.pdf
Pensioenfonds Detailhandel	Nitto Denko Corp	Equity	2026	3.309.993	EUR	https://pensioenfondsdetailhandel.nl/content/Publicaties/Beleggingen-Pensioenfonds-Detailhandel.pdf
Pensioenfonds Detailhandel	NN Group NV	Equity	2026	1.715.797	EUR	https://pensioenfondsdetailhandel.nl/content/Publicaties/Beleggingen-Pensioenfonds-Detailhandel.pdf
Pensioenfonds Detailhandel	Nokia Oyj	Equity	2026	5.032.669	EUR	https://pensioenfondsdetailhandel.nl/content/Publicaties/Beleggingen-Pensioenfonds-Detailhandel.pdf
Pensioenfonds Detailhandel	Nomura Holdings Inc	Equity	2026	3.731.359	EUR	https://pensioenfondsdetailhandel.nl/content/Publicaties/Beleggingen-Pensioenfonds-Detailhandel.pdf
Pensioenfonds Detailhandel	Nomura Real Estate Holdings Inc	Equity	2026	509.762	EUR	https://pensioenfondsdetailhandel.nl/content/Publicaties/Beleggingen-Pensioenfonds-Detailhandel.pdf
Pensioenfonds Detailhandel	Nomura Research Institute Ltd	Equity	2026	1.797.966	EUR	https://pensioenfondsdetailhandel.nl/content/Publicaties/Beleggingen-Pensioenfonds-Detailhandel.pdf
Pensioenfonds Detailhandel	Nordea Bank Abp	Equity	2026	4.348.938	EUR	https://pensioenfondsdetailhandel.nl/content/Publicaties/Beleggingen-Pensioenfonds-Detailhandel.pdf
Pensioenfonds Detailhandel	Norfolk Southern Corp	Equity	2026	2.736.488	EUR	https://pensioenfondsdetailhandel.nl/content/Publicaties/Beleggingen-Pensioenfonds-Detailhandel.pdf
Pensioenfonds Detailhandel	Norsk Hydro ASA	Equity	2026	1.859.736	EUR	https://pensioenfondsdetailhandel.nl/content/Publicaties/Beleggingen-Pensioenfonds-Detailhandel.pdf
Pensioenfonds Detailhandel	Northern Star Resources Ltd	Equity	2026	1.191.146	EUR	https://pensioenfondsdetailhandel.nl/content/Publicaties/Beleggingen-Pensioenfonds-Detailhandel.pdf
Pensioenfonds Detailhandel	Novartis AG	Equity	2026	43.357.894	EUR	https://pensioenfondsdetailhandel.nl/content/Publicaties/Beleggingen-Pensioenfonds-Detailhandel.pdf
Pensioenfonds Detailhandel	Novo Nordisk A/S	Equity	2026	8.422.119	EUR	https://pensioenfondsdetailhandel.nl/content/Publicaties/Beleggingen-Pensioenfonds-Detailhandel.pdf
Pensioenfonds Detailhandel	Novonesis Novozymes B	Equity	2026	1.651.012	EUR	https://pensioenfondsdetailhandel.nl/content/Publicaties/Beleggingen-Pensioenfonds-Detailhandel.pdf
Pensioenfonds Detailhandel	NRG Energy Inc	Equity	2026	1.756.293	EUR	https://pensioenfondsdetailhandel.nl/content/Publicaties/Beleggingen-Pensioenfonds-Detailhandel.pdf
Pensioenfonds Detailhandel	NTT Inc	Equity	2026	2.261.490	EUR	https://pensioenfondsdetailhandel.nl/content/Publicaties/Beleggingen-Pensioenfonds-Detailhandel.pdf
Pensioenfonds Detailhandel	NU Holdings Ltd/Cayman Islands	Equity	2026	809.394	EUR	https://pensioenfondsdetailhandel.nl/content/Publicaties/Beleggingen-Pensioenfonds-Detailhandel.pdf
Pensioenfonds Detailhandel	Nutrien Ltd	Equity	2026	3.430.911	EUR	https://pensioenfondsdetailhandel.nl/content/Publicaties/Beleggingen-Pensioenfonds-Detailhandel.pdf
Pensioenfonds Detailhandel	NVIDIA Corp	Equity	2026	399.387.710	EUR	https://pensioenfondsdetailhandel.nl/content/Publicaties/Beleggingen-Pensioenfonds-Detailhandel.pdf
Pensioenfonds Detailhandel	NXP Semiconductors NV	Equity	2026	8.664.243	EUR	https://pensioenfondsdetailhandel.nl/content/Publicaties/Beleggingen-Pensioenfonds-Detailhandel.pdf
Pensioenfonds Detailhandel	Obayashi Corp	Equity	2026	2.312.683	EUR	https://pensioenfondsdetailhandel.nl/content/Publicaties/Beleggingen-Pensioenfonds-Detailhandel.pdf
Pensioenfonds Detailhandel	Occidental Petroleum Corp	Equity	2026	638.383	EUR	https://pensioenfondsdetailhandel.nl/content/Publicaties/Beleggingen-Pensioenfonds-Detailhandel.pdf
Pensioenfonds Detailhandel	Okta Inc	Equity	2026	823.237	EUR	https://pensioenfondsdetailhandel.nl/content/Publicaties/Beleggingen-Pensioenfonds-Detailhandel.pdf
Pensioenfonds Detailhandel	Olympus Corp	Equity	2026	757.993	EUR	https://pensioenfondsdetailhandel.nl/content/Publicaties/Beleggingen-Pensioenfonds-Detailhandel.pdf
Pensioenfonds Detailhandel	Omnicom Group Inc	Equity	2026	3.090.045	EUR	https://pensioenfondsdetailhandel.nl/content/Publicaties/Beleggingen-Pensioenfonds-Detailhandel.pdf
Pensioenfonds Detailhandel	Omron Corp	Equity	2026	1.095.905	EUR	https://pensioenfondsdetailhandel.nl/content/Publicaties/Beleggingen-Pensioenfonds-Detailhandel.pdf
Pensioenfonds Detailhandel	OMV AG	Equity	2026	1.071.177	EUR	https://pensioenfondsdetailhandel.nl/content/Publicaties/Beleggingen-Pensioenfonds-Detailhandel.pdf
Pensioenfonds Detailhandel	ON Semiconductor Corp	Equity	2026	2.416.879	EUR	https://pensioenfondsdetailhandel.nl/content/Publicaties/Beleggingen-Pensioenfonds-Detailhandel.pdf
Pensioenfonds Detailhandel	ONEOK Inc	Equity	2026	5.646.354	EUR	https://pensioenfondsdetailhandel.nl/content/Publicaties/Beleggingen-Pensioenfonds-Detailhandel.pdf
Pensioenfonds Detailhandel	Ono Pharmaceutical Co Ltd	Equity	2026	880.761	EUR	https://pensioenfondsdetailhandel.nl/content/Publicaties/Beleggingen-Pensioenfonds-Detailhandel.pdf
Pensioenfonds Detailhandel	Open Text Corp	Equity	2026	342.591	EUR	https://pensioenfondsdetailhandel.nl/content/Publicaties/Beleggingen-Pensioenfonds-Detailhandel.pdf
Pensioenfonds Detailhandel	Oracle Corp	Equity	2026	13.739.245	EUR	https://pensioenfondsdetailhandel.nl/content/Publicaties/Beleggingen-Pensioenfonds-Detailhandel.pdf
Pensioenfonds Detailhandel	Orange SA	Equity	2026	4.605.009	EUR	https://pensioenfondsdetailhandel.nl/content/Publicaties/Beleggingen-Pensioenfonds-Detailhandel.pdf
Pensioenfonds Detailhandel	Orica Ltd	Equity	2026	415.893	EUR	https://pensioenfondsdetailhandel.nl/content/Publicaties/Beleggingen-Pensioenfonds-Detailhandel.pdf
Pensioenfonds Detailhandel	Oriental Land Co Ltd/Japan	Equity	2026	2.064.546	EUR	https://pensioenfondsdetailhandel.nl/content/Publicaties/Beleggingen-Pensioenfonds-Detailhandel.pdf
Pensioenfonds Detailhandel	Orion Oyj	Equity	2026	967.573	EUR	https://pensioenfondsdetailhandel.nl/content/Publicaties/Beleggingen-Pensioenfonds-Detailhandel.pdf
Pensioenfonds Detailhandel	ORIX Corp	Equity	2026	2.795.510	EUR	https://pensioenfondsdetailhandel.nl/content/Publicaties/Beleggingen-Pensioenfonds-Detailhandel.pdf
Pensioenfonds Detailhandel	Orix JREIT Inc	Equity	2026	452.825	EUR	https://pensioenfondsdetailhandel.nl/content/Publicaties/Beleggingen-Pensioenfonds-Detailhandel.pdf
Pensioenfonds Detailhandel	Orkla ASA	Equity	2026	1.086.954	EUR	https://pensioenfondsdetailhandel.nl/content/Publicaties/Beleggingen-Pensioenfonds-Detailhandel.pdf
Pensioenfonds Detailhandel	ORLEN SA	Equity	2026	1.110.133	EUR	https://pensioenfondsdetailhandel.nl/content/Publicaties/Beleggingen-Pensioenfonds-Detailhandel.pdf
Pensioenfonds Detailhandel	Orsted AS	Equity	2026	1.151.888	EUR	https://pensioenfondsdetailhandel.nl/content/Publicaties/Beleggingen-Pensioenfonds-Detailhandel.pdf
Pensioenfonds Detailhandel	Osaka Gas Co Ltd	Equity	2026	4.381.764	EUR	https://pensioenfondsdetailhandel.nl/content/Publicaties/Beleggingen-Pensioenfonds-Detailhandel.pdf
Pensioenfonds Detailhandel	Otis Worldwide Corp	Equity	2026	2.214.595	EUR	https://pensioenfondsdetailhandel.nl/content/Publicaties/Beleggingen-Pensioenfonds-Detailhandel.pdf
Pensioenfonds Detailhandel	Otsuka Holdings Co Ltd	Equity	2026	3.045.261	EUR	https://pensioenfondsdetailhandel.nl/content/Publicaties/Beleggingen-Pensioenfonds-Detailhandel.pdf
Pensioenfonds Detailhandel	Oversea-Chinese Banking Corp Ltd	Equity	2026	7.751.887	EUR	https://pensioenfondsdetailhandel.nl/content/Publicaties/Beleggingen-Pensioenfonds-Detailhandel.pdf
Pensioenfonds Detailhandel	PACCAR Inc	Equity	2026	2.105.604	EUR	https://pensioenfondsdetailhandel.nl/content/Publicaties/Beleggingen-Pensioenfonds-Detailhandel.pdf
Pensioenfonds Detailhandel	Packaging Corp of America	Equity	2026	885.444	EUR	https://pensioenfondsdetailhandel.nl/content/Publicaties/Beleggingen-Pensioenfonds-Detailhandel.pdf
Pensioenfonds Detailhandel	Palo Alto Networks Inc	Equity	2026	12.032.348	EUR	https://pensioenfondsdetailhandel.nl/content/Publicaties/Beleggingen-Pensioenfonds-Detailhandel.pdf
Pensioenfonds Detailhandel	Pan American Silver Corp	Equity	2026	1.268.134	EUR	https://pensioenfondsdetailhandel.nl/content/Publicaties/Beleggingen-Pensioenfonds-Detailhandel.pdf
Pensioenfonds Detailhandel	Pan Pacific International Holdings Corp	Equity	2026	895.291	EUR	https://pensioenfondsdetailhandel.nl/content/Publicaties/Beleggingen-Pensioenfonds-Detailhandel.pdf
Pensioenfonds Detailhandel	Panasonic Holdings Corp	Equity	2026	5.417.005	EUR	https://pensioenfondsdetailhandel.nl/content/Publicaties/Beleggingen-Pensioenfonds-Detailhandel.pdf
Pensioenfonds Detailhandel	Parker-Hannifin Corp	Equity	2026	3.145.228	EUR	https://pensioenfondsdetailhandel.nl/content/Publicaties/Beleggingen-Pensioenfonds-Detailhandel.pdf
Pensioenfonds Detailhandel	Partners Group Holding AG	Equity	2026	3.071.855	EUR	https://pensioenfondsdetailhandel.nl/content/Publicaties/Beleggingen-Pensioenfonds-Detailhandel.pdf
Pensioenfonds Detailhandel	Paychex Inc	Equity	2026	3.939.525	EUR	https://pensioenfondsdetailhandel.nl/content/Publicaties/Beleggingen-Pensioenfonds-Detailhandel.pdf
Pensioenfonds Detailhandel	PayPal Holdings Inc	Equity	2026	4.603.591	EUR	https://pensioenfondsdetailhandel.nl/content/Publicaties/Beleggingen-Pensioenfonds-Detailhandel.pdf
Pensioenfonds Detailhandel	Pearson PLC	Equity	2026	660.439	EUR	https://pensioenfondsdetailhandel.nl/content/Publicaties/Beleggingen-Pensioenfonds-Detailhandel.pdf
Pensioenfonds Detailhandel	Pembina Pipeline Corp	Equity	2026	784.555	EUR	https://pensioenfondsdetailhandel.nl/content/Publicaties/Beleggingen-Pensioenfonds-Detailhandel.pdf
Pensioenfonds Detailhandel	Pentair PLC	Equity	2026	2.467.159	EUR	https://pensioenfondsdetailhandel.nl/content/Publicaties/Beleggingen-Pensioenfonds-Detailhandel.pdf
Pensioenfonds Detailhandel	PepsiCo Inc	Equity	2026	42.545.305	EUR	https://pensioenfondsdetailhandel.nl/content/Publicaties/Beleggingen-Pensioenfonds-Detailhandel.pdf
Pensioenfonds Detailhandel	Pernod Ricard SA	Equity	2026	1.714.289	EUR	https://pensioenfondsdetailhandel.nl/content/Publicaties/Beleggingen-Pensioenfonds-Detailhandel.pdf
Pensioenfonds Detailhandel	Pfizer Inc	Equity	2026	20.693.852	EUR	https://pensioenfondsdetailhandel.nl/content/Publicaties/Beleggingen-Pensioenfonds-Detailhandel.pdf
Pensioenfonds Detailhandel	PG&E Corp	Equity	2026	22.028.225	EUR	https://pensioenfondsdetailhandel.nl/content/Publicaties/Beleggingen-Pensioenfonds-Detailhandel.pdf
Pensioenfonds Detailhandel	Phillips 66	Equity	2026	2.408.406	EUR	https://pensioenfondsdetailhandel.nl/content/Publicaties/Beleggingen-Pensioenfonds-Detailhandel.pdf
Pensioenfonds Detailhandel	Pinterest Inc	Equity	2026	598.270	EUR	https://pensioenfondsdetailhandel.nl/content/Publicaties/Beleggingen-Pensioenfonds-Detailhandel.pdf
Pensioenfonds Detailhandel	PNC Financial Services Group Inc/The	Equity	2026	6.056.498	EUR	https://pensioenfondsdetailhandel.nl/content/Publicaties/Beleggingen-Pensioenfonds-Detailhandel.pdf
Pensioenfonds Detailhandel	Poste Italiane SpA	Equity	2026	1.502.182	EUR	https://pensioenfondsdetailhandel.nl/content/Publicaties/Beleggingen-Pensioenfonds-Detailhandel.pdf
Pensioenfonds Detailhandel	Power Corp of Canada	Equity	2026	4.445.669	EUR	https://pensioenfondsdetailhandel.nl/content/Publicaties/Beleggingen-Pensioenfonds-Detailhandel.pdf
Pensioenfonds Detailhandel	Powszechna Kasa Oszczednosci Bank Polski	Equity	2026	1.051.692	EUR	https://pensioenfondsdetailhandel.nl/content/Publicaties/Beleggingen-Pensioenfonds-Detailhandel.pdf
Pensioenfonds Detailhandel	Powszechny Zaklad Ubezpieczen SA	Equity	2026	1.316.572	EUR	https://pensioenfondsdetailhandel.nl/content/Publicaties/Beleggingen-Pensioenfonds-Detailhandel.pdf
Pensioenfonds Detailhandel	PPG Industries Inc	Equity	2026	4.270.191	EUR	https://pensioenfondsdetailhandel.nl/content/Publicaties/Beleggingen-Pensioenfonds-Detailhandel.pdf
Pensioenfonds Detailhandel	Principal Financial Group Inc	Equity	2026	3.689.880	EUR	https://pensioenfondsdetailhandel.nl/content/Publicaties/Beleggingen-Pensioenfonds-Detailhandel.pdf
Pensioenfonds Detailhandel	Procter & Gamble Co/The	Equity	2026	25.123.682	EUR	https://pensioenfondsdetailhandel.nl/content/Publicaties/Beleggingen-Pensioenfonds-Detailhandel.pdf
Pensioenfonds Detailhandel	Progressive Corp/The	Equity	2026	14.199.571	EUR	https://pensioenfondsdetailhandel.nl/content/Publicaties/Beleggingen-Pensioenfonds-Detailhandel.pdf
Pensioenfonds Detailhandel	Prologis Inc	Equity	2026	50.258.796	EUR	https://pensioenfondsdetailhandel.nl/content/Publicaties/Beleggingen-Pensioenfonds-Detailhandel.pdf
Pensioenfonds Detailhandel	Prosus NV	Equity	2026	5.826.068	EUR	https://pensioenfondsdetailhandel.nl/content/Publicaties/Beleggingen-Pensioenfonds-Detailhandel.pdf
Pensioenfonds Detailhandel	Prudential Financial Inc	Equity	2026	5.771.781	EUR	https://pensioenfondsdetailhandel.nl/content/Publicaties/Beleggingen-Pensioenfonds-Detailhandel.pdf
Pensioenfonds Detailhandel	Prudential PLC	Equity	2026	2.757.094	EUR	https://pensioenfondsdetailhandel.nl/content/Publicaties/Beleggingen-Pensioenfonds-Detailhandel.pdf
Pensioenfonds Detailhandel	Prysmian SpA	Equity	2026	6.332.786	EUR	https://pensioenfondsdetailhandel.nl/content/Publicaties/Beleggingen-Pensioenfonds-Detailhandel.pdf
Pensioenfonds Detailhandel	PTC Inc	Equity	2026	710.471	EUR	https://pensioenfondsdetailhandel.nl/content/Publicaties/Beleggingen-Pensioenfonds-Detailhandel.pdf
Pensioenfonds Detailhandel	Public Service Enterprise Group Inc	Equity	2026	19.090.695	EUR	https://pensioenfondsdetailhandel.nl/content/Publicaties/Beleggingen-Pensioenfonds-Detailhandel.pdf
Pensioenfonds Detailhandel	Public Storage	Equity	2026	1.105.901	EUR	https://pensioenfondsdetailhandel.nl/content/Publicaties/Beleggingen-Pensioenfonds-Detailhandel.pdf
Pensioenfonds Detailhandel	Publicis Groupe SA	Equity	2026	2.557.324	EUR	https://pensioenfondsdetailhandel.nl/content/Publicaties/Beleggingen-Pensioenfonds-Detailhandel.pdf
Pensioenfonds Detailhandel	QBE Insurance Group Ltd	Equity	2026	949.773	EUR	https://pensioenfondsdetailhandel.nl/content/Publicaties/Beleggingen-Pensioenfonds-Detailhandel.pdf
Pensioenfonds Detailhandel	QIAGEN NV	Equity	2026	615.334	EUR	https://pensioenfondsdetailhandel.nl/content/Publicaties/Beleggingen-Pensioenfonds-Detailhandel.pdf
Pensioenfonds Detailhandel	Qnity Electronics Inc	Equity	2026	5.356.528	EUR	https://pensioenfondsdetailhandel.nl/content/Publicaties/Beleggingen-Pensioenfonds-Detailhandel.pdf
Pensioenfonds Detailhandel	QUALCOMM Inc	Equity	2026	22.338.667	EUR	https://pensioenfondsdetailhandel.nl/content/Publicaties/Beleggingen-Pensioenfonds-Detailhandel.pdf
Pensioenfonds Detailhandel	Quanta Services Inc	Equity	2026	815.287	EUR	https://pensioenfondsdetailhandel.nl/content/Publicaties/Beleggingen-Pensioenfonds-Detailhandel.pdf
Pensioenfonds Detailhandel	Rakuten Group Inc	Equity	2026	999.618	EUR	https://pensioenfondsdetailhandel.nl/content/Publicaties/Beleggingen-Pensioenfonds-Detailhandel.pdf
Pensioenfonds Detailhandel	Ramsay Health Care Ltd	Equity	2026	335.771	EUR	https://pensioenfondsdetailhandel.nl/content/Publicaties/Beleggingen-Pensioenfonds-Detailhandel.pdf
Pensioenfonds Detailhandel	Randstad NV	Equity	2026	466.539	EUR	https://pensioenfondsdetailhandel.nl/content/Publicaties/Beleggingen-Pensioenfonds-Detailhandel.pdf
Pensioenfonds Detailhandel	Raymond James Financial Inc	Equity	2026	835.917	EUR	https://pensioenfondsdetailhandel.nl/content/Publicaties/Beleggingen-Pensioenfonds-Detailhandel.pdf
Pensioenfonds Detailhandel	RB Global Inc	Equity	2026	536.228	EUR	https://pensioenfondsdetailhandel.nl/content/Publicaties/Beleggingen-Pensioenfonds-Detailhandel.pdf
Pensioenfonds Detailhandel	REA Group Ltd	Equity	2026	355.929	EUR	https://pensioenfondsdetailhandel.nl/content/Publicaties/Beleggingen-Pensioenfonds-Detailhandel.pdf
Pensioenfonds Detailhandel	Realty Income Corp	Equity	2026	7.288.300	EUR	https://pensioenfondsdetailhandel.nl/content/Publicaties/Beleggingen-Pensioenfonds-Detailhandel.pdf
Pensioenfonds Detailhandel	Reckitt Benckiser Group PLC	Equity	2026	5.929.580	EUR	https://pensioenfondsdetailhandel.nl/content/Publicaties/Beleggingen-Pensioenfonds-Detailhandel.pdf
Pensioenfonds Detailhandel	Recordati Industria Chimica e Farmaceuti	Equity	2026	492.411	EUR	https://pensioenfondsdetailhandel.nl/content/Publicaties/Beleggingen-Pensioenfonds-Detailhandel.pdf
Pensioenfonds Detailhandel	Recruit Holdings Co Ltd	Equity	2026	7.554.980	EUR	https://pensioenfondsdetailhandel.nl/content/Publicaties/Beleggingen-Pensioenfonds-Detailhandel.pdf
Pensioenfonds Detailhandel	Redeia Corp SA	Equity	2026	1.496.928	EUR	https://pensioenfondsdetailhandel.nl/content/Publicaties/Beleggingen-Pensioenfonds-Detailhandel.pdf
Pensioenfonds Detailhandel	Regency Centers Corp	Equity	2026	21.493	EUR	https://pensioenfondsdetailhandel.nl/content/Publicaties/Beleggingen-Pensioenfonds-Detailhandel.pdf
Pensioenfonds Detailhandel	Regeneron Pharmaceuticals Inc	Equity	2026	18.408.036	EUR	https://pensioenfondsdetailhandel.nl/content/Publicaties/Beleggingen-Pensioenfonds-Detailhandel.pdf
Pensioenfonds Detailhandel	Regions Financial Corp	Equity	2026	1.517.590	EUR	https://pensioenfondsdetailhandel.nl/content/Publicaties/Beleggingen-Pensioenfonds-Detailhandel.pdf
Pensioenfonds Detailhandel	RELX PLC	Equity	2026	2.283.871	EUR	https://pensioenfondsdetailhandel.nl/content/Publicaties/Beleggingen-Pensioenfonds-Detailhandel.pdf
Pensioenfonds Detailhandel	Renault SA	Equity	2026	967.237	EUR	https://pensioenfondsdetailhandel.nl/content/Publicaties/Beleggingen-Pensioenfonds-Detailhandel.pdf
Pensioenfonds Detailhandel	Renesas Electronics Corp	Equity	2026	3.164.393	EUR	https://pensioenfondsdetailhandel.nl/content/Publicaties/Beleggingen-Pensioenfonds-Detailhandel.pdf
Pensioenfonds Detailhandel	Rentokil Initial PLC	Equity	2026	616.250	EUR	https://pensioenfondsdetailhandel.nl/content/Publicaties/Beleggingen-Pensioenfonds-Detailhandel.pdf
Pensioenfonds Detailhandel	Repsol SA	Equity	2026	5.202.678	EUR	https://pensioenfondsdetailhandel.nl/content/Publicaties/Beleggingen-Pensioenfonds-Detailhandel.pdf
Pensioenfonds Detailhandel	Republic Services Inc	Equity	2026	4.065.043	EUR	https://pensioenfondsdetailhandel.nl/content/Publicaties/Beleggingen-Pensioenfonds-Detailhandel.pdf
Pensioenfonds Detailhandel	ResMed Inc	Equity	2026	930.495	EUR	https://pensioenfondsdetailhandel.nl/content/Publicaties/Beleggingen-Pensioenfonds-Detailhandel.pdf
Pensioenfonds Detailhandel	Resona Holdings Inc	Equity	2026	2.072.420	EUR	https://pensioenfondsdetailhandel.nl/content/Publicaties/Beleggingen-Pensioenfonds-Detailhandel.pdf
Pensioenfonds Detailhandel	Resonac Holdings Corp	Equity	2026	1.973.196	EUR	https://pensioenfondsdetailhandel.nl/content/Publicaties/Beleggingen-Pensioenfonds-Detailhandel.pdf
Pensioenfonds Detailhandel	Rexel SA	Equity	2026	1.163.402	EUR	https://pensioenfondsdetailhandel.nl/content/Publicaties/Beleggingen-Pensioenfonds-Detailhandel.pdf
Pensioenfonds Detailhandel	Rheinmetall AG	Equity	2026	2.712.771	EUR	https://pensioenfondsdetailhandel.nl/content/Publicaties/Beleggingen-Pensioenfonds-Detailhandel.pdf
Pensioenfonds Detailhandel	Ricoh Co Ltd	Equity	2026	1.045.392	EUR	https://pensioenfondsdetailhandel.nl/content/Publicaties/Beleggingen-Pensioenfonds-Detailhandel.pdf
Pensioenfonds Detailhandel	Rightmove PLC	Equity	2026	1.217.134	EUR	https://pensioenfondsdetailhandel.nl/content/Publicaties/Beleggingen-Pensioenfonds-Detailhandel.pdf
Pensioenfonds Detailhandel	Rio Tinto Ltd	Equity	2026	4.533.798	EUR	https://pensioenfondsdetailhandel.nl/content/Publicaties/Beleggingen-Pensioenfonds-Detailhandel.pdf
Pensioenfonds Detailhandel	Rio Tinto PLC	Equity	2026	9.723.877	EUR	https://pensioenfondsdetailhandel.nl/content/Publicaties/Beleggingen-Pensioenfonds-Detailhandel.pdf
Pensioenfonds Detailhandel	Rivian Automotive Inc	Equity	2026	852.568	EUR	https://pensioenfondsdetailhandel.nl/content/Publicaties/Beleggingen-Pensioenfonds-Detailhandel.pdf
Pensioenfonds Detailhandel	Roche Holding AG	Equity	2026	26.704.348	EUR	https://pensioenfondsdetailhandel.nl/content/Publicaties/Beleggingen-Pensioenfonds-Detailhandel.pdf
Pensioenfonds Detailhandel	Rockwell Automation Inc	Equity	2026	4.303.632	EUR	https://pensioenfondsdetailhandel.nl/content/Publicaties/Beleggingen-Pensioenfonds-Detailhandel.pdf
Pensioenfonds Detailhandel	Rolls-Royce Holdings PLC	Equity	2026	5.257.144	EUR	https://pensioenfondsdetailhandel.nl/content/Publicaties/Beleggingen-Pensioenfonds-Detailhandel.pdf
Pensioenfonds Detailhandel	Ross Stores Inc	Equity	2026	5.875.820	EUR	https://pensioenfondsdetailhandel.nl/content/Publicaties/Beleggingen-Pensioenfonds-Detailhandel.pdf
Pensioenfonds Detailhandel	Royal Bank of Canada	Equity	2026	77.162.672	EUR	https://pensioenfondsdetailhandel.nl/content/Publicaties/Beleggingen-Pensioenfonds-Detailhandel.pdf
Pensioenfonds Detailhandel	Royal Caribbean Cruises Ltd	Equity	2026	3.704.035	EUR	https://pensioenfondsdetailhandel.nl/content/Publicaties/Beleggingen-Pensioenfonds-Detailhandel.pdf
Pensioenfonds Detailhandel	Royalty Pharma PLC	Equity	2026	925.219	EUR	https://pensioenfondsdetailhandel.nl/content/Publicaties/Beleggingen-Pensioenfonds-Detailhandel.pdf
Pensioenfonds Detailhandel	Ryohin Keikaku Co Ltd	Equity	2026	846.165	EUR	https://pensioenfondsdetailhandel.nl/content/Publicaties/Beleggingen-Pensioenfonds-Detailhandel.pdf
Pensioenfonds Detailhandel	S&P Global Inc	Equity	2026	17.217.741	EUR	https://pensioenfondsdetailhandel.nl/content/Publicaties/Beleggingen-Pensioenfonds-Detailhandel.pdf
Pensioenfonds Detailhandel	Saab AB	Equity	2026	3.534.478	EUR	https://pensioenfondsdetailhandel.nl/content/Publicaties/Beleggingen-Pensioenfonds-Detailhandel.pdf
Pensioenfonds Detailhandel	Sage Group PLC/The	Equity	2026	924.492	EUR	https://pensioenfondsdetailhandel.nl/content/Publicaties/Beleggingen-Pensioenfonds-Detailhandel.pdf
Pensioenfonds Detailhandel	Salesforce Inc	Equity	2026	29.284.441	EUR	https://pensioenfondsdetailhandel.nl/content/Publicaties/Beleggingen-Pensioenfonds-Detailhandel.pdf
Pensioenfonds Detailhandel	Sampo Oyj	Equity	2026	2.467.756	EUR	https://pensioenfondsdetailhandel.nl/content/Publicaties/Beleggingen-Pensioenfonds-Detailhandel.pdf
Pensioenfonds Detailhandel	Samsung Biologics Co Ltd	Equity	2026	2.127.184	EUR	https://pensioenfondsdetailhandel.nl/content/Publicaties/Beleggingen-Pensioenfonds-Detailhandel.pdf
Pensioenfonds Detailhandel	Samsung C&T Corp	Equity	2026	1.197.969	EUR	https://pensioenfondsdetailhandel.nl/content/Publicaties/Beleggingen-Pensioenfonds-Detailhandel.pdf
Pensioenfonds Detailhandel	Samsung Electro-Mechanics Co Ltd	Equity	2026	2.013.071	EUR	https://pensioenfondsdetailhandel.nl/content/Publicaties/Beleggingen-Pensioenfonds-Detailhandel.pdf
Pensioenfonds Detailhandel	Samsung Electronics Co Ltd	Equity	2026	51.229.098	EUR	https://pensioenfondsdetailhandel.nl/content/Publicaties/Beleggingen-Pensioenfonds-Detailhandel.pdf
Pensioenfonds Detailhandel	Samsung Episholdings Co Ltd	Equity	2026	451.517	EUR	https://pensioenfondsdetailhandel.nl/content/Publicaties/Beleggingen-Pensioenfonds-Detailhandel.pdf
Pensioenfonds Detailhandel	Samsung Fire & Marine Insurance Co Ltd	Equity	2026	1.616.241	EUR	https://pensioenfondsdetailhandel.nl/content/Publicaties/Beleggingen-Pensioenfonds-Detailhandel.pdf
Pensioenfonds Detailhandel	Samsung Heavy Industries Co Ltd	Equity	2026	2.365.881	EUR	https://pensioenfondsdetailhandel.nl/content/Publicaties/Beleggingen-Pensioenfonds-Detailhandel.pdf
Pensioenfonds Detailhandel	Samsung SDI Co Ltd	Equity	2026	2.390.756	EUR	https://pensioenfondsdetailhandel.nl/content/Publicaties/Beleggingen-Pensioenfonds-Detailhandel.pdf
Pensioenfonds Detailhandel	Samsung Securities Co Ltd	Equity	2026	533.900	EUR	https://pensioenfondsdetailhandel.nl/content/Publicaties/Beleggingen-Pensioenfonds-Detailhandel.pdf
Pensioenfonds Detailhandel	Sandoz Group AG	Equity	2026	661.778	EUR	https://pensioenfondsdetailhandel.nl/content/Publicaties/Beleggingen-Pensioenfonds-Detailhandel.pdf
Pensioenfonds Detailhandel	Sands China Ltd	Equity	2026	1.572.062	EUR	https://pensioenfondsdetailhandel.nl/content/Publicaties/Beleggingen-Pensioenfonds-Detailhandel.pdf
Pensioenfonds Detailhandel	Sandvik AB	Equity	2026	2.149.321	EUR	https://pensioenfondsdetailhandel.nl/content/Publicaties/Beleggingen-Pensioenfonds-Detailhandel.pdf
Pensioenfonds Detailhandel	Sanofi SA	Equity	2026	19.161.095	EUR	https://pensioenfondsdetailhandel.nl/content/Publicaties/Beleggingen-Pensioenfonds-Detailhandel.pdf
Pensioenfonds Detailhandel	Sanwa Holdings Corp	Equity	2026	865.864	EUR	https://pensioenfondsdetailhandel.nl/content/Publicaties/Beleggingen-Pensioenfonds-Detailhandel.pdf
Pensioenfonds Detailhandel	SAP SE	Equity	2026	16.555.336	EUR	https://pensioenfondsdetailhandel.nl/content/Publicaties/Beleggingen-Pensioenfonds-Detailhandel.pdf
Pensioenfonds Detailhandel	SBA Communications Corp	Equity	2026	956.598	EUR	https://pensioenfondsdetailhandel.nl/content/Publicaties/Beleggingen-Pensioenfonds-Detailhandel.pdf
Pensioenfonds Detailhandel	Scentre Group	Equity	2026	650.945	EUR	https://pensioenfondsdetailhandel.nl/content/Publicaties/Beleggingen-Pensioenfonds-Detailhandel.pdf
Pensioenfonds Detailhandel	Schindler Holding AG	Equity	2026	447.477	EUR	https://pensioenfondsdetailhandel.nl/content/Publicaties/Beleggingen-Pensioenfonds-Detailhandel.pdf
Pensioenfonds Detailhandel	Schneider Electric SE	Equity	2026	39.866.149	EUR	https://pensioenfondsdetailhandel.nl/content/Publicaties/Beleggingen-Pensioenfonds-Detailhandel.pdf
Pensioenfonds Detailhandel	Scout24 SE	Equity	2026	305.514	EUR	https://pensioenfondsdetailhandel.nl/content/Publicaties/Beleggingen-Pensioenfonds-Detailhandel.pdf
Pensioenfonds Detailhandel	SCREEN Holdings Co Ltd	Equity	2026	619.918	EUR	https://pensioenfondsdetailhandel.nl/content/Publicaties/Beleggingen-Pensioenfonds-Detailhandel.pdf
Pensioenfonds Detailhandel	Seagate Technology Holdings PLC	Equity	2026	9.440.166	EUR	https://pensioenfondsdetailhandel.nl/content/Publicaties/Beleggingen-Pensioenfonds-Detailhandel.pdf
Pensioenfonds Detailhandel	Secom Co Ltd	Equity	2026	2.662.781	EUR	https://pensioenfondsdetailhandel.nl/content/Publicaties/Beleggingen-Pensioenfonds-Detailhandel.pdf
Pensioenfonds Detailhandel	Securitas AB	Equity	2026	582.440	EUR	https://pensioenfondsdetailhandel.nl/content/Publicaties/Beleggingen-Pensioenfonds-Detailhandel.pdf
Pensioenfonds Detailhandel	SEEK Ltd	Equity	2026	330.216	EUR	https://pensioenfondsdetailhandel.nl/content/Publicaties/Beleggingen-Pensioenfonds-Detailhandel.pdf
Pensioenfonds Detailhandel	Segro PLC	Equity	2026	1.628.490	EUR	https://pensioenfondsdetailhandel.nl/content/Publicaties/Beleggingen-Pensioenfonds-Detailhandel.pdf
Pensioenfonds Detailhandel	Seiko Epson Corp	Equity	2026	465.010	EUR	https://pensioenfondsdetailhandel.nl/content/Publicaties/Beleggingen-Pensioenfonds-Detailhandel.pdf
Pensioenfonds Detailhandel	Sekisui Chemical Co Ltd	Equity	2026	870.600	EUR	https://pensioenfondsdetailhandel.nl/content/Publicaties/Beleggingen-Pensioenfonds-Detailhandel.pdf
Pensioenfonds Detailhandel	Sekisui House Ltd	Equity	2026	2.286.551	EUR	https://pensioenfondsdetailhandel.nl/content/Publicaties/Beleggingen-Pensioenfonds-Detailhandel.pdf
Pensioenfonds Detailhandel	Sekisui House Reit Inc	Equity	2026	585.591	EUR	https://pensioenfondsdetailhandel.nl/content/Publicaties/Beleggingen-Pensioenfonds-Detailhandel.pdf
Pensioenfonds Detailhandel	Sempra	Equity	2026	26.327.669	EUR	https://pensioenfondsdetailhandel.nl/content/Publicaties/Beleggingen-Pensioenfonds-Detailhandel.pdf
Pensioenfonds Detailhandel	ServiceNow Inc	Equity	2026	14.941.248	EUR	https://pensioenfondsdetailhandel.nl/content/Publicaties/Beleggingen-Pensioenfonds-Detailhandel.pdf
Pensioenfonds Detailhandel	Seven & i Holdings Co Ltd	Equity	2026	5.630.253	EUR	https://pensioenfondsdetailhandel.nl/content/Publicaties/Beleggingen-Pensioenfonds-Detailhandel.pdf
Pensioenfonds Detailhandel	Severn Trent PLC	Equity	2026	2.010.585	EUR	https://pensioenfondsdetailhandel.nl/content/Publicaties/Beleggingen-Pensioenfonds-Detailhandel.pdf
Pensioenfonds Detailhandel	SG Holdings Co Ltd	Equity	2026	986.400	EUR	https://pensioenfondsdetailhandel.nl/content/Publicaties/Beleggingen-Pensioenfonds-Detailhandel.pdf
Pensioenfonds Detailhandel	SGS SA	Equity	2026	1.839.326	EUR	https://pensioenfondsdetailhandel.nl/content/Publicaties/Beleggingen-Pensioenfonds-Detailhandel.pdf
Pensioenfonds Detailhandel	Shell PLC	Equity	2026	20.410.412	EUR	https://pensioenfondsdetailhandel.nl/content/Publicaties/Beleggingen-Pensioenfonds-Detailhandel.pdf
Pensioenfonds Detailhandel	Sherwin-Williams Co/The	Equity	2026	1.533.198	EUR	https://pensioenfondsdetailhandel.nl/content/Publicaties/Beleggingen-Pensioenfonds-Detailhandel.pdf
Pensioenfonds Detailhandel	Shimadzu Corp	Equity	2026	862.556	EUR	https://pensioenfondsdetailhandel.nl/content/Publicaties/Beleggingen-Pensioenfonds-Detailhandel.pdf
Pensioenfonds Detailhandel	Shimizu Corp	Equity	2026	975.345	EUR	https://pensioenfondsdetailhandel.nl/content/Publicaties/Beleggingen-Pensioenfonds-Detailhandel.pdf
Pensioenfonds Detailhandel	Shin-Etsu Chemical Co Ltd	Equity	2026	13.098.957	EUR	https://pensioenfondsdetailhandel.nl/content/Publicaties/Beleggingen-Pensioenfonds-Detailhandel.pdf
Pensioenfonds Detailhandel	Shinhan Financial Group Co Ltd	Equity	2026	1.777.076	EUR	https://pensioenfondsdetailhandel.nl/content/Publicaties/Beleggingen-Pensioenfonds-Detailhandel.pdf
Pensioenfonds Detailhandel	Shionogi & Co Ltd	Equity	2026	609.447	EUR	https://pensioenfondsdetailhandel.nl/content/Publicaties/Beleggingen-Pensioenfonds-Detailhandel.pdf
Pensioenfonds Detailhandel	Shiseido Co Ltd	Equity	2026	1.345.239	EUR	https://pensioenfondsdetailhandel.nl/content/Publicaties/Beleggingen-Pensioenfonds-Detailhandel.pdf
Pensioenfonds Detailhandel	Shizuoka Financial Group Inc	Equity	2026	596.535	EUR	https://pensioenfondsdetailhandel.nl/content/Publicaties/Beleggingen-Pensioenfonds-Detailhandel.pdf
Pensioenfonds Detailhandel	Siemens AG	Equity	2026	39.961.956	EUR	https://pensioenfondsdetailhandel.nl/content/Publicaties/Beleggingen-Pensioenfonds-Detailhandel.pdf
Pensioenfonds Detailhandel	Siemens Energy AG	Equity	2026	19.049.836	EUR	https://pensioenfondsdetailhandel.nl/content/Publicaties/Beleggingen-Pensioenfonds-Detailhandel.pdf
Pensioenfonds Detailhandel	Siemens Healthineers AG	Equity	2026	1.306.364	EUR	https://pensioenfondsdetailhandel.nl/content/Publicaties/Beleggingen-Pensioenfonds-Detailhandel.pdf
Pensioenfonds Detailhandel	SIG Group AG	Equity	2026	368.689	EUR	https://pensioenfondsdetailhandel.nl/content/Publicaties/Beleggingen-Pensioenfonds-Detailhandel.pdf
Pensioenfonds Detailhandel	Sika AG	Equity	2026	6.390.682	EUR	https://pensioenfondsdetailhandel.nl/content/Publicaties/Beleggingen-Pensioenfonds-Detailhandel.pdf
Pensioenfonds Detailhandel	Simon Property Group Inc	Equity	2026	1.864.976	EUR	https://pensioenfondsdetailhandel.nl/content/Publicaties/Beleggingen-Pensioenfonds-Detailhandel.pdf
Pensioenfonds Detailhandel	Sims Ltd	Equity	2026	978.170	EUR	https://pensioenfondsdetailhandel.nl/content/Publicaties/Beleggingen-Pensioenfonds-Detailhandel.pdf
Pensioenfonds Detailhandel	Singapore Exchange Ltd	Equity	2026	1.000.614	EUR	https://pensioenfondsdetailhandel.nl/content/Publicaties/Beleggingen-Pensioenfonds-Detailhandel.pdf
Pensioenfonds Detailhandel	Singapore Telecommunications Ltd	Equity	2026	2.323.594	EUR	https://pensioenfondsdetailhandel.nl/content/Publicaties/Beleggingen-Pensioenfonds-Detailhandel.pdf
Pensioenfonds Detailhandel	Sino Land Co Ltd	Equity	2026	530.879	EUR	https://pensioenfondsdetailhandel.nl/content/Publicaties/Beleggingen-Pensioenfonds-Detailhandel.pdf
Pensioenfonds Detailhandel	SK hynix Inc	Equity	2026	14.674.035	EUR	https://pensioenfondsdetailhandel.nl/content/Publicaties/Beleggingen-Pensioenfonds-Detailhandel.pdf
Pensioenfonds Detailhandel	SK Inc	Equity	2026	1.361.801	EUR	https://pensioenfondsdetailhandel.nl/content/Publicaties/Beleggingen-Pensioenfonds-Detailhandel.pdf
Pensioenfonds Detailhandel	SK Innovation Co Ltd	Equity	2026	425.803	EUR	https://pensioenfondsdetailhandel.nl/content/Publicaties/Beleggingen-Pensioenfonds-Detailhandel.pdf
Pensioenfonds Detailhandel	Skandinaviska Enskilda Banken AB	Equity	2026	3.871.236	EUR	https://pensioenfondsdetailhandel.nl/content/Publicaties/Beleggingen-Pensioenfonds-Detailhandel.pdf
Pensioenfonds Detailhandel	SKF AB	Equity	2026	666.933	EUR	https://pensioenfondsdetailhandel.nl/content/Publicaties/Beleggingen-Pensioenfonds-Detailhandel.pdf
Pensioenfonds Detailhandel	Skylark Holdings Co Ltd	Equity	2026	850.769	EUR	https://pensioenfondsdetailhandel.nl/content/Publicaties/Beleggingen-Pensioenfonds-Detailhandel.pdf
Pensioenfonds Detailhandel	SLB Ltd	Equity	2026	5.598.774	EUR	https://pensioenfondsdetailhandel.nl/content/Publicaties/Beleggingen-Pensioenfonds-Detailhandel.pdf
Pensioenfonds Detailhandel	Smith & Nephew PLC	Equity	2026	684.708	EUR	https://pensioenfondsdetailhandel.nl/content/Publicaties/Beleggingen-Pensioenfonds-Detailhandel.pdf
Pensioenfonds Detailhandel	Smurfit Westrock PLC	Equity	2026	3.132.731	EUR	https://pensioenfondsdetailhandel.nl/content/Publicaties/Beleggingen-Pensioenfonds-Detailhandel.pdf
Pensioenfonds Detailhandel	Snam SpA	Equity	2026	773.306	EUR	https://pensioenfondsdetailhandel.nl/content/Publicaties/Beleggingen-Pensioenfonds-Detailhandel.pdf
Pensioenfonds Detailhandel	Societe Generale SA	Equity	2026	7.563.191	EUR	https://pensioenfondsdetailhandel.nl/content/Publicaties/Beleggingen-Pensioenfonds-Detailhandel.pdf
Pensioenfonds Detailhandel	Sodexo SA	Equity	2026	541.328	EUR	https://pensioenfondsdetailhandel.nl/content/Publicaties/Beleggingen-Pensioenfonds-Detailhandel.pdf
Pensioenfonds Detailhandel	SoftBank Corp	Equity	2026	4.563.502	EUR	https://pensioenfondsdetailhandel.nl/content/Publicaties/Beleggingen-Pensioenfonds-Detailhandel.pdf
Pensioenfonds Detailhandel	SoftBank Group Corp	Equity	2026	9.933.469	EUR	https://pensioenfondsdetailhandel.nl/content/Publicaties/Beleggingen-Pensioenfonds-Detailhandel.pdf
Pensioenfonds Detailhandel	Sojitz Corp	Equity	2026	978.687	EUR	https://pensioenfondsdetailhandel.nl/content/Publicaties/Beleggingen-Pensioenfonds-Detailhandel.pdf
Pensioenfonds Detailhandel	Sompo Holdings Inc	Equity	2026	743.842	EUR	https://pensioenfondsdetailhandel.nl/content/Publicaties/Beleggingen-Pensioenfonds-Detailhandel.pdf
Pensioenfonds Detailhandel	Sonic Healthcare Ltd	Equity	2026	1.216.177	EUR	https://pensioenfondsdetailhandel.nl/content/Publicaties/Beleggingen-Pensioenfonds-Detailhandel.pdf
Pensioenfonds Detailhandel	Sonova Holding AG	Equity	2026	700.262	EUR	https://pensioenfondsdetailhandel.nl/content/Publicaties/Beleggingen-Pensioenfonds-Detailhandel.pdf
Pensioenfonds Detailhandel	Sony Financial Group Inc	Equity	2026	932.774	EUR	https://pensioenfondsdetailhandel.nl/content/Publicaties/Beleggingen-Pensioenfonds-Detailhandel.pdf
Pensioenfonds Detailhandel	Sony Group Corp	Equity	2026	19.198.577	EUR	https://pensioenfondsdetailhandel.nl/content/Publicaties/Beleggingen-Pensioenfonds-Detailhandel.pdf
Pensioenfonds Detailhandel	Southern Copper Corp	Equity	2026	2.111.700	EUR	https://pensioenfondsdetailhandel.nl/content/Publicaties/Beleggingen-Pensioenfonds-Detailhandel.pdf
Pensioenfonds Detailhandel	SPIE SA	Equity	2026	665.691	EUR	https://pensioenfondsdetailhandel.nl/content/Publicaties/Beleggingen-Pensioenfonds-Detailhandel.pdf
Pensioenfonds Detailhandel	Spotify Technology SA	Equity	2026	6.981.996	EUR	https://pensioenfondsdetailhandel.nl/content/Publicaties/Beleggingen-Pensioenfonds-Detailhandel.pdf
Pensioenfonds Detailhandel	SSE PLC	Equity	2026	7.470.187	EUR	https://pensioenfondsdetailhandel.nl/content/Publicaties/Beleggingen-Pensioenfonds-Detailhandel.pdf
Pensioenfonds Detailhandel	St James's Place PLC	Equity	2026	867.048	EUR	https://pensioenfondsdetailhandel.nl/content/Publicaties/Beleggingen-Pensioenfonds-Detailhandel.pdf
Pensioenfonds Detailhandel	Standard Chartered PLC	Equity	2026	2.408.192	EUR	https://pensioenfondsdetailhandel.nl/content/Publicaties/Beleggingen-Pensioenfonds-Detailhandel.pdf
Pensioenfonds Detailhandel	Standard Life PLC	Equity	2026	1.106.906	EUR	https://pensioenfondsdetailhandel.nl/content/Publicaties/Beleggingen-Pensioenfonds-Detailhandel.pdf
Pensioenfonds Detailhandel	Stantec Inc	Equity	2026	1.668.249	EUR	https://pensioenfondsdetailhandel.nl/content/Publicaties/Beleggingen-Pensioenfonds-Detailhandel.pdf
Pensioenfonds Detailhandel	Starbucks Corp	Equity	2026	30.105.488	EUR	https://pensioenfondsdetailhandel.nl/content/Publicaties/Beleggingen-Pensioenfonds-Detailhandel.pdf
Pensioenfonds Detailhandel	State Street Corp	Equity	2026	6.618.641	EUR	https://pensioenfondsdetailhandel.nl/content/Publicaties/Beleggingen-Pensioenfonds-Detailhandel.pdf
Pensioenfonds Detailhandel	Steel Dynamics Inc	Equity	2026	482.270	EUR	https://pensioenfondsdetailhandel.nl/content/Publicaties/Beleggingen-Pensioenfonds-Detailhandel.pdf
Pensioenfonds Detailhandel	Stellantis NV	Equity	2026	2.341.052	EUR	https://pensioenfondsdetailhandel.nl/content/Publicaties/Beleggingen-Pensioenfonds-Detailhandel.pdf
Pensioenfonds Detailhandel	STMicroelectronics NV	Equity	2026	2.856.553	EUR	https://pensioenfondsdetailhandel.nl/content/Publicaties/Beleggingen-Pensioenfonds-Detailhandel.pdf
Pensioenfonds Detailhandel	Stockland	Equity	2026	530.674	EUR	https://pensioenfondsdetailhandel.nl/content/Publicaties/Beleggingen-Pensioenfonds-Detailhandel.pdf
Pensioenfonds Detailhandel	Stora Enso Oyj	Equity	2026	1.398.316	EUR	https://pensioenfondsdetailhandel.nl/content/Publicaties/Beleggingen-Pensioenfonds-Detailhandel.pdf
Pensioenfonds Detailhandel	Straumann Holding AG	Equity	2026	468.875	EUR	https://pensioenfondsdetailhandel.nl/content/Publicaties/Beleggingen-Pensioenfonds-Detailhandel.pdf
Pensioenfonds Detailhandel	Stryker Corp	Equity	2026	5.679.225	EUR	https://pensioenfondsdetailhandel.nl/content/Publicaties/Beleggingen-Pensioenfonds-Detailhandel.pdf
Pensioenfonds Detailhandel	Subaru Corp	Equity	2026	977.481	EUR	https://pensioenfondsdetailhandel.nl/content/Publicaties/Beleggingen-Pensioenfonds-Detailhandel.pdf
Pensioenfonds Detailhandel	Sumitomo Chemical Co Ltd	Equity	2026	1.922.304	EUR	https://pensioenfondsdetailhandel.nl/content/Publicaties/Beleggingen-Pensioenfonds-Detailhandel.pdf
Pensioenfonds Detailhandel	Sumitomo Corp	Equity	2026	3.788.225	EUR	https://pensioenfondsdetailhandel.nl/content/Publicaties/Beleggingen-Pensioenfonds-Detailhandel.pdf
Pensioenfonds Detailhandel	Sumitomo Electric Industries Ltd	Equity	2026	3.705.435	EUR	https://pensioenfondsdetailhandel.nl/content/Publicaties/Beleggingen-Pensioenfonds-Detailhandel.pdf
Pensioenfonds Detailhandel	Sumitomo Forestry Co Ltd	Equity	2026	418.205	EUR	https://pensioenfondsdetailhandel.nl/content/Publicaties/Beleggingen-Pensioenfonds-Detailhandel.pdf
Pensioenfonds Detailhandel	Sumitomo Mitsui Financial Group Inc	Equity	2026	13.826.052	EUR	https://pensioenfondsdetailhandel.nl/content/Publicaties/Beleggingen-Pensioenfonds-Detailhandel.pdf
Pensioenfonds Detailhandel	Sumitomo Mitsui Trust Group Inc	Equity	2026	1.958.090	EUR	https://pensioenfondsdetailhandel.nl/content/Publicaties/Beleggingen-Pensioenfonds-Detailhandel.pdf
Pensioenfonds Detailhandel	Sumitomo Realty & Development Co Ltd	Equity	2026	3.857.661	EUR	https://pensioenfondsdetailhandel.nl/content/Publicaties/Beleggingen-Pensioenfonds-Detailhandel.pdf
Pensioenfonds Detailhandel	Sun Communities Inc	Equity	2026	458.379	EUR	https://pensioenfondsdetailhandel.nl/content/Publicaties/Beleggingen-Pensioenfonds-Detailhandel.pdf
Pensioenfonds Detailhandel	Sun Hung Kai Properties Ltd	Equity	2026	5.477.801	EUR	https://pensioenfondsdetailhandel.nl/content/Publicaties/Beleggingen-Pensioenfonds-Detailhandel.pdf
Pensioenfonds Detailhandel	Sun Life Financial Inc	Equity	2026	8.340.846	EUR	https://pensioenfondsdetailhandel.nl/content/Publicaties/Beleggingen-Pensioenfonds-Detailhandel.pdf
Pensioenfonds Detailhandel	Suzuki Motor Corp	Equity	2026	1.156.466	EUR	https://pensioenfondsdetailhandel.nl/content/Publicaties/Beleggingen-Pensioenfonds-Detailhandel.pdf
Pensioenfonds Detailhandel	Svenska Cellulosa AB SCA	Equity	2026	1.074.225	EUR	https://pensioenfondsdetailhandel.nl/content/Publicaties/Beleggingen-Pensioenfonds-Detailhandel.pdf
Pensioenfonds Detailhandel	Svenska Handelsbanken AB	Equity	2026	1.980.384	EUR	https://pensioenfondsdetailhandel.nl/content/Publicaties/Beleggingen-Pensioenfonds-Detailhandel.pdf
Pensioenfonds Detailhandel	Swedbank AB	Equity	2026	1.755.583	EUR	https://pensioenfondsdetailhandel.nl/content/Publicaties/Beleggingen-Pensioenfonds-Detailhandel.pdf
Pensioenfonds Detailhandel	Swire Properties Ltd	Equity	2026	489.902	EUR	https://pensioenfondsdetailhandel.nl/content/Publicaties/Beleggingen-Pensioenfonds-Detailhandel.pdf
Pensioenfonds Detailhandel	Swiss Life Holding AG	Equity	2026	3.437.342	EUR	https://pensioenfondsdetailhandel.nl/content/Publicaties/Beleggingen-Pensioenfonds-Detailhandel.pdf
Pensioenfonds Detailhandel	Swiss Prime Site AG	Equity	2026	1.441.642	EUR	https://pensioenfondsdetailhandel.nl/content/Publicaties/Beleggingen-Pensioenfonds-Detailhandel.pdf
Pensioenfonds Detailhandel	Swiss Re AG	Equity	2026	6.106.028	EUR	https://pensioenfondsdetailhandel.nl/content/Publicaties/Beleggingen-Pensioenfonds-Detailhandel.pdf
Pensioenfonds Detailhandel	Swisscom AG	Equity	2026	2.274.362	EUR	https://pensioenfondsdetailhandel.nl/content/Publicaties/Beleggingen-Pensioenfonds-Detailhandel.pdf
Pensioenfonds Detailhandel	Symrise AG	Equity	2026	2.707.463	EUR	https://pensioenfondsdetailhandel.nl/content/Publicaties/Beleggingen-Pensioenfonds-Detailhandel.pdf
Pensioenfonds Detailhandel	Synopsys Inc	Equity	2026	3.218.088	EUR	https://pensioenfondsdetailhandel.nl/content/Publicaties/Beleggingen-Pensioenfonds-Detailhandel.pdf
Pensioenfonds Detailhandel	Sysco Corp	Equity	2026	588.370	EUR	https://pensioenfondsdetailhandel.nl/content/Publicaties/Beleggingen-Pensioenfonds-Detailhandel.pdf
Pensioenfonds Detailhandel	T Rowe Price Group Inc	Equity	2026	6.152.473	EUR	https://pensioenfondsdetailhandel.nl/content/Publicaties/Beleggingen-Pensioenfonds-Detailhandel.pdf
Pensioenfonds Detailhandel	T-Mobile US Inc	Equity	2026	10.139.114	EUR	https://pensioenfondsdetailhandel.nl/content/Publicaties/Beleggingen-Pensioenfonds-Detailhandel.pdf
Pensioenfonds Detailhandel	T&D Holdings Inc	Equity	2026	1.494.976	EUR	https://pensioenfondsdetailhandel.nl/content/Publicaties/Beleggingen-Pensioenfonds-Detailhandel.pdf
Pensioenfonds Detailhandel	Taisei Corp	Equity	2026	3.092.008	EUR	https://pensioenfondsdetailhandel.nl/content/Publicaties/Beleggingen-Pensioenfonds-Detailhandel.pdf
Pensioenfonds Detailhandel	Takeda Pharmaceutical Co Ltd	Equity	2026	8.276.889	EUR	https://pensioenfondsdetailhandel.nl/content/Publicaties/Beleggingen-Pensioenfonds-Detailhandel.pdf
Pensioenfonds Detailhandel	Talanx AG	Equity	2026	516.701	EUR	https://pensioenfondsdetailhandel.nl/content/Publicaties/Beleggingen-Pensioenfonds-Detailhandel.pdf
Pensioenfonds Detailhandel	Target Corp	Equity	2026	12.722.422	EUR	https://pensioenfondsdetailhandel.nl/content/Publicaties/Beleggingen-Pensioenfonds-Detailhandel.pdf
Pensioenfonds Detailhandel	TDK Corp	Equity	2026	3.616.158	EUR	https://pensioenfondsdetailhandel.nl/content/Publicaties/Beleggingen-Pensioenfonds-Detailhandel.pdf
Pensioenfonds Detailhandel	TE Connectivity PLC	Equity	2026	7.600.875	EUR	https://pensioenfondsdetailhandel.nl/content/Publicaties/Beleggingen-Pensioenfonds-Detailhandel.pdf
Pensioenfonds Detailhandel	Technology One Ltd	Equity	2026	488.047	EUR	https://pensioenfondsdetailhandel.nl/content/Publicaties/Beleggingen-Pensioenfonds-Detailhandel.pdf
Pensioenfonds Detailhandel	Techtronic Industries Co Ltd	Equity	2026	4.871.335	EUR	https://pensioenfondsdetailhandel.nl/content/Publicaties/Beleggingen-Pensioenfonds-Detailhandel.pdf
Pensioenfonds Detailhandel	Teck Resources Ltd	Equity	2026	2.300.721	EUR	https://pensioenfondsdetailhandel.nl/content/Publicaties/Beleggingen-Pensioenfonds-Detailhandel.pdf
Pensioenfonds Detailhandel	Tele2 AB	Equity	2026	1.483.397	EUR	https://pensioenfondsdetailhandel.nl/content/Publicaties/Beleggingen-Pensioenfonds-Detailhandel.pdf
Pensioenfonds Detailhandel	Telecom Italia SpA/Milano	Equity	2026	734.474	EUR	https://pensioenfondsdetailhandel.nl/content/Publicaties/Beleggingen-Pensioenfonds-Detailhandel.pdf
Pensioenfonds Detailhandel	Telefonaktiebolaget LM Ericsson	Equity	2026	4.011.968	EUR	https://pensioenfondsdetailhandel.nl/content/Publicaties/Beleggingen-Pensioenfonds-Detailhandel.pdf
Pensioenfonds Detailhandel	Telefonica SA	Equity	2026	2.071.759	EUR	https://pensioenfondsdetailhandel.nl/content/Publicaties/Beleggingen-Pensioenfonds-Detailhandel.pdf
Pensioenfonds Detailhandel	Telenor ASA	Equity	2026	1.109.850	EUR	https://pensioenfondsdetailhandel.nl/content/Publicaties/Beleggingen-Pensioenfonds-Detailhandel.pdf
Pensioenfonds Detailhandel	Telia Co AB	Equity	2026	927.667	EUR	https://pensioenfondsdetailhandel.nl/content/Publicaties/Beleggingen-Pensioenfonds-Detailhandel.pdf
Pensioenfonds Detailhandel	Telstra Group Ltd	Equity	2026	1.838.629	EUR	https://pensioenfondsdetailhandel.nl/content/Publicaties/Beleggingen-Pensioenfonds-Detailhandel.pdf
Pensioenfonds Detailhandel	TELUS Corp	Equity	2026	863.961	EUR	https://pensioenfondsdetailhandel.nl/content/Publicaties/Beleggingen-Pensioenfonds-Detailhandel.pdf
Pensioenfonds Detailhandel	Temenos AG	Equity	2026	631.500	EUR	https://pensioenfondsdetailhandel.nl/content/Publicaties/Beleggingen-Pensioenfonds-Detailhandel.pdf
Pensioenfonds Detailhandel	Teradyne Inc	Equity	2026	3.240.167	EUR	https://pensioenfondsdetailhandel.nl/content/Publicaties/Beleggingen-Pensioenfonds-Detailhandel.pdf
Pensioenfonds Detailhandel	Terna - Rete Elettrica Nazionale	Equity	2026	2.547.457	EUR	https://pensioenfondsdetailhandel.nl/content/Publicaties/Beleggingen-Pensioenfonds-Detailhandel.pdf
Pensioenfonds Detailhandel	Terumo Corp	Equity	2026	700.704	EUR	https://pensioenfondsdetailhandel.nl/content/Publicaties/Beleggingen-Pensioenfonds-Detailhandel.pdf
Pensioenfonds Detailhandel	Tesco PLC	Equity	2026	2.222.506	EUR	https://pensioenfondsdetailhandel.nl/content/Publicaties/Beleggingen-Pensioenfonds-Detailhandel.pdf
Pensioenfonds Detailhandel	Tesla Inc	Equity	2026	44.393.180	EUR	https://pensioenfondsdetailhandel.nl/content/Publicaties/Beleggingen-Pensioenfonds-Detailhandel.pdf
Pensioenfonds Detailhandel	Teva Pharmaceutical Industries Ltd	Equity	2026	887.211	EUR	https://pensioenfondsdetailhandel.nl/content/Publicaties/Beleggingen-Pensioenfonds-Detailhandel.pdf
Pensioenfonds Detailhandel	Texas Instruments Inc	Equity	2026	21.751.025	EUR	https://pensioenfondsdetailhandel.nl/content/Publicaties/Beleggingen-Pensioenfonds-Detailhandel.pdf
Pensioenfonds Detailhandel	TFI International Inc	Equity	2026	1.027.958	EUR	https://pensioenfondsdetailhandel.nl/content/Publicaties/Beleggingen-Pensioenfonds-Detailhandel.pdf
Pensioenfonds Detailhandel	Thermo Fisher Scientific Inc	Equity	2026	7.864.655	EUR	https://pensioenfondsdetailhandel.nl/content/Publicaties/Beleggingen-Pensioenfonds-Detailhandel.pdf
Pensioenfonds Detailhandel	Thomson Reuters Corp	Equity	2026	1.906.491	EUR	https://pensioenfondsdetailhandel.nl/content/Publicaties/Beleggingen-Pensioenfonds-Detailhandel.pdf
Pensioenfonds Detailhandel	TIS Inc	Equity	2026	461.721	EUR	https://pensioenfondsdetailhandel.nl/content/Publicaties/Beleggingen-Pensioenfonds-Detailhandel.pdf
Pensioenfonds Detailhandel	TJX Cos Inc/The	Equity	2026	50.497.463	EUR	https://pensioenfondsdetailhandel.nl/content/Publicaties/Beleggingen-Pensioenfonds-Detailhandel.pdf
Pensioenfonds Detailhandel	TMX Group Ltd	Equity	2026	748.531	EUR	https://pensioenfondsdetailhandel.nl/content/Publicaties/Beleggingen-Pensioenfonds-Detailhandel.pdf
Pensioenfonds Detailhandel	Toho Gas Co Ltd	Equity	2026	582.100	EUR	https://pensioenfondsdetailhandel.nl/content/Publicaties/Beleggingen-Pensioenfonds-Detailhandel.pdf
Pensioenfonds Detailhandel	Tokio Marine Holdings Inc	Equity	2026	7.611.533	EUR	https://pensioenfondsdetailhandel.nl/content/Publicaties/Beleggingen-Pensioenfonds-Detailhandel.pdf
Pensioenfonds Detailhandel	Tokyo Electric Power Co Holdings Inc	Equity	2026	2.240.813	EUR	https://pensioenfondsdetailhandel.nl/content/Publicaties/Beleggingen-Pensioenfonds-Detailhandel.pdf
Pensioenfonds Detailhandel	Tokyo Electron Ltd	Equity	2026	16.723.450	EUR	https://pensioenfondsdetailhandel.nl/content/Publicaties/Beleggingen-Pensioenfonds-Detailhandel.pdf
Pensioenfonds Detailhandel	Tokyo Gas Co Ltd	Equity	2026	3.499.198	EUR	https://pensioenfondsdetailhandel.nl/content/Publicaties/Beleggingen-Pensioenfonds-Detailhandel.pdf
Pensioenfonds Detailhandel	Tokyo Tatemono Co Ltd	Equity	2026	1.050.836	EUR	https://pensioenfondsdetailhandel.nl/content/Publicaties/Beleggingen-Pensioenfonds-Detailhandel.pdf
Pensioenfonds Detailhandel	Tokyu Fudosan Holdings Corp	Equity	2026	1.392.316	EUR	https://pensioenfondsdetailhandel.nl/content/Publicaties/Beleggingen-Pensioenfonds-Detailhandel.pdf
Pensioenfonds Detailhandel	TOPPAN Holdings Inc	Equity	2026	888.364	EUR	https://pensioenfondsdetailhandel.nl/content/Publicaties/Beleggingen-Pensioenfonds-Detailhandel.pdf
Pensioenfonds Detailhandel	Toray Industries Inc	Equity	2026	1.944.095	EUR	https://pensioenfondsdetailhandel.nl/content/Publicaties/Beleggingen-Pensioenfonds-Detailhandel.pdf
Pensioenfonds Detailhandel	Toronto-Dominion Bank/The	Equity	2026	37.875.132	EUR	https://pensioenfondsdetailhandel.nl/content/Publicaties/Beleggingen-Pensioenfonds-Detailhandel.pdf
Pensioenfonds Detailhandel	TotalEnergies SE	Equity	2026	26.990.970	EUR	https://pensioenfondsdetailhandel.nl/content/Publicaties/Beleggingen-Pensioenfonds-Detailhandel.pdf
Pensioenfonds Detailhandel	TOTO Ltd	Equity	2026	886.093	EUR	https://pensioenfondsdetailhandel.nl/content/Publicaties/Beleggingen-Pensioenfonds-Detailhandel.pdf
Pensioenfonds Detailhandel	Toyota Motor Corp	Equity	2026	40.952.653	EUR	https://pensioenfondsdetailhandel.nl/content/Publicaties/Beleggingen-Pensioenfonds-Detailhandel.pdf
Pensioenfonds Detailhandel	Toyota Tsusho Corp	Equity	2026	4.736.167	EUR	https://pensioenfondsdetailhandel.nl/content/Publicaties/Beleggingen-Pensioenfonds-Detailhandel.pdf
Pensioenfonds Detailhandel	Tractor Supply Co	Equity	2026	2.844.637	EUR	https://pensioenfondsdetailhandel.nl/content/Publicaties/Beleggingen-Pensioenfonds-Detailhandel.pdf
Pensioenfonds Detailhandel	Trane Technologies PLC	Equity	2026	32.319.953	EUR	https://pensioenfondsdetailhandel.nl/content/Publicaties/Beleggingen-Pensioenfonds-Detailhandel.pdf
Pensioenfonds Detailhandel	TransUnion	Equity	2026	1.323.930	EUR	https://pensioenfondsdetailhandel.nl/content/Publicaties/Beleggingen-Pensioenfonds-Detailhandel.pdf
Pensioenfonds Detailhandel	Transurban Group	Equity	2026	6.738.300	EUR	https://pensioenfondsdetailhandel.nl/content/Publicaties/Beleggingen-Pensioenfonds-Detailhandel.pdf
Pensioenfonds Detailhandel	Travelers Cos Inc/The	Equity	2026	16.041.892	EUR	https://pensioenfondsdetailhandel.nl/content/Publicaties/Beleggingen-Pensioenfonds-Detailhandel.pdf
Pensioenfonds Detailhandel	Trelleborg AB	Equity	2026	1.041.365	EUR	https://pensioenfondsdetailhandel.nl/content/Publicaties/Beleggingen-Pensioenfonds-Detailhandel.pdf
Pensioenfonds Detailhandel	Trimble Inc	Equity	2026	1.352.042	EUR	https://pensioenfondsdetailhandel.nl/content/Publicaties/Beleggingen-Pensioenfonds-Detailhandel.pdf
Pensioenfonds Detailhandel	Truist Financial Corp	Equity	2026	1.382.731	EUR	https://pensioenfondsdetailhandel.nl/content/Publicaties/Beleggingen-Pensioenfonds-Detailhandel.pdf
Pensioenfonds Detailhandel	Tryg A/S	Equity	2026	915.921	EUR	https://pensioenfondsdetailhandel.nl/content/Publicaties/Beleggingen-Pensioenfonds-Detailhandel.pdf
Pensioenfonds Detailhandel	Uber Technologies Inc	Equity	2026	1.584.308	EUR	https://pensioenfondsdetailhandel.nl/content/Publicaties/Beleggingen-Pensioenfonds-Detailhandel.pdf
Pensioenfonds Detailhandel	UBS Group AG	Equity	2026	17.443.586	EUR	https://pensioenfondsdetailhandel.nl/content/Publicaties/Beleggingen-Pensioenfonds-Detailhandel.pdf
Pensioenfonds Detailhandel	UCB SA	Equity	2026	2.744.753	EUR	https://pensioenfondsdetailhandel.nl/content/Publicaties/Beleggingen-Pensioenfonds-Detailhandel.pdf
Pensioenfonds Detailhandel	Unibail-Rodamco-Westfield	Equity	2026	3.985.231	EUR	https://pensioenfondsdetailhandel.nl/content/Publicaties/Beleggingen-Pensioenfonds-Detailhandel.pdf
Pensioenfonds Detailhandel	Unicharm Corp	Equity	2026	1.230.998	EUR	https://pensioenfondsdetailhandel.nl/content/Publicaties/Beleggingen-Pensioenfonds-Detailhandel.pdf
Pensioenfonds Detailhandel	UniCredit SpA	Equity	2026	14.020.805	EUR	https://pensioenfondsdetailhandel.nl/content/Publicaties/Beleggingen-Pensioenfonds-Detailhandel.pdf
Pensioenfonds Detailhandel	Unilever PLC	Equity	2026	13.272.735	EUR	https://pensioenfondsdetailhandel.nl/content/Publicaties/Beleggingen-Pensioenfonds-Detailhandel.pdf
Pensioenfonds Detailhandel	Union Pacific Corp	Equity	2026	16.873.902	EUR	https://pensioenfondsdetailhandel.nl/content/Publicaties/Beleggingen-Pensioenfonds-Detailhandel.pdf
Pensioenfonds Detailhandel	Unipol Assicurazioni SpA	Equity	2026	1.385.776	EUR	https://pensioenfondsdetailhandel.nl/content/Publicaties/Beleggingen-Pensioenfonds-Detailhandel.pdf
Pensioenfonds Detailhandel	United Overseas Bank Ltd	Equity	2026	3.367.880	EUR	https://pensioenfondsdetailhandel.nl/content/Publicaties/Beleggingen-Pensioenfonds-Detailhandel.pdf
Pensioenfonds Detailhandel	United Parcel Service Inc	Equity	2026	4.440.590	EUR	https://pensioenfondsdetailhandel.nl/content/Publicaties/Beleggingen-Pensioenfonds-Detailhandel.pdf
Pensioenfonds Detailhandel	United Rentals Inc	Equity	2026	5.007.980	EUR	https://pensioenfondsdetailhandel.nl/content/Publicaties/Beleggingen-Pensioenfonds-Detailhandel.pdf
Pensioenfonds Detailhandel	United Utilities Group PLC	Equity	2026	1.597.118	EUR	https://pensioenfondsdetailhandel.nl/content/Publicaties/Beleggingen-Pensioenfonds-Detailhandel.pdf
Pensioenfonds Detailhandel	UnitedHealth Group Inc	Equity	2026	22.098.573	EUR	https://pensioenfondsdetailhandel.nl/content/Publicaties/Beleggingen-Pensioenfonds-Detailhandel.pdf
Pensioenfonds Detailhandel	Universal Music Group NV	Equity	2026	579.131	EUR	https://pensioenfondsdetailhandel.nl/content/Publicaties/Beleggingen-Pensioenfonds-Detailhandel.pdf
Pensioenfonds Detailhandel	UPM-Kymmene Oyj	Equity	2026	2.227.589	EUR	https://pensioenfondsdetailhandel.nl/content/Publicaties/Beleggingen-Pensioenfonds-Detailhandel.pdf
Pensioenfonds Detailhandel	US Bancorp	Equity	2026	1.737.976	EUR	https://pensioenfondsdetailhandel.nl/content/Publicaties/Beleggingen-Pensioenfonds-Detailhandel.pdf
Pensioenfonds Detailhandel	Valero Energy Corp	Equity	2026	3.671.675	EUR	https://pensioenfondsdetailhandel.nl/content/Publicaties/Beleggingen-Pensioenfonds-Detailhandel.pdf
Pensioenfonds Detailhandel	Valmet Oyj	Equity	2026	288.751	EUR	https://pensioenfondsdetailhandel.nl/content/Publicaties/Beleggingen-Pensioenfonds-Detailhandel.pdf
Pensioenfonds Detailhandel	Ventas Inc	Equity	2026	7.128.999	EUR	https://pensioenfondsdetailhandel.nl/content/Publicaties/Beleggingen-Pensioenfonds-Detailhandel.pdf
Pensioenfonds Detailhandel	Veolia Environnement SA	Equity	2026	4.288.062	EUR	https://pensioenfondsdetailhandel.nl/content/Publicaties/Beleggingen-Pensioenfonds-Detailhandel.pdf
Pensioenfonds Detailhandel	Veralto Corp	Equity	2026	951.824	EUR	https://pensioenfondsdetailhandel.nl/content/Publicaties/Beleggingen-Pensioenfonds-Detailhandel.pdf
Pensioenfonds Detailhandel	Verbund AG	Equity	2026	580.346	EUR	https://pensioenfondsdetailhandel.nl/content/Publicaties/Beleggingen-Pensioenfonds-Detailhandel.pdf
Pensioenfonds Detailhandel	Verisk Analytics Inc	Equity	2026	5.320.806	EUR	https://pensioenfondsdetailhandel.nl/content/Publicaties/Beleggingen-Pensioenfonds-Detailhandel.pdf
Pensioenfonds Detailhandel	Verizon Communications Inc	Equity	2026	30.900.620	EUR	https://pensioenfondsdetailhandel.nl/content/Publicaties/Beleggingen-Pensioenfonds-Detailhandel.pdf
Pensioenfonds Detailhandel	Versant Media Group Inc	Equity	2026	60.822	EUR	https://pensioenfondsdetailhandel.nl/content/Publicaties/Beleggingen-Pensioenfonds-Detailhandel.pdf
Pensioenfonds Detailhandel	Vertex Pharmaceuticals Inc	Equity	2026	15.071.208	EUR	https://pensioenfondsdetailhandel.nl/content/Publicaties/Beleggingen-Pensioenfonds-Detailhandel.pdf
Pensioenfonds Detailhandel	Vertiv Holdings Co	Equity	2026	10.400.309	EUR	https://pensioenfondsdetailhandel.nl/content/Publicaties/Beleggingen-Pensioenfonds-Detailhandel.pdf
Pensioenfonds Detailhandel	Vestas Wind Systems A/S	Equity	2026	4.194.890	EUR	https://pensioenfondsdetailhandel.nl/content/Publicaties/Beleggingen-Pensioenfonds-Detailhandel.pdf
Pensioenfonds Detailhandel	Vinci SA	Equity	2026	8.247.386	EUR	https://pensioenfondsdetailhandel.nl/content/Publicaties/Beleggingen-Pensioenfonds-Detailhandel.pdf
Pensioenfonds Detailhandel	Visa Inc	Equity	2026	120.253.841	EUR	https://pensioenfondsdetailhandel.nl/content/Publicaties/Beleggingen-Pensioenfonds-Detailhandel.pdf
Pensioenfonds Detailhandel	Vodafone Group PLC	Equity	2026	3.218.981	EUR	https://pensioenfondsdetailhandel.nl/content/Publicaties/Beleggingen-Pensioenfonds-Detailhandel.pdf
Pensioenfonds Detailhandel	Volvo AB	Equity	2026	10.061.138	EUR	https://pensioenfondsdetailhandel.nl/content/Publicaties/Beleggingen-Pensioenfonds-Detailhandel.pdf
Pensioenfonds Detailhandel	Vonovia SE	Equity	2026	791.101	EUR	https://pensioenfondsdetailhandel.nl/content/Publicaties/Beleggingen-Pensioenfonds-Detailhandel.pdf
Pensioenfonds Detailhandel	Vulcan Materials Co	Equity	2026	1.107.208	EUR	https://pensioenfondsdetailhandel.nl/content/Publicaties/Beleggingen-Pensioenfonds-Detailhandel.pdf
Pensioenfonds Detailhandel	W R Berkley Corp	Equity	2026	2.064.793	EUR	https://pensioenfondsdetailhandel.nl/content/Publicaties/Beleggingen-Pensioenfonds-Detailhandel.pdf
Pensioenfonds Detailhandel	Walmart Inc	Equity	2026	122.147.316	EUR	https://pensioenfondsdetailhandel.nl/content/Publicaties/Beleggingen-Pensioenfonds-Detailhandel.pdf
Pensioenfonds Detailhandel	Walt Disney Co/The	Equity	2026	12.719.867	EUR	https://pensioenfondsdetailhandel.nl/content/Publicaties/Beleggingen-Pensioenfonds-Detailhandel.pdf
Pensioenfonds Detailhandel	Warner Bros Discovery Inc	Equity	2026	1.282.579	EUR	https://pensioenfondsdetailhandel.nl/content/Publicaties/Beleggingen-Pensioenfonds-Detailhandel.pdf
Pensioenfonds Detailhandel	Wartsila OYJ Abp	Equity	2026	1.928.697	EUR	https://pensioenfondsdetailhandel.nl/content/Publicaties/Beleggingen-Pensioenfonds-Detailhandel.pdf
Pensioenfonds Detailhandel	Waste Connections Inc	Equity	2026	5.473.555	EUR	https://pensioenfondsdetailhandel.nl/content/Publicaties/Beleggingen-Pensioenfonds-Detailhandel.pdf
Pensioenfonds Detailhandel	Waste Management Inc	Equity	2026	24.086.066	EUR	https://pensioenfondsdetailhandel.nl/content/Publicaties/Beleggingen-Pensioenfonds-Detailhandel.pdf
Pensioenfonds Detailhandel	Waters Corp	Equity	2026	3.169.779	EUR	https://pensioenfondsdetailhandel.nl/content/Publicaties/Beleggingen-Pensioenfonds-Detailhandel.pdf
Pensioenfonds Detailhandel	Weir Group PLC/The	Equity	2026	916.442	EUR	https://pensioenfondsdetailhandel.nl/content/Publicaties/Beleggingen-Pensioenfonds-Detailhandel.pdf
Pensioenfonds Detailhandel	Wells Fargo & Co	Equity	2026	28.064.146	EUR	https://pensioenfondsdetailhandel.nl/content/Publicaties/Beleggingen-Pensioenfonds-Detailhandel.pdf
Pensioenfonds Detailhandel	Welltower Inc	Equity	2026	3.869.604	EUR	https://pensioenfondsdetailhandel.nl/content/Publicaties/Beleggingen-Pensioenfonds-Detailhandel.pdf
Pensioenfonds Detailhandel	Wesfarmers Ltd	Equity	2026	5.706.111	EUR	https://pensioenfondsdetailhandel.nl/content/Publicaties/Beleggingen-Pensioenfonds-Detailhandel.pdf
Pensioenfonds Detailhandel	West Japan Railway Co	Equity	2026	266.617	EUR	https://pensioenfondsdetailhandel.nl/content/Publicaties/Beleggingen-Pensioenfonds-Detailhandel.pdf
Pensioenfonds Detailhandel	West Pharmaceutical Services Inc	Equity	2026	1.575.147	EUR	https://pensioenfondsdetailhandel.nl/content/Publicaties/Beleggingen-Pensioenfonds-Detailhandel.pdf
Pensioenfonds Detailhandel	Western Digital Corp	Equity	2026	10.166.733	EUR	https://pensioenfondsdetailhandel.nl/content/Publicaties/Beleggingen-Pensioenfonds-Detailhandel.pdf
Pensioenfonds Detailhandel	Westinghouse Air Brake Technologies Corp	Equity	2026	3.481.648	EUR	https://pensioenfondsdetailhandel.nl/content/Publicaties/Beleggingen-Pensioenfonds-Detailhandel.pdf
Pensioenfonds Detailhandel	Westpac Banking Corp	Equity	2026	10.783.052	EUR	https://pensioenfondsdetailhandel.nl/content/Publicaties/Beleggingen-Pensioenfonds-Detailhandel.pdf
Pensioenfonds Detailhandel	Weyerhaeuser Co	Equity	2026	1.645.007	EUR	https://pensioenfondsdetailhandel.nl/content/Publicaties/Beleggingen-Pensioenfonds-Detailhandel.pdf
Pensioenfonds Detailhandel	Wharf Real Estate Investment Co Ltd	Equity	2026	483.276	EUR	https://pensioenfondsdetailhandel.nl/content/Publicaties/Beleggingen-Pensioenfonds-Detailhandel.pdf
Pensioenfonds Detailhandel	Wheaton Precious Metals Corp	Equity	2026	1.351.490	EUR	https://pensioenfondsdetailhandel.nl/content/Publicaties/Beleggingen-Pensioenfonds-Detailhandel.pdf
Pensioenfonds Detailhandel	Whitecap Resources Inc	Equity	2026	1.119.871	EUR	https://pensioenfondsdetailhandel.nl/content/Publicaties/Beleggingen-Pensioenfonds-Detailhandel.pdf
Pensioenfonds Detailhandel	Williams-Sonoma Inc	Equity	2026	4.498.275	EUR	https://pensioenfondsdetailhandel.nl/content/Publicaties/Beleggingen-Pensioenfonds-Detailhandel.pdf
Pensioenfonds Detailhandel	Willis Towers Watson PLC	Equity	2026	2.241.494	EUR	https://pensioenfondsdetailhandel.nl/content/Publicaties/Beleggingen-Pensioenfonds-Detailhandel.pdf
Pensioenfonds Detailhandel	Wilmar International Ltd	Equity	2026	483.545	EUR	https://pensioenfondsdetailhandel.nl/content/Publicaties/Beleggingen-Pensioenfonds-Detailhandel.pdf
Pensioenfonds Detailhandel	Woodside Energy Group Ltd	Equity	2026	4.113.958	EUR	https://pensioenfondsdetailhandel.nl/content/Publicaties/Beleggingen-Pensioenfonds-Detailhandel.pdf
Pensioenfonds Detailhandel	Woolworths Group Ltd	Equity	2026	4.356.356	EUR	https://pensioenfondsdetailhandel.nl/content/Publicaties/Beleggingen-Pensioenfonds-Detailhandel.pdf
Pensioenfonds Detailhandel	Woori Financial Group Inc	Equity	2026	2.207.656	EUR	https://pensioenfondsdetailhandel.nl/content/Publicaties/Beleggingen-Pensioenfonds-Detailhandel.pdf
Pensioenfonds Detailhandel	Workday Inc	Equity	2026	4.456.768	EUR	https://pensioenfondsdetailhandel.nl/content/Publicaties/Beleggingen-Pensioenfonds-Detailhandel.pdf
Pensioenfonds Detailhandel	WSP Global Inc	Equity	2026	2.930.780	EUR	https://pensioenfondsdetailhandel.nl/content/Publicaties/Beleggingen-Pensioenfonds-Detailhandel.pdf
Pensioenfonds Detailhandel	WW Grainger Inc	Equity	2026	1.042.338	EUR	https://pensioenfondsdetailhandel.nl/content/Publicaties/Beleggingen-Pensioenfonds-Detailhandel.pdf
Pensioenfonds Detailhandel	Xero Ltd	Equity	2026	839.886	EUR	https://pensioenfondsdetailhandel.nl/content/Publicaties/Beleggingen-Pensioenfonds-Detailhandel.pdf
Pensioenfonds Detailhandel	Xylem Inc/NY	Equity	2026	7.599.378	EUR	https://pensioenfondsdetailhandel.nl/content/Publicaties/Beleggingen-Pensioenfonds-Detailhandel.pdf
Pensioenfonds Detailhandel	Yakult Honsha Co Ltd	Equity	2026	744.493	EUR	https://pensioenfondsdetailhandel.nl/content/Publicaties/Beleggingen-Pensioenfonds-Detailhandel.pdf
Pensioenfonds Detailhandel	Yamaha Motor Co Ltd	Equity	2026	1.013.115	EUR	https://pensioenfondsdetailhandel.nl/content/Publicaties/Beleggingen-Pensioenfonds-Detailhandel.pdf
Pensioenfonds Detailhandel	Yamato Holdings Co Ltd	Equity	2026	663.402	EUR	https://pensioenfondsdetailhandel.nl/content/Publicaties/Beleggingen-Pensioenfonds-Detailhandel.pdf
Pensioenfonds Detailhandel	Yokogawa Electric Corp	Equity	2026	799.625	EUR	https://pensioenfondsdetailhandel.nl/content/Publicaties/Beleggingen-Pensioenfonds-Detailhandel.pdf
Pensioenfonds Detailhandel	Yokohama Financial Group Inc	Equity	2026	672.753	EUR	https://pensioenfondsdetailhandel.nl/content/Publicaties/Beleggingen-Pensioenfonds-Detailhandel.pdf
Pensioenfonds Detailhandel	Yuhan Corp	Equity	2026	341.391	EUR	https://pensioenfondsdetailhandel.nl/content/Publicaties/Beleggingen-Pensioenfonds-Detailhandel.pdf
Pensioenfonds Detailhandel	Brands Inc	Equity	2026	6.585.567	EUR	https://pensioenfondsdetailhandel.nl/content/Publicaties/Beleggingen-Pensioenfonds-Detailhandel.pdf
Pensioenfonds Detailhandel	Zillow Group Inc	Equity	2026	519.315	EUR	https://pensioenfondsdetailhandel.nl/content/Publicaties/Beleggingen-Pensioenfonds-Detailhandel.pdf
Pensioenfonds Detailhandel	Zimmer Biomet Holdings Inc	Equity	2026	1.588.478	EUR	https://pensioenfondsdetailhandel.nl/content/Publicaties/Beleggingen-Pensioenfonds-Detailhandel.pdf
Pensioenfonds Detailhandel	Zoetis Inc	Equity	2026	3.477.253	EUR	https://pensioenfondsdetailhandel.nl/content/Publicaties/Beleggingen-Pensioenfonds-Detailhandel.pdf
Pensioenfonds Detailhandel	Zoom Communications Inc	Equity	2026	462.581	EUR	https://pensioenfondsdetailhandel.nl/content/Publicaties/Beleggingen-Pensioenfonds-Detailhandel.pdf
Pensioenfonds Detailhandel	Zscaler Inc	Equity	2026	312.797	EUR	https://pensioenfondsdetailhandel.nl/content/Publicaties/Beleggingen-Pensioenfonds-Detailhandel.pdf
Pensioenfonds Detailhandel	Zurich Insurance Group AG	Equity	2026	13.062.845	EUR	https://pensioenfondsdetailhandel.nl/content/Publicaties/Beleggingen-Pensioenfonds-Detailhandel.pdf
Pensioenfonds Detailhandel	360 ONE WAM Ltd	Equity	2026	149.090	EUR	https://pensioenfondsdetailhandel.nl/content/Publicaties/Beleggingen-Pensioenfonds-Detailhandel.pdf
Pensioenfonds Detailhandel	3SBio Inc	Equity	2026	1.345.847	EUR	https://pensioenfondsdetailhandel.nl/content/Publicaties/Beleggingen-Pensioenfonds-Detailhandel.pdf
Pensioenfonds Detailhandel	ABB India Ltd	Equity	2026	1.008.402	EUR	https://pensioenfondsdetailhandel.nl/content/Publicaties/Beleggingen-Pensioenfonds-Detailhandel.pdf
Pensioenfonds Detailhandel	Absa Group Ltd	Equity	2026	2.690.099	EUR	https://pensioenfondsdetailhandel.nl/content/Publicaties/Beleggingen-Pensioenfonds-Detailhandel.pdf
Pensioenfonds Detailhandel	Abu Dhabi Commercial Bank PJSC	Equity	2026	2.153.398	EUR	https://pensioenfondsdetailhandel.nl/content/Publicaties/Beleggingen-Pensioenfonds-Detailhandel.pdf
Pensioenfonds Detailhandel	Abu Dhabi Islamic Bank PJSC	Equity	2026	1.204.288	EUR	https://pensioenfondsdetailhandel.nl/content/Publicaties/Beleggingen-Pensioenfonds-Detailhandel.pdf
Pensioenfonds Detailhandel	Abu Dhabi National Oil Co for Distributi	Equity	2026	728.788	EUR	https://pensioenfondsdetailhandel.nl/content/Publicaties/Beleggingen-Pensioenfonds-Detailhandel.pdf
Pensioenfonds Detailhandel	Abu Dhabi Ports Co PJSC	Equity	2026	101.126	EUR	https://pensioenfondsdetailhandel.nl/content/Publicaties/Beleggingen-Pensioenfonds-Detailhandel.pdf
Pensioenfonds Detailhandel	Accton Technology Corp	Equity	2026	2.623.532	EUR	https://pensioenfondsdetailhandel.nl/content/Publicaties/Beleggingen-Pensioenfonds-Detailhandel.pdf
Pensioenfonds Detailhandel	Acer Inc	Equity	2026	602.912	EUR	https://pensioenfondsdetailhandel.nl/content/Publicaties/Beleggingen-Pensioenfonds-Detailhandel.pdf
Pensioenfonds Detailhandel	ACWA Power Co	Equity	2026	190.294	EUR	https://pensioenfondsdetailhandel.nl/content/Publicaties/Beleggingen-Pensioenfonds-Detailhandel.pdf
Pensioenfonds Detailhandel	Adani Energy Solutions Ltd	Equity	2026	1.046.969	EUR	https://pensioenfondsdetailhandel.nl/content/Publicaties/Beleggingen-Pensioenfonds-Detailhandel.pdf
Pensioenfonds Detailhandel	Adani Enterprises Ltd	Equity	2026	843.795	EUR	https://pensioenfondsdetailhandel.nl/content/Publicaties/Beleggingen-Pensioenfonds-Detailhandel.pdf
Pensioenfonds Detailhandel	Adani Green Energy Ltd	Equity	2026	1.203.822	EUR	https://pensioenfondsdetailhandel.nl/content/Publicaties/Beleggingen-Pensioenfonds-Detailhandel.pdf
Pensioenfonds Detailhandel	Adani Ports & Special Economic Zone Ltd	Equity	2026	2.567.650	EUR	https://pensioenfondsdetailhandel.nl/content/Publicaties/Beleggingen-Pensioenfonds-Detailhandel.pdf
Pensioenfonds Detailhandel	Adani Total Gas Ltd	Equity	2026	130.445	EUR	https://pensioenfondsdetailhandel.nl/content/Publicaties/Beleggingen-Pensioenfonds-Detailhandel.pdf
Pensioenfonds Detailhandel	Aditya Birla Capital Ltd	Equity	2026	224.657	EUR	https://pensioenfondsdetailhandel.nl/content/Publicaties/Beleggingen-Pensioenfonds-Detailhandel.pdf
Pensioenfonds Detailhandel	ADNOC Drilling Co PJSC	Equity	2026	405.921	EUR	https://pensioenfondsdetailhandel.nl/content/Publicaties/Beleggingen-Pensioenfonds-Detailhandel.pdf
Pensioenfonds Detailhandel	Adnoc Gas PLC	Equity	2026	335.240	EUR	https://pensioenfondsdetailhandel.nl/content/Publicaties/Beleggingen-Pensioenfonds-Detailhandel.pdf
Pensioenfonds Detailhandel	ADNOC Logistics & Services	Equity	2026	384.025	EUR	https://pensioenfondsdetailhandel.nl/content/Publicaties/Beleggingen-Pensioenfonds-Detailhandel.pdf
Pensioenfonds Detailhandel	Advanced Info Service PCL	Equity	2026	2.923.948	EUR	https://pensioenfondsdetailhandel.nl/content/Publicaties/Beleggingen-Pensioenfonds-Detailhandel.pdf
Pensioenfonds Detailhandel	Advantech Co Ltd	Equity	2026	931.415	EUR	https://pensioenfondsdetailhandel.nl/content/Publicaties/Beleggingen-Pensioenfonds-Detailhandel.pdf
Pensioenfonds Detailhandel	Agility Global PLC	Equity	2026	732.062	EUR	https://pensioenfondsdetailhandel.nl/content/Publicaties/Beleggingen-Pensioenfonds-Detailhandel.pdf
Pensioenfonds Detailhandel	Agricultural Bank of China Ltd	Equity	2026	4.007.471	EUR	https://pensioenfondsdetailhandel.nl/content/Publicaties/Beleggingen-Pensioenfonds-Detailhandel.pdf
Pensioenfonds Detailhandel	Aguas Andinas SA	Equity	2026	465.848	EUR	https://pensioenfondsdetailhandel.nl/content/Publicaties/Beleggingen-Pensioenfonds-Detailhandel.pdf
Pensioenfonds Detailhandel	Aier Eye Hospital Group Co Ltd	Equity	2026	254.297	EUR	https://pensioenfondsdetailhandel.nl/content/Publicaties/Beleggingen-Pensioenfonds-Detailhandel.pdf
Pensioenfonds Detailhandel	Air China Ltd	Equity	2026	130.521	EUR	https://pensioenfondsdetailhandel.nl/content/Publicaties/Beleggingen-Pensioenfonds-Detailhandel.pdf
Pensioenfonds Detailhandel	Airports of Thailand PCL	Equity	2026	701.461	EUR	https://pensioenfondsdetailhandel.nl/content/Publicaties/Beleggingen-Pensioenfonds-Detailhandel.pdf
Pensioenfonds Detailhandel	Airtac International Group	Equity	2026	574.867	EUR	https://pensioenfondsdetailhandel.nl/content/Publicaties/Beleggingen-Pensioenfonds-Detailhandel.pdf
Pensioenfonds Detailhandel	Akbank TAS	Equity	2026	662.753	EUR	https://pensioenfondsdetailhandel.nl/content/Publicaties/Beleggingen-Pensioenfonds-Detailhandel.pdf
Pensioenfonds Detailhandel	Akeso Inc	Equity	2026	1.268.349	EUR	https://pensioenfondsdetailhandel.nl/content/Publicaties/Beleggingen-Pensioenfonds-Detailhandel.pdf
Pensioenfonds Detailhandel	Al Rajhi Bank	Equity	2026	6.871.419	EUR	https://pensioenfondsdetailhandel.nl/content/Publicaties/Beleggingen-Pensioenfonds-Detailhandel.pdf
Pensioenfonds Detailhandel	Al Rayan Bank	Equity	2026	452.879	EUR	https://pensioenfondsdetailhandel.nl/content/Publicaties/Beleggingen-Pensioenfonds-Detailhandel.pdf
Pensioenfonds Detailhandel	Alchip Technologies Ltd	Equity	2026	134.923	EUR	https://pensioenfondsdetailhandel.nl/content/Publicaties/Beleggingen-Pensioenfonds-Detailhandel.pdf
Pensioenfonds Detailhandel	Aldar Properties PJSC	Equity	2026	3.148.275	EUR	https://pensioenfondsdetailhandel.nl/content/Publicaties/Beleggingen-Pensioenfonds-Detailhandel.pdf
Pensioenfonds Detailhandel	Alibaba Group Holding Ltd	Equity	2026	53.213.376	EUR	https://pensioenfondsdetailhandel.nl/content/Publicaties/Beleggingen-Pensioenfonds-Detailhandel.pdf
Pensioenfonds Detailhandel	Alibaba Health Information Technology Lt	Equity	2026	314.674	EUR	https://pensioenfondsdetailhandel.nl/content/Publicaties/Beleggingen-Pensioenfonds-Detailhandel.pdf
Pensioenfonds Detailhandel	Alinma Bank	Equity	2026	517.355	EUR	https://pensioenfondsdetailhandel.nl/content/Publicaties/Beleggingen-Pensioenfonds-Detailhandel.pdf
Pensioenfonds Detailhandel	Alkem Laboratories Ltd	Equity	2026	248.356	EUR	https://pensioenfondsdetailhandel.nl/content/Publicaties/Beleggingen-Pensioenfonds-Detailhandel.pdf
Pensioenfonds Detailhandel	Alliance Bank Malaysia Bhd	Equity	2026	326.669	EUR	https://pensioenfondsdetailhandel.nl/content/Publicaties/Beleggingen-Pensioenfonds-Detailhandel.pdf
Pensioenfonds Detailhandel	Allwyn AG	Equity	2026	791.788	EUR	https://pensioenfondsdetailhandel.nl/content/Publicaties/Beleggingen-Pensioenfonds-Detailhandel.pdf
Pensioenfonds Detailhandel	Almarai Co JSC	Equity	2026	769.239	EUR	https://pensioenfondsdetailhandel.nl/content/Publicaties/Beleggingen-Pensioenfonds-Detailhandel.pdf
Pensioenfonds Detailhandel	Alpha Bank SA	Equity	2026	1.457.259	EUR	https://pensioenfondsdetailhandel.nl/content/Publicaties/Beleggingen-Pensioenfonds-Detailhandel.pdf
Pensioenfonds Detailhandel	Ambev SA	Equity	2026	2.389.235	EUR	https://pensioenfondsdetailhandel.nl/content/Publicaties/Beleggingen-Pensioenfonds-Detailhandel.pdf
Pensioenfonds Detailhandel	Ambuja Cements Ltd	Equity	2026	471.474	EUR	https://pensioenfondsdetailhandel.nl/content/Publicaties/Beleggingen-Pensioenfonds-Detailhandel.pdf
Pensioenfonds Detailhandel	America Movil SAB de CV	Equity	2026	4.212.870	EUR	https://pensioenfondsdetailhandel.nl/content/Publicaties/Beleggingen-Pensioenfonds-Detailhandel.pdf
Pensioenfonds Detailhandel	Amman Mineral Internasional PT	Equity	2026	199.704	EUR	https://pensioenfondsdetailhandel.nl/content/Publicaties/Beleggingen-Pensioenfonds-Detailhandel.pdf
Pensioenfonds Detailhandel	AMMB Holdings Bhd	Equity	2026	744.000	EUR	https://pensioenfondsdetailhandel.nl/content/Publicaties/Beleggingen-Pensioenfonds-Detailhandel.pdf
Pensioenfonds Detailhandel	Anadolu Efes Biracilik Ve Malt Sanayii A	Equity	2026	231.813	EUR	https://pensioenfondsdetailhandel.nl/content/Publicaties/Beleggingen-Pensioenfonds-Detailhandel.pdf
Pensioenfonds Detailhandel	Anglogold Ashanti Plc	Equity	2026	8.164.873	EUR	https://pensioenfondsdetailhandel.nl/content/Publicaties/Beleggingen-Pensioenfonds-Detailhandel.pdf
Pensioenfonds Detailhandel	Anker Innovations Technology Co Ltd	Equity	2026	157.705	EUR	https://pensioenfondsdetailhandel.nl/content/Publicaties/Beleggingen-Pensioenfonds-Detailhandel.pdf
Pensioenfonds Detailhandel	ANTA Sports Products Ltd	Equity	2026	3.757.564	EUR	https://pensioenfondsdetailhandel.nl/content/Publicaties/Beleggingen-Pensioenfonds-Detailhandel.pdf
Pensioenfonds Detailhandel	Apar Industries Ltd	Equity	2026	196.111	EUR	https://pensioenfondsdetailhandel.nl/content/Publicaties/Beleggingen-Pensioenfonds-Detailhandel.pdf
Pensioenfonds Detailhandel	APL Apollo Tubes Ltd	Equity	2026	178.395	EUR	https://pensioenfondsdetailhandel.nl/content/Publicaties/Beleggingen-Pensioenfonds-Detailhandel.pdf
Pensioenfonds Detailhandel	Apollo Hospitals Enterprise Ltd	Equity	2026	998.073	EUR	https://pensioenfondsdetailhandel.nl/content/Publicaties/Beleggingen-Pensioenfonds-Detailhandel.pdf
Pensioenfonds Detailhandel	Arca Continental SAB de CV	Equity	2026	1.880.550	EUR	https://pensioenfondsdetailhandel.nl/content/Publicaties/Beleggingen-Pensioenfonds-Detailhandel.pdf
Pensioenfonds Detailhandel	Arcelik AS	Equity	2026	221.551	EUR	https://pensioenfondsdetailhandel.nl/content/Publicaties/Beleggingen-Pensioenfonds-Detailhandel.pdf
Pensioenfonds Detailhandel	Arion Banki HF	Equity	2026	283.611	EUR	https://pensioenfondsdetailhandel.nl/content/Publicaties/Beleggingen-Pensioenfonds-Detailhandel.pdf
Pensioenfonds Detailhandel	ASE Technology Holding Co Ltd	Equity	2026	6.741.967	EUR	https://pensioenfondsdetailhandel.nl/content/Publicaties/Beleggingen-Pensioenfonds-Detailhandel.pdf
Pensioenfonds Detailhandel	Aselsan Elektronik Sanayi Ve Ticaret AS	Equity	2026	2.030.959	EUR	https://pensioenfondsdetailhandel.nl/content/Publicaties/Beleggingen-Pensioenfonds-Detailhandel.pdf
Pensioenfonds Detailhandel	Ashok Leyland Ltd	Equity	2026	939.728	EUR	https://pensioenfondsdetailhandel.nl/content/Publicaties/Beleggingen-Pensioenfonds-Detailhandel.pdf
Pensioenfonds Detailhandel	Asia Cement Corp	Equity	2026	790.353	EUR	https://pensioenfondsdetailhandel.nl/content/Publicaties/Beleggingen-Pensioenfonds-Detailhandel.pdf
Pensioenfonds Detailhandel	Asia Vital Components Co Ltd	Equity	2026	1.782.775	EUR	https://pensioenfondsdetailhandel.nl/content/Publicaties/Beleggingen-Pensioenfonds-Detailhandel.pdf
Pensioenfonds Detailhandel	Asian Paints Ltd	Equity	2026	2.181.432	EUR	https://pensioenfondsdetailhandel.nl/content/Publicaties/Beleggingen-Pensioenfonds-Detailhandel.pdf
Pensioenfonds Detailhandel	ASMedia Technology Inc	Equity	2026	86.736	EUR	https://pensioenfondsdetailhandel.nl/content/Publicaties/Beleggingen-Pensioenfonds-Detailhandel.pdf
Pensioenfonds Detailhandel	ASPEED Technology Inc	Equity	2026	580.956	EUR	https://pensioenfondsdetailhandel.nl/content/Publicaties/Beleggingen-Pensioenfonds-Detailhandel.pdf
Pensioenfonds Detailhandel	Aspen Pharmacare Holdings Ltd	Equity	2026	1.949.502	EUR	https://pensioenfondsdetailhandel.nl/content/Publicaties/Beleggingen-Pensioenfonds-Detailhandel.pdf
Pensioenfonds Detailhandel	Astra International Tbk PT	Equity	2026	279.224	EUR	https://pensioenfondsdetailhandel.nl/content/Publicaties/Beleggingen-Pensioenfonds-Detailhandel.pdf
Pensioenfonds Detailhandel	Astral Ltd	Equity	2026	663.070	EUR	https://pensioenfondsdetailhandel.nl/content/Publicaties/Beleggingen-Pensioenfonds-Detailhandel.pdf
Pensioenfonds Detailhandel	Asustek Computer Inc	Equity	2026	2.384.634	EUR	https://pensioenfondsdetailhandel.nl/content/Publicaties/Beleggingen-Pensioenfonds-Detailhandel.pdf
Pensioenfonds Detailhandel	AU Small Finance Bank Ltd	Equity	2026	376.253	EUR	https://pensioenfondsdetailhandel.nl/content/Publicaties/Beleggingen-Pensioenfonds-Detailhandel.pdf
Pensioenfonds Detailhandel	AUO Corp	Equity	2026	446.071	EUR	https://pensioenfondsdetailhandel.nl/content/Publicaties/Beleggingen-Pensioenfonds-Detailhandel.pdf
Pensioenfonds Detailhandel	Auren Energia SA	Equity	2026	269.002	EUR	https://pensioenfondsdetailhandel.nl/content/Publicaties/Beleggingen-Pensioenfonds-Detailhandel.pdf
Pensioenfonds Detailhandel	Aurobindo Pharma Ltd	Equity	2026	644.282	EUR	https://pensioenfondsdetailhandel.nl/content/Publicaties/Beleggingen-Pensioenfonds-Detailhandel.pdf
Pensioenfonds Detailhandel	Autohome Inc	Equity	2026	247.525	EUR	https://pensioenfondsdetailhandel.nl/content/Publicaties/Beleggingen-Pensioenfonds-Detailhandel.pdf
Pensioenfonds Detailhandel	Avary Holding Shenzhen Co Ltd	Equity	2026	186.839	EUR	https://pensioenfondsdetailhandel.nl/content/Publicaties/Beleggingen-Pensioenfonds-Detailhandel.pdf
Pensioenfonds Detailhandel	Avenue Supermarts Ltd	Equity	2026	535.637	EUR	https://pensioenfondsdetailhandel.nl/content/Publicaties/Beleggingen-Pensioenfonds-Detailhandel.pdf
Pensioenfonds Detailhandel	AviChina Industry & Technology Co Ltd	Equity	2026	269.026	EUR	https://pensioenfondsdetailhandel.nl/content/Publicaties/Beleggingen-Pensioenfonds-Detailhandel.pdf
Pensioenfonds Detailhandel	Axia Energia	Equity	2026	6.719.187	EUR	https://pensioenfondsdetailhandel.nl/content/Publicaties/Beleggingen-Pensioenfonds-Detailhandel.pdf
Pensioenfonds Detailhandel	Axiata Group Bhd	Equity	2026	429.612	EUR	https://pensioenfondsdetailhandel.nl/content/Publicaties/Beleggingen-Pensioenfonds-Detailhandel.pdf
Pensioenfonds Detailhandel	Axis Bank Ltd	Equity	2026	5.461.391	EUR	https://pensioenfondsdetailhandel.nl/content/Publicaties/Beleggingen-Pensioenfonds-Detailhandel.pdf
Pensioenfonds Detailhandel	Ayala Corp	Equity	2026	269.531	EUR	https://pensioenfondsdetailhandel.nl/content/Publicaties/Beleggingen-Pensioenfonds-Detailhandel.pdf
Pensioenfonds Detailhandel	Ayala Land Inc	Equity	2026	210.085	EUR	https://pensioenfondsdetailhandel.nl/content/Publicaties/Beleggingen-Pensioenfonds-Detailhandel.pdf
Pensioenfonds Detailhandel	B3 SA - Brasil Bolsa Balcao	Equity	2026	4.369.720	EUR	https://pensioenfondsdetailhandel.nl/content/Publicaties/Beleggingen-Pensioenfonds-Detailhandel.pdf
Pensioenfonds Detailhandel	Baidu Inc	Equity	2026	6.695.546	EUR	https://pensioenfondsdetailhandel.nl/content/Publicaties/Beleggingen-Pensioenfonds-Detailhandel.pdf
Pensioenfonds Detailhandel	Bajaj Auto Ltd	Equity	2026	347.854	EUR	https://pensioenfondsdetailhandel.nl/content/Publicaties/Beleggingen-Pensioenfonds-Detailhandel.pdf
Pensioenfonds Detailhandel	Bajaj Finance Ltd	Equity	2026	4.247.077	EUR	https://pensioenfondsdetailhandel.nl/content/Publicaties/Beleggingen-Pensioenfonds-Detailhandel.pdf
Pensioenfonds Detailhandel	Bajaj Finserv Ltd	Equity	2026	1.304.547	EUR	https://pensioenfondsdetailhandel.nl/content/Publicaties/Beleggingen-Pensioenfonds-Detailhandel.pdf
Pensioenfonds Detailhandel	Bajaj Holdings & Investment Ltd	Equity	2026	102.118	EUR	https://pensioenfondsdetailhandel.nl/content/Publicaties/Beleggingen-Pensioenfonds-Detailhandel.pdf
Pensioenfonds Detailhandel	Balkrishna Industries Ltd	Equity	2026	102.525	EUR	https://pensioenfondsdetailhandel.nl/content/Publicaties/Beleggingen-Pensioenfonds-Detailhandel.pdf
Pensioenfonds Detailhandel	Banca Transilvania SA	Equity	2026	1.172.933	EUR	https://pensioenfondsdetailhandel.nl/content/Publicaties/Beleggingen-Pensioenfonds-Detailhandel.pdf
Pensioenfonds Detailhandel	Banco Bradesco SA	Equity	2026	4.243.490	EUR	https://pensioenfondsdetailhandel.nl/content/Publicaties/Beleggingen-Pensioenfonds-Detailhandel.pdf
Pensioenfonds Detailhandel	Banco BTG Pactual SA	Equity	2026	2.471.005	EUR	https://pensioenfondsdetailhandel.nl/content/Publicaties/Beleggingen-Pensioenfonds-Detailhandel.pdf
Pensioenfonds Detailhandel	Banco de Chile	Equity	2026	1.157.870	EUR	https://pensioenfondsdetailhandel.nl/content/Publicaties/Beleggingen-Pensioenfonds-Detailhandel.pdf
Pensioenfonds Detailhandel	Banco de Credito e Inversiones SA	Equity	2026	806.789	EUR	https://pensioenfondsdetailhandel.nl/content/Publicaties/Beleggingen-Pensioenfonds-Detailhandel.pdf
Pensioenfonds Detailhandel	Banco do Brasil SA	Equity	2026	1.534.452	EUR	https://pensioenfondsdetailhandel.nl/content/Publicaties/Beleggingen-Pensioenfonds-Detailhandel.pdf
Pensioenfonds Detailhandel	Banco Itau Chile SA	Equity	2026	383.668	EUR	https://pensioenfondsdetailhandel.nl/content/Publicaties/Beleggingen-Pensioenfonds-Detailhandel.pdf
Pensioenfonds Detailhandel	Banco Santander Brasil SA	Equity	2026	480.561	EUR	https://pensioenfondsdetailhandel.nl/content/Publicaties/Beleggingen-Pensioenfonds-Detailhandel.pdf
Pensioenfonds Detailhandel	Banco Santander Chile	Equity	2026	752.080	EUR	https://pensioenfondsdetailhandel.nl/content/Publicaties/Beleggingen-Pensioenfonds-Detailhandel.pdf
Pensioenfonds Detailhandel	Bandhan Bank Ltd	Equity	2026	68.058	EUR	https://pensioenfondsdetailhandel.nl/content/Publicaties/Beleggingen-Pensioenfonds-Detailhandel.pdf
Pensioenfonds Detailhandel	Bangkok Bank PCL	Equity	2026	291.378	EUR	https://pensioenfondsdetailhandel.nl/content/Publicaties/Beleggingen-Pensioenfonds-Detailhandel.pdf
Pensioenfonds Detailhandel	Bangkok Dusit Medical Services PCL	Equity	2026	1.435.323	EUR	https://pensioenfondsdetailhandel.nl/content/Publicaties/Beleggingen-Pensioenfonds-Detailhandel.pdf
Pensioenfonds Detailhandel	Bangkok Expressway & Metro PCL	Equity	2026	128.788	EUR	https://pensioenfondsdetailhandel.nl/content/Publicaties/Beleggingen-Pensioenfonds-Detailhandel.pdf
Pensioenfonds Detailhandel	Bank AlBilad	Equity	2026	341.076	EUR	https://pensioenfondsdetailhandel.nl/content/Publicaties/Beleggingen-Pensioenfonds-Detailhandel.pdf
Pensioenfonds Detailhandel	Bank Central Asia Tbk PT	Equity	2026	2.311.416	EUR	https://pensioenfondsdetailhandel.nl/content/Publicaties/Beleggingen-Pensioenfonds-Detailhandel.pdf
Pensioenfonds Detailhandel	Bank Mandiri Persero Tbk PT	Equity	2026	1.705.182	EUR	https://pensioenfondsdetailhandel.nl/content/Publicaties/Beleggingen-Pensioenfonds-Detailhandel.pdf
Pensioenfonds Detailhandel	Bank Negara Indonesia Persero Tbk PT	Equity	2026	380.166	EUR	https://pensioenfondsdetailhandel.nl/content/Publicaties/Beleggingen-Pensioenfonds-Detailhandel.pdf
Pensioenfonds Detailhandel	Bank of Baroda	Equity	2026	171.312	EUR	https://pensioenfondsdetailhandel.nl/content/Publicaties/Beleggingen-Pensioenfonds-Detailhandel.pdf
Pensioenfonds Detailhandel	Bank of China Ltd	Equity	2026	5.800.593	EUR	https://pensioenfondsdetailhandel.nl/content/Publicaties/Beleggingen-Pensioenfonds-Detailhandel.pdf
Pensioenfonds Detailhandel	Bank of Communications Co Ltd	Equity	2026	1.171.668	EUR	https://pensioenfondsdetailhandel.nl/content/Publicaties/Beleggingen-Pensioenfonds-Detailhandel.pdf
Pensioenfonds Detailhandel	Bank of Jiangsu Co Ltd	Equity	2026	392.181	EUR	https://pensioenfondsdetailhandel.nl/content/Publicaties/Beleggingen-Pensioenfonds-Detailhandel.pdf
Pensioenfonds Detailhandel	Bank of Nanjing Co Ltd	Equity	2026	333.775	EUR	https://pensioenfondsdetailhandel.nl/content/Publicaties/Beleggingen-Pensioenfonds-Detailhandel.pdf
Pensioenfonds Detailhandel	Bank of Shanghai Co Ltd	Equity	2026	75.714	EUR	https://pensioenfondsdetailhandel.nl/content/Publicaties/Beleggingen-Pensioenfonds-Detailhandel.pdf
Pensioenfonds Detailhandel	Bank of the Philippine Islands	Equity	2026	689.676	EUR	https://pensioenfondsdetailhandel.nl/content/Publicaties/Beleggingen-Pensioenfonds-Detailhandel.pdf
Pensioenfonds Detailhandel	Bank Rakyat Indonesia Persero Tbk PT	Equity	2026	1.590.989	EUR	https://pensioenfondsdetailhandel.nl/content/Publicaties/Beleggingen-Pensioenfonds-Detailhandel.pdf
Pensioenfonds Detailhandel	Banque Saudi Fransi	Equity	2026	809.872	EUR	https://pensioenfondsdetailhandel.nl/content/Publicaties/Beleggingen-Pensioenfonds-Detailhandel.pdf
Pensioenfonds Detailhandel	Baoshan Iron & Steel Co Ltd	Equity	2026	410.155	EUR	https://pensioenfondsdetailhandel.nl/content/Publicaties/Beleggingen-Pensioenfonds-Detailhandel.pdf
Pensioenfonds Detailhandel	Barito Pacific Tbk PT	Equity	2026	94.595	EUR	https://pensioenfondsdetailhandel.nl/content/Publicaties/Beleggingen-Pensioenfonds-Detailhandel.pdf
Pensioenfonds Detailhandel	Bayer CropScience Ltd/India	Equity	2026	110.099	EUR	https://pensioenfondsdetailhandel.nl/content/Publicaties/Beleggingen-Pensioenfonds-Detailhandel.pdf
Pensioenfonds Detailhandel	BB Seguridade Participacoes SA	Equity	2026	190.882	EUR	https://pensioenfondsdetailhandel.nl/content/Publicaties/Beleggingen-Pensioenfonds-Detailhandel.pdf
Pensioenfonds Detailhandel	BDO Unibank Inc	Equity	2026	682.932	EUR	https://pensioenfondsdetailhandel.nl/content/Publicaties/Beleggingen-Pensioenfonds-Detailhandel.pdf
Pensioenfonds Detailhandel	Beijing Enterprises Holdings Ltd	Equity	2026	756.314	EUR	https://pensioenfondsdetailhandel.nl/content/Publicaties/Beleggingen-Pensioenfonds-Detailhandel.pdf
Pensioenfonds Detailhandel	Beijing Enterprises Water Group Ltd	Equity	2026	453.593	EUR	https://pensioenfondsdetailhandel.nl/content/Publicaties/Beleggingen-Pensioenfonds-Detailhandel.pdf
Pensioenfonds Detailhandel	Beijing Jingneng Clean Energy Co Ltd	Equity	2026	170.623	EUR	https://pensioenfondsdetailhandel.nl/content/Publicaties/Beleggingen-Pensioenfonds-Detailhandel.pdf
Pensioenfonds Detailhandel	Beijing Kingsoft Office Software Inc	Equity	2026	132.777	EUR	https://pensioenfondsdetailhandel.nl/content/Publicaties/Beleggingen-Pensioenfonds-Detailhandel.pdf
Pensioenfonds Detailhandel	BeOne Medicines Ltd	Equity	2026	3.751.711	EUR	https://pensioenfondsdetailhandel.nl/content/Publicaties/Beleggingen-Pensioenfonds-Detailhandel.pdf
Pensioenfonds Detailhandel	Berger Paints India Ltd	Equity	2026	210.484	EUR	https://pensioenfondsdetailhandel.nl/content/Publicaties/Beleggingen-Pensioenfonds-Detailhandel.pdf
Pensioenfonds Detailhandel	Berli Jucker PCL	Equity	2026	79.641	EUR	https://pensioenfondsdetailhandel.nl/content/Publicaties/Beleggingen-Pensioenfonds-Detailhandel.pdf
Pensioenfonds Detailhandel	Bharat Electronics Ltd	Equity	2026	1.027.501	EUR	https://pensioenfondsdetailhandel.nl/content/Publicaties/Beleggingen-Pensioenfonds-Detailhandel.pdf
Pensioenfonds Detailhandel	Bharat Forge Ltd	Equity	2026	1.385.914	EUR	https://pensioenfondsdetailhandel.nl/content/Publicaties/Beleggingen-Pensioenfonds-Detailhandel.pdf
Pensioenfonds Detailhandel	Bharat Heavy Electricals Ltd	Equity	2026	232.918	EUR	https://pensioenfondsdetailhandel.nl/content/Publicaties/Beleggingen-Pensioenfonds-Detailhandel.pdf
Pensioenfonds Detailhandel	Bharat Petroleum Corp Ltd	Equity	2026	807.385	EUR	https://pensioenfondsdetailhandel.nl/content/Publicaties/Beleggingen-Pensioenfonds-Detailhandel.pdf
Pensioenfonds Detailhandel	Bharti Airtel Ltd	Equity	2026	10.416.720	EUR	https://pensioenfondsdetailhandel.nl/content/Publicaties/Beleggingen-Pensioenfonds-Detailhandel.pdf
Pensioenfonds Detailhandel	Bid Corp Ltd	Equity	2026	829.056	EUR	https://pensioenfondsdetailhandel.nl/content/Publicaties/Beleggingen-Pensioenfonds-Detailhandel.pdf
Pensioenfonds Detailhandel	Bidvest Group Ltd	Equity	2026	2.381.969	EUR	https://pensioenfondsdetailhandel.nl/content/Publicaties/Beleggingen-Pensioenfonds-Detailhandel.pdf
Pensioenfonds Detailhandel	Bilibili Inc	Equity	2026	319.349	EUR	https://pensioenfondsdetailhandel.nl/content/Publicaties/Beleggingen-Pensioenfonds-Detailhandel.pdf
Pensioenfonds Detailhandel	BIM Birlesik Magazalar AS	Equity	2026	948.806	EUR	https://pensioenfondsdetailhandel.nl/content/Publicaties/Beleggingen-Pensioenfonds-Detailhandel.pdf
Pensioenfonds Detailhandel	Biocon Ltd	Equity	2026	583.825	EUR	https://pensioenfondsdetailhandel.nl/content/Publicaties/Beleggingen-Pensioenfonds-Detailhandel.pdf
Pensioenfonds Detailhandel	Bizlink Holding Inc	Equity	2026	1.369.862	EUR	https://pensioenfondsdetailhandel.nl/content/Publicaties/Beleggingen-Pensioenfonds-Detailhandel.pdf
Pensioenfonds Detailhandel	Blue Moon Group Holdings Ltd	Equity	2026	83.848	EUR	https://pensioenfondsdetailhandel.nl/content/Publicaties/Beleggingen-Pensioenfonds-Detailhandel.pdf
Pensioenfonds Detailhandel	BOE Technology Group Co Ltd	Equity	2026	331.258	EUR	https://pensioenfondsdetailhandel.nl/content/Publicaties/Beleggingen-Pensioenfonds-Detailhandel.pdf
Pensioenfonds Detailhandel	Borouge PLC	Equity	2026	161.682	EUR	https://pensioenfondsdetailhandel.nl/content/Publicaties/Beleggingen-Pensioenfonds-Detailhandel.pdf
Pensioenfonds Detailhandel	Bosch Ltd	Equity	2026	499.754	EUR	https://pensioenfondsdetailhandel.nl/content/Publicaties/Beleggingen-Pensioenfonds-Detailhandel.pdf
Pensioenfonds Detailhandel	Bosideng International Holdings Ltd	Equity	2026	582.721	EUR	https://pensioenfondsdetailhandel.nl/content/Publicaties/Beleggingen-Pensioenfonds-Detailhandel.pdf
Pensioenfonds Detailhandel	Boubyan Bank KSCP	Equity	2026	536.578	EUR	https://pensioenfondsdetailhandel.nl/content/Publicaties/Beleggingen-Pensioenfonds-Detailhandel.pdf
Pensioenfonds Detailhandel	Britannia Industries Ltd	Equity	2026	1.549.071	EUR	https://pensioenfondsdetailhandel.nl/content/Publicaties/Beleggingen-Pensioenfonds-Detailhandel.pdf
Pensioenfonds Detailhandel	BTS Group Holdings PCL	Equity	2026	245.758	EUR	https://pensioenfondsdetailhandel.nl/content/Publicaties/Beleggingen-Pensioenfonds-Detailhandel.pdf
Pensioenfonds Detailhandel	Bumrungrad Hospital PCL	Equity	2026	529.966	EUR	https://pensioenfondsdetailhandel.nl/content/Publicaties/Beleggingen-Pensioenfonds-Detailhandel.pdf
Pensioenfonds Detailhandel	Bupa Arabia for Cooperative Insurance Co	Equity	2026	219.647	EUR	https://pensioenfondsdetailhandel.nl/content/Publicaties/Beleggingen-Pensioenfonds-Detailhandel.pdf
Pensioenfonds Detailhandel	BYD Co Ltd	Equity	2026	4.777.037	EUR	https://pensioenfondsdetailhandel.nl/content/Publicaties/Beleggingen-Pensioenfonds-Detailhandel.pdf
Pensioenfonds Detailhandel	C&D International Investment Group Ltd	Equity	2026	280.580	EUR	https://pensioenfondsdetailhandel.nl/content/Publicaties/Beleggingen-Pensioenfonds-Detailhandel.pdf
Pensioenfonds Detailhandel	Caixa Seguridade Participacoes S/A	Equity	2026	144.443	EUR	https://pensioenfondsdetailhandel.nl/content/Publicaties/Beleggingen-Pensioenfonds-Detailhandel.pdf
Pensioenfonds Detailhandel	Caliway Biopharmaceuticals Co Ltd	Equity	2026	77.313	EUR	https://pensioenfondsdetailhandel.nl/content/Publicaties/Beleggingen-Pensioenfonds-Detailhandel.pdf
Pensioenfonds Detailhandel	Capital Securities Corp	Equity	2026	306.462	EUR	https://pensioenfondsdetailhandel.nl/content/Publicaties/Beleggingen-Pensioenfonds-Detailhandel.pdf
Pensioenfonds Detailhandel	Capitec Bank Holdings Ltd	Equity	2026	4.130.337	EUR	https://pensioenfondsdetailhandel.nl/content/Publicaties/Beleggingen-Pensioenfonds-Detailhandel.pdf
Pensioenfonds Detailhandel	Catcher Technology Co Ltd	Equity	2026	347.053	EUR	https://pensioenfondsdetailhandel.nl/content/Publicaties/Beleggingen-Pensioenfonds-Detailhandel.pdf
Pensioenfonds Detailhandel	Cathay Financial Holding Co Ltd	Equity	2026	5.093.354	EUR	https://pensioenfondsdetailhandel.nl/content/Publicaties/Beleggingen-Pensioenfonds-Detailhandel.pdf
Pensioenfonds Detailhandel	CELCOMDIGI BHD	Equity	2026	734.154	EUR	https://pensioenfondsdetailhandel.nl/content/Publicaties/Beleggingen-Pensioenfonds-Detailhandel.pdf
Pensioenfonds Detailhandel	Cementos Argos SA	Equity	2026	544.187	EUR	https://pensioenfondsdetailhandel.nl/content/Publicaties/Beleggingen-Pensioenfonds-Detailhandel.pdf
Pensioenfonds Detailhandel	Cemex SAB de CV	Equity	2026	7.865.524	EUR	https://pensioenfondsdetailhandel.nl/content/Publicaties/Beleggingen-Pensioenfonds-Detailhandel.pdf
Pensioenfonds Detailhandel	Cencosud SA	Equity	2026	395.120	EUR	https://pensioenfondsdetailhandel.nl/content/Publicaties/Beleggingen-Pensioenfonds-Detailhandel.pdf
Pensioenfonds Detailhandel	Central Depository Services India Ltd	Equity	2026	130.618	EUR	https://pensioenfondsdetailhandel.nl/content/Publicaties/Beleggingen-Pensioenfonds-Detailhandel.pdf
Pensioenfonds Detailhandel	Central Pattana PCL	Equity	2026	1.249.060	EUR	https://pensioenfondsdetailhandel.nl/content/Publicaties/Beleggingen-Pensioenfonds-Detailhandel.pdf
Pensioenfonds Detailhandel	Central Retail Corp PCL	Equity	2026	317.608	EUR	https://pensioenfondsdetailhandel.nl/content/Publicaties/Beleggingen-Pensioenfonds-Detailhandel.pdf
Pensioenfonds Detailhandel	CEZ AS	Equity	2026	1.611.999	EUR	https://pensioenfondsdetailhandel.nl/content/Publicaties/Beleggingen-Pensioenfonds-Detailhandel.pdf
Pensioenfonds Detailhandel	CG Power & Industrial Solutions Ltd	Equity	2026	678.986	EUR	https://pensioenfondsdetailhandel.nl/content/Publicaties/Beleggingen-Pensioenfonds-Detailhandel.pdf
Pensioenfonds Detailhandel	CGN Power Co Ltd	Equity	2026	1.118.718	EUR	https://pensioenfondsdetailhandel.nl/content/Publicaties/Beleggingen-Pensioenfonds-Detailhandel.pdf
Pensioenfonds Detailhandel	Chailease Holding Co Ltd	Equity	2026	960.712	EUR	https://pensioenfondsdetailhandel.nl/content/Publicaties/Beleggingen-Pensioenfonds-Detailhandel.pdf
Pensioenfonds Detailhandel	Chang Hwa Commercial Bank Ltd	Equity	2026	1.120.475	EUR	https://pensioenfondsdetailhandel.nl/content/Publicaties/Beleggingen-Pensioenfonds-Detailhandel.pdf
Pensioenfonds Detailhandel	Charoen Pokphand Foods PCL	Equity	2026	542.141	EUR	https://pensioenfondsdetailhandel.nl/content/Publicaties/Beleggingen-Pensioenfonds-Detailhandel.pdf
Pensioenfonds Detailhandel	Cheng Shin Rubber Industry Co Ltd	Equity	2026	216.137	EUR	https://pensioenfondsdetailhandel.nl/content/Publicaties/Beleggingen-Pensioenfonds-Detailhandel.pdf
Pensioenfonds Detailhandel	Chicony Electronics Co Ltd	Equity	2026	480.130	EUR	https://pensioenfondsdetailhandel.nl/content/Publicaties/Beleggingen-Pensioenfonds-Detailhandel.pdf
Pensioenfonds Detailhandel	China Airlines Ltd	Equity	2026	407.704	EUR	https://pensioenfondsdetailhandel.nl/content/Publicaties/Beleggingen-Pensioenfonds-Detailhandel.pdf
Pensioenfonds Detailhandel	China Cinda Asset Management Co Ltd	Equity	2026	136.974	EUR	https://pensioenfondsdetailhandel.nl/content/Publicaties/Beleggingen-Pensioenfonds-Detailhandel.pdf
Pensioenfonds Detailhandel	China CITIC Bank Corp Ltd	Equity	2026	2.171.100	EUR	https://pensioenfondsdetailhandel.nl/content/Publicaties/Beleggingen-Pensioenfonds-Detailhandel.pdf
Pensioenfonds Detailhandel	China Conch Venture Holdings Ltd	Equity	2026	1.235.110	EUR	https://pensioenfondsdetailhandel.nl/content/Publicaties/Beleggingen-Pensioenfonds-Detailhandel.pdf
Pensioenfonds Detailhandel	China Construction Bank Corp	Equity	2026	22.855.951	EUR	https://pensioenfondsdetailhandel.nl/content/Publicaties/Beleggingen-Pensioenfonds-Detailhandel.pdf
Pensioenfonds Detailhandel	China Energy Engineering Corp Ltd	Equity	2026	295.009	EUR	https://pensioenfondsdetailhandel.nl/content/Publicaties/Beleggingen-Pensioenfonds-Detailhandel.pdf
Pensioenfonds Detailhandel	China Everbright Bank Co Ltd	Equity	2026	373.471	EUR	https://pensioenfondsdetailhandel.nl/content/Publicaties/Beleggingen-Pensioenfonds-Detailhandel.pdf
Pensioenfonds Detailhandel	China Everbright Environment Group Ltd	Equity	2026	294.850	EUR	https://pensioenfondsdetailhandel.nl/content/Publicaties/Beleggingen-Pensioenfonds-Detailhandel.pdf
Pensioenfonds Detailhandel	China Everbright Ltd	Equity	2026	97.457	EUR	https://pensioenfondsdetailhandel.nl/content/Publicaties/Beleggingen-Pensioenfonds-Detailhandel.pdf
Pensioenfonds Detailhandel	China Feihe Ltd	Equity	2026	83.596	EUR	https://pensioenfondsdetailhandel.nl/content/Publicaties/Beleggingen-Pensioenfonds-Detailhandel.pdf
Pensioenfonds Detailhandel	China Galaxy Securities Co Ltd	Equity	2026	536.958	EUR	https://pensioenfondsdetailhandel.nl/content/Publicaties/Beleggingen-Pensioenfonds-Detailhandel.pdf
Pensioenfonds Detailhandel	China Gas Holdings Ltd	Equity	2026	1.328.929	EUR	https://pensioenfondsdetailhandel.nl/content/Publicaties/Beleggingen-Pensioenfonds-Detailhandel.pdf
Pensioenfonds Detailhandel	China International Capital Corp Ltd	Equity	2026	1.227.117	EUR	https://pensioenfondsdetailhandel.nl/content/Publicaties/Beleggingen-Pensioenfonds-Detailhandel.pdf
Pensioenfonds Detailhandel	China International Marine Containers Gr	Equity	2026	152.778	EUR	https://pensioenfondsdetailhandel.nl/content/Publicaties/Beleggingen-Pensioenfonds-Detailhandel.pdf
Pensioenfonds Detailhandel	China Jinmao Holdings Group Ltd	Equity	2026	102.532	EUR	https://pensioenfondsdetailhandel.nl/content/Publicaties/Beleggingen-Pensioenfonds-Detailhandel.pdf
Pensioenfonds Detailhandel	China Lesso Group Holdings Ltd	Equity	2026	433.109	EUR	https://pensioenfondsdetailhandel.nl/content/Publicaties/Beleggingen-Pensioenfonds-Detailhandel.pdf
Pensioenfonds Detailhandel	China Life Insurance Co Ltd	Equity	2026	811.515	EUR	https://pensioenfondsdetailhandel.nl/content/Publicaties/Beleggingen-Pensioenfonds-Detailhandel.pdf
Pensioenfonds Detailhandel	China Literature Ltd	Equity	2026	126.629	EUR	https://pensioenfondsdetailhandel.nl/content/Publicaties/Beleggingen-Pensioenfonds-Detailhandel.pdf
Pensioenfonds Detailhandel	China Longyuan Power Group Corp Ltd	Equity	2026	564.340	EUR	https://pensioenfondsdetailhandel.nl/content/Publicaties/Beleggingen-Pensioenfonds-Detailhandel.pdf
Pensioenfonds Detailhandel	China Medical System Holdings Ltd	Equity	2026	510.999	EUR	https://pensioenfondsdetailhandel.nl/content/Publicaties/Beleggingen-Pensioenfonds-Detailhandel.pdf
Pensioenfonds Detailhandel	China Mengniu Dairy Co Ltd	Equity	2026	2.661.832	EUR	https://pensioenfondsdetailhandel.nl/content/Publicaties/Beleggingen-Pensioenfonds-Detailhandel.pdf
Pensioenfonds Detailhandel	China Merchants Bank Co Ltd	Equity	2026	5.032.446	EUR	https://pensioenfondsdetailhandel.nl/content/Publicaties/Beleggingen-Pensioenfonds-Detailhandel.pdf
Pensioenfonds Detailhandel	China Merchants Port Holdings Co Ltd	Equity	2026	904.316	EUR	https://pensioenfondsdetailhandel.nl/content/Publicaties/Beleggingen-Pensioenfonds-Detailhandel.pdf
Pensioenfonds Detailhandel	China Merchants Shekou Industrial Zone H	Equity	2026	104.730	EUR	https://pensioenfondsdetailhandel.nl/content/Publicaties/Beleggingen-Pensioenfonds-Detailhandel.pdf
Pensioenfonds Detailhandel	China Minsheng Banking Corp Ltd	Equity	2026	570.695	EUR	https://pensioenfondsdetailhandel.nl/content/Publicaties/Beleggingen-Pensioenfonds-Detailhandel.pdf
Pensioenfonds Detailhandel	China Oilfield Services Ltd	Equity	2026	185.928	EUR	https://pensioenfondsdetailhandel.nl/content/Publicaties/Beleggingen-Pensioenfonds-Detailhandel.pdf
Pensioenfonds Detailhandel	China Overseas Land & Investment Ltd	Equity	2026	2.442.082	EUR	https://pensioenfondsdetailhandel.nl/content/Publicaties/Beleggingen-Pensioenfonds-Detailhandel.pdf
Pensioenfonds Detailhandel	China Pacific Insurance Group Co Ltd	Equity	2026	2.864.218	EUR	https://pensioenfondsdetailhandel.nl/content/Publicaties/Beleggingen-Pensioenfonds-Detailhandel.pdf
Pensioenfonds Detailhandel	China Petroleum & Chemical Corp	Equity	2026	4.460.608	EUR	https://pensioenfondsdetailhandel.nl/content/Publicaties/Beleggingen-Pensioenfonds-Detailhandel.pdf
Pensioenfonds Detailhandel	China Railway Group Ltd	Equity	2026	1.783.375	EUR	https://pensioenfondsdetailhandel.nl/content/Publicaties/Beleggingen-Pensioenfonds-Detailhandel.pdf
Pensioenfonds Detailhandel	China Railway Signal & Communication Cor	Equity	2026	129.844	EUR	https://pensioenfondsdetailhandel.nl/content/Publicaties/Beleggingen-Pensioenfonds-Detailhandel.pdf
Pensioenfonds Detailhandel	China Resources Beer Holdings Co Ltd	Equity	2026	1.349.626	EUR	https://pensioenfondsdetailhandel.nl/content/Publicaties/Beleggingen-Pensioenfonds-Detailhandel.pdf
Pensioenfonds Detailhandel	China Resources Gas Group Ltd	Equity	2026	726.358	EUR	https://pensioenfondsdetailhandel.nl/content/Publicaties/Beleggingen-Pensioenfonds-Detailhandel.pdf
Pensioenfonds Detailhandel	China Resources Land Ltd	Equity	2026	1.731.054	EUR	https://pensioenfondsdetailhandel.nl/content/Publicaties/Beleggingen-Pensioenfonds-Detailhandel.pdf
Pensioenfonds Detailhandel	China Resources Mixc Lifestyle Services	Equity	2026	832.126	EUR	https://pensioenfondsdetailhandel.nl/content/Publicaties/Beleggingen-Pensioenfonds-Detailhandel.pdf
Pensioenfonds Detailhandel	China Resources Pharmaceutical Group Ltd	Equity	2026	169.238	EUR	https://pensioenfondsdetailhandel.nl/content/Publicaties/Beleggingen-Pensioenfonds-Detailhandel.pdf
Pensioenfonds Detailhandel	China Ruyi Holdings Ltd	Equity	2026	190.711	EUR	https://pensioenfondsdetailhandel.nl/content/Publicaties/Beleggingen-Pensioenfonds-Detailhandel.pdf
Pensioenfonds Detailhandel	China State Construction International H	Equity	2026	1.381.344	EUR	https://pensioenfondsdetailhandel.nl/content/Publicaties/Beleggingen-Pensioenfonds-Detailhandel.pdf
Pensioenfonds Detailhandel	China Steel Corp	Equity	2026	1.530.026	EUR	https://pensioenfondsdetailhandel.nl/content/Publicaties/Beleggingen-Pensioenfonds-Detailhandel.pdf
Pensioenfonds Detailhandel	China Suntien Green Energy Corp Ltd	Equity	2026	238.492	EUR	https://pensioenfondsdetailhandel.nl/content/Publicaties/Beleggingen-Pensioenfonds-Detailhandel.pdf
Pensioenfonds Detailhandel	China Taiping Insurance Holdings Co Ltd	Equity	2026	384.050	EUR	https://pensioenfondsdetailhandel.nl/content/Publicaties/Beleggingen-Pensioenfonds-Detailhandel.pdf
Pensioenfonds Detailhandel	China Tourism Group Duty Free Corp Ltd	Equity	2026	183.956	EUR	https://pensioenfondsdetailhandel.nl/content/Publicaties/Beleggingen-Pensioenfonds-Detailhandel.pdf
Pensioenfonds Detailhandel	China Tower Corp Ltd	Equity	2026	215.291	EUR	https://pensioenfondsdetailhandel.nl/content/Publicaties/Beleggingen-Pensioenfonds-Detailhandel.pdf
Pensioenfonds Detailhandel	China Vanke Co Ltd	Equity	2026	203.886	EUR	https://pensioenfondsdetailhandel.nl/content/Publicaties/Beleggingen-Pensioenfonds-Detailhandel.pdf
Pensioenfonds Detailhandel	China Yangtze Power Co Ltd	Equity	2026	1.662.923	EUR	https://pensioenfondsdetailhandel.nl/content/Publicaties/Beleggingen-Pensioenfonds-Detailhandel.pdf
Pensioenfonds Detailhandel	Cholamandalam Investment and Finance Co	Equity	2026	760.411	EUR	https://pensioenfondsdetailhandel.nl/content/Publicaties/Beleggingen-Pensioenfonds-Detailhandel.pdf
Pensioenfonds Detailhandel	Chroma ATE Inc	Equity	2026	3.619.166	EUR	https://pensioenfondsdetailhandel.nl/content/Publicaties/Beleggingen-Pensioenfonds-Detailhandel.pdf
Pensioenfonds Detailhandel	Chunghwa Telecom Co Ltd	Equity	2026	3.542.013	EUR	https://pensioenfondsdetailhandel.nl/content/Publicaties/Beleggingen-Pensioenfonds-Detailhandel.pdf
Pensioenfonds Detailhandel	Cia Cervecerias Unidas SA	Equity	2026	217.607	EUR	https://pensioenfondsdetailhandel.nl/content/Publicaties/Beleggingen-Pensioenfonds-Detailhandel.pdf
Pensioenfonds Detailhandel	Cia de Saneamento Basico do Estado de Sa	Equity	2026	3.866.470	EUR	https://pensioenfondsdetailhandel.nl/content/Publicaties/Beleggingen-Pensioenfonds-Detailhandel.pdf
Pensioenfonds Detailhandel	Cia De Sanena Do Parana	Equity	2026	466.576	EUR	https://pensioenfondsdetailhandel.nl/content/Publicaties/Beleggingen-Pensioenfonds-Detailhandel.pdf
Pensioenfonds Detailhandel	Cia Energetica de Minas Gerais	Equity	2026	1.445.425	EUR	https://pensioenfondsdetailhandel.nl/content/Publicaties/Beleggingen-Pensioenfonds-Detailhandel.pdf
Pensioenfonds Detailhandel	Cia Paranaense de Energia - Copel	Equity	2026	2.100.226	EUR	https://pensioenfondsdetailhandel.nl/content/Publicaties/Beleggingen-Pensioenfonds-Detailhandel.pdf
Pensioenfonds Detailhandel	Cia Siderurgica Nacional SA	Equity	2026	136.981	EUR	https://pensioenfondsdetailhandel.nl/content/Publicaties/Beleggingen-Pensioenfonds-Detailhandel.pdf
Pensioenfonds Detailhandel	CIMB Group Holdings Bhd	Equity	2026	3.647.265	EUR	https://pensioenfondsdetailhandel.nl/content/Publicaties/Beleggingen-Pensioenfonds-Detailhandel.pdf
Pensioenfonds Detailhandel	Cipla Ltd/India	Equity	2026	1.475.294	EUR	https://pensioenfondsdetailhandel.nl/content/Publicaties/Beleggingen-Pensioenfonds-Detailhandel.pdf
Pensioenfonds Detailhandel	CITIC Ltd	Equity	2026	232.907	EUR	https://pensioenfondsdetailhandel.nl/content/Publicaties/Beleggingen-Pensioenfonds-Detailhandel.pdf
Pensioenfonds Detailhandel	CITIC Securities Co Ltd	Equity	2026	2.021.089	EUR	https://pensioenfondsdetailhandel.nl/content/Publicaties/Beleggingen-Pensioenfonds-Detailhandel.pdf
Pensioenfonds Detailhandel	Clicks Group Ltd	Equity	2026	1.310.370	EUR	https://pensioenfondsdetailhandel.nl/content/Publicaties/Beleggingen-Pensioenfonds-Detailhandel.pdf
Pensioenfonds Detailhandel	CMOC Group Ltd	Equity	2026	4.778.931	EUR	https://pensioenfondsdetailhandel.nl/content/Publicaties/Beleggingen-Pensioenfonds-Detailhandel.pdf
Pensioenfonds Detailhandel	CNGR Advanced Material Co Ltd	Equity	2026	253.025	EUR	https://pensioenfondsdetailhandel.nl/content/Publicaties/Beleggingen-Pensioenfonds-Detailhandel.pdf
Pensioenfonds Detailhandel	Coal India Ltd	Equity	2026	179.871	EUR	https://pensioenfondsdetailhandel.nl/content/Publicaties/Beleggingen-Pensioenfonds-Detailhandel.pdf
Pensioenfonds Detailhandel	Coca-Cola Femsa SAB de CV	Equity	2026	909.872	EUR	https://pensioenfondsdetailhandel.nl/content/Publicaties/Beleggingen-Pensioenfonds-Detailhandel.pdf
Pensioenfonds Detailhandel	Coca-Cola Icecek AS	Equity	2026	421.474	EUR	https://pensioenfondsdetailhandel.nl/content/Publicaties/Beleggingen-Pensioenfonds-Detailhandel.pdf
Pensioenfonds Detailhandel	Cochin Shipyard Ltd	Equity	2026	136.325	EUR	https://pensioenfondsdetailhandel.nl/content/Publicaties/Beleggingen-Pensioenfonds-Detailhandel.pdf
Pensioenfonds Detailhandel	Coforge Ltd	Equity	2026	483.998	EUR	https://pensioenfondsdetailhandel.nl/content/Publicaties/Beleggingen-Pensioenfonds-Detailhandel.pdf
Pensioenfonds Detailhandel	Colbun SA	Equity	2026	408.285	EUR	https://pensioenfondsdetailhandel.nl/content/Publicaties/Beleggingen-Pensioenfonds-Detailhandel.pdf
Pensioenfonds Detailhandel	Colgate-Palmolive India Ltd	Equity	2026	482.231	EUR	https://pensioenfondsdetailhandel.nl/content/Publicaties/Beleggingen-Pensioenfonds-Detailhandel.pdf
Pensioenfonds Detailhandel	Commercial Bank PSQC/The	Equity	2026	327.225	EUR	https://pensioenfondsdetailhandel.nl/content/Publicaties/Beleggingen-Pensioenfonds-Detailhandel.pdf
Pensioenfonds Detailhandel	Commercial International Bank - Egypt	Sanctionized	2026		EUR	https://pensioenfondsdetailhandel.nl/content/Publicaties/Beleggingen-Pensioenfonds-Detailhandel.pdf
Pensioenfonds Detailhandel	Compal Electronics Inc	Equity	2026	690.994	EUR	https://pensioenfondsdetailhandel.nl/content/Publicaties/Beleggingen-Pensioenfonds-Detailhandel.pdf
Pensioenfonds Detailhandel	Container Corp Of India Ltd	Equity	2026	262.213	EUR	https://pensioenfondsdetailhandel.nl/content/Publicaties/Beleggingen-Pensioenfonds-Detailhandel.pdf
Pensioenfonds Detailhandel	Contemporary Amperex Technology Co Ltd	Equity	2026	8.613.589	EUR	https://pensioenfondsdetailhandel.nl/content/Publicaties/Beleggingen-Pensioenfonds-Detailhandel.pdf
Pensioenfonds Detailhandel	Coromandel International Ltd	Equity	2026	241.773	EUR	https://pensioenfondsdetailhandel.nl/content/Publicaties/Beleggingen-Pensioenfonds-Detailhandel.pdf
Pensioenfonds Detailhandel	Corp Inmobiliaria Vesta SAB de CV	Equity	2026	375.567	EUR	https://pensioenfondsdetailhandel.nl/content/Publicaties/Beleggingen-Pensioenfonds-Detailhandel.pdf
Pensioenfonds Detailhandel	Cosan SA	Equity	2026	178.355	EUR	https://pensioenfondsdetailhandel.nl/content/Publicaties/Beleggingen-Pensioenfonds-Detailhandel.pdf
Pensioenfonds Detailhandel	COSCO SHIPPING Energy Transportation Co	Equity	2026	345.362	EUR	https://pensioenfondsdetailhandel.nl/content/Publicaties/Beleggingen-Pensioenfonds-Detailhandel.pdf
Pensioenfonds Detailhandel	COSCO SHIPPING Holdings Co Ltd	Equity	2026	1.641.157	EUR	https://pensioenfondsdetailhandel.nl/content/Publicaties/Beleggingen-Pensioenfonds-Detailhandel.pdf
Pensioenfonds Detailhandel	COSCO SHIPPING Ports Ltd	Equity	2026	430.691	EUR	https://pensioenfondsdetailhandel.nl/content/Publicaties/Beleggingen-Pensioenfonds-Detailhandel.pdf
Pensioenfonds Detailhandel	Country Garden Services Holdings Co Ltd	Equity	2026	103.369	EUR	https://pensioenfondsdetailhandel.nl/content/Publicaties/Beleggingen-Pensioenfonds-Detailhandel.pdf
Pensioenfonds Detailhandel	CP ALL PCL	Equity	2026	2.210.847	EUR	https://pensioenfondsdetailhandel.nl/content/Publicaties/Beleggingen-Pensioenfonds-Detailhandel.pdf
Pensioenfonds Detailhandel	CP AXTRA PCL	Equity	2026	215.293	EUR	https://pensioenfondsdetailhandel.nl/content/Publicaties/Beleggingen-Pensioenfonds-Detailhandel.pdf
Pensioenfonds Detailhandel	CPFL Energia SA	Equity	2026	385.438	EUR	https://pensioenfondsdetailhandel.nl/content/Publicaties/Beleggingen-Pensioenfonds-Detailhandel.pdf
Pensioenfonds Detailhandel	CRRC Corp Ltd	Equity	2026	946.538	EUR	https://pensioenfondsdetailhandel.nl/content/Publicaties/Beleggingen-Pensioenfonds-Detailhandel.pdf
Pensioenfonds Detailhandel	CSC Financial Co Ltd	Equity	2026	658.746	EUR	https://pensioenfondsdetailhandel.nl/content/Publicaties/Beleggingen-Pensioenfonds-Detailhandel.pdf
Pensioenfonds Detailhandel	CSPC Pharmaceutical Group Ltd	Equity	2026	592.733	EUR	https://pensioenfondsdetailhandel.nl/content/Publicaties/Beleggingen-Pensioenfonds-Detailhandel.pdf
Pensioenfonds Detailhandel	CTBC Financial Holding Co Ltd	Equity	2026	5.838.054	EUR	https://pensioenfondsdetailhandel.nl/content/Publicaties/Beleggingen-Pensioenfonds-Detailhandel.pdf
Pensioenfonds Detailhandel	Cummins India Ltd	Equity	2026	1.454.851	EUR	https://pensioenfondsdetailhandel.nl/content/Publicaties/Beleggingen-Pensioenfonds-Detailhandel.pdf
Pensioenfonds Detailhandel	Dabur India Ltd	Equity	2026	511.309	EUR	https://pensioenfondsdetailhandel.nl/content/Publicaties/Beleggingen-Pensioenfonds-Detailhandel.pdf
Pensioenfonds Detailhandel	Damai Entertainment Holdings Ltd	Equity	2026	290.818	EUR	https://pensioenfondsdetailhandel.nl/content/Publicaties/Beleggingen-Pensioenfonds-Detailhandel.pdf
Pensioenfonds Detailhandel	Deepak Nitrite Ltd	Equity	2026	91.313	EUR	https://pensioenfondsdetailhandel.nl/content/Publicaties/Beleggingen-Pensioenfonds-Detailhandel.pdf
Pensioenfonds Detailhandel	Delta Electronics Inc	Equity	2026	25.212.947	EUR	https://pensioenfondsdetailhandel.nl/content/Publicaties/Beleggingen-Pensioenfonds-Detailhandel.pdf
Pensioenfonds Detailhandel	Delta Electronics Thailand PCL	Equity	2026	4.960.004	EUR	https://pensioenfondsdetailhandel.nl/content/Publicaties/Beleggingen-Pensioenfonds-Detailhandel.pdf
Pensioenfonds Detailhandel	Dialog Group Bhd	Equity	2026	399.389	EUR	https://pensioenfondsdetailhandel.nl/content/Publicaties/Beleggingen-Pensioenfonds-Detailhandel.pdf
Pensioenfonds Detailhandel	Discovery Ltd	Equity	2026	1.888.755	EUR	https://pensioenfondsdetailhandel.nl/content/Publicaties/Beleggingen-Pensioenfonds-Detailhandel.pdf
Pensioenfonds Detailhandel	Divi's Laboratories Ltd	Equity	2026	806.304	EUR	https://pensioenfondsdetailhandel.nl/content/Publicaties/Beleggingen-Pensioenfonds-Detailhandel.pdf
Pensioenfonds Detailhandel	Dixon Technologies India Ltd	Equity	2026	359.712	EUR	https://pensioenfondsdetailhandel.nl/content/Publicaties/Beleggingen-Pensioenfonds-Detailhandel.pdf
Pensioenfonds Detailhandel	DLF Ltd	Equity	2026	523.262	EUR	https://pensioenfondsdetailhandel.nl/content/Publicaties/Beleggingen-Pensioenfonds-Detailhandel.pdf
Pensioenfonds Detailhandel	Dr Reddy's Laboratories Ltd	Equity	2026	1.996.660	EUR	https://pensioenfondsdetailhandel.nl/content/Publicaties/Beleggingen-Pensioenfonds-Detailhandel.pdf
Pensioenfonds Detailhandel	Dr Soliman Abdel Kader Fakeeh Hospital C	Equity	2026	157.047	EUR	https://pensioenfondsdetailhandel.nl/content/Publicaties/Beleggingen-Pensioenfonds-Detailhandel.pdf
Pensioenfonds Detailhandel	Dr Sulaiman Al Habib Medical Services Gr	Equity	2026	198.592	EUR	https://pensioenfondsdetailhandel.nl/content/Publicaties/Beleggingen-Pensioenfonds-Detailhandel.pdf
Pensioenfonds Detailhandel	Dubai Electricity & Water Authority PJSC	Equity	2026	1.478.219	EUR	https://pensioenfondsdetailhandel.nl/content/Publicaties/Beleggingen-Pensioenfonds-Detailhandel.pdf
Pensioenfonds Detailhandel	Dubai Financial Market PJSC	Equity	2026	152.707	EUR	https://pensioenfondsdetailhandel.nl/content/Publicaties/Beleggingen-Pensioenfonds-Detailhandel.pdf
Pensioenfonds Detailhandel	Dubai Islamic Bank PJSC	Equity	2026	68.769	EUR	https://pensioenfondsdetailhandel.nl/content/Publicaties/Beleggingen-Pensioenfonds-Detailhandel.pdf
Pensioenfonds Detailhandel	E Ink Holdings Inc	Equity	2026	844.884	EUR	https://pensioenfondsdetailhandel.nl/content/Publicaties/Beleggingen-Pensioenfonds-Detailhandel.pdf
Pensioenfonds Detailhandel	Sun Financial Holding Co Ltd	Equity	2026	3.438.226	EUR	https://pensioenfondsdetailhandel.nl/content/Publicaties/Beleggingen-Pensioenfonds-Detailhandel.pdf
Pensioenfonds Detailhandel	East Buy Holding Ltd	Equity	2026	129.284	EUR	https://pensioenfondsdetailhandel.nl/content/Publicaties/Beleggingen-Pensioenfonds-Detailhandel.pdf
Pensioenfonds Detailhandel	East Money Information Co Ltd	Equity	2026	159.041	EUR	https://pensioenfondsdetailhandel.nl/content/Publicaties/Beleggingen-Pensioenfonds-Detailhandel.pdf
Pensioenfonds Detailhandel	Eclat Textile Co Ltd	Equity	2026	627.107	EUR	https://pensioenfondsdetailhandel.nl/content/Publicaties/Beleggingen-Pensioenfonds-Detailhandel.pdf
Pensioenfonds Detailhandel	Ecopetrol SA	Equity	2026	1.324.660	EUR	https://pensioenfondsdetailhandel.nl/content/Publicaties/Beleggingen-Pensioenfonds-Detailhandel.pdf
Pensioenfonds Detailhandel	Eicher Motors Ltd	Equity	2026	1.817.098	EUR	https://pensioenfondsdetailhandel.nl/content/Publicaties/Beleggingen-Pensioenfonds-Detailhandel.pdf
Pensioenfonds Detailhandel	Elite Material Co Ltd	Equity	2026	1.623.419	EUR	https://pensioenfondsdetailhandel.nl/content/Publicaties/Beleggingen-Pensioenfonds-Detailhandel.pdf
Pensioenfonds Detailhandel	Elm Co	Equity	2026	330.495	EUR	https://pensioenfondsdetailhandel.nl/content/Publicaties/Beleggingen-Pensioenfonds-Detailhandel.pdf
Pensioenfonds Detailhandel	Emaar Development PJSC	Equity	2026	320.769	EUR	https://pensioenfondsdetailhandel.nl/content/Publicaties/Beleggingen-Pensioenfonds-Detailhandel.pdf
Pensioenfonds Detailhandel	Emaar Properties PJSC	Equity	2026	726.557	EUR	https://pensioenfondsdetailhandel.nl/content/Publicaties/Beleggingen-Pensioenfonds-Detailhandel.pdf
Pensioenfonds Detailhandel	Emami Ltd	Equity	2026	141.251	EUR	https://pensioenfondsdetailhandel.nl/content/Publicaties/Beleggingen-Pensioenfonds-Detailhandel.pdf
Pensioenfonds Detailhandel	Embassy Office Parks REIT	Equity	2026	1.111.397	EUR	https://pensioenfondsdetailhandel.nl/content/Publicaties/Beleggingen-Pensioenfonds-Detailhandel.pdf
Pensioenfonds Detailhandel	Embotelladora Andina SA	Equity	2026	430.262	EUR	https://pensioenfondsdetailhandel.nl/content/Publicaties/Beleggingen-Pensioenfonds-Detailhandel.pdf
Pensioenfonds Detailhandel	Embraer SA	Equity	2026	2.210.948	EUR	https://pensioenfondsdetailhandel.nl/content/Publicaties/Beleggingen-Pensioenfonds-Detailhandel.pdf
Pensioenfonds Detailhandel	eMemory Technology Inc	Equity	2026	785.376	EUR	https://pensioenfondsdetailhandel.nl/content/Publicaties/Beleggingen-Pensioenfonds-Detailhandel.pdf
Pensioenfonds Detailhandel	Emirates NBD Bank PJSC	Equity	2026	1.464.742	EUR	https://pensioenfondsdetailhandel.nl/content/Publicaties/Beleggingen-Pensioenfonds-Detailhandel.pdf
Pensioenfonds Detailhandel	Emirates Telecommunications Group Co PJS	Equity	2026	4.110.252	EUR	https://pensioenfondsdetailhandel.nl/content/Publicaties/Beleggingen-Pensioenfonds-Detailhandel.pdf
Pensioenfonds Detailhandel	Empresas CMPC SA	Equity	2026	471.142	EUR	https://pensioenfondsdetailhandel.nl/content/Publicaties/Beleggingen-Pensioenfonds-Detailhandel.pdf
Pensioenfonds Detailhandel	Empresas Copec SA	Equity	2026	809.741	EUR	https://pensioenfondsdetailhandel.nl/content/Publicaties/Beleggingen-Pensioenfonds-Detailhandel.pdf
Pensioenfonds Detailhandel	Enel Americas SA	Equity	2026	551.837	EUR	https://pensioenfondsdetailhandel.nl/content/Publicaties/Beleggingen-Pensioenfonds-Detailhandel.pdf
Pensioenfonds Detailhandel	Enel Chile SA	Equity	2026	902.818	EUR	https://pensioenfondsdetailhandel.nl/content/Publicaties/Beleggingen-Pensioenfonds-Detailhandel.pdf
Pensioenfonds Detailhandel	Energisa S/A	Equity	2026	840.903	EUR	https://pensioenfondsdetailhandel.nl/content/Publicaties/Beleggingen-Pensioenfonds-Detailhandel.pdf
Pensioenfonds Detailhandel	Enerjisa Enerji AS	Equity	2026	212.448	EUR	https://pensioenfondsdetailhandel.nl/content/Publicaties/Beleggingen-Pensioenfonds-Detailhandel.pdf
Pensioenfonds Detailhandel	Eneva SA	Equity	2026	1.029.821	EUR	https://pensioenfondsdetailhandel.nl/content/Publicaties/Beleggingen-Pensioenfonds-Detailhandel.pdf
Pensioenfonds Detailhandel	Engie Brasil Energia SA	Equity	2026	720.104	EUR	https://pensioenfondsdetailhandel.nl/content/Publicaties/Beleggingen-Pensioenfonds-Detailhandel.pdf
Pensioenfonds Detailhandel	Enka Insaat ve Sanayi AS	Equity	2026	1.328.261	EUR	https://pensioenfondsdetailhandel.nl/content/Publicaties/Beleggingen-Pensioenfonds-Detailhandel.pdf
Pensioenfonds Detailhandel	ENN Energy Holdings Ltd	Equity	2026	2.539.336	EUR	https://pensioenfondsdetailhandel.nl/content/Publicaties/Beleggingen-Pensioenfonds-Detailhandel.pdf
Pensioenfonds Detailhandel	Equatorial SA	Equity	2026	841.271	EUR	https://pensioenfondsdetailhandel.nl/content/Publicaties/Beleggingen-Pensioenfonds-Detailhandel.pdf
Pensioenfonds Detailhandel	Eregli Demir ve Celik Fabrikalari TAS	Equity	2026	196.276	EUR	https://pensioenfondsdetailhandel.nl/content/Publicaties/Beleggingen-Pensioenfonds-Detailhandel.pdf
Pensioenfonds Detailhandel	Eternal Ltd	Equity	2026	1.800.868	EUR	https://pensioenfondsdetailhandel.nl/content/Publicaties/Beleggingen-Pensioenfonds-Detailhandel.pdf
Pensioenfonds Detailhandel	Eternal Materials Co Ltd	Equity	2026	284.514	EUR	https://pensioenfondsdetailhandel.nl/content/Publicaties/Beleggingen-Pensioenfonds-Detailhandel.pdf
Pensioenfonds Detailhandel	Etihad Etisalat Co	Equity	2026	696.625	EUR	https://pensioenfondsdetailhandel.nl/content/Publicaties/Beleggingen-Pensioenfonds-Detailhandel.pdf
Pensioenfonds Detailhandel	Eurobank SA	Equity	2026	2.065.071	EUR	https://pensioenfondsdetailhandel.nl/content/Publicaties/Beleggingen-Pensioenfonds-Detailhandel.pdf
Pensioenfonds Detailhandel	Eva Airways Corp	Equity	2026	492.165	EUR	https://pensioenfondsdetailhandel.nl/content/Publicaties/Beleggingen-Pensioenfonds-Detailhandel.pdf
Pensioenfonds Detailhandel	Eve Energy Co Ltd	Equity	2026	486.398	EUR	https://pensioenfondsdetailhandel.nl/content/Publicaties/Beleggingen-Pensioenfonds-Detailhandel.pdf
Pensioenfonds Detailhandel	Evergreen Marine Corp Taiwan Ltd	Equity	2026	594.668	EUR	https://pensioenfondsdetailhandel.nl/content/Publicaties/Beleggingen-Pensioenfonds-Detailhandel.pdf
Pensioenfonds Detailhandel	Exide Industries Ltd	Equity	2026	214.290	EUR	https://pensioenfondsdetailhandel.nl/content/Publicaties/Beleggingen-Pensioenfonds-Detailhandel.pdf
Pensioenfonds Detailhandel	Exxaro Resources Ltd	Equity	2026	262.308	EUR	https://pensioenfondsdetailhandel.nl/content/Publicaties/Beleggingen-Pensioenfonds-Detailhandel.pdf
Pensioenfonds Detailhandel	Falabella SA	Equity	2026	445.727	EUR	https://pensioenfondsdetailhandel.nl/content/Publicaties/Beleggingen-Pensioenfonds-Detailhandel.pdf
Pensioenfonds Detailhandel	Far East Horizon Ltd	Equity	2026	472.270	EUR	https://pensioenfondsdetailhandel.nl/content/Publicaties/Beleggingen-Pensioenfonds-Detailhandel.pdf
Pensioenfonds Detailhandel	Far Eastern International Bank	Equity	2026	192.828	EUR	https://pensioenfondsdetailhandel.nl/content/Publicaties/Beleggingen-Pensioenfonds-Detailhandel.pdf
Pensioenfonds Detailhandel	Far Eastern New Century Corp	Equity	2026	601.884	EUR	https://pensioenfondsdetailhandel.nl/content/Publicaties/Beleggingen-Pensioenfonds-Detailhandel.pdf
Pensioenfonds Detailhandel	Far EasTone Telecommunications Co Ltd	Equity	2026	995.446	EUR	https://pensioenfondsdetailhandel.nl/content/Publicaties/Beleggingen-Pensioenfonds-Detailhandel.pdf
Pensioenfonds Detailhandel	Federal Bank Ltd	Equity	2026	716.977	EUR	https://pensioenfondsdetailhandel.nl/content/Publicaties/Beleggingen-Pensioenfonds-Detailhandel.pdf
Pensioenfonds Detailhandel	Feng TAY Enterprise Co Ltd	Equity	2026	318.070	EUR	https://pensioenfondsdetailhandel.nl/content/Publicaties/Beleggingen-Pensioenfonds-Detailhandel.pdf
Pensioenfonds Detailhandel	Fibra Uno Administracion SA de CV	Equity	2026	1.736.859	EUR	https://pensioenfondsdetailhandel.nl/content/Publicaties/Beleggingen-Pensioenfonds-Detailhandel.pdf
Pensioenfonds Detailhandel	First Abu Dhabi Bank PJSC	Equity	2026	5.811.288	EUR	https://pensioenfondsdetailhandel.nl/content/Publicaties/Beleggingen-Pensioenfonds-Detailhandel.pdf
Pensioenfonds Detailhandel	First Financial Holding Co Ltd	Equity	2026	2.358.867	EUR	https://pensioenfondsdetailhandel.nl/content/Publicaties/Beleggingen-Pensioenfonds-Detailhandel.pdf
Pensioenfonds Detailhandel	FirstRand Ltd	Equity	2026	7.429.124	EUR	https://pensioenfondsdetailhandel.nl/content/Publicaties/Beleggingen-Pensioenfonds-Detailhandel.pdf
Pensioenfonds Detailhandel	Fomento Economico Mexicano SAB de CV	Equity	2026	3.168.375	EUR	https://pensioenfondsdetailhandel.nl/content/Publicaties/Beleggingen-Pensioenfonds-Detailhandel.pdf
Pensioenfonds Detailhandel	Ford Otomotiv Sanayi AS	Equity	2026	502.878	EUR	https://pensioenfondsdetailhandel.nl/content/Publicaties/Beleggingen-Pensioenfonds-Detailhandel.pdf
Pensioenfonds Detailhandel	Formosa Chemicals & Fibre Corp	Equity	2026	602.818	EUR	https://pensioenfondsdetailhandel.nl/content/Publicaties/Beleggingen-Pensioenfonds-Detailhandel.pdf
Pensioenfonds Detailhandel	Formosa Petrochemical Corp	Equity	2026	327.586	EUR	https://pensioenfondsdetailhandel.nl/content/Publicaties/Beleggingen-Pensioenfonds-Detailhandel.pdf
Pensioenfonds Detailhandel	Formosa Plastics Corp	Equity	2026	583.160	EUR	https://pensioenfondsdetailhandel.nl/content/Publicaties/Beleggingen-Pensioenfonds-Detailhandel.pdf
Pensioenfonds Detailhandel	Fortis Healthcare Ltd	Equity	2026	362.172	EUR	https://pensioenfondsdetailhandel.nl/content/Publicaties/Beleggingen-Pensioenfonds-Detailhandel.pdf
Pensioenfonds Detailhandel	Fortune Electric Co Ltd	Equity	2026	258.517	EUR	https://pensioenfondsdetailhandel.nl/content/Publicaties/Beleggingen-Pensioenfonds-Detailhandel.pdf
Pensioenfonds Detailhandel	Foschini Group Ltd	Equity	2026	369.406	EUR	https://pensioenfondsdetailhandel.nl/content/Publicaties/Beleggingen-Pensioenfonds-Detailhandel.pdf
Pensioenfonds Detailhandel	Foshan Haitian Flavouring & Food Co Ltd	Equity	2026	266.879	EUR	https://pensioenfondsdetailhandel.nl/content/Publicaties/Beleggingen-Pensioenfonds-Detailhandel.pdf
Pensioenfonds Detailhandel	Fosun International Ltd	Equity	2026	587.076	EUR	https://pensioenfondsdetailhandel.nl/content/Publicaties/Beleggingen-Pensioenfonds-Detailhandel.pdf
Pensioenfonds Detailhandel	Foxconn Industrial Internet Co Ltd	Equity	2026	1.687.764	EUR	https://pensioenfondsdetailhandel.nl/content/Publicaties/Beleggingen-Pensioenfonds-Detailhandel.pdf
Pensioenfonds Detailhandel	Foxconn Technology Co Ltd	Equity	2026	174.110	EUR	https://pensioenfondsdetailhandel.nl/content/Publicaties/Beleggingen-Pensioenfonds-Detailhandel.pdf
Pensioenfonds Detailhandel	Fraser & Neave Holdings Bhd	Equity	2026	378.757	EUR	https://pensioenfondsdetailhandel.nl/content/Publicaties/Beleggingen-Pensioenfonds-Detailhandel.pdf
Pensioenfonds Detailhandel	Fubon Financial Holding Co Ltd	Equity	2026	4.559.176	EUR	https://pensioenfondsdetailhandel.nl/content/Publicaties/Beleggingen-Pensioenfonds-Detailhandel.pdf
Pensioenfonds Detailhandel	Fuyao Glass Industry Group Co Ltd	Equity	2026	1.950.874	EUR	https://pensioenfondsdetailhandel.nl/content/Publicaties/Beleggingen-Pensioenfonds-Detailhandel.pdf
Pensioenfonds Detailhandel	GAIL India Ltd	Equity	2026	1.161.638	EUR	https://pensioenfondsdetailhandel.nl/content/Publicaties/Beleggingen-Pensioenfonds-Detailhandel.pdf
Pensioenfonds Detailhandel	Gamuda Bhd	Equity	2026	1.758.640	EUR	https://pensioenfondsdetailhandel.nl/content/Publicaties/Beleggingen-Pensioenfonds-Detailhandel.pdf
Pensioenfonds Detailhandel	Ganfeng Lithium Group Co Ltd	Equity	2026	1.414.093	EUR	https://pensioenfondsdetailhandel.nl/content/Publicaties/Beleggingen-Pensioenfonds-Detailhandel.pdf
Pensioenfonds Detailhandel	GCC SAB de CV	Equity	2026	445.436	EUR	https://pensioenfondsdetailhandel.nl/content/Publicaties/Beleggingen-Pensioenfonds-Detailhandel.pdf
Pensioenfonds Detailhandel	GCL Technology Holdings Ltd	Equity	2026	280.083	EUR	https://pensioenfondsdetailhandel.nl/content/Publicaties/Beleggingen-Pensioenfonds-Detailhandel.pdf
Pensioenfonds Detailhandel	GDS Holdings Ltd	Equity	2026	144.457	EUR	https://pensioenfondsdetailhandel.nl/content/Publicaties/Beleggingen-Pensioenfonds-Detailhandel.pdf
Pensioenfonds Detailhandel	GE Vernova T&D India Ltd	Equity	2026	308.694	EUR	https://pensioenfondsdetailhandel.nl/content/Publicaties/Beleggingen-Pensioenfonds-Detailhandel.pdf
Pensioenfonds Detailhandel	Geely Automobile Holdings Ltd	Equity	2026	7.183.704	EUR	https://pensioenfondsdetailhandel.nl/content/Publicaties/Beleggingen-Pensioenfonds-Detailhandel.pdf
Pensioenfonds Detailhandel	GEK TERNA SA	Equity	2026	755.315	EUR	https://pensioenfondsdetailhandel.nl/content/Publicaties/Beleggingen-Pensioenfonds-Detailhandel.pdf
Pensioenfonds Detailhandel	GEM Co Ltd	Equity	2026	174.201	EUR	https://pensioenfondsdetailhandel.nl/content/Publicaties/Beleggingen-Pensioenfonds-Detailhandel.pdf
Pensioenfonds Detailhandel	Genscript Biotech Corp	Equity	2026	82.427	EUR	https://pensioenfondsdetailhandel.nl/content/Publicaties/Beleggingen-Pensioenfonds-Detailhandel.pdf
Pensioenfonds Detailhandel	Genting Bhd	Equity	2026	102.142	EUR	https://pensioenfondsdetailhandel.nl/content/Publicaties/Beleggingen-Pensioenfonds-Detailhandel.pdf
Pensioenfonds Detailhandel	Genting Malaysia Bhd	Equity	2026	284.484	EUR	https://pensioenfondsdetailhandel.nl/content/Publicaties/Beleggingen-Pensioenfonds-Detailhandel.pdf
Pensioenfonds Detailhandel	Gerdau SA	Equity	2026	1.176.284	EUR	https://pensioenfondsdetailhandel.nl/content/Publicaties/Beleggingen-Pensioenfonds-Detailhandel.pdf
Pensioenfonds Detailhandel	GF Securities Co Ltd	Equity	2026	298.729	EUR	https://pensioenfondsdetailhandel.nl/content/Publicaties/Beleggingen-Pensioenfonds-Detailhandel.pdf
Pensioenfonds Detailhandel	Giant Biogene Holding Co ltd	Equity	2026	270.937	EUR	https://pensioenfondsdetailhandel.nl/content/Publicaties/Beleggingen-Pensioenfonds-Detailhandel.pdf
Pensioenfonds Detailhandel	Giant Manufacturing Co Ltd	Equity	2026	149.678	EUR	https://pensioenfondsdetailhandel.nl/content/Publicaties/Beleggingen-Pensioenfonds-Detailhandel.pdf
Pensioenfonds Detailhandel	Gigabyte Technology Co Ltd	Equity	2026	422.822	EUR	https://pensioenfondsdetailhandel.nl/content/Publicaties/Beleggingen-Pensioenfonds-Detailhandel.pdf
Pensioenfonds Detailhandel	GigaDevice Semiconductor Inc	Equity	2026	287.232	EUR	https://pensioenfondsdetailhandel.nl/content/Publicaties/Beleggingen-Pensioenfonds-Detailhandel.pdf
Pensioenfonds Detailhandel	GlaxoSmithKline Pharmaceuticals Ltd	Equity	2026	182.310	EUR	https://pensioenfondsdetailhandel.nl/content/Publicaties/Beleggingen-Pensioenfonds-Detailhandel.pdf
Pensioenfonds Detailhandel	Glenmark Pharmaceuticals Ltd	Equity	2026	765.354	EUR	https://pensioenfondsdetailhandel.nl/content/Publicaties/Beleggingen-Pensioenfonds-Detailhandel.pdf
Pensioenfonds Detailhandel	Global Power Synergy PCL	Equity	2026	288.199	EUR	https://pensioenfondsdetailhandel.nl/content/Publicaties/Beleggingen-Pensioenfonds-Detailhandel.pdf
Pensioenfonds Detailhandel	Global Unichip Corp	Equity	2026	940.389	EUR	https://pensioenfondsdetailhandel.nl/content/Publicaties/Beleggingen-Pensioenfonds-Detailhandel.pdf
Pensioenfonds Detailhandel	Globalwafers Co Ltd	Equity	2026	365.296	EUR	https://pensioenfondsdetailhandel.nl/content/Publicaties/Beleggingen-Pensioenfonds-Detailhandel.pdf
Pensioenfonds Detailhandel	Globe Telecom Inc	Equity	2026	177.669	EUR	https://pensioenfondsdetailhandel.nl/content/Publicaties/Beleggingen-Pensioenfonds-Detailhandel.pdf
Pensioenfonds Detailhandel	GMR Airports Ltd	Equity	2026	283.307	EUR	https://pensioenfondsdetailhandel.nl/content/Publicaties/Beleggingen-Pensioenfonds-Detailhandel.pdf
Pensioenfonds Detailhandel	Godrej Consumer Products Ltd	Equity	2026	869.521	EUR	https://pensioenfondsdetailhandel.nl/content/Publicaties/Beleggingen-Pensioenfonds-Detailhandel.pdf
Pensioenfonds Detailhandel	Godrej Properties Ltd	Equity	2026	735.080	EUR	https://pensioenfondsdetailhandel.nl/content/Publicaties/Beleggingen-Pensioenfonds-Detailhandel.pdf
Pensioenfonds Detailhandel	GoerTek Inc	Equity	2026	249.228	EUR	https://pensioenfondsdetailhandel.nl/content/Publicaties/Beleggingen-Pensioenfonds-Detailhandel.pdf
Pensioenfonds Detailhandel	Gold Circuit Electronics Ltd	Equity	2026	910.526	EUR	https://pensioenfondsdetailhandel.nl/content/Publicaties/Beleggingen-Pensioenfonds-Detailhandel.pdf
Pensioenfonds Detailhandel	Gold Fields Ltd	Equity	2026	11.277.910	EUR	https://pensioenfondsdetailhandel.nl/content/Publicaties/Beleggingen-Pensioenfonds-Detailhandel.pdf
Pensioenfonds Detailhandel	Goldwind Science & Technology Co Ltd	Equity	2026	695.971	EUR	https://pensioenfondsdetailhandel.nl/content/Publicaties/Beleggingen-Pensioenfonds-Detailhandel.pdf
Pensioenfonds Detailhandel	Gotion High-tech Co Ltd	Equity	2026	164.640	EUR	https://pensioenfondsdetailhandel.nl/content/Publicaties/Beleggingen-Pensioenfonds-Detailhandel.pdf
Pensioenfonds Detailhandel	GoTo Gojek Tokopedia Tbk PT	Equity	2026	261.519	EUR	https://pensioenfondsdetailhandel.nl/content/Publicaties/Beleggingen-Pensioenfonds-Detailhandel.pdf
Pensioenfonds Detailhandel	Grasim Industries Ltd	Equity	2026	461.199	EUR	https://pensioenfondsdetailhandel.nl/content/Publicaties/Beleggingen-Pensioenfonds-Detailhandel.pdf
Pensioenfonds Detailhandel	Great Wall Motor Co Ltd	Equity	2026	684.537	EUR	https://pensioenfondsdetailhandel.nl/content/Publicaties/Beleggingen-Pensioenfonds-Detailhandel.pdf
Pensioenfonds Detailhandel	Growthpoint Properties Ltd	Equity	2026	1.957.246	EUR	https://pensioenfondsdetailhandel.nl/content/Publicaties/Beleggingen-Pensioenfonds-Detailhandel.pdf
Pensioenfonds Detailhandel	Gruma SAB de CV	Equity	2026	120.963	EUR	https://pensioenfondsdetailhandel.nl/content/Publicaties/Beleggingen-Pensioenfonds-Detailhandel.pdf
Pensioenfonds Detailhandel	Grupo Aeroportuario del Centro Norte SAB	Equity	2026	87.016	EUR	https://pensioenfondsdetailhandel.nl/content/Publicaties/Beleggingen-Pensioenfonds-Detailhandel.pdf
Pensioenfonds Detailhandel	Grupo Aeroportuario del Pacifico SAB de	Equity	2026	2.051.839	EUR	https://pensioenfondsdetailhandel.nl/content/Publicaties/Beleggingen-Pensioenfonds-Detailhandel.pdf
Pensioenfonds Detailhandel	Grupo Aeroportuario del Sureste SAB de C	Equity	2026	582.235	EUR	https://pensioenfondsdetailhandel.nl/content/Publicaties/Beleggingen-Pensioenfonds-Detailhandel.pdf
Pensioenfonds Detailhandel	Grupo Bimbo SAB de CV	Equity	2026	1.039.599	EUR	https://pensioenfondsdetailhandel.nl/content/Publicaties/Beleggingen-Pensioenfonds-Detailhandel.pdf
Pensioenfonds Detailhandel	Grupo Cibest SA	Equity	2026	1.356.141	EUR	https://pensioenfondsdetailhandel.nl/content/Publicaties/Beleggingen-Pensioenfonds-Detailhandel.pdf
Pensioenfonds Detailhandel	Grupo Financiero Banorte SAB de CV	Equity	2026	5.969.553	EUR	https://pensioenfondsdetailhandel.nl/content/Publicaties/Beleggingen-Pensioenfonds-Detailhandel.pdf
Pensioenfonds Detailhandel	Grupo Mexico SAB de CV	Equity	2026	9.968.154	EUR	https://pensioenfondsdetailhandel.nl/content/Publicaties/Beleggingen-Pensioenfonds-Detailhandel.pdf
Pensioenfonds Detailhandel	Guangdong Investment Ltd	Equity	2026	361.850	EUR	https://pensioenfondsdetailhandel.nl/content/Publicaties/Beleggingen-Pensioenfonds-Detailhandel.pdf
Pensioenfonds Detailhandel	Guangzhou Automobile Group Co Ltd	Equity	2026	217.396	EUR	https://pensioenfondsdetailhandel.nl/content/Publicaties/Beleggingen-Pensioenfonds-Detailhandel.pdf
Pensioenfonds Detailhandel	Gujarat Gas Ltd	Equity	2026	155.868	EUR	https://pensioenfondsdetailhandel.nl/content/Publicaties/Beleggingen-Pensioenfonds-Detailhandel.pdf
Pensioenfonds Detailhandel	Gulf Bank KSCP	Equity	2026	26.604	EUR	https://pensioenfondsdetailhandel.nl/content/Publicaties/Beleggingen-Pensioenfonds-Detailhandel.pdf
Pensioenfonds Detailhandel	Gulf Development PCL	Equity	2026	2.203.923	EUR	https://pensioenfondsdetailhandel.nl/content/Publicaties/Beleggingen-Pensioenfonds-Detailhandel.pdf
Pensioenfonds Detailhandel	Guotai Haitong Securities Co Ltd	Equity	2026	1.810.896	EUR	https://pensioenfondsdetailhandel.nl/content/Publicaties/Beleggingen-Pensioenfonds-Detailhandel.pdf
Pensioenfonds Detailhandel	H World Group Ltd	Equity	2026	526.759	EUR	https://pensioenfondsdetailhandel.nl/content/Publicaties/Beleggingen-Pensioenfonds-Detailhandel.pdf
Pensioenfonds Detailhandel	Haidilao International Holding Ltd	Equity	2026	238.532	EUR	https://pensioenfondsdetailhandel.nl/content/Publicaties/Beleggingen-Pensioenfonds-Detailhandel.pdf
Pensioenfonds Detailhandel	Haier Smart Home Co Ltd	Equity	2026	1.882.654	EUR	https://pensioenfondsdetailhandel.nl/content/Publicaties/Beleggingen-Pensioenfonds-Detailhandel.pdf
Pensioenfonds Detailhandel	Haitian International Holdings Ltd	Equity	2026	787.382	EUR	https://pensioenfondsdetailhandel.nl/content/Publicaties/Beleggingen-Pensioenfonds-Detailhandel.pdf
Pensioenfonds Detailhandel	Hangzhou Tigermed Consulting Co Ltd	Equity	2026	308.930	EUR	https://pensioenfondsdetailhandel.nl/content/Publicaties/Beleggingen-Pensioenfonds-Detailhandel.pdf
Pensioenfonds Detailhandel	Hansoh Pharmaceutical Group Co Ltd	Equity	2026	1.248.981	EUR	https://pensioenfondsdetailhandel.nl/content/Publicaties/Beleggingen-Pensioenfonds-Detailhandel.pdf
Pensioenfonds Detailhandel	Harmony Gold Mining Co Ltd	Equity	2026	944.353	EUR	https://pensioenfondsdetailhandel.nl/content/Publicaties/Beleggingen-Pensioenfonds-Detailhandel.pdf
Pensioenfonds Detailhandel	Havells India Ltd	Equity	2026	565.271	EUR	https://pensioenfondsdetailhandel.nl/content/Publicaties/Beleggingen-Pensioenfonds-Detailhandel.pdf
Pensioenfonds Detailhandel	HCL Technologies Ltd	Equity	2026	2.640.989	EUR	https://pensioenfondsdetailhandel.nl/content/Publicaties/Beleggingen-Pensioenfonds-Detailhandel.pdf
Pensioenfonds Detailhandel	HDFC Asset Management Co Ltd	Equity	2026	573.221	EUR	https://pensioenfondsdetailhandel.nl/content/Publicaties/Beleggingen-Pensioenfonds-Detailhandel.pdf
Pensioenfonds Detailhandel	HDFC Bank Ltd	Equity	2026	15.625.834	EUR	https://pensioenfondsdetailhandel.nl/content/Publicaties/Beleggingen-Pensioenfonds-Detailhandel.pdf
Pensioenfonds Detailhandel	HDFC Life Insurance Co Ltd	Equity	2026	1.373.534	EUR	https://pensioenfondsdetailhandel.nl/content/Publicaties/Beleggingen-Pensioenfonds-Detailhandel.pdf
Pensioenfonds Detailhandel	Hellenic Telecommunications Organization	Equity	2026	376.780	EUR	https://pensioenfondsdetailhandel.nl/content/Publicaties/Beleggingen-Pensioenfonds-Detailhandel.pdf
Pensioenfonds Detailhandel	HELLENiQ ENERGY Holdings	Sanctionized	2026		EUR	https://pensioenfondsdetailhandel.nl/content/Publicaties/Beleggingen-Pensioenfonds-Detailhandel.pdf
Pensioenfonds Detailhandel	Henan Shuanghui Investment & Development	Equity	2026	117.056	EUR	https://pensioenfondsdetailhandel.nl/content/Publicaties/Beleggingen-Pensioenfonds-Detailhandel.pdf
Pensioenfonds Detailhandel	Hengan International Group Co Ltd	Equity	2026	747.359	EUR	https://pensioenfondsdetailhandel.nl/content/Publicaties/Beleggingen-Pensioenfonds-Detailhandel.pdf
Pensioenfonds Detailhandel	Hero MotoCorp Ltd	Equity	2026	1.614.039	EUR	https://pensioenfondsdetailhandel.nl/content/Publicaties/Beleggingen-Pensioenfonds-Detailhandel.pdf
Pensioenfonds Detailhandel	Hindalco Industries Ltd	Equity	2026	3.563.463	EUR	https://pensioenfondsdetailhandel.nl/content/Publicaties/Beleggingen-Pensioenfonds-Detailhandel.pdf
Pensioenfonds Detailhandel	Hindustan Aeronautics Ltd	Equity	2026	1.014.429	EUR	https://pensioenfondsdetailhandel.nl/content/Publicaties/Beleggingen-Pensioenfonds-Detailhandel.pdf
Pensioenfonds Detailhandel	Hindustan Petroleum Corp Ltd	Equity	2026	422.657	EUR	https://pensioenfondsdetailhandel.nl/content/Publicaties/Beleggingen-Pensioenfonds-Detailhandel.pdf
Pensioenfonds Detailhandel	Hindustan Unilever Ltd	Equity	2026	2.469.443	EUR	https://pensioenfondsdetailhandel.nl/content/Publicaties/Beleggingen-Pensioenfonds-Detailhandel.pdf
Pensioenfonds Detailhandel	Hindustan Zinc Ltd	Equity	2026	511.451	EUR	https://pensioenfondsdetailhandel.nl/content/Publicaties/Beleggingen-Pensioenfonds-Detailhandel.pdf
Pensioenfonds Detailhandel	Hisense Home Appliances Group Co Ltd	Equity	2026	112.631	EUR	https://pensioenfondsdetailhandel.nl/content/Publicaties/Beleggingen-Pensioenfonds-Detailhandel.pdf
Pensioenfonds Detailhandel	Hitachi Energy India Ltd	Equity	2026	207.789	EUR	https://pensioenfondsdetailhandel.nl/content/Publicaties/Beleggingen-Pensioenfonds-Detailhandel.pdf
Pensioenfonds Detailhandel	Hiwin Technologies Corp	Equity	2026	473.267	EUR	https://pensioenfondsdetailhandel.nl/content/Publicaties/Beleggingen-Pensioenfonds-Detailhandel.pdf
Pensioenfonds Detailhandel	Home Product Center PCL	Equity	2026	316.955	EUR	https://pensioenfondsdetailhandel.nl/content/Publicaties/Beleggingen-Pensioenfonds-Detailhandel.pdf
Pensioenfonds Detailhandel	Hon Hai Precision Industry Co Ltd	Equity	2026	12.297.807	EUR	https://pensioenfondsdetailhandel.nl/content/Publicaties/Beleggingen-Pensioenfonds-Detailhandel.pdf
Pensioenfonds Detailhandel	Hong Leong Bank Bhd	Equity	2026	794.271	EUR	https://pensioenfondsdetailhandel.nl/content/Publicaties/Beleggingen-Pensioenfonds-Detailhandel.pdf
Pensioenfonds Detailhandel	Horizon Robotics	Equity	2026	295.037	EUR	https://pensioenfondsdetailhandel.nl/content/Publicaties/Beleggingen-Pensioenfonds-Detailhandel.pdf
Pensioenfonds Detailhandel	Hotai Motor Co Ltd	Equity	2026	475.679	EUR	https://pensioenfondsdetailhandel.nl/content/Publicaties/Beleggingen-Pensioenfonds-Detailhandel.pdf
Pensioenfonds Detailhandel	HTC Corp	Equity	2026	205.387	EUR	https://pensioenfondsdetailhandel.nl/content/Publicaties/Beleggingen-Pensioenfonds-Detailhandel.pdf
Pensioenfonds Detailhandel	Hua Hong Semiconductor Ltd	Equity	2026	756.431	EUR	https://pensioenfondsdetailhandel.nl/content/Publicaties/Beleggingen-Pensioenfonds-Detailhandel.pdf
Pensioenfonds Detailhandel	Hua Nan Financial Holdings Co Ltd	Equity	2026	1.856.950	EUR	https://pensioenfondsdetailhandel.nl/content/Publicaties/Beleggingen-Pensioenfonds-Detailhandel.pdf
Pensioenfonds Detailhandel	Huatai Securities Co Ltd	Equity	2026	856.631	EUR	https://pensioenfondsdetailhandel.nl/content/Publicaties/Beleggingen-Pensioenfonds-Detailhandel.pdf
Pensioenfonds Detailhandel	Hypera SA	Equity	2026	210.120	EUR	https://pensioenfondsdetailhandel.nl/content/Publicaties/Beleggingen-Pensioenfonds-Detailhandel.pdf
Pensioenfonds Detailhandel	ICICI Bank Ltd	Equity	2026	7.376.151	EUR	https://pensioenfondsdetailhandel.nl/content/Publicaties/Beleggingen-Pensioenfonds-Detailhandel.pdf
Pensioenfonds Detailhandel	ICICI Lombard General Insurance Co Ltd	Equity	2026	876.441	EUR	https://pensioenfondsdetailhandel.nl/content/Publicaties/Beleggingen-Pensioenfonds-Detailhandel.pdf
Pensioenfonds Detailhandel	ICICI Prudential Life Insurance Co Ltd	Equity	2026	513.771	EUR	https://pensioenfondsdetailhandel.nl/content/Publicaties/Beleggingen-Pensioenfonds-Detailhandel.pdf
Pensioenfonds Detailhandel	IDFC First Bank Ltd	Equity	2026	448.643	EUR	https://pensioenfondsdetailhandel.nl/content/Publicaties/Beleggingen-Pensioenfonds-Detailhandel.pdf
Pensioenfonds Detailhandel	IEIT Systems Co Ltd	Equity	2026	310.072	EUR	https://pensioenfondsdetailhandel.nl/content/Publicaties/Beleggingen-Pensioenfonds-Detailhandel.pdf
Pensioenfonds Detailhandel	IHH Healthcare Bhd	Equity	2026	758.201	EUR	https://pensioenfondsdetailhandel.nl/content/Publicaties/Beleggingen-Pensioenfonds-Detailhandel.pdf
Pensioenfonds Detailhandel	IJM Corp Bhd	Equity	2026	597.487	EUR	https://pensioenfondsdetailhandel.nl/content/Publicaties/Beleggingen-Pensioenfonds-Detailhandel.pdf
Pensioenfonds Detailhandel	Impala Platinum Holdings Ltd	Equity	2026	2.529.187	EUR	https://pensioenfondsdetailhandel.nl/content/Publicaties/Beleggingen-Pensioenfonds-Detailhandel.pdf
Pensioenfonds Detailhandel	Indian Oil Corp Ltd	Equity	2026	805.409	EUR	https://pensioenfondsdetailhandel.nl/content/Publicaties/Beleggingen-Pensioenfonds-Detailhandel.pdf
Pensioenfonds Detailhandel	Indian Railway Catering & Tourism Corp L	Equity	2026	116.697	EUR	https://pensioenfondsdetailhandel.nl/content/Publicaties/Beleggingen-Pensioenfonds-Detailhandel.pdf
Pensioenfonds Detailhandel	Indian Railway Finance Corp Ltd	Equity	2026	94.589	EUR	https://pensioenfondsdetailhandel.nl/content/Publicaties/Beleggingen-Pensioenfonds-Detailhandel.pdf
Pensioenfonds Detailhandel	Indofood Sukses Makmur Tbk PT	Equity	2026	171.551	EUR	https://pensioenfondsdetailhandel.nl/content/Publicaties/Beleggingen-Pensioenfonds-Detailhandel.pdf
Pensioenfonds Detailhandel	Indorama Ventures PCL	Equity	2026	443.408	EUR	https://pensioenfondsdetailhandel.nl/content/Publicaties/Beleggingen-Pensioenfonds-Detailhandel.pdf
Pensioenfonds Detailhandel	Indraprastha Gas Ltd	Equity	2026	103.872	EUR	https://pensioenfondsdetailhandel.nl/content/Publicaties/Beleggingen-Pensioenfonds-Detailhandel.pdf
Pensioenfonds Detailhandel	Industrial & Commercial Bank of China Lt	Equity	2026	11.101.553	EUR	https://pensioenfondsdetailhandel.nl/content/Publicaties/Beleggingen-Pensioenfonds-Detailhandel.pdf
Pensioenfonds Detailhandel	Industrial Bank Co Ltd	Equity	2026	953.782	EUR	https://pensioenfondsdetailhandel.nl/content/Publicaties/Beleggingen-Pensioenfonds-Detailhandel.pdf
Pensioenfonds Detailhandel	Industrial Securities Co Ltd	Equity	2026	159.402	EUR	https://pensioenfondsdetailhandel.nl/content/Publicaties/Beleggingen-Pensioenfonds-Detailhandel.pdf
Pensioenfonds Detailhandel	Industrias Penoles SAB de CV	Equity	2026	1.292.784	EUR	https://pensioenfondsdetailhandel.nl/content/Publicaties/Beleggingen-Pensioenfonds-Detailhandel.pdf
Pensioenfonds Detailhandel	Info Edge India Ltd	Equity	2026	416.452	EUR	https://pensioenfondsdetailhandel.nl/content/Publicaties/Beleggingen-Pensioenfonds-Detailhandel.pdf
Pensioenfonds Detailhandel	Infosys Ltd	Equity	2026	8.485.825	EUR	https://pensioenfondsdetailhandel.nl/content/Publicaties/Beleggingen-Pensioenfonds-Detailhandel.pdf
Pensioenfonds Detailhandel	Inner Mongolia Yili Industrial Group Co	Equity	2026	547.337	EUR	https://pensioenfondsdetailhandel.nl/content/Publicaties/Beleggingen-Pensioenfonds-Detailhandel.pdf
Pensioenfonds Detailhandel	Innolux Corp	Equity	2026	766.167	EUR	https://pensioenfondsdetailhandel.nl/content/Publicaties/Beleggingen-Pensioenfonds-Detailhandel.pdf
Pensioenfonds Detailhandel	Innovent Biologics Inc	Equity	2026	4.577.007	EUR	https://pensioenfondsdetailhandel.nl/content/Publicaties/Beleggingen-Pensioenfonds-Detailhandel.pdf
Pensioenfonds Detailhandel	Interconexion Electrica SA ESP	Equity	2026	798.606	EUR	https://pensioenfondsdetailhandel.nl/content/Publicaties/Beleggingen-Pensioenfonds-Detailhandel.pdf
Pensioenfonds Detailhandel	InterGlobe Aviation Ltd	Equity	2026	992.760	EUR	https://pensioenfondsdetailhandel.nl/content/Publicaties/Beleggingen-Pensioenfonds-Detailhandel.pdf
Pensioenfonds Detailhandel	International Container Terminal Service	Equity	2026	1.638.021	EUR	https://pensioenfondsdetailhandel.nl/content/Publicaties/Beleggingen-Pensioenfonds-Detailhandel.pdf
Pensioenfonds Detailhandel	International Games System Co Ltd	Equity	2026	429.283	EUR	https://pensioenfondsdetailhandel.nl/content/Publicaties/Beleggingen-Pensioenfonds-Detailhandel.pdf
Pensioenfonds Detailhandel	Inventec Corp	Equity	2026	568.635	EUR	https://pensioenfondsdetailhandel.nl/content/Publicaties/Beleggingen-Pensioenfonds-Detailhandel.pdf
Pensioenfonds Detailhandel	Investec Ltd	Equity	2026	569.166	EUR	https://pensioenfondsdetailhandel.nl/content/Publicaties/Beleggingen-Pensioenfonds-Detailhandel.pdf
Pensioenfonds Detailhandel	IOI Corp Bhd	Equity	2026	675.344	EUR	https://pensioenfondsdetailhandel.nl/content/Publicaties/Beleggingen-Pensioenfonds-Detailhandel.pdf
Pensioenfonds Detailhandel	Ipca Laboratories Ltd	Equity	2026	221.445	EUR	https://pensioenfondsdetailhandel.nl/content/Publicaties/Beleggingen-Pensioenfonds-Detailhandel.pdf
Pensioenfonds Detailhandel	IRB Infrastructure Developers Ltd	Equity	2026	133.048	EUR	https://pensioenfondsdetailhandel.nl/content/Publicaties/Beleggingen-Pensioenfonds-Detailhandel.pdf
Pensioenfonds Detailhandel	Isa Energia Brasil sa	Equity	2026	335.510	EUR	https://pensioenfondsdetailhandel.nl/content/Publicaties/Beleggingen-Pensioenfonds-Detailhandel.pdf
Pensioenfonds Detailhandel	Itau Unibanco Holding SA	Equity	2026	11.300.516	EUR	https://pensioenfondsdetailhandel.nl/content/Publicaties/Beleggingen-Pensioenfonds-Detailhandel.pdf
Pensioenfonds Detailhandel	Itausa SA	Equity	2026	738.492	EUR	https://pensioenfondsdetailhandel.nl/content/Publicaties/Beleggingen-Pensioenfonds-Detailhandel.pdf
Pensioenfonds Detailhandel	ITC Ltd	Equity	2026	1.084.544	EUR	https://pensioenfondsdetailhandel.nl/content/Publicaties/Beleggingen-Pensioenfonds-Detailhandel.pdf
Pensioenfonds Detailhandel	J&T Global Express Ltd	Equity	2026	1.055.825	EUR	https://pensioenfondsdetailhandel.nl/content/Publicaties/Beleggingen-Pensioenfonds-Detailhandel.pdf
Pensioenfonds Detailhandel	JA Solar Technology Co Ltd	Equity	2026	187.694	EUR	https://pensioenfondsdetailhandel.nl/content/Publicaties/Beleggingen-Pensioenfonds-Detailhandel.pdf
Pensioenfonds Detailhandel	Jabal Omar Development Co	Equity	2026	345.171	EUR	https://pensioenfondsdetailhandel.nl/content/Publicaties/Beleggingen-Pensioenfonds-Detailhandel.pdf
Pensioenfonds Detailhandel	Jamjoom Pharmaceuticals Factory Co	Equity	2026	228.700	EUR	https://pensioenfondsdetailhandel.nl/content/Publicaties/Beleggingen-Pensioenfonds-Detailhandel.pdf
Pensioenfonds Detailhandel	Jarir Marketing Co	Equity	2026	434.300	EUR	https://pensioenfondsdetailhandel.nl/content/Publicaties/Beleggingen-Pensioenfonds-Detailhandel.pdf
Pensioenfonds Detailhandel	JD Health International Inc	Equity	2026	494.903	EUR	https://pensioenfondsdetailhandel.nl/content/Publicaties/Beleggingen-Pensioenfonds-Detailhandel.pdf
Pensioenfonds Detailhandel	JD Logistics Inc	Equity	2026	366.126	EUR	https://pensioenfondsdetailhandel.nl/content/Publicaties/Beleggingen-Pensioenfonds-Detailhandel.pdf
Pensioenfonds Detailhandel	com Inc	Equity	2026	5.664.925	EUR	https://pensioenfondsdetailhandel.nl/content/Publicaties/Beleggingen-Pensioenfonds-Detailhandel.pdf
Pensioenfonds Detailhandel	Jentech Precision Industrial Co Ltd	Equity	2026	824.197	EUR	https://pensioenfondsdetailhandel.nl/content/Publicaties/Beleggingen-Pensioenfonds-Detailhandel.pdf
Pensioenfonds Detailhandel	JG Summit Holdings Inc	Equity	2026	204.477	EUR	https://pensioenfondsdetailhandel.nl/content/Publicaties/Beleggingen-Pensioenfonds-Detailhandel.pdf
Pensioenfonds Detailhandel	Jiangsu Expressway Co Ltd	Equity	2026	292.643	EUR	https://pensioenfondsdetailhandel.nl/content/Publicaties/Beleggingen-Pensioenfonds-Detailhandel.pdf
Pensioenfonds Detailhandel	Jiangsu Hengrui Pharmaceuticals Co Ltd	Equity	2026	554.427	EUR	https://pensioenfondsdetailhandel.nl/content/Publicaties/Beleggingen-Pensioenfonds-Detailhandel.pdf
Pensioenfonds Detailhandel	Jiangxi Copper Co Ltd	Equity	2026	1.170.203	EUR	https://pensioenfondsdetailhandel.nl/content/Publicaties/Beleggingen-Pensioenfonds-Detailhandel.pdf
Pensioenfonds Detailhandel	Jindal Stainless Ltd	Equity	2026	391.942	EUR	https://pensioenfondsdetailhandel.nl/content/Publicaties/Beleggingen-Pensioenfonds-Detailhandel.pdf
Pensioenfonds Detailhandel	Jio Financial Services Ltd	Equity	2026	1.170.199	EUR	https://pensioenfondsdetailhandel.nl/content/Publicaties/Beleggingen-Pensioenfonds-Detailhandel.pdf
Pensioenfonds Detailhandel	JL Mag Rare-Earth Co Ltd	Equity	2026	163.903	EUR	https://pensioenfondsdetailhandel.nl/content/Publicaties/Beleggingen-Pensioenfonds-Detailhandel.pdf
Pensioenfonds Detailhandel	Jollibee Foods Corp	Equity	2026	239.629	EUR	https://pensioenfondsdetailhandel.nl/content/Publicaties/Beleggingen-Pensioenfonds-Detailhandel.pdf
Pensioenfonds Detailhandel	JSW Steel Ltd	Equity	2026	611.473	EUR	https://pensioenfondsdetailhandel.nl/content/Publicaties/Beleggingen-Pensioenfonds-Detailhandel.pdf
Pensioenfonds Detailhandel	Jubilant Foodworks Ltd	Equity	2026	163.773	EUR	https://pensioenfondsdetailhandel.nl/content/Publicaties/Beleggingen-Pensioenfonds-Detailhandel.pdf
Pensioenfonds Detailhandel	Kansai Nerolac Paints Ltd	Equity	2026	114.700	EUR	https://pensioenfondsdetailhandel.nl/content/Publicaties/Beleggingen-Pensioenfonds-Detailhandel.pdf
Pensioenfonds Detailhandel	Kanzhun Ltd	Equity	2026	1.128.574	EUR	https://pensioenfondsdetailhandel.nl/content/Publicaties/Beleggingen-Pensioenfonds-Detailhandel.pdf
Pensioenfonds Detailhandel	Kasikornbank PCL	Equity	2026	2.160.838	EUR	https://pensioenfondsdetailhandel.nl/content/Publicaties/Beleggingen-Pensioenfonds-Detailhandel.pdf
Pensioenfonds Detailhandel	KE Holdings Inc	Equity	2026	1.895.728	EUR	https://pensioenfondsdetailhandel.nl/content/Publicaties/Beleggingen-Pensioenfonds-Detailhandel.pdf
Pensioenfonds Detailhandel	KEI Industries Ltd	Equity	2026	163.575	EUR	https://pensioenfondsdetailhandel.nl/content/Publicaties/Beleggingen-Pensioenfonds-Detailhandel.pdf
Pensioenfonds Detailhandel	KGI Financial Holding Co Ltd	Equity	2026	2.069.197	EUR	https://pensioenfondsdetailhandel.nl/content/Publicaties/Beleggingen-Pensioenfonds-Detailhandel.pdf
Pensioenfonds Detailhandel	Kimberly-Clark de Mexico SAB de CV	Equity	2026	511.956	EUR	https://pensioenfondsdetailhandel.nl/content/Publicaties/Beleggingen-Pensioenfonds-Detailhandel.pdf
Pensioenfonds Detailhandel	King Slide Works Co Ltd	Equity	2026	1.465.285	EUR	https://pensioenfondsdetailhandel.nl/content/Publicaties/Beleggingen-Pensioenfonds-Detailhandel.pdf
Pensioenfonds Detailhandel	King Yuan Electronics Co Ltd	Equity	2026	1.098.251	EUR	https://pensioenfondsdetailhandel.nl/content/Publicaties/Beleggingen-Pensioenfonds-Detailhandel.pdf
Pensioenfonds Detailhandel	Kingboard Holdings Ltd	Equity	2026	501.986	EUR	https://pensioenfondsdetailhandel.nl/content/Publicaties/Beleggingen-Pensioenfonds-Detailhandel.pdf
Pensioenfonds Detailhandel	Kingdee International Software Group Co	Equity	2026	395.605	EUR	https://pensioenfondsdetailhandel.nl/content/Publicaties/Beleggingen-Pensioenfonds-Detailhandel.pdf
Pensioenfonds Detailhandel	Kingsoft Corp Ltd	Equity	2026	393.186	EUR	https://pensioenfondsdetailhandel.nl/content/Publicaties/Beleggingen-Pensioenfonds-Detailhandel.pdf
Pensioenfonds Detailhandel	Klabin SA	Equity	2026	529.230	EUR	https://pensioenfondsdetailhandel.nl/content/Publicaties/Beleggingen-Pensioenfonds-Detailhandel.pdf
Pensioenfonds Detailhandel	KOC Holding AS	Equity	2026	641.348	EUR	https://pensioenfondsdetailhandel.nl/content/Publicaties/Beleggingen-Pensioenfonds-Detailhandel.pdf
Pensioenfonds Detailhandel	Komercni Banka AS	Equity	2026	669.321	EUR	https://pensioenfondsdetailhandel.nl/content/Publicaties/Beleggingen-Pensioenfonds-Detailhandel.pdf
Pensioenfonds Detailhandel	Kotak Mahindra Bank Ltd	Equity	2026	3.007.230	EUR	https://pensioenfondsdetailhandel.nl/content/Publicaties/Beleggingen-Pensioenfonds-Detailhandel.pdf
Pensioenfonds Detailhandel	KPIT Technologies Ltd	Equity	2026	71.238	EUR	https://pensioenfondsdetailhandel.nl/content/Publicaties/Beleggingen-Pensioenfonds-Detailhandel.pdf
Pensioenfonds Detailhandel	Krung Thai Bank PCL	Equity	2026	845.168	EUR	https://pensioenfondsdetailhandel.nl/content/Publicaties/Beleggingen-Pensioenfonds-Detailhandel.pdf
Pensioenfonds Detailhandel	Krungthai Card PCL	Equity	2026	119.549	EUR	https://pensioenfondsdetailhandel.nl/content/Publicaties/Beleggingen-Pensioenfonds-Detailhandel.pdf
Pensioenfonds Detailhandel	Kuaishou Technology	Equity	2026	1.580.340	EUR	https://pensioenfondsdetailhandel.nl/content/Publicaties/Beleggingen-Pensioenfonds-Detailhandel.pdf
Pensioenfonds Detailhandel	Kuala Lumpur Kepong Bhd	Equity	2026	799.120	EUR	https://pensioenfondsdetailhandel.nl/content/Publicaties/Beleggingen-Pensioenfonds-Detailhandel.pdf
Pensioenfonds Detailhandel	Kumba Iron Ore Ltd	Equity	2026	279.940	EUR	https://pensioenfondsdetailhandel.nl/content/Publicaties/Beleggingen-Pensioenfonds-Detailhandel.pdf
Pensioenfonds Detailhandel	Kunlun Energy Co Ltd	Equity	2026	1.136.599	EUR	https://pensioenfondsdetailhandel.nl/content/Publicaties/Beleggingen-Pensioenfonds-Detailhandel.pdf
Pensioenfonds Detailhandel	Kuwait Finance House KSCP	Equity	2026	6.118.505	EUR	https://pensioenfondsdetailhandel.nl/content/Publicaties/Beleggingen-Pensioenfonds-Detailhandel.pdf
Pensioenfonds Detailhandel	Kweichow Moutai Co Ltd	Equity	2026	2.095.402	EUR	https://pensioenfondsdetailhandel.nl/content/Publicaties/Beleggingen-Pensioenfonds-Detailhandel.pdf
Pensioenfonds Detailhandel	LAMDA Development SA	Equity	2026	173.707	EUR	https://pensioenfondsdetailhandel.nl/content/Publicaties/Beleggingen-Pensioenfonds-Detailhandel.pdf
Pensioenfonds Detailhandel	Land & Houses PCL	Equity	2026	62.140	EUR	https://pensioenfondsdetailhandel.nl/content/Publicaties/Beleggingen-Pensioenfonds-Detailhandel.pdf
Pensioenfonds Detailhandel	Largan Precision Co Ltd	Equity	2026	418.413	EUR	https://pensioenfondsdetailhandel.nl/content/Publicaties/Beleggingen-Pensioenfonds-Detailhandel.pdf
Pensioenfonds Detailhandel	Latam Airlines Group SA	Equity	2026	659.860	EUR	https://pensioenfondsdetailhandel.nl/content/Publicaties/Beleggingen-Pensioenfonds-Detailhandel.pdf
Pensioenfonds Detailhandel	Laurus Labs Ltd	Equity	2026	537.223	EUR	https://pensioenfondsdetailhandel.nl/content/Publicaties/Beleggingen-Pensioenfonds-Detailhandel.pdf
Pensioenfonds Detailhandel	Li Auto Inc	Equity	2026	2.614.752	EUR	https://pensioenfondsdetailhandel.nl/content/Publicaties/Beleggingen-Pensioenfonds-Detailhandel.pdf
Pensioenfonds Detailhandel	Li Ning Co Ltd	Equity	2026	1.520.876	EUR	https://pensioenfondsdetailhandel.nl/content/Publicaties/Beleggingen-Pensioenfonds-Detailhandel.pdf
Pensioenfonds Detailhandel	LIC Housing Finance Ltd	Equity	2026	350.507	EUR	https://pensioenfondsdetailhandel.nl/content/Publicaties/Beleggingen-Pensioenfonds-Detailhandel.pdf
Pensioenfonds Detailhandel	Lingyi iTech Guangdong Co	Equity	2026	266.825	EUR	https://pensioenfondsdetailhandel.nl/content/Publicaties/Beleggingen-Pensioenfonds-Detailhandel.pdf
Pensioenfonds Detailhandel	Lite-On Technology Corp	Equity	2026	1.955.422	EUR	https://pensioenfondsdetailhandel.nl/content/Publicaties/Beleggingen-Pensioenfonds-Detailhandel.pdf
Pensioenfonds Detailhandel	Livzon Pharmaceutical Group Inc	Equity	2026	237.670	EUR	https://pensioenfondsdetailhandel.nl/content/Publicaties/Beleggingen-Pensioenfonds-Detailhandel.pdf
Pensioenfonds Detailhandel	Lloyds Metals & Energy Ltd	Equity	2026	165.833	EUR	https://pensioenfondsdetailhandel.nl/content/Publicaties/Beleggingen-Pensioenfonds-Detailhandel.pdf
Pensioenfonds Detailhandel	Localiza Rent a Car SA	Equity	2026	1.620.805	EUR	https://pensioenfondsdetailhandel.nl/content/Publicaties/Beleggingen-Pensioenfonds-Detailhandel.pdf
Pensioenfonds Detailhandel	Lodha Developers Ltd	Equity	2026	378.721	EUR	https://pensioenfondsdetailhandel.nl/content/Publicaties/Beleggingen-Pensioenfonds-Detailhandel.pdf
Pensioenfonds Detailhandel	Lojas Renner SA	Equity	2026	752.986	EUR	https://pensioenfondsdetailhandel.nl/content/Publicaties/Beleggingen-Pensioenfonds-Detailhandel.pdf
Pensioenfonds Detailhandel	Longfor Group Holdings Ltd	Equity	2026	422.285	EUR	https://pensioenfondsdetailhandel.nl/content/Publicaties/Beleggingen-Pensioenfonds-Detailhandel.pdf
Pensioenfonds Detailhandel	LONGi Green Energy Technology Co Ltd	Equity	2026	828.530	EUR	https://pensioenfondsdetailhandel.nl/content/Publicaties/Beleggingen-Pensioenfonds-Detailhandel.pdf
Pensioenfonds Detailhandel	Lotes Co Ltd	Equity	2026	445.219	EUR	https://pensioenfondsdetailhandel.nl/content/Publicaties/Beleggingen-Pensioenfonds-Detailhandel.pdf
Pensioenfonds Detailhandel	Lufax Holding Ltd	Equity	2026	99.891	EUR	https://pensioenfondsdetailhandel.nl/content/Publicaties/Beleggingen-Pensioenfonds-Detailhandel.pdf
Pensioenfonds Detailhandel	Lupin Ltd	Equity	2026	1.372.040	EUR	https://pensioenfondsdetailhandel.nl/content/Publicaties/Beleggingen-Pensioenfonds-Detailhandel.pdf
Pensioenfonds Detailhandel	Luxshare Precision Industry Co Ltd	Equity	2026	1.039.933	EUR	https://pensioenfondsdetailhandel.nl/content/Publicaties/Beleggingen-Pensioenfonds-Detailhandel.pdf
Pensioenfonds Detailhandel	Luye Pharma Group Ltd	Equity	2026	121.006	EUR	https://pensioenfondsdetailhandel.nl/content/Publicaties/Beleggingen-Pensioenfonds-Detailhandel.pdf
Pensioenfonds Detailhandel	Mabanee Co KPSC	Equity	2026	196.638	EUR	https://pensioenfondsdetailhandel.nl/content/Publicaties/Beleggingen-Pensioenfonds-Detailhandel.pdf
Pensioenfonds Detailhandel	Magyar Telekom Telecommunications PLC	Equity	2026	409.872	EUR	https://pensioenfondsdetailhandel.nl/content/Publicaties/Beleggingen-Pensioenfonds-Detailhandel.pdf
Pensioenfonds Detailhandel	Mahindra & Mahindra Financial Services L	Equity	2026	546.444	EUR	https://pensioenfondsdetailhandel.nl/content/Publicaties/Beleggingen-Pensioenfonds-Detailhandel.pdf
Pensioenfonds Detailhandel	Mahindra & Mahindra Ltd	Equity	2026	9.266.130	EUR	https://pensioenfondsdetailhandel.nl/content/Publicaties/Beleggingen-Pensioenfonds-Detailhandel.pdf
Pensioenfonds Detailhandel	Makkah Construction & Development Co	Equity	2026	219.067	EUR	https://pensioenfondsdetailhandel.nl/content/Publicaties/Beleggingen-Pensioenfonds-Detailhandel.pdf
Pensioenfonds Detailhandel	Malayan Banking Bhd	Equity	2026	4.330.197	EUR	https://pensioenfondsdetailhandel.nl/content/Publicaties/Beleggingen-Pensioenfonds-Detailhandel.pdf
Pensioenfonds Detailhandel	Manila Electric Co	Equity	2026	788.538	EUR	https://pensioenfondsdetailhandel.nl/content/Publicaties/Beleggingen-Pensioenfonds-Detailhandel.pdf
Pensioenfonds Detailhandel	Mankind Pharma Ltd	Equity	2026	133.708	EUR	https://pensioenfondsdetailhandel.nl/content/Publicaties/Beleggingen-Pensioenfonds-Detailhandel.pdf
Pensioenfonds Detailhandel	Marico Ltd	Equity	2026	1.068.684	EUR	https://pensioenfondsdetailhandel.nl/content/Publicaties/Beleggingen-Pensioenfonds-Detailhandel.pdf
Pensioenfonds Detailhandel	Maruti Suzuki India Ltd	Equity	2026	3.848.499	EUR	https://pensioenfondsdetailhandel.nl/content/Publicaties/Beleggingen-Pensioenfonds-Detailhandel.pdf
Pensioenfonds Detailhandel	Max Financial Services Ltd	Equity	2026	543.493	EUR	https://pensioenfondsdetailhandel.nl/content/Publicaties/Beleggingen-Pensioenfonds-Detailhandel.pdf
Pensioenfonds Detailhandel	Max Healthcare Institute Ltd	Equity	2026	781.368	EUR	https://pensioenfondsdetailhandel.nl/content/Publicaties/Beleggingen-Pensioenfonds-Detailhandel.pdf
Pensioenfonds Detailhandel	Maxis Bhd	Equity	2026	132.957	EUR	https://pensioenfondsdetailhandel.nl/content/Publicaties/Beleggingen-Pensioenfonds-Detailhandel.pdf
Pensioenfonds Detailhandel	MBRF Global Foods Co SA	Equity	2026	269.708	EUR	https://pensioenfondsdetailhandel.nl/content/Publicaties/Beleggingen-Pensioenfonds-Detailhandel.pdf
Pensioenfonds Detailhandel	MediaTek Inc	Equity	2026	9.060.742	EUR	https://pensioenfondsdetailhandel.nl/content/Publicaties/Beleggingen-Pensioenfonds-Detailhandel.pdf
Pensioenfonds Detailhandel	Mega Financial Holding Co Ltd	Equity	2026	3.080.898	EUR	https://pensioenfondsdetailhandel.nl/content/Publicaties/Beleggingen-Pensioenfonds-Detailhandel.pdf
Pensioenfonds Detailhandel	Meitu Inc	Equity	2026	85.957	EUR	https://pensioenfondsdetailhandel.nl/content/Publicaties/Beleggingen-Pensioenfonds-Detailhandel.pdf
Pensioenfonds Detailhandel	Meituan	Equity	2026	7.804.122	EUR	https://pensioenfondsdetailhandel.nl/content/Publicaties/Beleggingen-Pensioenfonds-Detailhandel.pdf
Pensioenfonds Detailhandel	Merdeka Copper Gold Tbk PT	Equity	2026	178.848	EUR	https://pensioenfondsdetailhandel.nl/content/Publicaties/Beleggingen-Pensioenfonds-Detailhandel.pdf
Pensioenfonds Detailhandel	Metallurgical Corp of China Ltd	Equity	2026	281.201	EUR	https://pensioenfondsdetailhandel.nl/content/Publicaties/Beleggingen-Pensioenfonds-Detailhandel.pdf
Pensioenfonds Detailhandel	Metalurgica Gerdau SA	Equity	2026	217.332	EUR	https://pensioenfondsdetailhandel.nl/content/Publicaties/Beleggingen-Pensioenfonds-Detailhandel.pdf
Pensioenfonds Detailhandel	Metropolitan Bank & Trust Co	Equity	2026	252.145	EUR	https://pensioenfondsdetailhandel.nl/content/Publicaties/Beleggingen-Pensioenfonds-Detailhandel.pdf
Pensioenfonds Detailhandel	Micro-Star International Co Ltd	Equity	2026	286.134	EUR	https://pensioenfondsdetailhandel.nl/content/Publicaties/Beleggingen-Pensioenfonds-Detailhandel.pdf
Pensioenfonds Detailhandel	Microport Scientific Corp	Equity	2026	245.776	EUR	https://pensioenfondsdetailhandel.nl/content/Publicaties/Beleggingen-Pensioenfonds-Detailhandel.pdf
Pensioenfonds Detailhandel	Midea Group Co Ltd	Equity	2026	369.209	EUR	https://pensioenfondsdetailhandel.nl/content/Publicaties/Beleggingen-Pensioenfonds-Detailhandel.pdf
Pensioenfonds Detailhandel	Migros Ticaret AS	Equity	2026	252.910	EUR	https://pensioenfondsdetailhandel.nl/content/Publicaties/Beleggingen-Pensioenfonds-Detailhandel.pdf
Pensioenfonds Detailhandel	MINISO Group Holding Ltd	Equity	2026	351.407	EUR	https://pensioenfondsdetailhandel.nl/content/Publicaties/Beleggingen-Pensioenfonds-Detailhandel.pdf
Pensioenfonds Detailhandel	Minor International PCL	Equity	2026	847.753	EUR	https://pensioenfondsdetailhandel.nl/content/Publicaties/Beleggingen-Pensioenfonds-Detailhandel.pdf
Pensioenfonds Detailhandel	Minth Group Ltd	Equity	2026	265.740	EUR	https://pensioenfondsdetailhandel.nl/content/Publicaties/Beleggingen-Pensioenfonds-Detailhandel.pdf
Pensioenfonds Detailhandel	MISC Bhd	Equity	2026	363.090	EUR	https://pensioenfondsdetailhandel.nl/content/Publicaties/Beleggingen-Pensioenfonds-Detailhandel.pdf
Pensioenfonds Detailhandel	MLP Saglik Hizmetleri AS	Equity	2026	290.470	EUR	https://pensioenfondsdetailhandel.nl/content/Publicaties/Beleggingen-Pensioenfonds-Detailhandel.pdf
Pensioenfonds Detailhandel	Mobile Telecommunications Co KSCP	Equity	2026	1.142.735	EUR	https://pensioenfondsdetailhandel.nl/content/Publicaties/Beleggingen-Pensioenfonds-Detailhandel.pdf
Pensioenfonds Detailhandel	Mobile Telecommunications Co Saudi Arabi	Equity	2026	360.051	EUR	https://pensioenfondsdetailhandel.nl/content/Publicaties/Beleggingen-Pensioenfonds-Detailhandel.pdf
Pensioenfonds Detailhandel	MOL Hungarian Oil & Gas PLC	Equity	2026	858.370	EUR	https://pensioenfondsdetailhandel.nl/content/Publicaties/Beleggingen-Pensioenfonds-Detailhandel.pdf
Pensioenfonds Detailhandel	com Inc	Equity	2026	201.502	EUR	https://pensioenfondsdetailhandel.nl/content/Publicaties/Beleggingen-Pensioenfonds-Detailhandel.pdf
Pensioenfonds Detailhandel	Moneta Money Bank AS	Equity	2026	372.498	EUR	https://pensioenfondsdetailhandel.nl/content/Publicaties/Beleggingen-Pensioenfonds-Detailhandel.pdf
Pensioenfonds Detailhandel	Motilal Oswal Financial Services Ltd	Equity	2026	116.007	EUR	https://pensioenfondsdetailhandel.nl/content/Publicaties/Beleggingen-Pensioenfonds-Detailhandel.pdf
Pensioenfonds Detailhandel	Motiva Infraestrutura de Mobilidade SA	Equity	2026	897.952	EUR	https://pensioenfondsdetailhandel.nl/content/Publicaties/Beleggingen-Pensioenfonds-Detailhandel.pdf
Pensioenfonds Detailhandel	Motor Oil Hellas Corinth Refineries SA	Equity	2026	570.586	EUR	https://pensioenfondsdetailhandel.nl/content/Publicaties/Beleggingen-Pensioenfonds-Detailhandel.pdf
Pensioenfonds Detailhandel	Mphasis Ltd	Equity	2026	466.038	EUR	https://pensioenfondsdetailhandel.nl/content/Publicaties/Beleggingen-Pensioenfonds-Detailhandel.pdf
Pensioenfonds Detailhandel	MR DIY Group M Bhd	Equity	2026	245.213	EUR	https://pensioenfondsdetailhandel.nl/content/Publicaties/Beleggingen-Pensioenfonds-Detailhandel.pdf
Pensioenfonds Detailhandel	Mr Price Group Ltd	Equity	2026	605.376	EUR	https://pensioenfondsdetailhandel.nl/content/Publicaties/Beleggingen-Pensioenfonds-Detailhandel.pdf
Pensioenfonds Detailhandel	MTN Group Ltd	Equity	2026	4.841.828	EUR	https://pensioenfondsdetailhandel.nl/content/Publicaties/Beleggingen-Pensioenfonds-Detailhandel.pdf
Pensioenfonds Detailhandel	Muangthai Capital PCL	Equity	2026	135.808	EUR	https://pensioenfondsdetailhandel.nl/content/Publicaties/Beleggingen-Pensioenfonds-Detailhandel.pdf
Pensioenfonds Detailhandel	Multiplan Empreendimentos Imobiliarios S	Equity	2026	284.888	EUR	https://pensioenfondsdetailhandel.nl/content/Publicaties/Beleggingen-Pensioenfonds-Detailhandel.pdf
Pensioenfonds Detailhandel	Muthoot Finance Ltd	Equity	2026	410.321	EUR	https://pensioenfondsdetailhandel.nl/content/Publicaties/Beleggingen-Pensioenfonds-Detailhandel.pdf
Pensioenfonds Detailhandel	Muyuan Foods Co Ltd	Equity	2026	307.771	EUR	https://pensioenfondsdetailhandel.nl/content/Publicaties/Beleggingen-Pensioenfonds-Detailhandel.pdf
Pensioenfonds Detailhandel	Nan Ya Plastics Corp	Equity	2026	1.384.277	EUR	https://pensioenfondsdetailhandel.nl/content/Publicaties/Beleggingen-Pensioenfonds-Detailhandel.pdf
Pensioenfonds Detailhandel	Nan Ya Printed Circuit Board Corp	Equity	2026	382.617	EUR	https://pensioenfondsdetailhandel.nl/content/Publicaties/Beleggingen-Pensioenfonds-Detailhandel.pdf
Pensioenfonds Detailhandel	Nanya Technology Corp	Equity	2026	986.146	EUR	https://pensioenfondsdetailhandel.nl/content/Publicaties/Beleggingen-Pensioenfonds-Detailhandel.pdf
Pensioenfonds Detailhandel	NARI Technology Co Ltd	Equity	2026	421.100	EUR	https://pensioenfondsdetailhandel.nl/content/Publicaties/Beleggingen-Pensioenfonds-Detailhandel.pdf
Pensioenfonds Detailhandel	Naspers Ltd	Equity	2026	8.111.244	EUR	https://pensioenfondsdetailhandel.nl/content/Publicaties/Beleggingen-Pensioenfonds-Detailhandel.pdf
Pensioenfonds Detailhandel	National Bank of Greece SA	Equity	2026	2.722.982	EUR	https://pensioenfondsdetailhandel.nl/content/Publicaties/Beleggingen-Pensioenfonds-Detailhandel.pdf
Pensioenfonds Detailhandel	National Bank of Kuwait SAKP	Equity	2026	5.486.393	EUR	https://pensioenfondsdetailhandel.nl/content/Publicaties/Beleggingen-Pensioenfonds-Detailhandel.pdf
Pensioenfonds Detailhandel	Natura Cosmeticos SA	Equity	2026	412.484	EUR	https://pensioenfondsdetailhandel.nl/content/Publicaties/Beleggingen-Pensioenfonds-Detailhandel.pdf
Pensioenfonds Detailhandel	Nedbank Group Ltd	Equity	2026	2.070.763	EUR	https://pensioenfondsdetailhandel.nl/content/Publicaties/Beleggingen-Pensioenfonds-Detailhandel.pdf
Pensioenfonds Detailhandel	Neoenergia SA	Equity	2026	540.543	EUR	https://pensioenfondsdetailhandel.nl/content/Publicaties/Beleggingen-Pensioenfonds-Detailhandel.pdf
Pensioenfonds Detailhandel	NEPI Rockcastle NV	Equity	2026	3.404.433	EUR	https://pensioenfondsdetailhandel.nl/content/Publicaties/Beleggingen-Pensioenfonds-Detailhandel.pdf
Pensioenfonds Detailhandel	Nestle India Ltd	Equity	2026	1.581.310	EUR	https://pensioenfondsdetailhandel.nl/content/Publicaties/Beleggingen-Pensioenfonds-Detailhandel.pdf
Pensioenfonds Detailhandel	Nestle Malaysia Bhd	Equity	2026	471.670	EUR	https://pensioenfondsdetailhandel.nl/content/Publicaties/Beleggingen-Pensioenfonds-Detailhandel.pdf
Pensioenfonds Detailhandel	NetEase Cloud Music Inc	Equity	2026	92.821	EUR	https://pensioenfondsdetailhandel.nl/content/Publicaties/Beleggingen-Pensioenfonds-Detailhandel.pdf
Pensioenfonds Detailhandel	NetEase Inc	Equity	2026	3.211.640	EUR	https://pensioenfondsdetailhandel.nl/content/Publicaties/Beleggingen-Pensioenfonds-Detailhandel.pdf
Pensioenfonds Detailhandel	New China Life Insurance Co Ltd	Equity	2026	595.511	EUR	https://pensioenfondsdetailhandel.nl/content/Publicaties/Beleggingen-Pensioenfonds-Detailhandel.pdf
Pensioenfonds Detailhandel	NHPC Ltd	Equity	2026	616.260	EUR	https://pensioenfondsdetailhandel.nl/content/Publicaties/Beleggingen-Pensioenfonds-Detailhandel.pdf
Pensioenfonds Detailhandel	Nien Made Enterprise Co Ltd	Equity	2026	149.593	EUR	https://pensioenfondsdetailhandel.nl/content/Publicaties/Beleggingen-Pensioenfonds-Detailhandel.pdf
Pensioenfonds Detailhandel	Ningbo Orient Wires & Cables Co Ltd	Equity	2026	200.078	EUR	https://pensioenfondsdetailhandel.nl/content/Publicaties/Beleggingen-Pensioenfonds-Detailhandel.pdf
Pensioenfonds Detailhandel	NIO Inc	Equity	2026	2.828.876	EUR	https://pensioenfondsdetailhandel.nl/content/Publicaties/Beleggingen-Pensioenfonds-Detailhandel.pdf
Pensioenfonds Detailhandel	Nippon Life India Asset Management Ltd	Equity	2026	161.592	EUR	https://pensioenfondsdetailhandel.nl/content/Publicaties/Beleggingen-Pensioenfonds-Detailhandel.pdf
Pensioenfonds Detailhandel	NMDC Group PJSC	Equity	2026	367.062	EUR	https://pensioenfondsdetailhandel.nl/content/Publicaties/Beleggingen-Pensioenfonds-Detailhandel.pdf
Pensioenfonds Detailhandel	NMDC Ltd	Equity	2026	555.816	EUR	https://pensioenfondsdetailhandel.nl/content/Publicaties/Beleggingen-Pensioenfonds-Detailhandel.pdf
Pensioenfonds Detailhandel	Nongfu Spring Co Ltd	Equity	2026	4.352.582	EUR	https://pensioenfondsdetailhandel.nl/content/Publicaties/Beleggingen-Pensioenfonds-Detailhandel.pdf
Pensioenfonds Detailhandel	Northam Platinum Holdings Ltd	Equity	2026	1.082.074	EUR	https://pensioenfondsdetailhandel.nl/content/Publicaties/Beleggingen-Pensioenfonds-Detailhandel.pdf
Pensioenfonds Detailhandel	Novatek Microelectronics Corp	Equity	2026	844.802	EUR	https://pensioenfondsdetailhandel.nl/content/Publicaties/Beleggingen-Pensioenfonds-Detailhandel.pdf
Pensioenfonds Detailhandel	Oberoi Realty Ltd	Equity	2026	183.989	EUR	https://pensioenfondsdetailhandel.nl/content/Publicaties/Beleggingen-Pensioenfonds-Detailhandel.pdf
Pensioenfonds Detailhandel	Oil & Natural Gas Corp Ltd	Equity	2026	1.731.289	EUR	https://pensioenfondsdetailhandel.nl/content/Publicaties/Beleggingen-Pensioenfonds-Detailhandel.pdf
Pensioenfonds Detailhandel	Oil India Ltd	Equity	2026	354.780	EUR	https://pensioenfondsdetailhandel.nl/content/Publicaties/Beleggingen-Pensioenfonds-Detailhandel.pdf
Pensioenfonds Detailhandel	Old Mutual Ltd	Equity	2026	885.242	EUR	https://pensioenfondsdetailhandel.nl/content/Publicaties/Beleggingen-Pensioenfonds-Detailhandel.pdf
Pensioenfonds Detailhandel	OmniVision Integrated Circuits Group Inc	Equity	2026	247.009	EUR	https://pensioenfondsdetailhandel.nl/content/Publicaties/Beleggingen-Pensioenfonds-Detailhandel.pdf
Pensioenfonds Detailhandel	One 97 Communications Ltd	Equity	2026	356.038	EUR	https://pensioenfondsdetailhandel.nl/content/Publicaties/Beleggingen-Pensioenfonds-Detailhandel.pdf
Pensioenfonds Detailhandel	Ooredoo QPSC	Equity	2026	189.162	EUR	https://pensioenfondsdetailhandel.nl/content/Publicaties/Beleggingen-Pensioenfonds-Detailhandel.pdf
Pensioenfonds Detailhandel	Oracle Financial Services Software Ltd	Equity	2026	228.504	EUR	https://pensioenfondsdetailhandel.nl/content/Publicaties/Beleggingen-Pensioenfonds-Detailhandel.pdf
Pensioenfonds Detailhandel	Orbia Advance Corp SAB de CV	Equity	2026	419.143	EUR	https://pensioenfondsdetailhandel.nl/content/Publicaties/Beleggingen-Pensioenfonds-Detailhandel.pdf
Pensioenfonds Detailhandel	Orient Securities Co Ltd/China	Equity	2026	425.923	EUR	https://pensioenfondsdetailhandel.nl/content/Publicaties/Beleggingen-Pensioenfonds-Detailhandel.pdf
Pensioenfonds Detailhandel	Osotspa PCL	Equity	2026	167.242	EUR	https://pensioenfondsdetailhandel.nl/content/Publicaties/Beleggingen-Pensioenfonds-Detailhandel.pdf
Pensioenfonds Detailhandel	OTP Bank Nyrt	Equity	2026	3.384.929	EUR	https://pensioenfondsdetailhandel.nl/content/Publicaties/Beleggingen-Pensioenfonds-Detailhandel.pdf
Pensioenfonds Detailhandel	OUTsurance Group Ltd	Equity	2026	345.255	EUR	https://pensioenfondsdetailhandel.nl/content/Publicaties/Beleggingen-Pensioenfonds-Detailhandel.pdf
Pensioenfonds Detailhandel	Page Industries Ltd	Equity	2026	363.734	EUR	https://pensioenfondsdetailhandel.nl/content/Publicaties/Beleggingen-Pensioenfonds-Detailhandel.pdf
Pensioenfonds Detailhandel	Parade Technologies Ltd	Equity	2026	77.533	EUR	https://pensioenfondsdetailhandel.nl/content/Publicaties/Beleggingen-Pensioenfonds-Detailhandel.pdf
Pensioenfonds Detailhandel	PB Fintech Ltd	Equity	2026	366.302	EUR	https://pensioenfondsdetailhandel.nl/content/Publicaties/Beleggingen-Pensioenfonds-Detailhandel.pdf
Pensioenfonds Detailhandel	PDD Holdings Inc	Equity	2026	204.147	EUR	https://pensioenfondsdetailhandel.nl/content/Publicaties/Beleggingen-Pensioenfonds-Detailhandel.pdf
Pensioenfonds Detailhandel	Pegatron Corp	Equity	2026	479.924	EUR	https://pensioenfondsdetailhandel.nl/content/Publicaties/Beleggingen-Pensioenfonds-Detailhandel.pdf
Pensioenfonds Detailhandel	People's Insurance Co Group of China Ltd	Equity	2026	644.403	EUR	https://pensioenfondsdetailhandel.nl/content/Publicaties/Beleggingen-Pensioenfonds-Detailhandel.pdf
Pensioenfonds Detailhandel	Pepkor Holdings Ltd	Equity	2026	1.308.435	EUR	https://pensioenfondsdetailhandel.nl/content/Publicaties/Beleggingen-Pensioenfonds-Detailhandel.pdf
Pensioenfonds Detailhandel	Persistent Systems Ltd	Equity	2026	758.415	EUR	https://pensioenfondsdetailhandel.nl/content/Publicaties/Beleggingen-Pensioenfonds-Detailhandel.pdf
Pensioenfonds Detailhandel	Perusahaan Gas Negara Persero Tbk PT	Equity	2026	266.248	EUR	https://pensioenfondsdetailhandel.nl/content/Publicaties/Beleggingen-Pensioenfonds-Detailhandel.pdf
Pensioenfonds Detailhandel	Petkim Petrokimya Holding AS	Equity	2026	165.907	EUR	https://pensioenfondsdetailhandel.nl/content/Publicaties/Beleggingen-Pensioenfonds-Detailhandel.pdf
Pensioenfonds Detailhandel	PetroChina Co Ltd	Equity	2026	2.601.507	EUR	https://pensioenfondsdetailhandel.nl/content/Publicaties/Beleggingen-Pensioenfonds-Detailhandel.pdf
Pensioenfonds Detailhandel	Petroleo Brasileiro SA - Petrobras	Equity	2026	10.755.952	EUR	https://pensioenfondsdetailhandel.nl/content/Publicaties/Beleggingen-Pensioenfonds-Detailhandel.pdf
Pensioenfonds Detailhandel	Petronas Chemicals Group Bhd	Equity	2026	716.259	EUR	https://pensioenfondsdetailhandel.nl/content/Publicaties/Beleggingen-Pensioenfonds-Detailhandel.pdf
Pensioenfonds Detailhandel	Petronas Dagangan Bhd	Equity	2026	441.925	EUR	https://pensioenfondsdetailhandel.nl/content/Publicaties/Beleggingen-Pensioenfonds-Detailhandel.pdf
Pensioenfonds Detailhandel	Petronet LNG Ltd	Equity	2026	244.495	EUR	https://pensioenfondsdetailhandel.nl/content/Publicaties/Beleggingen-Pensioenfonds-Detailhandel.pdf
Pensioenfonds Detailhandel	PharmaEssentia Corp	Equity	2026	535.321	EUR	https://pensioenfondsdetailhandel.nl/content/Publicaties/Beleggingen-Pensioenfonds-Detailhandel.pdf
Pensioenfonds Detailhandel	Pharmaron Beijing Co Ltd	Equity	2026	404.332	EUR	https://pensioenfondsdetailhandel.nl/content/Publicaties/Beleggingen-Pensioenfonds-Detailhandel.pdf
Pensioenfonds Detailhandel	Phoenix Mills Ltd/The	Equity	2026	276.341	EUR	https://pensioenfondsdetailhandel.nl/content/Publicaties/Beleggingen-Pensioenfonds-Detailhandel.pdf
Pensioenfonds Detailhandel	PI Industries Ltd	Equity	2026	622.078	EUR	https://pensioenfondsdetailhandel.nl/content/Publicaties/Beleggingen-Pensioenfonds-Detailhandel.pdf
Pensioenfonds Detailhandel	PICC Property & Casualty Co Ltd	Equity	2026	1.752.215	EUR	https://pensioenfondsdetailhandel.nl/content/Publicaties/Beleggingen-Pensioenfonds-Detailhandel.pdf
Pensioenfonds Detailhandel	Pidilite Industries Ltd	Equity	2026	322.823	EUR	https://pensioenfondsdetailhandel.nl/content/Publicaties/Beleggingen-Pensioenfonds-Detailhandel.pdf
Pensioenfonds Detailhandel	Ping An Bank Co Ltd	Equity	2026	584.777	EUR	https://pensioenfondsdetailhandel.nl/content/Publicaties/Beleggingen-Pensioenfonds-Detailhandel.pdf
Pensioenfonds Detailhandel	Ping An Healthcare and Technology Co Ltd	Equity	2026	34.942	EUR	https://pensioenfondsdetailhandel.nl/content/Publicaties/Beleggingen-Pensioenfonds-Detailhandel.pdf
Pensioenfonds Detailhandel	Ping An Insurance Group Co of China Ltd	Equity	2026	14.696.694	EUR	https://pensioenfondsdetailhandel.nl/content/Publicaties/Beleggingen-Pensioenfonds-Detailhandel.pdf
Pensioenfonds Detailhandel	Piraeus Bank SA	Equity	2026	1.734.715	EUR	https://pensioenfondsdetailhandel.nl/content/Publicaties/Beleggingen-Pensioenfonds-Detailhandel.pdf
Pensioenfonds Detailhandel	Piramal Finance Ltd	Equity	2026	306.554	EUR	https://pensioenfondsdetailhandel.nl/content/Publicaties/Beleggingen-Pensioenfonds-Detailhandel.pdf
Pensioenfonds Detailhandel	Plaza SA	Equity	2026	201.904	EUR	https://pensioenfondsdetailhandel.nl/content/Publicaties/Beleggingen-Pensioenfonds-Detailhandel.pdf
Pensioenfonds Detailhandel	PLDT Inc	Equity	2026	177.023	EUR	https://pensioenfondsdetailhandel.nl/content/Publicaties/Beleggingen-Pensioenfonds-Detailhandel.pdf
Pensioenfonds Detailhandel	Polycab India Ltd	Equity	2026	582.624	EUR	https://pensioenfondsdetailhandel.nl/content/Publicaties/Beleggingen-Pensioenfonds-Detailhandel.pdf
Pensioenfonds Detailhandel	Pop Mart International Group Ltd	Equity	2026	610.423	EUR	https://pensioenfondsdetailhandel.nl/content/Publicaties/Beleggingen-Pensioenfonds-Detailhandel.pdf
Pensioenfonds Detailhandel	Porto Seguro SA	Equity	2026	220.509	EUR	https://pensioenfondsdetailhandel.nl/content/Publicaties/Beleggingen-Pensioenfonds-Detailhandel.pdf
Pensioenfonds Detailhandel	Postal Savings Bank of China Co Ltd	Equity	2026	1.469.595	EUR	https://pensioenfondsdetailhandel.nl/content/Publicaties/Beleggingen-Pensioenfonds-Detailhandel.pdf
Pensioenfonds Detailhandel	Pou Chen Corp	Equity	2026	516.280	EUR	https://pensioenfondsdetailhandel.nl/content/Publicaties/Beleggingen-Pensioenfonds-Detailhandel.pdf
Pensioenfonds Detailhandel	Power Construction Corp of China Ltd	Equity	2026	151.111	EUR	https://pensioenfondsdetailhandel.nl/content/Publicaties/Beleggingen-Pensioenfonds-Detailhandel.pdf
Pensioenfonds Detailhandel	Power Finance Corp Ltd	Equity	2026	750.855	EUR	https://pensioenfondsdetailhandel.nl/content/Publicaties/Beleggingen-Pensioenfonds-Detailhandel.pdf
Pensioenfonds Detailhandel	Power Grid Corp of India Ltd	Equity	2026	3.514.380	EUR	https://pensioenfondsdetailhandel.nl/content/Publicaties/Beleggingen-Pensioenfonds-Detailhandel.pdf
Pensioenfonds Detailhandel	Powerchip Semiconductor Manufacturing Co	Equity	2026	690.493	EUR	https://pensioenfondsdetailhandel.nl/content/Publicaties/Beleggingen-Pensioenfonds-Detailhandel.pdf
Pensioenfonds Detailhandel	Powertech Technology Inc	Equity	2026	538.117	EUR	https://pensioenfondsdetailhandel.nl/content/Publicaties/Beleggingen-Pensioenfonds-Detailhandel.pdf
Pensioenfonds Detailhandel	PPB Group Bhd	Equity	2026	367.054	EUR	https://pensioenfondsdetailhandel.nl/content/Publicaties/Beleggingen-Pensioenfonds-Detailhandel.pdf
Pensioenfonds Detailhandel	Premier Energies Ltd	Equity	2026	141.256	EUR	https://pensioenfondsdetailhandel.nl/content/Publicaties/Beleggingen-Pensioenfonds-Detailhandel.pdf
Pensioenfonds Detailhandel	President Chain Store Corp	Equity	2026	902.002	EUR	https://pensioenfondsdetailhandel.nl/content/Publicaties/Beleggingen-Pensioenfonds-Detailhandel.pdf
Pensioenfonds Detailhandel	Press Metal Aluminium Holdings Bhd	Equity	2026	1.936.013	EUR	https://pensioenfondsdetailhandel.nl/content/Publicaties/Beleggingen-Pensioenfonds-Detailhandel.pdf
Pensioenfonds Detailhandel	Prestige Estates Projects Ltd	Equity	2026	141.147	EUR	https://pensioenfondsdetailhandel.nl/content/Publicaties/Beleggingen-Pensioenfonds-Detailhandel.pdf
Pensioenfonds Detailhandel	PRIO SA/Brazil	Equity	2026	910.860	EUR	https://pensioenfondsdetailhandel.nl/content/Publicaties/Beleggingen-Pensioenfonds-Detailhandel.pdf
Pensioenfonds Detailhandel	Prologis Property Mexico SA de CV	Equity	2026	607.039	EUR	https://pensioenfondsdetailhandel.nl/content/Publicaties/Beleggingen-Pensioenfonds-Detailhandel.pdf
Pensioenfonds Detailhandel	PTT Exploration & Production PCL	Equity	2026	1.294.102	EUR	https://pensioenfondsdetailhandel.nl/content/Publicaties/Beleggingen-Pensioenfonds-Detailhandel.pdf
Pensioenfonds Detailhandel	PTT Global Chemical PCL	Equity	2026	820.397	EUR	https://pensioenfondsdetailhandel.nl/content/Publicaties/Beleggingen-Pensioenfonds-Detailhandel.pdf
Pensioenfonds Detailhandel	PTT PCL	Equity	2026	3.337.963	EUR	https://pensioenfondsdetailhandel.nl/content/Publicaties/Beleggingen-Pensioenfonds-Detailhandel.pdf
Pensioenfonds Detailhandel	Public Bank Bhd	Equity	2026	3.187.541	EUR	https://pensioenfondsdetailhandel.nl/content/Publicaties/Beleggingen-Pensioenfonds-Detailhandel.pdf
Pensioenfonds Detailhandel	Public Power Corp SA	Equity	2026	544.278	EUR	https://pensioenfondsdetailhandel.nl/content/Publicaties/Beleggingen-Pensioenfonds-Detailhandel.pdf
Pensioenfonds Detailhandel	Punjab National Bank	Equity	2026	212.958	EUR	https://pensioenfondsdetailhandel.nl/content/Publicaties/Beleggingen-Pensioenfonds-Detailhandel.pdf
Pensioenfonds Detailhandel	Qatar Islamic Bank QPSC	Equity	2026	1.929.091	EUR	https://pensioenfondsdetailhandel.nl/content/Publicaties/Beleggingen-Pensioenfonds-Detailhandel.pdf
Pensioenfonds Detailhandel	Qatar National Bank QPSC	Equity	2026	6.185.157	EUR	https://pensioenfondsdetailhandel.nl/content/Publicaties/Beleggingen-Pensioenfonds-Detailhandel.pdf
Pensioenfonds Detailhandel	Qfin Holdings Inc	Equity	2026	82.556	EUR	https://pensioenfondsdetailhandel.nl/content/Publicaties/Beleggingen-Pensioenfonds-Detailhandel.pdf
Pensioenfonds Detailhandel	QL Resources Bhd	Equity	2026	154.654	EUR	https://pensioenfondsdetailhandel.nl/content/Publicaties/Beleggingen-Pensioenfonds-Detailhandel.pdf
Pensioenfonds Detailhandel	Qualitas Controladora SAB de CV	Equity	2026	135.109	EUR	https://pensioenfondsdetailhandel.nl/content/Publicaties/Beleggingen-Pensioenfonds-Detailhandel.pdf
Pensioenfonds Detailhandel	Quanta Computer Inc	Equity	2026	3.666.877	EUR	https://pensioenfondsdetailhandel.nl/content/Publicaties/Beleggingen-Pensioenfonds-Detailhandel.pdf
Pensioenfonds Detailhandel	Raia Drogasil SA	Equity	2026	1.129.604	EUR	https://pensioenfondsdetailhandel.nl/content/Publicaties/Beleggingen-Pensioenfonds-Detailhandel.pdf
Pensioenfonds Detailhandel	Rail Vikas Nigam Ltd	Equity	2026	81.060	EUR	https://pensioenfondsdetailhandel.nl/content/Publicaties/Beleggingen-Pensioenfonds-Detailhandel.pdf
Pensioenfonds Detailhandel	Ratch Group PCL	Equity	2026	196.206	EUR	https://pensioenfondsdetailhandel.nl/content/Publicaties/Beleggingen-Pensioenfonds-Detailhandel.pdf
Pensioenfonds Detailhandel	RBL Bank Ltd	Equity	2026	170.552	EUR	https://pensioenfondsdetailhandel.nl/content/Publicaties/Beleggingen-Pensioenfonds-Detailhandel.pdf
Pensioenfonds Detailhandel	Realtek Semiconductor Corp	Equity	2026	1.090.025	EUR	https://pensioenfondsdetailhandel.nl/content/Publicaties/Beleggingen-Pensioenfonds-Detailhandel.pdf
Pensioenfonds Detailhandel	REC Ltd	Equity	2026	779.138	EUR	https://pensioenfondsdetailhandel.nl/content/Publicaties/Beleggingen-Pensioenfonds-Detailhandel.pdf
Pensioenfonds Detailhandel	Rede D'Or Sao Luiz SA	Equity	2026	1.281.316	EUR	https://pensioenfondsdetailhandel.nl/content/Publicaties/Beleggingen-Pensioenfonds-Detailhandel.pdf
Pensioenfonds Detailhandel	Regional SAB de CV	Equity	2026	144.776	EUR	https://pensioenfondsdetailhandel.nl/content/Publicaties/Beleggingen-Pensioenfonds-Detailhandel.pdf
Pensioenfonds Detailhandel	Reliance Industries Ltd	Equity	2026	18.946.938	EUR	https://pensioenfondsdetailhandel.nl/content/Publicaties/Beleggingen-Pensioenfonds-Detailhandel.pdf
Pensioenfonds Detailhandel	Remgro Ltd	Equity	2026	1.663.669	EUR	https://pensioenfondsdetailhandel.nl/content/Publicaties/Beleggingen-Pensioenfonds-Detailhandel.pdf
Pensioenfonds Detailhandel	RHB Bank Bhd	Equity	2026	954.129	EUR	https://pensioenfondsdetailhandel.nl/content/Publicaties/Beleggingen-Pensioenfonds-Detailhandel.pdf
Pensioenfonds Detailhandel	Richter Gedeon Nyrt	Equity	2026	988.866	EUR	https://pensioenfondsdetailhandel.nl/content/Publicaties/Beleggingen-Pensioenfonds-Detailhandel.pdf
Pensioenfonds Detailhandel	Riyad Bank	Equity	2026	610.137	EUR	https://pensioenfondsdetailhandel.nl/content/Publicaties/Beleggingen-Pensioenfonds-Detailhandel.pdf
Pensioenfonds Detailhandel	Riyadh Cables Group Co	Equity	2026	180.498	EUR	https://pensioenfondsdetailhandel.nl/content/Publicaties/Beleggingen-Pensioenfonds-Detailhandel.pdf
Pensioenfonds Detailhandel	Rumo SA	Equity	2026	923.758	EUR	https://pensioenfondsdetailhandel.nl/content/Publicaties/Beleggingen-Pensioenfonds-Detailhandel.pdf
Pensioenfonds Detailhandel	Salik Co PJSC	Equity	2026	500.724	EUR	https://pensioenfondsdetailhandel.nl/content/Publicaties/Beleggingen-Pensioenfonds-Detailhandel.pdf
Pensioenfonds Detailhandel	Samvardhana Motherson International Ltd	Equity	2026	849.790	EUR	https://pensioenfondsdetailhandel.nl/content/Publicaties/Beleggingen-Pensioenfonds-Detailhandel.pdf
Pensioenfonds Detailhandel	Sanlam Ltd	Equity	2026	1.875.065	EUR	https://pensioenfondsdetailhandel.nl/content/Publicaties/Beleggingen-Pensioenfonds-Detailhandel.pdf
Pensioenfonds Detailhandel	Santam Ltd	Equity	2026	374.042	EUR	https://pensioenfondsdetailhandel.nl/content/Publicaties/Beleggingen-Pensioenfonds-Detailhandel.pdf
Pensioenfonds Detailhandel	Sany Heavy Equipment International Holdi	Equity	2026	144.341	EUR	https://pensioenfondsdetailhandel.nl/content/Publicaties/Beleggingen-Pensioenfonds-Detailhandel.pdf
Pensioenfonds Detailhandel	Sany Heavy Industry Co Ltd	Equity	2026	341.511	EUR	https://pensioenfondsdetailhandel.nl/content/Publicaties/Beleggingen-Pensioenfonds-Detailhandel.pdf
Pensioenfonds Detailhandel	Sasa Polyester Sanayi AS	Equity	2026	306.986	EUR	https://pensioenfondsdetailhandel.nl/content/Publicaties/Beleggingen-Pensioenfonds-Detailhandel.pdf
Pensioenfonds Detailhandel	Saudi Arabian Mining Co	Equity	2026	2.026.228	EUR	https://pensioenfondsdetailhandel.nl/content/Publicaties/Beleggingen-Pensioenfonds-Detailhandel.pdf
Pensioenfonds Detailhandel	Saudi Arabian Oil Co	Equity	2026	6.891.124	EUR	https://pensioenfondsdetailhandel.nl/content/Publicaties/Beleggingen-Pensioenfonds-Detailhandel.pdf
Pensioenfonds Detailhandel	Saudi Awwal Bank	Equity	2026	682.922	EUR	https://pensioenfondsdetailhandel.nl/content/Publicaties/Beleggingen-Pensioenfonds-Detailhandel.pdf
Pensioenfonds Detailhandel	Saudi Basic Industries Corp	Equity	2026	1.883.063	EUR	https://pensioenfondsdetailhandel.nl/content/Publicaties/Beleggingen-Pensioenfonds-Detailhandel.pdf
Pensioenfonds Detailhandel	Saudi National Bank/The	Equity	2026	3.021.808	EUR	https://pensioenfondsdetailhandel.nl/content/Publicaties/Beleggingen-Pensioenfonds-Detailhandel.pdf
Pensioenfonds Detailhandel	Saudi Telecom Co	Equity	2026	2.330.039	EUR	https://pensioenfondsdetailhandel.nl/content/Publicaties/Beleggingen-Pensioenfonds-Detailhandel.pdf
Pensioenfonds Detailhandel	SBI Cards & Payment Services Ltd	Equity	2026	406.198	EUR	https://pensioenfondsdetailhandel.nl/content/Publicaties/Beleggingen-Pensioenfonds-Detailhandel.pdf
Pensioenfonds Detailhandel	SBI Life Insurance Co Ltd	Equity	2026	995.801	EUR	https://pensioenfondsdetailhandel.nl/content/Publicaties/Beleggingen-Pensioenfonds-Detailhandel.pdf
Pensioenfonds Detailhandel	SCB X PCL	Equity	2026	1.540.439	EUR	https://pensioenfondsdetailhandel.nl/content/Publicaties/Beleggingen-Pensioenfonds-Detailhandel.pdf
Pensioenfonds Detailhandel	SCG Packaging PCL	Equity	2026	119.960	EUR	https://pensioenfondsdetailhandel.nl/content/Publicaties/Beleggingen-Pensioenfonds-Detailhandel.pdf
Pensioenfonds Detailhandel	Schaeffler India Ltd	Equity	2026	186.216	EUR	https://pensioenfondsdetailhandel.nl/content/Publicaties/Beleggingen-Pensioenfonds-Detailhandel.pdf
Pensioenfonds Detailhandel	SD Guthrie Bhd	Equity	2026	473.469	EUR	https://pensioenfondsdetailhandel.nl/content/Publicaties/Beleggingen-Pensioenfonds-Detailhandel.pdf
Pensioenfonds Detailhandel	Seazen Group Ltd	Equity	2026	88.072	EUR	https://pensioenfondsdetailhandel.nl/content/Publicaties/Beleggingen-Pensioenfonds-Detailhandel.pdf
Pensioenfonds Detailhandel	Sendas Distribuidora S/A	Equity	2026	459.416	EUR	https://pensioenfondsdetailhandel.nl/content/Publicaties/Beleggingen-Pensioenfonds-Detailhandel.pdf
Pensioenfonds Detailhandel	SenseTime Group Inc	Equity	2026	571.138	EUR	https://pensioenfondsdetailhandel.nl/content/Publicaties/Beleggingen-Pensioenfonds-Detailhandel.pdf
Pensioenfonds Detailhandel	Seres Group Co Ltd	Equity	2026	311.597	EUR	https://pensioenfondsdetailhandel.nl/content/Publicaties/Beleggingen-Pensioenfonds-Detailhandel.pdf
Pensioenfonds Detailhandel	SF Holding Co Ltd	Equity	2026	591.783	EUR	https://pensioenfondsdetailhandel.nl/content/Publicaties/Beleggingen-Pensioenfonds-Detailhandel.pdf
Pensioenfonds Detailhandel	Shandong Gold Mining Co Ltd	Equity	2026	610.880	EUR	https://pensioenfondsdetailhandel.nl/content/Publicaties/Beleggingen-Pensioenfonds-Detailhandel.pdf
Pensioenfonds Detailhandel	Shandong Weigao Group Medical Polymer Co	Equity	2026	139.149	EUR	https://pensioenfondsdetailhandel.nl/content/Publicaties/Beleggingen-Pensioenfonds-Detailhandel.pdf
Pensioenfonds Detailhandel	Shanghai Commercial & Savings Bank Ltd/T	Equity	2026	911.811	EUR	https://pensioenfondsdetailhandel.nl/content/Publicaties/Beleggingen-Pensioenfonds-Detailhandel.pdf
Pensioenfonds Detailhandel	Shanghai Electric Group Co Ltd	Equity	2026	258.160	EUR	https://pensioenfondsdetailhandel.nl/content/Publicaties/Beleggingen-Pensioenfonds-Detailhandel.pdf
Pensioenfonds Detailhandel	Shanghai Fosun Pharmaceutical Group Co L	Equity	2026	564.314	EUR	https://pensioenfondsdetailhandel.nl/content/Publicaties/Beleggingen-Pensioenfonds-Detailhandel.pdf
Pensioenfonds Detailhandel	Shanghai Pudong Development Bank Co Ltd	Equity	2026	274.267	EUR	https://pensioenfondsdetailhandel.nl/content/Publicaties/Beleggingen-Pensioenfonds-Detailhandel.pdf
Pensioenfonds Detailhandel	Shanghai United Imaging Healthcare Co Lt	Equity	2026	208.887	EUR	https://pensioenfondsdetailhandel.nl/content/Publicaties/Beleggingen-Pensioenfonds-Detailhandel.pdf
Pensioenfonds Detailhandel	Shennan Circuits Co Ltd	Equity	2026	223.430	EUR	https://pensioenfondsdetailhandel.nl/content/Publicaties/Beleggingen-Pensioenfonds-Detailhandel.pdf
Pensioenfonds Detailhandel	Shenzhen Expressway Corp Ltd	Equity	2026	241.092	EUR	https://pensioenfondsdetailhandel.nl/content/Publicaties/Beleggingen-Pensioenfonds-Detailhandel.pdf
Pensioenfonds Detailhandel	Shenzhen Inovance Technology Co Ltd	Equity	2026	612.925	EUR	https://pensioenfondsdetailhandel.nl/content/Publicaties/Beleggingen-Pensioenfonds-Detailhandel.pdf
Pensioenfonds Detailhandel	Shenzhen International Holdings Ltd	Equity	2026	400.563	EUR	https://pensioenfondsdetailhandel.nl/content/Publicaties/Beleggingen-Pensioenfonds-Detailhandel.pdf
Pensioenfonds Detailhandel	Shenzhen Mindray Bio-Medical Electronics	Equity	2026	544.183	EUR	https://pensioenfondsdetailhandel.nl/content/Publicaties/Beleggingen-Pensioenfonds-Detailhandel.pdf
Pensioenfonds Detailhandel	Shoprite Holdings Ltd	Equity	2026	1.418.519	EUR	https://pensioenfondsdetailhandel.nl/content/Publicaties/Beleggingen-Pensioenfonds-Detailhandel.pdf
Pensioenfonds Detailhandel	Shriram Finance Ltd	Equity	2026	1.952.253	EUR	https://pensioenfondsdetailhandel.nl/content/Publicaties/Beleggingen-Pensioenfonds-Detailhandel.pdf
Pensioenfonds Detailhandel	Siam Cement PCL/The	Equity	2026	235.329	EUR	https://pensioenfondsdetailhandel.nl/content/Publicaties/Beleggingen-Pensioenfonds-Detailhandel.pdf
Pensioenfonds Detailhandel	Sibanye Stillwater Ltd	Equity	2026	1.935.789	EUR	https://pensioenfondsdetailhandel.nl/content/Publicaties/Beleggingen-Pensioenfonds-Detailhandel.pdf
Pensioenfonds Detailhandel	Sichuan Biokin Pharmaceutical Co Ltd	Equity	2026	147.665	EUR	https://pensioenfondsdetailhandel.nl/content/Publicaties/Beleggingen-Pensioenfonds-Detailhandel.pdf
Pensioenfonds Detailhandel	Siemens Ltd	Equity	2026	812.327	EUR	https://pensioenfondsdetailhandel.nl/content/Publicaties/Beleggingen-Pensioenfonds-Detailhandel.pdf
Pensioenfonds Detailhandel	Silergy Corp	Equity	2026	246.328	EUR	https://pensioenfondsdetailhandel.nl/content/Publicaties/Beleggingen-Pensioenfonds-Detailhandel.pdf
Pensioenfonds Detailhandel	Sime Darby Bhd	Equity	2026	505.989	EUR	https://pensioenfondsdetailhandel.nl/content/Publicaties/Beleggingen-Pensioenfonds-Detailhandel.pdf
Pensioenfonds Detailhandel	Sino Biopharmaceutical Ltd	Equity	2026	1.627.439	EUR	https://pensioenfondsdetailhandel.nl/content/Publicaties/Beleggingen-Pensioenfonds-Detailhandel.pdf
Pensioenfonds Detailhandel	Sino-American Silicon Products Inc	Equity	2026	163.428	EUR	https://pensioenfondsdetailhandel.nl/content/Publicaties/Beleggingen-Pensioenfonds-Detailhandel.pdf
Pensioenfonds Detailhandel	SinoPac Financial Holdings Co Ltd	Equity	2026	2.833.103	EUR	https://pensioenfondsdetailhandel.nl/content/Publicaties/Beleggingen-Pensioenfonds-Detailhandel.pdf
Pensioenfonds Detailhandel	Sinopec Engineering Group Co Ltd	Equity	2026	465.728	EUR	https://pensioenfondsdetailhandel.nl/content/Publicaties/Beleggingen-Pensioenfonds-Detailhandel.pdf
Pensioenfonds Detailhandel	Sinopharm Group Co Ltd	Equity	2026	283.541	EUR	https://pensioenfondsdetailhandel.nl/content/Publicaties/Beleggingen-Pensioenfonds-Detailhandel.pdf
Pensioenfonds Detailhandel	Sinotrans Ltd	Equity	2026	329.873	EUR	https://pensioenfondsdetailhandel.nl/content/Publicaties/Beleggingen-Pensioenfonds-Detailhandel.pdf
Pensioenfonds Detailhandel	Sinotruk Hong Kong Ltd	Equity	2026	1.015.275	EUR	https://pensioenfondsdetailhandel.nl/content/Publicaties/Beleggingen-Pensioenfonds-Detailhandel.pdf
Pensioenfonds Detailhandel	SM Prime Holdings Inc	Equity	2026	421.761	EUR	https://pensioenfondsdetailhandel.nl/content/Publicaties/Beleggingen-Pensioenfonds-Detailhandel.pdf
Pensioenfonds Detailhandel	Sociedad Quimica y Minera de Chile SA	Equity	2026	2.467.074	EUR	https://pensioenfondsdetailhandel.nl/content/Publicaties/Beleggingen-Pensioenfonds-Detailhandel.pdf
Pensioenfonds Detailhandel	Societatea De Producere A Energiei Elect	Equity	2026	230.916	EUR	https://pensioenfondsdetailhandel.nl/content/Publicaties/Beleggingen-Pensioenfonds-Detailhandel.pdf
Pensioenfonds Detailhandel	Solar Industries India Ltd	Equity	2026	351.944	EUR	https://pensioenfondsdetailhandel.nl/content/Publicaties/Beleggingen-Pensioenfonds-Detailhandel.pdf
Pensioenfonds Detailhandel	Sona Blw Precision Forgings Ltd	Equity	2026	450.105	EUR	https://pensioenfondsdetailhandel.nl/content/Publicaties/Beleggingen-Pensioenfonds-Detailhandel.pdf
Pensioenfonds Detailhandel	SRF Ltd	Equity	2026	195.759	EUR	https://pensioenfondsdetailhandel.nl/content/Publicaties/Beleggingen-Pensioenfonds-Detailhandel.pdf
Pensioenfonds Detailhandel	Standard Bank Group Ltd	Equity	2026	6.804.654	EUR	https://pensioenfondsdetailhandel.nl/content/Publicaties/Beleggingen-Pensioenfonds-Detailhandel.pdf
Pensioenfonds Detailhandel	State Bank of India	Equity	2026	1.071.755	EUR	https://pensioenfondsdetailhandel.nl/content/Publicaties/Beleggingen-Pensioenfonds-Detailhandel.pdf
Pensioenfonds Detailhandel	Sun Pharmaceutical Industries Ltd	Equity	2026	4.692.202	EUR	https://pensioenfondsdetailhandel.nl/content/Publicaties/Beleggingen-Pensioenfonds-Detailhandel.pdf
Pensioenfonds Detailhandel	Sundaram Finance Ltd	Equity	2026	194.943	EUR	https://pensioenfondsdetailhandel.nl/content/Publicaties/Beleggingen-Pensioenfonds-Detailhandel.pdf
Pensioenfonds Detailhandel	Sungrow Power Supply Co Ltd	Equity	2026	1.701.613	EUR	https://pensioenfondsdetailhandel.nl/content/Publicaties/Beleggingen-Pensioenfonds-Detailhandel.pdf
Pensioenfonds Detailhandel	Sunny Optical Technology Group Co Ltd	Equity	2026	1.254.378	EUR	https://pensioenfondsdetailhandel.nl/content/Publicaties/Beleggingen-Pensioenfonds-Detailhandel.pdf
Pensioenfonds Detailhandel	Sunway Bhd	Equity	2026	423.393	EUR	https://pensioenfondsdetailhandel.nl/content/Publicaties/Beleggingen-Pensioenfonds-Detailhandel.pdf
Pensioenfonds Detailhandel	Sunway Healthcare Holdings bhd	Equity	2026	17.568	EUR	https://pensioenfondsdetailhandel.nl/content/Publicaties/Beleggingen-Pensioenfonds-Detailhandel.pdf
Pensioenfonds Detailhandel	Supreme Industries Ltd	Equity	2026	242.934	EUR	https://pensioenfondsdetailhandel.nl/content/Publicaties/Beleggingen-Pensioenfonds-Detailhandel.pdf
Pensioenfonds Detailhandel	Suzano SA	Equity	2026	1.787.848	EUR	https://pensioenfondsdetailhandel.nl/content/Publicaties/Beleggingen-Pensioenfonds-Detailhandel.pdf
Pensioenfonds Detailhandel	Suzhou Dongshan Precision Manufacturing	Equity	2026	327.116	EUR	https://pensioenfondsdetailhandel.nl/content/Publicaties/Beleggingen-Pensioenfonds-Detailhandel.pdf
Pensioenfonds Detailhandel	Suzlon Energy Ltd	Equity	2026	1.245.109	EUR	https://pensioenfondsdetailhandel.nl/content/Publicaties/Beleggingen-Pensioenfonds-Detailhandel.pdf
Pensioenfonds Detailhandel	Swiggy Ltd	Equity	2026	101.898	EUR	https://pensioenfondsdetailhandel.nl/content/Publicaties/Beleggingen-Pensioenfonds-Detailhandel.pdf
Pensioenfonds Detailhandel	Synnex Technology International Corp	Equity	2026	96.716	EUR	https://pensioenfondsdetailhandel.nl/content/Publicaties/Beleggingen-Pensioenfonds-Detailhandel.pdf
Pensioenfonds Detailhandel	Taiwan Business Bank	Equity	2026	397.641	EUR	https://pensioenfondsdetailhandel.nl/content/Publicaties/Beleggingen-Pensioenfonds-Detailhandel.pdf
Pensioenfonds Detailhandel	Taiwan Cooperative Financial Holding Co	Equity	2026	1.378.339	EUR	https://pensioenfondsdetailhandel.nl/content/Publicaties/Beleggingen-Pensioenfonds-Detailhandel.pdf
Pensioenfonds Detailhandel	Taiwan Fertilizer Co Ltd	Equity	2026	144.520	EUR	https://pensioenfondsdetailhandel.nl/content/Publicaties/Beleggingen-Pensioenfonds-Detailhandel.pdf
Pensioenfonds Detailhandel	Taiwan Glass Industry Corp	Equity	2026	457.910	EUR	https://pensioenfondsdetailhandel.nl/content/Publicaties/Beleggingen-Pensioenfonds-Detailhandel.pdf
Pensioenfonds Detailhandel	Taiwan High Speed Rail Corp	Equity	2026	753.249	EUR	https://pensioenfondsdetailhandel.nl/content/Publicaties/Beleggingen-Pensioenfonds-Detailhandel.pdf
Pensioenfonds Detailhandel	Taiwan Mobile Co Ltd	Equity	2026	1.186.589	EUR	https://pensioenfondsdetailhandel.nl/content/Publicaties/Beleggingen-Pensioenfonds-Detailhandel.pdf
Pensioenfonds Detailhandel	Taiwan Secom Co Ltd	Equity	2026	317.368	EUR	https://pensioenfondsdetailhandel.nl/content/Publicaties/Beleggingen-Pensioenfonds-Detailhandel.pdf
Pensioenfonds Detailhandel	Taiwan Semiconductor Manufacturing Co Lt	Equity	2026	318.610.290	EUR	https://pensioenfondsdetailhandel.nl/content/Publicaties/Beleggingen-Pensioenfonds-Detailhandel.pdf
Pensioenfonds Detailhandel	TAL Education Group	Equity	2026	1.014.113	EUR	https://pensioenfondsdetailhandel.nl/content/Publicaties/Beleggingen-Pensioenfonds-Detailhandel.pdf
Pensioenfonds Detailhandel	Tatung Co Ltd	Equity	2026	216.832	EUR	https://pensioenfondsdetailhandel.nl/content/Publicaties/Beleggingen-Pensioenfonds-Detailhandel.pdf
Pensioenfonds Detailhandel	TAV Havalimanlari Holding AS	Equity	2026	149.011	EUR	https://pensioenfondsdetailhandel.nl/content/Publicaties/Beleggingen-Pensioenfonds-Detailhandel.pdf
Pensioenfonds Detailhandel	TCC Group Holdings Co Ltd	Equity	2026	152.159	EUR	https://pensioenfondsdetailhandel.nl/content/Publicaties/Beleggingen-Pensioenfonds-Detailhandel.pdf
Pensioenfonds Detailhandel	Tech Mahindra Ltd	Equity	2026	1.672.480	EUR	https://pensioenfondsdetailhandel.nl/content/Publicaties/Beleggingen-Pensioenfonds-Detailhandel.pdf
Pensioenfonds Detailhandel	Teco Electric and Machinery Co Ltd	Equity	2026	537.520	EUR	https://pensioenfondsdetailhandel.nl/content/Publicaties/Beleggingen-Pensioenfonds-Detailhandel.pdf
Pensioenfonds Detailhandel	Tekfen Holding AS	Equity	2026	164.788	EUR	https://pensioenfondsdetailhandel.nl/content/Publicaties/Beleggingen-Pensioenfonds-Detailhandel.pdf
Pensioenfonds Detailhandel	Telefonica Brasil SA	Equity	2026	1.312.415	EUR	https://pensioenfondsdetailhandel.nl/content/Publicaties/Beleggingen-Pensioenfonds-Detailhandel.pdf
Pensioenfonds Detailhandel	Telekom Malaysia Bhd	Equity	2026	412.432	EUR	https://pensioenfondsdetailhandel.nl/content/Publicaties/Beleggingen-Pensioenfonds-Detailhandel.pdf
Pensioenfonds Detailhandel	Telkom Indonesia Persero Tbk PT	Equity	2026	304.296	EUR	https://pensioenfondsdetailhandel.nl/content/Publicaties/Beleggingen-Pensioenfonds-Detailhandel.pdf
Pensioenfonds Detailhandel	Tenaga Nasional Bhd	Equity	2026	3.783.252	EUR	https://pensioenfondsdetailhandel.nl/content/Publicaties/Beleggingen-Pensioenfonds-Detailhandel.pdf
Pensioenfonds Detailhandel	Tencent Holdings Ltd	Equity	2026	87.713.314	EUR	https://pensioenfondsdetailhandel.nl/content/Publicaties/Beleggingen-Pensioenfonds-Detailhandel.pdf
Pensioenfonds Detailhandel	Tencent Music Entertainment Group	Equity	2026	456.800	EUR	https://pensioenfondsdetailhandel.nl/content/Publicaties/Beleggingen-Pensioenfonds-Detailhandel.pdf
Pensioenfonds Detailhandel	Thai Oil PCL	Equity	2026	335.795	EUR	https://pensioenfondsdetailhandel.nl/content/Publicaties/Beleggingen-Pensioenfonds-Detailhandel.pdf
Pensioenfonds Detailhandel	Thai Union Group PCL	Equity	2026	312.969	EUR	https://pensioenfondsdetailhandel.nl/content/Publicaties/Beleggingen-Pensioenfonds-Detailhandel.pdf
Pensioenfonds Detailhandel	Thermax Ltd	Equity	2026	95.388	EUR	https://pensioenfondsdetailhandel.nl/content/Publicaties/Beleggingen-Pensioenfonds-Detailhandel.pdf
Pensioenfonds Detailhandel	Tianqi Lithium Corp	Equity	2026	719.737	EUR	https://pensioenfondsdetailhandel.nl/content/Publicaties/Beleggingen-Pensioenfonds-Detailhandel.pdf
Pensioenfonds Detailhandel	Tiger Brands Ltd	Equity	2026	833.123	EUR	https://pensioenfondsdetailhandel.nl/content/Publicaties/Beleggingen-Pensioenfonds-Detailhandel.pdf
Pensioenfonds Detailhandel	TIM SA/Brazil	Equity	2026	855.447	EUR	https://pensioenfondsdetailhandel.nl/content/Publicaties/Beleggingen-Pensioenfonds-Detailhandel.pdf
Pensioenfonds Detailhandel	Tingyi Cayman Islands Holding Corp	Equity	2026	548.887	EUR	https://pensioenfondsdetailhandel.nl/content/Publicaties/Beleggingen-Pensioenfonds-Detailhandel.pdf
Pensioenfonds Detailhandel	Titan SA	Equity	2026	264.195	EUR	https://pensioenfondsdetailhandel.nl/content/Publicaties/Beleggingen-Pensioenfonds-Detailhandel.pdf
Pensioenfonds Detailhandel	TMBThanachart Bank PCL	Equity	2026	669.974	EUR	https://pensioenfondsdetailhandel.nl/content/Publicaties/Beleggingen-Pensioenfonds-Detailhandel.pdf
Pensioenfonds Detailhandel	Tofas Turk Otomobil Fabrikasi AS	Equity	2026	284.749	EUR	https://pensioenfondsdetailhandel.nl/content/Publicaties/Beleggingen-Pensioenfonds-Detailhandel.pdf
Pensioenfonds Detailhandel	Tongcheng Travel Holdings Ltd	Equity	2026	679.074	EUR	https://pensioenfondsdetailhandel.nl/content/Publicaties/Beleggingen-Pensioenfonds-Detailhandel.pdf
Pensioenfonds Detailhandel	Tongwei Co Ltd	Equity	2026	153.826	EUR	https://pensioenfondsdetailhandel.nl/content/Publicaties/Beleggingen-Pensioenfonds-Detailhandel.pdf
Pensioenfonds Detailhandel	Top Glove Corp Bhd	Equity	2026	179.923	EUR	https://pensioenfondsdetailhandel.nl/content/Publicaties/Beleggingen-Pensioenfonds-Detailhandel.pdf
Pensioenfonds Detailhandel	Torrent Pharmaceuticals Ltd	Equity	2026	598.672	EUR	https://pensioenfondsdetailhandel.nl/content/Publicaties/Beleggingen-Pensioenfonds-Detailhandel.pdf
Pensioenfonds Detailhandel	Torrent Power Ltd	Equity	2026	410.984	EUR	https://pensioenfondsdetailhandel.nl/content/Publicaties/Beleggingen-Pensioenfonds-Detailhandel.pdf
Pensioenfonds Detailhandel	TOTVS SA	Equity	2026	664.862	EUR	https://pensioenfondsdetailhandel.nl/content/Publicaties/Beleggingen-Pensioenfonds-Detailhandel.pdf
Pensioenfonds Detailhandel	Towngas Smart Energy Co Ltd	Equity	2026	177.575	EUR	https://pensioenfondsdetailhandel.nl/content/Publicaties/Beleggingen-Pensioenfonds-Detailhandel.pdf
Pensioenfonds Detailhandel	Transmissora Alianca de Energia Eletrica	Equity	2026	28.422	EUR	https://pensioenfondsdetailhandel.nl/content/Publicaties/Beleggingen-Pensioenfonds-Detailhandel.pdf
Pensioenfonds Detailhandel	TravelSky Technology Ltd	Equity	2026	242.995	EUR	https://pensioenfondsdetailhandel.nl/content/Publicaties/Beleggingen-Pensioenfonds-Detailhandel.pdf
Pensioenfonds Detailhandel	Trina Solar Co Ltd	Equity	2026	149.894	EUR	https://pensioenfondsdetailhandel.nl/content/Publicaties/Beleggingen-Pensioenfonds-Detailhandel.pdf
Pensioenfonds Detailhandel	com Group Ltd	Equity	2026	8.677.716	EUR	https://pensioenfondsdetailhandel.nl/content/Publicaties/Beleggingen-Pensioenfonds-Detailhandel.pdf
Pensioenfonds Detailhandel	True Corp PCL	Equity	2026	988.084	EUR	https://pensioenfondsdetailhandel.nl/content/Publicaties/Beleggingen-Pensioenfonds-Detailhandel.pdf
Pensioenfonds Detailhandel	TS Financial Holding Co Ltd	Equity	2026	3.432.504	EUR	https://pensioenfondsdetailhandel.nl/content/Publicaties/Beleggingen-Pensioenfonds-Detailhandel.pdf
Pensioenfonds Detailhandel	Tsingtao Brewery Co Ltd	Equity	2026	1.020.539	EUR	https://pensioenfondsdetailhandel.nl/content/Publicaties/Beleggingen-Pensioenfonds-Detailhandel.pdf
Pensioenfonds Detailhandel	Turk Hava Yollari AO	Equity	2026	619.213	EUR	https://pensioenfondsdetailhandel.nl/content/Publicaties/Beleggingen-Pensioenfonds-Detailhandel.pdf
Pensioenfonds Detailhandel	Turkcell Iletisim Hizmetleri AS	Equity	2026	668.242	EUR	https://pensioenfondsdetailhandel.nl/content/Publicaties/Beleggingen-Pensioenfonds-Detailhandel.pdf
Pensioenfonds Detailhandel	Turkiye Garanti Bankasi AS	Equity	2026	309.495	EUR	https://pensioenfondsdetailhandel.nl/content/Publicaties/Beleggingen-Pensioenfonds-Detailhandel.pdf
Pensioenfonds Detailhandel	Turkiye Is Bankasi AS	Equity	2026	548.029	EUR	https://pensioenfondsdetailhandel.nl/content/Publicaties/Beleggingen-Pensioenfonds-Detailhandel.pdf
Pensioenfonds Detailhandel	Turkiye Petrol Rafinerileri AS	Equity	2026	937.049	EUR	https://pensioenfondsdetailhandel.nl/content/Publicaties/Beleggingen-Pensioenfonds-Detailhandel.pdf
Pensioenfonds Detailhandel	Turkiye Sise ve Cam Fabrikalari AS	Equity	2026	177.703	EUR	https://pensioenfondsdetailhandel.nl/content/Publicaties/Beleggingen-Pensioenfonds-Detailhandel.pdf
Pensioenfonds Detailhandel	Turkiye Vakiflar Bankasi TAO	Equity	2026	165.250	EUR	https://pensioenfondsdetailhandel.nl/content/Publicaties/Beleggingen-Pensioenfonds-Detailhandel.pdf
Pensioenfonds Detailhandel	TVS Motor Co Ltd	Equity	2026	339.408	EUR	https://pensioenfondsdetailhandel.nl/content/Publicaties/Beleggingen-Pensioenfonds-Detailhandel.pdf
Pensioenfonds Detailhandel	Two Point Zero Group PJSC	Equity	2026	191.413	EUR	https://pensioenfondsdetailhandel.nl/content/Publicaties/Beleggingen-Pensioenfonds-Detailhandel.pdf
Pensioenfonds Detailhandel	Ultrapar Participacoes SA	Equity	2026	1.227.483	EUR	https://pensioenfondsdetailhandel.nl/content/Publicaties/Beleggingen-Pensioenfonds-Detailhandel.pdf
Pensioenfonds Detailhandel	UltraTech Cement Ltd	Equity	2026	172.947	EUR	https://pensioenfondsdetailhandel.nl/content/Publicaties/Beleggingen-Pensioenfonds-Detailhandel.pdf
Pensioenfonds Detailhandel	Umm Al Qura for Development & Constructi	Equity	2026	236.158	EUR	https://pensioenfondsdetailhandel.nl/content/Publicaties/Beleggingen-Pensioenfonds-Detailhandel.pdf
Pensioenfonds Detailhandel	Uni-President China Holdings Ltd	Equity	2026	306.664	EUR	https://pensioenfondsdetailhandel.nl/content/Publicaties/Beleggingen-Pensioenfonds-Detailhandel.pdf
Pensioenfonds Detailhandel	Uni-President Enterprises Corp	Equity	2026	1.179.612	EUR	https://pensioenfondsdetailhandel.nl/content/Publicaties/Beleggingen-Pensioenfonds-Detailhandel.pdf
Pensioenfonds Detailhandel	Unimicron Technology Corp	Equity	2026	1.692.549	EUR	https://pensioenfondsdetailhandel.nl/content/Publicaties/Beleggingen-Pensioenfonds-Detailhandel.pdf
Pensioenfonds Detailhandel	United Breweries Ltd	Equity	2026	63.004	EUR	https://pensioenfondsdetailhandel.nl/content/Publicaties/Beleggingen-Pensioenfonds-Detailhandel.pdf
Pensioenfonds Detailhandel	United Microelectronics Corp	Equity	2026	3.372.897	EUR	https://pensioenfondsdetailhandel.nl/content/Publicaties/Beleggingen-Pensioenfonds-Detailhandel.pdf
Pensioenfonds Detailhandel	United Spirits Ltd	Equity	2026	857.205	EUR	https://pensioenfondsdetailhandel.nl/content/Publicaties/Beleggingen-Pensioenfonds-Detailhandel.pdf
Pensioenfonds Detailhandel	United Tractors Tbk PT	Equity	2026	361.067	EUR	https://pensioenfondsdetailhandel.nl/content/Publicaties/Beleggingen-Pensioenfonds-Detailhandel.pdf
Pensioenfonds Detailhandel	Universal Robina Corp	Equity	2026	128.461	EUR	https://pensioenfondsdetailhandel.nl/content/Publicaties/Beleggingen-Pensioenfonds-Detailhandel.pdf
Pensioenfonds Detailhandel	UNO Minda Ltd	Equity	2026	192.907	EUR	https://pensioenfondsdetailhandel.nl/content/Publicaties/Beleggingen-Pensioenfonds-Detailhandel.pdf
Pensioenfonds Detailhandel	UPL Ltd	Equity	2026	1.095.860	EUR	https://pensioenfondsdetailhandel.nl/content/Publicaties/Beleggingen-Pensioenfonds-Detailhandel.pdf
Pensioenfonds Detailhandel	Vale SA	Equity	2026	9.372.488	EUR	https://pensioenfondsdetailhandel.nl/content/Publicaties/Beleggingen-Pensioenfonds-Detailhandel.pdf
Pensioenfonds Detailhandel	Valterra Platinum Ltd	Equity	2026	4.453.869	EUR	https://pensioenfondsdetailhandel.nl/content/Publicaties/Beleggingen-Pensioenfonds-Detailhandel.pdf
Pensioenfonds Detailhandel	Vanguard International Semiconductor Cor	Equity	2026	444.629	EUR	https://pensioenfondsdetailhandel.nl/content/Publicaties/Beleggingen-Pensioenfonds-Detailhandel.pdf
Pensioenfonds Detailhandel	Varun Beverages Ltd	Equity	2026	778.521	EUR	https://pensioenfondsdetailhandel.nl/content/Publicaties/Beleggingen-Pensioenfonds-Detailhandel.pdf
Pensioenfonds Detailhandel	Vedanta Ltd	Equity	2026	275.366	EUR	https://pensioenfondsdetailhandel.nl/content/Publicaties/Beleggingen-Pensioenfonds-Detailhandel.pdf
Pensioenfonds Detailhandel	Vibra Energia SA	Equity	2026	1.661.211	EUR	https://pensioenfondsdetailhandel.nl/content/Publicaties/Beleggingen-Pensioenfonds-Detailhandel.pdf
Pensioenfonds Detailhandel	Victory Giant Technology Huizhou Co Ltd	Equity	2026	148.243	EUR	https://pensioenfondsdetailhandel.nl/content/Publicaties/Beleggingen-Pensioenfonds-Detailhandel.pdf
Pensioenfonds Detailhandel	Viohalco SA	Equity	2026	186.920	EUR	https://pensioenfondsdetailhandel.nl/content/Publicaties/Beleggingen-Pensioenfonds-Detailhandel.pdf
Pensioenfonds Detailhandel	Vipshop Holdings Ltd	Equity	2026	857.232	EUR	https://pensioenfondsdetailhandel.nl/content/Publicaties/Beleggingen-Pensioenfonds-Detailhandel.pdf
Pensioenfonds Detailhandel	Vodacom Group Ltd	Equity	2026	951.858	EUR	https://pensioenfondsdetailhandel.nl/content/Publicaties/Beleggingen-Pensioenfonds-Detailhandel.pdf
Pensioenfonds Detailhandel	Vodafone Idea Ltd	Equity	2026	297.540	EUR	https://pensioenfondsdetailhandel.nl/content/Publicaties/Beleggingen-Pensioenfonds-Detailhandel.pdf
Pensioenfonds Detailhandel	Voltronic Power Technology Corp	Equity	2026	432.405	EUR	https://pensioenfondsdetailhandel.nl/content/Publicaties/Beleggingen-Pensioenfonds-Detailhandel.pdf
Pensioenfonds Detailhandel	VOYAH Automobile Technology Co Ltd	Equity	2026	87.790	EUR	https://pensioenfondsdetailhandel.nl/content/Publicaties/Beleggingen-Pensioenfonds-Detailhandel.pdf
Pensioenfonds Detailhandel	WAAREE Energies Ltd	Equity	2026	186.586	EUR	https://pensioenfondsdetailhandel.nl/content/Publicaties/Beleggingen-Pensioenfonds-Detailhandel.pdf
Pensioenfonds Detailhandel	Wal-Mart de Mexico SAB de CV	Equity	2026	3.675.519	EUR	https://pensioenfondsdetailhandel.nl/content/Publicaties/Beleggingen-Pensioenfonds-Detailhandel.pdf
Pensioenfonds Detailhandel	Walsin Lihwa Corp	Equity	2026	432.389	EUR	https://pensioenfondsdetailhandel.nl/content/Publicaties/Beleggingen-Pensioenfonds-Detailhandel.pdf
Pensioenfonds Detailhandel	Walsin Technology Corp	Equity	2026	228.690	EUR	https://pensioenfondsdetailhandel.nl/content/Publicaties/Beleggingen-Pensioenfonds-Detailhandel.pdf
Pensioenfonds Detailhandel	Wan Hai Lines Ltd	Equity	2026	171.213	EUR	https://pensioenfondsdetailhandel.nl/content/Publicaties/Beleggingen-Pensioenfonds-Detailhandel.pdf
Pensioenfonds Detailhandel	Wanhua Chemical Group Co Ltd	Equity	2026	121.802	EUR	https://pensioenfondsdetailhandel.nl/content/Publicaties/Beleggingen-Pensioenfonds-Detailhandel.pdf
Pensioenfonds Detailhandel	Want Want China Holdings Ltd	Equity	2026	712.412	EUR	https://pensioenfondsdetailhandel.nl/content/Publicaties/Beleggingen-Pensioenfonds-Detailhandel.pdf
Pensioenfonds Detailhandel	WEG SA	Equity	2026	4.173.569	EUR	https://pensioenfondsdetailhandel.nl/content/Publicaties/Beleggingen-Pensioenfonds-Detailhandel.pdf
Pensioenfonds Detailhandel	Weichai Power Co Ltd	Equity	2026	2.375.357	EUR	https://pensioenfondsdetailhandel.nl/content/Publicaties/Beleggingen-Pensioenfonds-Detailhandel.pdf
Pensioenfonds Detailhandel	Win Semiconductors Corp	Equity	2026	582.083	EUR	https://pensioenfondsdetailhandel.nl/content/Publicaties/Beleggingen-Pensioenfonds-Detailhandel.pdf
Pensioenfonds Detailhandel	Winbond Electronics Corp	Equity	2026	1.402.640	EUR	https://pensioenfondsdetailhandel.nl/content/Publicaties/Beleggingen-Pensioenfonds-Detailhandel.pdf
Pensioenfonds Detailhandel	Wipro Ltd	Equity	2026	1.002.605	EUR	https://pensioenfondsdetailhandel.nl/content/Publicaties/Beleggingen-Pensioenfonds-Detailhandel.pdf
Pensioenfonds Detailhandel	Wistron Corp	Equity	2026	2.111.734	EUR	https://pensioenfondsdetailhandel.nl/content/Publicaties/Beleggingen-Pensioenfonds-Detailhandel.pdf
Pensioenfonds Detailhandel	Wiwynn Corp	Equity	2026	1.791.733	EUR	https://pensioenfondsdetailhandel.nl/content/Publicaties/Beleggingen-Pensioenfonds-Detailhandel.pdf
Pensioenfonds Detailhandel	Woolworths Holdings Ltd/South Africa	Equity	2026	1.034.280	EUR	https://pensioenfondsdetailhandel.nl/content/Publicaties/Beleggingen-Pensioenfonds-Detailhandel.pdf
Pensioenfonds Detailhandel	WPG Holdings Ltd	Equity	2026	544.687	EUR	https://pensioenfondsdetailhandel.nl/content/Publicaties/Beleggingen-Pensioenfonds-Detailhandel.pdf
Pensioenfonds Detailhandel	WT Microelectronics Co Ltd	Equity	2026	288.659	EUR	https://pensioenfondsdetailhandel.nl/content/Publicaties/Beleggingen-Pensioenfonds-Detailhandel.pdf
Pensioenfonds Detailhandel	Wuliangye Yibin Co Ltd	Equity	2026	390.609	EUR	https://pensioenfondsdetailhandel.nl/content/Publicaties/Beleggingen-Pensioenfonds-Detailhandel.pdf
Pensioenfonds Detailhandel	WuXi AppTec Co Ltd	Equity	2026	2.014.795	EUR	https://pensioenfondsdetailhandel.nl/content/Publicaties/Beleggingen-Pensioenfonds-Detailhandel.pdf
Pensioenfonds Detailhandel	Wuxi Biologics Cayman Inc	Equity	2026	4.232.828	EUR	https://pensioenfondsdetailhandel.nl/content/Publicaties/Beleggingen-Pensioenfonds-Detailhandel.pdf
Pensioenfonds Detailhandel	Xiamen Tungsten Co Ltd	Equity	2026	192.904	EUR	https://pensioenfondsdetailhandel.nl/content/Publicaties/Beleggingen-Pensioenfonds-Detailhandel.pdf
Pensioenfonds Detailhandel	Xiaomi Corp	Equity	2026	13.992.222	EUR	https://pensioenfondsdetailhandel.nl/content/Publicaties/Beleggingen-Pensioenfonds-Detailhandel.pdf
Pensioenfonds Detailhandel	Xinyi Solar Holdings Ltd	Equity	2026	169.443	EUR	https://pensioenfondsdetailhandel.nl/content/Publicaties/Beleggingen-Pensioenfonds-Detailhandel.pdf
Pensioenfonds Detailhandel	XPeng Inc	Equity	2026	1.410.437	EUR	https://pensioenfondsdetailhandel.nl/content/Publicaties/Beleggingen-Pensioenfonds-Detailhandel.pdf
Pensioenfonds Detailhandel	Xtep International Holdings Ltd	Equity	2026	103.913	EUR	https://pensioenfondsdetailhandel.nl/content/Publicaties/Beleggingen-Pensioenfonds-Detailhandel.pdf
Pensioenfonds Detailhandel	Yadea Group Holdings Ltd	Equity	2026	167.211	EUR	https://pensioenfondsdetailhandel.nl/content/Publicaties/Beleggingen-Pensioenfonds-Detailhandel.pdf
Pensioenfonds Detailhandel	Yageo Corp	Equity	2026	1.454.555	EUR	https://pensioenfondsdetailhandel.nl/content/Publicaties/Beleggingen-Pensioenfonds-Detailhandel.pdf
Pensioenfonds Detailhandel	Yang Ming Marine Transport Corp	Equity	2026	331.742	EUR	https://pensioenfondsdetailhandel.nl/content/Publicaties/Beleggingen-Pensioenfonds-Detailhandel.pdf
Pensioenfonds Detailhandel	Yangzijiang Shipbuilding Holdings Ltd	Equity	2026	693.694	EUR	https://pensioenfondsdetailhandel.nl/content/Publicaties/Beleggingen-Pensioenfonds-Detailhandel.pdf
Pensioenfonds Detailhandel	Yankuang Energy Group Co Ltd	Equity	2026	336.768	EUR	https://pensioenfondsdetailhandel.nl/content/Publicaties/Beleggingen-Pensioenfonds-Detailhandel.pdf
Pensioenfonds Detailhandel	Yapi ve Kredi Bankasi AS	Equity	2026	619.000	EUR	https://pensioenfondsdetailhandel.nl/content/Publicaties/Beleggingen-Pensioenfonds-Detailhandel.pdf
Pensioenfonds Detailhandel	Yes Bank Ltd	Equity	2026	699.648	EUR	https://pensioenfondsdetailhandel.nl/content/Publicaties/Beleggingen-Pensioenfonds-Detailhandel.pdf
Pensioenfonds Detailhandel	Yihai International Holding Ltd	Equity	2026	151.755	EUR	https://pensioenfondsdetailhandel.nl/content/Publicaties/Beleggingen-Pensioenfonds-Detailhandel.pdf
Pensioenfonds Detailhandel	Yihai Kerry Arawana Holdings Co Ltd	Equity	2026	170.408	EUR	https://pensioenfondsdetailhandel.nl/content/Publicaties/Beleggingen-Pensioenfonds-Detailhandel.pdf
Pensioenfonds Detailhandel	YTL Power International Bhd	Equity	2026	222.470	EUR	https://pensioenfondsdetailhandel.nl/content/Publicaties/Beleggingen-Pensioenfonds-Detailhandel.pdf
Pensioenfonds Detailhandel	Yuanta Financial Holding Co Ltd	Equity	2026	3.714.529	EUR	https://pensioenfondsdetailhandel.nl/content/Publicaties/Beleggingen-Pensioenfonds-Detailhandel.pdf
Pensioenfonds Detailhandel	Yuexiu Property Co Ltd	Equity	2026	215.296	EUR	https://pensioenfondsdetailhandel.nl/content/Publicaties/Beleggingen-Pensioenfonds-Detailhandel.pdf
Pensioenfonds Detailhandel	Yulon Motor Co Ltd	Equity	2026	31.876	EUR	https://pensioenfondsdetailhandel.nl/content/Publicaties/Beleggingen-Pensioenfonds-Detailhandel.pdf
Pensioenfonds Detailhandel	Yum China Holdings Inc	Equity	2026	6.736.569	EUR	https://pensioenfondsdetailhandel.nl/content/Publicaties/Beleggingen-Pensioenfonds-Detailhandel.pdf
Pensioenfonds Detailhandel	Zai Lab Ltd	Equity	2026	296.037	EUR	https://pensioenfondsdetailhandel.nl/content/Publicaties/Beleggingen-Pensioenfonds-Detailhandel.pdf
Pensioenfonds Detailhandel	Zangge Mining Co Ltd	Equity	2026	168.344	EUR	https://pensioenfondsdetailhandel.nl/content/Publicaties/Beleggingen-Pensioenfonds-Detailhandel.pdf
Pensioenfonds Detailhandel	Zhaojin Mining Industry Co Ltd	Equity	2026	260.006	EUR	https://pensioenfondsdetailhandel.nl/content/Publicaties/Beleggingen-Pensioenfonds-Detailhandel.pdf
Pensioenfonds Detailhandel	Zhejiang Huayou Cobalt Co Ltd	Equity	2026	280.517	EUR	https://pensioenfondsdetailhandel.nl/content/Publicaties/Beleggingen-Pensioenfonds-Detailhandel.pdf
Pensioenfonds Detailhandel	Zhejiang Leapmotor Technology Co Ltd	Equity	2026	660.004	EUR	https://pensioenfondsdetailhandel.nl/content/Publicaties/Beleggingen-Pensioenfonds-Detailhandel.pdf
Pensioenfonds Detailhandel	Zhen Ding Technology Holding Ltd	Equity	2026	801.651	EUR	https://pensioenfondsdetailhandel.nl/content/Publicaties/Beleggingen-Pensioenfonds-Detailhandel.pdf
Pensioenfonds Detailhandel	Zhongji Innolight Co Ltd	Equity	2026	171.727	EUR	https://pensioenfondsdetailhandel.nl/content/Publicaties/Beleggingen-Pensioenfonds-Detailhandel.pdf
Pensioenfonds Detailhandel	Zhuzhou CRRC Times Electric Co Ltd	Equity	2026	503.429	EUR	https://pensioenfondsdetailhandel.nl/content/Publicaties/Beleggingen-Pensioenfonds-Detailhandel.pdf
Pensioenfonds Detailhandel	Zijin Mining Group Co Ltd	Equity	2026	14.214.589	EUR	https://pensioenfondsdetailhandel.nl/content/Publicaties/Beleggingen-Pensioenfonds-Detailhandel.pdf
Pensioenfonds Detailhandel	Zoomlion Heavy Industry Science and Tech	Equity	2026	582.898	EUR	https://pensioenfondsdetailhandel.nl/content/Publicaties/Beleggingen-Pensioenfonds-Detailhandel.pdf
Pensioenfonds Detailhandel	ZTE Corp	Equity	2026	745.929	EUR	https://pensioenfondsdetailhandel.nl/content/Publicaties/Beleggingen-Pensioenfonds-Detailhandel.pdf
Pensioenfonds Detailhandel	ZTO Express Cayman Inc	Equity	2026	1.972.958	EUR	https://pensioenfondsdetailhandel.nl/content/Publicaties/Beleggingen-Pensioenfonds-Detailhandel.pdf
Pensioenfonds Detailhandel	Zydus Lifesciences Ltd	Equity	2026	424.580	EUR	https://pensioenfondsdetailhandel.nl/content/Publicaties/Beleggingen-Pensioenfonds-Detailhandel.pdf
Pensioenfonds Detailhandel	Abacus Group	Equity	2026	162.589	EUR	https://pensioenfondsdetailhandel.nl/content/Publicaties/Beleggingen-Pensioenfonds-Detailhandel.pdf
Pensioenfonds Detailhandel	Abacus Storage King	Equity	2026	311.029	EUR	https://pensioenfondsdetailhandel.nl/content/Publicaties/Beleggingen-Pensioenfonds-Detailhandel.pdf
Pensioenfonds Detailhandel	Acadia Realty Trust	Equity	2026	1.319.250	EUR	https://pensioenfondsdetailhandel.nl/content/Publicaties/Beleggingen-Pensioenfonds-Detailhandel.pdf
Pensioenfonds Detailhandel	Activia Properties Inc	Equity	2026	1.307.216	EUR	https://pensioenfondsdetailhandel.nl/content/Publicaties/Beleggingen-Pensioenfonds-Detailhandel.pdf
Pensioenfonds Detailhandel	Advance Residence Investment Corp	Equity	2026	2.201.155	EUR	https://pensioenfondsdetailhandel.nl/content/Publicaties/Beleggingen-Pensioenfonds-Detailhandel.pdf
Pensioenfonds Detailhandel	Aedifica SA	Equity	2026	2.964.334	EUR	https://pensioenfondsdetailhandel.nl/content/Publicaties/Beleggingen-Pensioenfonds-Detailhandel.pdf
Pensioenfonds Detailhandel	AEON REIT Investment Corp	Equity	2026	243.669	EUR	https://pensioenfondsdetailhandel.nl/content/Publicaties/Beleggingen-Pensioenfonds-Detailhandel.pdf
Pensioenfonds Detailhandel	AEW UK REIT PLC	Equity	2026	57.548	EUR	https://pensioenfondsdetailhandel.nl/content/Publicaties/Beleggingen-Pensioenfonds-Detailhandel.pdf
Pensioenfonds Detailhandel	Agree Realty Corp	Equity	2026	3.566.177	EUR	https://pensioenfondsdetailhandel.nl/content/Publicaties/Beleggingen-Pensioenfonds-Detailhandel.pdf
Pensioenfonds Detailhandel	AIMS APAC REIT	Equity	2026	266.756	EUR	https://pensioenfondsdetailhandel.nl/content/Publicaties/Beleggingen-Pensioenfonds-Detailhandel.pdf
Pensioenfonds Detailhandel	Alexandria Real Estate Equities Inc	Equity	2026	4.795.294	EUR	https://pensioenfondsdetailhandel.nl/content/Publicaties/Beleggingen-Pensioenfonds-Detailhandel.pdf
Pensioenfonds Detailhandel	Allied Properties Real Estate Investment	Equity	2026	574.848	EUR	https://pensioenfondsdetailhandel.nl/content/Publicaties/Beleggingen-Pensioenfonds-Detailhandel.pdf
Pensioenfonds Detailhandel	Allreal Holding AG	Equity	2026	2.567.018	EUR	https://pensioenfondsdetailhandel.nl/content/Publicaties/Beleggingen-Pensioenfonds-Detailhandel.pdf
Pensioenfonds Detailhandel	Altarea SCA	Equity	2026	670.016	EUR	https://pensioenfondsdetailhandel.nl/content/Publicaties/Beleggingen-Pensioenfonds-Detailhandel.pdf
Pensioenfonds Detailhandel	American Assets Trust Inc	Equity	2026	562.957	EUR	https://pensioenfondsdetailhandel.nl/content/Publicaties/Beleggingen-Pensioenfonds-Detailhandel.pdf
Pensioenfonds Detailhandel	American Healthcare REIT Inc	Equity	2026	3.368.839	EUR	https://pensioenfondsdetailhandel.nl/content/Publicaties/Beleggingen-Pensioenfonds-Detailhandel.pdf
Pensioenfonds Detailhandel	American Homes 4 Rent	Equity	2026	6.190.572	EUR	https://pensioenfondsdetailhandel.nl/content/Publicaties/Beleggingen-Pensioenfonds-Detailhandel.pdf
Pensioenfonds Detailhandel	Americold Realty Trust Inc	Equity	2026	1.340.768	EUR	https://pensioenfondsdetailhandel.nl/content/Publicaties/Beleggingen-Pensioenfonds-Detailhandel.pdf
Pensioenfonds Detailhandel	Amot Investments Ltd	Equity	2026	552.675	EUR	https://pensioenfondsdetailhandel.nl/content/Publicaties/Beleggingen-Pensioenfonds-Detailhandel.pdf
Pensioenfonds Detailhandel	Apple Hospitality REIT Inc	Equity	2026	1.385.519	EUR	https://pensioenfondsdetailhandel.nl/content/Publicaties/Beleggingen-Pensioenfonds-Detailhandel.pdf
Pensioenfonds Detailhandel	Arena REIT	Equity	2026	670.223	EUR	https://pensioenfondsdetailhandel.nl/content/Publicaties/Beleggingen-Pensioenfonds-Detailhandel.pdf
Pensioenfonds Detailhandel	ARGAN SA	Equity	2026	727.748	EUR	https://pensioenfondsdetailhandel.nl/content/Publicaties/Beleggingen-Pensioenfonds-Detailhandel.pdf
Pensioenfonds Detailhandel	Argosy Property Ltd	Equity	2026	274.355	EUR	https://pensioenfondsdetailhandel.nl/content/Publicaties/Beleggingen-Pensioenfonds-Detailhandel.pdf
Pensioenfonds Detailhandel	Aroundtown SA	Equity	2026	1.180.468	EUR	https://pensioenfondsdetailhandel.nl/content/Publicaties/Beleggingen-Pensioenfonds-Detailhandel.pdf
Pensioenfonds Detailhandel	Ascencio	Equity	2026	163.176	EUR	https://pensioenfondsdetailhandel.nl/content/Publicaties/Beleggingen-Pensioenfonds-Detailhandel.pdf
Pensioenfonds Detailhandel	Atrium Ljungberg AB	Equity	2026	566.705	EUR	https://pensioenfondsdetailhandel.nl/content/Publicaties/Beleggingen-Pensioenfonds-Detailhandel.pdf
Pensioenfonds Detailhandel	AvalonBay Communities Inc	Equity	2026	15.720.598	EUR	https://pensioenfondsdetailhandel.nl/content/Publicaties/Beleggingen-Pensioenfonds-Detailhandel.pdf
Pensioenfonds Detailhandel	Azrieli Group Ltd	Equity	2026	3.441.490	EUR	https://pensioenfondsdetailhandel.nl/content/Publicaties/Beleggingen-Pensioenfonds-Detailhandel.pdf
Pensioenfonds Detailhandel	Big Yellow Group PLC	Equity	2026	1.556.395	EUR	https://pensioenfondsdetailhandel.nl/content/Publicaties/Beleggingen-Pensioenfonds-Detailhandel.pdf
Pensioenfonds Detailhandel	Boardwalk Real Estate Investment Trust	Equity	2026	734.474	EUR	https://pensioenfondsdetailhandel.nl/content/Publicaties/Beleggingen-Pensioenfonds-Detailhandel.pdf
Pensioenfonds Detailhandel	British Land Co PLC/The	Equity	2026	3.403.193	EUR	https://pensioenfondsdetailhandel.nl/content/Publicaties/Beleggingen-Pensioenfonds-Detailhandel.pdf
Pensioenfonds Detailhandel	Brixmor Property Group Inc	Equity	2026	3.068.542	EUR	https://pensioenfondsdetailhandel.nl/content/Publicaties/Beleggingen-Pensioenfonds-Detailhandel.pdf
Pensioenfonds Detailhandel	Broadstone Net Lease Inc	Equity	2026	936.599	EUR	https://pensioenfondsdetailhandel.nl/content/Publicaties/Beleggingen-Pensioenfonds-Detailhandel.pdf
Pensioenfonds Detailhandel	BWP Property Group Ltd	Equity	2026	328.290	EUR	https://pensioenfondsdetailhandel.nl/content/Publicaties/Beleggingen-Pensioenfonds-Detailhandel.pdf
Pensioenfonds Detailhandel	BXP Inc	Equity	2026	6.714.100	EUR	https://pensioenfondsdetailhandel.nl/content/Publicaties/Beleggingen-Pensioenfonds-Detailhandel.pdf
Pensioenfonds Detailhandel	CA Immobilien Anlagen AG	Equity	2026	495.982	EUR	https://pensioenfondsdetailhandel.nl/content/Publicaties/Beleggingen-Pensioenfonds-Detailhandel.pdf
Pensioenfonds Detailhandel	Camden Property Trust	Equity	2026	5.728.621	EUR	https://pensioenfondsdetailhandel.nl/content/Publicaties/Beleggingen-Pensioenfonds-Detailhandel.pdf
Pensioenfonds Detailhandel	Canadian Apartment Properties REIT	Equity	2026	2.434.224	EUR	https://pensioenfondsdetailhandel.nl/content/Publicaties/Beleggingen-Pensioenfonds-Detailhandel.pdf
Pensioenfonds Detailhandel	CapitaLand Ascendas REIT	Equity	2026	2.514.610	EUR	https://pensioenfondsdetailhandel.nl/content/Publicaties/Beleggingen-Pensioenfonds-Detailhandel.pdf
Pensioenfonds Detailhandel	CapitaLand Ascott Trust	Equity	2026	797.330	EUR	https://pensioenfondsdetailhandel.nl/content/Publicaties/Beleggingen-Pensioenfonds-Detailhandel.pdf
Pensioenfonds Detailhandel	CapitaLand Integrated Commercial Trust	Equity	2026	6.448.256	EUR	https://pensioenfondsdetailhandel.nl/content/Publicaties/Beleggingen-Pensioenfonds-Detailhandel.pdf
Pensioenfonds Detailhandel	CapitaLand Investment Ltd/Singapore	Equity	2026	1.058.166	EUR	https://pensioenfondsdetailhandel.nl/content/Publicaties/Beleggingen-Pensioenfonds-Detailhandel.pdf
Pensioenfonds Detailhandel	Care Property Invest NV	Equity	2026	262.438	EUR	https://pensioenfondsdetailhandel.nl/content/Publicaties/Beleggingen-Pensioenfonds-Detailhandel.pdf
Pensioenfonds Detailhandel	CareTrust REIT Inc	Equity	2026	4.111.530	EUR	https://pensioenfondsdetailhandel.nl/content/Publicaties/Beleggingen-Pensioenfonds-Detailhandel.pdf
Pensioenfonds Detailhandel	Carmila SA	Equity	2026	619.873	EUR	https://pensioenfondsdetailhandel.nl/content/Publicaties/Beleggingen-Pensioenfonds-Detailhandel.pdf
Pensioenfonds Detailhandel	Castellum AB	Equity	2026	2.900.651	EUR	https://pensioenfondsdetailhandel.nl/content/Publicaties/Beleggingen-Pensioenfonds-Detailhandel.pdf
Pensioenfonds Detailhandel	Catena AB	Equity	2026	1.792.389	EUR	https://pensioenfondsdetailhandel.nl/content/Publicaties/Beleggingen-Pensioenfonds-Detailhandel.pdf
Pensioenfonds Detailhandel	CDL Hospitality Trusts	Equity	2026	273.104	EUR	https://pensioenfondsdetailhandel.nl/content/Publicaties/Beleggingen-Pensioenfonds-Detailhandel.pdf
Pensioenfonds Detailhandel	Centerspace	Equity	2026	404.336	EUR	https://pensioenfondsdetailhandel.nl/content/Publicaties/Beleggingen-Pensioenfonds-Detailhandel.pdf
Pensioenfonds Detailhandel	Centuria Industrial REIT	Equity	2026	287.469	EUR	https://pensioenfondsdetailhandel.nl/content/Publicaties/Beleggingen-Pensioenfonds-Detailhandel.pdf
Pensioenfonds Detailhandel	Centuria Office REIT	Equity	2026	191.466	EUR	https://pensioenfondsdetailhandel.nl/content/Publicaties/Beleggingen-Pensioenfonds-Detailhandel.pdf
Pensioenfonds Detailhandel	Champion REIT	Equity	2026	456.395	EUR	https://pensioenfondsdetailhandel.nl/content/Publicaties/Beleggingen-Pensioenfonds-Detailhandel.pdf
Pensioenfonds Detailhandel	Charter Hall Group	Equity	2026	1.386.965	EUR	https://pensioenfondsdetailhandel.nl/content/Publicaties/Beleggingen-Pensioenfonds-Detailhandel.pdf
Pensioenfonds Detailhandel	Charter Hall Long Wale REIT	Equity	2026	401.067	EUR	https://pensioenfondsdetailhandel.nl/content/Publicaties/Beleggingen-Pensioenfonds-Detailhandel.pdf
Pensioenfonds Detailhandel	Charter Hall Retail REIT	Equity	2026	659.140	EUR	https://pensioenfondsdetailhandel.nl/content/Publicaties/Beleggingen-Pensioenfonds-Detailhandel.pdf
Pensioenfonds Detailhandel	Charter Hall Social Infrastructure REIT	Equity	2026	437.621	EUR	https://pensioenfondsdetailhandel.nl/content/Publicaties/Beleggingen-Pensioenfonds-Detailhandel.pdf
Pensioenfonds Detailhandel	Chartwell Retirement Residences	Equity	2026	2.505.513	EUR	https://pensioenfondsdetailhandel.nl/content/Publicaties/Beleggingen-Pensioenfonds-Detailhandel.pdf
Pensioenfonds Detailhandel	Choice Properties Real Estate Investment	Equity	2026	1.303.681	EUR	https://pensioenfondsdetailhandel.nl/content/Publicaties/Beleggingen-Pensioenfonds-Detailhandel.pdf
Pensioenfonds Detailhandel	Cibus Nordic Real Estate AB publ	Equity	2026	530.184	EUR	https://pensioenfondsdetailhandel.nl/content/Publicaties/Beleggingen-Pensioenfonds-Detailhandel.pdf
Pensioenfonds Detailhandel	City Developments Ltd	Equity	2026	1.105.705	EUR	https://pensioenfondsdetailhandel.nl/content/Publicaties/Beleggingen-Pensioenfonds-Detailhandel.pdf
Pensioenfonds Detailhandel	Citycon Oyj	Equity	2026	103.343	EUR	https://pensioenfondsdetailhandel.nl/content/Publicaties/Beleggingen-Pensioenfonds-Detailhandel.pdf
Pensioenfonds Detailhandel	Cofinimmo SA	Equity	2026	320.578	EUR	https://pensioenfondsdetailhandel.nl/content/Publicaties/Beleggingen-Pensioenfonds-Detailhandel.pdf
Pensioenfonds Detailhandel	Colonial SFL Socimi SA	Equity	2026	1.763.224	EUR	https://pensioenfondsdetailhandel.nl/content/Publicaties/Beleggingen-Pensioenfonds-Detailhandel.pdf
Pensioenfonds Detailhandel	Comforia Residential REIT Inc	Equity	2026	1.097.753	EUR	https://pensioenfondsdetailhandel.nl/content/Publicaties/Beleggingen-Pensioenfonds-Detailhandel.pdf
Pensioenfonds Detailhandel	COPT Defense Properties	Equity	2026	533.465	EUR	https://pensioenfondsdetailhandel.nl/content/Publicaties/Beleggingen-Pensioenfonds-Detailhandel.pdf
Pensioenfonds Detailhandel	Corem Property Group AB	Equity	2026	209.401	EUR	https://pensioenfondsdetailhandel.nl/content/Publicaties/Beleggingen-Pensioenfonds-Detailhandel.pdf
Pensioenfonds Detailhandel	Cousins Properties Inc	Equity	2026	3.254.178	EUR	https://pensioenfondsdetailhandel.nl/content/Publicaties/Beleggingen-Pensioenfonds-Detailhandel.pdf
Pensioenfonds Detailhandel	Covivio SA/France	Equity	2026	2.071.371	EUR	https://pensioenfondsdetailhandel.nl/content/Publicaties/Beleggingen-Pensioenfonds-Detailhandel.pdf
Pensioenfonds Detailhandel	CRE Logistics REIT Inc	Equity	2026	502.233	EUR	https://pensioenfondsdetailhandel.nl/content/Publicaties/Beleggingen-Pensioenfonds-Detailhandel.pdf
Pensioenfonds Detailhandel	Crombie Real Estate Investment Trust	Equity	2026	429.528	EUR	https://pensioenfondsdetailhandel.nl/content/Publicaties/Beleggingen-Pensioenfonds-Detailhandel.pdf
Pensioenfonds Detailhandel	Cromwell Property Group	Equity	2026	335.567	EUR	https://pensioenfondsdetailhandel.nl/content/Publicaties/Beleggingen-Pensioenfonds-Detailhandel.pdf
Pensioenfonds Detailhandel	CubeSmart	Equity	2026	5.824.175	EUR	https://pensioenfondsdetailhandel.nl/content/Publicaties/Beleggingen-Pensioenfonds-Detailhandel.pdf
Pensioenfonds Detailhandel	Curbline Properties Corp	Equity	2026	1.139.631	EUR	https://pensioenfondsdetailhandel.nl/content/Publicaties/Beleggingen-Pensioenfonds-Detailhandel.pdf
Pensioenfonds Detailhandel	Custodian Property Income Reit PLC	Equity	2026	151.345	EUR	https://pensioenfondsdetailhandel.nl/content/Publicaties/Beleggingen-Pensioenfonds-Detailhandel.pdf
Pensioenfonds Detailhandel	Daiwa House REIT Investment Corp	Equity	2026	1.828.168	EUR	https://pensioenfondsdetailhandel.nl/content/Publicaties/Beleggingen-Pensioenfonds-Detailhandel.pdf
Pensioenfonds Detailhandel	Daiwa Office Investment Corp	Equity	2026	980.873	EUR	https://pensioenfondsdetailhandel.nl/content/Publicaties/Beleggingen-Pensioenfonds-Detailhandel.pdf
Pensioenfonds Detailhandel	Daiwa Securities Living Investments Corp	Equity	2026	728.726	EUR	https://pensioenfondsdetailhandel.nl/content/Publicaties/Beleggingen-Pensioenfonds-Detailhandel.pdf
Pensioenfonds Detailhandel	Derwent London PLC	Equity	2026	2.065.980	EUR	https://pensioenfondsdetailhandel.nl/content/Publicaties/Beleggingen-Pensioenfonds-Detailhandel.pdf
Pensioenfonds Detailhandel	Deutsche EuroShop AG	Equity	2026	97.782	EUR	https://pensioenfondsdetailhandel.nl/content/Publicaties/Beleggingen-Pensioenfonds-Detailhandel.pdf
Pensioenfonds Detailhandel	Deutsche Wohnen SE	Equity	2026	555.810	EUR	https://pensioenfondsdetailhandel.nl/content/Publicaties/Beleggingen-Pensioenfonds-Detailhandel.pdf
Pensioenfonds Detailhandel	Dexus	Equity	2026	1.028.006	EUR	https://pensioenfondsdetailhandel.nl/content/Publicaties/Beleggingen-Pensioenfonds-Detailhandel.pdf
Pensioenfonds Detailhandel	Dexus Industria REIT	Equity	2026	167.250	EUR	https://pensioenfondsdetailhandel.nl/content/Publicaties/Beleggingen-Pensioenfonds-Detailhandel.pdf
Pensioenfonds Detailhandel	DiamondRock Hospitality Co	Equity	2026	1.251.787	EUR	https://pensioenfondsdetailhandel.nl/content/Publicaties/Beleggingen-Pensioenfonds-Detailhandel.pdf
Pensioenfonds Detailhandel	Digital Core REIT Management Pte Ltd	Equity	2026	97.867	EUR	https://pensioenfondsdetailhandel.nl/content/Publicaties/Beleggingen-Pensioenfonds-Detailhandel.pdf
Pensioenfonds Detailhandel	Digital Realty Trust Inc	Equity	2026	23.982.536	EUR	https://pensioenfondsdetailhandel.nl/content/Publicaties/Beleggingen-Pensioenfonds-Detailhandel.pdf
Pensioenfonds Detailhandel	Dios Fastigheter AB	Equity	2026	447.817	EUR	https://pensioenfondsdetailhandel.nl/content/Publicaties/Beleggingen-Pensioenfonds-Detailhandel.pdf
Pensioenfonds Detailhandel	Douglas Emmett Inc	Equity	2026	859.320	EUR	https://pensioenfondsdetailhandel.nl/content/Publicaties/Beleggingen-Pensioenfonds-Detailhandel.pdf
Pensioenfonds Detailhandel	Dream Industrial Real Estate Investment	Equity	2026	708.393	EUR	https://pensioenfondsdetailhandel.nl/content/Publicaties/Beleggingen-Pensioenfonds-Detailhandel.pdf
Pensioenfonds Detailhandel	Easterly Government Properties Inc	Equity	2026	437.769	EUR	https://pensioenfondsdetailhandel.nl/content/Publicaties/Beleggingen-Pensioenfonds-Detailhandel.pdf
Pensioenfonds Detailhandel	EastGroup Properties Inc	Equity	2026	3.838.576	EUR	https://pensioenfondsdetailhandel.nl/content/Publicaties/Beleggingen-Pensioenfonds-Detailhandel.pdf
Pensioenfonds Detailhandel	Empire State Realty Trust Inc	Equity	2026	685.599	EUR	https://pensioenfondsdetailhandel.nl/content/Publicaties/Beleggingen-Pensioenfonds-Detailhandel.pdf
Pensioenfonds Detailhandel	Entra ASA	Equity	2026	411.794	EUR	https://pensioenfondsdetailhandel.nl/content/Publicaties/Beleggingen-Pensioenfonds-Detailhandel.pdf
Pensioenfonds Detailhandel	EPR Properties	Equity	2026	1.612.767	EUR	https://pensioenfondsdetailhandel.nl/content/Publicaties/Beleggingen-Pensioenfonds-Detailhandel.pdf
Pensioenfonds Detailhandel	Equinix Inc	Equity	2026	47.636.325	EUR	https://pensioenfondsdetailhandel.nl/content/Publicaties/Beleggingen-Pensioenfonds-Detailhandel.pdf
Pensioenfonds Detailhandel	Equity LifeStyle Properties Inc	Equity	2026	6.706.801	EUR	https://pensioenfondsdetailhandel.nl/content/Publicaties/Beleggingen-Pensioenfonds-Detailhandel.pdf
Pensioenfonds Detailhandel	Equity Residential	Equity	2026	15.643.168	EUR	https://pensioenfondsdetailhandel.nl/content/Publicaties/Beleggingen-Pensioenfonds-Detailhandel.pdf
Pensioenfonds Detailhandel	ESR Kendall Square REIT Co Ltd	Equity	2026	297.320	EUR	https://pensioenfondsdetailhandel.nl/content/Publicaties/Beleggingen-Pensioenfonds-Detailhandel.pdf
Pensioenfonds Detailhandel	ESR-REIT	Equity	2026	303.030	EUR	https://pensioenfondsdetailhandel.nl/content/Publicaties/Beleggingen-Pensioenfonds-Detailhandel.pdf
Pensioenfonds Detailhandel	Essential Properties Realty Trust Inc	Equity	2026	2.918.574	EUR	https://pensioenfondsdetailhandel.nl/content/Publicaties/Beleggingen-Pensioenfonds-Detailhandel.pdf
Pensioenfonds Detailhandel	Essex Property Trust Inc	Equity	2026	10.287.766	EUR	https://pensioenfondsdetailhandel.nl/content/Publicaties/Beleggingen-Pensioenfonds-Detailhandel.pdf
Pensioenfonds Detailhandel	Eurocommercial Properties NV	Equity	2026	1.116.375	EUR	https://pensioenfondsdetailhandel.nl/content/Publicaties/Beleggingen-Pensioenfonds-Detailhandel.pdf
Pensioenfonds Detailhandel	Extra Space Storage Inc	Equity	2026	18.390.179	EUR	https://pensioenfondsdetailhandel.nl/content/Publicaties/Beleggingen-Pensioenfonds-Detailhandel.pdf
Pensioenfonds Detailhandel	Fabege AB	Equity	2026	1.361.018	EUR	https://pensioenfondsdetailhandel.nl/content/Publicaties/Beleggingen-Pensioenfonds-Detailhandel.pdf
Pensioenfonds Detailhandel	Far East Hospitality Trust	Equity	2026	218.837	EUR	https://pensioenfondsdetailhandel.nl/content/Publicaties/Beleggingen-Pensioenfonds-Detailhandel.pdf
Pensioenfonds Detailhandel	Fastighets AB Balder	Equity	2026	2.589.335	EUR	https://pensioenfondsdetailhandel.nl/content/Publicaties/Beleggingen-Pensioenfonds-Detailhandel.pdf
Pensioenfonds Detailhandel	FastPartner AB	Equity	2026	182.608	EUR	https://pensioenfondsdetailhandel.nl/content/Publicaties/Beleggingen-Pensioenfonds-Detailhandel.pdf
Pensioenfonds Detailhandel	Federal Realty Investment Trust	Equity	2026	4.694.275	EUR	https://pensioenfondsdetailhandel.nl/content/Publicaties/Beleggingen-Pensioenfonds-Detailhandel.pdf
Pensioenfonds Detailhandel	First Capital Real Estate Investment Tru	Equity	2026	1.425.543	EUR	https://pensioenfondsdetailhandel.nl/content/Publicaties/Beleggingen-Pensioenfonds-Detailhandel.pdf
Pensioenfonds Detailhandel	First Industrial Realty Trust Inc	Equity	2026	2.628.839	EUR	https://pensioenfondsdetailhandel.nl/content/Publicaties/Beleggingen-Pensioenfonds-Detailhandel.pdf
Pensioenfonds Detailhandel	Fortune Real Estate Investment Trust	Equity	2026	394.718	EUR	https://pensioenfondsdetailhandel.nl/content/Publicaties/Beleggingen-Pensioenfonds-Detailhandel.pdf
Pensioenfonds Detailhandel	Four Corners Property Trust Inc	Equity	2026	555.931	EUR	https://pensioenfondsdetailhandel.nl/content/Publicaties/Beleggingen-Pensioenfonds-Detailhandel.pdf
Pensioenfonds Detailhandel	Frasers Centrepoint Trust	Equity	2026	1.220.687	EUR	https://pensioenfondsdetailhandel.nl/content/Publicaties/Beleggingen-Pensioenfonds-Detailhandel.pdf
Pensioenfonds Detailhandel	Frasers Logistics & Commercial Trust	Equity	2026	782.645	EUR	https://pensioenfondsdetailhandel.nl/content/Publicaties/Beleggingen-Pensioenfonds-Detailhandel.pdf
Pensioenfonds Detailhandel	Frontier Real Estate Investment Corp	Equity	2026	341.185	EUR	https://pensioenfondsdetailhandel.nl/content/Publicaties/Beleggingen-Pensioenfonds-Detailhandel.pdf
Pensioenfonds Detailhandel	Fukuoka REIT Corp	Equity	2026	353.119	EUR	https://pensioenfondsdetailhandel.nl/content/Publicaties/Beleggingen-Pensioenfonds-Detailhandel.pdf
Pensioenfonds Detailhandel	Gaming and Leisure Properties Inc	Equity	2026	5.026.571	EUR	https://pensioenfondsdetailhandel.nl/content/Publicaties/Beleggingen-Pensioenfonds-Detailhandel.pdf
Pensioenfonds Detailhandel	Gecina SA	Equity	2026	4.224.754	EUR	https://pensioenfondsdetailhandel.nl/content/Publicaties/Beleggingen-Pensioenfonds-Detailhandel.pdf
Pensioenfonds Detailhandel	Getty Realty Corp	Equity	2026	619.137	EUR	https://pensioenfondsdetailhandel.nl/content/Publicaties/Beleggingen-Pensioenfonds-Detailhandel.pdf
Pensioenfonds Detailhandel	Global Net Lease Inc	Equity	2026	403.450	EUR	https://pensioenfondsdetailhandel.nl/content/Publicaties/Beleggingen-Pensioenfonds-Detailhandel.pdf
Pensioenfonds Detailhandel	Global One Real Estate Investment Corp	Equity	2026	496.218	EUR	https://pensioenfondsdetailhandel.nl/content/Publicaties/Beleggingen-Pensioenfonds-Detailhandel.pdf
Pensioenfonds Detailhandel	GLP J-Reit	Equity	2026	2.648.660	EUR	https://pensioenfondsdetailhandel.nl/content/Publicaties/Beleggingen-Pensioenfonds-Detailhandel.pdf
Pensioenfonds Detailhandel	Goodman Group	Equity	2026	7.781.133	EUR	https://pensioenfondsdetailhandel.nl/content/Publicaties/Beleggingen-Pensioenfonds-Detailhandel.pdf
Pensioenfonds Detailhandel	Goodman Property Trust	Equity	2026	528.205	EUR	https://pensioenfondsdetailhandel.nl/content/Publicaties/Beleggingen-Pensioenfonds-Detailhandel.pdf
Pensioenfonds Detailhandel	GPT Group/The	Equity	2026	2.565.273	EUR	https://pensioenfondsdetailhandel.nl/content/Publicaties/Beleggingen-Pensioenfonds-Detailhandel.pdf
Pensioenfonds Detailhandel	Grainger PLC	Equity	2026	1.335.352	EUR	https://pensioenfondsdetailhandel.nl/content/Publicaties/Beleggingen-Pensioenfonds-Detailhandel.pdf
Pensioenfonds Detailhandel	Grand City Properties SA	Equity	2026	500.704	EUR	https://pensioenfondsdetailhandel.nl/content/Publicaties/Beleggingen-Pensioenfonds-Detailhandel.pdf
Pensioenfonds Detailhandel	Granite Real Estate Investment Trust	Equity	2026	1.207.622	EUR	https://pensioenfondsdetailhandel.nl/content/Publicaties/Beleggingen-Pensioenfonds-Detailhandel.pdf
Pensioenfonds Detailhandel	Great Portland Estates PLC	Equity	2026	1.582.973	EUR	https://pensioenfondsdetailhandel.nl/content/Publicaties/Beleggingen-Pensioenfonds-Detailhandel.pdf
Pensioenfonds Detailhandel	Growthpoint Properties Australia Ltd	Equity	2026	150.777	EUR	https://pensioenfondsdetailhandel.nl/content/Publicaties/Beleggingen-Pensioenfonds-Detailhandel.pdf
Pensioenfonds Detailhandel	H&R Real Estate Investment Trust	Equity	2026	570.850	EUR	https://pensioenfondsdetailhandel.nl/content/Publicaties/Beleggingen-Pensioenfonds-Detailhandel.pdf
Pensioenfonds Detailhandel	Hamborner REIT AG	Equity	2026	153.640	EUR	https://pensioenfondsdetailhandel.nl/content/Publicaties/Beleggingen-Pensioenfonds-Detailhandel.pdf
Pensioenfonds Detailhandel	Hammerson PLC	Equity	2026	931.912	EUR	https://pensioenfondsdetailhandel.nl/content/Publicaties/Beleggingen-Pensioenfonds-Detailhandel.pdf
Pensioenfonds Detailhandel	Hankyu Hanshin REIT Inc	Equity	2026	134.423	EUR	https://pensioenfondsdetailhandel.nl/content/Publicaties/Beleggingen-Pensioenfonds-Detailhandel.pdf
Pensioenfonds Detailhandel	Health Care & Medical Investment Corp	Equity	2026	47.545	EUR	https://pensioenfondsdetailhandel.nl/content/Publicaties/Beleggingen-Pensioenfonds-Detailhandel.pdf
Pensioenfonds Detailhandel	Healthcare Realty Trust Inc	Equity	2026	2.101.115	EUR	https://pensioenfondsdetailhandel.nl/content/Publicaties/Beleggingen-Pensioenfonds-Detailhandel.pdf
Pensioenfonds Detailhandel	Healthpeak Properties Inc	Equity	2026	6.079.570	EUR	https://pensioenfondsdetailhandel.nl/content/Publicaties/Beleggingen-Pensioenfonds-Detailhandel.pdf
Pensioenfonds Detailhandel	Heba Fastighets AB	Equity	2026	129.624	EUR	https://pensioenfondsdetailhandel.nl/content/Publicaties/Beleggingen-Pensioenfonds-Detailhandel.pdf
Pensioenfonds Detailhandel	Heiwa Real Estate Co Ltd	Equity	2026	433.420	EUR	https://pensioenfondsdetailhandel.nl/content/Publicaties/Beleggingen-Pensioenfonds-Detailhandel.pdf
Pensioenfonds Detailhandel	Heiwa Real Estate REIT Inc	Equity	2026	682.435	EUR	https://pensioenfondsdetailhandel.nl/content/Publicaties/Beleggingen-Pensioenfonds-Detailhandel.pdf
Pensioenfonds Detailhandel	Helical PLC	Equity	2026	210.537	EUR	https://pensioenfondsdetailhandel.nl/content/Publicaties/Beleggingen-Pensioenfonds-Detailhandel.pdf
Pensioenfonds Detailhandel	Henderson Land Development Co Ltd	Equity	2026	2.535.528	EUR	https://pensioenfondsdetailhandel.nl/content/Publicaties/Beleggingen-Pensioenfonds-Detailhandel.pdf
Pensioenfonds Detailhandel	Hiag Immobilien Holding AG	Equity	2026	273.510	EUR	https://pensioenfondsdetailhandel.nl/content/Publicaties/Beleggingen-Pensioenfonds-Detailhandel.pdf
Pensioenfonds Detailhandel	Highwoods Properties Inc	Equity	2026	1.235.637	EUR	https://pensioenfondsdetailhandel.nl/content/Publicaties/Beleggingen-Pensioenfonds-Detailhandel.pdf
Pensioenfonds Detailhandel	Home Invest Belgium SA	Equity	2026	135.902	EUR	https://pensioenfondsdetailhandel.nl/content/Publicaties/Beleggingen-Pensioenfonds-Detailhandel.pdf
Pensioenfonds Detailhandel	Home Reit PLC	Equity	2026	50.225	EUR	https://pensioenfondsdetailhandel.nl/content/Publicaties/Beleggingen-Pensioenfonds-Detailhandel.pdf
Pensioenfonds Detailhandel	HomeCo Daily Needs REIT	Equity	2026	467.829	EUR	https://pensioenfondsdetailhandel.nl/content/Publicaties/Beleggingen-Pensioenfonds-Detailhandel.pdf
Pensioenfonds Detailhandel	Hongkong Land Holdings Ltd	Equity	2026	1.695.351	EUR	https://pensioenfondsdetailhandel.nl/content/Publicaties/Beleggingen-Pensioenfonds-Detailhandel.pdf
Pensioenfonds Detailhandel	Hoshino Resorts REIT Inc	Equity	2026	287.807	EUR	https://pensioenfondsdetailhandel.nl/content/Publicaties/Beleggingen-Pensioenfonds-Detailhandel.pdf
Pensioenfonds Detailhandel	Host Hotels & Resorts Inc	Equity	2026	9.907.473	EUR	https://pensioenfondsdetailhandel.nl/content/Publicaties/Beleggingen-Pensioenfonds-Detailhandel.pdf
Pensioenfonds Detailhandel	Hufvudstaden AB	Equity	2026	1.480.393	EUR	https://pensioenfondsdetailhandel.nl/content/Publicaties/Beleggingen-Pensioenfonds-Detailhandel.pdf
Pensioenfonds Detailhandel	Hulic Co Ltd	Equity	2026	2.907.382	EUR	https://pensioenfondsdetailhandel.nl/content/Publicaties/Beleggingen-Pensioenfonds-Detailhandel.pdf
Pensioenfonds Detailhandel	Hulic Reit Inc	Equity	2026	428.849	EUR	https://pensioenfondsdetailhandel.nl/content/Publicaties/Beleggingen-Pensioenfonds-Detailhandel.pdf
Pensioenfonds Detailhandel	Hysan Development Co Ltd	Equity	2026	865.530	EUR	https://pensioenfondsdetailhandel.nl/content/Publicaties/Beleggingen-Pensioenfonds-Detailhandel.pdf
Pensioenfonds Detailhandel	ICADE	Equity	2026	632.607	EUR	https://pensioenfondsdetailhandel.nl/content/Publicaties/Beleggingen-Pensioenfonds-Detailhandel.pdf
Pensioenfonds Detailhandel	Ichigo Office REIT Investment Corp	Equity	2026	408.546	EUR	https://pensioenfondsdetailhandel.nl/content/Publicaties/Beleggingen-Pensioenfonds-Detailhandel.pdf
Pensioenfonds Detailhandel	Immobiliare Grande Distribuzione SIIQ Sp	Equity	2026	81.014	EUR	https://pensioenfondsdetailhandel.nl/content/Publicaties/Beleggingen-Pensioenfonds-Detailhandel.pdf
Pensioenfonds Detailhandel	Independence Realty Trust Inc	Equity	2026	1.646.522	EUR	https://pensioenfondsdetailhandel.nl/content/Publicaties/Beleggingen-Pensioenfonds-Detailhandel.pdf
Pensioenfonds Detailhandel	Industrial & Infrastructure Fund Investm	Equity	2026	659.532	EUR	https://pensioenfondsdetailhandel.nl/content/Publicaties/Beleggingen-Pensioenfonds-Detailhandel.pdf
Pensioenfonds Detailhandel	Ingenia Communities Group	Equity	2026	254.823	EUR	https://pensioenfondsdetailhandel.nl/content/Publicaties/Beleggingen-Pensioenfonds-Detailhandel.pdf
Pensioenfonds Detailhandel	Innovative Industrial Properties Inc	Equity	2026	482.827	EUR	https://pensioenfondsdetailhandel.nl/content/Publicaties/Beleggingen-Pensioenfonds-Detailhandel.pdf
Pensioenfonds Detailhandel	InterRent Real Estate Investment Trust	Equity	2026	818.402	EUR	https://pensioenfondsdetailhandel.nl/content/Publicaties/Beleggingen-Pensioenfonds-Detailhandel.pdf
Pensioenfonds Detailhandel	Intershop Holding AG	Equity	2026	656.248	EUR	https://pensioenfondsdetailhandel.nl/content/Publicaties/Beleggingen-Pensioenfonds-Detailhandel.pdf
Pensioenfonds Detailhandel	InvenTrust Properties Corp	Equity	2026	1.069.786	EUR	https://pensioenfondsdetailhandel.nl/content/Publicaties/Beleggingen-Pensioenfonds-Detailhandel.pdf
Pensioenfonds Detailhandel	Invincible Investment Corp	Equity	2026	1.622.075	EUR	https://pensioenfondsdetailhandel.nl/content/Publicaties/Beleggingen-Pensioenfonds-Detailhandel.pdf
Pensioenfonds Detailhandel	Invitation Homes Inc	Equity	2026	10.456.170	EUR	https://pensioenfondsdetailhandel.nl/content/Publicaties/Beleggingen-Pensioenfonds-Detailhandel.pdf
Pensioenfonds Detailhandel	Irish Residential Properties REIT PLC	Equity	2026	333.745	EUR	https://pensioenfondsdetailhandel.nl/content/Publicaties/Beleggingen-Pensioenfonds-Detailhandel.pdf
Pensioenfonds Detailhandel	Iron Mountain Inc	Equity	2026	14.699.408	EUR	https://pensioenfondsdetailhandel.nl/content/Publicaties/Beleggingen-Pensioenfonds-Detailhandel.pdf
Pensioenfonds Detailhandel	Japan Excellent Inc	Equity	2026	536.052	EUR	https://pensioenfondsdetailhandel.nl/content/Publicaties/Beleggingen-Pensioenfonds-Detailhandel.pdf
Pensioenfonds Detailhandel	Japan Hotel REIT Investment Corp	Equity	2026	1.071.780	EUR	https://pensioenfondsdetailhandel.nl/content/Publicaties/Beleggingen-Pensioenfonds-Detailhandel.pdf
Pensioenfonds Detailhandel	Japan Logistics Fund Inc	Equity	2026	1.006.296	EUR	https://pensioenfondsdetailhandel.nl/content/Publicaties/Beleggingen-Pensioenfonds-Detailhandel.pdf
Pensioenfonds Detailhandel	Japan Metropolitan Fund Invest	Equity	2026	2.871.436	EUR	https://pensioenfondsdetailhandel.nl/content/Publicaties/Beleggingen-Pensioenfonds-Detailhandel.pdf
Pensioenfonds Detailhandel	Japan Prime Realty Investment Corp	Equity	2026	1.149.115	EUR	https://pensioenfondsdetailhandel.nl/content/Publicaties/Beleggingen-Pensioenfonds-Detailhandel.pdf
Pensioenfonds Detailhandel	Japan Real Estate Investment Corp	Equity	2026	3.385.285	EUR	https://pensioenfondsdetailhandel.nl/content/Publicaties/Beleggingen-Pensioenfonds-Detailhandel.pdf
Pensioenfonds Detailhandel	JBG SMITH Properties	Equity	2026	465.993	EUR	https://pensioenfondsdetailhandel.nl/content/Publicaties/Beleggingen-Pensioenfonds-Detailhandel.pdf
Pensioenfonds Detailhandel	JR Global Reit	Equity	2026	152.385	EUR	https://pensioenfondsdetailhandel.nl/content/Publicaties/Beleggingen-Pensioenfonds-Detailhandel.pdf
Pensioenfonds Detailhandel	KDX Realty Investment Corp	Equity	2026	2.223.650	EUR	https://pensioenfondsdetailhandel.nl/content/Publicaties/Beleggingen-Pensioenfonds-Detailhandel.pdf
Pensioenfonds Detailhandel	Kennedy-Wilson Holdings Inc	Equity	2026	808.584	EUR	https://pensioenfondsdetailhandel.nl/content/Publicaties/Beleggingen-Pensioenfonds-Detailhandel.pdf
Pensioenfonds Detailhandel	Keppel DC REIT	Equity	2026	530.344	EUR	https://pensioenfondsdetailhandel.nl/content/Publicaties/Beleggingen-Pensioenfonds-Detailhandel.pdf
Pensioenfonds Detailhandel	Keppel REIT	Equity	2026	1.235.513	EUR	https://pensioenfondsdetailhandel.nl/content/Publicaties/Beleggingen-Pensioenfonds-Detailhandel.pdf
Pensioenfonds Detailhandel	Killam Apartment Real Estate Investment	Equity	2026	482.701	EUR	https://pensioenfondsdetailhandel.nl/content/Publicaties/Beleggingen-Pensioenfonds-Detailhandel.pdf
Pensioenfonds Detailhandel	Kilroy Realty Corp	Equity	2026	2.597.605	EUR	https://pensioenfondsdetailhandel.nl/content/Publicaties/Beleggingen-Pensioenfonds-Detailhandel.pdf
Pensioenfonds Detailhandel	Kimco Realty Corp	Equity	2026	6.161.405	EUR	https://pensioenfondsdetailhandel.nl/content/Publicaties/Beleggingen-Pensioenfonds-Detailhandel.pdf
Pensioenfonds Detailhandel	Kite Realty Group Trust	Equity	2026	2.048.248	EUR	https://pensioenfondsdetailhandel.nl/content/Publicaties/Beleggingen-Pensioenfonds-Detailhandel.pdf
Pensioenfonds Detailhandel	Kiwi Property Group Ltd	Equity	2026	389.389	EUR	https://pensioenfondsdetailhandel.nl/content/Publicaties/Beleggingen-Pensioenfonds-Detailhandel.pdf
Pensioenfonds Detailhandel	Klepierre SA	Equity	2026	5.229.767	EUR	https://pensioenfondsdetailhandel.nl/content/Publicaties/Beleggingen-Pensioenfonds-Detailhandel.pdf
Pensioenfonds Detailhandel	Land Securities Group PLC	Equity	2026	3.410.345	EUR	https://pensioenfondsdetailhandel.nl/content/Publicaties/Beleggingen-Pensioenfonds-Detailhandel.pdf
Pensioenfonds Detailhandel	LaSalle Logiport REIT	Equity	2026	1.220.716	EUR	https://pensioenfondsdetailhandel.nl/content/Publicaties/Beleggingen-Pensioenfonds-Detailhandel.pdf
Pensioenfonds Detailhandel	LEG Immobilien SE	Equity	2026	3.167.069	EUR	https://pensioenfondsdetailhandel.nl/content/Publicaties/Beleggingen-Pensioenfonds-Detailhandel.pdf
Pensioenfonds Detailhandel	Lendlease Global Commercial REIT	Equity	2026	457.560	EUR	https://pensioenfondsdetailhandel.nl/content/Publicaties/Beleggingen-Pensioenfonds-Detailhandel.pdf
Pensioenfonds Detailhandel	Life Science Reit PLC	Equity	2026	98.772	EUR	https://pensioenfondsdetailhandel.nl/content/Publicaties/Beleggingen-Pensioenfonds-Detailhandel.pdf
Pensioenfonds Detailhandel	Lifestyle Communities Ltd	Equity	2026	251.515	EUR	https://pensioenfondsdetailhandel.nl/content/Publicaties/Beleggingen-Pensioenfonds-Detailhandel.pdf
Pensioenfonds Detailhandel	Lineage Inc	Equity	2026	1.559.679	EUR	https://pensioenfondsdetailhandel.nl/content/Publicaties/Beleggingen-Pensioenfonds-Detailhandel.pdf
Pensioenfonds Detailhandel	Link REIT	Equity	2026	6.554.072	EUR	https://pensioenfondsdetailhandel.nl/content/Publicaties/Beleggingen-Pensioenfonds-Detailhandel.pdf
Pensioenfonds Detailhandel	Logistea AB	Equity	2026	206.938	EUR	https://pensioenfondsdetailhandel.nl/content/Publicaties/Beleggingen-Pensioenfonds-Detailhandel.pdf
Pensioenfonds Detailhandel	LondonMetric Property PLC	Equity	2026	3.163.331	EUR	https://pensioenfondsdetailhandel.nl/content/Publicaties/Beleggingen-Pensioenfonds-Detailhandel.pdf
Pensioenfonds Detailhandel	LOTTE Reit Co Ltd	Equity	2026	126.503	EUR	https://pensioenfondsdetailhandel.nl/content/Publicaties/Beleggingen-Pensioenfonds-Detailhandel.pdf
Pensioenfonds Detailhandel	LTC Properties Inc	Equity	2026	712.884	EUR	https://pensioenfondsdetailhandel.nl/content/Publicaties/Beleggingen-Pensioenfonds-Detailhandel.pdf
Pensioenfonds Detailhandel	Lumo Kodit Oyj	Equity	2026	1.333.498	EUR	https://pensioenfondsdetailhandel.nl/content/Publicaties/Beleggingen-Pensioenfonds-Detailhandel.pdf
Pensioenfonds Detailhandel	LXP Industrial Trust	Equity	2026	643.958	EUR	https://pensioenfondsdetailhandel.nl/content/Publicaties/Beleggingen-Pensioenfonds-Detailhandel.pdf
Pensioenfonds Detailhandel	Macerich Co/The	Equity	2026	2.444.254	EUR	https://pensioenfondsdetailhandel.nl/content/Publicaties/Beleggingen-Pensioenfonds-Detailhandel.pdf
Pensioenfonds Detailhandel	Mapletree Industrial Trust	Equity	2026	471.071	EUR	https://pensioenfondsdetailhandel.nl/content/Publicaties/Beleggingen-Pensioenfonds-Detailhandel.pdf
Pensioenfonds Detailhandel	Mapletree Logistics Trust	Equity	2026	879.933	EUR	https://pensioenfondsdetailhandel.nl/content/Publicaties/Beleggingen-Pensioenfonds-Detailhandel.pdf
Pensioenfonds Detailhandel	Mapletree Pan Asia Commercial Trust	Equity	2026	1.708.250	EUR	https://pensioenfondsdetailhandel.nl/content/Publicaties/Beleggingen-Pensioenfonds-Detailhandel.pdf
Pensioenfonds Detailhandel	Medical Properties Trust Inc	Equity	2026	924.255	EUR	https://pensioenfondsdetailhandel.nl/content/Publicaties/Beleggingen-Pensioenfonds-Detailhandel.pdf
Pensioenfonds Detailhandel	Melisron Ltd	Equity	2026	1.718.222	EUR	https://pensioenfondsdetailhandel.nl/content/Publicaties/Beleggingen-Pensioenfonds-Detailhandel.pdf
Pensioenfonds Detailhandel	Mercialys SA	Equity	2026	784.060	EUR	https://pensioenfondsdetailhandel.nl/content/Publicaties/Beleggingen-Pensioenfonds-Detailhandel.pdf
Pensioenfonds Detailhandel	Merlin Properties Socimi SA	Equity	2026	3.906.564	EUR	https://pensioenfondsdetailhandel.nl/content/Publicaties/Beleggingen-Pensioenfonds-Detailhandel.pdf
Pensioenfonds Detailhandel	Mid-America Apartment Communities Inc	Equity	2026	7.339.600	EUR	https://pensioenfondsdetailhandel.nl/content/Publicaties/Beleggingen-Pensioenfonds-Detailhandel.pdf
Pensioenfonds Detailhandel	Mirai Corp	Equity	2026	336.803	EUR	https://pensioenfondsdetailhandel.nl/content/Publicaties/Beleggingen-Pensioenfonds-Detailhandel.pdf
Pensioenfonds Detailhandel	MIRARTH Real Estate Investment Corp	Equity	2026	264.533	EUR	https://pensioenfondsdetailhandel.nl/content/Publicaties/Beleggingen-Pensioenfonds-Detailhandel.pdf
Pensioenfonds Detailhandel	Mirvac Group	Equity	2026	2.028.594	EUR	https://pensioenfondsdetailhandel.nl/content/Publicaties/Beleggingen-Pensioenfonds-Detailhandel.pdf
Pensioenfonds Detailhandel	Mitsubishi Estate Co Ltd	Equity	2026	16.920.658	EUR	https://pensioenfondsdetailhandel.nl/content/Publicaties/Beleggingen-Pensioenfonds-Detailhandel.pdf
Pensioenfonds Detailhandel	Mitsubishi Estate Logistics REIT Investm	Equity	2026	763.282	EUR	https://pensioenfondsdetailhandel.nl/content/Publicaties/Beleggingen-Pensioenfonds-Detailhandel.pdf
Pensioenfonds Detailhandel	Mitsui Fudosan Accommodations Fund Inc	Equity	2026	1.730.992	EUR	https://pensioenfondsdetailhandel.nl/content/Publicaties/Beleggingen-Pensioenfonds-Detailhandel.pdf
Pensioenfonds Detailhandel	Mitsui Fudosan Co Ltd	Equity	2026	15.246.047	EUR	https://pensioenfondsdetailhandel.nl/content/Publicaties/Beleggingen-Pensioenfonds-Detailhandel.pdf
Pensioenfonds Detailhandel	Mitsui Fudosan Logistics Park Inc	Equity	2026	829.214	EUR	https://pensioenfondsdetailhandel.nl/content/Publicaties/Beleggingen-Pensioenfonds-Detailhandel.pdf
Pensioenfonds Detailhandel	Mobimo Holding AG	Equity	2026	2.130.216	EUR	https://pensioenfondsdetailhandel.nl/content/Publicaties/Beleggingen-Pensioenfonds-Detailhandel.pdf
Pensioenfonds Detailhandel	Montea NV	Equity	2026	847.780	EUR	https://pensioenfondsdetailhandel.nl/content/Publicaties/Beleggingen-Pensioenfonds-Detailhandel.pdf
Pensioenfonds Detailhandel	Mori Hills REIT Investment Corp	Equity	2026	1.135.329	EUR	https://pensioenfondsdetailhandel.nl/content/Publicaties/Beleggingen-Pensioenfonds-Detailhandel.pdf
Pensioenfonds Detailhandel	Mori Trust Reit Inc	Equity	2026	603.697	EUR	https://pensioenfondsdetailhandel.nl/content/Publicaties/Beleggingen-Pensioenfonds-Detailhandel.pdf
Pensioenfonds Detailhandel	National Health Investors Inc	Equity	2026	1.909.288	EUR	https://pensioenfondsdetailhandel.nl/content/Publicaties/Beleggingen-Pensioenfonds-Detailhandel.pdf
Pensioenfonds Detailhandel	National Storage Affiliates Trust	Equity	2026	1.798.300	EUR	https://pensioenfondsdetailhandel.nl/content/Publicaties/Beleggingen-Pensioenfonds-Detailhandel.pdf
Pensioenfonds Detailhandel	National Storage REIT	Equity	2026	1.222.134	EUR	https://pensioenfondsdetailhandel.nl/content/Publicaties/Beleggingen-Pensioenfonds-Detailhandel.pdf
Pensioenfonds Detailhandel	Neobo Fastigheter AB	Equity	2026	87.882	EUR	https://pensioenfondsdetailhandel.nl/content/Publicaties/Beleggingen-Pensioenfonds-Detailhandel.pdf
Pensioenfonds Detailhandel	NETSTREIT Corp	Equity	2026	310.167	EUR	https://pensioenfondsdetailhandel.nl/content/Publicaties/Beleggingen-Pensioenfonds-Detailhandel.pdf
Pensioenfonds Detailhandel	New World Development Co Ltd	Equity	2026	364.244	EUR	https://pensioenfondsdetailhandel.nl/content/Publicaties/Beleggingen-Pensioenfonds-Detailhandel.pdf
Pensioenfonds Detailhandel	NewRiver REIT PLC	Equity	2026	154.993	EUR	https://pensioenfondsdetailhandel.nl/content/Publicaties/Beleggingen-Pensioenfonds-Detailhandel.pdf
Pensioenfonds Detailhandel	NexPoint Residential Trust Inc	Equity	2026	288.578	EUR	https://pensioenfondsdetailhandel.nl/content/Publicaties/Beleggingen-Pensioenfonds-Detailhandel.pdf
Pensioenfonds Detailhandel	NEXTDC Ltd	Equity	2026	2.566.129	EUR	https://pensioenfondsdetailhandel.nl/content/Publicaties/Beleggingen-Pensioenfonds-Detailhandel.pdf
Pensioenfonds Detailhandel	Nippon Building Fund Inc	Equity	2026	6.180.647	EUR	https://pensioenfondsdetailhandel.nl/content/Publicaties/Beleggingen-Pensioenfonds-Detailhandel.pdf
Pensioenfonds Detailhandel	Nippon Prologis REIT Inc	Equity	2026	3.053.290	EUR	https://pensioenfondsdetailhandel.nl/content/Publicaties/Beleggingen-Pensioenfonds-Detailhandel.pdf
Pensioenfonds Detailhandel	NIPPON REIT Investment Corp	Equity	2026	625.195	EUR	https://pensioenfondsdetailhandel.nl/content/Publicaties/Beleggingen-Pensioenfonds-Detailhandel.pdf
Pensioenfonds Detailhandel	NNN REIT Inc	Equity	2026	3.535.707	EUR	https://pensioenfondsdetailhandel.nl/content/Publicaties/Beleggingen-Pensioenfonds-Detailhandel.pdf
Pensioenfonds Detailhandel	Nomura Real Estate Holdings Inc	Equity	2026	2.291.396	EUR	https://pensioenfondsdetailhandel.nl/content/Publicaties/Beleggingen-Pensioenfonds-Detailhandel.pdf
Pensioenfonds Detailhandel	Nomura Real Estate Master Fund Inc	Equity	2026	2.471.537	EUR	https://pensioenfondsdetailhandel.nl/content/Publicaties/Beleggingen-Pensioenfonds-Detailhandel.pdf
Pensioenfonds Detailhandel	NP3 Fastigheter AB	Equity	2026	270.644	EUR	https://pensioenfondsdetailhandel.nl/content/Publicaties/Beleggingen-Pensioenfonds-Detailhandel.pdf
Pensioenfonds Detailhandel	NSI NV	Equity	2026	205.225	EUR	https://pensioenfondsdetailhandel.nl/content/Publicaties/Beleggingen-Pensioenfonds-Detailhandel.pdf
Pensioenfonds Detailhandel	NTT UD REIT Investment Corp	Equity	2026	624.715	EUR	https://pensioenfondsdetailhandel.nl/content/Publicaties/Beleggingen-Pensioenfonds-Detailhandel.pdf
Pensioenfonds Detailhandel	Nyfosa AB	Equity	2026	609.598	EUR	https://pensioenfondsdetailhandel.nl/content/Publicaties/Beleggingen-Pensioenfonds-Detailhandel.pdf
Pensioenfonds Detailhandel	Omega Healthcare Investors Inc	Equity	2026	6.766.048	EUR	https://pensioenfondsdetailhandel.nl/content/Publicaties/Beleggingen-Pensioenfonds-Detailhandel.pdf
Pensioenfonds Detailhandel	One REIT Inc	Equity	2026	237.898	EUR	https://pensioenfondsdetailhandel.nl/content/Publicaties/Beleggingen-Pensioenfonds-Detailhandel.pdf
Pensioenfonds Detailhandel	Orix JREIT Inc	Equity	2026	2.284.022	EUR	https://pensioenfondsdetailhandel.nl/content/Publicaties/Beleggingen-Pensioenfonds-Detailhandel.pdf
Pensioenfonds Detailhandel	OUE Real Estate Investment Trust	Equity	2026	388.964	EUR	https://pensioenfondsdetailhandel.nl/content/Publicaties/Beleggingen-Pensioenfonds-Detailhandel.pdf
Pensioenfonds Detailhandel	Pandox AB	Equity	2026	1.272.814	EUR	https://pensioenfondsdetailhandel.nl/content/Publicaties/Beleggingen-Pensioenfonds-Detailhandel.pdf
Pensioenfonds Detailhandel	Park Hotels & Resorts Inc	Equity	2026	1.446.912	EUR	https://pensioenfondsdetailhandel.nl/content/Publicaties/Beleggingen-Pensioenfonds-Detailhandel.pdf
Pensioenfonds Detailhandel	Parkway Life Real Estate Investment Trus	Equity	2026	571.809	EUR	https://pensioenfondsdetailhandel.nl/content/Publicaties/Beleggingen-Pensioenfonds-Detailhandel.pdf
Pensioenfonds Detailhandel	Peach Property Group AG	Equity	2026	154.015	EUR	https://pensioenfondsdetailhandel.nl/content/Publicaties/Beleggingen-Pensioenfonds-Detailhandel.pdf
Pensioenfonds Detailhandel	Pebblebrook Hotel Trust	Equity	2026	1.016.894	EUR	https://pensioenfondsdetailhandel.nl/content/Publicaties/Beleggingen-Pensioenfonds-Detailhandel.pdf
Pensioenfonds Detailhandel	Phillips Edison & Co Inc	Equity	2026	1.437.065	EUR	https://pensioenfondsdetailhandel.nl/content/Publicaties/Beleggingen-Pensioenfonds-Detailhandel.pdf
Pensioenfonds Detailhandel	Picton Property Income Ltd	Equity	2026	234.620	EUR	https://pensioenfondsdetailhandel.nl/content/Publicaties/Beleggingen-Pensioenfonds-Detailhandel.pdf
Pensioenfonds Detailhandel	Piedmont Realty Trust Inc	Equity	2026	568.834	EUR	https://pensioenfondsdetailhandel.nl/content/Publicaties/Beleggingen-Pensioenfonds-Detailhandel.pdf
Pensioenfonds Detailhandel	Platzer Fastigheter Holding AB	Equity	2026	394.368	EUR	https://pensioenfondsdetailhandel.nl/content/Publicaties/Beleggingen-Pensioenfonds-Detailhandel.pdf
Pensioenfonds Detailhandel	PPHE Hotel Group Ltd	Equity	2026	313.375	EUR	https://pensioenfondsdetailhandel.nl/content/Publicaties/Beleggingen-Pensioenfonds-Detailhandel.pdf
Pensioenfonds Detailhandel	Precinct Properties New Zealand Ltd	Equity	2026	463.988	EUR	https://pensioenfondsdetailhandel.nl/content/Publicaties/Beleggingen-Pensioenfonds-Detailhandel.pdf
Pensioenfonds Detailhandel	Primaris Real Estate Investment Trust	Equity	2026	480.194	EUR	https://pensioenfondsdetailhandel.nl/content/Publicaties/Beleggingen-Pensioenfonds-Detailhandel.pdf
Pensioenfonds Detailhandel	Primary Health Properties PLC	Equity	2026	1.662.332	EUR	https://pensioenfondsdetailhandel.nl/content/Publicaties/Beleggingen-Pensioenfonds-Detailhandel.pdf
Pensioenfonds Detailhandel	Prologis Inc	Equity	2026	51.131.698	EUR	https://pensioenfondsdetailhandel.nl/content/Publicaties/Beleggingen-Pensioenfonds-Detailhandel.pdf
Pensioenfonds Detailhandel	Prosperity REIT	Equity	2026	113.179	EUR	https://pensioenfondsdetailhandel.nl/content/Publicaties/Beleggingen-Pensioenfonds-Detailhandel.pdf
Pensioenfonds Detailhandel	PSP Swiss Property AG	Equity	2026	5.703.669	EUR	https://pensioenfondsdetailhandel.nl/content/Publicaties/Beleggingen-Pensioenfonds-Detailhandel.pdf
Pensioenfonds Detailhandel	Public Property Invest AS	Equity	2026	301.603	EUR	https://pensioenfondsdetailhandel.nl/content/Publicaties/Beleggingen-Pensioenfonds-Detailhandel.pdf
Pensioenfonds Detailhandel	Public Storage	Equity	2026	30.152.031	EUR	https://pensioenfondsdetailhandel.nl/content/Publicaties/Beleggingen-Pensioenfonds-Detailhandel.pdf
Pensioenfonds Detailhandel	Realty Income Corp	Equity	2026	52.527.071	EUR	https://pensioenfondsdetailhandel.nl/content/Publicaties/Beleggingen-Pensioenfonds-Detailhandel.pdf
Pensioenfonds Detailhandel	Regency Centers Corp	Equity	2026	5.725.707	EUR	https://pensioenfondsdetailhandel.nl/content/Publicaties/Beleggingen-Pensioenfonds-Detailhandel.pdf
Pensioenfonds Detailhandel	Region Group	Equity	2026	657.588	EUR	https://pensioenfondsdetailhandel.nl/content/Publicaties/Beleggingen-Pensioenfonds-Detailhandel.pdf
Pensioenfonds Detailhandel	Regional REIT Ltd	Equity	2026	51.666	EUR	https://pensioenfondsdetailhandel.nl/content/Publicaties/Beleggingen-Pensioenfonds-Detailhandel.pdf
Pensioenfonds Detailhandel	Residential Secure Income PLC	Equity	2026	65.988	EUR	https://pensioenfondsdetailhandel.nl/content/Publicaties/Beleggingen-Pensioenfonds-Detailhandel.pdf
Pensioenfonds Detailhandel	Retail Estates NV	Equity	2026	215.952	EUR	https://pensioenfondsdetailhandel.nl/content/Publicaties/Beleggingen-Pensioenfonds-Detailhandel.pdf
Pensioenfonds Detailhandel	Rexford Industrial Realty Inc	Equity	2026	3.962.299	EUR	https://pensioenfondsdetailhandel.nl/content/Publicaties/Beleggingen-Pensioenfonds-Detailhandel.pdf
Pensioenfonds Detailhandel	RioCan Real Estate Investment Trust	Equity	2026	1.822.096	EUR	https://pensioenfondsdetailhandel.nl/content/Publicaties/Beleggingen-Pensioenfonds-Detailhandel.pdf
Pensioenfonds Detailhandel	RLJ Lodging Trust	Equity	2026	657.398	EUR	https://pensioenfondsdetailhandel.nl/content/Publicaties/Beleggingen-Pensioenfonds-Detailhandel.pdf
Pensioenfonds Detailhandel	Ryman Hospitality Properties Inc	Equity	2026	3.500.866	EUR	https://pensioenfondsdetailhandel.nl/content/Publicaties/Beleggingen-Pensioenfonds-Detailhandel.pdf
Pensioenfonds Detailhandel	Sabra Health Care REIT Inc	Equity	2026	1.940.841	EUR	https://pensioenfondsdetailhandel.nl/content/Publicaties/Beleggingen-Pensioenfonds-Detailhandel.pdf
Pensioenfonds Detailhandel	Safehold Inc	Equity	2026	538.918	EUR	https://pensioenfondsdetailhandel.nl/content/Publicaties/Beleggingen-Pensioenfonds-Detailhandel.pdf
Pensioenfonds Detailhandel	Safestore Holdings PLC	Equity	2026	1.280.413	EUR	https://pensioenfondsdetailhandel.nl/content/Publicaties/Beleggingen-Pensioenfonds-Detailhandel.pdf
Pensioenfonds Detailhandel	Sagax AB	Equity	2026	2.759.344	EUR	https://pensioenfondsdetailhandel.nl/content/Publicaties/Beleggingen-Pensioenfonds-Detailhandel.pdf
Pensioenfonds Detailhandel	Samhallsbyggnadsbolaget i Norden AB	Equity	2026	204.982	EUR	https://pensioenfondsdetailhandel.nl/content/Publicaties/Beleggingen-Pensioenfonds-Detailhandel.pdf
Pensioenfonds Detailhandel	Samty Residential Investment Corp	Equity	2026	128.569	EUR	https://pensioenfondsdetailhandel.nl/content/Publicaties/Beleggingen-Pensioenfonds-Detailhandel.pdf
Pensioenfonds Detailhandel	Sankei Real Estate Inc	Equity	2026	193.934	EUR	https://pensioenfondsdetailhandel.nl/content/Publicaties/Beleggingen-Pensioenfonds-Detailhandel.pdf
Pensioenfonds Detailhandel	Scentre Group	Equity	2026	8.340.319	EUR	https://pensioenfondsdetailhandel.nl/content/Publicaties/Beleggingen-Pensioenfonds-Detailhandel.pdf
Pensioenfonds Detailhandel	Schroder Real Estate Investment Trust Lt	Equity	2026	122.124	EUR	https://pensioenfondsdetailhandel.nl/content/Publicaties/Beleggingen-Pensioenfonds-Detailhandel.pdf
Pensioenfonds Detailhandel	Segro PLC	Equity	2026	7.236.894	EUR	https://pensioenfondsdetailhandel.nl/content/Publicaties/Beleggingen-Pensioenfonds-Detailhandel.pdf
Pensioenfonds Detailhandel	Sekisui House Reit Inc	Equity	2026	2.339.918	EUR	https://pensioenfondsdetailhandel.nl/content/Publicaties/Beleggingen-Pensioenfonds-Detailhandel.pdf
Pensioenfonds Detailhandel	Shaftesbury Capital PLC	Equity	2026	2.332.467	EUR	https://pensioenfondsdetailhandel.nl/content/Publicaties/Beleggingen-Pensioenfonds-Detailhandel.pdf
Pensioenfonds Detailhandel	Shinhan Alpha REIT Co Ltd	Equity	2026	423.701	EUR	https://pensioenfondsdetailhandel.nl/content/Publicaties/Beleggingen-Pensioenfonds-Detailhandel.pdf
Pensioenfonds Detailhandel	Shurgard Self Storage Ltd	Equity	2026	706.187	EUR	https://pensioenfondsdetailhandel.nl/content/Publicaties/Beleggingen-Pensioenfonds-Detailhandel.pdf
Pensioenfonds Detailhandel	Sila Realty Trust Inc	Equity	2026	482.293	EUR	https://pensioenfondsdetailhandel.nl/content/Publicaties/Beleggingen-Pensioenfonds-Detailhandel.pdf
Pensioenfonds Detailhandel	Simon Property Group Inc	Equity	2026	33.188.803	EUR	https://pensioenfondsdetailhandel.nl/content/Publicaties/Beleggingen-Pensioenfonds-Detailhandel.pdf
Pensioenfonds Detailhandel	Sino Land Co Ltd	Equity	2026	1.714.295	EUR	https://pensioenfondsdetailhandel.nl/content/Publicaties/Beleggingen-Pensioenfonds-Detailhandel.pdf
Pensioenfonds Detailhandel	Sirius Real Estate Ltd	Equity	2026	608.196	EUR	https://pensioenfondsdetailhandel.nl/content/Publicaties/Beleggingen-Pensioenfonds-Detailhandel.pdf
Pensioenfonds Detailhandel	SK REITs Co Ltd	Equity	2026	310.653	EUR	https://pensioenfondsdetailhandel.nl/content/Publicaties/Beleggingen-Pensioenfonds-Detailhandel.pdf
Pensioenfonds Detailhandel	SL Green Realty Corp	Equity	2026	2.674.594	EUR	https://pensioenfondsdetailhandel.nl/content/Publicaties/Beleggingen-Pensioenfonds-Detailhandel.pdf
Pensioenfonds Detailhandel	SmartCentres Real Estate Investment Trus	Equity	2026	1.053.059	EUR	https://pensioenfondsdetailhandel.nl/content/Publicaties/Beleggingen-Pensioenfonds-Detailhandel.pdf
Pensioenfonds Detailhandel	Social Housing Reit PLC	Equity	2026	222.968	EUR	https://pensioenfondsdetailhandel.nl/content/Publicaties/Beleggingen-Pensioenfonds-Detailhandel.pdf
Pensioenfonds Detailhandel	SOSiLA Logistics REIT Inc	Equity	2026	375.639	EUR	https://pensioenfondsdetailhandel.nl/content/Publicaties/Beleggingen-Pensioenfonds-Detailhandel.pdf
Pensioenfonds Detailhandel	STAG Industrial Inc	Equity	2026	1.765.878	EUR	https://pensioenfondsdetailhandel.nl/content/Publicaties/Beleggingen-Pensioenfonds-Detailhandel.pdf
Pensioenfonds Detailhandel	Star Asia Investment Corp	Equity	2026	523.073	EUR	https://pensioenfondsdetailhandel.nl/content/Publicaties/Beleggingen-Pensioenfonds-Detailhandel.pdf
Pensioenfonds Detailhandel	Starhill Global REIT	Equity	2026	399.672	EUR	https://pensioenfondsdetailhandel.nl/content/Publicaties/Beleggingen-Pensioenfonds-Detailhandel.pdf
Pensioenfonds Detailhandel	Starts Proceed Investment Corp	Equity	2026	171.170	EUR	https://pensioenfondsdetailhandel.nl/content/Publicaties/Beleggingen-Pensioenfonds-Detailhandel.pdf
Pensioenfonds Detailhandel	Stockland	Equity	2026	3.146.315	EUR	https://pensioenfondsdetailhandel.nl/content/Publicaties/Beleggingen-Pensioenfonds-Detailhandel.pdf
Pensioenfonds Detailhandel	Stoneweg Europe Stapled Trust	Equity	2026	327.075	EUR	https://pensioenfondsdetailhandel.nl/content/Publicaties/Beleggingen-Pensioenfonds-Detailhandel.pdf
Pensioenfonds Detailhandel	StorageVault Canada Inc	Equity	2026	483.967	EUR	https://pensioenfondsdetailhandel.nl/content/Publicaties/Beleggingen-Pensioenfonds-Detailhandel.pdf
Pensioenfonds Detailhandel	Stride Property Group	Equity	2026	151.846	EUR	https://pensioenfondsdetailhandel.nl/content/Publicaties/Beleggingen-Pensioenfonds-Detailhandel.pdf
Pensioenfonds Detailhandel	Sumitomo Realty & Development Co Ltd	Equity	2026	10.896.327	EUR	https://pensioenfondsdetailhandel.nl/content/Publicaties/Beleggingen-Pensioenfonds-Detailhandel.pdf
Pensioenfonds Detailhandel	Sun Communities Inc	Equity	2026	8.754.313	EUR	https://pensioenfondsdetailhandel.nl/content/Publicaties/Beleggingen-Pensioenfonds-Detailhandel.pdf
Pensioenfonds Detailhandel	Sun Hung Kai Properties Ltd	Equity	2026	7.859.142	EUR	https://pensioenfondsdetailhandel.nl/content/Publicaties/Beleggingen-Pensioenfonds-Detailhandel.pdf
Pensioenfonds Detailhandel	SUNeVision Holdings Ltd	Equity	2026	108.198	EUR	https://pensioenfondsdetailhandel.nl/content/Publicaties/Beleggingen-Pensioenfonds-Detailhandel.pdf
Pensioenfonds Detailhandel	Sunlight Real Estate Investment Trust	Equity	2026	167.604	EUR	https://pensioenfondsdetailhandel.nl/content/Publicaties/Beleggingen-Pensioenfonds-Detailhandel.pdf
Pensioenfonds Detailhandel	Sunstone Hotel Investors Inc	Equity	2026	1.225.633	EUR	https://pensioenfondsdetailhandel.nl/content/Publicaties/Beleggingen-Pensioenfonds-Detailhandel.pdf
Pensioenfonds Detailhandel	Suntec Real Estate Investment Trust	Equity	2026	1.463.329	EUR	https://pensioenfondsdetailhandel.nl/content/Publicaties/Beleggingen-Pensioenfonds-Detailhandel.pdf
Pensioenfonds Detailhandel	Supermarket Income Reit PLC	Equity	2026	660.775	EUR	https://pensioenfondsdetailhandel.nl/content/Publicaties/Beleggingen-Pensioenfonds-Detailhandel.pdf
Pensioenfonds Detailhandel	Swire Properties Ltd	Equity	2026	1.432.703	EUR	https://pensioenfondsdetailhandel.nl/content/Publicaties/Beleggingen-Pensioenfonds-Detailhandel.pdf
Pensioenfonds Detailhandel	Swiss Prime Site AG	Equity	2026	12.152.838	EUR	https://pensioenfondsdetailhandel.nl/content/Publicaties/Beleggingen-Pensioenfonds-Detailhandel.pdf
Pensioenfonds Detailhandel	TAG Immobilien AG	Equity	2026	750.745	EUR	https://pensioenfondsdetailhandel.nl/content/Publicaties/Beleggingen-Pensioenfonds-Detailhandel.pdf
Pensioenfonds Detailhandel	Tanger Inc	Equity	2026	2.860.342	EUR	https://pensioenfondsdetailhandel.nl/content/Publicaties/Beleggingen-Pensioenfonds-Detailhandel.pdf
Pensioenfonds Detailhandel	Target Healthcare REIT PLC	Equity	2026	428.952	EUR	https://pensioenfondsdetailhandel.nl/content/Publicaties/Beleggingen-Pensioenfonds-Detailhandel.pdf
Pensioenfonds Detailhandel	Terreno Realty Corp	Equity	2026	3.789.994	EUR	https://pensioenfondsdetailhandel.nl/content/Publicaties/Beleggingen-Pensioenfonds-Detailhandel.pdf
Pensioenfonds Detailhandel	Tokyo Tatemono Co Ltd	Equity	2026	1.974.476	EUR	https://pensioenfondsdetailhandel.nl/content/Publicaties/Beleggingen-Pensioenfonds-Detailhandel.pdf
Pensioenfonds Detailhandel	Tokyu REIT Inc	Equity	2026	933.652	EUR	https://pensioenfondsdetailhandel.nl/content/Publicaties/Beleggingen-Pensioenfonds-Detailhandel.pdf
Pensioenfonds Detailhandel	Tritax Big Box REIT PLC	Equity	2026	2.762.898	EUR	https://pensioenfondsdetailhandel.nl/content/Publicaties/Beleggingen-Pensioenfonds-Detailhandel.pdf
Pensioenfonds Detailhandel	UDR Inc	Equity	2026	7.284.893	EUR	https://pensioenfondsdetailhandel.nl/content/Publicaties/Beleggingen-Pensioenfonds-Detailhandel.pdf
Pensioenfonds Detailhandel	UMH Properties Inc	Equity	2026	612.417	EUR	https://pensioenfondsdetailhandel.nl/content/Publicaties/Beleggingen-Pensioenfonds-Detailhandel.pdf
Pensioenfonds Detailhandel	Unibail-Rodamco-Westfield	Equity	2026	8.002.063	EUR	https://pensioenfondsdetailhandel.nl/content/Publicaties/Beleggingen-Pensioenfonds-Detailhandel.pdf
Pensioenfonds Detailhandel	UNITE Group PLC/The	Equity	2026	1.881.429	EUR	https://pensioenfondsdetailhandel.nl/content/Publicaties/Beleggingen-Pensioenfonds-Detailhandel.pdf
Pensioenfonds Detailhandel	United Urban Investment Corp	Equity	2026	1.707.463	EUR	https://pensioenfondsdetailhandel.nl/content/Publicaties/Beleggingen-Pensioenfonds-Detailhandel.pdf
Pensioenfonds Detailhandel	UOL Group Ltd	Equity	2026	1.910.311	EUR	https://pensioenfondsdetailhandel.nl/content/Publicaties/Beleggingen-Pensioenfonds-Detailhandel.pdf
Pensioenfonds Detailhandel	Urban Edge Properties	Equity	2026	1.144.281	EUR	https://pensioenfondsdetailhandel.nl/content/Publicaties/Beleggingen-Pensioenfonds-Detailhandel.pdf
Pensioenfonds Detailhandel	Vastned NV	Equity	2026	151.349	EUR	https://pensioenfondsdetailhandel.nl/content/Publicaties/Beleggingen-Pensioenfonds-Detailhandel.pdf
Pensioenfonds Detailhandel	Ventas Inc	Equity	2026	18.374.284	EUR	https://pensioenfondsdetailhandel.nl/content/Publicaties/Beleggingen-Pensioenfonds-Detailhandel.pdf
Pensioenfonds Detailhandel	Veris Residential Inc	Equity	2026	1.055.555	EUR	https://pensioenfondsdetailhandel.nl/content/Publicaties/Beleggingen-Pensioenfonds-Detailhandel.pdf
Pensioenfonds Detailhandel	VGP NV	Equity	2026	225.775	EUR	https://pensioenfondsdetailhandel.nl/content/Publicaties/Beleggingen-Pensioenfonds-Detailhandel.pdf
Pensioenfonds Detailhandel	VICI Properties Inc	Equity	2026	12.197.131	EUR	https://pensioenfondsdetailhandel.nl/content/Publicaties/Beleggingen-Pensioenfonds-Detailhandel.pdf
Pensioenfonds Detailhandel	Vicinity Ltd	Equity	2026	3.619.753	EUR	https://pensioenfondsdetailhandel.nl/content/Publicaties/Beleggingen-Pensioenfonds-Detailhandel.pdf
Pensioenfonds Detailhandel	Vital Infrastructure Property Trust	Equity	2026	204.123	EUR	https://pensioenfondsdetailhandel.nl/content/Publicaties/Beleggingen-Pensioenfonds-Detailhandel.pdf
Pensioenfonds Detailhandel	Vonovia SE	Equity	2026	12.396.849	EUR	https://pensioenfondsdetailhandel.nl/content/Publicaties/Beleggingen-Pensioenfonds-Detailhandel.pdf
Pensioenfonds Detailhandel	Vornado Realty Trust	Equity	2026	4.773.186	EUR	https://pensioenfondsdetailhandel.nl/content/Publicaties/Beleggingen-Pensioenfonds-Detailhandel.pdf
Pensioenfonds Detailhandel	Wallenstam AB	Equity	2026	956.107	EUR	https://pensioenfondsdetailhandel.nl/content/Publicaties/Beleggingen-Pensioenfonds-Detailhandel.pdf
Pensioenfonds Detailhandel	Warehouses De Pauw CVA	Equity	2026	2.866.067	EUR	https://pensioenfondsdetailhandel.nl/content/Publicaties/Beleggingen-Pensioenfonds-Detailhandel.pdf
Pensioenfonds Detailhandel	Waypoint REIT Ltd	Equity	2026	631.856	EUR	https://pensioenfondsdetailhandel.nl/content/Publicaties/Beleggingen-Pensioenfonds-Detailhandel.pdf
Pensioenfonds Detailhandel	Welltower Inc	Equity	2026	76.786.014	EUR	https://pensioenfondsdetailhandel.nl/content/Publicaties/Beleggingen-Pensioenfonds-Detailhandel.pdf
Pensioenfonds Detailhandel	Wereldhave NV	Equity	2026	607.198	EUR	https://pensioenfondsdetailhandel.nl/content/Publicaties/Beleggingen-Pensioenfonds-Detailhandel.pdf
Pensioenfonds Detailhandel	Wharf Real Estate Investment Co Ltd	Equity	2026	4.457.153	EUR	https://pensioenfondsdetailhandel.nl/content/Publicaties/Beleggingen-Pensioenfonds-Detailhandel.pdf
Pensioenfonds Detailhandel	Wihlborgs Fastigheter AB	Equity	2026	1.428.014	EUR	https://pensioenfondsdetailhandel.nl/content/Publicaties/Beleggingen-Pensioenfonds-Detailhandel.pdf
Pensioenfonds Detailhandel	Workspace Group PLC	Equity	2026	363.833	EUR	https://pensioenfondsdetailhandel.nl/content/Publicaties/Beleggingen-Pensioenfonds-Detailhandel.pdf
Pensioenfonds Detailhandel	WP Carey Inc	Equity	2026	5.663.126	EUR	https://pensioenfondsdetailhandel.nl/content/Publicaties/Beleggingen-Pensioenfonds-Detailhandel.pdf
Pensioenfonds Detailhandel	Xenia Hotels & Resorts Inc	Equity	2026	877.139	EUR	https://pensioenfondsdetailhandel.nl/content/Publicaties/Beleggingen-Pensioenfonds-Detailhandel.pdf
Pensioenfonds Detailhandel	Xior Student Housing NV	Equity	2026	664.172	EUR	https://pensioenfondsdetailhandel.nl/content/Publicaties/Beleggingen-Pensioenfonds-Detailhandel.pdf
Pensioenfonds Detailhandel	Aeroflot	Sanctionized	2026		EUR	https://pensioenfondsdetailhandel.nl/content/Publicaties/Beleggingen-Pensioenfonds-Detailhandel.pdf
Pensioenfonds Detailhandel	Alrosa	Sanctionized	2026		EUR	https://pensioenfondsdetailhandel.nl/content/Publicaties/Beleggingen-Pensioenfonds-Detailhandel.pdf
Pensioenfonds Detailhandel	Eurochem Finance	Sanctionized	2026		EUR	https://pensioenfondsdetailhandel.nl/content/Publicaties/Beleggingen-Pensioenfonds-Detailhandel.pdf
Pensioenfonds Detailhandel	Evraz	Sanctionized	2026		EUR	https://pensioenfondsdetailhandel.nl/content/Publicaties/Beleggingen-Pensioenfonds-Detailhandel.pdf
Pensioenfonds Detailhandel	Federal Grid Co - Rosseti	Sanctionized	2026		EUR	https://pensioenfondsdetailhandel.nl/content/Publicaties/Beleggingen-Pensioenfonds-Detailhandel.pdf
Pensioenfonds Detailhandel	Gazprom	Sanctionized	2026		EUR	https://pensioenfondsdetailhandel.nl/content/Publicaties/Beleggingen-Pensioenfonds-Detailhandel.pdf
Pensioenfonds Detailhandel	GMK Norilskiy Nickel	Sanctionized	2026		EUR	https://pensioenfondsdetailhandel.nl/content/Publicaties/Beleggingen-Pensioenfonds-Detailhandel.pdf
Pensioenfonds Detailhandel	Inter RAO UES	Sanctionized	2026		EUR	https://pensioenfondsdetailhandel.nl/content/Publicaties/Beleggingen-Pensioenfonds-Detailhandel.pdf
Pensioenfonds Detailhandel	LUKOIL	Sanctionized	2026		EUR	https://pensioenfondsdetailhandel.nl/content/Publicaties/Beleggingen-Pensioenfonds-Detailhandel.pdf
Pensioenfonds Detailhandel	Mobile TeleSystems	Sanctionized	2026		EUR	https://pensioenfondsdetailhandel.nl/content/Publicaties/Beleggingen-Pensioenfonds-Detailhandel.pdf
Pensioenfonds Detailhandel	Moscow Exchange MICEX-RTS	Sanctionized	2026		EUR	https://pensioenfondsdetailhandel.nl/content/Publicaties/Beleggingen-Pensioenfonds-Detailhandel.pdf
Pensioenfonds Detailhandel	Novatek	Sanctionized	2026		EUR	https://pensioenfondsdetailhandel.nl/content/Publicaties/Beleggingen-Pensioenfonds-Detailhandel.pdf
Pensioenfonds Detailhandel	Novolipetsk Steel	Sanctionized	2026		EUR	https://pensioenfondsdetailhandel.nl/content/Publicaties/Beleggingen-Pensioenfonds-Detailhandel.pdf
Pensioenfonds Detailhandel	PhosAgro	Sanctionized	2026		EUR	https://pensioenfondsdetailhandel.nl/content/Publicaties/Beleggingen-Pensioenfonds-Detailhandel.pdf
Pensioenfonds Detailhandel	Polyus Finance	Sanctionized	2026		EUR	https://pensioenfondsdetailhandel.nl/content/Publicaties/Beleggingen-Pensioenfonds-Detailhandel.pdf
Pensioenfonds Detailhandel	Polyus	Sanctionized	2026		EUR	https://pensioenfondsdetailhandel.nl/content/Publicaties/Beleggingen-Pensioenfonds-Detailhandel.pdf
Pensioenfonds Detailhandel	Rosneft Oil Co	Sanctionized	2026		EUR	https://pensioenfondsdetailhandel.nl/content/Publicaties/Beleggingen-Pensioenfonds-Detailhandel.pdf
Pensioenfonds Detailhandel	Rostelecom	Sanctionized	2026		EUR	https://pensioenfondsdetailhandel.nl/content/Publicaties/Beleggingen-Pensioenfonds-Detailhandel.pdf
Pensioenfonds Detailhandel	RusHydro	Sanctionized	2026		EUR	https://pensioenfondsdetailhandel.nl/content/Publicaties/Beleggingen-Pensioenfonds-Detailhandel.pdf
Pensioenfonds Detailhandel	Russian Federal Bond -	Sanctionized	2026		EUR	https://pensioenfondsdetailhandel.nl/content/Publicaties/Beleggingen-Pensioenfonds-Detailhandel.pdf
Pensioenfonds Detailhandel	Russian Foreign Bond -	Sanctionized	2026		EUR	https://pensioenfondsdetailhandel.nl/content/Publicaties/Beleggingen-Pensioenfonds-Detailhandel.pdf
Pensioenfonds Detailhandel	Sberbank of Russia	Sanctionized	2026		EUR	https://pensioenfondsdetailhandel.nl/content/Publicaties/Beleggingen-Pensioenfonds-Detailhandel.pdf
Pensioenfonds Detailhandel	Severstal	Sanctionized	2026		EUR	https://pensioenfondsdetailhandel.nl/content/Publicaties/Beleggingen-Pensioenfonds-Detailhandel.pdf
Pensioenfonds Detailhandel	Sistema AFK	Sanctionized	2026		EUR	https://pensioenfondsdetailhandel.nl/content/Publicaties/Beleggingen-Pensioenfonds-Detailhandel.pdf
Pensioenfonds Detailhandel	Suek Securities	Sanctionized	2026		EUR	https://pensioenfondsdetailhandel.nl/content/Publicaties/Beleggingen-Pensioenfonds-Detailhandel.pdf
Pensioenfonds Detailhandel	Surgutneftegas	Sanctionized	2026		EUR	https://pensioenfondsdetailhandel.nl/content/Publicaties/Beleggingen-Pensioenfonds-Detailhandel.pdf
Pensioenfonds Detailhandel	Tatneft	Sanctionized	2026		EUR	https://pensioenfondsdetailhandel.nl/content/Publicaties/Beleggingen-Pensioenfonds-Detailhandel.pdf
Pensioenfonds Detailhandel	TMK OAO Via TMK Capital	Sanctionized	2026		EUR	https://pensioenfondsdetailhandel.nl/content/Publicaties/Beleggingen-Pensioenfonds-Detailhandel.pdf
Pensioenfonds Detailhandel	Transneft	Sanctionized	2026		EUR	https://pensioenfondsdetailhandel.nl/content/Publicaties/Beleggingen-Pensioenfonds-Detailhandel.pdf
Pensioenfonds Detailhandel	Uralkali OJSC Via Uralkali Finance	Sanctionized	2026		EUR	https://pensioenfondsdetailhandel.nl/content/Publicaties/Beleggingen-Pensioenfonds-Detailhandel.pdf
Pensioenfonds Detailhandel	VTB Bank	Sanctionized	2026		EUR	https://pensioenfondsdetailhandel.nl/content/Publicaties/Beleggingen-Pensioenfonds-Detailhandel.pdf
