Shareholder - Name	Issuer - Name	Issuer - Country Name	Issuer - Sector	Security - Type	Security - Report Date	Security - Market Value - Amount	Security - Market Value - Multiplier	Security - Market Value - Currency Code	Data Source URL
PME pensioenfonds	1011778 BC ULC / New Red Finance Inc	Canada	Consumer, cyclical	Corporate bonds	2026-04-30	32.087.956	x1	EUR	https://www.pmepensioen.nl/en/investments/we-do-invest-in
PME pensioenfonds	1261229 BC Ltd	United States	Consumer, non-cyclical	Corporate bonds	2026-04-30	3.714.477	x1	EUR	https://www.pmepensioen.nl/en/investments/we-do-invest-in
PME pensioenfonds	180 Medical Inc	United Kingdom	Consumer, non-cyclical	Corporate bonds	2026-04-30	2.571.215	x1	EUR	https://www.pmepensioen.nl/en/investments/we-do-invest-in
PME pensioenfonds	360 Security Technology Inc	China	Communications	Shares	2026-04-30	337.952	x1	EUR	https://www.pmepensioen.nl/en/investments/we-do-invest-in
PME pensioenfonds	37 Interactive Entertainment Network Technology Group Co Ltd	China	Technology	Shares	2026-04-30	203.888	x1	EUR	https://www.pmepensioen.nl/en/investments/we-do-invest-in
PME pensioenfonds	3i Group PLC	United Kingdom	Financial	Corporate bonds	2026-04-30	10.511.355	x1	EUR	https://www.pmepensioen.nl/en/investments/we-do-invest-in
PME pensioenfonds	3M Co	United States	Industrial	Shares	2026-04-30	15.511.451	x1	EUR	https://www.pmepensioen.nl/en/investments/we-do-invest-in
PME pensioenfonds	3M Co	United States	Industrial	Corporate bonds	2026-04-30	7.988.925	x1	EUR	https://www.pmepensioen.nl/en/investments/we-do-invest-in
PME pensioenfonds	3SBio Inc	China	Consumer, non-cyclical	Shares	2026-04-30	2.924.767	x1	EUR	https://www.pmepensioen.nl/en/investments/we-do-invest-in
PME pensioenfonds	A2A SpA	Italy	Utilities	Corporate bonds	2026-04-30	9.905.846	x1	EUR	https://www.pmepensioen.nl/en/investments/we-do-invest-in
PME pensioenfonds	AAC Technologies Holdings Inc	China	Industrial	Shares	2026-04-30	1.674.512	x1	EUR	https://www.pmepensioen.nl/en/investments/we-do-invest-in
PME pensioenfonds	AAR Escrow Issuer LLC	United States	Industrial	Corporate bonds	2026-04-30	2.657.877	x1	EUR	https://www.pmepensioen.nl/en/investments/we-do-invest-in
PME pensioenfonds	ABB Finance BV	Switzerland	Industrial	Corporate bonds	2026-04-30	1.615.278	x1	EUR	https://www.pmepensioen.nl/en/investments/we-do-invest-in
PME pensioenfonds	ABB India Ltd	India	Industrial	Shares	2026-04-30	1.952.271	x1	EUR	https://www.pmepensioen.nl/en/investments/we-do-invest-in
PME pensioenfonds	ABB Ltd	Switzerland	Industrial	Shares	2026-04-30	14.688.059	x1	EUR	https://www.pmepensioen.nl/en/investments/we-do-invest-in
PME pensioenfonds	Abbott Laboratories	United States	Consumer, non-cyclical	Shares	2026-04-30	35.379.626	x1	EUR	https://www.pmepensioen.nl/en/investments/we-do-invest-in
PME pensioenfonds	AbbVie Inc	United States	Consumer, non-cyclical	Shares	2026-04-30	76.062.040	x1	EUR	https://www.pmepensioen.nl/en/investments/we-do-invest-in
PME pensioenfonds	AbbVie Inc	United States	Consumer, non-cyclical	Corporate bonds	2026-04-30	12.294.972	x1	EUR	https://www.pmepensioen.nl/en/investments/we-do-invest-in
PME pensioenfonds	Abertis France SAS	France	Consumer, non-cyclical	Corporate bonds	2026-04-30	33.773.071	x1	EUR	https://www.pmepensioen.nl/en/investments/we-do-invest-in
PME pensioenfonds	Abertis Infraestructuras Finance BV	Spain	Industrial	Corporate bonds	2026-04-30	31.810.840	x1	EUR	https://www.pmepensioen.nl/en/investments/we-do-invest-in
PME pensioenfonds	Abertis Infraestructuras SA	Spain	Consumer, non-cyclical	Corporate bonds	2026-04-30	17.419.796	x1	EUR	https://www.pmepensioen.nl/en/investments/we-do-invest-in
PME pensioenfonds	ABN AMRO Bank NV	Netherlands	Financial	Shares	2026-04-30	1.668.485	x1	EUR	https://www.pmepensioen.nl/en/investments/we-do-invest-in
PME pensioenfonds	ABN AMRO Bank NV	Netherlands	Financial	Corporate bonds	2026-04-30	27.136.536	x1	EUR	https://www.pmepensioen.nl/en/investments/we-do-invest-in
PME pensioenfonds	Absa Group Ltd	South Africa	Financial	Shares	2026-04-30	6.482.838	x1	EUR	https://www.pmepensioen.nl/en/investments/we-do-invest-in
PME pensioenfonds	Abu Dhabi Islamic Bank PJSC	United Arab Emirates	Financial	Shares	2026-04-30	4.501.682	x1	EUR	https://www.pmepensioen.nl/en/investments/we-do-invest-in
PME pensioenfonds	Acadia Healthcare Co Inc	United States	Consumer, non-cyclical	Corporate bonds	2026-04-30	8.212.886	x1	EUR	https://www.pmepensioen.nl/en/investments/we-do-invest-in
PME pensioenfonds	Accenture PLC	United States	Technology	Shares	2026-04-30	24.353.771	x1	EUR	https://www.pmepensioen.nl/en/investments/we-do-invest-in
PME pensioenfonds	Acciona SA	Spain	Industrial	Shares	2026-04-30	731.452	x1	EUR	https://www.pmepensioen.nl/en/investments/we-do-invest-in
PME pensioenfonds	Accor SA	France	Consumer, cyclical	Corporate bonds	2026-04-30	8.759.860	x1	EUR	https://www.pmepensioen.nl/en/investments/we-do-invest-in
PME pensioenfonds	Accor SA	France	Consumer, cyclical	Shares	2026-04-30	1.059.329	x1	EUR	https://www.pmepensioen.nl/en/investments/we-do-invest-in
PME pensioenfonds	Accton Technology Corp	Taiwan	Communications	Shares	2026-04-30	10.166.183	x1	EUR	https://www.pmepensioen.nl/en/investments/we-do-invest-in
PME pensioenfonds	ACEA SpA	Italy	Utilities	Corporate bonds	2026-04-30	5.061.523	x1	EUR	https://www.pmepensioen.nl/en/investments/we-do-invest-in
PME pensioenfonds	Acef Holding SCA	Luxembourg	Financial	Corporate bonds	2026-04-30	23.012.440	x1	EUR	https://www.pmepensioen.nl/en/investments/we-do-invest-in
PME pensioenfonds	Achmea Bank NV	Netherlands	Financial	Corporate bonds	2026-04-30	6.004.818	x1	EUR	https://www.pmepensioen.nl/en/investments/we-do-invest-in
PME pensioenfonds	Achmea BV	Netherlands	Financial	Corporate bonds	2026-04-30	5.983.612	x1	EUR	https://www.pmepensioen.nl/en/investments/we-do-invest-in
PME pensioenfonds	Acushnet Co	United States	Consumer, cyclical	Corporate bonds	2026-04-30	4.963.025	x1	EUR	https://www.pmepensioen.nl/en/investments/we-do-invest-in
PME pensioenfonds	AddTech AB	Sweden	Consumer, cyclical	Shares	2026-04-30	1.010.311	x1	EUR	https://www.pmepensioen.nl/en/investments/we-do-invest-in
PME pensioenfonds	adidas AG	Germany	Consumer, cyclical	Shares	2026-04-30	3.168.367	x1	EUR	https://www.pmepensioen.nl/en/investments/we-do-invest-in
PME pensioenfonds	Adient Global Holdings Ltd	United States	Consumer, cyclical	Corporate bonds	2026-04-30	6.082.400	x1	EUR	https://www.pmepensioen.nl/en/investments/we-do-invest-in
PME pensioenfonds	Adler Pelzer Holding GmbH	Germany	Consumer, cyclical	Corporate bonds	2026-04-30	2.682.281	x1	EUR	https://www.pmepensioen.nl/en/investments/we-do-invest-in
PME pensioenfonds	Admiral Group PLC	United Kingdom	Financial	Shares	2026-04-30	11.760.493	x1	EUR	https://www.pmepensioen.nl/en/investments/we-do-invest-in
PME pensioenfonds	Adobe Inc	United States	Technology	Shares	2026-04-30	20.335.429	x1	EUR	https://www.pmepensioen.nl/en/investments/we-do-invest-in
PME pensioenfonds	ADT Security Corp/The	United States	Consumer, non-cyclical	Corporate bonds	2026-04-30	6.055.280	x1	EUR	https://www.pmepensioen.nl/en/investments/we-do-invest-in
PME pensioenfonds	Advanced Drainage Systems Inc	United States	Industrial	Corporate bonds	2026-04-30	9.721.890	x1	EUR	https://www.pmepensioen.nl/en/investments/we-do-invest-in
PME pensioenfonds	Advanced Info Service PCL	Thailand	Communications	Shares	2026-04-30	6.587.098	x1	EUR	https://www.pmepensioen.nl/en/investments/we-do-invest-in
PME pensioenfonds	Advanced Micro Devices Inc	United States	Technology	Shares	2026-04-30	90.384.927	x1	EUR	https://www.pmepensioen.nl/en/investments/we-do-invest-in
PME pensioenfonds	Advantage Sales & Marketing Inc	United States	Communications	Corporate bonds	2026-04-30	5.466.798	x1	EUR	https://www.pmepensioen.nl/en/investments/we-do-invest-in
PME pensioenfonds	Advantech Co Ltd	Taiwan	Technology	Shares	2026-04-30	1.815.879	x1	EUR	https://www.pmepensioen.nl/en/investments/we-do-invest-in
PME pensioenfonds	Advantest Corp	Japan	Technology	Shares	2026-04-30	24.300.152	x1	EUR	https://www.pmepensioen.nl/en/investments/we-do-invest-in
PME pensioenfonds	Adyen NV	Netherlands	Consumer, non-cyclical	Shares	2026-04-30	8.314.615	x1	EUR	https://www.pmepensioen.nl/en/investments/we-do-invest-in
PME pensioenfonds	AECOM	United States	Industrial	Shares	2026-04-30	2.162.608	x1	EUR	https://www.pmepensioen.nl/en/investments/we-do-invest-in
PME pensioenfonds	AECOM	United States	Industrial	Corporate bonds	2026-04-30	13.589.783	x1	EUR	https://www.pmepensioen.nl/en/investments/we-do-invest-in
PME pensioenfonds	Aegon Ltd	United States	Financial	Shares	2026-04-30	1.106.168	x1	EUR	https://www.pmepensioen.nl/en/investments/we-do-invest-in
PME pensioenfonds	Aena SME SA	Spain	Industrial	Corporate bonds	2026-04-30	15.813.589	x1	EUR	https://www.pmepensioen.nl/en/investments/we-do-invest-in
PME pensioenfonds	Aena SME SA	Spain	Industrial	Shares	2026-04-30	2.595.205	x1	EUR	https://www.pmepensioen.nl/en/investments/we-do-invest-in
PME pensioenfonds	Aeon Co Ltd	Japan	Consumer, non-cyclical	Shares	2026-04-30	5.751.059	x1	EUR	https://www.pmepensioen.nl/en/investments/we-do-invest-in
PME pensioenfonds	AerCap Holdings NV	Ireland	Financial	Shares	2026-04-30	2.970.170	x1	EUR	https://www.pmepensioen.nl/en/investments/we-do-invest-in
PME pensioenfonds	Aeroporti di Roma SpA	Italy	Industrial	Corporate bonds	2026-04-30	13.353.867	x1	EUR	https://www.pmepensioen.nl/en/investments/we-do-invest-in
PME pensioenfonds	Aeroports de Paris SA	France	Industrial	Corporate bonds	2026-04-30	24.158.319	x1	EUR	https://www.pmepensioen.nl/en/investments/we-do-invest-in
PME pensioenfonds	Aeroports de Paris SA	France	Industrial	Shares	2026-04-30	486.704	x1	EUR	https://www.pmepensioen.nl/en/investments/we-do-invest-in
PME pensioenfonds	Aflac Inc	United States	Financial	Shares	2026-04-30	11.104.495	x1	EUR	https://www.pmepensioen.nl/en/investments/we-do-invest-in
PME pensioenfonds	AGC Inc	Japan	Industrial	Shares	2026-04-30	1.709.656	x1	EUR	https://www.pmepensioen.nl/en/investments/we-do-invest-in
PME pensioenfonds	AGCO International Holdings BV	United States	Industrial	Corporate bonds	2026-04-30	5.678.100	x1	EUR	https://www.pmepensioen.nl/en/investments/we-do-invest-in
PME pensioenfonds	Ageas SA/NV	Belgium	Financial	Shares	2026-04-30	1.254.065	x1	EUR	https://www.pmepensioen.nl/en/investments/we-do-invest-in
PME pensioenfonds	Agilent Technologies Inc	United States	Consumer, non-cyclical	Shares	2026-04-30	6.378.013	x1	EUR	https://www.pmepensioen.nl/en/investments/we-do-invest-in
PME pensioenfonds	AIA Group Ltd	Hong Kong	Financial	Shares	2026-04-30	28.813.401	x1	EUR	https://www.pmepensioen.nl/en/investments/we-do-invest-in
PME pensioenfonds	AIB Group PLC	Ireland	Financial	Shares	2026-04-30	14.417.933	x1	EUR	https://www.pmepensioen.nl/en/investments/we-do-invest-in
PME pensioenfonds	AIB Group PLC	Ireland	Financial	Corporate bonds	2026-04-30	5.759.923	x1	EUR	https://www.pmepensioen.nl/en/investments/we-do-invest-in
PME pensioenfonds	Aier Eye Hospital Group Co Ltd	China	Consumer, non-cyclical	Shares	2026-04-30	681.978	x1	EUR	https://www.pmepensioen.nl/en/investments/we-do-invest-in
PME pensioenfonds	Air Canada	Canada	Consumer, cyclical	Corporate bonds	2026-04-30	1.344.958	x1	EUR	https://www.pmepensioen.nl/en/investments/we-do-invest-in
PME pensioenfonds	Air France-KLM	France	Consumer, cyclical	Corporate bonds	2026-04-30	14.455.824	x1	EUR	https://www.pmepensioen.nl/en/investments/we-do-invest-in
PME pensioenfonds	Air Liquide Finance SA	France	Basic materials	Corporate bonds	2026-04-30	9.429.972	x1	EUR	https://www.pmepensioen.nl/en/investments/we-do-invest-in
PME pensioenfonds	Air Liquide SA	France	Basic materials	Shares	2026-04-30	24.547.267	x1	EUR	https://www.pmepensioen.nl/en/investments/we-do-invest-in
PME pensioenfonds	Air Products and Chemicals Inc	United States	Basic materials	Corporate bonds	2026-04-30	28.950.056	x1	EUR	https://www.pmepensioen.nl/en/investments/we-do-invest-in
PME pensioenfonds	Airports of Thailand PCL	Thailand	Industrial	Shares	2026-04-30	4.012.067	x1	EUR	https://www.pmepensioen.nl/en/investments/we-do-invest-in
PME pensioenfonds	Airtac International Group	China	Industrial	Shares	2026-04-30	2.480.084	x1	EUR	https://www.pmepensioen.nl/en/investments/we-do-invest-in
PME pensioenfonds	Aisin Corp	Japan	Consumer, cyclical	Shares	2026-04-30	1.774.107	x1	EUR	https://www.pmepensioen.nl/en/investments/we-do-invest-in
PME pensioenfonds	Ajinomoto Co Inc	Japan	Consumer, non-cyclical	Shares	2026-04-30	6.217.570	x1	EUR	https://www.pmepensioen.nl/en/investments/we-do-invest-in
PME pensioenfonds	Akbank TAS	Turkey	Financial	Shares	2026-04-30	2.555.910	x1	EUR	https://www.pmepensioen.nl/en/investments/we-do-invest-in
PME pensioenfonds	Akzo Nobel NV	Netherlands	Basic materials	Corporate bonds	2026-04-30	5.851.066	x1	EUR	https://www.pmepensioen.nl/en/investments/we-do-invest-in
PME pensioenfonds	Akzo Nobel NV	Netherlands	Basic materials	Shares	2026-04-30	1.128.697	x1	EUR	https://www.pmepensioen.nl/en/investments/we-do-invest-in
PME pensioenfonds	Al Rajhi Bank	Saudi Arabia	Financial	Shares	2026-04-30	30.646.683	x1	EUR	https://www.pmepensioen.nl/en/investments/we-do-invest-in
PME pensioenfonds	Albertsons Cos Inc	United States	Consumer, non-cyclical	Corporate bonds	2026-04-30	1.379.948	x1	EUR	https://www.pmepensioen.nl/en/investments/we-do-invest-in
PME pensioenfonds	Albertsons Cos Inc / Safeway Inc / New Albertsons LP / Albertsons LLC	United States	Consumer, non-cyclical	Corporate bonds	2026-04-30	15.177.221	x1	EUR	https://www.pmepensioen.nl/en/investments/we-do-invest-in
PME pensioenfonds	Albion Financing 1 SARL / Aggreko Holdings Inc	Luxembourg	Consumer, non-cyclical	Corporate bonds	2026-04-30	2.491.028	x1	EUR	https://www.pmepensioen.nl/en/investments/we-do-invest-in
PME pensioenfonds	Alcon AG	United States	Consumer, non-cyclical	Shares	2026-04-30	4.336.666	x1	EUR	https://www.pmepensioen.nl/en/investments/we-do-invest-in
PME pensioenfonds	Alcon Finance BV	United States	Consumer, non-cyclical	Corporate bonds	2026-04-30	5.676.511	x1	EUR	https://www.pmepensioen.nl/en/investments/we-do-invest-in
PME pensioenfonds	Alexandrite Lake Lux Holdings Sarl	Luxembourg	Financial	Corporate bonds	2026-04-30	2.481.763	x1	EUR	https://www.pmepensioen.nl/en/investments/we-do-invest-in
PME pensioenfonds	Alfa Laval AB	Sweden	Industrial	Shares	2026-04-30	1.798.048	x1	EUR	https://www.pmepensioen.nl/en/investments/we-do-invest-in
PME pensioenfonds	Aliaxis Holdings SA	Belgium	Industrial	Corporate bonds	2026-04-30	11.323.390	x1	EUR	https://www.pmepensioen.nl/en/investments/we-do-invest-in
PME pensioenfonds	Alibaba Group Holding Ltd	China	Communications	Shares	2026-04-30	64.799.337	x1	EUR	https://www.pmepensioen.nl/en/investments/we-do-invest-in
PME pensioenfonds	Alibaba Health Information Technology Ltd	China	Consumer, cyclical	Shares	2026-04-30	1.772.487	x1	EUR	https://www.pmepensioen.nl/en/investments/we-do-invest-in
PME pensioenfonds	Alimentation Couche-Tard Inc	Canada	Consumer, cyclical	Corporate bonds	2026-04-30	17.413.981	x1	EUR	https://www.pmepensioen.nl/en/investments/we-do-invest-in
PME pensioenfonds	Alkem Laboratories Ltd	India	Consumer, non-cyclical	Shares	2026-04-30	1.195.181	x1	EUR	https://www.pmepensioen.nl/en/investments/we-do-invest-in
PME pensioenfonds	Allegro.eu SA	Poland	Communications	Shares	2026-04-30	2.640.234	x1	EUR	https://www.pmepensioen.nl/en/investments/we-do-invest-in
PME pensioenfonds	Alliander NV	Netherlands	Utilities	Corporate bonds	2026-04-30	48.019.111	x1	EUR	https://www.pmepensioen.nl/en/investments/we-do-invest-in
PME pensioenfonds	Alliant Energy Corp	United States	Utilities	Shares	2026-04-30	3.530.639	x1	EUR	https://www.pmepensioen.nl/en/investments/we-do-invest-in
PME pensioenfonds	Allianz SE	Germany	Financial	Shares	2026-04-30	34.059.125	x1	EUR	https://www.pmepensioen.nl/en/investments/we-do-invest-in
PME pensioenfonds	Allison Transmission Inc	United States	Consumer, cyclical	Corporate bonds	2026-04-30	1.189.346	x1	EUR	https://www.pmepensioen.nl/en/investments/we-do-invest-in
PME pensioenfonds	Allstate Corp/The	United States	Financial	Shares	2026-04-30	10.690.913	x1	EUR	https://www.pmepensioen.nl/en/investments/we-do-invest-in
PME pensioenfonds	Alpha Bank SA	Greece	Financial	Shares	2026-04-30	4.420.273	x1	EUR	https://www.pmepensioen.nl/en/investments/we-do-invest-in
PME pensioenfonds	Alphabet Inc	United States	Communications	Corporate bonds	2026-04-30	38.085.654	x1	EUR	https://www.pmepensioen.nl/en/investments/we-do-invest-in
PME pensioenfonds	Alphabet Inc	United States	Communications	Shares	2026-04-30	645.823.368	x1	EUR	https://www.pmepensioen.nl/en/investments/we-do-invest-in
PME pensioenfonds	alstria Sarl	Germany	Financial	Corporate bonds	2026-04-30	7.387.175	x1	EUR	https://www.pmepensioen.nl/en/investments/we-do-invest-in
PME pensioenfonds	AltaGas Ltd	Canada	Utilities	Shares	2026-04-30	1.913.136	x1	EUR	https://www.pmepensioen.nl/en/investments/we-do-invest-in
PME pensioenfonds	Amadeus IT Group SA	Spain	Consumer, cyclical	Corporate bonds	2026-04-30	11.354.596	x1	EUR	https://www.pmepensioen.nl/en/investments/we-do-invest-in
PME pensioenfonds	Amadeus IT Group SA	Spain	Consumer, cyclical	Shares	2026-04-30	14.445.547	x1	EUR	https://www.pmepensioen.nl/en/investments/we-do-invest-in
PME pensioenfonds	Amazon.com Inc	United States	Communications	Shares	2026-04-30	366.133.671	x1	EUR	https://www.pmepensioen.nl/en/investments/we-do-invest-in
PME pensioenfonds	Amber Finco PLC	United Kingdom	Consumer, non-cyclical	Corporate bonds	2026-04-30	5.465.099	x1	EUR	https://www.pmepensioen.nl/en/investments/we-do-invest-in
PME pensioenfonds	Ambev SA	Brazil	Consumer, non-cyclical	Shares	2026-04-30	7.510.365	x1	EUR	https://www.pmepensioen.nl/en/investments/we-do-invest-in
PME pensioenfonds	Amcor PLC	United States	Industrial	Shares	2026-04-30	3.468.344	x1	EUR	https://www.pmepensioen.nl/en/investments/we-do-invest-in
PME pensioenfonds	Amcor UK Finance PLC	Australia	Industrial	Corporate bonds	2026-04-30	24.928.782	x1	EUR	https://www.pmepensioen.nl/en/investments/we-do-invest-in
PME pensioenfonds	America Movil SAB de CV	Mexico	Communications	Shares	2026-04-30	12.712.479	x1	EUR	https://www.pmepensioen.nl/en/investments/we-do-invest-in
PME pensioenfonds	American Airlines Inc	United States	Consumer, cyclical	Corporate bonds	2026-04-30	1.708.919	x1	EUR	https://www.pmepensioen.nl/en/investments/we-do-invest-in
PME pensioenfonds	American Airlines Inc/AAdvantage Loyalty IP Ltd	United States	Consumer, cyclical	Corporate bonds	2026-04-30	8.128.806	x1	EUR	https://www.pmepensioen.nl/en/investments/we-do-invest-in
PME pensioenfonds	American Axle & Manufacturing Inc	United States	Consumer, cyclical	Corporate bonds	2026-04-30	3.035.783	x1	EUR	https://www.pmepensioen.nl/en/investments/we-do-invest-in
PME pensioenfonds	American Electric Power Co Inc	United States	Utilities	Shares	2026-04-30	14.132.454	x1	EUR	https://www.pmepensioen.nl/en/investments/we-do-invest-in
PME pensioenfonds	American Express Co	United States	Financial	Shares	2026-04-30	40.883.892	x1	EUR	https://www.pmepensioen.nl/en/investments/we-do-invest-in
PME pensioenfonds	American Express Co	United States	Financial	Corporate bonds	2026-04-30	5.977.827	x1	EUR	https://www.pmepensioen.nl/en/investments/we-do-invest-in
PME pensioenfonds	American Honda Finance Corp	United States	Consumer, cyclical	Corporate bonds	2026-04-30	47.715.110	x1	EUR	https://www.pmepensioen.nl/en/investments/we-do-invest-in
PME pensioenfonds	American International Group Inc	United States	Financial	Shares	2026-04-30	8.553.238	x1	EUR	https://www.pmepensioen.nl/en/investments/we-do-invest-in
PME pensioenfonds	American Medical Systems Europe BV	United States	Consumer, non-cyclical	Corporate bonds	2026-04-30	12.398.086	x1	EUR	https://www.pmepensioen.nl/en/investments/we-do-invest-in
PME pensioenfonds	American Tower Corp	United States	Financial	Corporate bonds	2026-04-30	34.450.614	x1	EUR	https://www.pmepensioen.nl/en/investments/we-do-invest-in
PME pensioenfonds	Ameriprise Financial Inc	United States	Financial	Shares	2026-04-30	8.285.927	x1	EUR	https://www.pmepensioen.nl/en/investments/we-do-invest-in
PME pensioenfonds	AmeriTex HoldCo Intermediate LLC	United States	Industrial	Corporate bonds	2026-04-30	4.820.176	x1	EUR	https://www.pmepensioen.nl/en/investments/we-do-invest-in
PME pensioenfonds	AMETEK Inc	United States	Industrial	Shares	2026-04-30	29.457.105	x1	EUR	https://www.pmepensioen.nl/en/investments/we-do-invest-in
PME pensioenfonds	Amgen Inc	United States	Consumer, non-cyclical	Shares	2026-04-30	37.385.818	x1	EUR	https://www.pmepensioen.nl/en/investments/we-do-invest-in
PME pensioenfonds	Amkor Technology Inc	United States	Technology	Corporate bonds	2026-04-30	8.799.846	x1	EUR	https://www.pmepensioen.nl/en/investments/we-do-invest-in
PME pensioenfonds	Amman Mineral Internasional PT	Indonesia	Basic materials	Shares	2026-04-30	2.487.179	x1	EUR	https://www.pmepensioen.nl/en/investments/we-do-invest-in
PME pensioenfonds	AMMB Holdings Bhd	Malaysia	Financial	Shares	2026-04-30	2.242.034	x1	EUR	https://www.pmepensioen.nl/en/investments/we-do-invest-in
PME pensioenfonds	AMN Healthcare Inc	United States	Consumer, non-cyclical	Corporate bonds	2026-04-30	12.527.985	x1	EUR	https://www.pmepensioen.nl/en/investments/we-do-invest-in
PME pensioenfonds	Amorepacific Corp	Korea	Consumer, non-cyclical	Shares	2026-04-30	1.470.760	x1	EUR	https://www.pmepensioen.nl/en/investments/we-do-invest-in
PME pensioenfonds	Amphenol Corp	United States	Industrial	Shares	2026-04-30	44.689.980	x1	EUR	https://www.pmepensioen.nl/en/investments/we-do-invest-in
PME pensioenfonds	Amprion GmbH	Germany	Utilities	Corporate bonds	2026-04-30	14.295.665	x1	EUR	https://www.pmepensioen.nl/en/investments/we-do-invest-in
PME pensioenfonds	ams-OSRAM AG	Austria	Technology	Corporate bonds	2026-04-30	4.322.880	x1	EUR	https://www.pmepensioen.nl/en/investments/we-do-invest-in
PME pensioenfonds	Amundi SA	France	Financial	Shares	2026-04-30	605.504	x1	EUR	https://www.pmepensioen.nl/en/investments/we-do-invest-in
PME pensioenfonds	ANA Holdings Inc	Japan	Consumer, cyclical	Shares	2026-04-30	706.723	x1	EUR	https://www.pmepensioen.nl/en/investments/we-do-invest-in
PME pensioenfonds	Analog Devices Inc	United States	Technology	Shares	2026-04-30	73.866.354	x1	EUR	https://www.pmepensioen.nl/en/investments/we-do-invest-in
PME pensioenfonds	Anglogold Ashanti Plc	Australia	Basic materials	Shares	2026-04-30	27.074.836	x1	EUR	https://www.pmepensioen.nl/en/investments/we-do-invest-in
PME pensioenfonds	Anheuser-Busch InBev SA/NV	Belgium	Consumer, non-cyclical	Shares	2026-04-30	8.033.355	x1	EUR	https://www.pmepensioen.nl/en/investments/we-do-invest-in
PME pensioenfonds	Anheuser-Busch InBev SA/NV	Belgium	Consumer, non-cyclical	Corporate bonds	2026-04-30	46.155.503	x1	EUR	https://www.pmepensioen.nl/en/investments/we-do-invest-in
PME pensioenfonds	Anker Innovations Technology Co Ltd	China	Consumer, cyclical	Shares	2026-04-30	135.923	x1	EUR	https://www.pmepensioen.nl/en/investments/we-do-invest-in
PME pensioenfonds	ANTA Sports Products Ltd	China	Consumer, cyclical	Shares	2026-04-30	6.844.718	x1	EUR	https://www.pmepensioen.nl/en/investments/we-do-invest-in
PME pensioenfonds	ANZ Group Holdings Ltd	Australia	Financial	Shares	2026-04-30	18.159.708	x1	EUR	https://www.pmepensioen.nl/en/investments/we-do-invest-in
PME pensioenfonds	l Ltd/London	New Zealand	Financial	Corporate bonds	2026-04-30	9.267.372	x1	EUR	https://www.pmepensioen.nl/en/investments/we-do-invest-in
PME pensioenfonds	Aon PLC	United States	Financial	Shares	2026-04-30	22.898.835	x1	EUR	https://www.pmepensioen.nl/en/investments/we-do-invest-in
PME pensioenfonds	AP Moller - Maersk A/S	United States	Industrial	Shares	2026-04-30	2.054.118	x1	EUR	https://www.pmepensioen.nl/en/investments/we-do-invest-in
PME pensioenfonds	AP Moller - Maersk A/S	United States	Industrial	Corporate bonds	2026-04-30	8.382.481	x1	EUR	https://www.pmepensioen.nl/en/investments/we-do-invest-in
PME pensioenfonds	APA Group	Australia	Energy	Shares	2026-04-30	2.191.780	x1	EUR	https://www.pmepensioen.nl/en/investments/we-do-invest-in
PME pensioenfonds	APi Group DE Inc	United States	Consumer, non-cyclical	Corporate bonds	2026-04-30	834.048	x1	EUR	https://www.pmepensioen.nl/en/investments/we-do-invest-in
PME pensioenfonds	APL Apollo Tubes Ltd	India	Industrial	Shares	2026-04-30	2.142.342	x1	EUR	https://www.pmepensioen.nl/en/investments/we-do-invest-in
PME pensioenfonds	APLD ComputeCo 2 LLC	United States	Communications	Corporate bonds	2026-04-30	5.119.094	x1	EUR	https://www.pmepensioen.nl/en/investments/we-do-invest-in
PME pensioenfonds	APLD ComputeCo LLC	United States	Communications	Corporate bonds	2026-04-30	6.741.075	x1	EUR	https://www.pmepensioen.nl/en/investments/we-do-invest-in
PME pensioenfonds	Apollo Global Management Inc	United States	Financial	Shares	2026-04-30	8.673.296	x1	EUR	https://www.pmepensioen.nl/en/investments/we-do-invest-in
PME pensioenfonds	Apollo Hospitals Enterprise Ltd	India	Consumer, non-cyclical	Shares	2026-04-30	4.680.938	x1	EUR	https://www.pmepensioen.nl/en/investments/we-do-invest-in
PME pensioenfonds	Apple Inc	United States	Technology	Corporate bonds	2026-04-30	19.447.450	x1	EUR	https://www.pmepensioen.nl/en/investments/we-do-invest-in
PME pensioenfonds	Apple Inc	United States	Technology	Shares	2026-04-30	481.810.249	x1	EUR	https://www.pmepensioen.nl/en/investments/we-do-invest-in
PME pensioenfonds	Applied Materials Inc	United States	Technology	Shares	2026-04-30	54.893.456	x1	EUR	https://www.pmepensioen.nl/en/investments/we-do-invest-in
PME pensioenfonds	AppLovin Corp	United States	Communications	Shares	2026-04-30	18.110.002	x1	EUR	https://www.pmepensioen.nl/en/investments/we-do-invest-in
PME pensioenfonds	APRR SA	France	Consumer, non-cyclical	Corporate bonds	2026-04-30	58.263.981	x1	EUR	https://www.pmepensioen.nl/en/investments/we-do-invest-in
PME pensioenfonds	Aptiv PLC	United States	Consumer, cyclical	Shares	2026-04-30	3.046.935	x1	EUR	https://www.pmepensioen.nl/en/investments/we-do-invest-in
PME pensioenfonds	Arab National Bank	Saudi Arabia	Financial	Shares	2026-04-30	2.826.217	x1	EUR	https://www.pmepensioen.nl/en/investments/we-do-invest-in
PME pensioenfonds	Aramark	United States	Consumer, cyclical	Shares	2026-04-30	10.920.537	x1	EUR	https://www.pmepensioen.nl/en/investments/we-do-invest-in
PME pensioenfonds	Aramark International Finance Sarl	United States	Consumer, cyclical	Corporate bonds	2026-04-30	6.108.053	x1	EUR	https://www.pmepensioen.nl/en/investments/we-do-invest-in
PME pensioenfonds	Aramark Services Inc	United States	Consumer, cyclical	Corporate bonds	2026-04-30	1.740.031	x1	EUR	https://www.pmepensioen.nl/en/investments/we-do-invest-in
PME pensioenfonds	Arca Continental SAB de CV	Mexico	Consumer, non-cyclical	Shares	2026-04-30	2.967.673	x1	EUR	https://www.pmepensioen.nl/en/investments/we-do-invest-in
PME pensioenfonds	Arcadis NV	Netherlands	Industrial	Corporate bonds	2026-04-30	4.379.910	x1	EUR	https://www.pmepensioen.nl/en/investments/we-do-invest-in
PME pensioenfonds	Arch Capital Group Ltd	United States	Financial	Shares	2026-04-30	7.074.535	x1	EUR	https://www.pmepensioen.nl/en/investments/we-do-invest-in
PME pensioenfonds	Archer-Daniels-Midland Co	United States	Consumer, non-cyclical	Shares	2026-04-30	6.851.357	x1	EUR	https://www.pmepensioen.nl/en/investments/we-do-invest-in
PME pensioenfonds	Arcosa Inc	United States	Industrial	Corporate bonds	2026-04-30	6.512.800	x1	EUR	https://www.pmepensioen.nl/en/investments/we-do-invest-in
PME pensioenfonds	Ardagh Metal Packaging Finance USA LLC / Ardagh Metal Packaging Finance PLC	United States	Industrial	Corporate bonds	2026-04-30	16.194.059	x1	EUR	https://www.pmepensioen.nl/en/investments/we-do-invest-in
PME pensioenfonds	Argenta Spaarbank NV	Belgium	Financial	Corporate bonds	2026-04-30	10.150.448	x1	EUR	https://www.pmepensioen.nl/en/investments/we-do-invest-in
PME pensioenfonds	Argentum Netherlands BV for Givaudan SA	Switzerland	Basic materials	Corporate bonds	2026-04-30	1.135.737	x1	EUR	https://www.pmepensioen.nl/en/investments/we-do-invest-in
PME pensioenfonds	Arista Networks Inc	United States	Communications	Shares	2026-04-30	25.825.679	x1	EUR	https://www.pmepensioen.nl/en/investments/we-do-invest-in
PME pensioenfonds	Arkema SA	France	Basic materials	Corporate bonds	2026-04-30	9.478.365	x1	EUR	https://www.pmepensioen.nl/en/investments/we-do-invest-in
PME pensioenfonds	Aroundtown Finance Sarl	Germany	Financial	Corporate bonds	2026-04-30	21.847.776	x1	EUR	https://www.pmepensioen.nl/en/investments/we-do-invest-in
PME pensioenfonds	Aroundtown SA	Germany	Financial	Corporate bonds	2026-04-30	32.205.522	x1	EUR	https://www.pmepensioen.nl/en/investments/we-do-invest-in
PME pensioenfonds	Arsenal AIC Parent LLC	United States	Basic materials	Corporate bonds	2026-04-30	4.896.629	x1	EUR	https://www.pmepensioen.nl/en/investments/we-do-invest-in
PME pensioenfonds	Arthur J Gallagher & Co	United States	Financial	Shares	2026-04-30	17.229.783	x1	EUR	https://www.pmepensioen.nl/en/investments/we-do-invest-in
PME pensioenfonds	Asahi Group Holdings Ltd	Japan	Consumer, non-cyclical	Shares	2026-04-30	3.552.131	x1	EUR	https://www.pmepensioen.nl/en/investments/we-do-invest-in
PME pensioenfonds	Asahi Group Holdings Ltd	Japan	Consumer, non-cyclical	Corporate bonds	2026-04-30	25.922.728	x1	EUR	https://www.pmepensioen.nl/en/investments/we-do-invest-in
PME pensioenfonds	Asahi Kasei Corp	Japan	Basic materials	Shares	2026-04-30	2.900.221	x1	EUR	https://www.pmepensioen.nl/en/investments/we-do-invest-in
PME pensioenfonds	ASB Bank Ltd	New Zealand	Financial	Corporate bonds	2026-04-30	13.203.818	x1	EUR	https://www.pmepensioen.nl/en/investments/we-do-invest-in
PME pensioenfonds	Asbury Automotive Group Inc	United States	Consumer, cyclical	Corporate bonds	2026-04-30	15.359.688	x1	EUR	https://www.pmepensioen.nl/en/investments/we-do-invest-in
PME pensioenfonds	ASE Technology Holding Co Ltd	Taiwan	Technology	Shares	2026-04-30	14.340.052	x1	EUR	https://www.pmepensioen.nl/en/investments/we-do-invest-in
PME pensioenfonds	Aselsan Elektronik Sanayi Ve Ticaret AS	Turkey	Industrial	Shares	2026-04-30	5.548.677	x1	EUR	https://www.pmepensioen.nl/en/investments/we-do-invest-in
PME pensioenfonds	ASGN Inc	United States	Technology	Corporate bonds	2026-04-30	2.309.507	x1	EUR	https://www.pmepensioen.nl/en/investments/we-do-invest-in
PME pensioenfonds	Ashland Services BV	United States	Basic materials	Corporate bonds	2026-04-30	8.176.745	x1	EUR	https://www.pmepensioen.nl/en/investments/we-do-invest-in
PME pensioenfonds	Asia Cement Corp	Taiwan	Industrial	Shares	2026-04-30	1.456.358	x1	EUR	https://www.pmepensioen.nl/en/investments/we-do-invest-in
PME pensioenfonds	Asia Vital Components Co Ltd	Taiwan	Technology	Shares	2026-04-30	8.697.777	x1	EUR	https://www.pmepensioen.nl/en/investments/we-do-invest-in
PME pensioenfonds	Asian Paints Ltd	India	Basic materials	Shares	2026-04-30	4.861.564	x1	EUR	https://www.pmepensioen.nl/en/investments/we-do-invest-in
PME pensioenfonds	Asics Corp	Japan	Consumer, cyclical	Shares	2026-04-30	4.269.285	x1	EUR	https://www.pmepensioen.nl/en/investments/we-do-invest-in
PME pensioenfonds	ASM International NV	Netherlands	Technology	Shares	2026-04-30	4.065.971	x1	EUR	https://www.pmepensioen.nl/en/investments/we-do-invest-in
PME pensioenfonds	ASML Holding NV	Netherlands	Technology	Shares	2026-04-30	123.039.252	x1	EUR	https://www.pmepensioen.nl/en/investments/we-do-invest-in
PME pensioenfonds	ASN Bank NV	Netherlands	Financial	Corporate bonds	2026-04-30	30.038.548	x1	EUR	https://www.pmepensioen.nl/en/investments/we-do-invest-in
PME pensioenfonds	ASPEED Technology Inc	Taiwan	Technology	Shares	2026-04-30	4.357.168	x1	EUR	https://www.pmepensioen.nl/en/investments/we-do-invest-in
PME pensioenfonds	ASR Nederland NV	Netherlands	Financial	Corporate bonds	2026-04-30	16.179.605	x1	EUR	https://www.pmepensioen.nl/en/investments/we-do-invest-in
PME pensioenfonds	ASR Nederland NV	Netherlands	Financial	Shares	2026-04-30	1.175.966	x1	EUR	https://www.pmepensioen.nl/en/investments/we-do-invest-in
PME pensioenfonds	Assa Abloy AB	Sweden	Industrial	Shares	2026-04-30	18.057.102	x1	EUR	https://www.pmepensioen.nl/en/investments/we-do-invest-in
PME pensioenfonds	Astellas Pharma Inc	Japan	Consumer, non-cyclical	Shares	2026-04-30	7.108.859	x1	EUR	https://www.pmepensioen.nl/en/investments/we-do-invest-in
PME pensioenfonds	ASTM SpA	Italy	Consumer, non-cyclical	Corporate bonds	2026-04-30	12.394.660	x1	EUR	https://www.pmepensioen.nl/en/investments/we-do-invest-in
PME pensioenfonds	Astral Ltd	India	Industrial	Shares	2026-04-30	1.449.675	x1	EUR	https://www.pmepensioen.nl/en/investments/we-do-invest-in
PME pensioenfonds	Astrazeneca Finance LLC	United Kingdom	Consumer, non-cyclical	Corporate bonds	2026-04-30	3.305.206	x1	EUR	https://www.pmepensioen.nl/en/investments/we-do-invest-in
PME pensioenfonds	AstraZeneca PLC	United Kingdom	Consumer, non-cyclical	Shares	2026-04-30	84.590.996	x1	EUR	https://www.pmepensioen.nl/en/investments/we-do-invest-in
PME pensioenfonds	AstraZeneca PLC	United Kingdom	Consumer, non-cyclical	Corporate bonds	2026-04-30	25.799.576	x1	EUR	https://www.pmepensioen.nl/en/investments/we-do-invest-in
PME pensioenfonds	Asustek Computer Inc	Taiwan	Technology	Shares	2026-04-30	5.112.058	x1	EUR	https://www.pmepensioen.nl/en/investments/we-do-invest-in
PME pensioenfonds	ASX Ltd	Australia	Financial	Shares	2026-04-30	1.742.971	x1	EUR	https://www.pmepensioen.nl/en/investments/we-do-invest-in
PME pensioenfonds	AT&T Inc	United States	Communications	Corporate bonds	2026-04-30	73.904.317	x1	EUR	https://www.pmepensioen.nl/en/investments/we-do-invest-in
PME pensioenfonds	AT&T Inc	United States	Communications	Shares	2026-04-30	41.351.133	x1	EUR	https://www.pmepensioen.nl/en/investments/we-do-invest-in
PME pensioenfonds	ATI Inc	United States	Industrial	Corporate bonds	2026-04-30	3.114.182	x1	EUR	https://www.pmepensioen.nl/en/investments/we-do-invest-in
PME pensioenfonds	Atlas Copco AB	Sweden	Industrial	Shares	2026-04-30	28.802.912	x1	EUR	https://www.pmepensioen.nl/en/investments/we-do-invest-in
PME pensioenfonds	Atlas Copco Finance DAC	Sweden	Industrial	Corporate bonds	2026-04-30	3.578.667	x1	EUR	https://www.pmepensioen.nl/en/investments/we-do-invest-in
PME pensioenfonds	Atlassian Corp	United States	Technology	Shares	2026-04-30	2.268.445	x1	EUR	https://www.pmepensioen.nl/en/investments/we-do-invest-in
PME pensioenfonds	Atmos Energy Corp	United States	Utilities	Shares	2026-04-30	5.797.470	x1	EUR	https://www.pmepensioen.nl/en/investments/we-do-invest-in
PME pensioenfonds	Atos SE	France	Technology	Corporate bonds	2026-04-30	15.187.474	x1	EUR	https://www.pmepensioen.nl/en/investments/we-do-invest-in
PME pensioenfonds	ATS Corp	Canada	Industrial	Corporate bonds	2026-04-30	3.514.891	x1	EUR	https://www.pmepensioen.nl/en/investments/we-do-invest-in
PME pensioenfonds	AU Small Finance Bank Ltd	India	Financial	Shares	2026-04-30	2.060.231	x1	EUR	https://www.pmepensioen.nl/en/investments/we-do-invest-in
PME pensioenfonds	Auckland International Airport Ltd	New Zealand	Industrial	Shares	2026-04-30	1.878.731	x1	EUR	https://www.pmepensioen.nl/en/investments/we-do-invest-in
PME pensioenfonds	Aurizon Network Pty Ltd	Australia	Industrial	Corporate bonds	2026-04-30	7.393.549	x1	EUR	https://www.pmepensioen.nl/en/investments/we-do-invest-in
PME pensioenfonds	Ausgrid Finance Pty Ltd	Australia	Utilities	Corporate bonds	2026-04-30	6.835.505	x1	EUR	https://www.pmepensioen.nl/en/investments/we-do-invest-in
PME pensioenfonds	AusNet Services Holdings Pty Ltd	Australia	Utilities	Corporate bonds	2026-04-30	11.480.281	x1	EUR	https://www.pmepensioen.nl/en/investments/we-do-invest-in
PME pensioenfonds	Australia & New Zealand Banking Group Ltd	Australia	Financial	Corporate bonds	2026-04-30	4.267.253	x1	EUR	https://www.pmepensioen.nl/en/investments/we-do-invest-in
PME pensioenfonds	Australia Pacific Airports Melbourne Pty Ltd	Australia	Industrial	Corporate bonds	2026-04-30	24.319.481	x1	EUR	https://www.pmepensioen.nl/en/investments/we-do-invest-in
PME pensioenfonds	Autodesk Inc	United States	Technology	Shares	2026-04-30	9.930.259	x1	EUR	https://www.pmepensioen.nl/en/investments/we-do-invest-in
PME pensioenfonds	Automatic Data Processing Inc	United States	Consumer, non-cyclical	Shares	2026-04-30	16.228.831	x1	EUR	https://www.pmepensioen.nl/en/investments/we-do-invest-in
PME pensioenfonds	Autoroutes du Sud de la France SA	France	Consumer, non-cyclical	Corporate bonds	2026-04-30	34.381.951	x1	EUR	https://www.pmepensioen.nl/en/investments/we-do-invest-in
PME pensioenfonds	Autotrader Group PLC	United Kingdom	Communications	Shares	2026-04-30	629.147	x1	EUR	https://www.pmepensioen.nl/en/investments/we-do-invest-in
PME pensioenfonds	AutoZone Inc	United States	Consumer, cyclical	Shares	2026-04-30	11.055.032	x1	EUR	https://www.pmepensioen.nl/en/investments/we-do-invest-in
PME pensioenfonds	Avantor Funding Inc	United States	Consumer, non-cyclical	Corporate bonds	2026-04-30	16.269.328	x1	EUR	https://www.pmepensioen.nl/en/investments/we-do-invest-in
PME pensioenfonds	Avenue Supermarts Ltd	India	Consumer, non-cyclical	Shares	2026-04-30	3.750.181	x1	EUR	https://www.pmepensioen.nl/en/investments/we-do-invest-in
PME pensioenfonds	Avery Dennison Corp	United States	Consumer, non-cyclical	Corporate bonds	2026-04-30	4.900.559	x1	EUR	https://www.pmepensioen.nl/en/investments/we-do-invest-in
PME pensioenfonds	Avient Corp	United States	Industrial	Corporate bonds	2026-04-30	8.475.098	x1	EUR	https://www.pmepensioen.nl/en/investments/we-do-invest-in
PME pensioenfonds	Avis Budget Car Rental LLC / Avis Budget Finance Inc	United States	Consumer, non-cyclical	Corporate bonds	2026-04-30	2.389.194	x1	EUR	https://www.pmepensioen.nl/en/investments/we-do-invest-in
PME pensioenfonds	Avis Budget Finance Plc	United States	Consumer, non-cyclical	Corporate bonds	2026-04-30	10.309.476	x1	EUR	https://www.pmepensioen.nl/en/investments/we-do-invest-in
PME pensioenfonds	Aviva PLC	United Kingdom	Financial	Shares	2026-04-30	2.495.216	x1	EUR	https://www.pmepensioen.nl/en/investments/we-do-invest-in
PME pensioenfonds	Avolta AG	Switzerland	Consumer, cyclical	Shares	2026-04-30	587.426	x1	EUR	https://www.pmepensioen.nl/en/investments/we-do-invest-in
PME pensioenfonds	AXA SA	France	Financial	Shares	2026-04-30	40.427.167	x1	EUR	https://www.pmepensioen.nl/en/investments/we-do-invest-in
PME pensioenfonds	AXA SA	France	Financial	Corporate bonds	2026-04-30	15.652.755	x1	EUR	https://www.pmepensioen.nl/en/investments/we-do-invest-in
PME pensioenfonds	Axalta Coating Systems Dutch Holding B BV	United States	Basic materials	Corporate bonds	2026-04-30	2.560.743	x1	EUR	https://www.pmepensioen.nl/en/investments/we-do-invest-in
PME pensioenfonds	Axalta Coating Systems LLC	United States	Basic materials	Corporate bonds	2026-04-30	824.925	x1	EUR	https://www.pmepensioen.nl/en/investments/we-do-invest-in
PME pensioenfonds	Axia Energia	Brazil	Utilities	Shares	2026-04-30	11.806.021	x1	EUR	https://www.pmepensioen.nl/en/investments/we-do-invest-in
PME pensioenfonds	Axis Bank Ltd	India	Financial	Shares	2026-04-30	15.284.497	x1	EUR	https://www.pmepensioen.nl/en/investments/we-do-invest-in
PME pensioenfonds	Axon Enterprise Inc	United States	Industrial	Corporate bonds	2026-04-30	5.376.200	x1	EUR	https://www.pmepensioen.nl/en/investments/we-do-invest-in
PME pensioenfonds	Axon Enterprise Inc	United States	Industrial	Shares	2026-04-30	6.027.929	x1	EUR	https://www.pmepensioen.nl/en/investments/we-do-invest-in
PME pensioenfonds	Ayvens SA	France	Consumer, non-cyclical	Corporate bonds	2026-04-30	15.815.131	x1	EUR	https://www.pmepensioen.nl/en/investments/we-do-invest-in
PME pensioenfonds	Azelis Finance NV	Belgium	Consumer, cyclical	Corporate bonds	2026-04-30	15.268.687	x1	EUR	https://www.pmepensioen.nl/en/investments/we-do-invest-in
PME pensioenfonds	B3 SA - Brasil Bolsa Balcao	Brazil	Financial	Shares	2026-04-30	10.225.941	x1	EUR	https://www.pmepensioen.nl/en/investments/we-do-invest-in
PME pensioenfonds	Baidu Inc	China	Communications	Shares	2026-04-30	16.629.306	x1	EUR	https://www.pmepensioen.nl/en/investments/we-do-invest-in
PME pensioenfonds	Bajaj Auto Ltd	India	Consumer, cyclical	Shares	2026-04-30	3.455.317	x1	EUR	https://www.pmepensioen.nl/en/investments/we-do-invest-in
PME pensioenfonds	Bajaj Finance Ltd	India	Financial	Shares	2026-04-30	12.933.107	x1	EUR	https://www.pmepensioen.nl/en/investments/we-do-invest-in
PME pensioenfonds	Balder Finland Oyj	Sweden	Financial	Corporate bonds	2026-04-30	16.332.794	x1	EUR	https://www.pmepensioen.nl/en/investments/we-do-invest-in
PME pensioenfonds	Balkrishna Industries Ltd	India	Consumer, cyclical	Shares	2026-04-30	1.258.590	x1	EUR	https://www.pmepensioen.nl/en/investments/we-do-invest-in
PME pensioenfonds	Ball Corp	United States	Industrial	Corporate bonds	2026-04-30	34.145.383	x1	EUR	https://www.pmepensioen.nl/en/investments/we-do-invest-in
PME pensioenfonds	Ball Corp	United States	Industrial	Shares	2026-04-30	17.045.401	x1	EUR	https://www.pmepensioen.nl/en/investments/we-do-invest-in
PME pensioenfonds	Banca Mediolanum SpA	Italy	Financial	Shares	2026-04-30	518.141	x1	EUR	https://www.pmepensioen.nl/en/investments/we-do-invest-in
PME pensioenfonds	Banca Monte dei Paschi di Siena SpA	Italy	Financial	Corporate bonds	2026-04-30	6.244.214	x1	EUR	https://www.pmepensioen.nl/en/investments/we-do-invest-in
PME pensioenfonds	Banco Bilbao Vizcaya Argentaria SA	Spain	Financial	Shares	2026-04-30	40.776.413	x1	EUR	https://www.pmepensioen.nl/en/investments/we-do-invest-in
PME pensioenfonds	Banco BPM SpA	Italy	Financial	Corporate bonds	2026-04-30	5.192.695	x1	EUR	https://www.pmepensioen.nl/en/investments/we-do-invest-in
PME pensioenfonds	Banco BPM SpA	Italy	Financial	Shares	2026-04-30	1.810.393	x1	EUR	https://www.pmepensioen.nl/en/investments/we-do-invest-in
PME pensioenfonds	Banco Bradesco SA	Brazil	Financial	Shares	2026-04-30	13.194.207	x1	EUR	https://www.pmepensioen.nl/en/investments/we-do-invest-in
PME pensioenfonds	Banco Comercial Portugues SA	Portugal	Financial	Corporate bonds	2026-04-30	16.991.204	x1	EUR	https://www.pmepensioen.nl/en/investments/we-do-invest-in
PME pensioenfonds	Banco de Chile	Chile	Financial	Shares	2026-04-30	4.778.030	x1	EUR	https://www.pmepensioen.nl/en/investments/we-do-invest-in
PME pensioenfonds	Banco de Credito e Inversiones	Chile	Financial	Shares	2026-04-30	3.131.116	x1	EUR	https://www.pmepensioen.nl/en/investments/we-do-invest-in
PME pensioenfonds	Banco de Sabadell SA	Spain	Financial	Shares	2026-04-30	2.245.448	x1	EUR	https://www.pmepensioen.nl/en/investments/we-do-invest-in
PME pensioenfonds	Banco de Sabadell SA	Spain	Financial	Corporate bonds	2026-04-30	12.211.275	x1	EUR	https://www.pmepensioen.nl/en/investments/we-do-invest-in
PME pensioenfonds	Banco do Brasil SA	Brazil	Financial	Shares	2026-04-30	3.909.813	x1	EUR	https://www.pmepensioen.nl/en/investments/we-do-invest-in
PME pensioenfonds	Banco Santander Chile	Chile	Financial	Shares	2026-04-30	2.921.134	x1	EUR	https://www.pmepensioen.nl/en/investments/we-do-invest-in
PME pensioenfonds	Banco Santander SA	Spain	Financial	Shares	2026-04-30	19.540.812	x1	EUR	https://www.pmepensioen.nl/en/investments/we-do-invest-in
PME pensioenfonds	Banco Santander SA	Spain	Financial	Corporate bonds	2026-04-30	37.432.470	x1	EUR	https://www.pmepensioen.nl/en/investments/we-do-invest-in
PME pensioenfonds	Bandai Namco Holdings Inc	Japan	Consumer, cyclical	Shares	2026-04-30	3.563.141	x1	EUR	https://www.pmepensioen.nl/en/investments/we-do-invest-in
PME pensioenfonds	Bangkok Dusit Medical Services PCL	Thailand	Consumer, non-cyclical	Shares	2026-04-30	3.646.758	x1	EUR	https://www.pmepensioen.nl/en/investments/we-do-invest-in
PME pensioenfonds	Bank Al-Jazira	Saudi Arabia	Financial	Shares	2026-04-30	1.155.718	x1	EUR	https://www.pmepensioen.nl/en/investments/we-do-invest-in
PME pensioenfonds	Bank AlBilad	Saudi Arabia	Financial	Shares	2026-04-30	3.022.401	x1	EUR	https://www.pmepensioen.nl/en/investments/we-do-invest-in
PME pensioenfonds	Bank Central Asia Tbk PT	Indonesia	Financial	Shares	2026-04-30	11.941.207	x1	EUR	https://www.pmepensioen.nl/en/investments/we-do-invest-in
PME pensioenfonds	Bank Mandiri Persero Tbk PT	Indonesia	Financial	Shares	2026-04-30	5.499.779	x1	EUR	https://www.pmepensioen.nl/en/investments/we-do-invest-in
PME pensioenfonds	Bank Millennium SA	Poland	Financial	Shares	2026-04-30	1.427.946	x1	EUR	https://www.pmepensioen.nl/en/investments/we-do-invest-in
PME pensioenfonds	Bank Negara Indonesia Persero Tbk PT	Indonesia	Financial	Shares	2026-04-30	1.673.608	x1	EUR	https://www.pmepensioen.nl/en/investments/we-do-invest-in
PME pensioenfonds	Bank of America Corp	United States	Financial	Shares	2026-04-30	110.609.908	x1	EUR	https://www.pmepensioen.nl/en/investments/we-do-invest-in
PME pensioenfonds	Bank of America Corp	United States	Financial	Corporate bonds	2026-04-30	19.931.690	x1	EUR	https://www.pmepensioen.nl/en/investments/we-do-invest-in
PME pensioenfonds	Bank of Baroda	India	Financial	Shares	2026-04-30	1.644.138	x1	EUR	https://www.pmepensioen.nl/en/investments/we-do-invest-in
PME pensioenfonds	Bank of Ireland Group PLC	Ireland	Financial	Shares	2026-04-30	2.046.156	x1	EUR	https://www.pmepensioen.nl/en/investments/we-do-invest-in
PME pensioenfonds	Bank of Ireland Group PLC	Ireland	Financial	Corporate bonds	2026-04-30	14.936.573	x1	EUR	https://www.pmepensioen.nl/en/investments/we-do-invest-in
PME pensioenfonds	Bank of Montreal	Canada	Financial	Corporate bonds	2026-04-30	23.391.214	x1	EUR	https://www.pmepensioen.nl/en/investments/we-do-invest-in
PME pensioenfonds	Bank of Montreal	Canada	Financial	Shares	2026-04-30	19.359.702	x1	EUR	https://www.pmepensioen.nl/en/investments/we-do-invest-in
PME pensioenfonds	Bank of New York Mellon Corp/The	United States	Financial	Shares	2026-04-30	16.936.435	x1	EUR	https://www.pmepensioen.nl/en/investments/we-do-invest-in
PME pensioenfonds	Bank of New Zealand	New Zealand	Financial	Corporate bonds	2026-04-30	13.257.017	x1	EUR	https://www.pmepensioen.nl/en/investments/we-do-invest-in
PME pensioenfonds	Bank of Nova Scotia/The	Canada	Financial	Shares	2026-04-30	17.017.345	x1	EUR	https://www.pmepensioen.nl/en/investments/we-do-invest-in
PME pensioenfonds	Bank of Nova Scotia/The	Canada	Financial	Corporate bonds	2026-04-30	120.138	x1	EUR	https://www.pmepensioen.nl/en/investments/we-do-invest-in
PME pensioenfonds	Bank of the Philippine Islands	Philippines	Financial	Shares	2026-04-30	2.024.669	x1	EUR	https://www.pmepensioen.nl/en/investments/we-do-invest-in
PME pensioenfonds	Bank Polska Kasa Opieki SA	Poland	Financial	Shares	2026-04-30	5.836.828	x1	EUR	https://www.pmepensioen.nl/en/investments/we-do-invest-in
PME pensioenfonds	Bank Rakyat Indonesia Persero Tbk PT	Indonesia	Financial	Shares	2026-04-30	7.179.201	x1	EUR	https://www.pmepensioen.nl/en/investments/we-do-invest-in
PME pensioenfonds	Bankinter SA	Spain	Financial	Shares	2026-04-30	1.211.187	x1	EUR	https://www.pmepensioen.nl/en/investments/we-do-invest-in
PME pensioenfonds	Bankinter SA	Spain	Financial	Corporate bonds	2026-04-30	8.430.510	x1	EUR	https://www.pmepensioen.nl/en/investments/we-do-invest-in
PME pensioenfonds	Banque Cantonale Vaudoise	Switzerland	Financial	Shares	2026-04-30	559.694	x1	EUR	https://www.pmepensioen.nl/en/investments/we-do-invest-in
PME pensioenfonds	Banque Federative du Credit Mutuel SA	France	Financial	Corporate bonds	2026-04-30	32.881.293	x1	EUR	https://www.pmepensioen.nl/en/investments/we-do-invest-in
PME pensioenfonds	Banque Saudi Fransi	Saudi Arabia	Financial	Shares	2026-04-30	3.542.864	x1	EUR	https://www.pmepensioen.nl/en/investments/we-do-invest-in
PME pensioenfonds	Barclays PLC	United Kingdom	Financial	Corporate bonds	2026-04-30	19.877.573	x1	EUR	https://www.pmepensioen.nl/en/investments/we-do-invest-in
PME pensioenfonds	Barclays PLC	United Kingdom	Financial	Shares	2026-04-30	8.670.444	x1	EUR	https://www.pmepensioen.nl/en/investments/we-do-invest-in
PME pensioenfonds	Barratt Redrow PLC	United Kingdom	Consumer, cyclical	Shares	2026-04-30	544.461	x1	EUR	https://www.pmepensioen.nl/en/investments/we-do-invest-in
PME pensioenfonds	BASF SE	Germany	Basic materials	Corporate bonds	2026-04-30	18.089.841	x1	EUR	https://www.pmepensioen.nl/en/investments/we-do-invest-in
PME pensioenfonds	Bath & Body Works Inc	United States	Consumer, cyclical	Corporate bonds	2026-04-30	2.850.324	x1	EUR	https://www.pmepensioen.nl/en/investments/we-do-invest-in
PME pensioenfonds	Baxter International Inc	United States	Consumer, non-cyclical	Shares	2026-04-30	4.453.793	x1	EUR	https://www.pmepensioen.nl/en/investments/we-do-invest-in
PME pensioenfonds	Bayer AG	Germany	Consumer, non-cyclical	Corporate bonds	2026-04-30	58.100.194	x1	EUR	https://www.pmepensioen.nl/en/investments/we-do-invest-in
PME pensioenfonds	Bayerische Motoren Werke AG	Germany	Consumer, cyclical	Shares	2026-04-30	3.649.899	x1	EUR	https://www.pmepensioen.nl/en/investments/we-do-invest-in
PME pensioenfonds	BB Seguridade Participacoes SA	Brazil	Financial	Shares	2026-04-30	2.467.161	x1	EUR	https://www.pmepensioen.nl/en/investments/we-do-invest-in
PME pensioenfonds	BCE Inc	Canada	Communications	Shares	2026-04-30	342.672	x1	EUR	https://www.pmepensioen.nl/en/investments/we-do-invest-in
PME pensioenfonds	BDO Unibank Inc	Philippines	Financial	Shares	2026-04-30	2.521.646	x1	EUR	https://www.pmepensioen.nl/en/investments/we-do-invest-in
PME pensioenfonds	BE Semiconductor Industries NV	Netherlands	Technology	Shares	2026-04-30	7.465.794	x1	EUR	https://www.pmepensioen.nl/en/investments/we-do-invest-in
PME pensioenfonds	BE Semiconductor Industries NV	Netherlands	Technology	Corporate bonds	2026-04-30	6.163.617	x1	EUR	https://www.pmepensioen.nl/en/investments/we-do-invest-in
PME pensioenfonds	Beach Acquisition Bidco LLC	United States	Consumer, cyclical	Corporate bonds	2026-04-30	4.526.157	x1	EUR	https://www.pmepensioen.nl/en/investments/we-do-invest-in
PME pensioenfonds	Becton Dickinson & Co	United States	Consumer, non-cyclical	Shares	2026-04-30	8.787.522	x1	EUR	https://www.pmepensioen.nl/en/investments/we-do-invest-in
PME pensioenfonds	Becton Dickinson & Co	United States	Consumer, non-cyclical	Corporate bonds	2026-04-30	12.527.591	x1	EUR	https://www.pmepensioen.nl/en/investments/we-do-invest-in
PME pensioenfonds	Becton Dickinson Euro Finance Sarl	United States	Consumer, non-cyclical	Corporate bonds	2026-04-30	42.722.329	x1	EUR	https://www.pmepensioen.nl/en/investments/we-do-invest-in
PME pensioenfonds	Beiersdorf AG	Germany	Consumer, non-cyclical	Shares	2026-04-30	1.020.429	x1	EUR	https://www.pmepensioen.nl/en/investments/we-do-invest-in
PME pensioenfonds	Beijer Ref AB	Sweden	Industrial	Shares	2026-04-30	603.976	x1	EUR	https://www.pmepensioen.nl/en/investments/we-do-invest-in
PME pensioenfonds	Beijing Kingsoft Office Software Inc	China	Technology	Shares	2026-04-30	293.430	x1	EUR	https://www.pmepensioen.nl/en/investments/we-do-invest-in
PME pensioenfonds	Beijing Roborock Technology Co Ltd	China	Consumer, cyclical	Shares	2026-04-30	216.938	x1	EUR	https://www.pmepensioen.nl/en/investments/we-do-invest-in
PME pensioenfonds	Belden Inc	United States	Industrial	Corporate bonds	2026-04-30	13.717.981	x1	EUR	https://www.pmepensioen.nl/en/investments/we-do-invest-in
PME pensioenfonds	Belfius Bank SA	Belgium	Financial	Corporate bonds	2026-04-30	17.457.641	x1	EUR	https://www.pmepensioen.nl/en/investments/we-do-invest-in
PME pensioenfonds	Bell Telephone Co of Canada or Bell Canada	Canada	Communications	Corporate bonds	2026-04-30	2.208.949	x1	EUR	https://www.pmepensioen.nl/en/investments/we-do-invest-in
PME pensioenfonds	Bellis Acquisition Co PLC	United Kingdom	Consumer, non-cyclical	Corporate bonds	2026-04-30	3.291.666	x1	EUR	https://www.pmepensioen.nl/en/investments/we-do-invest-in
PME pensioenfonds	BellRing Brands Inc	United States	Consumer, non-cyclical	Corporate bonds	2026-04-30	3.853.426	x1	EUR	https://www.pmepensioen.nl/en/investments/we-do-invest-in
PME pensioenfonds	Belron UK Finance PLC	United Kingdom	Consumer, non-cyclical	Corporate bonds	2026-04-30	34.444.400	x1	EUR	https://www.pmepensioen.nl/en/investments/we-do-invest-in
PME pensioenfonds	Best Buy Co Inc	United States	Consumer, cyclical	Shares	2026-04-30	2.458.288	x1	EUR	https://www.pmepensioen.nl/en/investments/we-do-invest-in
PME pensioenfonds	Bharti Airtel Ltd	India	Communications	Shares	2026-04-30	27.028.082	x1	EUR	https://www.pmepensioen.nl/en/investments/we-do-invest-in
PME pensioenfonds	Bidvest Group Ltd	South Africa	Consumer, non-cyclical	Shares	2026-04-30	2.502.309	x1	EUR	https://www.pmepensioen.nl/en/investments/we-do-invest-in
PME pensioenfonds	Biffa Group Holdings Ltd	United Kingdom	Industrial	Corporate bonds	2026-04-30	2.764.325	x1	EUR	https://www.pmepensioen.nl/en/investments/we-do-invest-in
PME pensioenfonds	BIM Birlesik Magazalar AS	Turkey	Consumer, non-cyclical	Shares	2026-04-30	3.560.300	x1	EUR	https://www.pmepensioen.nl/en/investments/we-do-invest-in
PME pensioenfonds	BioMarin Pharmaceutical Inc	United States	Consumer, non-cyclical	Corporate bonds	2026-04-30	6.328.340	x1	EUR	https://www.pmepensioen.nl/en/investments/we-do-invest-in
PME pensioenfonds	BioMerieux	France	Consumer, non-cyclical	Shares	2026-04-30	510.867	x1	EUR	https://www.pmepensioen.nl/en/investments/we-do-invest-in
PME pensioenfonds	BKW AG	Switzerland	Utilities	Shares	2026-04-30	481.498	x1	EUR	https://www.pmepensioen.nl/en/investments/we-do-invest-in
PME pensioenfonds	Blackrock Inc	United States	Financial	Shares	2026-04-30	27.825.487	x1	EUR	https://www.pmepensioen.nl/en/investments/we-do-invest-in
PME pensioenfonds	Blackrock Inc	United States	Financial	Corporate bonds	2026-04-30	10.514.497	x1	EUR	https://www.pmepensioen.nl/en/investments/we-do-invest-in
PME pensioenfonds	Blackstone Mortgage Trust Inc	United States	Financial	Corporate bonds	2026-04-30	2.102.235	x1	EUR	https://www.pmepensioen.nl/en/investments/we-do-invest-in
PME pensioenfonds	BMW Finance NV	Germany	Consumer, cyclical	Corporate bonds	2026-04-30	15.065.717	x1	EUR	https://www.pmepensioen.nl/en/investments/we-do-invest-in
PME pensioenfonds	BMW International Investment BV	Germany	Consumer, cyclical	Corporate bonds	2026-04-30	27.009.106	x1	EUR	https://www.pmepensioen.nl/en/investments/we-do-invest-in
PME pensioenfonds	BMW US Capital LLC	Germany	Consumer, cyclical	Corporate bonds	2026-04-30	8.327.932	x1	EUR	https://www.pmepensioen.nl/en/investments/we-do-invest-in
PME pensioenfonds	BNP Paribas SA	France	Financial	Shares	2026-04-30	11.233.799	x1	EUR	https://www.pmepensioen.nl/en/investments/we-do-invest-in
PME pensioenfonds	BNP Paribas SA	France	Financial	Corporate bonds	2026-04-30	26.333.837	x1	EUR	https://www.pmepensioen.nl/en/investments/we-do-invest-in
PME pensioenfonds	BOC Hong Kong Holdings Ltd	China	Financial	Shares	2026-04-30	5.188.022	x1	EUR	https://www.pmepensioen.nl/en/investments/we-do-invest-in
PME pensioenfonds	Boliden AB	Sweden	Basic materials	Shares	2026-04-30	1.722.096	x1	EUR	https://www.pmepensioen.nl/en/investments/we-do-invest-in
PME pensioenfonds	Bombardier Inc	Canada	Industrial	Corporate bonds	2026-04-30	5.529.220	x1	EUR	https://www.pmepensioen.nl/en/investments/we-do-invest-in
PME pensioenfonds	Boots Group Finco LP	United States	Consumer, cyclical	Corporate bonds	2026-04-30	6.235.813	x1	EUR	https://www.pmepensioen.nl/en/investments/we-do-invest-in
PME pensioenfonds	BorgWarner Inc	United States	Consumer, cyclical	Corporate bonds	2026-04-30	9.354.639	x1	EUR	https://www.pmepensioen.nl/en/investments/we-do-invest-in
PME pensioenfonds	Bosch Ltd	India	Consumer, cyclical	Shares	2026-04-30	1.293.049	x1	EUR	https://www.pmepensioen.nl/en/investments/we-do-invest-in
PME pensioenfonds	Boston Scientific Corp	United States	Consumer, non-cyclical	Shares	2026-04-30	36.298.822	x1	EUR	https://www.pmepensioen.nl/en/investments/we-do-invest-in
PME pensioenfonds	Boubyan Bank KSCP	Kuwait	Financial	Shares	2026-04-30	1.873.372	x1	EUR	https://www.pmepensioen.nl/en/investments/we-do-invest-in
PME pensioenfonds	Bouygues SA	France	Industrial	Corporate bonds	2026-04-30	21.341.868	x1	EUR	https://www.pmepensioen.nl/en/investments/we-do-invest-in
PME pensioenfonds	Bouygues SA	France	Industrial	Shares	2026-04-30	1.257.583	x1	EUR	https://www.pmepensioen.nl/en/investments/we-do-invest-in
PME pensioenfonds	BPCE SA	France	Financial	Corporate bonds	2026-04-30	32.417.331	x1	EUR	https://www.pmepensioen.nl/en/investments/we-do-invest-in
PME pensioenfonds	BPER Banca SPA	Italy	Financial	Shares	2026-04-30	1.502.457	x1	EUR	https://www.pmepensioen.nl/en/investments/we-do-invest-in
PME pensioenfonds	Brambles Finance PLC	Australia	Industrial	Corporate bonds	2026-04-30	33.911.686	x1	EUR	https://www.pmepensioen.nl/en/investments/we-do-invest-in
PME pensioenfonds	Brambles Ltd	Australia	Consumer, non-cyclical	Shares	2026-04-30	5.289.499	x1	EUR	https://www.pmepensioen.nl/en/investments/we-do-invest-in
PME pensioenfonds	Brambles USA Inc	Australia	Industrial	Corporate bonds	2026-04-30	1.729.517	x1	EUR	https://www.pmepensioen.nl/en/investments/we-do-invest-in
PME pensioenfonds	Brenntag SE	Germany	Basic materials	Shares	2026-04-30	944.318	x1	EUR	https://www.pmepensioen.nl/en/investments/we-do-invest-in
PME pensioenfonds	Bridgestone Corp	Japan	Consumer, cyclical	Shares	2026-04-30	5.817.395	x1	EUR	https://www.pmepensioen.nl/en/investments/we-do-invest-in
PME pensioenfonds	s Co/The	United States	Consumer, non-cyclical	Corporate bonds	2026-04-30	4.904.269	x1	EUR	https://www.pmepensioen.nl/en/investments/we-do-invest-in
PME pensioenfonds	Brisbane Airport Corp Pty Ltd	Australia	Industrial	Corporate bonds	2026-04-30	5.122.231	x1	EUR	https://www.pmepensioen.nl/en/investments/we-do-invest-in
PME pensioenfonds	Bristol-Myers Squibb Co	United States	Consumer, non-cyclical	Shares	2026-04-30	24.407.493	x1	EUR	https://www.pmepensioen.nl/en/investments/we-do-invest-in
PME pensioenfonds	Britannia Industries Ltd	India	Consumer, non-cyclical	Shares	2026-04-30	3.429.821	x1	EUR	https://www.pmepensioen.nl/en/investments/we-do-invest-in
PME pensioenfonds	British Telecommunications PLC	United Kingdom	Communications	Corporate bonds	2026-04-30	35.690.154	x1	EUR	https://www.pmepensioen.nl/en/investments/we-do-invest-in
PME pensioenfonds	Broadcom Inc	United States	Technology	Shares	2026-04-30	347.641.353	x1	EUR	https://www.pmepensioen.nl/en/investments/we-do-invest-in
PME pensioenfonds	Broadridge Financial Solutions Inc	United States	Technology	Shares	2026-04-30	3.761.774	x1	EUR	https://www.pmepensioen.nl/en/investments/we-do-invest-in
PME pensioenfonds	Brookfield Renewable Corp	Canada	Utilities	Shares	2026-04-30	11.228.211	x1	EUR	https://www.pmepensioen.nl/en/investments/we-do-invest-in
PME pensioenfonds	Brown & Brown Inc	United States	Financial	Shares	2026-04-30	3.030.607	x1	EUR	https://www.pmepensioen.nl/en/investments/we-do-invest-in
PME pensioenfonds	Brundage-Bone Concrete Pumping Holdings Inc	United States	Industrial	Corporate bonds	2026-04-30	7.229.595	x1	EUR	https://www.pmepensioen.nl/en/investments/we-do-invest-in
PME pensioenfonds	BT Finance PLC	United Kingdom	Communications	Corporate bonds	2026-04-30	2.356.255	x1	EUR	https://www.pmepensioen.nl/en/investments/we-do-invest-in
PME pensioenfonds	BT Group PLC	United Kingdom	Communications	Shares	2026-04-30	1.933.487	x1	EUR	https://www.pmepensioen.nl/en/investments/we-do-invest-in
PME pensioenfonds	Budimex SA	Poland	Industrial	Shares	2026-04-30	1.238.904	x1	EUR	https://www.pmepensioen.nl/en/investments/we-do-invest-in
PME pensioenfonds	Builders FirstSource Inc	United States	Industrial	Corporate bonds	2026-04-30	11.957.598	x1	EUR	https://www.pmepensioen.nl/en/investments/we-do-invest-in
PME pensioenfonds	Bumrungrad Hospital PCL	Thailand	Consumer, non-cyclical	Shares	2026-04-30	1.529.835	x1	EUR	https://www.pmepensioen.nl/en/investments/we-do-invest-in
PME pensioenfonds	Bunge Finance Europe BV	United States	Consumer, non-cyclical	Corporate bonds	2026-04-30	6.343.199	x1	EUR	https://www.pmepensioen.nl/en/investments/we-do-invest-in
PME pensioenfonds	Bunzl Finance PLC	United Kingdom	Consumer, cyclical	Corporate bonds	2026-04-30	6.943.117	x1	EUR	https://www.pmepensioen.nl/en/investments/we-do-invest-in
PME pensioenfonds	Bupa Arabia for Cooperative Insurance Co	Saudi Arabia	Financial	Shares	2026-04-30	2.090.223	x1	EUR	https://www.pmepensioen.nl/en/investments/we-do-invest-in
PME pensioenfonds	BUPA Finance PLC	United Kingdom	Financial	Corporate bonds	2026-04-30	21.129.685	x1	EUR	https://www.pmepensioen.nl/en/investments/we-do-invest-in
PME pensioenfonds	Bureau Veritas SA	France	Consumer, non-cyclical	Shares	2026-04-30	12.339.624	x1	EUR	https://www.pmepensioen.nl/en/investments/we-do-invest-in
PME pensioenfonds	BYD Co Ltd	China	Consumer, cyclical	Shares	2026-04-30	30.430.380	x1	EUR	https://www.pmepensioen.nl/en/investments/we-do-invest-in
PME pensioenfonds	CAB SELAS	France	Consumer, non-cyclical	Corporate bonds	2026-04-30	180.158	x1	EUR	https://www.pmepensioen.nl/en/investments/we-do-invest-in
PME pensioenfonds	Cable One Inc	United States	Communications	Corporate bonds	2026-04-30	2.932.281	x1	EUR	https://www.pmepensioen.nl/en/investments/we-do-invest-in
PME pensioenfonds	CACI International Inc	United States	Technology	Corporate bonds	2026-04-30	5.353.538	x1	EUR	https://www.pmepensioen.nl/en/investments/we-do-invest-in
PME pensioenfonds	Cadence Design Systems Inc	United States	Technology	Shares	2026-04-30	25.258.147	x1	EUR	https://www.pmepensioen.nl/en/investments/we-do-invest-in
PME pensioenfonds	Cadent Finance PLC	United Kingdom	Utilities	Corporate bonds	2026-04-30	7.019.960	x1	EUR	https://www.pmepensioen.nl/en/investments/we-do-invest-in
PME pensioenfonds	CAE Inc	Canada	Industrial	Shares	2026-04-30	1.532.257	x1	EUR	https://www.pmepensioen.nl/en/investments/we-do-invest-in
PME pensioenfonds	Caixa Geral de Depositos SA	Portugal	Financial	Corporate bonds	2026-04-30	10.587.240	x1	EUR	https://www.pmepensioen.nl/en/investments/we-do-invest-in
PME pensioenfonds	CaixaBank SA	Spain	Financial	Corporate bonds	2026-04-30	10.223.676	x1	EUR	https://www.pmepensioen.nl/en/investments/we-do-invest-in
PME pensioenfonds	CaixaBank SA	Spain	Financial	Shares	2026-04-30	5.443.967	x1	EUR	https://www.pmepensioen.nl/en/investments/we-do-invest-in
PME pensioenfonds	California Buyer Ltd / Atlantica Sustainable Infrastructure PLC	United Kingdom	Utilities	Corporate bonds	2026-04-30	3.476.927	x1	EUR	https://www.pmepensioen.nl/en/investments/we-do-invest-in
PME pensioenfonds	Caliway Biopharmaceuticals Co Ltd	Taiwan	Consumer, non-cyclical	Shares	2026-04-30	1.433.810	x1	EUR	https://www.pmepensioen.nl/en/investments/we-do-invest-in
PME pensioenfonds	Canadian Imperial Bank of Commerce	Canada	Financial	Corporate bonds	2026-04-30	1.376.337	x1	EUR	https://www.pmepensioen.nl/en/investments/we-do-invest-in
PME pensioenfonds	Canadian Imperial Bank of Commerce	Canada	Financial	Shares	2026-04-30	17.552.648	x1	EUR	https://www.pmepensioen.nl/en/investments/we-do-invest-in
PME pensioenfonds	Canadian National Railway Co	Canada	Industrial	Shares	2026-04-30	10.670.714	x1	EUR	https://www.pmepensioen.nl/en/investments/we-do-invest-in
PME pensioenfonds	Canadian Pacific Kansas City Ltd	Canada	Industrial	Shares	2026-04-30	30.779.497	x1	EUR	https://www.pmepensioen.nl/en/investments/we-do-invest-in
PME pensioenfonds	Canadian Utilities Ltd	Canada	Utilities	Shares	2026-04-30	865.621	x1	EUR	https://www.pmepensioen.nl/en/investments/we-do-invest-in
PME pensioenfonds	Canara Bank	India	Financial	Shares	2026-04-30	1.524.507	x1	EUR	https://www.pmepensioen.nl/en/investments/we-do-invest-in
PME pensioenfonds	Canon Inc	Japan	Technology	Shares	2026-04-30	6.329.771	x1	EUR	https://www.pmepensioen.nl/en/investments/we-do-invest-in
PME pensioenfonds	Capcom Co Ltd	Japan	Technology	Shares	2026-04-30	1.815.520	x1	EUR	https://www.pmepensioen.nl/en/investments/we-do-invest-in
PME pensioenfonds	Capgemini SE	France	Technology	Shares	2026-04-30	2.239.643	x1	EUR	https://www.pmepensioen.nl/en/investments/we-do-invest-in
PME pensioenfonds	Capgemini SE	France	Technology	Corporate bonds	2026-04-30	33.068.146	x1	EUR	https://www.pmepensioen.nl/en/investments/we-do-invest-in
PME pensioenfonds	Capital One Financial Corp	United States	Financial	Shares	2026-04-30	22.884.658	x1	EUR	https://www.pmepensioen.nl/en/investments/we-do-invest-in
PME pensioenfonds	Capitec Bank Holdings Ltd	South Africa	Financial	Shares	2026-04-30	11.330.911	x1	EUR	https://www.pmepensioen.nl/en/investments/we-do-invest-in
PME pensioenfonds	Capstone Borrower Inc	United States	Technology	Corporate bonds	2026-04-30	4.482.218	x1	EUR	https://www.pmepensioen.nl/en/investments/we-do-invest-in
PME pensioenfonds	CAR Group Ltd	Australia	Communications	Shares	2026-04-30	1.452.326	x1	EUR	https://www.pmepensioen.nl/en/investments/we-do-invest-in
PME pensioenfonds	Cardinal Health Inc	United States	Consumer, non-cyclical	Shares	2026-04-30	9.931.680	x1	EUR	https://www.pmepensioen.nl/en/investments/we-do-invest-in
PME pensioenfonds	Cargill Inc	United States	Consumer, non-cyclical	Corporate bonds	2026-04-30	5.866.656	x1	EUR	https://www.pmepensioen.nl/en/investments/we-do-invest-in
PME pensioenfonds	Carlsberg AS	Denmark	Consumer, non-cyclical	Shares	2026-04-30	1.379.288	x1	EUR	https://www.pmepensioen.nl/en/investments/we-do-invest-in
PME pensioenfonds	Carlsberg Breweries A/S	Denmark	Consumer, non-cyclical	Corporate bonds	2026-04-30	50.606.673	x1	EUR	https://www.pmepensioen.nl/en/investments/we-do-invest-in
PME pensioenfonds	Carnival Corp	United States	Consumer, cyclical	Corporate bonds	2026-04-30	9.700.853	x1	EUR	https://www.pmepensioen.nl/en/investments/we-do-invest-in
PME pensioenfonds	Carnival PLC	United States	Consumer, cyclical	Corporate bonds	2026-04-30	20.217.442	x1	EUR	https://www.pmepensioen.nl/en/investments/we-do-invest-in
PME pensioenfonds	Carpenter Technology Corp	United States	Basic materials	Corporate bonds	2026-04-30	2.937.528	x1	EUR	https://www.pmepensioen.nl/en/investments/we-do-invest-in
PME pensioenfonds	Carrefour SA	France	Consumer, non-cyclical	Corporate bonds	2026-04-30	12.754.951	x1	EUR	https://www.pmepensioen.nl/en/investments/we-do-invest-in
PME pensioenfonds	Carrefour SA	France	Consumer, non-cyclical	Shares	2026-04-30	1.169.670	x1	EUR	https://www.pmepensioen.nl/en/investments/we-do-invest-in
PME pensioenfonds	Carriage Services Inc	United States	Consumer, non-cyclical	Corporate bonds	2026-04-30	838.430	x1	EUR	https://www.pmepensioen.nl/en/investments/we-do-invest-in
PME pensioenfonds	Carrier Global Corp	United States	Industrial	Corporate bonds	2026-04-30	6.285.010	x1	EUR	https://www.pmepensioen.nl/en/investments/we-do-invest-in
PME pensioenfonds	Cars.com Inc	United States	Communications	Corporate bonds	2026-04-30	866.649	x1	EUR	https://www.pmepensioen.nl/en/investments/we-do-invest-in
PME pensioenfonds	Carvana Co	United States	Consumer, cyclical	Shares	2026-04-30	7.399.199	x1	EUR	https://www.pmepensioen.nl/en/investments/we-do-invest-in
PME pensioenfonds	Cascades Inc/Cascades USA Inc	Canada	Industrial	Corporate bonds	2026-04-30	3.693.010	x1	EUR	https://www.pmepensioen.nl/en/investments/we-do-invest-in
PME pensioenfonds	Catcher Technology Co Ltd	Taiwan	Industrial	Shares	2026-04-30	1.464.769	x1	EUR	https://www.pmepensioen.nl/en/investments/we-do-invest-in
PME pensioenfonds	Cathay Financial Holding Co Ltd	Taiwan	Financial	Shares	2026-04-30	11.372.434	x1	EUR	https://www.pmepensioen.nl/en/investments/we-do-invest-in
PME pensioenfonds	Cboe Global Markets Inc	United States	Financial	Shares	2026-04-30	5.717.757	x1	EUR	https://www.pmepensioen.nl/en/investments/we-do-invest-in
PME pensioenfonds	CBRE Open-Ended Funds SCA SICAV-SIF	Luxembourg	Financial	Corporate bonds	2026-04-30	15.835.448	x1	EUR	https://www.pmepensioen.nl/en/investments/we-do-invest-in
PME pensioenfonds	CCEP Finance Ireland DAC	United Kingdom	Consumer, non-cyclical	Corporate bonds	2026-04-30	4.067.222	x1	EUR	https://www.pmepensioen.nl/en/investments/we-do-invest-in
PME pensioenfonds	CCO Holdings LLC / CCO Holdings Capital Corp	United States	Communications	Corporate bonds	2026-04-30	42.624.697	x1	EUR	https://www.pmepensioen.nl/en/investments/we-do-invest-in
PME pensioenfonds	CD Projekt SA	Poland	Technology	Shares	2026-04-30	2.522.375	x1	EUR	https://www.pmepensioen.nl/en/investments/we-do-invest-in
PME pensioenfonds	Celanese US Holdings LLC	United States	Basic materials	Corporate bonds	2026-04-30	30.471.659	x1	EUR	https://www.pmepensioen.nl/en/investments/we-do-invest-in
PME pensioenfonds	CELCOMDIGI BHD	Malaysia	Communications	Shares	2026-04-30	1.654.529	x1	EUR	https://www.pmepensioen.nl/en/investments/we-do-invest-in
PME pensioenfonds	Celestica Inc	Canada	Industrial	Shares	2026-04-30	6.392.398	x1	EUR	https://www.pmepensioen.nl/en/investments/we-do-invest-in
PME pensioenfonds	Cellnex Finance Co SA	Spain	Industrial	Corporate bonds	2026-04-30	25.310.043	x1	EUR	https://www.pmepensioen.nl/en/investments/we-do-invest-in
PME pensioenfonds	Cellnex Telecom SA	Spain	Industrial	Shares	2026-04-30	1.842.076	x1	EUR	https://www.pmepensioen.nl/en/investments/we-do-invest-in
PME pensioenfonds	Celltrion Inc	Korea	Consumer, non-cyclical	Shares	2026-04-30	10.608.190	x1	EUR	https://www.pmepensioen.nl/en/investments/we-do-invest-in
PME pensioenfonds	Celsa Opco SA	Spain	Basic materials	Corporate bonds	2026-04-30	3.125.503	x1	EUR	https://www.pmepensioen.nl/en/investments/we-do-invest-in
PME pensioenfonds	Cencora Inc	United States	Consumer, non-cyclical	Corporate bonds	2026-04-30	10.559.854	x1	EUR	https://www.pmepensioen.nl/en/investments/we-do-invest-in
PME pensioenfonds	Cencora Inc	United States	Consumer, non-cyclical	Shares	2026-04-30	11.716.042	x1	EUR	https://www.pmepensioen.nl/en/investments/we-do-invest-in
PME pensioenfonds	Cencosud SA	Chile	Consumer, non-cyclical	Shares	2026-04-30	1.911.431	x1	EUR	https://www.pmepensioen.nl/en/investments/we-do-invest-in
PME pensioenfonds	Centene Corp	United States	Consumer, non-cyclical	Shares	2026-04-30	3.210.378	x1	EUR	https://www.pmepensioen.nl/en/investments/we-do-invest-in
PME pensioenfonds	CenterPoint Energy Inc	United States	Utilities	Shares	2026-04-30	9.064.536	x1	EUR	https://www.pmepensioen.nl/en/investments/we-do-invest-in
PME pensioenfonds	Central Garden & Pet Co	United States	Consumer, cyclical	Corporate bonds	2026-04-30	1.742.364	x1	EUR	https://www.pmepensioen.nl/en/investments/we-do-invest-in
PME pensioenfonds	Central Japan Railway Co	Japan	Industrial	Shares	2026-04-30	4.890.458	x1	EUR	https://www.pmepensioen.nl/en/investments/we-do-invest-in
PME pensioenfonds	Centrient Holding BV	Netherlands	Consumer, non-cyclical	Corporate bonds	2026-04-30	4.521.186	x1	EUR	https://www.pmepensioen.nl/en/investments/we-do-invest-in
PME pensioenfonds	Century Aluminum Co	United States	Basic materials	Corporate bonds	2026-04-30	8.431.638	x1	EUR	https://www.pmepensioen.nl/en/investments/we-do-invest-in
PME pensioenfonds	Century Communities Inc	United States	Consumer, cyclical	Corporate bonds	2026-04-30	2.349.914	x1	EUR	https://www.pmepensioen.nl/en/investments/we-do-invest-in
PME pensioenfonds	CGI Inc	Canada	Technology	Shares	2026-04-30	2.803.099	x1	EUR	https://www.pmepensioen.nl/en/investments/we-do-invest-in
PME pensioenfonds	CH Robinson Worldwide Inc	United States	Industrial	Shares	2026-04-30	3.820.100	x1	EUR	https://www.pmepensioen.nl/en/investments/we-do-invest-in
PME pensioenfonds	Chailease Holding Co Ltd	Taiwan	Financial	Shares	2026-04-30	2.856.233	x1	EUR	https://www.pmepensioen.nl/en/investments/we-do-invest-in
PME pensioenfonds	Champions Financing Inc	United States	Consumer, non-cyclical	Corporate bonds	2026-04-30	1.221.500	x1	EUR	https://www.pmepensioen.nl/en/investments/we-do-invest-in
PME pensioenfonds	Chandra Asri Pacific Tbk PT	Indonesia	Basic materials	Shares	2026-04-30	1.419.513	x1	EUR	https://www.pmepensioen.nl/en/investments/we-do-invest-in
PME pensioenfonds	Chang Hwa Commercial Bank Ltd	Taiwan	Financial	Shares	2026-04-30	2.176.315	x1	EUR	https://www.pmepensioen.nl/en/investments/we-do-invest-in
PME pensioenfonds	Changzhou Xingyu Automotive Lighting Systems Co Ltd	China	Industrial	Shares	2026-04-30	262.118	x1	EUR	https://www.pmepensioen.nl/en/investments/we-do-invest-in
PME pensioenfonds	Charles River Laboratories International Inc	United States	Consumer, non-cyclical	Corporate bonds	2026-04-30	6.190.536	x1	EUR	https://www.pmepensioen.nl/en/investments/we-do-invest-in
PME pensioenfonds	Charles Schwab Corp/The	United States	Financial	Shares	2026-04-30	44.561.055	x1	EUR	https://www.pmepensioen.nl/en/investments/we-do-invest-in
PME pensioenfonds	Chart Industries Inc	United States	Industrial	Corporate bonds	2026-04-30	8.513.004	x1	EUR	https://www.pmepensioen.nl/en/investments/we-do-invest-in
PME pensioenfonds	Charter Communications Inc	United States	Communications	Shares	2026-04-30	3.864.368	x1	EUR	https://www.pmepensioen.nl/en/investments/we-do-invest-in
PME pensioenfonds	Cheplapharm Arzneimittel GmbH	Germany	Consumer, non-cyclical	Corporate bonds	2026-04-30	1.597.430	x1	EUR	https://www.pmepensioen.nl/en/investments/we-do-invest-in
PME pensioenfonds	Chiba Bank Ltd/The	Japan	Financial	Shares	2026-04-30	1.785.803	x1	EUR	https://www.pmepensioen.nl/en/investments/we-do-invest-in
PME pensioenfonds	China Feihe Ltd	China	Consumer, non-cyclical	Shares	2026-04-30	1.053.997	x1	EUR	https://www.pmepensioen.nl/en/investments/we-do-invest-in
PME pensioenfonds	China Hongqiao Group Ltd	China	Basic materials	Shares	2026-04-30	6.930.067	x1	EUR	https://www.pmepensioen.nl/en/investments/we-do-invest-in
PME pensioenfonds	China Literature Ltd	China	Communications	Shares	2026-04-30	895.968	x1	EUR	https://www.pmepensioen.nl/en/investments/we-do-invest-in
PME pensioenfonds	China Minsheng Banking Corp Ltd	China	Financial	Shares	2026-04-30	2.222.945	x1	EUR	https://www.pmepensioen.nl/en/investments/we-do-invest-in
PME pensioenfonds	Chipotle Mexican Grill Inc	United States	Consumer, cyclical	Shares	2026-04-30	8.451.535	x1	EUR	https://www.pmepensioen.nl/en/investments/we-do-invest-in
PME pensioenfonds	Cholamandalam Investment and Finance Co Ltd	India	Financial	Shares	2026-04-30	3.391.538	x1	EUR	https://www.pmepensioen.nl/en/investments/we-do-invest-in
PME pensioenfonds	Chorus Ltd	New Zealand	Communications	Corporate bonds	2026-04-30	5.813.437	x1	EUR	https://www.pmepensioen.nl/en/investments/we-do-invest-in
PME pensioenfonds	Chow Tai Fook Jewellery Group Ltd	China	Consumer, cyclical	Shares	2026-04-30	1.420.235	x1	EUR	https://www.pmepensioen.nl/en/investments/we-do-invest-in
PME pensioenfonds	Chroma ATE Inc	Taiwan	Industrial	Shares	2026-04-30	7.556.497	x1	EUR	https://www.pmepensioen.nl/en/investments/we-do-invest-in
PME pensioenfonds	CHS/Community Health Systems Inc	United States	Consumer, non-cyclical	Corporate bonds	2026-04-30	2.522.974	x1	EUR	https://www.pmepensioen.nl/en/investments/we-do-invest-in
PME pensioenfonds	Chubb INA Holdings Inc	United States	Financial	Corporate bonds	2026-04-30	22.471.836	x1	EUR	https://www.pmepensioen.nl/en/investments/we-do-invest-in
PME pensioenfonds	Chubb Ltd	United States	Financial	Shares	2026-04-30	44.709.155	x1	EUR	https://www.pmepensioen.nl/en/investments/we-do-invest-in
PME pensioenfonds	Chugai Pharmaceutical Co Ltd	Japan	Consumer, non-cyclical	Shares	2026-04-30	9.038.324	x1	EUR	https://www.pmepensioen.nl/en/investments/we-do-invest-in
PME pensioenfonds	Chunghwa Telecom Co Ltd	Taiwan	Communications	Shares	2026-04-30	9.326.213	x1	EUR	https://www.pmepensioen.nl/en/investments/we-do-invest-in
PME pensioenfonds	Church & Dwight Co Inc	United States	Consumer, non-cyclical	Shares	2026-04-30	4.469.916	x1	EUR	https://www.pmepensioen.nl/en/investments/we-do-invest-in
PME pensioenfonds	Cia de Minas Buenaventura SAA	Peru	Basic materials	Shares	2026-04-30	3.218.639	x1	EUR	https://www.pmepensioen.nl/en/investments/we-do-invest-in
PME pensioenfonds	Cia de Saneamento Basico do Estado de Sao Paulo	Brazil	Utilities	Shares	2026-04-30	8.321.835	x1	EUR	https://www.pmepensioen.nl/en/investments/we-do-invest-in
PME pensioenfonds	Cia Energetica de Minas Gerais	Brazil	Utilities	Shares	2026-04-30	2.593.669	x1	EUR	https://www.pmepensioen.nl/en/investments/we-do-invest-in
PME pensioenfonds	Cia Paranaense de Energia - Copel	Brazil	Utilities	Shares	2026-04-30	2.035.466	x1	EUR	https://www.pmepensioen.nl/en/investments/we-do-invest-in
PME pensioenfonds	Cie de Saint-Gobain SA	France	Industrial	Shares	2026-04-30	14.458.633	x1	EUR	https://www.pmepensioen.nl/en/investments/we-do-invest-in
PME pensioenfonds	Cie de Saint-Gobain SA	France	Industrial	Corporate bonds	2026-04-30	50.691.161	x1	EUR	https://www.pmepensioen.nl/en/investments/we-do-invest-in
PME pensioenfonds	Cie Generale des Etablissements Michelin	France	Consumer, cyclical	Shares	2026-04-30	2.635.623	x1	EUR	https://www.pmepensioen.nl/en/investments/we-do-invest-in
PME pensioenfonds	Ciena Corp	United States	Communications	Corporate bonds	2026-04-30	9.268.143	x1	EUR	https://www.pmepensioen.nl/en/investments/we-do-invest-in
PME pensioenfonds	Cigna Group/The	United States	Consumer, non-cyclical	Shares	2026-04-30	14.289.021	x1	EUR	https://www.pmepensioen.nl/en/investments/we-do-invest-in
PME pensioenfonds	CIMB Group Holdings Bhd	Malaysia	Financial	Shares	2026-04-30	8.051.183	x1	EUR	https://www.pmepensioen.nl/en/investments/we-do-invest-in
PME pensioenfonds	Cimpress PLC	Ireland	Consumer, non-cyclical	Corporate bonds	2026-04-30	3.313.888	x1	EUR	https://www.pmepensioen.nl/en/investments/we-do-invest-in
PME pensioenfonds	Cincinnati Financial Corp	United States	Financial	Shares	2026-04-30	4.796.703	x1	EUR	https://www.pmepensioen.nl/en/investments/we-do-invest-in
PME pensioenfonds	Cinemark USA Inc	United States	Consumer, cyclical	Corporate bonds	2026-04-30	6.774.686	x1	EUR	https://www.pmepensioen.nl/en/investments/we-do-invest-in
PME pensioenfonds	Cintas Corp	United States	Consumer, non-cyclical	Shares	2026-04-30	12.144.405	x1	EUR	https://www.pmepensioen.nl/en/investments/we-do-invest-in
PME pensioenfonds	Cipla Ltd/India	India	Consumer, non-cyclical	Shares	2026-04-30	4.059.917	x1	EUR	https://www.pmepensioen.nl/en/investments/we-do-invest-in
PME pensioenfonds	Cisco Systems Inc	United States	Communications	Shares	2026-04-30	61.018.454	x1	EUR	https://www.pmepensioen.nl/en/investments/we-do-invest-in
PME pensioenfonds	Citigroup Inc	United States	Financial	Shares	2026-04-30	42.196.847	x1	EUR	https://www.pmepensioen.nl/en/investments/we-do-invest-in
PME pensioenfonds	Citigroup Inc	United States	Financial	Corporate bonds	2026-04-30	11.716.993	x1	EUR	https://www.pmepensioen.nl/en/investments/we-do-invest-in
PME pensioenfonds	Citizens Financial Group Inc	United States	Financial	Shares	2026-04-30	5.105.830	x1	EUR	https://www.pmepensioen.nl/en/investments/we-do-invest-in
PME pensioenfonds	Citycon Oyj	Finland	Financial	Corporate bonds	2026-04-30	2.040.159	x1	EUR	https://www.pmepensioen.nl/en/investments/we-do-invest-in
PME pensioenfonds	Citycon Treasury BV	Finland	Financial	Corporate bonds	2026-04-30	1.290.522	x1	EUR	https://www.pmepensioen.nl/en/investments/we-do-invest-in
PME pensioenfonds	CK Hutchison Holdings Ltd	United Kingdom	Consumer, cyclical	Shares	2026-04-30	5.057.110	x1	EUR	https://www.pmepensioen.nl/en/investments/we-do-invest-in
PME pensioenfonds	Clarivate Science Holdings Corp	United States	Consumer, non-cyclical	Corporate bonds	2026-04-30	12.551.500	x1	EUR	https://www.pmepensioen.nl/en/investments/we-do-invest-in
PME pensioenfonds	Clean Harbors Inc	United States	Industrial	Corporate bonds	2026-04-30	5.321.601	x1	EUR	https://www.pmepensioen.nl/en/investments/we-do-invest-in
PME pensioenfonds	Clear Channel Outdoor Holdings Inc	United States	Communications	Corporate bonds	2026-04-30	3.046.324	x1	EUR	https://www.pmepensioen.nl/en/investments/we-do-invest-in
PME pensioenfonds	Clearstream Europe AG	Germany	Financial	Corporate bonds	2026-04-30	10.621.449	x1	EUR	https://www.pmepensioen.nl/en/investments/we-do-invest-in
PME pensioenfonds	Clearway Energy Operating LLC	United States	Utilities	Corporate bonds	2026-04-30	12.763.377	x1	EUR	https://www.pmepensioen.nl/en/investments/we-do-invest-in
PME pensioenfonds	Clicks Group Ltd	South Africa	Consumer, cyclical	Shares	2026-04-30	1.970.255	x1	EUR	https://www.pmepensioen.nl/en/investments/we-do-invest-in
PME pensioenfonds	Clorox Co/The	United States	Consumer, non-cyclical	Shares	2026-04-30	2.396.927	x1	EUR	https://www.pmepensioen.nl/en/investments/we-do-invest-in
PME pensioenfonds	Cloud Music Inc	China	Consumer, cyclical	Shares	2026-04-30	553.357	x1	EUR	https://www.pmepensioen.nl/en/investments/we-do-invest-in
PME pensioenfonds	Cloudflare Inc	United States	Technology	Shares	2026-04-30	12.410.844	x1	EUR	https://www.pmepensioen.nl/en/investments/we-do-invest-in
PME pensioenfonds	Cloverie PLC for Zurich Insurance Co Ltd	Switzerland	Financial	Corporate bonds	2026-04-30	10.443.829	x1	EUR	https://www.pmepensioen.nl/en/investments/we-do-invest-in
PME pensioenfonds	Clue Opco LLC	United States	Diversified	Corporate bonds	2026-04-30	2.630.815	x1	EUR	https://www.pmepensioen.nl/en/investments/we-do-invest-in
PME pensioenfonds	CME Group Inc	United States	Financial	Shares	2026-04-30	21.053.108	x1	EUR	https://www.pmepensioen.nl/en/investments/we-do-invest-in
PME pensioenfonds	CMOC Group Ltd	China	Basic materials	Shares	2026-04-30	6.150.666	x1	EUR	https://www.pmepensioen.nl/en/investments/we-do-invest-in
PME pensioenfonds	CMS Energy Corp	United States	Utilities	Shares	2026-04-30	4.441.290	x1	EUR	https://www.pmepensioen.nl/en/investments/we-do-invest-in
PME pensioenfonds	CNH Industrial Finance Europe SA	United States	Industrial	Corporate bonds	2026-04-30	3.950.342	x1	EUR	https://www.pmepensioen.nl/en/investments/we-do-invest-in
PME pensioenfonds	CNH Industrial NV	United States	Industrial	Shares	2026-04-30	1.835.860	x1	EUR	https://www.pmepensioen.nl/en/investments/we-do-invest-in
PME pensioenfonds	CNH Industrial NV	United States	Industrial	Corporate bonds	2026-04-30	12.023.856	x1	EUR	https://www.pmepensioen.nl/en/investments/we-do-invest-in
PME pensioenfonds	Coca-Cola Co/The	United States	Consumer, non-cyclical	Shares	2026-04-30	61.461.429	x1	EUR	https://www.pmepensioen.nl/en/investments/we-do-invest-in
PME pensioenfonds	Coca-Cola Co/The	United States	Consumer, non-cyclical	Corporate bonds	2026-04-30	66.520.859	x1	EUR	https://www.pmepensioen.nl/en/investments/we-do-invest-in
PME pensioenfonds	Coca-Cola Europecific Partners PLC	United Kingdom	Consumer, non-cyclical	Corporate bonds	2026-04-30	64.923.196	x1	EUR	https://www.pmepensioen.nl/en/investments/we-do-invest-in
PME pensioenfonds	Coca-Cola Europecific Partners PLC	United Kingdom	Consumer, non-cyclical	Shares	2026-04-30	2.456.400	x1	EUR	https://www.pmepensioen.nl/en/investments/we-do-invest-in
PME pensioenfonds	Coca-Cola Femsa SAB de CV	Mexico	Consumer, non-cyclical	Shares	2026-04-30	2.989.105	x1	EUR	https://www.pmepensioen.nl/en/investments/we-do-invest-in
PME pensioenfonds	Coca-Cola HBC AG	Italy	Consumer, non-cyclical	Shares	2026-04-30	1.423.141	x1	EUR	https://www.pmepensioen.nl/en/investments/we-do-invest-in
PME pensioenfonds	Coca-Cola HBC Finance BV	Italy	Consumer, non-cyclical	Corporate bonds	2026-04-30	40.763.964	x1	EUR	https://www.pmepensioen.nl/en/investments/we-do-invest-in
PME pensioenfonds	Cochlear Ltd	Australia	Consumer, non-cyclical	Shares	2026-04-30	1.858.763	x1	EUR	https://www.pmepensioen.nl/en/investments/we-do-invest-in
PME pensioenfonds	Electricite SA	France	Utilities	Corporate bonds	2026-04-30	9.307.577	x1	EUR	https://www.pmepensioen.nl/en/investments/we-do-invest-in
PME pensioenfonds	Cofinimmo SA	Belgium	Financial	Corporate bonds	2026-04-30	4.364.859	x1	EUR	https://www.pmepensioen.nl/en/investments/we-do-invest-in
PME pensioenfonds	Cofiroute SA	France	Consumer, non-cyclical	Corporate bonds	2026-04-30	3.838.380	x1	EUR	https://www.pmepensioen.nl/en/investments/we-do-invest-in
PME pensioenfonds	Cogent Communications Group Inc / Cogent Communications Finance Inc	United States	Communications	Corporate bonds	2026-04-30	3.510.547	x1	EUR	https://www.pmepensioen.nl/en/investments/we-do-invest-in
PME pensioenfonds	Cognizant Technology Solutions Corp	United States	Technology	Shares	2026-04-30	5.914.615	x1	EUR	https://www.pmepensioen.nl/en/investments/we-do-invest-in
PME pensioenfonds	Coherent Corp	United States	Industrial	Corporate bonds	2026-04-30	4.493.000	x1	EUR	https://www.pmepensioen.nl/en/investments/we-do-invest-in
PME pensioenfonds	Coherent Corp	United States	Industrial	Shares	2026-04-30	15.880.184	x1	EUR	https://www.pmepensioen.nl/en/investments/we-do-invest-in
PME pensioenfonds	Coles Group Ltd	Australia	Consumer, non-cyclical	Shares	2026-04-30	5.028.348	x1	EUR	https://www.pmepensioen.nl/en/investments/we-do-invest-in
PME pensioenfonds	Colgate-Palmolive Co	United States	Consumer, non-cyclical	Corporate bonds	2026-04-30	17.697.245	x1	EUR	https://www.pmepensioen.nl/en/investments/we-do-invest-in
PME pensioenfonds	Colgate-Palmolive Co	United States	Consumer, non-cyclical	Shares	2026-04-30	26.861.505	x1	EUR	https://www.pmepensioen.nl/en/investments/we-do-invest-in
PME pensioenfonds	Colgate-Palmolive India Ltd	India	Consumer, non-cyclical	Shares	2026-04-30	1.555.896	x1	EUR	https://www.pmepensioen.nl/en/investments/we-do-invest-in
PME pensioenfonds	Colonial SFL Socimi SA	Spain	Financial	Corporate bonds	2026-04-30	7.938.224	x1	EUR	https://www.pmepensioen.nl/en/investments/we-do-invest-in
PME pensioenfonds	Coloplast A/S	Denmark	Consumer, non-cyclical	Shares	2026-04-30	988.148	x1	EUR	https://www.pmepensioen.nl/en/investments/we-do-invest-in
PME pensioenfonds	Coloplast Finance BV	Denmark	Consumer, non-cyclical	Corporate bonds	2026-04-30	9.581.820	x1	EUR	https://www.pmepensioen.nl/en/investments/we-do-invest-in
PME pensioenfonds	Columbus McKinnon Corp/NY	United States	Industrial	Corporate bonds	2026-04-30	1.536.472	x1	EUR	https://www.pmepensioen.nl/en/investments/we-do-invest-in
PME pensioenfonds	Comcast Corp	United States	Communications	Shares	2026-04-30	21.364.755	x1	EUR	https://www.pmepensioen.nl/en/investments/we-do-invest-in
PME pensioenfonds	Comcast Corp	United States	Communications	Corporate bonds	2026-04-30	48.014.195	x1	EUR	https://www.pmepensioen.nl/en/investments/we-do-invest-in
PME pensioenfonds	Commercial International Bank Egypt SAE	Egypt	Financial	Shares	2026-04-30	3.196.374	x1	EUR	https://www.pmepensioen.nl/en/investments/we-do-invest-in
PME pensioenfonds	Commercial Metals Co	United States	Basic materials	Corporate bonds	2026-04-30	14.782.115	x1	EUR	https://www.pmepensioen.nl/en/investments/we-do-invest-in
PME pensioenfonds	Commerzbank AG	Germany	Financial	Corporate bonds	2026-04-30	17.396.870	x1	EUR	https://www.pmepensioen.nl/en/investments/we-do-invest-in
PME pensioenfonds	Commerzbank AG	Germany	Financial	Shares	2026-04-30	19.897.145	x1	EUR	https://www.pmepensioen.nl/en/investments/we-do-invest-in
PME pensioenfonds	Commonwealth Bank of Australia	Australia	Financial	Corporate bonds	2026-04-30	916.769	x1	EUR	https://www.pmepensioen.nl/en/investments/we-do-invest-in
PME pensioenfonds	Commonwealth Bank of Australia	Australia	Financial	Shares	2026-04-30	47.697.257	x1	EUR	https://www.pmepensioen.nl/en/investments/we-do-invest-in
PME pensioenfonds	Compal Electronics Inc	Taiwan	Technology	Shares	2026-04-30	1.602.989	x1	EUR	https://www.pmepensioen.nl/en/investments/we-do-invest-in
PME pensioenfonds	Compass Group Finance Netherlands BV	United Kingdom	Consumer, cyclical	Corporate bonds	2026-04-30	5.226.349	x1	EUR	https://www.pmepensioen.nl/en/investments/we-do-invest-in
PME pensioenfonds	Compass Group PLC	United Kingdom	Consumer, cyclical	Shares	2026-04-30	10.854.982	x1	EUR	https://www.pmepensioen.nl/en/investments/we-do-invest-in
PME pensioenfonds	Compass Group PLC	United Kingdom	Consumer, cyclical	Corporate bonds	2026-04-30	10.687.088	x1	EUR	https://www.pmepensioen.nl/en/investments/we-do-invest-in
PME pensioenfonds	Compass Minerals International Inc	United States	Basic materials	Corporate bonds	2026-04-30	5.923.155	x1	EUR	https://www.pmepensioen.nl/en/investments/we-do-invest-in
PME pensioenfonds	CompoSecure Holdings LLC	United States	Consumer, non-cyclical	Corporate bonds	2026-04-30	1.974.186	x1	EUR	https://www.pmepensioen.nl/en/investments/we-do-invest-in
PME pensioenfonds	Computershare Ltd	Australia	Financial	Shares	2026-04-30	2.568.533	x1	EUR	https://www.pmepensioen.nl/en/investments/we-do-invest-in
PME pensioenfonds	Computershare US Inc	Australia	Financial	Corporate bonds	2026-04-30	11.578.378	x1	EUR	https://www.pmepensioen.nl/en/investments/we-do-invest-in
PME pensioenfonds	Concentra Health Services Inc	United States	Consumer, non-cyclical	Corporate bonds	2026-04-30	6.005.289	x1	EUR	https://www.pmepensioen.nl/en/investments/we-do-invest-in
PME pensioenfonds	Connect Finco SARL / Connect US Finco LLC	United Kingdom	Communications	Corporate bonds	2026-04-30	1.967.300	x1	EUR	https://www.pmepensioen.nl/en/investments/we-do-invest-in
PME pensioenfonds	Consolidated Edison Inc	United States	Utilities	Shares	2026-04-30	7.998.531	x1	EUR	https://www.pmepensioen.nl/en/investments/we-do-invest-in
PME pensioenfonds	Constellation Brands Inc	United States	Consumer, non-cyclical	Shares	2026-04-30	4.746.311	x1	EUR	https://www.pmepensioen.nl/en/investments/we-do-invest-in
PME pensioenfonds	Constellation Software Inc/Canada	Canada	Technology	Shares	2026-04-30	6.935.892	x1	EUR	https://www.pmepensioen.nl/en/investments/we-do-invest-in
PME pensioenfonds	Constellium SE	United States	Basic materials	Corporate bonds	2026-04-30	13.063.186	x1	EUR	https://www.pmepensioen.nl/en/investments/we-do-invest-in
PME pensioenfonds	Contact Energy Ltd	New Zealand	Utilities	Shares	2026-04-30	1.092.657	x1	EUR	https://www.pmepensioen.nl/en/investments/we-do-invest-in
PME pensioenfonds	Contemporary Amperex Technology Co Ltd	China	Consumer, cyclical	Shares	2026-04-30	12.132.302	x1	EUR	https://www.pmepensioen.nl/en/investments/we-do-invest-in
PME pensioenfonds	Continental AG	Germany	Consumer, cyclical	Shares	2026-04-30	888.934	x1	EUR	https://www.pmepensioen.nl/en/investments/we-do-invest-in
PME pensioenfonds	ContourGlobal Power Holdings SA	Spain	Utilities	Corporate bonds	2026-04-30	1.380.974	x1	EUR	https://www.pmepensioen.nl/en/investments/we-do-invest-in
PME pensioenfonds	Cooper Cos Inc/The	United States	Consumer, non-cyclical	Shares	2026-04-30	2.724.409	x1	EUR	https://www.pmepensioen.nl/en/investments/we-do-invest-in
PME pensioenfonds	Cooperatieve Rabobank UA	Netherlands	Financial	Corporate bonds	2026-04-30	15.348.758	x1	EUR	https://www.pmepensioen.nl/en/investments/we-do-invest-in
PME pensioenfonds	Copart Inc	United States	Consumer, cyclical	Shares	2026-04-30	5.928.946	x1	EUR	https://www.pmepensioen.nl/en/investments/we-do-invest-in
PME pensioenfonds	Corebridge Financial Inc	United States	Financial	Shares	2026-04-30	1.172.085	x1	EUR	https://www.pmepensioen.nl/en/investments/we-do-invest-in
PME pensioenfonds	CoreWeave Inc	United States	Technology	Corporate bonds	2026-04-30	8.213.217	x1	EUR	https://www.pmepensioen.nl/en/investments/we-do-invest-in
PME pensioenfonds	Corning Inc	United States	Communications	Corporate bonds	2026-04-30	6.187.000	x1	EUR	https://www.pmepensioen.nl/en/investments/we-do-invest-in
PME pensioenfonds	Coromandel International Ltd	India	Basic materials	Shares	2026-04-30	1.055.448	x1	EUR	https://www.pmepensioen.nl/en/investments/we-do-invest-in
PME pensioenfonds	Corpay Inc	United States	Consumer, non-cyclical	Shares	2026-04-30	3.715.540	x1	EUR	https://www.pmepensioen.nl/en/investments/we-do-invest-in
PME pensioenfonds	Costco Wholesale Corp	United States	Consumer, cyclical	Shares	2026-04-30	100.798.381	x1	EUR	https://www.pmepensioen.nl/en/investments/we-do-invest-in
PME pensioenfonds	CP ALL PCL	Thailand	Consumer, cyclical	Shares	2026-04-30	4.299.598	x1	EUR	https://www.pmepensioen.nl/en/investments/we-do-invest-in
PME pensioenfonds	CPFL Energia SA	Brazil	Utilities	Shares	2026-04-30	1.486.294	x1	EUR	https://www.pmepensioen.nl/en/investments/we-do-invest-in
PME pensioenfonds	Credicorp Ltd	Peru	Financial	Shares	2026-04-30	12.458.580	x1	EUR	https://www.pmepensioen.nl/en/investments/we-do-invest-in
PME pensioenfonds	Credit Agricole SA	France	Financial	Shares	2026-04-30	2.287.532	x1	EUR	https://www.pmepensioen.nl/en/investments/we-do-invest-in
PME pensioenfonds	Credit Agricole SA	France	Financial	Shares	2026-04-30	2.287.532	x1	EUR	https://www.pmepensioen.nl/en/investments/we-do-invest-in
PME pensioenfonds	Credit Mutuel Arkea SA	France	Financial	Corporate bonds	2026-04-30	11.268.845	x1	EUR	https://www.pmepensioen.nl/en/investments/we-do-invest-in
PME pensioenfonds	Crelan SA	Belgium	Financial	Corporate bonds	2026-04-30	12.262.318	x1	EUR	https://www.pmepensioen.nl/en/investments/we-do-invest-in
PME pensioenfonds	CRH Funding BV	United States	Industrial	Corporate bonds	2026-04-30	1.076.823	x1	EUR	https://www.pmepensioen.nl/en/investments/we-do-invest-in
PME pensioenfonds	CRH PLC	United States	Industrial	Shares	2026-04-30	20.433.806	x1	EUR	https://www.pmepensioen.nl/en/investments/we-do-invest-in
PME pensioenfonds	CRH SMW Finance DAC	United States	Industrial	Corporate bonds	2026-04-30	45.922.234	x1	EUR	https://www.pmepensioen.nl/en/investments/we-do-invest-in
PME pensioenfonds	Croda International PLC	United Kingdom	Basic materials	Shares	2026-04-30	6.249.706	x1	EUR	https://www.pmepensioen.nl/en/investments/we-do-invest-in
PME pensioenfonds	Crowdstrike Holdings Inc	United States	Technology	Shares	2026-04-30	20.301.862	x1	EUR	https://www.pmepensioen.nl/en/investments/we-do-invest-in
PME pensioenfonds	Crowdstrike Holdings Inc	United States	Technology	Corporate bonds	2026-04-30	712.855	x1	EUR	https://www.pmepensioen.nl/en/investments/we-do-invest-in
PME pensioenfonds	Crown Americas LLC	United States	Industrial	Corporate bonds	2026-04-30	11.977.212	x1	EUR	https://www.pmepensioen.nl/en/investments/we-do-invest-in
PME pensioenfonds	Crown European Holdings SA	United States	Industrial	Corporate bonds	2026-04-30	37.826.861	x1	EUR	https://www.pmepensioen.nl/en/investments/we-do-invest-in
PME pensioenfonds	CSL Ltd	Australia	Consumer, non-cyclical	Shares	2026-04-30	11.614.789	x1	EUR	https://www.pmepensioen.nl/en/investments/we-do-invest-in
PME pensioenfonds	CSPC Innovation Pharmaceutical Co Ltd	China	Consumer, non-cyclical	Shares	2026-04-30	315.220	x1	EUR	https://www.pmepensioen.nl/en/investments/we-do-invest-in
PME pensioenfonds	CSPC Pharmaceutical Group Ltd	China	Consumer, non-cyclical	Shares	2026-04-30	5.183.882	x1	EUR	https://www.pmepensioen.nl/en/investments/we-do-invest-in
PME pensioenfonds	CTBC Financial Holding Co Ltd	Taiwan	Financial	Shares	2026-04-30	14.780.354	x1	EUR	https://www.pmepensioen.nl/en/investments/we-do-invest-in
PME pensioenfonds	CTR Partnership LP / CareTrust Capital Corp	United States	Financial	Corporate bonds	2026-04-30	424.921	x1	EUR	https://www.pmepensioen.nl/en/investments/we-do-invest-in
PME pensioenfonds	CTS Eventim AG & Co KGaA	Germany	Consumer, cyclical	Shares	2026-04-30	416.250	x1	EUR	https://www.pmepensioen.nl/en/investments/we-do-invest-in
PME pensioenfonds	Cummins Inc	United States	Consumer, cyclical	Shares	2026-04-30	14.652.897	x1	EUR	https://www.pmepensioen.nl/en/investments/we-do-invest-in
PME pensioenfonds	Cummins India Ltd	India	Industrial	Shares	2026-04-30	3.696.816	x1	EUR	https://www.pmepensioen.nl/en/investments/we-do-invest-in
PME pensioenfonds	CVS Health Corp	United States	Consumer, non-cyclical	Shares	2026-04-30	17.937.422	x1	EUR	https://www.pmepensioen.nl/en/investments/we-do-invest-in
PME pensioenfonds	Cyprium Corp / Cyprium Holdings Luxembourg Sarl	United States	Consumer, cyclical	Corporate bonds	2026-04-30	1.681.587	x1	EUR	https://www.pmepensioen.nl/en/investments/we-do-invest-in
PME pensioenfonds	ieteren Group	Belgium	Consumer, cyclical	Shares	2026-04-30	460.678	x1	EUR	https://www.pmepensioen.nl/en/investments/we-do-invest-in
PME pensioenfonds	Dabur India Ltd	India	Consumer, non-cyclical	Shares	2026-04-30	1.020.838	x1	EUR	https://www.pmepensioen.nl/en/investments/we-do-invest-in
PME pensioenfonds	Dai Nippon Printing Co Ltd	Japan	Consumer, non-cyclical	Shares	2026-04-30	1.721.456	x1	EUR	https://www.pmepensioen.nl/en/investments/we-do-invest-in
PME pensioenfonds	Daifuku Co Ltd	Japan	Industrial	Shares	2026-04-30	2.736.091	x1	EUR	https://www.pmepensioen.nl/en/investments/we-do-invest-in
PME pensioenfonds	Daiichi Life Group Inc	Japan	Financial	Shares	2026-04-30	7.770.001	x1	EUR	https://www.pmepensioen.nl/en/investments/we-do-invest-in
PME pensioenfonds	Daiichi Sankyo Co Ltd	Japan	Consumer, non-cyclical	Shares	2026-04-30	7.425.655	x1	EUR	https://www.pmepensioen.nl/en/investments/we-do-invest-in
PME pensioenfonds	Daimler International Finance BV	Germany	Consumer, cyclical	Corporate bonds	2026-04-30	38.732.846	x1	EUR	https://www.pmepensioen.nl/en/investments/we-do-invest-in
PME pensioenfonds	Daimler Truck Holding AG	Germany	Consumer, cyclical	Shares	2026-04-30	2.671.580	x1	EUR	https://www.pmepensioen.nl/en/investments/we-do-invest-in
PME pensioenfonds	Daimler Truck International Finance BV	Germany	Consumer, cyclical	Corporate bonds	2026-04-30	27.263.297	x1	EUR	https://www.pmepensioen.nl/en/investments/we-do-invest-in
PME pensioenfonds	Daiwa Securities Group Inc	Japan	Financial	Shares	2026-04-30	3.052.959	x1	EUR	https://www.pmepensioen.nl/en/investments/we-do-invest-in
PME pensioenfonds	Danaher Corp	United States	Consumer, non-cyclical	Corporate bonds	2026-04-30	5.642.847	x1	EUR	https://www.pmepensioen.nl/en/investments/we-do-invest-in
PME pensioenfonds	Danaher Corp	United States	Consumer, non-cyclical	Shares	2026-04-30	57.312.450	x1	EUR	https://www.pmepensioen.nl/en/investments/we-do-invest-in
PME pensioenfonds	Danone SA	France	Consumer, non-cyclical	Shares	2026-04-30	32.497.197	x1	EUR	https://www.pmepensioen.nl/en/investments/we-do-invest-in
PME pensioenfonds	Danone SA	France	Consumer, non-cyclical	Corporate bonds	2026-04-30	37.475.370	x1	EUR	https://www.pmepensioen.nl/en/investments/we-do-invest-in
PME pensioenfonds	Danske Bank A/S	Denmark	Financial	Shares	2026-04-30	3.908.697	x1	EUR	https://www.pmepensioen.nl/en/investments/we-do-invest-in
PME pensioenfonds	Danske Bank A/S	Denmark	Financial	Corporate bonds	2026-04-30	28.315.796	x1	EUR	https://www.pmepensioen.nl/en/investments/we-do-invest-in
PME pensioenfonds	Darling Global Finance BV	United States	Consumer, non-cyclical	Corporate bonds	2026-04-30	12.057.273	x1	EUR	https://www.pmepensioen.nl/en/investments/we-do-invest-in
PME pensioenfonds	Darling Ingredients Inc	United States	Consumer, non-cyclical	Corporate bonds	2026-04-30	10.580.516	x1	EUR	https://www.pmepensioen.nl/en/investments/we-do-invest-in
PME pensioenfonds	Dassault Systemes SE	France	Technology	Corporate bonds	2026-04-30	7.403.204	x1	EUR	https://www.pmepensioen.nl/en/investments/we-do-invest-in
PME pensioenfonds	Dassault Systemes SE	France	Technology	Corporate bonds	2026-04-30	7.403.204	x1	EUR	https://www.pmepensioen.nl/en/investments/we-do-invest-in
PME pensioenfonds	Datadog Inc	United States	Technology	Shares	2026-04-30	6.652.069	x1	EUR	https://www.pmepensioen.nl/en/investments/we-do-invest-in
PME pensioenfonds	DaVita Inc	United States	Consumer, non-cyclical	Corporate bonds	2026-04-30	12.853.787	x1	EUR	https://www.pmepensioen.nl/en/investments/we-do-invest-in
PME pensioenfonds	DB Insurance Co Ltd	Korea	Financial	Shares	2026-04-30	2.595.064	x1	EUR	https://www.pmepensioen.nl/en/investments/we-do-invest-in
PME pensioenfonds	DBS Bank Ltd	Singapore	Financial	Corporate bonds	2026-04-30	904.828	x1	EUR	https://www.pmepensioen.nl/en/investments/we-do-invest-in
PME pensioenfonds	DBS Group Holdings Ltd	Singapore	Financial	Shares	2026-04-30	23.314.646	x1	EUR	https://www.pmepensioen.nl/en/investments/we-do-invest-in
PME pensioenfonds	Deere & Co	United States	Industrial	Shares	2026-04-30	55.268.618	x1	EUR	https://www.pmepensioen.nl/en/investments/we-do-invest-in
PME pensioenfonds	Delivery Hero SE	Korea	Communications	Shares	2026-04-30	387.532	x1	EUR	https://www.pmepensioen.nl/en/investments/we-do-invest-in
PME pensioenfonds	Dell Bank International DAC	Ireland	Technology	Corporate bonds	2026-04-30	4.951.116	x1	EUR	https://www.pmepensioen.nl/en/investments/we-do-invest-in
PME pensioenfonds	Dell Technologies Inc	United States	Technology	Shares	2026-04-30	10.329.278	x1	EUR	https://www.pmepensioen.nl/en/investments/we-do-invest-in
PME pensioenfonds	Delta Air Lines Inc	United States	Consumer, cyclical	Shares	2026-04-30	2.069.004	x1	EUR	https://www.pmepensioen.nl/en/investments/we-do-invest-in
PME pensioenfonds	Delta Electronics Inc	Taiwan	Industrial	Shares	2026-04-30	35.627.792	x1	EUR	https://www.pmepensioen.nl/en/investments/we-do-invest-in
PME pensioenfonds	Delta Electronics Thailand PCL	Thailand	Industrial	Shares	2026-04-30	10.630.724	x1	EUR	https://www.pmepensioen.nl/en/investments/we-do-invest-in
PME pensioenfonds	Demant A/S	Denmark	Consumer, non-cyclical	Shares	2026-04-30	286.343	x1	EUR	https://www.pmepensioen.nl/en/investments/we-do-invest-in
PME pensioenfonds	Denso Corp	Japan	Consumer, cyclical	Shares	2026-04-30	5.754.205	x1	EUR	https://www.pmepensioen.nl/en/investments/we-do-invest-in
PME pensioenfonds	Descartes Systems Group Inc/The	Canada	Technology	Shares	2026-04-30	4.423.166	x1	EUR	https://www.pmepensioen.nl/en/investments/we-do-invest-in
PME pensioenfonds	Deuce Finco Plc	United Kingdom	Consumer, cyclical	Corporate bonds	2026-04-30	1.438.062	x1	EUR	https://www.pmepensioen.nl/en/investments/we-do-invest-in
PME pensioenfonds	Deutsche Bahn AG	Germany	Industrial	Corporate bonds	2026-04-30	37.369.253	x1	EUR	https://www.pmepensioen.nl/en/investments/we-do-invest-in
PME pensioenfonds	Deutsche Bank AG	Germany	Financial	Corporate bonds	2026-04-30	28.122.575	x1	EUR	https://www.pmepensioen.nl/en/investments/we-do-invest-in
PME pensioenfonds	Deutsche Bank AG	Germany	Financial	Shares	2026-04-30	6.349.373	x1	EUR	https://www.pmepensioen.nl/en/investments/we-do-invest-in
PME pensioenfonds	Deutsche Boerse AG	Germany	Financial	Corporate bonds	2026-04-30	46.448.168	x1	EUR	https://www.pmepensioen.nl/en/investments/we-do-invest-in
PME pensioenfonds	Deutsche Boerse AG	Germany	Financial	Shares	2026-04-30	19.742.235	x1	EUR	https://www.pmepensioen.nl/en/investments/we-do-invest-in
PME pensioenfonds	Deutsche Lufthansa AG	Germany	Consumer, cyclical	Corporate bonds	2026-04-30	5.319.839	x1	EUR	https://www.pmepensioen.nl/en/investments/we-do-invest-in
PME pensioenfonds	Deutsche Lufthansa AG	Germany	Consumer, cyclical	Shares	2026-04-30	577.299	x1	EUR	https://www.pmepensioen.nl/en/investments/we-do-invest-in
PME pensioenfonds	Deutsche Post AG	Germany	Industrial	Shares	2026-04-30	5.829.493	x1	EUR	https://www.pmepensioen.nl/en/investments/we-do-invest-in
PME pensioenfonds	Deutsche Telekom AG	Germany	Communications	Shares	2026-04-30	29.075.043	x1	EUR	https://www.pmepensioen.nl/en/investments/we-do-invest-in
PME pensioenfonds	Deutsche Telekom AG	Germany	Communications	Corporate bonds	2026-04-30	12.651.133	x1	EUR	https://www.pmepensioen.nl/en/investments/we-do-invest-in
PME pensioenfonds	DexCom Inc	United States	Consumer, non-cyclical	Shares	2026-04-30	9.784.417	x1	EUR	https://www.pmepensioen.nl/en/investments/we-do-invest-in
PME pensioenfonds	DH Europe Finance II Sarl	United States	Consumer, non-cyclical	Corporate bonds	2026-04-30	31.473.167	x1	EUR	https://www.pmepensioen.nl/en/investments/we-do-invest-in
PME pensioenfonds	Diageo Capital BV	United Kingdom	Consumer, non-cyclical	Corporate bonds	2026-04-30	6.741.657	x1	EUR	https://www.pmepensioen.nl/en/investments/we-do-invest-in
PME pensioenfonds	Diageo Finance PLC	United Kingdom	Consumer, non-cyclical	Corporate bonds	2026-04-30	18.692.577	x1	EUR	https://www.pmepensioen.nl/en/investments/we-do-invest-in
PME pensioenfonds	Diageo PLC	United Kingdom	Consumer, non-cyclical	Shares	2026-04-30	4.823.702	x1	EUR	https://www.pmepensioen.nl/en/investments/we-do-invest-in
PME pensioenfonds	s Sporting Goods Inc	United States	Consumer, cyclical	Shares	2026-04-30	2.130.215	x1	EUR	https://www.pmepensioen.nl/en/investments/we-do-invest-in
PME pensioenfonds	Digital Dutch Finco BV	United States	Financial	Corporate bonds	2026-04-30	22.273.583	x1	EUR	https://www.pmepensioen.nl/en/investments/we-do-invest-in
PME pensioenfonds	Digital Euro Finco LLC	United States	Financial	Corporate bonds	2026-04-30	5.387.498	x1	EUR	https://www.pmepensioen.nl/en/investments/we-do-invest-in
PME pensioenfonds	Digital Intrepid Holding BV	United States	Financial	Corporate bonds	2026-04-30	10.399.561	x1	EUR	https://www.pmepensioen.nl/en/investments/we-do-invest-in
PME pensioenfonds	Dino Polska SA	Poland	Consumer, non-cyclical	Shares	2026-04-30	2.507.661	x1	EUR	https://www.pmepensioen.nl/en/investments/we-do-invest-in
PME pensioenfonds	Disco Corp	Japan	Technology	Shares	2026-04-30	8.786.586	x1	EUR	https://www.pmepensioen.nl/en/investments/we-do-invest-in
PME pensioenfonds	Discovery Communications LLC	United States	Communications	Corporate bonds	2026-04-30	5.634.133	x1	EUR	https://www.pmepensioen.nl/en/investments/we-do-invest-in
PME pensioenfonds	Discovery Ltd	South Africa	Financial	Shares	2026-04-30	4.301.412	x1	EUR	https://www.pmepensioen.nl/en/investments/we-do-invest-in
PME pensioenfonds	s Laboratories Ltd	India	Consumer, non-cyclical	Shares	2026-04-30	4.282.929	x1	EUR	https://www.pmepensioen.nl/en/investments/we-do-invest-in
PME pensioenfonds	Dixon Technologies India Ltd	India	Industrial	Shares	2026-04-30	2.244.220	x1	EUR	https://www.pmepensioen.nl/en/investments/we-do-invest-in
PME pensioenfonds	DNB Bank ASA	Norway	Financial	Corporate bonds	2026-04-30	36.352.993	x1	EUR	https://www.pmepensioen.nl/en/investments/we-do-invest-in
PME pensioenfonds	DNB Bank ASA	Norway	Financial	Shares	2026-04-30	3.258.560	x1	EUR	https://www.pmepensioen.nl/en/investments/we-do-invest-in
PME pensioenfonds	Dollar Tree Inc	United States	Consumer, cyclical	Shares	2026-04-30	4.393.326	x1	EUR	https://www.pmepensioen.nl/en/investments/we-do-invest-in
PME pensioenfonds	Dometic Group AB	Sweden	Consumer, cyclical	Corporate bonds	2026-04-30	3.053.792	x1	EUR	https://www.pmepensioen.nl/en/investments/we-do-invest-in
PME pensioenfonds	DoorDash Inc	United States	Communications	Shares	2026-04-30	10.709.101	x1	EUR	https://www.pmepensioen.nl/en/investments/we-do-invest-in
PME pensioenfonds	Doosan Enerbility Co Ltd	Korea	Industrial	Shares	2026-04-30	14.899.259	x1	EUR	https://www.pmepensioen.nl/en/investments/we-do-invest-in
PME pensioenfonds	Dover Corp	United States	Industrial	Corporate bonds	2026-04-30	34.084.989	x1	EUR	https://www.pmepensioen.nl/en/investments/we-do-invest-in
PME pensioenfonds	Dover Corp	United States	Industrial	Shares	2026-04-30	5.615.052	x1	EUR	https://www.pmepensioen.nl/en/investments/we-do-invest-in
PME pensioenfonds	DR Horton Inc	United States	Consumer, cyclical	Shares	2026-04-30	17.409.028	x1	EUR	https://www.pmepensioen.nl/en/investments/we-do-invest-in
PME pensioenfonds	Dr Ing hc F Porsche AG	Germany	Consumer, cyclical	Shares	2026-04-30	592.337	x1	EUR	https://www.pmepensioen.nl/en/investments/we-do-invest-in
PME pensioenfonds	s Laboratories Ltd	India	Consumer, non-cyclical	Shares	2026-04-30	4.102.639	x1	EUR	https://www.pmepensioen.nl/en/investments/we-do-invest-in
PME pensioenfonds	Dr Sulaiman Al Habib Medical Services Group Co	Saudi Arabia	Consumer, non-cyclical	Shares	2026-04-30	3.310.807	x1	EUR	https://www.pmepensioen.nl/en/investments/we-do-invest-in
PME pensioenfonds	DSM BV	Netherlands	Basic materials	Corporate bonds	2026-04-30	9.959.890	x1	EUR	https://www.pmepensioen.nl/en/investments/we-do-invest-in
PME pensioenfonds	DSV A/S	Denmark	Industrial	Shares	2026-04-30	5.677.799	x1	EUR	https://www.pmepensioen.nl/en/investments/we-do-invest-in
PME pensioenfonds	DSV A/S	Denmark	Industrial	Corporate bonds	2026-04-30	3.522.705	x1	EUR	https://www.pmepensioen.nl/en/investments/we-do-invest-in
PME pensioenfonds	DSV Panalpina Finance BV	Denmark	Industrial	Corporate bonds	2026-04-30	20.619.787	x1	EUR	https://www.pmepensioen.nl/en/investments/we-do-invest-in
PME pensioenfonds	DTE Energy Co	United States	Utilities	Shares	2026-04-30	5.950.324	x1	EUR	https://www.pmepensioen.nl/en/investments/we-do-invest-in
PME pensioenfonds	Dufry One BV	Switzerland	Consumer, cyclical	Corporate bonds	2026-04-30	35.058.257	x1	EUR	https://www.pmepensioen.nl/en/investments/we-do-invest-in
PME pensioenfonds	Duke Energy Corp	United States	Utilities	Shares	2026-04-30	20.115.575	x1	EUR	https://www.pmepensioen.nl/en/investments/we-do-invest-in
PME pensioenfonds	DXC Capital Funding DAC	United States	Technology	Corporate bonds	2026-04-30	7.299.286	x1	EUR	https://www.pmepensioen.nl/en/investments/we-do-invest-in
PME pensioenfonds	Dye & Durham Ltd	Canada	Technology	Corporate bonds	2026-04-30	2.994.353	x1	EUR	https://www.pmepensioen.nl/en/investments/we-do-invest-in
PME pensioenfonds	Dynamo Newco II GmbH	Germany	Industrial	Corporate bonds	2026-04-30	3.130.241	x1	EUR	https://www.pmepensioen.nl/en/investments/we-do-invest-in
PME pensioenfonds	E Ink Holdings Inc	Taiwan	Industrial	Shares	2026-04-30	1.389.611	x1	EUR	https://www.pmepensioen.nl/en/investments/we-do-invest-in
PME pensioenfonds	E.ON SE	Germany	Utilities	Shares	2026-04-30	5.784.412	x1	EUR	https://www.pmepensioen.nl/en/investments/we-do-invest-in
PME pensioenfonds	E.ON SE	Germany	Utilities	Corporate bonds	2026-04-30	8.388.872	x1	EUR	https://www.pmepensioen.nl/en/investments/we-do-invest-in
PME pensioenfonds	E.Sun Financial Holding Co Ltd	Taiwan	Financial	Shares	2026-04-30	7.900.300	x1	EUR	https://www.pmepensioen.nl/en/investments/we-do-invest-in
PME pensioenfonds	East Japan Railway Co	Japan	Industrial	Shares	2026-04-30	5.153.611	x1	EUR	https://www.pmepensioen.nl/en/investments/we-do-invest-in
PME pensioenfonds	East Japan Railway Co	Japan	Industrial	Corporate bonds	2026-04-30	4.552.434	x1	EUR	https://www.pmepensioen.nl/en/investments/we-do-invest-in
PME pensioenfonds	East Money Information Co Ltd	China	Communications	Shares	2026-04-30	1.526.692	x1	EUR	https://www.pmepensioen.nl/en/investments/we-do-invest-in
PME pensioenfonds	easyJet FinCo BV	United Kingdom	Consumer, cyclical	Corporate bonds	2026-04-30	9.691.640	x1	EUR	https://www.pmepensioen.nl/en/investments/we-do-invest-in
PME pensioenfonds	easyJet PLC	United Kingdom	Consumer, cyclical	Corporate bonds	2026-04-30	3.392.837	x1	EUR	https://www.pmepensioen.nl/en/investments/we-do-invest-in
PME pensioenfonds	Eaton Capital ULC	United States	Industrial	Corporate bonds	2026-04-30	19.525.679	x1	EUR	https://www.pmepensioen.nl/en/investments/we-do-invest-in
PME pensioenfonds	Eaton Corp PLC	United States	Industrial	Shares	2026-04-30	37.715.218	x1	EUR	https://www.pmepensioen.nl/en/investments/we-do-invest-in
PME pensioenfonds	eBay Inc	United States	Communications	Shares	2026-04-30	8.250.258	x1	EUR	https://www.pmepensioen.nl/en/investments/we-do-invest-in
PME pensioenfonds	EC Finance PLC	United Kingdom	Consumer, non-cyclical	Corporate bonds	2026-04-30	1.939.705	x1	EUR	https://www.pmepensioen.nl/en/investments/we-do-invest-in
PME pensioenfonds	Ecolab Inc	United States	Basic materials	Shares	2026-04-30	40.771.109	x1	EUR	https://www.pmepensioen.nl/en/investments/we-do-invest-in
PME pensioenfonds	Ecovacs Robotics Co Ltd	China	Consumer, cyclical	Shares	2026-04-30	180.922	x1	EUR	https://www.pmepensioen.nl/en/investments/we-do-invest-in
PME pensioenfonds	Edenred SE	France	Consumer, non-cyclical	Corporate bonds	2026-04-30	12.946.862	x1	EUR	https://www.pmepensioen.nl/en/investments/we-do-invest-in
PME pensioenfonds	Edgewell Personal Care Co	United States	Consumer, non-cyclical	Corporate bonds	2026-04-30	6.832.863	x1	EUR	https://www.pmepensioen.nl/en/investments/we-do-invest-in
PME pensioenfonds	Edison International	United States	Utilities	Shares	2026-04-30	5.500.822	x1	EUR	https://www.pmepensioen.nl/en/investments/we-do-invest-in
PME pensioenfonds	EDP Finance BV	Portugal	Utilities	Corporate bonds	2026-04-30	8.288.468	x1	EUR	https://www.pmepensioen.nl/en/investments/we-do-invest-in
PME pensioenfonds	EDP Renovaveis SA	Spain	Utilities	Shares	2026-04-30	576.623	x1	EUR	https://www.pmepensioen.nl/en/investments/we-do-invest-in
PME pensioenfonds	EDP SA	Portugal	Utilities	Corporate bonds	2026-04-30	75.972.903	x1	EUR	https://www.pmepensioen.nl/en/investments/we-do-invest-in
PME pensioenfonds	EDP SA	Portugal	Utilities	Shares	2026-04-30	1.907.373	x1	EUR	https://www.pmepensioen.nl/en/investments/we-do-invest-in
PME pensioenfonds	EDP Servicios Financieros Espana SA	Portugal	Utilities	Corporate bonds	2026-04-30	20.023.331	x1	EUR	https://www.pmepensioen.nl/en/investments/we-do-invest-in
PME pensioenfonds	Edwards Lifesciences Corp	United States	Consumer, non-cyclical	Shares	2026-04-30	9.204.057	x1	EUR	https://www.pmepensioen.nl/en/investments/we-do-invest-in
PME pensioenfonds	Eicher Motors Ltd	India	Consumer, cyclical	Shares	2026-04-30	5.309.373	x1	EUR	https://www.pmepensioen.nl/en/investments/we-do-invest-in
PME pensioenfonds	Eiffage SA	France	Industrial	Shares	2026-04-30	1.208.547	x1	EUR	https://www.pmepensioen.nl/en/investments/we-do-invest-in
PME pensioenfonds	Eisai Co Ltd	Japan	Consumer, non-cyclical	Shares	2026-04-30	2.014.265	x1	EUR	https://www.pmepensioen.nl/en/investments/we-do-invest-in
PME pensioenfonds	Electricite de France SA	France	Utilities	Corporate bonds	2026-04-30	108.117.857	x1	EUR	https://www.pmepensioen.nl/en/investments/we-do-invest-in
PME pensioenfonds	Electronic Arts Inc	United States	Technology	Shares	2026-04-30	9.905.973	x1	EUR	https://www.pmepensioen.nl/en/investments/we-do-invest-in
PME pensioenfonds	Element Fleet Management Corp	Canada	Consumer, non-cyclical	Shares	2026-04-30	1.696.346	x1	EUR	https://www.pmepensioen.nl/en/investments/we-do-invest-in
PME pensioenfonds	Elevance Health Inc	United States	Consumer, non-cyclical	Shares	2026-04-30	13.094.477	x1	EUR	https://www.pmepensioen.nl/en/investments/we-do-invest-in
PME pensioenfonds	Eli Lilly & Co	United States	Consumer, non-cyclical	Shares	2026-04-30	204.942.989	x1	EUR	https://www.pmepensioen.nl/en/investments/we-do-invest-in
PME pensioenfonds	Eli Lilly & Co	United States	Consumer, non-cyclical	Corporate bonds	2026-04-30	30.658.582	x1	EUR	https://www.pmepensioen.nl/en/investments/we-do-invest-in
PME pensioenfonds	Elia Group SA/NV	Belgium	Utilities	Shares	2026-04-30	868.957	x1	EUR	https://www.pmepensioen.nl/en/investments/we-do-invest-in
PME pensioenfonds	Elia Group SA/NV	Belgium	Utilities	Corporate bonds	2026-04-30	8.154.978	x1	EUR	https://www.pmepensioen.nl/en/investments/we-do-invest-in
PME pensioenfonds	Elia Transmission Belgium SA	Belgium	Utilities	Corporate bonds	2026-04-30	15.201.454	x1	EUR	https://www.pmepensioen.nl/en/investments/we-do-invest-in
PME pensioenfonds	Elior Group SA	France	Consumer, cyclical	Corporate bonds	2026-04-30	4.294.417	x1	EUR	https://www.pmepensioen.nl/en/investments/we-do-invest-in
PME pensioenfonds	Elis SA	France	Consumer, non-cyclical	Corporate bonds	2026-04-30	1.962.155	x1	EUR	https://www.pmepensioen.nl/en/investments/we-do-invest-in
PME pensioenfonds	Elisa Oyj	Finland	Communications	Shares	2026-04-30	792.162	x1	EUR	https://www.pmepensioen.nl/en/investments/we-do-invest-in
PME pensioenfonds	Ellevio AB	Sweden	Utilities	Corporate bonds	2026-04-30	6.897.399	x1	EUR	https://www.pmepensioen.nl/en/investments/we-do-invest-in
PME pensioenfonds	ELM BV for Swiss Prime Site AG	Switzerland	Financial	Corporate bonds	2026-04-30	3.414.364	x1	EUR	https://www.pmepensioen.nl/en/investments/we-do-invest-in
PME pensioenfonds	Embraer SA	Brazil	Industrial	Shares	2026-04-30	5.796.157	x1	EUR	https://www.pmepensioen.nl/en/investments/we-do-invest-in
PME pensioenfonds	EMCOR Group Inc	United States	Industrial	Shares	2026-04-30	6.583.403	x1	EUR	https://www.pmepensioen.nl/en/investments/we-do-invest-in
PME pensioenfonds	eMemory Technology Inc	Taiwan	Technology	Shares	2026-04-30	2.356.129	x1	EUR	https://www.pmepensioen.nl/en/investments/we-do-invest-in
PME pensioenfonds	Emeria SASU	France	Financial	Corporate bonds	2026-04-30	3.314.891	x1	EUR	https://www.pmepensioen.nl/en/investments/we-do-invest-in
PME pensioenfonds	Emerson Electric Co	United States	Industrial	Shares	2026-04-30	14.608.696	x1	EUR	https://www.pmepensioen.nl/en/investments/we-do-invest-in
PME pensioenfonds	Emerson Electric Co	United States	Industrial	Corporate bonds	2026-04-30	8.734.110	x1	EUR	https://www.pmepensioen.nl/en/investments/we-do-invest-in
PME pensioenfonds	Empire Co Ltd	Canada	Consumer, non-cyclical	Shares	2026-04-30	928.701	x1	EUR	https://www.pmepensioen.nl/en/investments/we-do-invest-in
PME pensioenfonds	Empresas CMPC SA	Chile	Basic materials	Shares	2026-04-30	788.260	x1	EUR	https://www.pmepensioen.nl/en/investments/we-do-invest-in
PME pensioenfonds	Empresas COPEC SA	Chile	Energy	Shares	2026-04-30	1.493.614	x1	EUR	https://www.pmepensioen.nl/en/investments/we-do-invest-in
PME pensioenfonds	EMRLD Borrower LP / Emerald Co-Issuer Inc	United States	Industrial	Corporate bonds	2026-04-30	196.923	x1	EUR	https://www.pmepensioen.nl/en/investments/we-do-invest-in
PME pensioenfonds	EnBW International Finance BV	Germany	Utilities	Corporate bonds	2026-04-30	12.256.216	x1	EUR	https://www.pmepensioen.nl/en/investments/we-do-invest-in
PME pensioenfonds	Encompass Health Corp	United States	Consumer, non-cyclical	Corporate bonds	2026-04-30	10.485.275	x1	EUR	https://www.pmepensioen.nl/en/investments/we-do-invest-in
PME pensioenfonds	Endesa SA	Spain	Utilities	Shares	2026-04-30	1.539.389	x1	EUR	https://www.pmepensioen.nl/en/investments/we-do-invest-in
PME pensioenfonds	Enel Chile SA	Chile	Utilities	Shares	2026-04-30	797.640	x1	EUR	https://www.pmepensioen.nl/en/investments/we-do-invest-in
PME pensioenfonds	Enel Finance International NV	Italy	Utilities	Corporate bonds	2026-04-30	64.608.444	x1	EUR	https://www.pmepensioen.nl/en/investments/we-do-invest-in
PME pensioenfonds	Enel SpA	Italy	Utilities	Corporate bonds	2026-04-30	2.708.973	x1	EUR	https://www.pmepensioen.nl/en/investments/we-do-invest-in
PME pensioenfonds	Enel SpA	Italy	Utilities	Shares	2026-04-30	41.433.366	x1	EUR	https://www.pmepensioen.nl/en/investments/we-do-invest-in
PME pensioenfonds	Energisa S/A	Brazil	Utilities	Shares	2026-04-30	1.683.216	x1	EUR	https://www.pmepensioen.nl/en/investments/we-do-invest-in
PME pensioenfonds	Energizer Holdings Inc	United States	Industrial	Corporate bonds	2026-04-30	9.323.131	x1	EUR	https://www.pmepensioen.nl/en/investments/we-do-invest-in
PME pensioenfonds	EnerSys	United States	Industrial	Corporate bonds	2026-04-30	8.620.702	x1	EUR	https://www.pmepensioen.nl/en/investments/we-do-invest-in
PME pensioenfonds	Enexis Holding NV	Netherlands	Utilities	Corporate bonds	2026-04-30	18.298.111	x1	EUR	https://www.pmepensioen.nl/en/investments/we-do-invest-in
PME pensioenfonds	Engie Brasil Energia SA	Brazil	Utilities	Shares	2026-04-30	948.009	x1	EUR	https://www.pmepensioen.nl/en/investments/we-do-invest-in
PME pensioenfonds	Engie SA	France	Utilities	Corporate bonds	2026-04-30	73.285.902	x1	EUR	https://www.pmepensioen.nl/en/investments/we-do-invest-in
PME pensioenfonds	Engie SA	France	Utilities	Shares	2026-04-30	6.867.563	x1	EUR	https://www.pmepensioen.nl/en/investments/we-do-invest-in
PME pensioenfonds	ENN Energy Holdings Ltd	China	Utilities	Shares	2026-04-30	3.476.238	x1	EUR	https://www.pmepensioen.nl/en/investments/we-do-invest-in
PME pensioenfonds	Enpro Inc	United States	Industrial	Corporate bonds	2026-04-30	7.334.767	x1	EUR	https://www.pmepensioen.nl/en/investments/we-do-invest-in
PME pensioenfonds	Entegris Inc	United States	Industrial	Shares	2026-04-30	3.483.723	x1	EUR	https://www.pmepensioen.nl/en/investments/we-do-invest-in
PME pensioenfonds	Entegris Inc	United States	Industrial	Corporate bonds	2026-04-30	2.961.066	x1	EUR	https://www.pmepensioen.nl/en/investments/we-do-invest-in
PME pensioenfonds	Epiroc AB	Sweden	Industrial	Shares	2026-04-30	2.812.133	x1	EUR	https://www.pmepensioen.nl/en/investments/we-do-invest-in
PME pensioenfonds	EQT AB	Sweden	Financial	Corporate bonds	2026-04-30	10.495.820	x1	EUR	https://www.pmepensioen.nl/en/investments/we-do-invest-in
PME pensioenfonds	Equatorial SA	Brazil	Utilities	Shares	2026-04-30	5.247.361	x1	EUR	https://www.pmepensioen.nl/en/investments/we-do-invest-in
PME pensioenfonds	Equifax Inc	United States	Consumer, non-cyclical	Shares	2026-04-30	15.592.262	x1	EUR	https://www.pmepensioen.nl/en/investments/we-do-invest-in
PME pensioenfonds	Equinix Europe 2 Financing Corp LLC	United States	Financial	Corporate bonds	2026-04-30	6.167.591	x1	EUR	https://www.pmepensioen.nl/en/investments/we-do-invest-in
PME pensioenfonds	Equitable Financial Life Global Funding	United States	Financial	Corporate bonds	2026-04-30	13.733.110	x1	EUR	https://www.pmepensioen.nl/en/investments/we-do-invest-in
PME pensioenfonds	Equitable Holdings Inc	United States	Financial	Shares	2026-04-30	2.173.554	x1	EUR	https://www.pmepensioen.nl/en/investments/we-do-invest-in
PME pensioenfonds	Eramet SA	France	Basic materials	Corporate bonds	2026-04-30	3.050.751	x1	EUR	https://www.pmepensioen.nl/en/investments/we-do-invest-in
PME pensioenfonds	Erste Group Bank AG	Austria	Financial	Shares	2026-04-30	3.877.970	x1	EUR	https://www.pmepensioen.nl/en/investments/we-do-invest-in
PME pensioenfonds	Esab Corp	United States	Industrial	Corporate bonds	2026-04-30	4.106.384	x1	EUR	https://www.pmepensioen.nl/en/investments/we-do-invest-in
PME pensioenfonds	Essendi SA	Luxembourg	Consumer, cyclical	Corporate bonds	2026-04-30	1.819.388	x1	EUR	https://www.pmepensioen.nl/en/investments/we-do-invest-in
PME pensioenfonds	EssilorLuxottica SA	France	Consumer, non-cyclical	Shares	2026-04-30	19.544.781	x1	EUR	https://www.pmepensioen.nl/en/investments/we-do-invest-in
PME pensioenfonds	EssilorLuxottica SA	France	Consumer, non-cyclical	Corporate bonds	2026-04-30	14.961.371	x1	EUR	https://www.pmepensioen.nl/en/investments/we-do-invest-in
PME pensioenfonds	Essity AB	Sweden	Consumer, non-cyclical	Shares	2026-04-30	1.790.633	x1	EUR	https://www.pmepensioen.nl/en/investments/we-do-invest-in
PME pensioenfonds	Essity AB	Sweden	Consumer, non-cyclical	Corporate bonds	2026-04-30	3.623.423	x1	EUR	https://www.pmepensioen.nl/en/investments/we-do-invest-in
PME pensioenfonds	Essity Capital BV	Sweden	Consumer, non-cyclical	Corporate bonds	2026-04-30	25.542.329	x1	EUR	https://www.pmepensioen.nl/en/investments/we-do-invest-in
PME pensioenfonds	Estee Lauder Cos Inc/The	United States	Consumer, non-cyclical	Shares	2026-04-30	3.274.187	x1	EUR	https://www.pmepensioen.nl/en/investments/we-do-invest-in
PME pensioenfonds	Eternal Ltd	India	Communications	Shares	2026-04-30	3.199.277	x1	EUR	https://www.pmepensioen.nl/en/investments/we-do-invest-in
PME pensioenfonds	Etihad Etisalat Co	Saudi Arabia	Communications	Shares	2026-04-30	3.830.495	x1	EUR	https://www.pmepensioen.nl/en/investments/we-do-invest-in
PME pensioenfonds	Eurobank SA	Greece	Financial	Shares	2026-04-30	5.390.771	x1	EUR	https://www.pmepensioen.nl/en/investments/we-do-invest-in
PME pensioenfonds	Euroclear Bank SA	Belgium	Financial	Corporate bonds	2026-04-30	4.602.244	x1	EUR	https://www.pmepensioen.nl/en/investments/we-do-invest-in
PME pensioenfonds	Eurofins Scientific SE	Luxembourg	Consumer, non-cyclical	Shares	2026-04-30	996.607	x1	EUR	https://www.pmepensioen.nl/en/investments/we-do-invest-in
PME pensioenfonds	Eurofins Scientific SE	Luxembourg	Consumer, non-cyclical	Corporate bonds	2026-04-30	23.127.214	x1	EUR	https://www.pmepensioen.nl/en/investments/we-do-invest-in
PME pensioenfonds	Eurogrid GmbH	Germany	Utilities	Corporate bonds	2026-04-30	40.480.074	x1	EUR	https://www.pmepensioen.nl/en/investments/we-do-invest-in
PME pensioenfonds	Euronext NV	Netherlands	Financial	Corporate bonds	2026-04-30	7.640.051	x1	EUR	https://www.pmepensioen.nl/en/investments/we-do-invest-in
PME pensioenfonds	Euronext NV	Netherlands	Financial	Shares	2026-04-30	1.454.389	x1	EUR	https://www.pmepensioen.nl/en/investments/we-do-invest-in
PME pensioenfonds	EUSHI Finance Inc	United States	Utilities	Corporate bonds	2026-04-30	685.464	x1	EUR	https://www.pmepensioen.nl/en/investments/we-do-invest-in
PME pensioenfonds	Eutelsat Communications SACA	France	Communications	Corporate bonds	2026-04-30	14.263.471	x1	EUR	https://www.pmepensioen.nl/en/investments/we-do-invest-in
PME pensioenfonds	Eutelsat SA	France	Communications	Corporate bonds	2026-04-30	3.536.866	x1	EUR	https://www.pmepensioen.nl/en/investments/we-do-invest-in
PME pensioenfonds	Eve Energy Co Ltd	China	Consumer, cyclical	Shares	2026-04-30	619.982	x1	EUR	https://www.pmepensioen.nl/en/investments/we-do-invest-in
PME pensioenfonds	Everest Group Ltd	United States	Financial	Shares	2026-04-30	2.647.252	x1	EUR	https://www.pmepensioen.nl/en/investments/we-do-invest-in
PME pensioenfonds	Evergreen Marine Corp Taiwan Ltd	Taiwan	Industrial	Shares	2026-04-30	3.710.988	x1	EUR	https://www.pmepensioen.nl/en/investments/we-do-invest-in
PME pensioenfonds	Everpure Inc	United States	Technology	Shares	2026-04-30	3.494.438	x1	EUR	https://www.pmepensioen.nl/en/investments/we-do-invest-in
PME pensioenfonds	Eversource Energy	United States	Utilities	Shares	2026-04-30	5.143.809	x1	EUR	https://www.pmepensioen.nl/en/investments/we-do-invest-in
PME pensioenfonds	Evonik Industries AG	Germany	Basic materials	Corporate bonds	2026-04-30	4.783.171	x1	EUR	https://www.pmepensioen.nl/en/investments/we-do-invest-in
PME pensioenfonds	Evonik Industries AG	Germany	Basic materials	Shares	2026-04-30	576.669	x1	EUR	https://www.pmepensioen.nl/en/investments/we-do-invest-in
PME pensioenfonds	EWE AG	Germany	Utilities	Corporate bonds	2026-04-30	5.051.662	x1	EUR	https://www.pmepensioen.nl/en/investments/we-do-invest-in
PME pensioenfonds	Exelon Corp	United States	Utilities	Shares	2026-04-30	9.635.268	x1	EUR	https://www.pmepensioen.nl/en/investments/we-do-invest-in
PME pensioenfonds	Expeditors International of Washington Inc	United States	Industrial	Shares	2026-04-30	3.869.025	x1	EUR	https://www.pmepensioen.nl/en/investments/we-do-invest-in
PME pensioenfonds	Experian Europe DAC	United Kingdom	Consumer, non-cyclical	Corporate bonds	2026-04-30	3.658.839	x1	EUR	https://www.pmepensioen.nl/en/investments/we-do-invest-in
PME pensioenfonds	Experian Finance PLC	United Kingdom	Consumer, non-cyclical	Corporate bonds	2026-04-30	8.235.731	x1	EUR	https://www.pmepensioen.nl/en/investments/we-do-invest-in
PME pensioenfonds	Experian Finance US Inc	United States	Consumer, non-cyclical	Corporate bonds	2026-04-30	9.799.526	x1	EUR	https://www.pmepensioen.nl/en/investments/we-do-invest-in
PME pensioenfonds	Experian PLC	United States	Consumer, non-cyclical	Shares	2026-04-30	3.701.964	x1	EUR	https://www.pmepensioen.nl/en/investments/we-do-invest-in
PME pensioenfonds	F5 Inc	United States	Communications	Shares	2026-04-30	3.192.373	x1	EUR	https://www.pmepensioen.nl/en/investments/we-do-invest-in
PME pensioenfonds	Fair Isaac Corp	United States	Technology	Corporate bonds	2026-04-30	8.639.660	x1	EUR	https://www.pmepensioen.nl/en/investments/we-do-invest-in
PME pensioenfonds	Fair Isaac Corp	United States	Technology	Shares	2026-04-30	5.086.612	x1	EUR	https://www.pmepensioen.nl/en/investments/we-do-invest-in
PME pensioenfonds	Fairfax Financial Holdings Ltd	Canada	Financial	Shares	2026-04-30	6.564.281	x1	EUR	https://www.pmepensioen.nl/en/investments/we-do-invest-in
PME pensioenfonds	Falabella SA	Chile	Consumer, cyclical	Shares	2026-04-30	2.225.672	x1	EUR	https://www.pmepensioen.nl/en/investments/we-do-invest-in
PME pensioenfonds	FANUC Corp	Japan	Industrial	Shares	2026-04-30	7.809.671	x1	EUR	https://www.pmepensioen.nl/en/investments/we-do-invest-in
PME pensioenfonds	Far Eastern New Century Corp	Taiwan	Consumer, cyclical	Shares	2026-04-30	1.672.851	x1	EUR	https://www.pmepensioen.nl/en/investments/we-do-invest-in
PME pensioenfonds	Far EasTone Telecommunications Co Ltd	Taiwan	Communications	Shares	2026-04-30	3.043.720	x1	EUR	https://www.pmepensioen.nl/en/investments/we-do-invest-in
PME pensioenfonds	Fastenal Co	United States	Consumer, cyclical	Shares	2026-04-30	10.366.264	x1	EUR	https://www.pmepensioen.nl/en/investments/we-do-invest-in
PME pensioenfonds	FedEx Corp	United States	Industrial	Corporate bonds	2026-04-30	16.106.677	x1	EUR	https://www.pmepensioen.nl/en/investments/we-do-invest-in
PME pensioenfonds	FedEx Corp	United States	Industrial	Shares	2026-04-30	16.015.426	x1	EUR	https://www.pmepensioen.nl/en/investments/we-do-invest-in
PME pensioenfonds	Ferguson Enterprises Inc	United States	Consumer, cyclical	Shares	2026-04-30	9.020.655	x1	EUR	https://www.pmepensioen.nl/en/investments/we-do-invest-in
PME pensioenfonds	Ferrari NV	Italy	Consumer, cyclical	Shares	2026-04-30	4.956.639	x1	EUR	https://www.pmepensioen.nl/en/investments/we-do-invest-in
PME pensioenfonds	Ferrovial Emisiones SA	Spain	Industrial	Corporate bonds	2026-04-30	8.701.752	x1	EUR	https://www.pmepensioen.nl/en/investments/we-do-invest-in
PME pensioenfonds	Ferrovial SE	United States	Industrial	Shares	2026-04-30	3.823.592	x1	EUR	https://www.pmepensioen.nl/en/investments/we-do-invest-in
PME pensioenfonds	Fidelity National Financial Inc	United States	Financial	Shares	2026-04-30	2.358.529	x1	EUR	https://www.pmepensioen.nl/en/investments/we-do-invest-in
PME pensioenfonds	Fidelity National Information Services Inc	United States	Technology	Corporate bonds	2026-04-30	35.369.497	x1	EUR	https://www.pmepensioen.nl/en/investments/we-do-invest-in
PME pensioenfonds	Fidelity National Information Services Inc	United States	Technology	Shares	2026-04-30	4.799.623	x1	EUR	https://www.pmepensioen.nl/en/investments/we-do-invest-in
PME pensioenfonds	Fifth Third Bancorp	United States	Financial	Shares	2026-04-30	5.980.848	x1	EUR	https://www.pmepensioen.nl/en/investments/we-do-invest-in
PME pensioenfonds	FinecoBank Banca Fineco SpA	Italy	Financial	Shares	2026-04-30	28.043.114	x1	EUR	https://www.pmepensioen.nl/en/investments/we-do-invest-in
PME pensioenfonds	Fingrid OYJ	Finland	Utilities	Corporate bonds	2026-04-30	8.045.349	x1	EUR	https://www.pmepensioen.nl/en/investments/we-do-invest-in
PME pensioenfonds	Firmenich Productions Participations SAS	Switzerland	Basic materials	Corporate bonds	2026-04-30	11.080.864	x1	EUR	https://www.pmepensioen.nl/en/investments/we-do-invest-in
PME pensioenfonds	First Citizens BancShares Inc/NC	United States	Financial	Shares	2026-04-30	3.377.732	x1	EUR	https://www.pmepensioen.nl/en/investments/we-do-invest-in
PME pensioenfonds	First Financial Holding Co Ltd	Taiwan	Financial	Shares	2026-04-30	5.393.920	x1	EUR	https://www.pmepensioen.nl/en/investments/we-do-invest-in
PME pensioenfonds	First Solar Inc	United States	Energy	Shares	2026-04-30	3.912.158	x1	EUR	https://www.pmepensioen.nl/en/investments/we-do-invest-in
PME pensioenfonds	FirstRand Ltd	South Africa	Financial	Shares	2026-04-30	13.752.517	x1	EUR	https://www.pmepensioen.nl/en/investments/we-do-invest-in
PME pensioenfonds	FIS Fabbrica Italiana Sintetici SpA	Italy	Basic materials	Corporate bonds	2026-04-30	3.608.209	x1	EUR	https://www.pmepensioen.nl/en/investments/we-do-invest-in
PME pensioenfonds	Fiserv Funding ULC	United States	Consumer, non-cyclical	Corporate bonds	2026-04-30	3.895.133	x1	EUR	https://www.pmepensioen.nl/en/investments/we-do-invest-in
PME pensioenfonds	Fiserv Inc	United States	Technology	Corporate bonds	2026-04-30	31.817.485	x1	EUR	https://www.pmepensioen.nl/en/investments/we-do-invest-in
PME pensioenfonds	Fiserv Inc	United States	Technology	Shares	2026-04-30	6.068.746	x1	EUR	https://www.pmepensioen.nl/en/investments/we-do-invest-in
PME pensioenfonds	Fisher & Paykel Healthcare Corp Ltd	New Zealand	Consumer, non-cyclical	Shares	2026-04-30	3.125.873	x1	EUR	https://www.pmepensioen.nl/en/investments/we-do-invest-in
PME pensioenfonds	Flash Compute LLC	United States	Communications	Corporate bonds	2026-04-30	889.879	x1	EUR	https://www.pmepensioen.nl/en/investments/we-do-invest-in
PME pensioenfonds	Flora Food Management BV	Netherlands	Consumer, non-cyclical	Corporate bonds	2026-04-30	2.120.985	x1	EUR	https://www.pmepensioen.nl/en/investments/we-do-invest-in
PME pensioenfonds	Flos B&b Italia SPA	Italy	Consumer, cyclical	Corporate bonds	2026-04-30	808.717	x1	EUR	https://www.pmepensioen.nl/en/investments/we-do-invest-in
PME pensioenfonds	FLUVIUS System Operator CV	Belgium	Utilities	Corporate bonds	2026-04-30	7.792.028	x1	EUR	https://www.pmepensioen.nl/en/investments/we-do-invest-in
PME pensioenfonds	Fnac Darty SA	France	Consumer, cyclical	Corporate bonds	2026-04-30	2.108.983	x1	EUR	https://www.pmepensioen.nl/en/investments/we-do-invest-in
PME pensioenfonds	Focus Media Information Technology Co Ltd	China	Communications	Shares	2026-04-30	441.898	x1	EUR	https://www.pmepensioen.nl/en/investments/we-do-invest-in
PME pensioenfonds	Fomento Economico Mexicano SAB de CV	Mexico	Consumer, non-cyclical	Shares	2026-04-30	10.489.092	x1	EUR	https://www.pmepensioen.nl/en/investments/we-do-invest-in
PME pensioenfonds	Ford Motor Co	United States	Consumer, cyclical	Shares	2026-04-30	8.781.678	x1	EUR	https://www.pmepensioen.nl/en/investments/we-do-invest-in
PME pensioenfonds	Fortinet Inc	United States	Technology	Shares	2026-04-30	10.484.445	x1	EUR	https://www.pmepensioen.nl/en/investments/we-do-invest-in
PME pensioenfonds	Fortis Healthcare Ltd	India	Consumer, non-cyclical	Shares	2026-04-30	2.082.471	x1	EUR	https://www.pmepensioen.nl/en/investments/we-do-invest-in
PME pensioenfonds	Fortis Inc/Canada	Canada	Utilities	Shares	2026-04-30	5.473.606	x1	EUR	https://www.pmepensioen.nl/en/investments/we-do-invest-in
PME pensioenfonds	Fortive Corp	United States	Industrial	Corporate bonds	2026-04-30	8.521.957	x1	EUR	https://www.pmepensioen.nl/en/investments/we-do-invest-in
PME pensioenfonds	Fortive Corp	United States	Industrial	Shares	2026-04-30	3.618.628	x1	EUR	https://www.pmepensioen.nl/en/investments/we-do-invest-in
PME pensioenfonds	Fortrea Holdings Inc	United States	Consumer, non-cyclical	Corporate bonds	2026-04-30	709.614	x1	EUR	https://www.pmepensioen.nl/en/investments/we-do-invest-in
PME pensioenfonds	Fortum OYJ	Finland	Utilities	Corporate bonds	2026-04-30	17.259.920	x1	EUR	https://www.pmepensioen.nl/en/investments/we-do-invest-in
PME pensioenfonds	Fortune Electric Co Ltd	Taiwan	Industrial	Shares	2026-04-30	2.373.658	x1	EUR	https://www.pmepensioen.nl/en/investments/we-do-invest-in
PME pensioenfonds	Forvia SE	France	Consumer, cyclical	Corporate bonds	2026-04-30	62.747.543	x1	EUR	https://www.pmepensioen.nl/en/investments/we-do-invest-in
PME pensioenfonds	Foshan Haitian Flavouring & Food Co Ltd	China	Consumer, non-cyclical	Shares	2026-04-30	849.912	x1	EUR	https://www.pmepensioen.nl/en/investments/we-do-invest-in
PME pensioenfonds	Fox Corp	United States	Communications	Shares	2026-04-30	3.836.531	x1	EUR	https://www.pmepensioen.nl/en/investments/we-do-invest-in
PME pensioenfonds	Foxconn Industrial Internet Co Ltd	China	Industrial	Shares	2026-04-30	2.349.420	x1	EUR	https://www.pmepensioen.nl/en/investments/we-do-invest-in
PME pensioenfonds	Fresenius Medical Care AG	Germany	Consumer, non-cyclical	Corporate bonds	2026-04-30	9.568.049	x1	EUR	https://www.pmepensioen.nl/en/investments/we-do-invest-in
PME pensioenfonds	Fresenius Medical Care AG	Germany	Consumer, non-cyclical	Shares	2026-04-30	1.140.129	x1	EUR	https://www.pmepensioen.nl/en/investments/we-do-invest-in
PME pensioenfonds	Fresenius SE & Co KGaA	Germany	Consumer, non-cyclical	Shares	2026-04-30	16.117.943	x1	EUR	https://www.pmepensioen.nl/en/investments/we-do-invest-in
PME pensioenfonds	Fresenius SE & Co KGaA	Germany	Consumer, non-cyclical	Shares	2026-04-30	16.117.943	x1	EUR	https://www.pmepensioen.nl/en/investments/we-do-invest-in
PME pensioenfonds	Froneri Lux FinCo SARL	United Kingdom	Consumer, non-cyclical	Corporate bonds	2026-04-30	5.363.801	x1	EUR	https://www.pmepensioen.nl/en/investments/we-do-invest-in
PME pensioenfonds	Frontier Communications Holdings LLC	United States	Communications	Corporate bonds	2026-04-30	4.726.240	x1	EUR	https://www.pmepensioen.nl/en/investments/we-do-invest-in
PME pensioenfonds	FSN E-Commerce Ventures Ltd	India	Communications	Shares	2026-04-30	1.729.548	x1	EUR	https://www.pmepensioen.nl/en/investments/we-do-invest-in
PME pensioenfonds	Fubon Financial Holding Co Ltd	Taiwan	Financial	Shares	2026-04-30	12.434.867	x1	EUR	https://www.pmepensioen.nl/en/investments/we-do-invest-in
PME pensioenfonds	Fuji Electric Co Ltd	Japan	Industrial	Shares	2026-04-30	2.227.933	x1	EUR	https://www.pmepensioen.nl/en/investments/we-do-invest-in
PME pensioenfonds	FUJIFILM Holdings Corp	Japan	Consumer, non-cyclical	Shares	2026-04-30	5.188.444	x1	EUR	https://www.pmepensioen.nl/en/investments/we-do-invest-in
PME pensioenfonds	Fujikura Ltd	Japan	Industrial	Shares	2026-04-30	9.612.321	x1	EUR	https://www.pmepensioen.nl/en/investments/we-do-invest-in
PME pensioenfonds	Fujitsu Ltd	Japan	Technology	Shares	2026-04-30	8.744.032	x1	EUR	https://www.pmepensioen.nl/en/investments/we-do-invest-in
PME pensioenfonds	Futu Holdings Ltd	Hong Kong	Financial	Shares	2026-04-30	2.050.569	x1	EUR	https://www.pmepensioen.nl/en/investments/we-do-invest-in
PME pensioenfonds	Fuyao Glass Industry Group Co Ltd	China	Consumer, cyclical	Shares	2026-04-30	2.781.039	x1	EUR	https://www.pmepensioen.nl/en/investments/we-do-invest-in
PME pensioenfonds	Gamuda Bhd	Malaysia	Industrial	Shares	2026-04-30	2.429.745	x1	EUR	https://www.pmepensioen.nl/en/investments/we-do-invest-in
PME pensioenfonds	Gap Inc/The	United States	Consumer, cyclical	Corporate bonds	2026-04-30	1.222.098	x1	EUR	https://www.pmepensioen.nl/en/investments/we-do-invest-in
PME pensioenfonds	Garmin Ltd	United States	Industrial	Shares	2026-04-30	7.361.213	x1	EUR	https://www.pmepensioen.nl/en/investments/we-do-invest-in
PME pensioenfonds	Garrett Motion Holdings Inc / Garrett LX I Sarl	United States	Consumer, cyclical	Corporate bonds	2026-04-30	1.473.714	x1	EUR	https://www.pmepensioen.nl/en/investments/we-do-invest-in
PME pensioenfonds	Gartner Inc	United States	Technology	Shares	2026-04-30	2.480.504	x1	EUR	https://www.pmepensioen.nl/en/investments/we-do-invest-in
PME pensioenfonds	Gates Corp/DE	United States	Consumer, cyclical	Corporate bonds	2026-04-30	3.168.975	x1	EUR	https://www.pmepensioen.nl/en/investments/we-do-invest-in
PME pensioenfonds	Gatwick Funding Ltd	United Kingdom	Industrial	Corporate bonds	2026-04-30	23.558.776	x1	EUR	https://www.pmepensioen.nl/en/investments/we-do-invest-in
PME pensioenfonds	GE HealthCare Technologies Inc	United States	Consumer, non-cyclical	Shares	2026-04-30	6.392.856	x1	EUR	https://www.pmepensioen.nl/en/investments/we-do-invest-in
PME pensioenfonds	GE Vernova Inc	United States	Industrial	Shares	2026-04-30	47.192.056	x1	EUR	https://www.pmepensioen.nl/en/investments/we-do-invest-in
PME pensioenfonds	GEA Group AG	Germany	Industrial	Shares	2026-04-30	1.204.171	x1	EUR	https://www.pmepensioen.nl/en/investments/we-do-invest-in
PME pensioenfonds	Geberit AG	Switzerland	Industrial	Shares	2026-04-30	2.607.632	x1	EUR	https://www.pmepensioen.nl/en/investments/we-do-invest-in
PME pensioenfonds	Geely Automobile Holdings Ltd	China	Consumer, cyclical	Shares	2026-04-30	9.001.610	x1	EUR	https://www.pmepensioen.nl/en/investments/we-do-invest-in
PME pensioenfonds	Gen Digital Inc	United States	Communications	Shares	2026-04-30	1.882.608	x1	EUR	https://www.pmepensioen.nl/en/investments/we-do-invest-in
PME pensioenfonds	Gen Digital Inc	United States	Communications	Corporate bonds	2026-04-30	5.082.871	x1	EUR	https://www.pmepensioen.nl/en/investments/we-do-invest-in
PME pensioenfonds	General Mills Inc	United States	Consumer, non-cyclical	Shares	2026-04-30	3.926.739	x1	EUR	https://www.pmepensioen.nl/en/investments/we-do-invest-in
PME pensioenfonds	General Mills Inc	United States	Consumer, non-cyclical	Corporate bonds	2026-04-30	13.379.576	x1	EUR	https://www.pmepensioen.nl/en/investments/we-do-invest-in
PME pensioenfonds	General Motors Co	United States	Consumer, cyclical	Shares	2026-04-30	14.231.750	x1	EUR	https://www.pmepensioen.nl/en/investments/we-do-invest-in
PME pensioenfonds	General Motors Financial Co Inc	United States	Consumer, cyclical	Corporate bonds	2026-04-30	16.275.427	x1	EUR	https://www.pmepensioen.nl/en/investments/we-do-invest-in
PME pensioenfonds	Generali	Italy	Financial	Corporate bonds	2026-04-30	19.842.703	x1	EUR	https://www.pmepensioen.nl/en/investments/we-do-invest-in
PME pensioenfonds	Generali	Italy	Financial	Shares	2026-04-30	4.062.310	x1	EUR	https://www.pmepensioen.nl/en/investments/we-do-invest-in
PME pensioenfonds	GENMAB A/S/GENMAB FINANCE LLC	Denmark	Consumer, non-cyclical	Corporate bonds	2026-04-30	4.345.749	x1	EUR	https://www.pmepensioen.nl/en/investments/we-do-invest-in
PME pensioenfonds	Genuine Parts Co	United States	Consumer, cyclical	Shares	2026-04-30	2.880.361	x1	EUR	https://www.pmepensioen.nl/en/investments/we-do-invest-in
PME pensioenfonds	George Weston Ltd	Canada	Consumer, non-cyclical	Shares	2026-04-30	2.377.863	x1	EUR	https://www.pmepensioen.nl/en/investments/we-do-invest-in
PME pensioenfonds	Gerdau SA	Brazil	Basic materials	Shares	2026-04-30	2.707.602	x1	EUR	https://www.pmepensioen.nl/en/investments/we-do-invest-in
PME pensioenfonds	Getlink SE	France	Industrial	Corporate bonds	2026-04-30	1.867.195	x1	EUR	https://www.pmepensioen.nl/en/investments/we-do-invest-in
PME pensioenfonds	GFL Environmental Holdings US Inc	United States	Industrial	Corporate bonds	2026-04-30	5.167.094	x1	EUR	https://www.pmepensioen.nl/en/investments/we-do-invest-in
PME pensioenfonds	GFL Environmental Inc	United States	Industrial	Shares	2026-04-30	1.670.291	x1	EUR	https://www.pmepensioen.nl/en/investments/we-do-invest-in
PME pensioenfonds	Giant Biogene Holding Co ltd	China	Consumer, non-cyclical	Shares	2026-04-30	722.699	x1	EUR	https://www.pmepensioen.nl/en/investments/we-do-invest-in
PME pensioenfonds	Giant Network Group Co Ltd	China	Technology	Shares	2026-04-30	271.430	x1	EUR	https://www.pmepensioen.nl/en/investments/we-do-invest-in
PME pensioenfonds	Gigabyte Technology Co Ltd	Taiwan	Technology	Shares	2026-04-30	1.413.433	x1	EUR	https://www.pmepensioen.nl/en/investments/we-do-invest-in
PME pensioenfonds	GigaDevice Semiconductor Inc	China	Technology	Shares	2026-04-30	430.753	x1	EUR	https://www.pmepensioen.nl/en/investments/we-do-invest-in
PME pensioenfonds	Gildan Activewear Inc	Canada	Consumer, cyclical	Shares	2026-04-30	1.577.248	x1	EUR	https://www.pmepensioen.nl/en/investments/we-do-invest-in
PME pensioenfonds	Gilead Sciences Inc	United States	Consumer, non-cyclical	Shares	2026-04-30	34.568.405	x1	EUR	https://www.pmepensioen.nl/en/investments/we-do-invest-in
PME pensioenfonds	Givaudan Finance Europe BV	Switzerland	Basic materials	Corporate bonds	2026-04-30	5.205.746	x1	EUR	https://www.pmepensioen.nl/en/investments/we-do-invest-in
PME pensioenfonds	Givaudan SA	Switzerland	Basic materials	Shares	2026-04-30	3.629.495	x1	EUR	https://www.pmepensioen.nl/en/investments/we-do-invest-in
PME pensioenfonds	Gjensidige Forsikring ASA	Norway	Financial	Shares	2026-04-30	603.194	x1	EUR	https://www.pmepensioen.nl/en/investments/we-do-invest-in
PME pensioenfonds	GlaxoSmithKline Capital PLC	United Kingdom	Consumer, non-cyclical	Corporate bonds	2026-04-30	9.944.750	x1	EUR	https://www.pmepensioen.nl/en/investments/we-do-invest-in
PME pensioenfonds	Global Payments Inc	United States	Consumer, non-cyclical	Corporate bonds	2026-04-30	7.327.136	x1	EUR	https://www.pmepensioen.nl/en/investments/we-do-invest-in
PME pensioenfonds	Global Payments Inc	United States	Consumer, non-cyclical	Shares	2026-04-30	3.253.846	x1	EUR	https://www.pmepensioen.nl/en/investments/we-do-invest-in
PME pensioenfonds	Global Unichip Corp	Taiwan	Technology	Shares	2026-04-30	2.409.745	x1	EUR	https://www.pmepensioen.nl/en/investments/we-do-invest-in
PME pensioenfonds	Go Daddy Operating Co LLC / GD Finance Co Inc	United States	Communications	Corporate bonds	2026-04-30	5.944.846	x1	EUR	https://www.pmepensioen.nl/en/investments/we-do-invest-in
PME pensioenfonds	GoDaddy Inc	United States	Communications	Shares	2026-04-30	2.228.043	x1	EUR	https://www.pmepensioen.nl/en/investments/we-do-invest-in
PME pensioenfonds	Godrej Consumer Products Ltd	India	Consumer, non-cyclical	Shares	2026-04-30	2.649.555	x1	EUR	https://www.pmepensioen.nl/en/investments/we-do-invest-in
PME pensioenfonds	GoerTek Inc	China	Industrial	Shares	2026-04-30	292.996	x1	EUR	https://www.pmepensioen.nl/en/investments/we-do-invest-in
PME pensioenfonds	Gold Fields Ltd	South Africa	Basic materials	Shares	2026-04-30	22.113.004	x1	EUR	https://www.pmepensioen.nl/en/investments/we-do-invest-in
PME pensioenfonds	Goldman Sachs Group Inc/The	United States	Financial	Corporate bonds	2026-04-30	9.760.667	x1	EUR	https://www.pmepensioen.nl/en/investments/we-do-invest-in
PME pensioenfonds	Goldman Sachs Group Inc/The	United States	Financial	Shares	2026-04-30	51.799.816	x1	EUR	https://www.pmepensioen.nl/en/investments/we-do-invest-in
PME pensioenfonds	Goodyear Dunlop Tires Europe BV	United States	Consumer, cyclical	Corporate bonds	2026-04-30	3.171.617	x1	EUR	https://www.pmepensioen.nl/en/investments/we-do-invest-in
PME pensioenfonds	Goodyear Tire & Rubber Co/The	United States	Consumer, cyclical	Corporate bonds	2026-04-30	1.846.895	x1	EUR	https://www.pmepensioen.nl/en/investments/we-do-invest-in
PME pensioenfonds	Grab Holdings Ltd	Singapore	Communications	Shares	2026-04-30	2.175.035	x1	EUR	https://www.pmepensioen.nl/en/investments/we-do-invest-in
PME pensioenfonds	Graco Inc	United States	Industrial	Shares	2026-04-30	2.675.783	x1	EUR	https://www.pmepensioen.nl/en/investments/we-do-invest-in
PME pensioenfonds	Graham Holdings Co	United States	Consumer, non-cyclical	Corporate bonds	2026-04-30	867.444	x1	EUR	https://www.pmepensioen.nl/en/investments/we-do-invest-in
PME pensioenfonds	Grand City Properties Finance Sarl	Germany	Financial	Corporate bonds	2026-04-30	9.527.173	x1	EUR	https://www.pmepensioen.nl/en/investments/we-do-invest-in
PME pensioenfonds	Grand City Properties SA	Germany	Financial	Corporate bonds	2026-04-30	29.111.097	x1	EUR	https://www.pmepensioen.nl/en/investments/we-do-invest-in
PME pensioenfonds	Graphic Packaging Holding Co	United States	Industrial	Shares	2026-04-30	4.611.083	x1	EUR	https://www.pmepensioen.nl/en/investments/we-do-invest-in
PME pensioenfonds	Graphic Packaging International LLC	United States	Industrial	Corporate bonds	2026-04-30	3.269.900	x1	EUR	https://www.pmepensioen.nl/en/investments/we-do-invest-in
PME pensioenfonds	Gray Media Inc	United States	Communications	Corporate bonds	2026-04-30	3.489.974	x1	EUR	https://www.pmepensioen.nl/en/investments/we-do-invest-in
PME pensioenfonds	Great Wall Motor Co Ltd	China	Consumer, cyclical	Shares	2026-04-30	2.105.047	x1	EUR	https://www.pmepensioen.nl/en/investments/we-do-invest-in
PME pensioenfonds	Great-West Lifeco Inc	Canada	Financial	Corporate bonds	2026-04-30	4.968.039	x1	EUR	https://www.pmepensioen.nl/en/investments/we-do-invest-in
PME pensioenfonds	Great-West Lifeco Inc	Canada	Financial	Shares	2026-04-30	2.576.868	x1	EUR	https://www.pmepensioen.nl/en/investments/we-do-invest-in
PME pensioenfonds	Gree Electric Appliances Inc of Zhuhai	China	Consumer, cyclical	Shares	2026-04-30	561.148	x1	EUR	https://www.pmepensioen.nl/en/investments/we-do-invest-in
PME pensioenfonds	Griffon Corp	United States	Industrial	Corporate bonds	2026-04-30	870.236	x1	EUR	https://www.pmepensioen.nl/en/investments/we-do-invest-in
PME pensioenfonds	Grifols SA	Spain	Consumer, non-cyclical	Corporate bonds	2026-04-30	34.666.153	x1	EUR	https://www.pmepensioen.nl/en/investments/we-do-invest-in
PME pensioenfonds	Grifols SA	Spain	Consumer, non-cyclical	Shares	2026-04-30	358.213	x1	EUR	https://www.pmepensioen.nl/en/investments/we-do-invest-in
PME pensioenfonds	Group 1 Automotive Inc	United States	Consumer, cyclical	Corporate bonds	2026-04-30	9.303.612	x1	EUR	https://www.pmepensioen.nl/en/investments/we-do-invest-in
PME pensioenfonds	Groupe Bruxelles Lambert NV	Belgium	Financial	Corporate bonds	2026-04-30	13.554.014	x1	EUR	https://www.pmepensioen.nl/en/investments/we-do-invest-in
PME pensioenfonds	Gruenenthal GmbH	Germany	Consumer, non-cyclical	Corporate bonds	2026-04-30	1.798.500	x1	EUR	https://www.pmepensioen.nl/en/investments/we-do-invest-in
PME pensioenfonds	Grupo Aeroportuario del Centro Norte SAB de CV	Mexico	Industrial	Shares	2026-04-30	2.315.973	x1	EUR	https://www.pmepensioen.nl/en/investments/we-do-invest-in
PME pensioenfonds	Grupo Aeroportuario del Pacifico SAB de CV	Mexico	Industrial	Shares	2026-04-30	5.493.640	x1	EUR	https://www.pmepensioen.nl/en/investments/we-do-invest-in
PME pensioenfonds	Grupo Aeroportuario del Sureste SAB de CV	Mexico	Industrial	Shares	2026-04-30	3.199.532	x1	EUR	https://www.pmepensioen.nl/en/investments/we-do-invest-in
PME pensioenfonds	Grupo Cibest SA	Colombia	Financial	Shares	2026-04-30	7.604.095	x1	EUR	https://www.pmepensioen.nl/en/investments/we-do-invest-in
PME pensioenfonds	Grupo Financiero Banorte SAB de CV	Mexico	Financial	Shares	2026-04-30	15.256.671	x1	EUR	https://www.pmepensioen.nl/en/investments/we-do-invest-in
PME pensioenfonds	Grupo Mexico SAB de CV	Mexico	Basic materials	Shares	2026-04-30	18.431.795	x1	EUR	https://www.pmepensioen.nl/en/investments/we-do-invest-in
PME pensioenfonds	GSK Capital BV	United Kingdom	Consumer, non-cyclical	Corporate bonds	2026-04-30	12.664.317	x1	EUR	https://www.pmepensioen.nl/en/investments/we-do-invest-in
PME pensioenfonds	GSK PLC	United States	Consumer, non-cyclical	Shares	2026-04-30	13.184.890	x1	EUR	https://www.pmepensioen.nl/en/investments/we-do-invest-in
PME pensioenfonds	Guangzhou Tinci Materials Technology Co Ltd	China	Basic materials	Shares	2026-04-30	518.968	x1	EUR	https://www.pmepensioen.nl/en/investments/we-do-invest-in
PME pensioenfonds	Gulf Bank KSCP	Kuwait	Financial	Shares	2026-04-30	1.159.846	x1	EUR	https://www.pmepensioen.nl/en/investments/we-do-invest-in
PME pensioenfonds	H & M Hennes & Mauritz AB	Sweden	Consumer, cyclical	Shares	2026-04-30	1.214.193	x1	EUR	https://www.pmepensioen.nl/en/investments/we-do-invest-in
PME pensioenfonds	H World Group Ltd	China	Consumer, cyclical	Shares	2026-04-30	5.499.514	x1	EUR	https://www.pmepensioen.nl/en/investments/we-do-invest-in
PME pensioenfonds	H&M Finance BV	Sweden	Consumer, cyclical	Corporate bonds	2026-04-30	2.801.911	x1	EUR	https://www.pmepensioen.nl/en/investments/we-do-invest-in
PME pensioenfonds	Haci Omer Sabanci Holding AS	Turkey	Diversified	Shares	2026-04-30	1.195.790	x1	EUR	https://www.pmepensioen.nl/en/investments/we-do-invest-in
PME pensioenfonds	Haier Smart Home Co Ltd	China	Consumer, cyclical	Shares	2026-04-30	4.096.676	x1	EUR	https://www.pmepensioen.nl/en/investments/we-do-invest-in
PME pensioenfonds	Haitian International Holdings Ltd	China	Industrial	Shares	2026-04-30	979.997	x1	EUR	https://www.pmepensioen.nl/en/investments/we-do-invest-in
PME pensioenfonds	Haleon Netherlands Capital BV	United States	Consumer, non-cyclical	Corporate bonds	2026-04-30	4.128.077	x1	EUR	https://www.pmepensioen.nl/en/investments/we-do-invest-in
PME pensioenfonds	Haleon UK Capital PLC	United States	Consumer, non-cyclical	Corporate bonds	2026-04-30	3.713.007	x1	EUR	https://www.pmepensioen.nl/en/investments/we-do-invest-in
PME pensioenfonds	Hamburg Commercial Bank AG	Germany	Financial	Corporate bonds	2026-04-30	7.991.830	x1	EUR	https://www.pmepensioen.nl/en/investments/we-do-invest-in
PME pensioenfonds	Hana Financial Group Inc	Korea	Financial	Shares	2026-04-30	10.724.348	x1	EUR	https://www.pmepensioen.nl/en/investments/we-do-invest-in
PME pensioenfonds	Hangzhou First Applied Material Co Ltd	China	Energy	Shares	2026-04-30	316.741	x1	EUR	https://www.pmepensioen.nl/en/investments/we-do-invest-in
PME pensioenfonds	Hangzhou Tigermed Consulting Co Ltd	China	Consumer, non-cyclical	Shares	2026-04-30	158.251	x1	EUR	https://www.pmepensioen.nl/en/investments/we-do-invest-in
PME pensioenfonds	Hanjin Kal Corp	Korea	Consumer, cyclical	Shares	2026-04-30	803.750	x1	EUR	https://www.pmepensioen.nl/en/investments/we-do-invest-in
PME pensioenfonds	Hankook Tire & Technology Co Ltd	Korea	Consumer, cyclical	Shares	2026-04-30	1.511.413	x1	EUR	https://www.pmepensioen.nl/en/investments/we-do-invest-in
PME pensioenfonds	Hankyu Hanshin Holdings Inc	Japan	Industrial	Shares	2026-04-30	1.634.020	x1	EUR	https://www.pmepensioen.nl/en/investments/we-do-invest-in
PME pensioenfonds	Hannover Rueck SE	Germany	Financial	Shares	2026-04-30	2.169.180	x1	EUR	https://www.pmepensioen.nl/en/investments/we-do-invest-in
PME pensioenfonds	Hansoh Pharmaceutical Group Co Ltd	China	Consumer, non-cyclical	Shares	2026-04-30	3.652.671	x1	EUR	https://www.pmepensioen.nl/en/investments/we-do-invest-in
PME pensioenfonds	Hanwha Systems Co Ltd	Korea	Industrial	Shares	2026-04-30	3.241.643	x1	EUR	https://www.pmepensioen.nl/en/investments/we-do-invest-in
PME pensioenfonds	Harmony Gold Mining Co Ltd	South Africa	Basic materials	Shares	2026-04-30	4.706.485	x1	EUR	https://www.pmepensioen.nl/en/investments/we-do-invest-in
PME pensioenfonds	Hartford Insurance Group Inc/The	United States	Financial	Shares	2026-04-30	7.573.209	x1	EUR	https://www.pmepensioen.nl/en/investments/we-do-invest-in
PME pensioenfonds	Havells India Ltd	India	Industrial	Shares	2026-04-30	1.507.829	x1	EUR	https://www.pmepensioen.nl/en/investments/we-do-invest-in
PME pensioenfonds	Hawaiian Electric Co Inc	United States	Utilities	Corporate bonds	2026-04-30	2.371.012	x1	EUR	https://www.pmepensioen.nl/en/investments/we-do-invest-in
PME pensioenfonds	HCA Healthcare Inc	United States	Consumer, non-cyclical	Shares	2026-04-30	40.042.216	x1	EUR	https://www.pmepensioen.nl/en/investments/we-do-invest-in
PME pensioenfonds	HCL Technologies Ltd	India	Technology	Shares	2026-04-30	5.698.081	x1	EUR	https://www.pmepensioen.nl/en/investments/we-do-invest-in
PME pensioenfonds	HD Hyundai Electric Co Ltd	Korea	Industrial	Shares	2026-04-30	7.107.113	x1	EUR	https://www.pmepensioen.nl/en/investments/we-do-invest-in
PME pensioenfonds	HD Hyundai Heavy Industries Co Ltd	Korea	Industrial	Shares	2026-04-30	4.448.253	x1	EUR	https://www.pmepensioen.nl/en/investments/we-do-invest-in
PME pensioenfonds	HD Korea Shipbuilding & Offshore Engineering Co Ltd	Korea	Industrial	Shares	2026-04-30	5.344.107	x1	EUR	https://www.pmepensioen.nl/en/investments/we-do-invest-in
PME pensioenfonds	HDFC Asset Management Co Ltd	India	Financial	Shares	2026-04-30	2.166.515	x1	EUR	https://www.pmepensioen.nl/en/investments/we-do-invest-in
PME pensioenfonds	HDFC Bank Ltd	India	Financial	Shares	2026-04-30	48.316.753	x1	EUR	https://www.pmepensioen.nl/en/investments/we-do-invest-in
PME pensioenfonds	HDFC Life Insurance Co Ltd	India	Financial	Shares	2026-04-30	3.399.787	x1	EUR	https://www.pmepensioen.nl/en/investments/we-do-invest-in
PME pensioenfonds	HealthEquity Inc	United States	Consumer, non-cyclical	Corporate bonds	2026-04-30	1.417.704	x1	EUR	https://www.pmepensioen.nl/en/investments/we-do-invest-in
PME pensioenfonds	Heathrow Funding Ltd	United Kingdom	Industrial	Corporate bonds	2026-04-30	15.924.716	x1	EUR	https://www.pmepensioen.nl/en/investments/we-do-invest-in
PME pensioenfonds	HEICO Corp	United States	Industrial	Shares	2026-04-30	5.524.410	x1	EUR	https://www.pmepensioen.nl/en/investments/we-do-invest-in
PME pensioenfonds	Heidelberg Materials AG	Germany	Industrial	Shares	2026-04-30	3.236.161	x1	EUR	https://www.pmepensioen.nl/en/investments/we-do-invest-in
PME pensioenfonds	Heidelberg Materials AG	Germany	Industrial	Corporate bonds	2026-04-30	12.222.679	x1	EUR	https://www.pmepensioen.nl/en/investments/we-do-invest-in
PME pensioenfonds	Heidelberg Materials Finance Luxembourg SA	Germany	Industrial	Corporate bonds	2026-04-30	15.693.711	x1	EUR	https://www.pmepensioen.nl/en/investments/we-do-invest-in
PME pensioenfonds	Heimstaden AB	Sweden	Financial	Corporate bonds	2026-04-30	3.959.580	x1	EUR	https://www.pmepensioen.nl/en/investments/we-do-invest-in
PME pensioenfonds	Heimstaden Bostad AB	Sweden	Financial	Corporate bonds	2026-04-30	2.801.650	x1	EUR	https://www.pmepensioen.nl/en/investments/we-do-invest-in
PME pensioenfonds	Heineken Holding NV	Netherlands	Consumer, non-cyclical	Shares	2026-04-30	1.068.165	x1	EUR	https://www.pmepensioen.nl/en/investments/we-do-invest-in
PME pensioenfonds	Heineken NV	Netherlands	Consumer, non-cyclical	Corporate bonds	2026-04-30	50.491.905	x1	EUR	https://www.pmepensioen.nl/en/investments/we-do-invest-in
PME pensioenfonds	Heineken NV	Netherlands	Consumer, non-cyclical	Shares	2026-04-30	2.589.015	x1	EUR	https://www.pmepensioen.nl/en/investments/we-do-invest-in
PME pensioenfonds	Hellenic Telecommunications Organization SA	Greece	Communications	Shares	2026-04-30	1.669.552	x1	EUR	https://www.pmepensioen.nl/en/investments/we-do-invest-in
PME pensioenfonds	Helvetia Baloise Holding AG	Switzerland	Financial	Shares	2026-04-30	2.371.135	x1	EUR	https://www.pmepensioen.nl/en/investments/we-do-invest-in
PME pensioenfonds	Henan Shuanghui Investment & Development Co Ltd	China	Consumer, non-cyclical	Shares	2026-04-30	579.443	x1	EUR	https://www.pmepensioen.nl/en/investments/we-do-invest-in
PME pensioenfonds	Hengan International Group Co Ltd	China	Consumer, non-cyclical	Shares	2026-04-30	899.568	x1	EUR	https://www.pmepensioen.nl/en/investments/we-do-invest-in
PME pensioenfonds	Hengtong Optic-electric Co Ltd	China	Energy	Shares	2026-04-30	596.751	x1	EUR	https://www.pmepensioen.nl/en/investments/we-do-invest-in
PME pensioenfonds	Henkel AG & Co KGaA	Germany	Consumer, non-cyclical	Shares	2026-04-30	2.366.721	x1	EUR	https://www.pmepensioen.nl/en/investments/we-do-invest-in
PME pensioenfonds	Henkel AG & Co KGaA	Germany	Consumer, non-cyclical	Corporate bonds	2026-04-30	26.408.586	x1	EUR	https://www.pmepensioen.nl/en/investments/we-do-invest-in
PME pensioenfonds	Herc Holdings Inc	United States	Consumer, non-cyclical	Corporate bonds	2026-04-30	9.028.492	x1	EUR	https://www.pmepensioen.nl/en/investments/we-do-invest-in
PME pensioenfonds	Hero MotoCorp Ltd	India	Consumer, cyclical	Shares	2026-04-30	3.612.977	x1	EUR	https://www.pmepensioen.nl/en/investments/we-do-invest-in
PME pensioenfonds	Hershey Co/The	United States	Consumer, non-cyclical	Shares	2026-04-30	5.979.589	x1	EUR	https://www.pmepensioen.nl/en/investments/we-do-invest-in
PME pensioenfonds	Hewlett Packard Enterprise Co	United States	Technology	Shares	2026-04-30	6.136.562	x1	EUR	https://www.pmepensioen.nl/en/investments/we-do-invest-in
PME pensioenfonds	Hexagon AB	Sweden	Industrial	Shares	2026-04-30	13.855.848	x1	EUR	https://www.pmepensioen.nl/en/investments/we-do-invest-in
PME pensioenfonds	Highland Holdings Sarl	United States	Industrial	Corporate bonds	2026-04-30	48.914.444	x1	EUR	https://www.pmepensioen.nl/en/investments/we-do-invest-in
PME pensioenfonds	Hikari Tsushin Inc	Japan	Utilities	Shares	2026-04-30	1.127.354	x1	EUR	https://www.pmepensioen.nl/en/investments/we-do-invest-in
PME pensioenfonds	Hilton Domestic Operating Co Inc	United States	Consumer, cyclical	Corporate bonds	2026-04-30	30.064.678	x1	EUR	https://www.pmepensioen.nl/en/investments/we-do-invest-in
PME pensioenfonds	Hilton Grand Vacations Borrower LLC/Hilton Grand Vacations Borrower Inc	United States	Consumer, cyclical	Corporate bonds	2026-04-30	8.902.492	x1	EUR	https://www.pmepensioen.nl/en/investments/we-do-invest-in
PME pensioenfonds	Hilton Worldwide Finance LLC / Hilton Worldwide Finance Corp	United States	Consumer, cyclical	Corporate bonds	2026-04-30	3.109.834	x1	EUR	https://www.pmepensioen.nl/en/investments/we-do-invest-in
PME pensioenfonds	Hilton Worldwide Holdings Inc	United States	Consumer, cyclical	Shares	2026-04-30	21.704.429	x1	EUR	https://www.pmepensioen.nl/en/investments/we-do-invest-in
PME pensioenfonds	Hindustan Unilever Ltd	India	Consumer, non-cyclical	Shares	2026-04-30	9.817.615	x1	EUR	https://www.pmepensioen.nl/en/investments/we-do-invest-in
PME pensioenfonds	Hitachi Ltd	Japan	Industrial	Shares	2026-04-30	31.912.242	x1	EUR	https://www.pmepensioen.nl/en/investments/we-do-invest-in
PME pensioenfonds	HKT Trust & HKT Ltd	Hong Kong	Communications	Shares	2026-04-30	1.478.548	x1	EUR	https://www.pmepensioen.nl/en/investments/we-do-invest-in
PME pensioenfonds	Holcim AG	United States	Industrial	Shares	2026-04-30	4.955.405	x1	EUR	https://www.pmepensioen.nl/en/investments/we-do-invest-in
PME pensioenfonds	Holcim Finance Luxembourg SA	Switzerland	Industrial	Corporate bonds	2026-04-30	36.996.635	x1	EUR	https://www.pmepensioen.nl/en/investments/we-do-invest-in
PME pensioenfonds	Environnement SAS	France	Utilities	Corporate bonds	2026-04-30	3.114.787	x1	EUR	https://www.pmepensioen.nl/en/investments/we-do-invest-in
PME pensioenfonds	Holmen AB	Sweden	Basic materials	Shares	2026-04-30	306.814	x1	EUR	https://www.pmepensioen.nl/en/investments/we-do-invest-in
PME pensioenfonds	Hologic Inc	United States	Consumer, non-cyclical	Shares	2026-04-30	3.299.009	x1	EUR	https://www.pmepensioen.nl/en/investments/we-do-invest-in
PME pensioenfonds	Hologic Inc	United States	Consumer, non-cyclical	Corporate bonds	2026-04-30	9.743.167	x1	EUR	https://www.pmepensioen.nl/en/investments/we-do-invest-in
PME pensioenfonds	Home Depot Inc/The	United States	Consumer, cyclical	Shares	2026-04-30	99.123.998	x1	EUR	https://www.pmepensioen.nl/en/investments/we-do-invest-in
PME pensioenfonds	Hon Hai Precision Industry Co Ltd	Taiwan	Industrial	Shares	2026-04-30	31.258.611	x1	EUR	https://www.pmepensioen.nl/en/investments/we-do-invest-in
PME pensioenfonds	Honda Motor Co Ltd	Japan	Consumer, cyclical	Shares	2026-04-30	8.266.550	x1	EUR	https://www.pmepensioen.nl/en/investments/we-do-invest-in
PME pensioenfonds	Hong Kong Exchanges & Clearing Ltd	Hong Kong	Financial	Shares	2026-04-30	14.363.596	x1	EUR	https://www.pmepensioen.nl/en/investments/we-do-invest-in
PME pensioenfonds	Hong Leong Bank Bhd	Malaysia	Financial	Shares	2026-04-30	1.921.370	x1	EUR	https://www.pmepensioen.nl/en/investments/we-do-invest-in
PME pensioenfonds	Horizon Robotics	China	Technology	Shares	2026-04-30	2.045.469	x1	EUR	https://www.pmepensioen.nl/en/investments/we-do-invest-in
PME pensioenfonds	Howard Hughes Corp/The	United States	Financial	Corporate bonds	2026-04-30	7.283.015	x1	EUR	https://www.pmepensioen.nl/en/investments/we-do-invest-in
PME pensioenfonds	Howmet Aerospace Inc	United States	Industrial	Shares	2026-04-30	17.536.322	x1	EUR	https://www.pmepensioen.nl/en/investments/we-do-invest-in
PME pensioenfonds	Hoya Corp	Japan	Industrial	Shares	2026-04-30	14.339.333	x1	EUR	https://www.pmepensioen.nl/en/investments/we-do-invest-in
PME pensioenfonds	HP Inc	United States	Technology	Shares	2026-04-30	3.539.078	x1	EUR	https://www.pmepensioen.nl/en/investments/we-do-invest-in
PME pensioenfonds	HSBC Holdings PLC	United Kingdom	Financial	Shares	2026-04-30	33.552.096	x1	EUR	https://www.pmepensioen.nl/en/investments/we-do-invest-in
PME pensioenfonds	HT Troplast GmbH	Germany	Industrial	Corporate bonds	2026-04-30	2.862.136	x1	EUR	https://www.pmepensioen.nl/en/investments/we-do-invest-in
PME pensioenfonds	Hua Nan Financial Holdings Co Ltd	Taiwan	Financial	Shares	2026-04-30	5.253.613	x1	EUR	https://www.pmepensioen.nl/en/investments/we-do-invest-in
PME pensioenfonds	Hubbell Inc	United States	Industrial	Shares	2026-04-30	5.110.562	x1	EUR	https://www.pmepensioen.nl/en/investments/we-do-invest-in
PME pensioenfonds	HubSpot Inc	United States	Technology	Shares	2026-04-30	2.306.895	x1	EUR	https://www.pmepensioen.nl/en/investments/we-do-invest-in
PME pensioenfonds	Huhtamaki OYJ	Finland	Industrial	Corporate bonds	2026-04-30	102.075	x1	EUR	https://www.pmepensioen.nl/en/investments/we-do-invest-in
PME pensioenfonds	Humana Inc	United States	Consumer, non-cyclical	Shares	2026-04-30	4.081.181	x1	EUR	https://www.pmepensioen.nl/en/investments/we-do-invest-in
PME pensioenfonds	Hundsun Technologies Inc	China	Technology	Shares	2026-04-30	244.239	x1	EUR	https://www.pmepensioen.nl/en/investments/we-do-invest-in
PME pensioenfonds	Huntington Bancshares Inc/OH	United States	Financial	Shares	2026-04-30	4.644.948	x1	EUR	https://www.pmepensioen.nl/en/investments/we-do-invest-in
PME pensioenfonds	Huntsman International LLC	United States	Basic materials	Corporate bonds	2026-04-30	492.726	x1	EUR	https://www.pmepensioen.nl/en/investments/we-do-invest-in
PME pensioenfonds	HYBE Co Ltd	Korea	Consumer, cyclical	Shares	2026-04-30	2.457.037	x1	EUR	https://www.pmepensioen.nl/en/investments/we-do-invest-in
PME pensioenfonds	Hyosung Heavy Industries Corp	Korea	Industrial	Shares	2026-04-30	4.859.764	x1	EUR	https://www.pmepensioen.nl/en/investments/we-do-invest-in
PME pensioenfonds	Hyundai Glovis Co Ltd	Korea	Industrial	Shares	2026-04-30	2.933.250	x1	EUR	https://www.pmepensioen.nl/en/investments/we-do-invest-in
PME pensioenfonds	Hyundai Rotem Co Ltd	Korea	Industrial	Shares	2026-04-30	4.724.055	x1	EUR	https://www.pmepensioen.nl/en/investments/we-do-invest-in
PME pensioenfonds	iA Financial Corp Inc	Canada	Financial	Shares	2026-04-30	2.044.254	x1	EUR	https://www.pmepensioen.nl/en/investments/we-do-invest-in
PME pensioenfonds	IAMGOLD Corp	Burkina Faso	Basic materials	Corporate bonds	2026-04-30	886.554	x1	EUR	https://www.pmepensioen.nl/en/investments/we-do-invest-in
PME pensioenfonds	Iberdrola Finanzas SA	Spain	Utilities	Corporate bonds	2026-04-30	7.862.235	x1	EUR	https://www.pmepensioen.nl/en/investments/we-do-invest-in
PME pensioenfonds	Iberdrola SA	Spain	Utilities	Shares	2026-04-30	58.051.465	x1	EUR	https://www.pmepensioen.nl/en/investments/we-do-invest-in
PME pensioenfonds	ICG PLC	United Kingdom	Financial	Corporate bonds	2026-04-30	15.769.864	x1	EUR	https://www.pmepensioen.nl/en/investments/we-do-invest-in
PME pensioenfonds	ICICI Bank Ltd	India	Financial	Shares	2026-04-30	36.893.601	x1	EUR	https://www.pmepensioen.nl/en/investments/we-do-invest-in
PME pensioenfonds	ICICI Lombard General Insurance Co Ltd	India	Financial	Shares	2026-04-30	2.468.258	x1	EUR	https://www.pmepensioen.nl/en/investments/we-do-invest-in
PME pensioenfonds	ICICI Prudential Life Insurance Co Ltd	India	Financial	Shares	2026-04-30	1.046.081	x1	EUR	https://www.pmepensioen.nl/en/investments/we-do-invest-in
PME pensioenfonds	IDEX Corp	United States	Industrial	Shares	2026-04-30	2.816.599	x1	EUR	https://www.pmepensioen.nl/en/investments/we-do-invest-in
PME pensioenfonds	IDEXX Laboratories Inc	United States	Consumer, non-cyclical	Shares	2026-04-30	8.859.935	x1	EUR	https://www.pmepensioen.nl/en/investments/we-do-invest-in
PME pensioenfonds	IDFC First Bank Ltd	India	Financial	Shares	2026-04-30	1.218.490	x1	EUR	https://www.pmepensioen.nl/en/investments/we-do-invest-in
PME pensioenfonds	IDS Financing PLC	United Kingdom	Industrial	Corporate bonds	2026-04-30	14.669.084	x1	EUR	https://www.pmepensioen.nl/en/investments/we-do-invest-in
PME pensioenfonds	Iglo Foods BondCo Plc	United Kingdom	Consumer, non-cyclical	Corporate bonds	2026-04-30	11.877.716	x1	EUR	https://www.pmepensioen.nl/en/investments/we-do-invest-in
PME pensioenfonds	IGM Financial Inc	Canada	Financial	Shares	2026-04-30	737.594	x1	EUR	https://www.pmepensioen.nl/en/investments/we-do-invest-in
PME pensioenfonds	IHG Finance LLC	United Kingdom	Consumer, cyclical	Corporate bonds	2026-04-30	19.577.467	x1	EUR	https://www.pmepensioen.nl/en/investments/we-do-invest-in
PME pensioenfonds	IHH Healthcare Bhd	Malaysia	Consumer, non-cyclical	Shares	2026-04-30	2.840.146	x1	EUR	https://www.pmepensioen.nl/en/investments/we-do-invest-in
PME pensioenfonds	IHI Corp	Japan	Industrial	Shares	2026-04-30	5.055.285	x1	EUR	https://www.pmepensioen.nl/en/investments/we-do-invest-in
PME pensioenfonds	IHO Verwaltungs GmbH	Germany	Consumer, cyclical	Corporate bonds	2026-04-30	3.532.158	x1	EUR	https://www.pmepensioen.nl/en/investments/we-do-invest-in
PME pensioenfonds	Iliad Holding SAS	France	Communications	Corporate bonds	2026-04-30	9.050.357	x1	EUR	https://www.pmepensioen.nl/en/investments/we-do-invest-in
PME pensioenfonds	iliad SA	France	Communications	Corporate bonds	2026-04-30	48.800.997	x1	EUR	https://www.pmepensioen.nl/en/investments/we-do-invest-in
PME pensioenfonds	Illinois Tool Works Inc	United States	Industrial	Corporate bonds	2026-04-30	38.082.579	x1	EUR	https://www.pmepensioen.nl/en/investments/we-do-invest-in
PME pensioenfonds	Illinois Tool Works Inc	United States	Industrial	Shares	2026-04-30	14.349.836	x1	EUR	https://www.pmepensioen.nl/en/investments/we-do-invest-in
PME pensioenfonds	Illumina Inc	United States	Consumer, non-cyclical	Shares	2026-04-30	3.822.857	x1	EUR	https://www.pmepensioen.nl/en/investments/we-do-invest-in
PME pensioenfonds	IMCD NV	Netherlands	Consumer, cyclical	Corporate bonds	2026-04-30	19.106.880	x1	EUR	https://www.pmepensioen.nl/en/investments/we-do-invest-in
PME pensioenfonds	Imeik Technology Development Co Ltd	China	Consumer, non-cyclical	Shares	2026-04-30	164.968	x1	EUR	https://www.pmepensioen.nl/en/investments/we-do-invest-in
PME pensioenfonds	Impala Platinum Holdings Ltd	South Africa	Basic materials	Shares	2026-04-30	7.141.618	x1	EUR	https://www.pmepensioen.nl/en/investments/we-do-invest-in
PME pensioenfonds	li SA	France	Financial	Corporate bonds	2026-04-30	9.993.736	x1	EUR	https://www.pmepensioen.nl/en/investments/we-do-invest-in
PME pensioenfonds	Indian Hotels Co Ltd/The	India	Consumer, cyclical	Shares	2026-04-30	2.869.209	x1	EUR	https://www.pmepensioen.nl/en/investments/we-do-invest-in
PME pensioenfonds	IndusInd Bank Ltd	India	Financial	Shares	2026-04-30	2.337.211	x1	EUR	https://www.pmepensioen.nl/en/investments/we-do-invest-in
PME pensioenfonds	Industria de Diseno Textil SA	Spain	Consumer, cyclical	Shares	2026-04-30	7.312.435	x1	EUR	https://www.pmepensioen.nl/en/investments/we-do-invest-in
PME pensioenfonds	Indutrade AB	Sweden	Industrial	Shares	2026-04-30	712.105	x1	EUR	https://www.pmepensioen.nl/en/investments/we-do-invest-in
PME pensioenfonds	INEOS Quattro Finance 2 Plc	United Kingdom	Basic materials	Corporate bonds	2026-04-30	2.594.898	x1	EUR	https://www.pmepensioen.nl/en/investments/we-do-invest-in
PME pensioenfonds	Infineon Technologies AG	Germany	Technology	Corporate bonds	2026-04-30	45.936.295	x1	EUR	https://www.pmepensioen.nl/en/investments/we-do-invest-in
PME pensioenfonds	Infineon Technologies AG	Germany	Technology	Shares	2026-04-30	17.555.506	x1	EUR	https://www.pmepensioen.nl/en/investments/we-do-invest-in
PME pensioenfonds	Info Edge India Ltd	India	Communications	Shares	2026-04-30	2.260.069	x1	EUR	https://www.pmepensioen.nl/en/investments/we-do-invest-in
PME pensioenfonds	Informa PLC	United Kingdom	Communications	Shares	2026-04-30	1.515.784	x1	EUR	https://www.pmepensioen.nl/en/investments/we-do-invest-in
PME pensioenfonds	Informa PLC	United Kingdom	Communications	Corporate bonds	2026-04-30	26.580.363	x1	EUR	https://www.pmepensioen.nl/en/investments/we-do-invest-in
PME pensioenfonds	Infosys Ltd	India	Technology	Shares	2026-04-30	18.613.376	x1	EUR	https://www.pmepensioen.nl/en/investments/we-do-invest-in
PME pensioenfonds	Infrastrutture Wireless Italiane SpA	Italy	Industrial	Corporate bonds	2026-04-30	19.808.839	x1	EUR	https://www.pmepensioen.nl/en/investments/we-do-invest-in
PME pensioenfonds	ING Bank NV	Netherlands	Financial	Corporate bonds	2026-04-30	15.482.108	x1	EUR	https://www.pmepensioen.nl/en/investments/we-do-invest-in
PME pensioenfonds	ING Groep NV	Netherlands	Financial	Shares	2026-04-30	9.458.774	x1	EUR	https://www.pmepensioen.nl/en/investments/we-do-invest-in
PME pensioenfonds	ING Groep NV	Netherlands	Financial	Corporate bonds	2026-04-30	35.784.471	x1	EUR	https://www.pmepensioen.nl/en/investments/we-do-invest-in
PME pensioenfonds	Ingersoll Rand Inc	United States	Industrial	Shares	2026-04-30	12.993.041	x1	EUR	https://www.pmepensioen.nl/en/investments/we-do-invest-in
PME pensioenfonds	Ingevity Corp	United States	Basic materials	Corporate bonds	2026-04-30	7.158.481	x1	EUR	https://www.pmepensioen.nl/en/investments/we-do-invest-in
PME pensioenfonds	Inner Mongolia Yili Industrial Group Co Ltd	China	Consumer, non-cyclical	Shares	2026-04-30	997.769	x1	EUR	https://www.pmepensioen.nl/en/investments/we-do-invest-in
PME pensioenfonds	InPost SA	Poland	Industrial	Shares	2026-04-30	445.116	x1	EUR	https://www.pmepensioen.nl/en/investments/we-do-invest-in
PME pensioenfonds	Insight Enterprises Inc	United States	Technology	Corporate bonds	2026-04-30	7.970.784	x1	EUR	https://www.pmepensioen.nl/en/investments/we-do-invest-in
PME pensioenfonds	Installed Building Products Inc	United States	Consumer, cyclical	Corporate bonds	2026-04-30	3.147.236	x1	EUR	https://www.pmepensioen.nl/en/investments/we-do-invest-in
PME pensioenfonds	Insulet Corp	United States	Consumer, non-cyclical	Shares	2026-04-30	2.871.686	x1	EUR	https://www.pmepensioen.nl/en/investments/we-do-invest-in
PME pensioenfonds	Insulet Corp	United States	Consumer, non-cyclical	Corporate bonds	2026-04-30	7.393.986	x1	EUR	https://www.pmepensioen.nl/en/investments/we-do-invest-in
PME pensioenfonds	Insurance Australia Group Ltd	Australia	Financial	Shares	2026-04-30	2.971.642	x1	EUR	https://www.pmepensioen.nl/en/investments/we-do-invest-in
PME pensioenfonds	Intact Financial Corp	Canada	Financial	Shares	2026-04-30	6.316.149	x1	EUR	https://www.pmepensioen.nl/en/investments/we-do-invest-in
PME pensioenfonds	Intel Corp	United States	Technology	Shares	2026-04-30	38.233.540	x1	EUR	https://www.pmepensioen.nl/en/investments/we-do-invest-in
PME pensioenfonds	Interactive Brokers Group Inc	United States	Financial	Shares	2026-04-30	5.734.828	x1	EUR	https://www.pmepensioen.nl/en/investments/we-do-invest-in
PME pensioenfonds	Intercontinental Exchange Inc	United States	Financial	Shares	2026-04-30	62.622.202	x1	EUR	https://www.pmepensioen.nl/en/investments/we-do-invest-in
PME pensioenfonds	InterGlobe Aviation Ltd	India	Consumer, cyclical	Shares	2026-04-30	4.437.871	x1	EUR	https://www.pmepensioen.nl/en/investments/we-do-invest-in
PME pensioenfonds	International Business Machines Corp	United States	Technology	Shares	2026-04-30	44.420.986	x1	EUR	https://www.pmepensioen.nl/en/investments/we-do-invest-in
PME pensioenfonds	International Business Machines Corp	United States	Technology	Corporate bonds	2026-04-30	81.981.778	x1	EUR	https://www.pmepensioen.nl/en/investments/we-do-invest-in
PME pensioenfonds	International Consolidated Airlines Group SA	United Kingdom	Consumer, cyclical	Shares	2026-04-30	665.849	x1	EUR	https://www.pmepensioen.nl/en/investments/we-do-invest-in
PME pensioenfonds	International Flavors & Fragrances Inc	United States	Basic materials	Corporate bonds	2026-04-30	9.035.297	x1	EUR	https://www.pmepensioen.nl/en/investments/we-do-invest-in
PME pensioenfonds	International Flavors & Fragrances Inc	United States	Basic materials	Corporate bonds	2026-04-30	9.035.297	x1	EUR	https://www.pmepensioen.nl/en/investments/we-do-invest-in
PME pensioenfonds	International Games System Co Ltd	Taiwan	Technology	Shares	2026-04-30	3.188.959	x1	EUR	https://www.pmepensioen.nl/en/investments/we-do-invest-in
PME pensioenfonds	International Paper Co	United States	Basic materials	Shares	2026-04-30	3.415.761	x1	EUR	https://www.pmepensioen.nl/en/investments/we-do-invest-in
PME pensioenfonds	Intertek Group PLC	United Kingdom	Consumer, non-cyclical	Shares	2026-04-30	887.512	x1	EUR	https://www.pmepensioen.nl/en/investments/we-do-invest-in
PME pensioenfonds	Intesa Sanpaolo SpA	Italy	Financial	Shares	2026-04-30	42.759.814	x1	EUR	https://www.pmepensioen.nl/en/investments/we-do-invest-in
PME pensioenfonds	Intesa Sanpaolo SpA	Italy	Financial	Corporate bonds	2026-04-30	5.032.548	x1	EUR	https://www.pmepensioen.nl/en/investments/we-do-invest-in
PME pensioenfonds	Intuit Inc	United States	Technology	Shares	2026-04-30	39.182.890	x1	EUR	https://www.pmepensioen.nl/en/investments/we-do-invest-in
PME pensioenfonds	Intuitive Surgical Inc	United States	Consumer, non-cyclical	Shares	2026-04-30	32.839.036	x1	EUR	https://www.pmepensioen.nl/en/investments/we-do-invest-in
PME pensioenfonds	Inventec Corp	Taiwan	Technology	Shares	2026-04-30	1.517.809	x1	EUR	https://www.pmepensioen.nl/en/investments/we-do-invest-in
PME pensioenfonds	Investment AB Latour	Sweden	Financial	Shares	2026-04-30	353.129	x1	EUR	https://www.pmepensioen.nl/en/investments/we-do-invest-in
PME pensioenfonds	Investor AB	Sweden	Financial	Corporate bonds	2026-04-30	26.113.862	x1	EUR	https://www.pmepensioen.nl/en/investments/we-do-invest-in
PME pensioenfonds	IOI Corp Bhd	Malaysia	Consumer, non-cyclical	Shares	2026-04-30	1.737.027	x1	EUR	https://www.pmepensioen.nl/en/investments/we-do-invest-in
PME pensioenfonds	Ipsen SA	France	Consumer, non-cyclical	Shares	2026-04-30	812.586	x1	EUR	https://www.pmepensioen.nl/en/investments/we-do-invest-in
PME pensioenfonds	IQVIA Holdings Inc	United States	Consumer, non-cyclical	Shares	2026-04-30	5.904.959	x1	EUR	https://www.pmepensioen.nl/en/investments/we-do-invest-in
PME pensioenfonds	IQVIA Inc	United States	Consumer, non-cyclical	Corporate bonds	2026-04-30	50.768.139	x1	EUR	https://www.pmepensioen.nl/en/investments/we-do-invest-in
PME pensioenfonds	Iren SpA	Italy	Utilities	Corporate bonds	2026-04-30	12.930.744	x1	EUR	https://www.pmepensioen.nl/en/investments/we-do-invest-in
PME pensioenfonds	Iron Mountain Inc	United States	Financial	Corporate bonds	2026-04-30	22.112.783	x1	EUR	https://www.pmepensioen.nl/en/investments/we-do-invest-in
PME pensioenfonds	Iron Mountain Information Management Services Inc	United States	Financial	Corporate bonds	2026-04-30	4.922.561	x1	EUR	https://www.pmepensioen.nl/en/investments/we-do-invest-in
PME pensioenfonds	Isoftstone Information Technology Group Co Ltd	China	Communications	Shares	2026-04-30	185.435	x1	EUR	https://www.pmepensioen.nl/en/investments/we-do-invest-in
PME pensioenfonds	ISS Global A/S	Denmark	Consumer, non-cyclical	Corporate bonds	2026-04-30	8.371.410	x1	EUR	https://www.pmepensioen.nl/en/investments/we-do-invest-in
PME pensioenfonds	Italgas SpA	Italy	Utilities	Corporate bonds	2026-04-30	22.052.585	x1	EUR	https://www.pmepensioen.nl/en/investments/we-do-invest-in
PME pensioenfonds	Itau Unibanco Holding SA	Brazil	Financial	Shares	2026-04-30	25.436.338	x1	EUR	https://www.pmepensioen.nl/en/investments/we-do-invest-in
PME pensioenfonds	Itausa SA	Brazil	Financial	Shares	2026-04-30	8.458.914	x1	EUR	https://www.pmepensioen.nl/en/investments/we-do-invest-in
PME pensioenfonds	IWG US Finance LLC	United States	Financial	Corporate bonds	2026-04-30	4.341.492	x1	EUR	https://www.pmepensioen.nl/en/investments/we-do-invest-in
PME pensioenfonds	J Sainsbury PLC	United Kingdom	Consumer, non-cyclical	Shares	2026-04-30	916.239	x1	EUR	https://www.pmepensioen.nl/en/investments/we-do-invest-in
PME pensioenfonds	J&T Global Express Ltd	China	Industrial	Shares	2026-04-30	1.781.043	x1	EUR	https://www.pmepensioen.nl/en/investments/we-do-invest-in
PME pensioenfonds	JAB Holdings BV	Luxembourg	Financial	Corporate bonds	2026-04-30	6.319.475	x1	EUR	https://www.pmepensioen.nl/en/investments/we-do-invest-in
PME pensioenfonds	Jabil Inc	United States	Industrial	Shares	2026-04-30	5.626.598	x1	EUR	https://www.pmepensioen.nl/en/investments/we-do-invest-in
PME pensioenfonds	Jack Henry & Associates Inc	United States	Technology	Shares	2026-04-30	2.414.904	x1	EUR	https://www.pmepensioen.nl/en/investments/we-do-invest-in
PME pensioenfonds	Jacobs Solutions Inc	United States	Industrial	Shares	2026-04-30	12.072.931	x1	EUR	https://www.pmepensioen.nl/en/investments/we-do-invest-in
PME pensioenfonds	James Hardie International Finance DAC	United States	Industrial	Corporate bonds	2026-04-30	4.798.010	x1	EUR	https://www.pmepensioen.nl/en/investments/we-do-invest-in
PME pensioenfonds	Japan Airlines Co Ltd	Japan	Consumer, cyclical	Shares	2026-04-30	587.850	x1	EUR	https://www.pmepensioen.nl/en/investments/we-do-invest-in
PME pensioenfonds	Japan Exchange Group Inc	Japan	Financial	Shares	2026-04-30	2.795.932	x1	EUR	https://www.pmepensioen.nl/en/investments/we-do-invest-in
PME pensioenfonds	Japan Post Bank Co Ltd	Japan	Financial	Shares	2026-04-30	7.078.531	x1	EUR	https://www.pmepensioen.nl/en/investments/we-do-invest-in
PME pensioenfonds	Japan Post Holdings Co Ltd	Japan	Financial	Shares	2026-04-30	4.953.083	x1	EUR	https://www.pmepensioen.nl/en/investments/we-do-invest-in
PME pensioenfonds	Japan Post Insurance Co Ltd	Japan	Financial	Shares	2026-04-30	1.409.998	x1	EUR	https://www.pmepensioen.nl/en/investments/we-do-invest-in
PME pensioenfonds	Jarir Marketing Co	Saudi Arabia	Consumer, cyclical	Shares	2026-04-30	1.110.137	x1	EUR	https://www.pmepensioen.nl/en/investments/we-do-invest-in
PME pensioenfonds	Jazz Securities DAC	United States	Consumer, non-cyclical	Corporate bonds	2026-04-30	12.735.102	x1	EUR	https://www.pmepensioen.nl/en/investments/we-do-invest-in
PME pensioenfonds	JCDecaux SE	France	Communications	Corporate bonds	2026-04-30	10.490.348	x1	EUR	https://www.pmepensioen.nl/en/investments/we-do-invest-in
PME pensioenfonds	JD Health International Inc	China	Consumer, cyclical	Shares	2026-04-30	3.759.955	x1	EUR	https://www.pmepensioen.nl/en/investments/we-do-invest-in
PME pensioenfonds	JD Logistics Inc	China	Industrial	Shares	2026-04-30	2.022.681	x1	EUR	https://www.pmepensioen.nl/en/investments/we-do-invest-in
PME pensioenfonds	JD Sports Fashion PLC	United Kingdom	Consumer, cyclical	Shares	2026-04-30	268.672	x1	EUR	https://www.pmepensioen.nl/en/investments/we-do-invest-in
PME pensioenfonds	JD.com Inc	China	Communications	Shares	2026-04-30	19.178.826	x1	EUR	https://www.pmepensioen.nl/en/investments/we-do-invest-in
PME pensioenfonds	s NV	Netherlands	Consumer, non-cyclical	Corporate bonds	2026-04-30	14.935.627	x1	EUR	https://www.pmepensioen.nl/en/investments/we-do-invest-in
PME pensioenfonds	JELD-WEN Inc	United States	Industrial	Corporate bonds	2026-04-30	1.066.643	x1	EUR	https://www.pmepensioen.nl/en/investments/we-do-invest-in
PME pensioenfonds	Jeronimo Martins SGPS SA	Portugal	Consumer, non-cyclical	Shares	2026-04-30	778.895	x1	EUR	https://www.pmepensioen.nl/en/investments/we-do-invest-in
PME pensioenfonds	JH North America Holdings Inc	United States	Industrial	Corporate bonds	2026-04-30	2.614.631	x1	EUR	https://www.pmepensioen.nl/en/investments/we-do-invest-in
PME pensioenfonds	Jiangsu Hengrui Pharmaceuticals Co Ltd	China	Consumer, non-cyclical	Shares	2026-04-30	1.746.166	x1	EUR	https://www.pmepensioen.nl/en/investments/we-do-invest-in
PME pensioenfonds	Jio Financial Services Ltd	India	Financial	Shares	2026-04-30	3.581.123	x1	EUR	https://www.pmepensioen.nl/en/investments/we-do-invest-in
PME pensioenfonds	John Deere Bank SA	United States	Industrial	Corporate bonds	2026-04-30	31.529.713	x1	EUR	https://www.pmepensioen.nl/en/investments/we-do-invest-in
PME pensioenfonds	John Deere Capital Corp	United States	Industrial	Corporate bonds	2026-04-30	20.490.077	x1	EUR	https://www.pmepensioen.nl/en/investments/we-do-invest-in
PME pensioenfonds	Johnson & Johnson	United States	Consumer, non-cyclical	Corporate bonds	2026-04-30	30.784.711	x1	EUR	https://www.pmepensioen.nl/en/investments/we-do-invest-in
PME pensioenfonds	Johnson & Johnson	United States	Consumer, non-cyclical	Shares	2026-04-30	116.048.113	x1	EUR	https://www.pmepensioen.nl/en/investments/we-do-invest-in
PME pensioenfonds	Johnson Controls International plc / Tyco Fire & Security Finance SCA	United States	Industrial	Corporate bonds	2026-04-30	9.310.602	x1	EUR	https://www.pmepensioen.nl/en/investments/we-do-invest-in
PME pensioenfonds	Jollibee Foods Corp	Philippines	Consumer, cyclical	Shares	2026-04-30	700.938	x1	EUR	https://www.pmepensioen.nl/en/investments/we-do-invest-in
PME pensioenfonds	JPMorgan Chase & Co	United States	Financial	Corporate bonds	2026-04-30	49.493.141	x1	EUR	https://www.pmepensioen.nl/en/investments/we-do-invest-in
PME pensioenfonds	JPMorgan Chase & Co	United States	Financial	Shares	2026-04-30	212.694.122	x1	EUR	https://www.pmepensioen.nl/en/investments/we-do-invest-in
PME pensioenfonds	Jubilant Foodworks Ltd	India	Consumer, cyclical	Shares	2026-04-30	767.158	x1	EUR	https://www.pmepensioen.nl/en/investments/we-do-invest-in
PME pensioenfonds	Julius Baer Group Ltd	Switzerland	Financial	Shares	2026-04-30	1.738.298	x1	EUR	https://www.pmepensioen.nl/en/investments/we-do-invest-in
PME pensioenfonds	JUMBO SA	Greece	Consumer, cyclical	Shares	2026-04-30	1.678.547	x1	EUR	https://www.pmepensioen.nl/en/investments/we-do-invest-in
PME pensioenfonds	Jyske Bank A/S	Denmark	Financial	Corporate bonds	2026-04-30	19.233.325	x1	EUR	https://www.pmepensioen.nl/en/investments/we-do-invest-in
PME pensioenfonds	Kaiser Aluminum Corp	United States	Basic materials	Corporate bonds	2026-04-30	3.440.125	x1	EUR	https://www.pmepensioen.nl/en/investments/we-do-invest-in
PME pensioenfonds	Kajima Corp	Japan	Industrial	Shares	2026-04-30	3.915.367	x1	EUR	https://www.pmepensioen.nl/en/investments/we-do-invest-in
PME pensioenfonds	Kakao Corp	Korea	Communications	Shares	2026-04-30	5.175.642	x1	EUR	https://www.pmepensioen.nl/en/investments/we-do-invest-in
PME pensioenfonds	KakaoBank Corp	Korea	Financial	Shares	2026-04-30	1.533.789	x1	EUR	https://www.pmepensioen.nl/en/investments/we-do-invest-in
PME pensioenfonds	Kanzhun Ltd	China	Communications	Shares	2026-04-30	3.057.550	x1	EUR	https://www.pmepensioen.nl/en/investments/we-do-invest-in
PME pensioenfonds	Kao Corp	Japan	Consumer, non-cyclical	Shares	2026-04-30	4.458.995	x1	EUR	https://www.pmepensioen.nl/en/investments/we-do-invest-in
PME pensioenfonds	Kapla Holding SAS	France	Consumer, non-cyclical	Corporate bonds	2026-04-30	2.846.649	x1	EUR	https://www.pmepensioen.nl/en/investments/we-do-invest-in
PME pensioenfonds	Kasikornbank PCL	Thailand	Financial	Shares	2026-04-30	1.752.105	x1	EUR	https://www.pmepensioen.nl/en/investments/we-do-invest-in
PME pensioenfonds	KB Financial Group Inc	Korea	Financial	Shares	2026-04-30	18.431.182	x1	EUR	https://www.pmepensioen.nl/en/investments/we-do-invest-in
PME pensioenfonds	KBC Group NV	Belgium	Financial	Corporate bonds	2026-04-30	30.350.642	x1	EUR	https://www.pmepensioen.nl/en/investments/we-do-invest-in
PME pensioenfonds	KBC Group NV	Belgium	Financial	Shares	2026-04-30	37.361.885	x1	EUR	https://www.pmepensioen.nl/en/investments/we-do-invest-in
PME pensioenfonds	KBC IFIMA SA	Belgium	Financial	Corporate bonds	2026-04-30	7.411.318	x1	EUR	https://www.pmepensioen.nl/en/investments/we-do-invest-in
PME pensioenfonds	KDDI Corp	Japan	Communications	Shares	2026-04-30	13.031.840	x1	EUR	https://www.pmepensioen.nl/en/investments/we-do-invest-in
PME pensioenfonds	KE Holdings Inc	China	Financial	Shares	2026-04-30	5.478.057	x1	EUR	https://www.pmepensioen.nl/en/investments/we-do-invest-in
PME pensioenfonds	Kennedy-Wilson Inc	United States	Financial	Corporate bonds	2026-04-30	7.501.245	x1	EUR	https://www.pmepensioen.nl/en/investments/we-do-invest-in
PME pensioenfonds	Keppel Ltd	Singapore	Industrial	Shares	2026-04-30	3.338.990	x1	EUR	https://www.pmepensioen.nl/en/investments/we-do-invest-in
PME pensioenfonds	Kerry Group Financial Services	Ireland	Consumer, non-cyclical	Corporate bonds	2026-04-30	25.154.455	x1	EUR	https://www.pmepensioen.nl/en/investments/we-do-invest-in
PME pensioenfonds	Kerry Group PLC	Ireland	Consumer, non-cyclical	Shares	2026-04-30	4.212.688	x1	EUR	https://www.pmepensioen.nl/en/investments/we-do-invest-in
PME pensioenfonds	Kesko OYJ	Finland	Consumer, non-cyclical	Shares	2026-04-30	695.218	x1	EUR	https://www.pmepensioen.nl/en/investments/we-do-invest-in
PME pensioenfonds	Keurig Dr Pepper Inc	United States	Consumer, non-cyclical	Shares	2026-04-30	6.603.981	x1	EUR	https://www.pmepensioen.nl/en/investments/we-do-invest-in
PME pensioenfonds	KeyCorp	United States	Financial	Shares	2026-04-30	3.663.293	x1	EUR	https://www.pmepensioen.nl/en/investments/we-do-invest-in
PME pensioenfonds	Keyence Corp	Japan	Industrial	Shares	2026-04-30	16.670.178	x1	EUR	https://www.pmepensioen.nl/en/investments/we-do-invest-in
PME pensioenfonds	Keysight Technologies Inc	United States	Industrial	Shares	2026-04-30	9.494.269	x1	EUR	https://www.pmepensioen.nl/en/investments/we-do-invest-in
PME pensioenfonds	KFC Holding Co/Pizza Hut Holdings LLC/Taco Bell of America LLC	United States	Consumer, cyclical	Corporate bonds	2026-04-30	7.921.202	x1	EUR	https://www.pmepensioen.nl/en/investments/we-do-invest-in
PME pensioenfonds	KGI Financial Holding Co Ltd	Taiwan	Financial	Shares	2026-04-30	4.872.262	x1	EUR	https://www.pmepensioen.nl/en/investments/we-do-invest-in
PME pensioenfonds	Kimberly-Clark de Mexico SAB de CV	Mexico	Consumer, non-cyclical	Shares	2026-04-30	2.189.341	x1	EUR	https://www.pmepensioen.nl/en/investments/we-do-invest-in
PME pensioenfonds	King Slide Works Co Ltd	Taiwan	Industrial	Shares	2026-04-30	2.671.989	x1	EUR	https://www.pmepensioen.nl/en/investments/we-do-invest-in
PME pensioenfonds	King Yuan Electronics Co Ltd	Taiwan	Technology	Shares	2026-04-30	3.911.190	x1	EUR	https://www.pmepensioen.nl/en/investments/we-do-invest-in
PME pensioenfonds	Kingdee International Software Group Co Ltd	China	Technology	Shares	2026-04-30	1.261.759	x1	EUR	https://www.pmepensioen.nl/en/investments/we-do-invest-in
PME pensioenfonds	Kingfisher PLC	United Kingdom	Consumer, cyclical	Shares	2026-04-30	768.469	x1	EUR	https://www.pmepensioen.nl/en/investments/we-do-invest-in
PME pensioenfonds	Kingsoft Corp Ltd	China	Technology	Shares	2026-04-30	1.645.904	x1	EUR	https://www.pmepensioen.nl/en/investments/we-do-invest-in
PME pensioenfonds	Kingspan Group PLC	Ireland	Industrial	Shares	2026-04-30	11.743.864	x1	EUR	https://www.pmepensioen.nl/en/investments/we-do-invest-in
PME pensioenfonds	Kingspan Securities Ireland DAC	Ireland	Industrial	Corporate bonds	2026-04-30	7.546.103	x1	EUR	https://www.pmepensioen.nl/en/investments/we-do-invest-in
PME pensioenfonds	Kirin Holdings Co Ltd	Japan	Consumer, non-cyclical	Shares	2026-04-30	3.044.268	x1	EUR	https://www.pmepensioen.nl/en/investments/we-do-invest-in
PME pensioenfonds	KLA Corp	United States	Technology	Shares	2026-04-30	52.432.722	x1	EUR	https://www.pmepensioen.nl/en/investments/we-do-invest-in
PME pensioenfonds	Klabin SA	Brazil	Industrial	Shares	2026-04-30	1.308.717	x1	EUR	https://www.pmepensioen.nl/en/investments/we-do-invest-in
PME pensioenfonds	Klepierre SA	France	Financial	Corporate bonds	2026-04-30	3.107.708	x1	EUR	https://www.pmepensioen.nl/en/investments/we-do-invest-in
PME pensioenfonds	Knife River Corp	United States	Industrial	Corporate bonds	2026-04-30	2.779.608	x1	EUR	https://www.pmepensioen.nl/en/investments/we-do-invest-in
PME pensioenfonds	Knorr-Bremse AG	Germany	Industrial	Corporate bonds	2026-04-30	3.514.608	x1	EUR	https://www.pmepensioen.nl/en/investments/we-do-invest-in
PME pensioenfonds	Komatsu Ltd	Japan	Industrial	Shares	2026-04-30	8.450.187	x1	EUR	https://www.pmepensioen.nl/en/investments/we-do-invest-in
PME pensioenfonds	Komercni banka as	Czech Republic	Financial	Shares	2026-04-30	1.983.807	x1	EUR	https://www.pmepensioen.nl/en/investments/we-do-invest-in
PME pensioenfonds	Konami Group Corp	Japan	Technology	Shares	2026-04-30	3.069.491	x1	EUR	https://www.pmepensioen.nl/en/investments/we-do-invest-in
PME pensioenfonds	Kone OYJ	Finland	Industrial	Shares	2026-04-30	21.784.910	x1	EUR	https://www.pmepensioen.nl/en/investments/we-do-invest-in
PME pensioenfonds	Koninklijke Ahold Delhaize NV	Netherlands	Consumer, non-cyclical	Corporate bonds	2026-04-30	40.016.880	x1	EUR	https://www.pmepensioen.nl/en/investments/we-do-invest-in
PME pensioenfonds	Koninklijke Ahold Delhaize NV	Netherlands	Consumer, non-cyclical	Shares	2026-04-30	5.004.179	x1	EUR	https://www.pmepensioen.nl/en/investments/we-do-invest-in
PME pensioenfonds	Koninklijke KPN NV	Netherlands	Communications	Corporate bonds	2026-04-30	30.619.820	x1	EUR	https://www.pmepensioen.nl/en/investments/we-do-invest-in
PME pensioenfonds	Koninklijke KPN NV	Netherlands	Communications	Shares	2026-04-30	2.554.500	x1	EUR	https://www.pmepensioen.nl/en/investments/we-do-invest-in
PME pensioenfonds	Korea Investment Holdings Co Ltd	Korea	Financial	Shares	2026-04-30	3.013.919	x1	EUR	https://www.pmepensioen.nl/en/investments/we-do-invest-in
PME pensioenfonds	Korn Ferry	United States	Consumer, non-cyclical	Corporate bonds	2026-04-30	9.888.281	x1	EUR	https://www.pmepensioen.nl/en/investments/we-do-invest-in
PME pensioenfonds	Kotak Mahindra Bank Ltd	India	Financial	Shares	2026-04-30	11.037.985	x1	EUR	https://www.pmepensioen.nl/en/investments/we-do-invest-in
PME pensioenfonds	Kraft Heinz Co/The	United States	Consumer, non-cyclical	Shares	2026-04-30	4.084.584	x1	EUR	https://www.pmepensioen.nl/en/investments/we-do-invest-in
PME pensioenfonds	Kraft Heinz Foods Co	United States	Consumer, non-cyclical	Corporate bonds	2026-04-30	23.976.808	x1	EUR	https://www.pmepensioen.nl/en/investments/we-do-invest-in
PME pensioenfonds	Krafton Inc	Korea	Technology	Shares	2026-04-30	2.930.792	x1	EUR	https://www.pmepensioen.nl/en/investments/we-do-invest-in
PME pensioenfonds	Kreditanstalt fuer Wiederaufbau	Germany	Financial	Corporate bonds	2026-04-30	25.793.528	x1	EUR	https://www.pmepensioen.nl/en/investments/we-do-invest-in
PME pensioenfonds	Kroger Co/The	United States	Consumer, non-cyclical	Shares	2026-04-30	8.839.702	x1	EUR	https://www.pmepensioen.nl/en/investments/we-do-invest-in
PME pensioenfonds	Krung Thai Bank PCL	Thailand	Financial	Shares	2026-04-30	1.781.877	x1	EUR	https://www.pmepensioen.nl/en/investments/we-do-invest-in
PME pensioenfonds	Kuang-Chi Technologies Co Ltd	China	Industrial	Shares	2026-04-30	263.754	x1	EUR	https://www.pmepensioen.nl/en/investments/we-do-invest-in
PME pensioenfonds	Kubota Corp	Japan	Industrial	Shares	2026-04-30	3.735.695	x1	EUR	https://www.pmepensioen.nl/en/investments/we-do-invest-in
PME pensioenfonds	Nagel International AG	Switzerland	Industrial	Shares	2026-04-30	1.263.473	x1	EUR	https://www.pmepensioen.nl/en/investments/we-do-invest-in
PME pensioenfonds	Kyocera Corp	Japan	Industrial	Shares	2026-04-30	4.741.639	x1	EUR	https://www.pmepensioen.nl/en/investments/we-do-invest-in
PME pensioenfonds	Oreal SA	France	Consumer, non-cyclical	Corporate bonds	2026-04-30	42.342.174	x1	EUR	https://www.pmepensioen.nl/en/investments/we-do-invest-in
PME pensioenfonds	Oreal SA	France	Consumer, non-cyclical	Shares	2026-04-30	38.829.204	x1	EUR	https://www.pmepensioen.nl/en/investments/we-do-invest-in
PME pensioenfonds	La Banque Postale SA	France	Financial	Corporate bonds	2026-04-30	15.237.413	x1	EUR	https://www.pmepensioen.nl/en/investments/we-do-invest-in
PME pensioenfonds	La Poste SA	France	Industrial	Corporate bonds	2026-04-30	28.665.867	x1	EUR	https://www.pmepensioen.nl/en/investments/we-do-invest-in
PME pensioenfonds	Labcorp Holdings Inc	United States	Consumer, non-cyclical	Shares	2026-04-30	17.820.370	x1	EUR	https://www.pmepensioen.nl/en/investments/we-do-invest-in
PME pensioenfonds	Lam Research Corp	United States	Technology	Shares	2026-04-30	54.222.205	x1	EUR	https://www.pmepensioen.nl/en/investments/we-do-invest-in
PME pensioenfonds	Lamar Media Corp	United States	Communications	Corporate bonds	2026-04-30	14.915.035	x1	EUR	https://www.pmepensioen.nl/en/investments/we-do-invest-in
PME pensioenfonds	Lamb Weston Holdings Inc	United States	Consumer, non-cyclical	Corporate bonds	2026-04-30	6.248.853	x1	EUR	https://www.pmepensioen.nl/en/investments/we-do-invest-in
PME pensioenfonds	Lansforsakringar Bank AB	Sweden	Financial	Corporate bonds	2026-04-30	39.492.256	x1	EUR	https://www.pmepensioen.nl/en/investments/we-do-invest-in
PME pensioenfonds	LANXESS AG	Germany	Basic materials	Corporate bonds	2026-04-30	7.153.999	x1	EUR	https://www.pmepensioen.nl/en/investments/we-do-invest-in
PME pensioenfonds	Laopu Gold Co Ltd	China	Consumer, cyclical	Shares	2026-04-30	1.156.346	x1	EUR	https://www.pmepensioen.nl/en/investments/we-do-invest-in
PME pensioenfonds	Larsen & Toubro Infotech Ltd	India	Technology	Shares	2026-04-30	1.143.304	x1	EUR	https://www.pmepensioen.nl/en/investments/we-do-invest-in
PME pensioenfonds	Lasertec Corp	Japan	Technology	Shares	2026-04-30	4.148.202	x1	EUR	https://www.pmepensioen.nl/en/investments/we-do-invest-in
PME pensioenfonds	LCM Investments Holdings II LLC	United States	Consumer, cyclical	Corporate bonds	2026-04-30	1.758.421	x1	EUR	https://www.pmepensioen.nl/en/investments/we-do-invest-in
PME pensioenfonds	LEG Immobilien SE	Germany	Financial	Corporate bonds	2026-04-30	7.731.231	x1	EUR	https://www.pmepensioen.nl/en/investments/we-do-invest-in
PME pensioenfonds	Legal & General Group PLC	United Kingdom	Financial	Shares	2026-04-30	2.223.767	x1	EUR	https://www.pmepensioen.nl/en/investments/we-do-invest-in
PME pensioenfonds	Legrand SA	France	Industrial	Corporate bonds	2026-04-30	7.541.392	x1	EUR	https://www.pmepensioen.nl/en/investments/we-do-invest-in
PME pensioenfonds	Legrand SA	France	Industrial	Shares	2026-04-30	22.577.068	x1	EUR	https://www.pmepensioen.nl/en/investments/we-do-invest-in
PME pensioenfonds	Lennar Corp	United States	Consumer, cyclical	Shares	2026-04-30	3.954.755	x1	EUR	https://www.pmepensioen.nl/en/investments/we-do-invest-in
PME pensioenfonds	Lennox International Inc	United States	Industrial	Shares	2026-04-30	2.897.489	x1	EUR	https://www.pmepensioen.nl/en/investments/we-do-invest-in
PME pensioenfonds	Lenovo Group Ltd	China	Technology	Shares	2026-04-30	3.895.600	x1	EUR	https://www.pmepensioen.nl/en/investments/we-do-invest-in
PME pensioenfonds	LG Corp	Korea	Technology	Shares	2026-04-30	3.020.605	x1	EUR	https://www.pmepensioen.nl/en/investments/we-do-invest-in
PME pensioenfonds	LG Electronics Inc	Korea	Consumer, cyclical	Shares	2026-04-30	4.035.410	x1	EUR	https://www.pmepensioen.nl/en/investments/we-do-invest-in
PME pensioenfonds	LG Energy Solution Ltd	Korea	Consumer, cyclical	Shares	2026-04-30	6.709.397	x1	EUR	https://www.pmepensioen.nl/en/investments/we-do-invest-in
PME pensioenfonds	LG Uplus Corp	Korea	Communications	Shares	2026-04-30	844.354	x1	EUR	https://www.pmepensioen.nl/en/investments/we-do-invest-in
PME pensioenfonds	LGI Homes Inc	United States	Consumer, cyclical	Corporate bonds	2026-04-30	910.342	x1	EUR	https://www.pmepensioen.nl/en/investments/we-do-invest-in
PME pensioenfonds	Li Auto Inc	China	Consumer, cyclical	Shares	2026-04-30	5.974.477	x1	EUR	https://www.pmepensioen.nl/en/investments/we-do-invest-in
PME pensioenfonds	Liberty Media Corp-Liberty Formula One	United States	Consumer, cyclical	Shares	2026-04-30	3.435.260	x1	EUR	https://www.pmepensioen.nl/en/investments/we-do-invest-in
PME pensioenfonds	Lifco AB	Sweden	Consumer, non-cyclical	Shares	2026-04-30	795.735	x1	EUR	https://www.pmepensioen.nl/en/investments/we-do-invest-in
PME pensioenfonds	Life Time Inc	United States	Consumer, cyclical	Corporate bonds	2026-04-30	1.923.076	x1	EUR	https://www.pmepensioen.nl/en/investments/we-do-invest-in
PME pensioenfonds	LifePoint Health Inc	United States	Consumer, non-cyclical	Corporate bonds	2026-04-30	3.181.041	x1	EUR	https://www.pmepensioen.nl/en/investments/we-do-invest-in
PME pensioenfonds	Linde PLC	United States	Basic materials	Corporate bonds	2026-04-30	57.581.384	x1	EUR	https://www.pmepensioen.nl/en/investments/we-do-invest-in
PME pensioenfonds	Linde PLC	United States	Basic materials	Shares	2026-04-30	90.446.726	x1	EUR	https://www.pmepensioen.nl/en/investments/we-do-invest-in
PME pensioenfonds	Lingyi iTech Guangdong Co	China	Industrial	Shares	2026-04-30	386.206	x1	EUR	https://www.pmepensioen.nl/en/investments/we-do-invest-in
PME pensioenfonds	Lite-On Technology Corp	Taiwan	Consumer, cyclical	Shares	2026-04-30	4.096.471	x1	EUR	https://www.pmepensioen.nl/en/investments/we-do-invest-in
PME pensioenfonds	Lithia Motors Inc	United States	Consumer, cyclical	Corporate bonds	2026-04-30	6.850.948	x1	EUR	https://www.pmepensioen.nl/en/investments/we-do-invest-in
PME pensioenfonds	Live Nation Entertainment Inc	United States	Consumer, cyclical	Corporate bonds	2026-04-30	15.454.617	x1	EUR	https://www.pmepensioen.nl/en/investments/we-do-invest-in
PME pensioenfonds	Live Nation Entertainment Inc	United States	Consumer, cyclical	Shares	2026-04-30	4.795.819	x1	EUR	https://www.pmepensioen.nl/en/investments/we-do-invest-in
PME pensioenfonds	LKQ Dutch Bond BV	United States	Consumer, cyclical	Corporate bonds	2026-04-30	7.428.201	x1	EUR	https://www.pmepensioen.nl/en/investments/we-do-invest-in
PME pensioenfonds	Lloyds Banking Group PLC	United Kingdom	Financial	Shares	2026-04-30	8.611.643	x1	EUR	https://www.pmepensioen.nl/en/investments/we-do-invest-in
PME pensioenfonds	Lloyds Banking Group PLC	United Kingdom	Financial	Corporate bonds	2026-04-30	10.091.285	x1	EUR	https://www.pmepensioen.nl/en/investments/we-do-invest-in
PME pensioenfonds	Loblaw Cos Ltd	Canada	Consumer, non-cyclical	Shares	2026-04-30	5.296.760	x1	EUR	https://www.pmepensioen.nl/en/investments/we-do-invest-in
PME pensioenfonds	Loews Corp	United States	Financial	Shares	2026-04-30	3.756.744	x1	EUR	https://www.pmepensioen.nl/en/investments/we-do-invest-in
PME pensioenfonds	Logitech International SA	Switzerland	Technology	Shares	2026-04-30	1.596.789	x1	EUR	https://www.pmepensioen.nl/en/investments/we-do-invest-in
PME pensioenfonds	London Power Networks PLC	United Kingdom	Utilities	Corporate bonds	2026-04-30	14.028.661	x1	EUR	https://www.pmepensioen.nl/en/investments/we-do-invest-in
PME pensioenfonds	London Stock Exchange Group PLC	United Kingdom	Financial	Corporate bonds	2026-04-30	10.967.980	x1	EUR	https://www.pmepensioen.nl/en/investments/we-do-invest-in
PME pensioenfonds	London Stock Exchange Group PLC	United Kingdom	Financial	Shares	2026-04-30	21.226.526	x1	EUR	https://www.pmepensioen.nl/en/investments/we-do-invest-in
PME pensioenfonds	LONGi Green Energy Technology Co Ltd	China	Energy	Shares	2026-04-30	417.770	x1	EUR	https://www.pmepensioen.nl/en/investments/we-do-invest-in
PME pensioenfonds	Lonza Finance International NV	Switzerland	Consumer, non-cyclical	Corporate bonds	2026-04-30	21.546.146	x1	EUR	https://www.pmepensioen.nl/en/investments/we-do-invest-in
PME pensioenfonds	Lonza Group AG	Switzerland	Consumer, non-cyclical	Shares	2026-04-30	18.959.238	x1	EUR	https://www.pmepensioen.nl/en/investments/we-do-invest-in
PME pensioenfonds	Lotes Co Ltd	Taiwan	Industrial	Shares	2026-04-30	2.337.397	x1	EUR	https://www.pmepensioen.nl/en/investments/we-do-invest-in
PME pensioenfonds	Louis Dreyfus Co Finance BV	Netherlands	Consumer, non-cyclical	Corporate bonds	2026-04-30	9.799.927	x1	EUR	https://www.pmepensioen.nl/en/investments/we-do-invest-in
PME pensioenfonds	s Cos Inc	United States	Consumer, cyclical	Shares	2026-04-30	25.951.017	x1	EUR	https://www.pmepensioen.nl/en/investments/we-do-invest-in
PME pensioenfonds	Loxam SAS	France	Consumer, non-cyclical	Corporate bonds	2026-04-30	23.670.531	x1	EUR	https://www.pmepensioen.nl/en/investments/we-do-invest-in
PME pensioenfonds	LPL Financial Holdings Inc	United States	Financial	Shares	2026-04-30	4.710.619	x1	EUR	https://www.pmepensioen.nl/en/investments/we-do-invest-in
PME pensioenfonds	LPP SA	Poland	Consumer, cyclical	Shares	2026-04-30	3.623.653	x1	EUR	https://www.pmepensioen.nl/en/investments/we-do-invest-in
PME pensioenfonds	LS Electric Co Ltd	Korea	Industrial	Shares	2026-04-30	3.954.607	x1	EUR	https://www.pmepensioen.nl/en/investments/we-do-invest-in
PME pensioenfonds	Lseg Netherlands BV	United Kingdom	Financial	Corporate bonds	2026-04-30	34.365.491	x1	EUR	https://www.pmepensioen.nl/en/investments/we-do-invest-in
PME pensioenfonds	Lsf12 Helix Parent LLC	United States	Industrial	Corporate bonds	2026-04-30	2.323.465	x1	EUR	https://www.pmepensioen.nl/en/investments/we-do-invest-in
PME pensioenfonds	Lumo Kodit Oyj	Finland	Financial	Corporate bonds	2026-04-30	17.452.089	x1	EUR	https://www.pmepensioen.nl/en/investments/we-do-invest-in
PME pensioenfonds	Lunar Funding V for Swisscom AG	Switzerland	Communications	Corporate bonds	2026-04-30	11.117.293	x1	EUR	https://www.pmepensioen.nl/en/investments/we-do-invest-in
PME pensioenfonds	Lupin Ltd	India	Consumer, non-cyclical	Shares	2026-04-30	3.586.962	x1	EUR	https://www.pmepensioen.nl/en/investments/we-do-invest-in
PME pensioenfonds	Luxshare Precision Industry Co Ltd	China	Industrial	Shares	2026-04-30	1.589.020	x1	EUR	https://www.pmepensioen.nl/en/investments/we-do-invest-in
PME pensioenfonds	LY Corp	Japan	Communications	Shares	2026-04-30	1.713.453	x1	EUR	https://www.pmepensioen.nl/en/investments/we-do-invest-in
PME pensioenfonds	M/I Homes Inc	United States	Consumer, cyclical	Corporate bonds	2026-04-30	1.877.759	x1	EUR	https://www.pmepensioen.nl/en/investments/we-do-invest-in
PME pensioenfonds	M&G PLC	United Kingdom	Financial	Shares	2026-04-30	955.260	x1	EUR	https://www.pmepensioen.nl/en/investments/we-do-invest-in
PME pensioenfonds	M&T Bank Corp	United States	Financial	Shares	2026-04-30	6.541.947	x1	EUR	https://www.pmepensioen.nl/en/investments/we-do-invest-in
PME pensioenfonds	M3 Inc	Japan	Communications	Shares	2026-04-30	1.087.830	x1	EUR	https://www.pmepensioen.nl/en/investments/we-do-invest-in
PME pensioenfonds	Macquarie Group Ltd	Australia	Financial	Shares	2026-04-30	12.465.814	x1	EUR	https://www.pmepensioen.nl/en/investments/we-do-invest-in
PME pensioenfonds	Macquarie Group Ltd	Australia	Financial	Corporate bonds	2026-04-30	6.288.889	x1	EUR	https://www.pmepensioen.nl/en/investments/we-do-invest-in
PME pensioenfonds	Magallanes Inc	United States	Consumer, cyclical	Corporate bonds	2026-04-30	11.048.175	x1	EUR	https://www.pmepensioen.nl/en/investments/we-do-invest-in
PME pensioenfonds	Magna International Inc	Canada	Consumer, cyclical	Shares	2026-04-30	2.831.956	x1	EUR	https://www.pmepensioen.nl/en/investments/we-do-invest-in
PME pensioenfonds	Magnera Corp	United States	Basic materials	Corporate bonds	2026-04-30	2.169.967	x1	EUR	https://www.pmepensioen.nl/en/investments/we-do-invest-in
PME pensioenfonds	Magnum Icc Finance BV	Netherlands	Consumer, non-cyclical	Corporate bonds	2026-04-30	9.980.333	x1	EUR	https://www.pmepensioen.nl/en/investments/we-do-invest-in
PME pensioenfonds	Magnum Ice Cream Co NV/The	Netherlands	Consumer, non-cyclical	Shares	2026-04-30	854.201	x1	EUR	https://www.pmepensioen.nl/en/investments/we-do-invest-in
PME pensioenfonds	Mahle GmbH	Germany	Consumer, cyclical	Corporate bonds	2026-04-30	1.325.390	x1	EUR	https://www.pmepensioen.nl/en/investments/we-do-invest-in
PME pensioenfonds	Makita Corp	Japan	Industrial	Shares	2026-04-30	1.861.254	x1	EUR	https://www.pmepensioen.nl/en/investments/we-do-invest-in
PME pensioenfonds	Malayan Banking Bhd	Malaysia	Financial	Shares	2026-04-30	9.092.963	x1	EUR	https://www.pmepensioen.nl/en/investments/we-do-invest-in
PME pensioenfonds	Manchester Airport Group Funding PLC	United Kingdom	Industrial	Corporate bonds	2026-04-30	13.893.727	x1	EUR	https://www.pmepensioen.nl/en/investments/we-do-invest-in
PME pensioenfonds	Manila Electric Co	Philippines	Utilities	Shares	2026-04-30	1.591.738	x1	EUR	https://www.pmepensioen.nl/en/investments/we-do-invest-in
PME pensioenfonds	ManpowerGroup Inc	United States	Consumer, non-cyclical	Corporate bonds	2026-04-30	4.925.502	x1	EUR	https://www.pmepensioen.nl/en/investments/we-do-invest-in
PME pensioenfonds	Manulife Financial Corp	Canada	Financial	Shares	2026-04-30	11.527.950	x1	EUR	https://www.pmepensioen.nl/en/investments/we-do-invest-in
PME pensioenfonds	Mapfre SA	Spain	Financial	Corporate bonds	2026-04-30	7.800.785	x1	EUR	https://www.pmepensioen.nl/en/investments/we-do-invest-in
PME pensioenfonds	Maple Parent Holdings Corp	United States	Consumer, non-cyclical	Corporate bonds	2026-04-30	15.142.110	x1	EUR	https://www.pmepensioen.nl/en/investments/we-do-invest-in
PME pensioenfonds	Marico Ltd	India	Consumer, non-cyclical	Shares	2026-04-30	2.394.812	x1	EUR	https://www.pmepensioen.nl/en/investments/we-do-invest-in
PME pensioenfonds	Markel Group Inc	United States	Financial	Shares	2026-04-30	4.781.022	x1	EUR	https://www.pmepensioen.nl/en/investments/we-do-invest-in
PME pensioenfonds	Marriott International Inc/MD	United States	Consumer, cyclical	Shares	2026-04-30	15.126.917	x1	EUR	https://www.pmepensioen.nl/en/investments/we-do-invest-in
PME pensioenfonds	Marsh & McLennan Cos Inc	United States	Financial	Corporate bonds	2026-04-30	14.111.358	x1	EUR	https://www.pmepensioen.nl/en/investments/we-do-invest-in
PME pensioenfonds	Marsh & McLennan Cos Inc	United States	Financial	Shares	2026-04-30	31.195.860	x1	EUR	https://www.pmepensioen.nl/en/investments/we-do-invest-in
PME pensioenfonds	Martin Marietta Materials Inc	United States	Industrial	Shares	2026-04-30	7.052.205	x1	EUR	https://www.pmepensioen.nl/en/investments/we-do-invest-in
PME pensioenfonds	Marvell Technology Inc	United States	Technology	Shares	2026-04-30	23.723.773	x1	EUR	https://www.pmepensioen.nl/en/investments/we-do-invest-in
PME pensioenfonds	MassMutual Global Funding II	United States	Financial	Corporate bonds	2026-04-30	10.801.050	x1	EUR	https://www.pmepensioen.nl/en/investments/we-do-invest-in
PME pensioenfonds	Masterbrand Inc	United States	Industrial	Corporate bonds	2026-04-30	3.865.001	x1	EUR	https://www.pmepensioen.nl/en/investments/we-do-invest-in
PME pensioenfonds	Mastercard Inc	United States	Financial	Shares	2026-04-30	97.853.914	x1	EUR	https://www.pmepensioen.nl/en/investments/we-do-invest-in
PME pensioenfonds	Match Group Holdings II LLC	United States	Communications	Corporate bonds	2026-04-30	12.902.918	x1	EUR	https://www.pmepensioen.nl/en/investments/we-do-invest-in
PME pensioenfonds	MatsukiyoCocokara & Co	Japan	Consumer, cyclical	Shares	2026-04-30	1.296.738	x1	EUR	https://www.pmepensioen.nl/en/investments/we-do-invest-in
PME pensioenfonds	Mattel Inc	United States	Consumer, cyclical	Corporate bonds	2026-04-30	1.833.479	x1	EUR	https://www.pmepensioen.nl/en/investments/we-do-invest-in
PME pensioenfonds	Max Healthcare Institute Ltd	India	Consumer, non-cyclical	Shares	2026-04-30	4.507.963	x1	EUR	https://www.pmepensioen.nl/en/investments/we-do-invest-in
PME pensioenfonds	mBank SA	Poland	Financial	Shares	2026-04-30	2.615.127	x1	EUR	https://www.pmepensioen.nl/en/investments/we-do-invest-in
PME pensioenfonds	McCormick & Co Inc/MD	United States	Consumer, non-cyclical	Shares	2026-04-30	8.190.831	x1	EUR	https://www.pmepensioen.nl/en/investments/we-do-invest-in
PME pensioenfonds	s Corp	United States	Consumer, cyclical	Corporate bonds	2026-04-30	43.264.555	x1	EUR	https://www.pmepensioen.nl/en/investments/we-do-invest-in
PME pensioenfonds	s Corp	United States	Consumer, cyclical	Shares	2026-04-30	43.939.750	x1	EUR	https://www.pmepensioen.nl/en/investments/we-do-invest-in
PME pensioenfonds	McGraw-Hill Education Inc	United States	Communications	Corporate bonds	2026-04-30	7.842.098	x1	EUR	https://www.pmepensioen.nl/en/investments/we-do-invest-in
PME pensioenfonds	McKesson Corp	United States	Consumer, non-cyclical	Shares	2026-04-30	21.420.702	x1	EUR	https://www.pmepensioen.nl/en/investments/we-do-invest-in
PME pensioenfonds	MediaTek Inc	Taiwan	Technology	Shares	2026-04-30	30.094.595	x1	EUR	https://www.pmepensioen.nl/en/investments/we-do-invest-in
PME pensioenfonds	Medibank Pvt Ltd	Australia	Financial	Shares	2026-04-30	2.029.664	x1	EUR	https://www.pmepensioen.nl/en/investments/we-do-invest-in
PME pensioenfonds	Medtronic Inc	United States	Consumer, non-cyclical	Corporate bonds	2026-04-30	9.244.456	x1	EUR	https://www.pmepensioen.nl/en/investments/we-do-invest-in
PME pensioenfonds	Medtronic PLC	United States	Consumer, non-cyclical	Shares	2026-04-30	46.116.195	x1	EUR	https://www.pmepensioen.nl/en/investments/we-do-invest-in
PME pensioenfonds	Mega Financial Holding Co Ltd	Taiwan	Financial	Shares	2026-04-30	7.801.299	x1	EUR	https://www.pmepensioen.nl/en/investments/we-do-invest-in
PME pensioenfonds	Mehilainen Yhtiot Oy	Finland	Consumer, non-cyclical	Corporate bonds	2026-04-30	3.522.562	x1	EUR	https://www.pmepensioen.nl/en/investments/we-do-invest-in
PME pensioenfonds	Meitu Inc	China	Communications	Shares	2026-04-30	1.033.618	x1	EUR	https://www.pmepensioen.nl/en/investments/we-do-invest-in
PME pensioenfonds	Meituan	China	Communications	Shares	2026-04-30	29.167.988	x1	EUR	https://www.pmepensioen.nl/en/investments/we-do-invest-in
PME pensioenfonds	MercadoLibre Inc	Brazil	Communications	Shares	2026-04-30	15.662.022	x1	EUR	https://www.pmepensioen.nl/en/investments/we-do-invest-in
PME pensioenfonds	Mercedes-Benz Group AG	Germany	Consumer, cyclical	Shares	2026-04-30	17.531.109	x1	EUR	https://www.pmepensioen.nl/en/investments/we-do-invest-in
PME pensioenfonds	Mercedes-Benz Group AG	Germany	Consumer, cyclical	Corporate bonds	2026-04-30	3.788.403	x1	EUR	https://www.pmepensioen.nl/en/investments/we-do-invest-in
PME pensioenfonds	Mercer International Inc	Germany	Basic materials	Corporate bonds	2026-04-30	1.365.275	x1	EUR	https://www.pmepensioen.nl/en/investments/we-do-invest-in
PME pensioenfonds	Merck & Co Inc	United States	Consumer, non-cyclical	Shares	2026-04-30	89.765.760	x1	EUR	https://www.pmepensioen.nl/en/investments/we-do-invest-in
PME pensioenfonds	Merck & Co Inc	United States	Consumer, non-cyclical	Corporate bonds	2026-04-30	11.322.834	x1	EUR	https://www.pmepensioen.nl/en/investments/we-do-invest-in
PME pensioenfonds	Merck Financial Services GmbH	Germany	Consumer, non-cyclical	Corporate bonds	2026-04-30	2.722.183	x1	EUR	https://www.pmepensioen.nl/en/investments/we-do-invest-in
PME pensioenfonds	Merck KGaA	Germany	Consumer, non-cyclical	Shares	2026-04-30	1.868.044	x1	EUR	https://www.pmepensioen.nl/en/investments/we-do-invest-in
PME pensioenfonds	Meridian Energy Ltd	New Zealand	Utilities	Shares	2026-04-30	1.016.953	x1	EUR	https://www.pmepensioen.nl/en/investments/we-do-invest-in
PME pensioenfonds	Meritz Financial Group Inc	Korea	Financial	Shares	2026-04-30	3.132.489	x1	EUR	https://www.pmepensioen.nl/en/investments/we-do-invest-in
PME pensioenfonds	Merlin Entertainments Group US Holdings Inc	United Kingdom	Consumer, cyclical	Corporate bonds	2026-04-30	1.648.142	x1	EUR	https://www.pmepensioen.nl/en/investments/we-do-invest-in
PME pensioenfonds	Merlin Properties Socimi SA	Spain	Financial	Corporate bonds	2026-04-30	14.049.138	x1	EUR	https://www.pmepensioen.nl/en/investments/we-do-invest-in
PME pensioenfonds	MetLife Inc	United States	Financial	Shares	2026-04-30	18.058.949	x1	EUR	https://www.pmepensioen.nl/en/investments/we-do-invest-in
PME pensioenfonds	Metro Inc/CN	Canada	Consumer, non-cyclical	Shares	2026-04-30	2.734.083	x1	EUR	https://www.pmepensioen.nl/en/investments/we-do-invest-in
PME pensioenfonds	Metropolitan Bank & Trust Co	Philippines	Financial	Shares	2026-04-30	1.048.815	x1	EUR	https://www.pmepensioen.nl/en/investments/we-do-invest-in
PME pensioenfonds	Metropolitan Life Global Funding I	United States	Financial	Corporate bonds	2026-04-30	41.223.941	x1	EUR	https://www.pmepensioen.nl/en/investments/we-do-invest-in
PME pensioenfonds	Metso Oyj	Finland	Industrial	Shares	2026-04-30	1.242.582	x1	EUR	https://www.pmepensioen.nl/en/investments/we-do-invest-in
PME pensioenfonds	Mettler-Toledo International Inc	United States	Industrial	Shares	2026-04-30	5.128.209	x1	EUR	https://www.pmepensioen.nl/en/investments/we-do-invest-in
PME pensioenfonds	Michaels Cos Inc/The	United States	Consumer, cyclical	Corporate bonds	2026-04-30	2.571.940	x1	EUR	https://www.pmepensioen.nl/en/investments/we-do-invest-in
PME pensioenfonds	Microchip Technology Inc	United States	Technology	Shares	2026-04-30	6.771.265	x1	EUR	https://www.pmepensioen.nl/en/investments/we-do-invest-in
PME pensioenfonds	Micron Technology Inc	United States	Technology	Shares	2026-04-30	74.630.621	x1	EUR	https://www.pmepensioen.nl/en/investments/we-do-invest-in
PME pensioenfonds	Microsoft Corp	United States	Technology	Shares	2026-04-30	334.153.442	x1	EUR	https://www.pmepensioen.nl/en/investments/we-do-invest-in
PME pensioenfonds	Microsoft Corp	United States	Technology	Corporate bonds	2026-04-30	15.069.545	x1	EUR	https://www.pmepensioen.nl/en/investments/we-do-invest-in
PME pensioenfonds	Midea Group Co Ltd	China	Consumer, cyclical	Shares	2026-04-30	3.637.300	x1	EUR	https://www.pmepensioen.nl/en/investments/we-do-invest-in
PME pensioenfonds	Millicom International Cellular SA	Guatemala	Communications	Corporate bonds	2026-04-30	3.264.199	x1	EUR	https://www.pmepensioen.nl/en/investments/we-do-invest-in
PME pensioenfonds	MINEBEA MITSUMI Inc	Japan	Industrial	Shares	2026-04-30	1.421.675	x1	EUR	https://www.pmepensioen.nl/en/investments/we-do-invest-in
PME pensioenfonds	MINISO Group Holding Ltd	China	Consumer, cyclical	Shares	2026-04-30	1.272.320	x1	EUR	https://www.pmepensioen.nl/en/investments/we-do-invest-in
PME pensioenfonds	Minor International PCL	Thailand	Consumer, cyclical	Shares	2026-04-30	1.240.647	x1	EUR	https://www.pmepensioen.nl/en/investments/we-do-invest-in
PME pensioenfonds	Mirae Asset Securities Co Ltd	Korea	Financial	Shares	2026-04-30	4.518.197	x1	EUR	https://www.pmepensioen.nl/en/investments/we-do-invest-in
PME pensioenfonds	MISC Bhd	Malaysia	Industrial	Shares	2026-04-30	1.789.763	x1	EUR	https://www.pmepensioen.nl/en/investments/we-do-invest-in
PME pensioenfonds	Mitsubishi Chemical Group Corp	Japan	Basic materials	Shares	2026-04-30	1.908.315	x1	EUR	https://www.pmepensioen.nl/en/investments/we-do-invest-in
PME pensioenfonds	Mitsubishi Electric Corp	Japan	Industrial	Shares	2026-04-30	14.803.165	x1	EUR	https://www.pmepensioen.nl/en/investments/we-do-invest-in
PME pensioenfonds	Mitsubishi HC Capital Inc	Japan	Financial	Shares	2026-04-30	1.929.873	x1	EUR	https://www.pmepensioen.nl/en/investments/we-do-invest-in
PME pensioenfonds	Mitsubishi Heavy Industries Ltd	Japan	Industrial	Shares	2026-04-30	21.121.508	x1	EUR	https://www.pmepensioen.nl/en/investments/we-do-invest-in
PME pensioenfonds	Mitsubishi UFJ Financial Group Inc	Japan	Financial	Shares	2026-04-30	46.508.332	x1	EUR	https://www.pmepensioen.nl/en/investments/we-do-invest-in
PME pensioenfonds	Mizuho Financial Group Inc	Japan	Financial	Shares	2026-04-30	22.683.853	x1	EUR	https://www.pmepensioen.nl/en/investments/we-do-invest-in
PME pensioenfonds	Mizuho Financial Group Inc	Japan	Financial	Corporate bonds	2026-04-30	7.271.021	x1	EUR	https://www.pmepensioen.nl/en/investments/we-do-invest-in
PME pensioenfonds	MKS Inc	United States	Technology	Corporate bonds	2026-04-30	18.289.893	x1	EUR	https://www.pmepensioen.nl/en/investments/we-do-invest-in
PME pensioenfonds	MMS USA Holdings Inc	France	Communications	Corporate bonds	2026-04-30	14.314.945	x1	EUR	https://www.pmepensioen.nl/en/investments/we-do-invest-in
PME pensioenfonds	Molina Healthcare Inc	United States	Consumer, non-cyclical	Corporate bonds	2026-04-30	10.320.086	x1	EUR	https://www.pmepensioen.nl/en/investments/we-do-invest-in
PME pensioenfonds	Molnlycke Holding AB	Sweden	Consumer, non-cyclical	Corporate bonds	2026-04-30	5.290.266	x1	EUR	https://www.pmepensioen.nl/en/investments/we-do-invest-in
PME pensioenfonds	Molson Coors Beverage Co	United States	Consumer, non-cyclical	Corporate bonds	2026-04-30	21.562.663	x1	EUR	https://www.pmepensioen.nl/en/investments/we-do-invest-in
PME pensioenfonds	Mondelez International Holdings Netherlands BV	United States	Consumer, non-cyclical	Corporate bonds	2026-04-30	4.815.132	x1	EUR	https://www.pmepensioen.nl/en/investments/we-do-invest-in
PME pensioenfonds	Mondelez International Inc	United States	Consumer, non-cyclical	Corporate bonds	2026-04-30	45.696.932	x1	EUR	https://www.pmepensioen.nl/en/investments/we-do-invest-in
PME pensioenfonds	Mondi Finance Europe GmbH	Austria	Basic materials	Corporate bonds	2026-04-30	7.149.177	x1	EUR	https://www.pmepensioen.nl/en/investments/we-do-invest-in
PME pensioenfonds	Mondi Finance PLC	Austria	Basic materials	Corporate bonds	2026-04-30	18.657.317	x1	EUR	https://www.pmepensioen.nl/en/investments/we-do-invest-in
PME pensioenfonds	Moneta Money Bank AS	Czech Republic	Financial	Shares	2026-04-30	1.398.065	x1	EUR	https://www.pmepensioen.nl/en/investments/we-do-invest-in
PME pensioenfonds	MongoDB Inc	United States	Technology	Shares	2026-04-30	4.016.973	x1	EUR	https://www.pmepensioen.nl/en/investments/we-do-invest-in
PME pensioenfonds	Monitchem HoldCo 3 SA	Luxembourg	Basic materials	Corporate bonds	2026-04-30	4.536.416	x1	EUR	https://www.pmepensioen.nl/en/investments/we-do-invest-in
PME pensioenfonds	Monolithic Power Systems Inc	United States	Technology	Shares	2026-04-30	10.203.778	x1	EUR	https://www.pmepensioen.nl/en/investments/we-do-invest-in
PME pensioenfonds	MonotaRO Co Ltd	Japan	Communications	Shares	2026-04-30	671.569	x1	EUR	https://www.pmepensioen.nl/en/investments/we-do-invest-in
PME pensioenfonds	Montage Technology Co Ltd	China	Technology	Shares	2026-04-30	648.494	x1	EUR	https://www.pmepensioen.nl/en/investments/we-do-invest-in
PME pensioenfonds	s Corp	United States	Consumer, non-cyclical	Shares	2026-04-30	24.249.321	x1	EUR	https://www.pmepensioen.nl/en/investments/we-do-invest-in
PME pensioenfonds	s Corp	United States	Consumer, non-cyclical	Corporate bonds	2026-04-30	24.826.874	x1	EUR	https://www.pmepensioen.nl/en/investments/we-do-invest-in
PME pensioenfonds	Moog Inc	United States	Industrial	Corporate bonds	2026-04-30	2.343.108	x1	EUR	https://www.pmepensioen.nl/en/investments/we-do-invest-in
PME pensioenfonds	Morgan Stanley	United States	Financial	Corporate bonds	2026-04-30	29.243.324	x1	EUR	https://www.pmepensioen.nl/en/investments/we-do-invest-in
PME pensioenfonds	Morgan Stanley	United States	Financial	Shares	2026-04-30	58.278.519	x1	EUR	https://www.pmepensioen.nl/en/investments/we-do-invest-in
PME pensioenfonds	Motability Operations Group PLC	United Kingdom	Consumer, non-cyclical	Corporate bonds	2026-04-30	43.675.260	x1	EUR	https://www.pmepensioen.nl/en/investments/we-do-invest-in
PME pensioenfonds	Motion Finco Sarl	United Kingdom	Consumer, cyclical	Corporate bonds	2026-04-30	6.342.952	x1	EUR	https://www.pmepensioen.nl/en/investments/we-do-invest-in
PME pensioenfonds	Mouwasat Medical Services Co	Saudi Arabia	Consumer, non-cyclical	Shares	2026-04-30	667.481	x1	EUR	https://www.pmepensioen.nl/en/investments/we-do-invest-in
PME pensioenfonds	Mowi ASA	Norway	Consumer, non-cyclical	Shares	2026-04-30	1.234.693	x1	EUR	https://www.pmepensioen.nl/en/investments/we-do-invest-in
PME pensioenfonds	Mphasis Ltd	India	Technology	Shares	2026-04-30	843.257	x1	EUR	https://www.pmepensioen.nl/en/investments/we-do-invest-in
PME pensioenfonds	MPT Operating Partnership LP / MPT Finance Corp	United States	Financial	Corporate bonds	2026-04-30	12.767.005	x1	EUR	https://www.pmepensioen.nl/en/investments/we-do-invest-in
PME pensioenfonds	MR DIY Group M Bhd	Malaysia	Consumer, cyclical	Shares	2026-04-30	780.045	x1	EUR	https://www.pmepensioen.nl/en/investments/we-do-invest-in
PME pensioenfonds	MRF Ltd	India	Consumer, cyclical	Shares	2026-04-30	1.519.111	x1	EUR	https://www.pmepensioen.nl/en/investments/we-do-invest-in
PME pensioenfonds	MS&AD Insurance Group Holdings Inc	Japan	Financial	Shares	2026-04-30	8.066.046	x1	EUR	https://www.pmepensioen.nl/en/investments/we-do-invest-in
PME pensioenfonds	MSA Safety Inc	United States	Industrial	Shares	2026-04-30	4.604.744	x1	EUR	https://www.pmepensioen.nl/en/investments/we-do-invest-in
PME pensioenfonds	MSD Netherlands Capital BV	United States	Consumer, non-cyclical	Corporate bonds	2026-04-30	6.513.987	x1	EUR	https://www.pmepensioen.nl/en/investments/we-do-invest-in
PME pensioenfonds	MTN Group Ltd	South Africa	Communications	Shares	2026-04-30	11.080.192	x1	EUR	https://www.pmepensioen.nl/en/investments/we-do-invest-in
PME pensioenfonds	MTR Corp Ltd	Hong Kong	Industrial	Shares	2026-04-30	1.649.713	x1	EUR	https://www.pmepensioen.nl/en/investments/we-do-invest-in
PME pensioenfonds	MTU Aero Engines AG	Germany	Industrial	Corporate bonds	2026-04-30	4.624.504	x1	EUR	https://www.pmepensioen.nl/en/investments/we-do-invest-in
PME pensioenfonds	MTU Aero Engines AG	Germany	Industrial	Shares	2026-04-30	2.262.380	x1	EUR	https://www.pmepensioen.nl/en/investments/we-do-invest-in
PME pensioenfonds	Muenchener Rueckversicherungs-Gesellschaft AG in Muenchen	Germany	Financial	Shares	2026-04-30	28.968.477	x1	EUR	https://www.pmepensioen.nl/en/investments/we-do-invest-in
PME pensioenfonds	Multiversity SpA	Italy	Consumer, non-cyclical	Corporate bonds	2026-04-30	1.594.251	x1	EUR	https://www.pmepensioen.nl/en/investments/we-do-invest-in
PME pensioenfonds	Mundys SpA	Italy	Consumer, non-cyclical	Corporate bonds	2026-04-30	32.996.025	x1	EUR	https://www.pmepensioen.nl/en/investments/we-do-invest-in
PME pensioenfonds	Murata Manufacturing Co Ltd	Japan	Industrial	Shares	2026-04-30	8.906.377	x1	EUR	https://www.pmepensioen.nl/en/investments/we-do-invest-in
PME pensioenfonds	Murphy Oil USA Inc	United States	Consumer, cyclical	Corporate bonds	2026-04-30	9.264.591	x1	EUR	https://www.pmepensioen.nl/en/investments/we-do-invest-in
PME pensioenfonds	Nan Ya Plastics Corp	Taiwan	Basic materials	Shares	2026-04-30	6.566.285	x1	EUR	https://www.pmepensioen.nl/en/investments/we-do-invest-in
PME pensioenfonds	Nasdaq Inc	United States	Financial	Corporate bonds	2026-04-30	19.322.102	x1	EUR	https://www.pmepensioen.nl/en/investments/we-do-invest-in
PME pensioenfonds	Nasdaq Inc	United States	Financial	Shares	2026-04-30	19.255.118	x1	EUR	https://www.pmepensioen.nl/en/investments/we-do-invest-in
PME pensioenfonds	Naspers Ltd	South Africa	Communications	Shares	2026-04-30	21.897.112	x1	EUR	https://www.pmepensioen.nl/en/investments/we-do-invest-in
PME pensioenfonds	National Australia Bank Ltd	Australia	Financial	Shares	2026-04-30	21.563.062	x1	EUR	https://www.pmepensioen.nl/en/investments/we-do-invest-in
PME pensioenfonds	National Australia Bank Ltd	Australia	Financial	Corporate bonds	2026-04-30	851.056	x1	EUR	https://www.pmepensioen.nl/en/investments/we-do-invest-in
PME pensioenfonds	National Bank of Canada	Canada	Financial	Corporate bonds	2026-04-30	3.342.015	x1	EUR	https://www.pmepensioen.nl/en/investments/we-do-invest-in
PME pensioenfonds	National Bank of Canada	Canada	Financial	Shares	2026-04-30	9.824.508	x1	EUR	https://www.pmepensioen.nl/en/investments/we-do-invest-in
PME pensioenfonds	National Bank of Greece SA	Greece	Financial	Shares	2026-04-30	7.319.961	x1	EUR	https://www.pmepensioen.nl/en/investments/we-do-invest-in
PME pensioenfonds	National Bank of Kuwait SAKP	Kuwait	Financial	Shares	2026-04-30	13.573.759	x1	EUR	https://www.pmepensioen.nl/en/investments/we-do-invest-in
PME pensioenfonds	National Grid Electricity Transmission PLC	United Kingdom	Utilities	Corporate bonds	2026-04-30	7.951.997	x1	EUR	https://www.pmepensioen.nl/en/investments/we-do-invest-in
PME pensioenfonds	National Grid North America Inc	United States	Utilities	Corporate bonds	2026-04-30	9.245.740	x1	EUR	https://www.pmepensioen.nl/en/investments/we-do-invest-in
PME pensioenfonds	National Grid PLC	United Kingdom	Utilities	Corporate bonds	2026-04-30	27.706.188	x1	EUR	https://www.pmepensioen.nl/en/investments/we-do-invest-in
PME pensioenfonds	National Grid PLC	United Kingdom	Utilities	Shares	2026-04-30	9.645.890	x1	EUR	https://www.pmepensioen.nl/en/investments/we-do-invest-in
PME pensioenfonds	National Mentor Holdings Inc	United States	Consumer, non-cyclical	Corporate bonds	2026-04-30	4.377.028	x1	EUR	https://www.pmepensioen.nl/en/investments/we-do-invest-in
PME pensioenfonds	Nationwide Building Society	United Kingdom	Financial	Corporate bonds	2026-04-30	46.235.133	x1	EUR	https://www.pmepensioen.nl/en/investments/we-do-invest-in
PME pensioenfonds	Natixis Corporate & Investment Banking Luxembourg SA	France	Financial	Corporate bonds	2026-04-30	2.677.269	x1	EUR	https://www.pmepensioen.nl/en/investments/we-do-invest-in
PME pensioenfonds	Naturgy Finance BV	Spain	Utilities	Corporate bonds	2026-04-30	5.780.053	x1	EUR	https://www.pmepensioen.nl/en/investments/we-do-invest-in
PME pensioenfonds	NatWest Group PLC	United Kingdom	Financial	Corporate bonds	2026-04-30	24.796.758	x1	EUR	https://www.pmepensioen.nl/en/investments/we-do-invest-in
PME pensioenfonds	NatWest Group PLC	United Kingdom	Financial	Shares	2026-04-30	32.441.682	x1	EUR	https://www.pmepensioen.nl/en/investments/we-do-invest-in
PME pensioenfonds	NatWest Markets PLC	United Kingdom	Financial	Corporate bonds	2026-04-30	8.127.731	x1	EUR	https://www.pmepensioen.nl/en/investments/we-do-invest-in
PME pensioenfonds	NAVER Corp	Korea	Communications	Shares	2026-04-30	10.309.255	x1	EUR	https://www.pmepensioen.nl/en/investments/we-do-invest-in
PME pensioenfonds	NCL Corp Ltd	United States	Consumer, cyclical	Corporate bonds	2026-04-30	4.093.329	x1	EUR	https://www.pmepensioen.nl/en/investments/we-do-invest-in
PME pensioenfonds	NEC Corp	Japan	Technology	Shares	2026-04-30	7.366.638	x1	EUR	https://www.pmepensioen.nl/en/investments/we-do-invest-in
PME pensioenfonds	Nedbank Group Ltd	South Africa	Financial	Shares	2026-04-30	4.043.745	x1	EUR	https://www.pmepensioen.nl/en/investments/we-do-invest-in
PME pensioenfonds	Nederlandse Gasunie NV	Netherlands	Utilities	Corporate bonds	2026-04-30	25.947.014	x1	EUR	https://www.pmepensioen.nl/en/investments/we-do-invest-in
PME pensioenfonds	Nemetschek SE	Germany	Technology	Shares	2026-04-30	5.814.409	x1	EUR	https://www.pmepensioen.nl/en/investments/we-do-invest-in
PME pensioenfonds	Neogen Food Safety Corp	United States	Consumer, non-cyclical	Corporate bonds	2026-04-30	3.010.620	x1	EUR	https://www.pmepensioen.nl/en/investments/we-do-invest-in
PME pensioenfonds	NESCO Holdings II Inc	United States	Consumer, non-cyclical	Corporate bonds	2026-04-30	2.830.110	x1	EUR	https://www.pmepensioen.nl/en/investments/we-do-invest-in
PME pensioenfonds	Nestle Finance International Ltd	United States	Consumer, non-cyclical	Corporate bonds	2026-04-30	24.772.461	x1	EUR	https://www.pmepensioen.nl/en/investments/we-do-invest-in
PME pensioenfonds	Nestle India Ltd	India	Consumer, non-cyclical	Shares	2026-04-30	4.796.306	x1	EUR	https://www.pmepensioen.nl/en/investments/we-do-invest-in
PME pensioenfonds	Nestle Malaysia Bhd	Malaysia	Consumer, non-cyclical	Shares	2026-04-30	873.229	x1	EUR	https://www.pmepensioen.nl/en/investments/we-do-invest-in
PME pensioenfonds	NetApp Inc	United States	Technology	Shares	2026-04-30	4.299.367	x1	EUR	https://www.pmepensioen.nl/en/investments/we-do-invest-in
PME pensioenfonds	NetEase Inc	China	Technology	Shares	2026-04-30	21.006.502	x1	EUR	https://www.pmepensioen.nl/en/investments/we-do-invest-in
PME pensioenfonds	Netflix Inc	United States	Communications	Shares	2026-04-30	81.303.579	x1	EUR	https://www.pmepensioen.nl/en/investments/we-do-invest-in
PME pensioenfonds	Network Finance Co Pty Ltd	Australia	Utilities	Corporate bonds	2026-04-30	2.629.836	x1	EUR	https://www.pmepensioen.nl/en/investments/we-do-invest-in
PME pensioenfonds	New Gold Inc	Canada	Basic materials	Corporate bonds	2026-04-30	1.390.296	x1	EUR	https://www.pmepensioen.nl/en/investments/we-do-invest-in
PME pensioenfonds	New Immo Holding SA	France	Financial	Corporate bonds	2026-04-30	27.947.180	x1	EUR	https://www.pmepensioen.nl/en/investments/we-do-invest-in
PME pensioenfonds	New Oriental Education & Technology Group Inc	China	Consumer, non-cyclical	Shares	2026-04-30	4.239.097	x1	EUR	https://www.pmepensioen.nl/en/investments/we-do-invest-in
PME pensioenfonds	Newell Brands Inc	United States	Consumer, cyclical	Corporate bonds	2026-04-30	7.319.422	x1	EUR	https://www.pmepensioen.nl/en/investments/we-do-invest-in
PME pensioenfonds	Newmont Corp	United States	Basic materials	Shares	2026-04-30	24.120.622	x1	EUR	https://www.pmepensioen.nl/en/investments/we-do-invest-in
PME pensioenfonds	News Corp	United States	Communications	Shares	2026-04-30	1.770.740	x1	EUR	https://www.pmepensioen.nl/en/investments/we-do-invest-in
PME pensioenfonds	News Corp	United States	Communications	Corporate bonds	2026-04-30	2.970.674	x1	EUR	https://www.pmepensioen.nl/en/investments/we-do-invest-in
PME pensioenfonds	Nexans SA	France	Industrial	Corporate bonds	2026-04-30	7.643.427	x1	EUR	https://www.pmepensioen.nl/en/investments/we-do-invest-in
PME pensioenfonds	Nexstar Media Inc	United States	Communications	Corporate bonds	2026-04-30	10.077.286	x1	EUR	https://www.pmepensioen.nl/en/investments/we-do-invest-in
PME pensioenfonds	Next PLC	United Kingdom	Consumer, cyclical	Shares	2026-04-30	2.318.697	x1	EUR	https://www.pmepensioen.nl/en/investments/we-do-invest-in
PME pensioenfonds	NH Investment & Securities Co Ltd	Korea	Financial	Shares	2026-04-30	1.696.983	x1	EUR	https://www.pmepensioen.nl/en/investments/we-do-invest-in
PME pensioenfonds	NHPC Ltd	India	Utilities	Shares	2026-04-30	1.003.802	x1	EUR	https://www.pmepensioen.nl/en/investments/we-do-invest-in
PME pensioenfonds	Nibe Industrier AB	Sweden	Industrial	Shares	2026-04-30	709.394	x1	EUR	https://www.pmepensioen.nl/en/investments/we-do-invest-in
PME pensioenfonds	Nidda Healthcare Holding GmbH	Germany	Consumer, non-cyclical	Corporate bonds	2026-04-30	3.125.561	x1	EUR	https://www.pmepensioen.nl/en/investments/we-do-invest-in
PME pensioenfonds	Nidec Corp	Japan	Industrial	Shares	2026-04-30	2.576.237	x1	EUR	https://www.pmepensioen.nl/en/investments/we-do-invest-in
PME pensioenfonds	Ningbo Deye Technology Co Ltd	China	Energy	Shares	2026-04-30	683.754	x1	EUR	https://www.pmepensioen.nl/en/investments/we-do-invest-in
PME pensioenfonds	Nintendo Co Ltd	Japan	Consumer, cyclical	Shares	2026-04-30	15.160.881	x1	EUR	https://www.pmepensioen.nl/en/investments/we-do-invest-in
PME pensioenfonds	Nippon Paint Holdings Co Ltd	Japan	Basic materials	Shares	2026-04-30	1.477.852	x1	EUR	https://www.pmepensioen.nl/en/investments/we-do-invest-in
PME pensioenfonds	Nippon Yusen KK	Japan	Industrial	Shares	2026-04-30	3.961.688	x1	EUR	https://www.pmepensioen.nl/en/investments/we-do-invest-in
PME pensioenfonds	Nissan Motor Co Ltd	Japan	Consumer, cyclical	Corporate bonds	2026-04-30	27.582.372	x1	EUR	https://www.pmepensioen.nl/en/investments/we-do-invest-in
PME pensioenfonds	Nissan Motor Co Ltd	Japan	Consumer, cyclical	Shares	2026-04-30	1.158.484	x1	EUR	https://www.pmepensioen.nl/en/investments/we-do-invest-in
PME pensioenfonds	Nitto Denko Corp	Japan	Basic materials	Shares	2026-04-30	3.381.535	x1	EUR	https://www.pmepensioen.nl/en/investments/we-do-invest-in
PME pensioenfonds	NJJ Continental SA	Luxembourg	Communications	Corporate bonds	2026-04-30	16.038.146	x1	EUR	https://www.pmepensioen.nl/en/investments/we-do-invest-in
PME pensioenfonds	NN Group NV	Netherlands	Financial	Shares	2026-04-30	2.468.277	x1	EUR	https://www.pmepensioen.nl/en/investments/we-do-invest-in
PME pensioenfonds	NN Group NV	Netherlands	Financial	Corporate bonds	2026-04-30	6.235.281	x1	EUR	https://www.pmepensioen.nl/en/investments/we-do-invest-in
PME pensioenfonds	Nokia OYJ	Finland	Communications	Shares	2026-04-30	4.928.262	x1	EUR	https://www.pmepensioen.nl/en/investments/we-do-invest-in
PME pensioenfonds	Nomura Holdings Inc	Japan	Financial	Shares	2026-04-30	5.659.940	x1	EUR	https://www.pmepensioen.nl/en/investments/we-do-invest-in
PME pensioenfonds	Nomura Research Institute Ltd	Japan	Technology	Shares	2026-04-30	2.554.720	x1	EUR	https://www.pmepensioen.nl/en/investments/we-do-invest-in
PME pensioenfonds	Nongfu Spring Co Ltd	China	Consumer, non-cyclical	Shares	2026-04-30	6.695.066	x1	EUR	https://www.pmepensioen.nl/en/investments/we-do-invest-in
PME pensioenfonds	Norddeutsche Landesbank-Girozentrale	Germany	Financial	Corporate bonds	2026-04-30	8.024.312	x1	EUR	https://www.pmepensioen.nl/en/investments/we-do-invest-in
PME pensioenfonds	Nordea Bank Abp	Finland	Financial	Corporate bonds	2026-04-30	32.554.079	x1	EUR	https://www.pmepensioen.nl/en/investments/we-do-invest-in
PME pensioenfonds	Nordea Bank Abp	Finland	Financial	Shares	2026-04-30	6.247.911	x1	EUR	https://www.pmepensioen.nl/en/investments/we-do-invest-in
PME pensioenfonds	Nordson Corp	United States	Industrial	Shares	2026-04-30	12.130.184	x1	EUR	https://www.pmepensioen.nl/en/investments/we-do-invest-in
PME pensioenfonds	Northern Trust Corp	United States	Financial	Shares	2026-04-30	5.303.224	x1	EUR	https://www.pmepensioen.nl/en/investments/we-do-invest-in
PME pensioenfonds	Novartis AG	United States	Consumer, non-cyclical	Shares	2026-04-30	79.089.317	x1	EUR	https://www.pmepensioen.nl/en/investments/we-do-invest-in
PME pensioenfonds	Novartis Finance SA	United States	Consumer, non-cyclical	Corporate bonds	2026-04-30	31.671.464	x1	EUR	https://www.pmepensioen.nl/en/investments/we-do-invest-in
PME pensioenfonds	Novatek Microelectronics Corp	Taiwan	Technology	Shares	2026-04-30	2.596.221	x1	EUR	https://www.pmepensioen.nl/en/investments/we-do-invest-in
PME pensioenfonds	Novo Nordisk A/S	Denmark	Consumer, non-cyclical	Shares	2026-04-30	26.406.763	x1	EUR	https://www.pmepensioen.nl/en/investments/we-do-invest-in
PME pensioenfonds	Novo Nordisk Finance Netherlands BV	Denmark	Consumer, non-cyclical	Corporate bonds	2026-04-30	81.440.980	x1	EUR	https://www.pmepensioen.nl/en/investments/we-do-invest-in
PME pensioenfonds	Novonesis Novozymes B	Denmark	Basic materials	Shares	2026-04-30	8.319.028	x1	EUR	https://www.pmepensioen.nl/en/investments/we-do-invest-in
PME pensioenfonds	NRG Energy Inc	United States	Utilities	Corporate bonds	2026-04-30	10.061.625	x1	EUR	https://www.pmepensioen.nl/en/investments/we-do-invest-in
PME pensioenfonds	NTT Finance Corp	Japan	Communications	Corporate bonds	2026-04-30	33.217.448	x1	EUR	https://www.pmepensioen.nl/en/investments/we-do-invest-in
PME pensioenfonds	NTT Inc	Japan	Communications	Shares	2026-04-30	7.291.608	x1	EUR	https://www.pmepensioen.nl/en/investments/we-do-invest-in
PME pensioenfonds	NU Holdings Ltd/Cayman Islands	Brazil	Financial	Shares	2026-04-30	26.887.939	x1	EUR	https://www.pmepensioen.nl/en/investments/we-do-invest-in
PME pensioenfonds	Nutrien Ltd	Canada	Basic materials	Shares	2026-04-30	7.212.413	x1	EUR	https://www.pmepensioen.nl/en/investments/we-do-invest-in
PME pensioenfonds	nVent Electric PLC	United States	Industrial	Shares	2026-04-30	12.764.323	x1	EUR	https://www.pmepensioen.nl/en/investments/we-do-invest-in
PME pensioenfonds	NVIDIA Corp	United States	Technology	Shares	2026-04-30	451.007.300	x1	EUR	https://www.pmepensioen.nl/en/investments/we-do-invest-in
PME pensioenfonds	NVR Inc	United States	Consumer, cyclical	Shares	2026-04-30	3.803.365	x1	EUR	https://www.pmepensioen.nl/en/investments/we-do-invest-in
PME pensioenfonds	NXP Semiconductors NV	Netherlands	Technology	Shares	2026-04-30	9.729.552	x1	EUR	https://www.pmepensioen.nl/en/investments/we-do-invest-in
PME pensioenfonds	Nykredit Realkredit A/S	Denmark	Financial	Corporate bonds	2026-04-30	43.601.349	x1	EUR	https://www.pmepensioen.nl/en/investments/we-do-invest-in
PME pensioenfonds	Reilly Automotive Inc	United States	Consumer, cyclical	Shares	2026-04-30	15.664.499	x1	EUR	https://www.pmepensioen.nl/en/investments/we-do-invest-in
PME pensioenfonds	OAK-Eagle Acquireco Inc	United States	Technology	Corporate bonds	2026-04-30	7.349.561	x1	EUR	https://www.pmepensioen.nl/en/investments/we-do-invest-in
PME pensioenfonds	Obayashi Corp	Japan	Industrial	Shares	2026-04-30	3.788.713	x1	EUR	https://www.pmepensioen.nl/en/investments/we-do-invest-in
PME pensioenfonds	Obic Co Ltd	Japan	Technology	Shares	2026-04-30	1.933.318	x1	EUR	https://www.pmepensioen.nl/en/investments/we-do-invest-in
PME pensioenfonds	Odido Holding BV	Netherlands	Communications	Corporate bonds	2026-04-30	2.546.936	x1	EUR	https://www.pmepensioen.nl/en/investments/we-do-invest-in
PME pensioenfonds	OI European Group BV	United States	Industrial	Corporate bonds	2026-04-30	6.773.216	x1	EUR	https://www.pmepensioen.nl/en/investments/we-do-invest-in
PME pensioenfonds	Okta Inc	United States	Technology	Shares	2026-04-30	2.489.660	x1	EUR	https://www.pmepensioen.nl/en/investments/we-do-invest-in
PME pensioenfonds	Olympus Corp	Japan	Consumer, non-cyclical	Shares	2026-04-30	2.617.209	x1	EUR	https://www.pmepensioen.nl/en/investments/we-do-invest-in
PME pensioenfonds	Olympus Water US Holding Corp	United States	Basic materials	Corporate bonds	2026-04-30	4.457.343	x1	EUR	https://www.pmepensioen.nl/en/investments/we-do-invest-in
PME pensioenfonds	Omnicom Group Inc	United States	Communications	Shares	2026-04-30	2.775.136	x1	EUR	https://www.pmepensioen.nl/en/investments/we-do-invest-in
PME pensioenfonds	OmniVision Integrated Circuits Group Inc	China	Technology	Shares	2026-04-30	439.030	x1	EUR	https://www.pmepensioen.nl/en/investments/we-do-invest-in
PME pensioenfonds	ON Semiconductor Corp	United States	Technology	Shares	2026-04-30	5.165.553	x1	EUR	https://www.pmepensioen.nl/en/investments/we-do-invest-in
PME pensioenfonds	One 97 Communications Ltd	India	Consumer, non-cyclical	Shares	2026-04-30	2.315.752	x1	EUR	https://www.pmepensioen.nl/en/investments/we-do-invest-in
PME pensioenfonds	OP Corporate Bank plc	Finland	Financial	Corporate bonds	2026-04-30	18.144.530	x1	EUR	https://www.pmepensioen.nl/en/investments/we-do-invest-in
PME pensioenfonds	Opal Bidco SAS	France	Consumer, non-cyclical	Corporate bonds	2026-04-30	5.949.883	x1	EUR	https://www.pmepensioen.nl/en/investments/we-do-invest-in
PME pensioenfonds	Open Text Corp	Canada	Technology	Shares	2026-04-30	1.118.734	x1	EUR	https://www.pmepensioen.nl/en/investments/we-do-invest-in
PME pensioenfonds	Open Text Corp	Canada	Technology	Corporate bonds	2026-04-30	10.548.601	x1	EUR	https://www.pmepensioen.nl/en/investments/we-do-invest-in
PME pensioenfonds	Open Text Holdings Inc	Canada	Technology	Corporate bonds	2026-04-30	5.439.896	x1	EUR	https://www.pmepensioen.nl/en/investments/we-do-invest-in
PME pensioenfonds	Opmobility	France	Consumer, cyclical	Corporate bonds	2026-04-30	3.039.729	x1	EUR	https://www.pmepensioen.nl/en/investments/we-do-invest-in
PME pensioenfonds	Option Care Health Inc	United States	Consumer, non-cyclical	Corporate bonds	2026-04-30	4.875.192	x1	EUR	https://www.pmepensioen.nl/en/investments/we-do-invest-in
PME pensioenfonds	Oracle Corp	United States	Technology	Shares	2026-04-30	59.877.549	x1	EUR	https://www.pmepensioen.nl/en/investments/we-do-invest-in
PME pensioenfonds	Oracle Corp Japan	Japan	Technology	Shares	2026-04-30	511.809	x1	EUR	https://www.pmepensioen.nl/en/investments/we-do-invest-in
PME pensioenfonds	Oracle Financial Services Software Ltd	India	Technology	Shares	2026-04-30	779.871	x1	EUR	https://www.pmepensioen.nl/en/investments/we-do-invest-in
PME pensioenfonds	Orange SA	France	Communications	Corporate bonds	2026-04-30	62.889.887	x1	EUR	https://www.pmepensioen.nl/en/investments/we-do-invest-in
PME pensioenfonds	Orange SA	France	Communications	Shares	2026-04-30	4.483.635	x1	EUR	https://www.pmepensioen.nl/en/investments/we-do-invest-in
PME pensioenfonds	Organon & Co / Organon Foreign Debt Co-Issuer BV	United States	Consumer, non-cyclical	Corporate bonds	2026-04-30	20.334.144	x1	EUR	https://www.pmepensioen.nl/en/investments/we-do-invest-in
PME pensioenfonds	Oriental Land Co Ltd/Japan	Japan	Consumer, cyclical	Shares	2026-04-30	4.585.346	x1	EUR	https://www.pmepensioen.nl/en/investments/we-do-invest-in
PME pensioenfonds	ORIX Corp	Japan	Financial	Shares	2026-04-30	8.356.783	x1	EUR	https://www.pmepensioen.nl/en/investments/we-do-invest-in
PME pensioenfonds	Orkla ASA	Norway	Consumer, non-cyclical	Shares	2026-04-30	1.008.381	x1	EUR	https://www.pmepensioen.nl/en/investments/we-do-invest-in
PME pensioenfonds	Orsted AS	Denmark	Utilities	Shares	2026-04-30	465.258	x1	EUR	https://www.pmepensioen.nl/en/investments/we-do-invest-in
PME pensioenfonds	Orsted AS	Denmark	Utilities	Corporate bonds	2026-04-30	33.898.694	x1	EUR	https://www.pmepensioen.nl/en/investments/we-do-invest-in
PME pensioenfonds	Otis Worldwide Corp	United States	Industrial	Shares	2026-04-30	5.984.705	x1	EUR	https://www.pmepensioen.nl/en/investments/we-do-invest-in
PME pensioenfonds	OTP Bank Nyrt	Hungary	Financial	Shares	2026-04-30	12.763.307	x1	EUR	https://www.pmepensioen.nl/en/investments/we-do-invest-in
PME pensioenfonds	Otsuka Corp	Japan	Technology	Shares	2026-04-30	1.087.737	x1	EUR	https://www.pmepensioen.nl/en/investments/we-do-invest-in
PME pensioenfonds	Otsuka Holdings Co Ltd	Japan	Consumer, non-cyclical	Shares	2026-04-30	7.586.124	x1	EUR	https://www.pmepensioen.nl/en/investments/we-do-invest-in
PME pensioenfonds	Outfront Media Capital LLC / Outfront Media Capital Corp	United States	Communications	Corporate bonds	2026-04-30	20.042.485	x1	EUR	https://www.pmepensioen.nl/en/investments/we-do-invest-in
PME pensioenfonds	OUTsurance Group Ltd	South Africa	Financial	Shares	2026-04-30	1.762.925	x1	EUR	https://www.pmepensioen.nl/en/investments/we-do-invest-in
PME pensioenfonds	Oversea-Chinese Banking Corp Ltd	Singapore	Financial	Shares	2026-04-30	14.266.829	x1	EUR	https://www.pmepensioen.nl/en/investments/we-do-invest-in
PME pensioenfonds	OVH Groupe SA	France	Technology	Corporate bonds	2026-04-30	4.689.804	x1	EUR	https://www.pmepensioen.nl/en/investments/we-do-invest-in
PME pensioenfonds	Owens-Brockway Glass Container Inc	United States	Industrial	Corporate bonds	2026-04-30	1.300.591	x1	EUR	https://www.pmepensioen.nl/en/investments/we-do-invest-in
PME pensioenfonds	PACCAR Financial Europe BV	United States	Consumer, cyclical	Corporate bonds	2026-04-30	23.471.505	x1	EUR	https://www.pmepensioen.nl/en/investments/we-do-invest-in
PME pensioenfonds	PACCAR Inc	United States	Consumer, cyclical	Shares	2026-04-30	12.259.921	x1	EUR	https://www.pmepensioen.nl/en/investments/we-do-invest-in
PME pensioenfonds	Page Industries Ltd	India	Consumer, cyclical	Shares	2026-04-30	873.717	x1	EUR	https://www.pmepensioen.nl/en/investments/we-do-invest-in
PME pensioenfonds	Palo Alto Networks Inc	United States	Communications	Shares	2026-04-30	35.498.594	x1	EUR	https://www.pmepensioen.nl/en/investments/we-do-invest-in
PME pensioenfonds	Pan Pacific International Holdings Corp	Japan	Consumer, cyclical	Shares	2026-04-30	2.862.817	x1	EUR	https://www.pmepensioen.nl/en/investments/we-do-invest-in
PME pensioenfonds	Panasonic Holdings Corp	Japan	Consumer, cyclical	Shares	2026-04-30	9.391.124	x1	EUR	https://www.pmepensioen.nl/en/investments/we-do-invest-in
PME pensioenfonds	Pandora A/S	Denmark	Consumer, cyclical	Shares	2026-04-30	668.791	x1	EUR	https://www.pmepensioen.nl/en/investments/we-do-invest-in
PME pensioenfonds	s International Inc	United States	Consumer, cyclical	Corporate bonds	2026-04-30	2.884.017	x1	EUR	https://www.pmepensioen.nl/en/investments/we-do-invest-in
PME pensioenfonds	Paprec Holding SA	France	Industrial	Corporate bonds	2026-04-30	6.742.396	x1	EUR	https://www.pmepensioen.nl/en/investments/we-do-invest-in
PME pensioenfonds	Paramount Global	United States	Communications	Corporate bonds	2026-04-30	2.284.917	x1	EUR	https://www.pmepensioen.nl/en/investments/we-do-invest-in
PME pensioenfonds	Parker-Hannifin Corp	United States	Industrial	Corporate bonds	2026-04-30	6.742.322	x1	EUR	https://www.pmepensioen.nl/en/investments/we-do-invest-in
PME pensioenfonds	Parker-Hannifin Corp	United States	Industrial	Shares	2026-04-30	22.859.622	x1	EUR	https://www.pmepensioen.nl/en/investments/we-do-invest-in
PME pensioenfonds	Patrick Industries Inc	United States	Consumer, cyclical	Corporate bonds	2026-04-30	10.803.888	x1	EUR	https://www.pmepensioen.nl/en/investments/we-do-invest-in
PME pensioenfonds	Pattern Energy Operations LP / Pattern Energy Operations Inc	United States	Utilities	Corporate bonds	2026-04-30	4.841.972	x1	EUR	https://www.pmepensioen.nl/en/investments/we-do-invest-in
PME pensioenfonds	Paychex Inc	United States	Technology	Shares	2026-04-30	5.810.948	x1	EUR	https://www.pmepensioen.nl/en/investments/we-do-invest-in
PME pensioenfonds	PayPal Holdings Inc	United States	Consumer, non-cyclical	Shares	2026-04-30	8.277.773	x1	EUR	https://www.pmepensioen.nl/en/investments/we-do-invest-in
PME pensioenfonds	PB Fintech Ltd	India	Financial	Shares	2026-04-30	3.015.157	x1	EUR	https://www.pmepensioen.nl/en/investments/we-do-invest-in
PME pensioenfonds	Pearson PLC	United Kingdom	Communications	Shares	2026-04-30	908.740	x1	EUR	https://www.pmepensioen.nl/en/investments/we-do-invest-in
PME pensioenfonds	Pebblebrook Hotel LP / PEB Finance Corp	United States	Financial	Corporate bonds	2026-04-30	3.535.217	x1	EUR	https://www.pmepensioen.nl/en/investments/we-do-invest-in
PME pensioenfonds	Pediatrix Medical Group Inc	United States	Consumer, non-cyclical	Corporate bonds	2026-04-30	5.462.494	x1	EUR	https://www.pmepensioen.nl/en/investments/we-do-invest-in
PME pensioenfonds	Pentair PLC	United States	Industrial	Shares	2026-04-30	13.638.438	x1	EUR	https://www.pmepensioen.nl/en/investments/we-do-invest-in
PME pensioenfonds	Pepkor Holdings Ltd	South Africa	Consumer, cyclical	Shares	2026-04-30	2.363.927	x1	EUR	https://www.pmepensioen.nl/en/investments/we-do-invest-in
PME pensioenfonds	PepsiCo Inc	United States	Consumer, non-cyclical	Corporate bonds	2026-04-30	49.869.939	x1	EUR	https://www.pmepensioen.nl/en/investments/we-do-invest-in
PME pensioenfonds	PepsiCo Inc	United States	Consumer, non-cyclical	Shares	2026-04-30	42.098.119	x1	EUR	https://www.pmepensioen.nl/en/investments/we-do-invest-in
PME pensioenfonds	Performance Food Group Inc	United States	Consumer, non-cyclical	Corporate bonds	2026-04-30	11.694.344	x1	EUR	https://www.pmepensioen.nl/en/investments/we-do-invest-in
PME pensioenfonds	Perimeter Holdings LLC	United States	Basic materials	Corporate bonds	2026-04-30	1.569.264	x1	EUR	https://www.pmepensioen.nl/en/investments/we-do-invest-in
PME pensioenfonds	Pernod Ricard SA	France	Consumer, non-cyclical	Corporate bonds	2026-04-30	20.286.362	x1	EUR	https://www.pmepensioen.nl/en/investments/we-do-invest-in
PME pensioenfonds	Pernod Ricard SA	France	Consumer, non-cyclical	Shares	2026-04-30	1.740.940	x1	EUR	https://www.pmepensioen.nl/en/investments/we-do-invest-in
PME pensioenfonds	Perrigo Finance Unlimited Co	United States	Consumer, non-cyclical	Corporate bonds	2026-04-30	3.370.340	x1	EUR	https://www.pmepensioen.nl/en/investments/we-do-invest-in
PME pensioenfonds	Persistent Systems Ltd	India	Technology	Shares	2026-04-30	2.411.763	x1	EUR	https://www.pmepensioen.nl/en/investments/we-do-invest-in
PME pensioenfonds	Petronas Dagangan Bhd	Malaysia	Energy	Shares	2026-04-30	486.868	x1	EUR	https://www.pmepensioen.nl/en/investments/we-do-invest-in
PME pensioenfonds	Pfizer Inc	United States	Consumer, non-cyclical	Shares	2026-04-30	31.248.468	x1	EUR	https://www.pmepensioen.nl/en/investments/we-do-invest-in
PME pensioenfonds	Pfizer Netherlands International Finance BV	United States	Consumer, non-cyclical	Corporate bonds	2026-04-30	24.449.777	x1	EUR	https://www.pmepensioen.nl/en/investments/we-do-invest-in
PME pensioenfonds	PG&E Corp	United States	Utilities	Corporate bonds	2026-04-30	6.964.503	x1	EUR	https://www.pmepensioen.nl/en/investments/we-do-invest-in
PME pensioenfonds	PharmaEssentia Corp	Taiwan	Consumer, non-cyclical	Shares	2026-04-30	3.169.999	x1	EUR	https://www.pmepensioen.nl/en/investments/we-do-invest-in
PME pensioenfonds	Phinia Inc	United States	Consumer, cyclical	Corporate bonds	2026-04-30	3.412.272	x1	EUR	https://www.pmepensioen.nl/en/investments/we-do-invest-in
PME pensioenfonds	PI Industries Ltd	India	Basic materials	Shares	2026-04-30	1.238.135	x1	EUR	https://www.pmepensioen.nl/en/investments/we-do-invest-in
PME pensioenfonds	Pidilite Industries Ltd	India	Industrial	Shares	2026-04-30	2.248.935	x1	EUR	https://www.pmepensioen.nl/en/investments/we-do-invest-in
PME pensioenfonds	Ping An Bank Co Ltd	China	Financial	Shares	2026-04-30	897.854	x1	EUR	https://www.pmepensioen.nl/en/investments/we-do-invest-in
PME pensioenfonds	Ping An Insurance Group Co of China Ltd	China	Financial	Shares	2026-04-30	30.917.191	x1	EUR	https://www.pmepensioen.nl/en/investments/we-do-invest-in
PME pensioenfonds	Pinnacle Bidco PLC	United Kingdom	Consumer, cyclical	Corporate bonds	2026-04-30	1.571.192	x1	EUR	https://www.pmepensioen.nl/en/investments/we-do-invest-in
PME pensioenfonds	Pinterest Inc	United States	Communications	Shares	2026-04-30	2.077.361	x1	EUR	https://www.pmepensioen.nl/en/investments/we-do-invest-in
PME pensioenfonds	Piraeus Bank SA	Greece	Financial	Shares	2026-04-30	5.163.499	x1	EUR	https://www.pmepensioen.nl/en/investments/we-do-invest-in
PME pensioenfonds	PNC Financial Services Group Inc/The	United States	Financial	Shares	2026-04-30	16.276.785	x1	EUR	https://www.pmepensioen.nl/en/investments/we-do-invest-in
PME pensioenfonds	Pop Mart International Group Ltd	China	Consumer, cyclical	Shares	2026-04-30	5.471.536	x1	EUR	https://www.pmepensioen.nl/en/investments/we-do-invest-in
PME pensioenfonds	Porto Seguro SA	Brazil	Financial	Shares	2026-04-30	1.083.790	x1	EUR	https://www.pmepensioen.nl/en/investments/we-do-invest-in
PME pensioenfonds	Post Holdings Inc	United States	Consumer, non-cyclical	Corporate bonds	2026-04-30	19.326.587	x1	EUR	https://www.pmepensioen.nl/en/investments/we-do-invest-in
PME pensioenfonds	Poste Italiane SpA	Italy	Industrial	Shares	2026-04-30	1.248.338	x1	EUR	https://www.pmepensioen.nl/en/investments/we-do-invest-in
PME pensioenfonds	Power Corp of Canada	Canada	Financial	Shares	2026-04-30	5.258.183	x1	EUR	https://www.pmepensioen.nl/en/investments/we-do-invest-in
PME pensioenfonds	Power Grid Corp of India Ltd	India	Utilities	Shares	2026-04-30	8.023.073	x1	EUR	https://www.pmepensioen.nl/en/investments/we-do-invest-in
PME pensioenfonds	Powszechna Kasa Oszczednosci Bank Polski SA	Poland	Financial	Shares	2026-04-30	11.523.858	x1	EUR	https://www.pmepensioen.nl/en/investments/we-do-invest-in
PME pensioenfonds	Powszechny Zaklad Ubezpieczen SA	Poland	Financial	Shares	2026-04-30	6.008.531	x1	EUR	https://www.pmepensioen.nl/en/investments/we-do-invest-in
PME pensioenfonds	PPG Industries Inc	United States	Basic materials	Shares	2026-04-30	4.681.403	x1	EUR	https://www.pmepensioen.nl/en/investments/we-do-invest-in
PME pensioenfonds	PPG Industries Inc	United States	Basic materials	Corporate bonds	2026-04-30	18.796.895	x1	EUR	https://www.pmepensioen.nl/en/investments/we-do-invest-in
PME pensioenfonds	President Chain Store Corp	Taiwan	Consumer, cyclical	Shares	2026-04-30	2.608.491	x1	EUR	https://www.pmepensioen.nl/en/investments/we-do-invest-in
PME pensioenfonds	Press Metal Aluminium Holdings Bhd	Malaysia	Basic materials	Shares	2026-04-30	3.765.543	x1	EUR	https://www.pmepensioen.nl/en/investments/we-do-invest-in
PME pensioenfonds	Prestige Brands Inc	United States	Consumer, non-cyclical	Corporate bonds	2026-04-30	13.332.173	x1	EUR	https://www.pmepensioen.nl/en/investments/we-do-invest-in
PME pensioenfonds	Primo Water Holdings Inc / Triton Water Holdings Inc	United States	Consumer, non-cyclical	Corporate bonds	2026-04-30	7.072.912	x1	EUR	https://www.pmepensioen.nl/en/investments/we-do-invest-in
PME pensioenfonds	Principal Financial Group Inc	United States	Financial	Shares	2026-04-30	3.991.290	x1	EUR	https://www.pmepensioen.nl/en/investments/we-do-invest-in
PME pensioenfonds	Pro Medicus Ltd	Australia	Technology	Shares	2026-04-30	1.127.446	x1	EUR	https://www.pmepensioen.nl/en/investments/we-do-invest-in
PME pensioenfonds	Procter & Gamble Co/The	United States	Consumer, non-cyclical	Corporate bonds	2026-04-30	38.169.185	x1	EUR	https://www.pmepensioen.nl/en/investments/we-do-invest-in
PME pensioenfonds	Procter & Gamble Co/The	United States	Consumer, non-cyclical	Shares	2026-04-30	107.908.414	x1	EUR	https://www.pmepensioen.nl/en/investments/we-do-invest-in
PME pensioenfonds	Progressive Corp/The	United States	Financial	Shares	2026-04-30	39.434.482	x1	EUR	https://www.pmepensioen.nl/en/investments/we-do-invest-in
PME pensioenfonds	Project Grand UK PLC	United Kingdom	Industrial	Corporate bonds	2026-04-30	1.553.357	x1	EUR	https://www.pmepensioen.nl/en/investments/we-do-invest-in
PME pensioenfonds	Prologis Euro Finance LLC	United States	Financial	Corporate bonds	2026-04-30	34.664.152	x1	EUR	https://www.pmepensioen.nl/en/investments/we-do-invest-in
PME pensioenfonds	Prologis International Funding II SA	Luxembourg	Financial	Corporate bonds	2026-04-30	8.458.365	x1	EUR	https://www.pmepensioen.nl/en/investments/we-do-invest-in
PME pensioenfonds	Prosus NV	China	Communications	Shares	2026-04-30	6.963.582	x1	EUR	https://www.pmepensioen.nl/en/investments/we-do-invest-in
PME pensioenfonds	Proximus SADP	Belgium	Communications	Corporate bonds	2026-04-30	10.177.483	x1	EUR	https://www.pmepensioen.nl/en/investments/we-do-invest-in
PME pensioenfonds	Prudential Financial Inc	United States	Financial	Shares	2026-04-30	6.760.976	x1	EUR	https://www.pmepensioen.nl/en/investments/we-do-invest-in
PME pensioenfonds	Prudential PLC	Hong Kong	Financial	Shares	2026-04-30	4.203.181	x1	EUR	https://www.pmepensioen.nl/en/investments/we-do-invest-in
PME pensioenfonds	Prysmian SpA	Italy	Industrial	Shares	2026-04-30	15.392.295	x1	EUR	https://www.pmepensioen.nl/en/investments/we-do-invest-in
PME pensioenfonds	Prysmian SpA	Italy	Industrial	Corporate bonds	2026-04-30	12.886.094	x1	EUR	https://www.pmepensioen.nl/en/investments/we-do-invest-in
PME pensioenfonds	PTC Inc	United States	Technology	Shares	2026-04-30	3.335.196	x1	EUR	https://www.pmepensioen.nl/en/investments/we-do-invest-in
PME pensioenfonds	PTC Inc	United States	Technology	Corporate bonds	2026-04-30	8.575.735	x1	EUR	https://www.pmepensioen.nl/en/investments/we-do-invest-in
PME pensioenfonds	Public Bank Bhd	Malaysia	Financial	Shares	2026-04-30	9.051.327	x1	EUR	https://www.pmepensioen.nl/en/investments/we-do-invest-in
PME pensioenfonds	Public Service Enterprise Group Inc	United States	Utilities	Shares	2026-04-30	7.866.946	x1	EUR	https://www.pmepensioen.nl/en/investments/we-do-invest-in
PME pensioenfonds	Publicis Groupe SA	France	Communications	Shares	2026-04-30	2.220.409	x1	EUR	https://www.pmepensioen.nl/en/investments/we-do-invest-in
PME pensioenfonds	Publicis Groupe SA	France	Communications	Corporate bonds	2026-04-30	6.555.356	x1	EUR	https://www.pmepensioen.nl/en/investments/we-do-invest-in
PME pensioenfonds	PulteGroup Inc	United States	Consumer, cyclical	Shares	2026-04-30	4.793.000	x1	EUR	https://www.pmepensioen.nl/en/investments/we-do-invest-in
PME pensioenfonds	Punjab National Bank	India	Financial	Shares	2026-04-30	1.231.458	x1	EUR	https://www.pmepensioen.nl/en/investments/we-do-invest-in
PME pensioenfonds	Q-Park Holding I BV	Netherlands	Consumer, non-cyclical	Corporate bonds	2026-04-30	3.018.106	x1	EUR	https://www.pmepensioen.nl/en/investments/we-do-invest-in
PME pensioenfonds	Qantas Airways Ltd	Australia	Consumer, cyclical	Shares	2026-04-30	1.062.636	x1	EUR	https://www.pmepensioen.nl/en/investments/we-do-invest-in
PME pensioenfonds	QBE Insurance Group Ltd	Australia	Financial	Shares	2026-04-30	5.416.218	x1	EUR	https://www.pmepensioen.nl/en/investments/we-do-invest-in
PME pensioenfonds	QIAGEN NV	United States	Consumer, non-cyclical	Shares	2026-04-30	951.527	x1	EUR	https://www.pmepensioen.nl/en/investments/we-do-invest-in
PME pensioenfonds	QL Resources Bhd	Malaysia	Consumer, non-cyclical	Shares	2026-04-30	924.514	x1	EUR	https://www.pmepensioen.nl/en/investments/we-do-invest-in
PME pensioenfonds	Qnity Electronics Inc	United States	Consumer, cyclical	Corporate bonds	2026-04-30	8.521.834	x1	EUR	https://www.pmepensioen.nl/en/investments/we-do-invest-in
PME pensioenfonds	QUALCOMM Inc	United States	Technology	Shares	2026-04-30	44.380.704	x1	EUR	https://www.pmepensioen.nl/en/investments/we-do-invest-in
PME pensioenfonds	Quanta Computer Inc	Taiwan	Technology	Shares	2026-04-30	10.599.918	x1	EUR	https://www.pmepensioen.nl/en/investments/we-do-invest-in
PME pensioenfonds	Quanta Services Inc	United States	Consumer, non-cyclical	Shares	2026-04-30	16.082.731	x1	EUR	https://www.pmepensioen.nl/en/investments/we-do-invest-in
PME pensioenfonds	Quest Diagnostics Inc	United States	Consumer, non-cyclical	Shares	2026-04-30	4.187.835	x1	EUR	https://www.pmepensioen.nl/en/investments/we-do-invest-in
PME pensioenfonds	Quikrete Holdings Inc	United States	Industrial	Corporate bonds	2026-04-30	4.712.765	x1	EUR	https://www.pmepensioen.nl/en/investments/we-do-invest-in
PME pensioenfonds	QXO Building Products Inc	United States	Consumer, cyclical	Corporate bonds	2026-04-30	10.870.497	x1	EUR	https://www.pmepensioen.nl/en/investments/we-do-invest-in
PME pensioenfonds	Raiffeisen Bank International AG	Austria	Financial	Corporate bonds	2026-04-30	20.416.869	x1	EUR	https://www.pmepensioen.nl/en/investments/we-do-invest-in
PME pensioenfonds	Raiffeisen Schweiz Genossenschaft	Switzerland	Financial	Corporate bonds	2026-04-30	41.492.850	x1	EUR	https://www.pmepensioen.nl/en/investments/we-do-invest-in
PME pensioenfonds	Rakuten Group Inc	Japan	Communications	Corporate bonds	2026-04-30	6.760.972	x1	EUR	https://www.pmepensioen.nl/en/investments/we-do-invest-in
PME pensioenfonds	Rakuten Group Inc	Japan	Communications	Shares	2026-04-30	1.692.329	x1	EUR	https://www.pmepensioen.nl/en/investments/we-do-invest-in
PME pensioenfonds	Randstad NV	Netherlands	Consumer, non-cyclical	Corporate bonds	2026-04-30	5.212.306	x1	EUR	https://www.pmepensioen.nl/en/investments/we-do-invest-in
PME pensioenfonds	Randstad NV	Netherlands	Consumer, non-cyclical	Shares	2026-04-30	324.365	x1	EUR	https://www.pmepensioen.nl/en/investments/we-do-invest-in
PME pensioenfonds	Rational AG	Germany	Consumer, cyclical	Shares	2026-04-30	415.496	x1	EUR	https://www.pmepensioen.nl/en/investments/we-do-invest-in
PME pensioenfonds	Raymond James Financial Inc	United States	Financial	Shares	2026-04-30	5.524.564	x1	EUR	https://www.pmepensioen.nl/en/investments/we-do-invest-in
PME pensioenfonds	RB Global Inc	Canada	Consumer, cyclical	Shares	2026-04-30	9.888.975	x1	EUR	https://www.pmepensioen.nl/en/investments/we-do-invest-in
PME pensioenfonds	RCI Banque SA	France	Consumer, cyclical	Corporate bonds	2026-04-30	1.351.727	x1	EUR	https://www.pmepensioen.nl/en/investments/we-do-invest-in
PME pensioenfonds	REA Group Ltd	Australia	Financial	Shares	2026-04-30	1.439.142	x1	EUR	https://www.pmepensioen.nl/en/investments/we-do-invest-in
PME pensioenfonds	Realtek Semiconductor Corp	Taiwan	Technology	Shares	2026-04-30	2.971.616	x1	EUR	https://www.pmepensioen.nl/en/investments/we-do-invest-in
PME pensioenfonds	REC Ltd	India	Financial	Shares	2026-04-30	2.226.057	x1	EUR	https://www.pmepensioen.nl/en/investments/we-do-invest-in
PME pensioenfonds	Reckitt Benckiser Group PLC	United Kingdom	Consumer, non-cyclical	Shares	2026-04-30	5.170.636	x1	EUR	https://www.pmepensioen.nl/en/investments/we-do-invest-in
PME pensioenfonds	Reckitt Benckiser Treasury Services Nederland BV	United Kingdom	Consumer, non-cyclical	Corporate bonds	2026-04-30	4.954.090	x1	EUR	https://www.pmepensioen.nl/en/investments/we-do-invest-in
PME pensioenfonds	Reckitt Benckiser Treasury Services PLC	United Kingdom	Consumer, non-cyclical	Corporate bonds	2026-04-30	53.543.720	x1	EUR	https://www.pmepensioen.nl/en/investments/we-do-invest-in
PME pensioenfonds	Recruit Holdings Co Ltd	Japan	Consumer, non-cyclical	Shares	2026-04-30	14.301.387	x1	EUR	https://www.pmepensioen.nl/en/investments/we-do-invest-in
PME pensioenfonds	Reddit Inc	United States	Communications	Shares	2026-04-30	1.780.998	x1	EUR	https://www.pmepensioen.nl/en/investments/we-do-invest-in
PME pensioenfonds	Redeia Corp SA	Spain	Utilities	Shares	2026-04-30	793.680	x1	EUR	https://www.pmepensioen.nl/en/investments/we-do-invest-in
PME pensioenfonds	Regeneron Pharmaceuticals Inc	United States	Consumer, non-cyclical	Shares	2026-04-30	16.303.764	x1	EUR	https://www.pmepensioen.nl/en/investments/we-do-invest-in
PME pensioenfonds	Regions Financial Corp	United States	Financial	Shares	2026-04-30	4.675.054	x1	EUR	https://www.pmepensioen.nl/en/investments/we-do-invest-in
PME pensioenfonds	Reinet Investments SCA	Luxembourg	Financial	Shares	2026-04-30	2.583.073	x1	EUR	https://www.pmepensioen.nl/en/investments/we-do-invest-in
PME pensioenfonds	Reliance Inc	United States	Basic materials	Shares	2026-04-30	3.063.467	x1	EUR	https://www.pmepensioen.nl/en/investments/we-do-invest-in
PME pensioenfonds	RELX Finance BV	United Kingdom	Consumer, non-cyclical	Corporate bonds	2026-04-30	8.842.434	x1	EUR	https://www.pmepensioen.nl/en/investments/we-do-invest-in
PME pensioenfonds	RELX PLC	United Kingdom	Consumer, non-cyclical	Shares	2026-04-30	12.677.771	x1	EUR	https://www.pmepensioen.nl/en/investments/we-do-invest-in
PME pensioenfonds	Ren Finance BV	Portugal	Utilities	Corporate bonds	2026-04-30	5.143.689	x1	EUR	https://www.pmepensioen.nl/en/investments/we-do-invest-in
PME pensioenfonds	Renesas Electronics Corp	Japan	Technology	Shares	2026-04-30	5.667.973	x1	EUR	https://www.pmepensioen.nl/en/investments/we-do-invest-in
PME pensioenfonds	Rentokil Initial PLC	United Kingdom	Consumer, non-cyclical	Corporate bonds	2026-04-30	1.389.969	x1	EUR	https://www.pmepensioen.nl/en/investments/we-do-invest-in
PME pensioenfonds	Rentokil Initial PLC	United Kingdom	Consumer, non-cyclical	Shares	2026-04-30	1.812.657	x1	EUR	https://www.pmepensioen.nl/en/investments/we-do-invest-in
PME pensioenfonds	Republic Services Inc	United States	Industrial	Shares	2026-04-30	19.206.355	x1	EUR	https://www.pmepensioen.nl/en/investments/we-do-invest-in
PME pensioenfonds	Resideo Funding Inc	United States	Consumer, cyclical	Corporate bonds	2026-04-30	5.180.540	x1	EUR	https://www.pmepensioen.nl/en/investments/we-do-invest-in
PME pensioenfonds	ResMed Inc	United States	Consumer, non-cyclical	Shares	2026-04-30	6.412.350	x1	EUR	https://www.pmepensioen.nl/en/investments/we-do-invest-in
PME pensioenfonds	Resona Holdings Inc	Japan	Financial	Shares	2026-04-30	5.589.326	x1	EUR	https://www.pmepensioen.nl/en/investments/we-do-invest-in
PME pensioenfonds	Restaurant Brands International Inc	Canada	Consumer, cyclical	Shares	2026-04-30	4.390.579	x1	EUR	https://www.pmepensioen.nl/en/investments/we-do-invest-in
PME pensioenfonds	Reworld Holding Corp	United States	Industrial	Corporate bonds	2026-04-30	2.317.645	x1	EUR	https://www.pmepensioen.nl/en/investments/we-do-invest-in
PME pensioenfonds	Rexel SA	France	Consumer, cyclical	Shares	2026-04-30	999.898	x1	EUR	https://www.pmepensioen.nl/en/investments/we-do-invest-in
PME pensioenfonds	Rexel SA	France	Consumer, cyclical	Corporate bonds	2026-04-30	25.460.148	x1	EUR	https://www.pmepensioen.nl/en/investments/we-do-invest-in
PME pensioenfonds	RHB Bank Bhd	Malaysia	Financial	Shares	2026-04-30	2.072.331	x1	EUR	https://www.pmepensioen.nl/en/investments/we-do-invest-in
PME pensioenfonds	Rheinmetall AG	Germany	Industrial	Shares	2026-04-30	8.782.560	x1	EUR	https://www.pmepensioen.nl/en/investments/we-do-invest-in
PME pensioenfonds	RHP Hotel Properties LP / RHP Finance Corp	United States	Financial	Corporate bonds	2026-04-30	12.939.537	x1	EUR	https://www.pmepensioen.nl/en/investments/we-do-invest-in
PME pensioenfonds	Richter Gedeon Nyrt	Hungary	Consumer, non-cyclical	Shares	2026-04-30	2.948.878	x1	EUR	https://www.pmepensioen.nl/en/investments/we-do-invest-in
PME pensioenfonds	Ritchie Bros Holdings Inc	Canada	Consumer, cyclical	Corporate bonds	2026-04-30	12.718.792	x1	EUR	https://www.pmepensioen.nl/en/investments/we-do-invest-in
PME pensioenfonds	Rivian Automotive Inc	United States	Consumer, cyclical	Shares	2026-04-30	2.258.349	x1	EUR	https://www.pmepensioen.nl/en/investments/we-do-invest-in
PME pensioenfonds	Robinhood Markets Inc	United States	Communications	Shares	2026-04-30	10.024.141	x1	EUR	https://www.pmepensioen.nl/en/investments/we-do-invest-in
PME pensioenfonds	ROBLOX Corp	United States	Technology	Shares	2026-04-30	5.899.922	x1	EUR	https://www.pmepensioen.nl/en/investments/we-do-invest-in
PME pensioenfonds	Roche Finance Europe BV	Switzerland	Consumer, non-cyclical	Corporate bonds	2026-04-30	17.311.826	x1	EUR	https://www.pmepensioen.nl/en/investments/we-do-invest-in
PME pensioenfonds	Roche Holding AG	United States	Consumer, non-cyclical	Shares	2026-04-30	76.864.773	x1	EUR	https://www.pmepensioen.nl/en/investments/we-do-invest-in
PME pensioenfonds	Rockwell Automation Inc	United States	Industrial	Shares	2026-04-30	7.900.530	x1	EUR	https://www.pmepensioen.nl/en/investments/we-do-invest-in
PME pensioenfonds	ROCKWOOL A/S	Denmark	Industrial	Shares	2026-04-30	293.437	x1	EUR	https://www.pmepensioen.nl/en/investments/we-do-invest-in
PME pensioenfonds	Rogers Communications Inc	Canada	Communications	Corporate bonds	2026-04-30	5.783.805	x1	EUR	https://www.pmepensioen.nl/en/investments/we-do-invest-in
PME pensioenfonds	Rogers Communications Inc	Canada	Communications	Shares	2026-04-30	2.716.474	x1	EUR	https://www.pmepensioen.nl/en/investments/we-do-invest-in
PME pensioenfonds	Rollins Inc	United States	Consumer, non-cyclical	Shares	2026-04-30	2.969.628	x1	EUR	https://www.pmepensioen.nl/en/investments/we-do-invest-in
PME pensioenfonds	Roper Technologies Inc	United States	Technology	Shares	2026-04-30	7.407.965	x1	EUR	https://www.pmepensioen.nl/en/investments/we-do-invest-in
PME pensioenfonds	Rossini Sarl	Italy	Consumer, non-cyclical	Corporate bonds	2026-04-30	4.622.097	x1	EUR	https://www.pmepensioen.nl/en/investments/we-do-invest-in
PME pensioenfonds	Royal Bank of Canada	Canada	Financial	Corporate bonds	2026-04-30	41.868.994	x1	EUR	https://www.pmepensioen.nl/en/investments/we-do-invest-in
PME pensioenfonds	Royal Bank of Canada	Canada	Financial	Shares	2026-04-30	45.072.080	x1	EUR	https://www.pmepensioen.nl/en/investments/we-do-invest-in
PME pensioenfonds	Royal Bank of Canada/London	Canada	Financial	Corporate bonds	2026-04-30	4.576.161	x1	EUR	https://www.pmepensioen.nl/en/investments/we-do-invest-in
PME pensioenfonds	Royal Schiphol Group NV	Netherlands	Industrial	Corporate bonds	2026-04-30	20.466.888	x1	EUR	https://www.pmepensioen.nl/en/investments/we-do-invest-in
PME pensioenfonds	RPM International Inc	United States	Basic materials	Shares	2026-04-30	2.648.999	x1	EUR	https://www.pmepensioen.nl/en/investments/we-do-invest-in
PME pensioenfonds	Electricite SADIR	France	Utilities	Corporate bonds	2026-04-30	35.501.455	x1	EUR	https://www.pmepensioen.nl/en/investments/we-do-invest-in
PME pensioenfonds	Rumo SA	Brazil	Industrial	Shares	2026-04-30	1.927.302	x1	EUR	https://www.pmepensioen.nl/en/investments/we-do-invest-in
PME pensioenfonds	Ryanair Holdings PLC	Italy	Consumer, cyclical	Shares	2026-04-30	2.751.710	x1	EUR	https://www.pmepensioen.nl/en/investments/we-do-invest-in
PME pensioenfonds	S&P Global Inc	United States	Consumer, non-cyclical	Shares	2026-04-30	47.863.117	x1	EUR	https://www.pmepensioen.nl/en/investments/we-do-invest-in
PME pensioenfonds	Saab AB	Sweden	Industrial	Shares	2026-04-30	2.442.960	x1	EUR	https://www.pmepensioen.nl/en/investments/we-do-invest-in
PME pensioenfonds	Sage Group PLC/The	United Kingdom	Technology	Shares	2026-04-30	1.265.033	x1	EUR	https://www.pmepensioen.nl/en/investments/we-do-invest-in
PME pensioenfonds	Sage Group PLC/The	United Kingdom	Technology	Corporate bonds	2026-04-30	15.432.160	x1	EUR	https://www.pmepensioen.nl/en/investments/we-do-invest-in
PME pensioenfonds	Salesforce Inc	United States	Technology	Shares	2026-04-30	46.057.364	x1	EUR	https://www.pmepensioen.nl/en/investments/we-do-invest-in
PME pensioenfonds	Salik Co PJSC	United Arab Emirates	Consumer, non-cyclical	Shares	2026-04-30	1.033.281	x1	EUR	https://www.pmepensioen.nl/en/investments/we-do-invest-in
PME pensioenfonds	Samhallsbyggnadsbolaget I Norden Holding AB	Sweden	Financial	Corporate bonds	2026-04-30	7.822.393	x1	EUR	https://www.pmepensioen.nl/en/investments/we-do-invest-in
PME pensioenfonds	Sampo Oyj	Finland	Financial	Shares	2026-04-30	3.020.952	x1	EUR	https://www.pmepensioen.nl/en/investments/we-do-invest-in
PME pensioenfonds	Samsara Inc	United States	Technology	Shares	2026-04-30	1.721.662	x1	EUR	https://www.pmepensioen.nl/en/investments/we-do-invest-in
PME pensioenfonds	Samsung Biologics Co Ltd	Korea	Consumer, non-cyclical	Shares	2026-04-30	6.107.983	x1	EUR	https://www.pmepensioen.nl/en/investments/we-do-invest-in
PME pensioenfonds	Samsung Electro-Mechanics Co Ltd	Korea	Industrial	Shares	2026-04-30	6.299.188	x1	EUR	https://www.pmepensioen.nl/en/investments/we-do-invest-in
PME pensioenfonds	Samsung Electronics Co Ltd	Korea	Technology	Shares	2026-04-30	132.277.095	x1	EUR	https://www.pmepensioen.nl/en/investments/we-do-invest-in
PME pensioenfonds	Samsung Fire & Marine Insurance Co Ltd	Korea	Financial	Shares	2026-04-30	4.825.172	x1	EUR	https://www.pmepensioen.nl/en/investments/we-do-invest-in
PME pensioenfonds	Samsung Life Insurance Co Ltd	Korea	Financial	Shares	2026-04-30	6.051.749	x1	EUR	https://www.pmepensioen.nl/en/investments/we-do-invest-in
PME pensioenfonds	Samsung SDS Co Ltd	Korea	Technology	Shares	2026-04-30	1.604.453	x1	EUR	https://www.pmepensioen.nl/en/investments/we-do-invest-in
PME pensioenfonds	Samvardhana Motherson International Ltd	India	Consumer, cyclical	Shares	2026-04-30	2.505.286	x1	EUR	https://www.pmepensioen.nl/en/investments/we-do-invest-in
PME pensioenfonds	Samyang Foods Co Ltd	Korea	Consumer, non-cyclical	Shares	2026-04-30	1.660.502	x1	EUR	https://www.pmepensioen.nl/en/investments/we-do-invest-in
PME pensioenfonds	Sandoz Finance BV	Netherlands	Consumer, non-cyclical	Corporate bonds	2026-04-30	8.568.562	x1	EUR	https://www.pmepensioen.nl/en/investments/we-do-invest-in
PME pensioenfonds	Sandoz Group AG	Switzerland	Consumer, non-cyclical	Shares	2026-04-30	3.779.420	x1	EUR	https://www.pmepensioen.nl/en/investments/we-do-invest-in
PME pensioenfonds	Sandvik AB	Sweden	Industrial	Shares	2026-04-30	4.707.417	x1	EUR	https://www.pmepensioen.nl/en/investments/we-do-invest-in
PME pensioenfonds	Sandvik AB	Sweden	Industrial	Corporate bonds	2026-04-30	8.619.167	x1	EUR	https://www.pmepensioen.nl/en/investments/we-do-invest-in
PME pensioenfonds	Sanlam Ltd	South Africa	Financial	Shares	2026-04-30	5.216.650	x1	EUR	https://www.pmepensioen.nl/en/investments/we-do-invest-in
PME pensioenfonds	Sanofi SA	United States	Consumer, non-cyclical	Corporate bonds	2026-04-30	56.705.959	x1	EUR	https://www.pmepensioen.nl/en/investments/we-do-invest-in
PME pensioenfonds	Sanofi SA	United States	Consumer, non-cyclical	Shares	2026-04-30	37.690.458	x1	EUR	https://www.pmepensioen.nl/en/investments/we-do-invest-in
PME pensioenfonds	Sanrio Co Ltd	Japan	Consumer, cyclical	Shares	2026-04-30	1.340.832	x1	EUR	https://www.pmepensioen.nl/en/investments/we-do-invest-in
PME pensioenfonds	Santander Bank Polska SA	Poland	Financial	Shares	2026-04-30	3.116.346	x1	EUR	https://www.pmepensioen.nl/en/investments/we-do-invest-in
PME pensioenfonds	Santander UK Group Holdings PLC	United Kingdom	Financial	Corporate bonds	2026-04-30	8.440.303	x1	EUR	https://www.pmepensioen.nl/en/investments/we-do-invest-in
PME pensioenfonds	Sany Heavy Industry Co Ltd	China	Industrial	Shares	2026-04-30	645.202	x1	EUR	https://www.pmepensioen.nl/en/investments/we-do-invest-in
PME pensioenfonds	SAP SE	Germany	Technology	Shares	2026-04-30	45.524.016	x1	EUR	https://www.pmepensioen.nl/en/investments/we-do-invest-in
PME pensioenfonds	SAP SE	Germany	Technology	Corporate bonds	2026-04-30	1.986.528	x1	EUR	https://www.pmepensioen.nl/en/investments/we-do-invest-in
PME pensioenfonds	Saputo Inc	Canada	Consumer, non-cyclical	Shares	2026-04-30	1.483.659	x1	EUR	https://www.pmepensioen.nl/en/investments/we-do-invest-in
PME pensioenfonds	Sartorius AG	Germany	Industrial	Shares	2026-04-30	739.743	x1	EUR	https://www.pmepensioen.nl/en/investments/we-do-invest-in
PME pensioenfonds	Sartorius Finance BV	Germany	Consumer, non-cyclical	Corporate bonds	2026-04-30	49.425.795	x1	EUR	https://www.pmepensioen.nl/en/investments/we-do-invest-in
PME pensioenfonds	Sartorius Stedim Biotech	France	Consumer, non-cyclical	Shares	2026-04-30	651.836	x1	EUR	https://www.pmepensioen.nl/en/investments/we-do-invest-in
PME pensioenfonds	Satellite Chemical Co Ltd	China	Basic materials	Shares	2026-04-30	571.162	x1	EUR	https://www.pmepensioen.nl/en/investments/we-do-invest-in
PME pensioenfonds	Saudi Arabian Mining Co	Saudi Arabia	Basic materials	Shares	2026-04-30	12.888.737	x1	EUR	https://www.pmepensioen.nl/en/investments/we-do-invest-in
PME pensioenfonds	Saudi Awwal Bank	Saudi Arabia	Financial	Shares	2026-04-30	5.811.683	x1	EUR	https://www.pmepensioen.nl/en/investments/we-do-invest-in
PME pensioenfonds	SBA Communications Corp	United States	Financial	Corporate bonds	2026-04-30	5.788.452	x1	EUR	https://www.pmepensioen.nl/en/investments/we-do-invest-in
PME pensioenfonds	SBI Cards & Payment Services Ltd	India	Financial	Shares	2026-04-30	1.068.147	x1	EUR	https://www.pmepensioen.nl/en/investments/we-do-invest-in
PME pensioenfonds	SBI Holdings Inc	Japan	Financial	Shares	2026-04-30	2.458.828	x1	EUR	https://www.pmepensioen.nl/en/investments/we-do-invest-in
PME pensioenfonds	SBI Life Insurance Co Ltd	India	Financial	Shares	2026-04-30	4.558.722	x1	EUR	https://www.pmepensioen.nl/en/investments/we-do-invest-in
PME pensioenfonds	SCB X PCL	Thailand	Financial	Shares	2026-04-30	1.581.790	x1	EUR	https://www.pmepensioen.nl/en/investments/we-do-invest-in
PME pensioenfonds	Scentre Group Trust 1 / Scentre Group Trust 2	Australia	Financial	Corporate bonds	2026-04-30	13.594.940	x1	EUR	https://www.pmepensioen.nl/en/investments/we-do-invest-in
PME pensioenfonds	Scentre Management Ltd	Australia	Financial	Corporate bonds	2026-04-30	7.418.841	x1	EUR	https://www.pmepensioen.nl/en/investments/we-do-invest-in
PME pensioenfonds	Schaeffler AG	Germany	Consumer, cyclical	Corporate bonds	2026-04-30	49.132.255	x1	EUR	https://www.pmepensioen.nl/en/investments/we-do-invest-in
PME pensioenfonds	Schindler Holding AG	Switzerland	Industrial	Shares	2026-04-30	2.386.977	x1	EUR	https://www.pmepensioen.nl/en/investments/we-do-invest-in
PME pensioenfonds	Schneider Electric SE	United States	Industrial	Shares	2026-04-30	50.788.950	x1	EUR	https://www.pmepensioen.nl/en/investments/we-do-invest-in
PME pensioenfonds	Schneider Electric SE	United States	Industrial	Corporate bonds	2026-04-30	43.543.479	x1	EUR	https://www.pmepensioen.nl/en/investments/we-do-invest-in
PME pensioenfonds	Schroders PLC	United Kingdom	Financial	Shares	2026-04-30	634.015	x1	EUR	https://www.pmepensioen.nl/en/investments/we-do-invest-in
PME pensioenfonds	Scottish Hydro Electric Transmission PLC	United Kingdom	Utilities	Corporate bonds	2026-04-30	25.122.625	x1	EUR	https://www.pmepensioen.nl/en/investments/we-do-invest-in
PME pensioenfonds	Scotts Miracle-Gro Co/The	United States	Consumer, cyclical	Corporate bonds	2026-04-30	6.419.556	x1	EUR	https://www.pmepensioen.nl/en/investments/we-do-invest-in
PME pensioenfonds	Scout24 SE	Germany	Communications	Shares	2026-04-30	654.654	x1	EUR	https://www.pmepensioen.nl/en/investments/we-do-invest-in
PME pensioenfonds	SCREEN Holdings Co Ltd	Japan	Industrial	Shares	2026-04-30	2.243.492	x1	EUR	https://www.pmepensioen.nl/en/investments/we-do-invest-in
PME pensioenfonds	Scripps Escrow II Inc	United States	Communications	Corporate bonds	2026-04-30	1.012.331	x1	EUR	https://www.pmepensioen.nl/en/investments/we-do-invest-in
PME pensioenfonds	Sealed Air Corp	United States	Industrial	Corporate bonds	2026-04-30	2.582.459	x1	EUR	https://www.pmepensioen.nl/en/investments/we-do-invest-in
PME pensioenfonds	Sealed Air Corp/Sealed Air Corp US	United States	Industrial	Corporate bonds	2026-04-30	3.357.793	x1	EUR	https://www.pmepensioen.nl/en/investments/we-do-invest-in
PME pensioenfonds	Seche Environnement SACA	France	Industrial	Corporate bonds	2026-04-30	4.182.328	x1	EUR	https://www.pmepensioen.nl/en/investments/we-do-invest-in
PME pensioenfonds	Secom Co Ltd	Japan	Consumer, non-cyclical	Shares	2026-04-30	3.964.651	x1	EUR	https://www.pmepensioen.nl/en/investments/we-do-invest-in
PME pensioenfonds	Securitas AB	Sweden	Consumer, non-cyclical	Shares	2026-04-30	942.618	x1	EUR	https://www.pmepensioen.nl/en/investments/we-do-invest-in
PME pensioenfonds	Sekisui Chemical Co Ltd	Japan	Consumer, cyclical	Shares	2026-04-30	1.520.074	x1	EUR	https://www.pmepensioen.nl/en/investments/we-do-invest-in
PME pensioenfonds	Sekisui House Ltd	Japan	Consumer, cyclical	Shares	2026-04-30	3.253.009	x1	EUR	https://www.pmepensioen.nl/en/investments/we-do-invest-in
PME pensioenfonds	Select Medical Corp	United States	Consumer, non-cyclical	Corporate bonds	2026-04-30	7.307.443	x1	EUR	https://www.pmepensioen.nl/en/investments/we-do-invest-in
PME pensioenfonds	Sembcorp Industries Ltd	Singapore	Utilities	Shares	2026-04-30	1.152.947	x1	EUR	https://www.pmepensioen.nl/en/investments/we-do-invest-in
PME pensioenfonds	Sempra	United States	Utilities	Shares	2026-04-30	12.338.954	x1	EUR	https://www.pmepensioen.nl/en/investments/we-do-invest-in
PME pensioenfonds	Sensata Technologies BV	United States	Industrial	Corporate bonds	2026-04-30	3.000.880	x1	EUR	https://www.pmepensioen.nl/en/investments/we-do-invest-in
PME pensioenfonds	Sensata Technologies Inc	United States	Industrial	Corporate bonds	2026-04-30	3.078.777	x1	EUR	https://www.pmepensioen.nl/en/investments/we-do-invest-in
PME pensioenfonds	Service Corp International/US	United States	Consumer, non-cyclical	Corporate bonds	2026-04-30	16.174.447	x1	EUR	https://www.pmepensioen.nl/en/investments/we-do-invest-in
PME pensioenfonds	ServiceNow Inc	United States	Technology	Shares	2026-04-30	28.844.802	x1	EUR	https://www.pmepensioen.nl/en/investments/we-do-invest-in
PME pensioenfonds	SES Financing Sarl	Luxembourg	Communications	Corporate bonds	2026-04-30	845.753	x1	EUR	https://www.pmepensioen.nl/en/investments/we-do-invest-in
PME pensioenfonds	SES SA	Luxembourg	Communications	Corporate bonds	2026-04-30	18.232.080	x1	EUR	https://www.pmepensioen.nl/en/investments/we-do-invest-in
PME pensioenfonds	Seven & i Holdings Co Ltd	Japan	Consumer, non-cyclical	Shares	2026-04-30	7.308.732	x1	EUR	https://www.pmepensioen.nl/en/investments/we-do-invest-in
PME pensioenfonds	Severn Trent PLC	United Kingdom	Utilities	Shares	2026-04-30	1.283.639	x1	EUR	https://www.pmepensioen.nl/en/investments/we-do-invest-in
PME pensioenfonds	Severn Trent Utilities Finance PLC	United Kingdom	Utilities	Corporate bonds	2026-04-30	14.646.967	x1	EUR	https://www.pmepensioen.nl/en/investments/we-do-invest-in
PME pensioenfonds	SF Holding Co Ltd	China	Industrial	Shares	2026-04-30	1.044.712	x1	EUR	https://www.pmepensioen.nl/en/investments/we-do-invest-in
PME pensioenfonds	SG Micro Corp	China	Technology	Shares	2026-04-30	269.512	x1	EUR	https://www.pmepensioen.nl/en/investments/we-do-invest-in
PME pensioenfonds	SGS Finance BV	Netherlands	Consumer, non-cyclical	Corporate bonds	2026-04-30	12.253.026	x1	EUR	https://www.pmepensioen.nl/en/investments/we-do-invest-in
PME pensioenfonds	SGS SA	Switzerland	Consumer, non-cyclical	Shares	2026-04-30	16.410.241	x1	EUR	https://www.pmepensioen.nl/en/investments/we-do-invest-in
PME pensioenfonds	Shandong Nanshan Aluminum Co Ltd	China	Basic materials	Shares	2026-04-30	513.911	x1	EUR	https://www.pmepensioen.nl/en/investments/we-do-invest-in
PME pensioenfonds	Shandong Weigao Group Medical Polymer Co Ltd	China	Consumer, non-cyclical	Shares	2026-04-30	851.331	x1	EUR	https://www.pmepensioen.nl/en/investments/we-do-invest-in
PME pensioenfonds	Shanghai Commercial & Savings Bank Ltd/The	Taiwan	Financial	Shares	2026-04-30	2.648.431	x1	EUR	https://www.pmepensioen.nl/en/investments/we-do-invest-in
PME pensioenfonds	Shenzhen Inovance Technology Co Ltd	China	Industrial	Shares	2026-04-30	531.983	x1	EUR	https://www.pmepensioen.nl/en/investments/we-do-invest-in
PME pensioenfonds	Shenzhen Mindray Bio-Medical Electronics Co Ltd	China	Consumer, non-cyclical	Shares	2026-04-30	1.195.699	x1	EUR	https://www.pmepensioen.nl/en/investments/we-do-invest-in
PME pensioenfonds	Shenzhen New Industries Biomedical Engineering Co Ltd	China	Consumer, non-cyclical	Shares	2026-04-30	213.427	x1	EUR	https://www.pmepensioen.nl/en/investments/we-do-invest-in
PME pensioenfonds	Shenzhen Salubris Pharmaceuticals Co Ltd	China	Consumer, non-cyclical	Shares	2026-04-30	597.290	x1	EUR	https://www.pmepensioen.nl/en/investments/we-do-invest-in
PME pensioenfonds	Shenzhen Transsion Holdings Co Ltd	China	Communications	Shares	2026-04-30	260.459	x1	EUR	https://www.pmepensioen.nl/en/investments/we-do-invest-in
PME pensioenfonds	Shenzhou International Group Holdings Ltd	China	Consumer, cyclical	Shares	2026-04-30	2.672.107	x1	EUR	https://www.pmepensioen.nl/en/investments/we-do-invest-in
PME pensioenfonds	Sherwin-Williams Co/The	United States	Basic materials	Shares	2026-04-30	28.567.676	x1	EUR	https://www.pmepensioen.nl/en/investments/we-do-invest-in
PME pensioenfonds	Shimadzu Corp	Japan	Industrial	Shares	2026-04-30	1.364.481	x1	EUR	https://www.pmepensioen.nl/en/investments/we-do-invest-in
PME pensioenfonds	Shimano Inc	Japan	Consumer, cyclical	Shares	2026-04-30	1.918.141	x1	EUR	https://www.pmepensioen.nl/en/investments/we-do-invest-in
PME pensioenfonds	Shin-Etsu Chemical Co Ltd	Japan	Basic materials	Shares	2026-04-30	17.595.205	x1	EUR	https://www.pmepensioen.nl/en/investments/we-do-invest-in
PME pensioenfonds	Shinhan Financial Group Co Ltd	Korea	Financial	Shares	2026-04-30	13.721.121	x1	EUR	https://www.pmepensioen.nl/en/investments/we-do-invest-in
PME pensioenfonds	Shionogi & Co Ltd	Japan	Consumer, non-cyclical	Shares	2026-04-30	4.104.810	x1	EUR	https://www.pmepensioen.nl/en/investments/we-do-invest-in
PME pensioenfonds	Shiseido Co Ltd	Japan	Consumer, non-cyclical	Shares	2026-04-30	1.961.299	x1	EUR	https://www.pmepensioen.nl/en/investments/we-do-invest-in
PME pensioenfonds	Shopify Inc	Canada	Communications	Shares	2026-04-30	28.704.909	x1	EUR	https://www.pmepensioen.nl/en/investments/we-do-invest-in
PME pensioenfonds	Shoprite Holdings Ltd	South Africa	Consumer, non-cyclical	Shares	2026-04-30	4.322.283	x1	EUR	https://www.pmepensioen.nl/en/investments/we-do-invest-in
PME pensioenfonds	Shriram Finance Ltd	India	Financial	Shares	2026-04-30	7.108.251	x1	EUR	https://www.pmepensioen.nl/en/investments/we-do-invest-in
PME pensioenfonds	Siam Cement PCL/The	Thailand	Diversified	Shares	2026-04-30	3.255.926	x1	EUR	https://www.pmepensioen.nl/en/investments/we-do-invest-in
PME pensioenfonds	Sichuan Kelun Pharmaceutical Co Ltd	China	Consumer, non-cyclical	Shares	2026-04-30	379.166	x1	EUR	https://www.pmepensioen.nl/en/investments/we-do-invest-in
PME pensioenfonds	Sichuan Kelun-Biotech Biopharmaceutical Co Ltd	China	Consumer, non-cyclical	Shares	2026-04-30	1.527.647	x1	EUR	https://www.pmepensioen.nl/en/investments/we-do-invest-in
PME pensioenfonds	Siemens AG	Germany	Industrial	Shares	2026-04-30	48.288.486	x1	EUR	https://www.pmepensioen.nl/en/investments/we-do-invest-in
PME pensioenfonds	Siemens Energy AG	Germany	Industrial	Shares	2026-04-30	31.208.228	x1	EUR	https://www.pmepensioen.nl/en/investments/we-do-invest-in
PME pensioenfonds	Siemens Financieringsmaatschappij NV	Germany	Industrial	Corporate bonds	2026-04-30	60.352.850	x1	EUR	https://www.pmepensioen.nl/en/investments/we-do-invest-in
PME pensioenfonds	Siemens Healthineers AG	Germany	Consumer, non-cyclical	Shares	2026-04-30	11.160.326	x1	EUR	https://www.pmepensioen.nl/en/investments/we-do-invest-in
PME pensioenfonds	Siemens Ltd	India	Industrial	Shares	2026-04-30	1.733.316	x1	EUR	https://www.pmepensioen.nl/en/investments/we-do-invest-in
PME pensioenfonds	SIG PLC	United Kingdom	Consumer, cyclical	Corporate bonds	2026-04-30	4.060.972	x1	EUR	https://www.pmepensioen.nl/en/investments/we-do-invest-in
PME pensioenfonds	Sigma Healthcare Ltd	Australia	Consumer, non-cyclical	Shares	2026-04-30	2.087.854	x1	EUR	https://www.pmepensioen.nl/en/investments/we-do-invest-in
PME pensioenfonds	Sika AG	Switzerland	Industrial	Shares	2026-04-30	2.900.214	x1	EUR	https://www.pmepensioen.nl/en/investments/we-do-invest-in
PME pensioenfonds	Sika Capital BV	Netherlands	Industrial	Corporate bonds	2026-04-30	49.245.774	x1	EUR	https://www.pmepensioen.nl/en/investments/we-do-invest-in
PME pensioenfonds	Silfin NV	Belgium	Basic materials	Corporate bonds	2026-04-30	5.020.409	x1	EUR	https://www.pmepensioen.nl/en/investments/we-do-invest-in
PME pensioenfonds	Silgan Holdings Inc	United States	Industrial	Corporate bonds	2026-04-30	17.604.663	x1	EUR	https://www.pmepensioen.nl/en/investments/we-do-invest-in
PME pensioenfonds	Simmons Foods Inc/Simmons Prepared Foods Inc/Simmons Pet Food Inc/Simmons Feed	United States	Consumer, non-cyclical	Corporate bonds	2026-04-30	4.788.432	x1	EUR	https://www.pmepensioen.nl/en/investments/we-do-invest-in
PME pensioenfonds	Sinclair Television Group Inc	United States	Communications	Corporate bonds	2026-04-30	2.317.360	x1	EUR	https://www.pmepensioen.nl/en/investments/we-do-invest-in
PME pensioenfonds	Singapore Airlines Ltd	Singapore	Consumer, cyclical	Shares	2026-04-30	1.968.234	x1	EUR	https://www.pmepensioen.nl/en/investments/we-do-invest-in
PME pensioenfonds	Singapore Exchange Ltd	Singapore	Financial	Shares	2026-04-30	3.218.535	x1	EUR	https://www.pmepensioen.nl/en/investments/we-do-invest-in
PME pensioenfonds	Singapore Technologies Engineering Ltd	Singapore	Industrial	Shares	2026-04-30	3.275.361	x1	EUR	https://www.pmepensioen.nl/en/investments/we-do-invest-in
PME pensioenfonds	Singapore Telecommunications Ltd	Singapore	Communications	Shares	2026-04-30	7.065.214	x1	EUR	https://www.pmepensioen.nl/en/investments/we-do-invest-in
PME pensioenfonds	Sino Biopharmaceutical Ltd	China	Consumer, non-cyclical	Shares	2026-04-30	4.404.704	x1	EUR	https://www.pmepensioen.nl/en/investments/we-do-invest-in
PME pensioenfonds	SinoPac Financial Holdings Co Ltd	Taiwan	Financial	Shares	2026-04-30	6.395.129	x1	EUR	https://www.pmepensioen.nl/en/investments/we-do-invest-in
PME pensioenfonds	Sirius XM Radio LLC	United States	Communications	Corporate bonds	2026-04-30	13.628.295	x1	EUR	https://www.pmepensioen.nl/en/investments/we-do-invest-in
PME pensioenfonds	Six Flags Entertainment Corp	United States	Consumer, cyclical	Corporate bonds	2026-04-30	3.575.116	x1	EUR	https://www.pmepensioen.nl/en/investments/we-do-invest-in
PME pensioenfonds	s Wonderland Co	United States	Consumer, cyclical	Corporate bonds	2026-04-30	4.938.268	x1	EUR	https://www.pmepensioen.nl/en/investments/we-do-invest-in
PME pensioenfonds	SK Hynix Inc	Korea	Technology	Shares	2026-04-30	108.195.710	x1	EUR	https://www.pmepensioen.nl/en/investments/we-do-invest-in
PME pensioenfonds	SK Invictus Intermediate II Sarl	United States	Basic materials	Corporate bonds	2026-04-30	3.458.436	x1	EUR	https://www.pmepensioen.nl/en/investments/we-do-invest-in
PME pensioenfonds	SK Square Co Ltd	Korea	Financial	Shares	2026-04-30	15.731.980	x1	EUR	https://www.pmepensioen.nl/en/investments/we-do-invest-in
PME pensioenfonds	SK Telecom Co Ltd	Korea	Communications	Shares	2026-04-30	2.926.052	x1	EUR	https://www.pmepensioen.nl/en/investments/we-do-invest-in
PME pensioenfonds	Skandinaviska Enskilda Banken AB	Sweden	Financial	Corporate bonds	2026-04-30	12.713.747	x1	EUR	https://www.pmepensioen.nl/en/investments/we-do-invest-in
PME pensioenfonds	Skandinaviska Enskilda Banken AB	Sweden	Financial	Shares	2026-04-30	3.377.574	x1	EUR	https://www.pmepensioen.nl/en/investments/we-do-invest-in
PME pensioenfonds	Skanska AB	Sweden	Industrial	Shares	2026-04-30	1.082.142	x1	EUR	https://www.pmepensioen.nl/en/investments/we-do-invest-in
PME pensioenfonds	SKF AB	Sweden	Industrial	Shares	2026-04-30	927.427	x1	EUR	https://www.pmepensioen.nl/en/investments/we-do-invest-in
PME pensioenfonds	SMC Corp	Japan	Industrial	Shares	2026-04-30	5.356.515	x1	EUR	https://www.pmepensioen.nl/en/investments/we-do-invest-in
PME pensioenfonds	Smith & Nephew PLC	United Kingdom	Consumer, non-cyclical	Shares	2026-04-30	1.516.100	x1	EUR	https://www.pmepensioen.nl/en/investments/we-do-invest-in
PME pensioenfonds	Smiths Group PLC	United Kingdom	Industrial	Shares	2026-04-30	1.176.586	x1	EUR	https://www.pmepensioen.nl/en/investments/we-do-invest-in
PME pensioenfonds	Smurfit Kappa Treasury ULC	Ireland	Industrial	Corporate bonds	2026-04-30	5.988.082	x1	EUR	https://www.pmepensioen.nl/en/investments/we-do-invest-in
PME pensioenfonds	Snam SpA	Italy	Utilities	Shares	2026-04-30	1.775.295	x1	EUR	https://www.pmepensioen.nl/en/investments/we-do-invest-in
PME pensioenfonds	Snam SpA	Italy	Utilities	Corporate bonds	2026-04-30	15.211.260	x1	EUR	https://www.pmepensioen.nl/en/investments/we-do-invest-in
PME pensioenfonds	Snap Inc	United States	Communications	Shares	2026-04-30	976.364	x1	EUR	https://www.pmepensioen.nl/en/investments/we-do-invest-in
PME pensioenfonds	Snap-on Inc	United States	Industrial	Shares	2026-04-30	3.741.588	x1	EUR	https://www.pmepensioen.nl/en/investments/we-do-invest-in
PME pensioenfonds	Snowflake Inc	United States	Technology	Shares	2026-04-30	9.324.608	x1	EUR	https://www.pmepensioen.nl/en/investments/we-do-invest-in
PME pensioenfonds	Sociedad Quimica y Minera de Chile SA	Chile	Basic materials	Shares	2026-04-30	6.217.846	x1	EUR	https://www.pmepensioen.nl/en/investments/we-do-invest-in
PME pensioenfonds	Societe Generale SA	France	Financial	Shares	2026-04-30	6.026.479	x1	EUR	https://www.pmepensioen.nl/en/investments/we-do-invest-in
PME pensioenfonds	Societe Generale SA	France	Financial	Corporate bonds	2026-04-30	21.404.776	x1	EUR	https://www.pmepensioen.nl/en/investments/we-do-invest-in
PME pensioenfonds	Sodexo SA	France	Consumer, cyclical	Corporate bonds	2026-04-30	4.811.654	x1	EUR	https://www.pmepensioen.nl/en/investments/we-do-invest-in
PME pensioenfonds	SoftBank Corp	Japan	Communications	Shares	2026-04-30	9.412.830	x1	EUR	https://www.pmepensioen.nl/en/investments/we-do-invest-in
PME pensioenfonds	SoftBank Group Corp	Japan	Communications	Shares	2026-04-30	21.197.713	x1	EUR	https://www.pmepensioen.nl/en/investments/we-do-invest-in
PME pensioenfonds	Solvay SA	Belgium	Basic materials	Corporate bonds	2026-04-30	15.572.912	x1	EUR	https://www.pmepensioen.nl/en/investments/we-do-invest-in
PME pensioenfonds	Solventum Corp	United States	Consumer, non-cyclical	Shares	2026-04-30	1.831.653	x1	EUR	https://www.pmepensioen.nl/en/investments/we-do-invest-in
PME pensioenfonds	Somnigroup International Inc	United States	Consumer, cyclical	Corporate bonds	2026-04-30	1.407.992	x1	EUR	https://www.pmepensioen.nl/en/investments/we-do-invest-in
PME pensioenfonds	Sompo Holdings Inc	Japan	Financial	Shares	2026-04-30	8.337.268	x1	EUR	https://www.pmepensioen.nl/en/investments/we-do-invest-in
PME pensioenfonds	Sonic Automotive Inc	United States	Consumer, cyclical	Corporate bonds	2026-04-30	1.699.627	x1	EUR	https://www.pmepensioen.nl/en/investments/we-do-invest-in
PME pensioenfonds	Sonic Healthcare Ltd	Australia	Consumer, non-cyclical	Shares	2026-04-30	1.590.828	x1	EUR	https://www.pmepensioen.nl/en/investments/we-do-invest-in
PME pensioenfonds	Sonova Holding AG	Switzerland	Consumer, non-cyclical	Shares	2026-04-30	1.316.230	x1	EUR	https://www.pmepensioen.nl/en/investments/we-do-invest-in
PME pensioenfonds	Sony Financial Group Inc	Japan	Financial	Shares	2026-04-30	1.350.492	x1	EUR	https://www.pmepensioen.nl/en/investments/we-do-invest-in
PME pensioenfonds	Sony Group Corp	Japan	Consumer, cyclical	Shares	2026-04-30	30.788.655	x1	EUR	https://www.pmepensioen.nl/en/investments/we-do-invest-in
PME pensioenfonds	Sotera Health Holdings LLC	United States	Consumer, non-cyclical	Corporate bonds	2026-04-30	3.497.040	x1	EUR	https://www.pmepensioen.nl/en/investments/we-do-invest-in
PME pensioenfonds	Southern Copper Corp	Peru	Basic materials	Shares	2026-04-30	9.276.785	x1	EUR	https://www.pmepensioen.nl/en/investments/we-do-invest-in
PME pensioenfonds	SpareBank 1 Sor-Norge ASA	Norway	Financial	Corporate bonds	2026-04-30	5.559.370	x1	EUR	https://www.pmepensioen.nl/en/investments/we-do-invest-in
PME pensioenfonds	SPIE SA	France	Industrial	Corporate bonds	2026-04-30	9.743.977	x1	EUR	https://www.pmepensioen.nl/en/investments/we-do-invest-in
PME pensioenfonds	Spirax Group PLC	United Kingdom	Industrial	Shares	2026-04-30	6.579.959	x1	EUR	https://www.pmepensioen.nl/en/investments/we-do-invest-in
PME pensioenfonds	Spotify Technology SA	United States	Communications	Shares	2026-04-30	8.756.325	x1	EUR	https://www.pmepensioen.nl/en/investments/we-do-invest-in
PME pensioenfonds	Sprint Capital Corp	United States	Communications	Corporate bonds	2026-04-30	1.174.995	x1	EUR	https://www.pmepensioen.nl/en/investments/we-do-invest-in
PME pensioenfonds	SSE PLC	United Kingdom	Utilities	Shares	2026-04-30	4.455.280	x1	EUR	https://www.pmepensioen.nl/en/investments/we-do-invest-in
PME pensioenfonds	SSE PLC	United Kingdom	Utilities	Corporate bonds	2026-04-30	1.508.267	x1	EUR	https://www.pmepensioen.nl/en/investments/we-do-invest-in
PME pensioenfonds	Standard Bank Group Ltd	South Africa	Financial	Shares	2026-04-30	13.197.271	x1	EUR	https://www.pmepensioen.nl/en/investments/we-do-invest-in
PME pensioenfonds	Standard Chartered PLC	United Kingdom	Financial	Shares	2026-04-30	4.880.710	x1	EUR	https://www.pmepensioen.nl/en/investments/we-do-invest-in
PME pensioenfonds	Standard Chartered PLC	United Kingdom	Financial	Corporate bonds	2026-04-30	17.847.785	x1	EUR	https://www.pmepensioen.nl/en/investments/we-do-invest-in
PME pensioenfonds	Standard Life PLC	United Kingdom	Financial	Shares	2026-04-30	725.662	x1	EUR	https://www.pmepensioen.nl/en/investments/we-do-invest-in
PME pensioenfonds	Stantec Inc	Canada	Industrial	Shares	2026-04-30	5.850.254	x1	EUR	https://www.pmepensioen.nl/en/investments/we-do-invest-in
PME pensioenfonds	Star Parent Inc	United States	Consumer, non-cyclical	Corporate bonds	2026-04-30	727.110	x1	EUR	https://www.pmepensioen.nl/en/investments/we-do-invest-in
PME pensioenfonds	Starbucks Corp	United States	Consumer, cyclical	Shares	2026-04-30	20.133.257	x1	EUR	https://www.pmepensioen.nl/en/investments/we-do-invest-in
PME pensioenfonds	Starwood Property Trust Inc	United States	Financial	Corporate bonds	2026-04-30	3.010.214	x1	EUR	https://www.pmepensioen.nl/en/investments/we-do-invest-in
PME pensioenfonds	State Bank of India	India	Financial	Shares	2026-04-30	10.584.226	x1	EUR	https://www.pmepensioen.nl/en/investments/we-do-invest-in
PME pensioenfonds	State Street Corp	United States	Financial	Shares	2026-04-30	7.170.269	x1	EUR	https://www.pmepensioen.nl/en/investments/we-do-invest-in
PME pensioenfonds	Statkraft AS	Norway	Utilities	Corporate bonds	2026-04-30	6.039.236	x1	EUR	https://www.pmepensioen.nl/en/investments/we-do-invest-in
PME pensioenfonds	Stedin Holding NV	Netherlands	Utilities	Corporate bonds	2026-04-30	9.698.081	x1	EUR	https://www.pmepensioen.nl/en/investments/we-do-invest-in
PME pensioenfonds	Steel Dynamics Inc	United States	Basic materials	Shares	2026-04-30	5.060.371	x1	EUR	https://www.pmepensioen.nl/en/investments/we-do-invest-in
PME pensioenfonds	Stellantis NV	United States	Consumer, cyclical	Corporate bonds	2026-04-30	23.148.819	x1	EUR	https://www.pmepensioen.nl/en/investments/we-do-invest-in
PME pensioenfonds	Stellantis NV	United States	Consumer, cyclical	Shares	2026-04-30	1.641.074	x1	EUR	https://www.pmepensioen.nl/en/investments/we-do-invest-in
PME pensioenfonds	Stena International SA	Sweden	Diversified	Corporate bonds	2026-04-30	5.833.645	x1	EUR	https://www.pmepensioen.nl/en/investments/we-do-invest-in
PME pensioenfonds	StepStone Group Inc	United States	Financial	Shares	2026-04-30	5.409.606	x1	EUR	https://www.pmepensioen.nl/en/investments/we-do-invest-in
PME pensioenfonds	STERIS PLC	United States	Consumer, non-cyclical	Shares	2026-04-30	13.685.226	x1	EUR	https://www.pmepensioen.nl/en/investments/we-do-invest-in
PME pensioenfonds	STMicroelectronics NV	Singapore	Technology	Shares	2026-04-30	2.626.082	x1	EUR	https://www.pmepensioen.nl/en/investments/we-do-invest-in
PME pensioenfonds	StoneCo Ltd	Brazil	Consumer, non-cyclical	Shares	2026-04-30	1.541.656	x1	EUR	https://www.pmepensioen.nl/en/investments/we-do-invest-in
PME pensioenfonds	Stora Enso OYJ	Finland	Industrial	Shares	2026-04-30	785.503	x1	EUR	https://www.pmepensioen.nl/en/investments/we-do-invest-in
PME pensioenfonds	Straumann Holding AG	Switzerland	Consumer, non-cyclical	Shares	2026-04-30	1.327.978	x1	EUR	https://www.pmepensioen.nl/en/investments/we-do-invest-in
PME pensioenfonds	Stryker Corp	United States	Consumer, non-cyclical	Shares	2026-04-30	22.142.038	x1	EUR	https://www.pmepensioen.nl/en/investments/we-do-invest-in
PME pensioenfonds	Stryker Corp	United States	Consumer, non-cyclical	Corporate bonds	2026-04-30	27.404.567	x1	EUR	https://www.pmepensioen.nl/en/investments/we-do-invest-in
PME pensioenfonds	Subaru Corp	Japan	Consumer, cyclical	Shares	2026-04-30	2.277.514	x1	EUR	https://www.pmepensioen.nl/en/investments/we-do-invest-in
PME pensioenfonds	Suburban Propane Partners LP/Suburban Energy Finance Corp	United States	Consumer, cyclical	Corporate bonds	2026-04-30	2.659.386	x1	EUR	https://www.pmepensioen.nl/en/investments/we-do-invest-in
PME pensioenfonds	Sudzucker International Finance BV	Germany	Consumer, non-cyclical	Corporate bonds	2026-04-30	1.306.557	x1	EUR	https://www.pmepensioen.nl/en/investments/we-do-invest-in
PME pensioenfonds	Sumitomo Electric Industries Ltd	Japan	Consumer, cyclical	Shares	2026-04-30	9.321.601	x1	EUR	https://www.pmepensioen.nl/en/investments/we-do-invest-in
PME pensioenfonds	Sumitomo Metal Mining Co Ltd	Japan	Basic materials	Shares	2026-04-30	3.449.181	x1	EUR	https://www.pmepensioen.nl/en/investments/we-do-invest-in
PME pensioenfonds	Sumitomo Mitsui Banking Corp	Japan	Financial	Corporate bonds	2026-04-30	2.504.000	x1	EUR	https://www.pmepensioen.nl/en/investments/we-do-invest-in
PME pensioenfonds	Sumitomo Mitsui Financial Group Inc	Japan	Financial	Corporate bonds	2026-04-30	10.074.624	x1	EUR	https://www.pmepensioen.nl/en/investments/we-do-invest-in
PME pensioenfonds	Sumitomo Mitsui Financial Group Inc	Japan	Financial	Shares	2026-04-30	28.822.867	x1	EUR	https://www.pmepensioen.nl/en/investments/we-do-invest-in
PME pensioenfonds	Sumitomo Mitsui Trust Group Inc	Japan	Financial	Shares	2026-04-30	4.875.164	x1	EUR	https://www.pmepensioen.nl/en/investments/we-do-invest-in
PME pensioenfonds	Summer BC Holdco B SARL	Luxembourg	Communications	Corporate bonds	2026-04-30	2.797.708	x1	EUR	https://www.pmepensioen.nl/en/investments/we-do-invest-in
PME pensioenfonds	Sun Life Financial Inc	Canada	Financial	Shares	2026-04-30	6.967.230	x1	EUR	https://www.pmepensioen.nl/en/investments/we-do-invest-in
PME pensioenfonds	Sun Pharmaceutical Industries Ltd	India	Consumer, non-cyclical	Shares	2026-04-30	9.999.192	x1	EUR	https://www.pmepensioen.nl/en/investments/we-do-invest-in
PME pensioenfonds	Sunbelt Rentals Holdings Inc	United States	Consumer, non-cyclical	Shares	2026-04-30	3.192.509	x1	EUR	https://www.pmepensioen.nl/en/investments/we-do-invest-in
PME pensioenfonds	SunCoke Energy Inc	United States	Energy	Corporate bonds	2026-04-30	1.865.296	x1	EUR	https://www.pmepensioen.nl/en/investments/we-do-invest-in
PME pensioenfonds	Suncorp Group Ltd	Australia	Financial	Shares	2026-04-30	2.987.323	x1	EUR	https://www.pmepensioen.nl/en/investments/we-do-invest-in
PME pensioenfonds	Sundaram Finance Ltd	India	Financial	Shares	2026-04-30	1.581.566	x1	EUR	https://www.pmepensioen.nl/en/investments/we-do-invest-in
PME pensioenfonds	Sungrow Power Supply Co Ltd	China	Energy	Shares	2026-04-30	1.863.748	x1	EUR	https://www.pmepensioen.nl/en/investments/we-do-invest-in
PME pensioenfonds	Sunny Optical Technology Group Co Ltd	China	Industrial	Shares	2026-04-30	1.877.421	x1	EUR	https://www.pmepensioen.nl/en/investments/we-do-invest-in
PME pensioenfonds	Sunrise FinCo I BV	Netherlands	Communications	Corporate bonds	2026-04-30	14.428.597	x1	EUR	https://www.pmepensioen.nl/en/investments/we-do-invest-in
PME pensioenfonds	Suntory Beverage & Food Ltd	Japan	Consumer, non-cyclical	Shares	2026-04-30	986.485	x1	EUR	https://www.pmepensioen.nl/en/investments/we-do-invest-in
PME pensioenfonds	Sunway Bhd	Malaysia	Financial	Shares	2026-04-30	1.561.434	x1	EUR	https://www.pmepensioen.nl/en/investments/we-do-invest-in
PME pensioenfonds	SUPCON Technology Co Ltd	China	Industrial	Shares	2026-04-30	299.244	x1	EUR	https://www.pmepensioen.nl/en/investments/we-do-invest-in
PME pensioenfonds	Supreme Industries Ltd	India	Basic materials	Shares	2026-04-30	1.737.860	x1	EUR	https://www.pmepensioen.nl/en/investments/we-do-invest-in
PME pensioenfonds	Suzano SA	Brazil	Basic materials	Shares	2026-04-30	3.802.337	x1	EUR	https://www.pmepensioen.nl/en/investments/we-do-invest-in
PME pensioenfonds	Suzhou Dongshan Precision Manufacturing Co Ltd	China	Industrial	Shares	2026-04-30	1.007.090	x1	EUR	https://www.pmepensioen.nl/en/investments/we-do-invest-in
PME pensioenfonds	Suzlon Energy Ltd	India	Industrial	Shares	2026-04-30	2.155.923	x1	EUR	https://www.pmepensioen.nl/en/investments/we-do-invest-in
PME pensioenfonds	Suzuki Motor Corp	Japan	Consumer, cyclical	Shares	2026-04-30	4.616.527	x1	EUR	https://www.pmepensioen.nl/en/investments/we-do-invest-in
PME pensioenfonds	Svenska Cellulosa AB SCA	Sweden	Industrial	Shares	2026-04-30	808.892	x1	EUR	https://www.pmepensioen.nl/en/investments/we-do-invest-in
PME pensioenfonds	Svenska Handelsbanken AB	Sweden	Financial	Corporate bonds	2026-04-30	49.134.650	x1	EUR	https://www.pmepensioen.nl/en/investments/we-do-invest-in
PME pensioenfonds	Svenska Handelsbanken AB	Sweden	Financial	Shares	2026-04-30	2.217.123	x1	EUR	https://www.pmepensioen.nl/en/investments/we-do-invest-in
PME pensioenfonds	Swatch Group AG/The	Switzerland	Consumer, cyclical	Shares	2026-04-30	729.905	x1	EUR	https://www.pmepensioen.nl/en/investments/we-do-invest-in
PME pensioenfonds	Swedbank AB	Sweden	Financial	Shares	2026-04-30	3.344.598	x1	EUR	https://www.pmepensioen.nl/en/investments/we-do-invest-in
PME pensioenfonds	Swedish Orphan Biovitrum AB	Sweden	Consumer, non-cyclical	Shares	2026-04-30	939.788	x1	EUR	https://www.pmepensioen.nl/en/investments/we-do-invest-in
PME pensioenfonds	Swiggy Ltd	India	Communications	Shares	2026-04-30	1.422.958	x1	EUR	https://www.pmepensioen.nl/en/investments/we-do-invest-in
PME pensioenfonds	Swiss Life Finance I Ltd	Switzerland	Financial	Corporate bonds	2026-04-30	24.846.013	x1	EUR	https://www.pmepensioen.nl/en/investments/we-do-invest-in
PME pensioenfonds	Swiss Life Holding AG	Switzerland	Financial	Shares	2026-04-30	3.638.166	x1	EUR	https://www.pmepensioen.nl/en/investments/we-do-invest-in
PME pensioenfonds	Swiss Re AG	United States	Financial	Shares	2026-04-30	5.839.589	x1	EUR	https://www.pmepensioen.nl/en/investments/we-do-invest-in
PME pensioenfonds	Swisscom AG	Switzerland	Communications	Shares	2026-04-30	2.530.112	x1	EUR	https://www.pmepensioen.nl/en/investments/we-do-invest-in
PME pensioenfonds	Swisscom Finance BV	Switzerland	Communications	Corporate bonds	2026-04-30	66.043.437	x1	EUR	https://www.pmepensioen.nl/en/investments/we-do-invest-in
PME pensioenfonds	Sydney Airport Finance Co Pty Ltd	Australia	Industrial	Corporate bonds	2026-04-30	30.987.938	x1	EUR	https://www.pmepensioen.nl/en/investments/we-do-invest-in
PME pensioenfonds	Syensqo SA	Belgium	Basic materials	Shares	2026-04-30	485.547	x1	EUR	https://www.pmepensioen.nl/en/investments/we-do-invest-in
PME pensioenfonds	Syensqo SA	Belgium	Basic materials	Corporate bonds	2026-04-30	12.022.972	x1	EUR	https://www.pmepensioen.nl/en/investments/we-do-invest-in
PME pensioenfonds	Symrise AG	Germany	Basic materials	Shares	2026-04-30	1.306.309	x1	EUR	https://www.pmepensioen.nl/en/investments/we-do-invest-in
PME pensioenfonds	Symrise AG	Germany	Basic materials	Corporate bonds	2026-04-30	8.033.045	x1	EUR	https://www.pmepensioen.nl/en/investments/we-do-invest-in
PME pensioenfonds	Synchrony Financial	United States	Financial	Shares	2026-04-30	5.190.761	x1	EUR	https://www.pmepensioen.nl/en/investments/we-do-invest-in
PME pensioenfonds	Synopsys Inc	United States	Technology	Shares	2026-04-30	14.489.310	x1	EUR	https://www.pmepensioen.nl/en/investments/we-do-invest-in
PME pensioenfonds	Synthomer PLC	United Kingdom	Basic materials	Corporate bonds	2026-04-30	5.858.221	x1	EUR	https://www.pmepensioen.nl/en/investments/we-do-invest-in
PME pensioenfonds	Sysco Corp	United States	Consumer, non-cyclical	Shares	2026-04-30	6.845.748	x1	EUR	https://www.pmepensioen.nl/en/investments/we-do-invest-in
PME pensioenfonds	Sysmex Corp	Japan	Consumer, non-cyclical	Shares	2026-04-30	1.061.631	x1	EUR	https://www.pmepensioen.nl/en/investments/we-do-invest-in
PME pensioenfonds	T Rowe Price Group Inc	United States	Financial	Shares	2026-04-30	3.899.912	x1	EUR	https://www.pmepensioen.nl/en/investments/we-do-invest-in
PME pensioenfonds	T-Mobile US Inc	United States	Communications	Shares	2026-04-30	39.435.220	x1	EUR	https://www.pmepensioen.nl/en/investments/we-do-invest-in
PME pensioenfonds	T&D Holdings Inc	Japan	Financial	Shares	2026-04-30	3.068.917	x1	EUR	https://www.pmepensioen.nl/en/investments/we-do-invest-in
PME pensioenfonds	TAG Immobilien AG	Germany	Financial	Corporate bonds	2026-04-30	3.830.791	x1	EUR	https://www.pmepensioen.nl/en/investments/we-do-invest-in
PME pensioenfonds	Taisei Corp	Japan	Industrial	Shares	2026-04-30	3.888.862	x1	EUR	https://www.pmepensioen.nl/en/investments/we-do-invest-in
PME pensioenfonds	Taiwan Business Bank	Taiwan	Financial	Shares	2026-04-30	2.179.254	x1	EUR	https://www.pmepensioen.nl/en/investments/we-do-invest-in
PME pensioenfonds	Taiwan Cooperative Financial Holding Co Ltd	Taiwan	Financial	Shares	2026-04-30	4.355.251	x1	EUR	https://www.pmepensioen.nl/en/investments/we-do-invest-in
PME pensioenfonds	Taiwan High Speed Rail Corp	Taiwan	Industrial	Shares	2026-04-30	1.073.004	x1	EUR	https://www.pmepensioen.nl/en/investments/we-do-invest-in
PME pensioenfonds	Taiwan Mobile Co Ltd	Taiwan	Communications	Shares	2026-04-30	4.095.358	x1	EUR	https://www.pmepensioen.nl/en/investments/we-do-invest-in
PME pensioenfonds	Taiwan Semiconductor Manufacturing Co Ltd	Taiwan	Technology	Shares	2026-04-30	99.429.225	x1	EUR	https://www.pmepensioen.nl/en/investments/we-do-invest-in
PME pensioenfonds	Takeda Pharmaceutical Co Ltd	Japan	Consumer, non-cyclical	Shares	2026-04-30	14.037.676	x1	EUR	https://www.pmepensioen.nl/en/investments/we-do-invest-in
PME pensioenfonds	Takeda Pharmaceutical Co Ltd	Japan	Consumer, non-cyclical	Corporate bonds	2026-04-30	39.921.563	x1	EUR	https://www.pmepensioen.nl/en/investments/we-do-invest-in
PME pensioenfonds	TAL Education Group	China	Consumer, non-cyclical	Shares	2026-04-30	2.790.693	x1	EUR	https://www.pmepensioen.nl/en/investments/we-do-invest-in
PME pensioenfonds	Talanx AG	Germany	Financial	Corporate bonds	2026-04-30	5.058.046	x1	EUR	https://www.pmepensioen.nl/en/investments/we-do-invest-in
PME pensioenfonds	Talanx AG	Germany	Financial	Shares	2026-04-30	904.253	x1	EUR	https://www.pmepensioen.nl/en/investments/we-do-invest-in
PME pensioenfonds	Target Corp	United States	Consumer, cyclical	Shares	2026-04-30	10.745.692	x1	EUR	https://www.pmepensioen.nl/en/investments/we-do-invest-in
PME pensioenfonds	Tata Consultancy Services Ltd	India	Technology	Shares	2026-04-30	9.484.969	x1	EUR	https://www.pmepensioen.nl/en/investments/we-do-invest-in
PME pensioenfonds	Tata Consumer Products Ltd	India	Consumer, non-cyclical	Shares	2026-04-30	3.494.010	x1	EUR	https://www.pmepensioen.nl/en/investments/we-do-invest-in
PME pensioenfonds	Tata Motors Passenger Vehicles Limited	India	Consumer, cyclical	Shares	2026-04-30	3.830.321	x1	EUR	https://www.pmepensioen.nl/en/investments/we-do-invest-in
PME pensioenfonds	TE Connectivity PLC	Switzerland	Industrial	Shares	2026-04-30	12.245.140	x1	EUR	https://www.pmepensioen.nl/en/investments/we-do-invest-in
PME pensioenfonds	Tech Mahindra Ltd	India	Technology	Shares	2026-04-30	3.385.475	x1	EUR	https://www.pmepensioen.nl/en/investments/we-do-invest-in
PME pensioenfonds	Techem Verwaltungsgesellschaft 675 mbH	Germany	Consumer, non-cyclical	Corporate bonds	2026-04-30	3.125.870	x1	EUR	https://www.pmepensioen.nl/en/investments/we-do-invest-in
PME pensioenfonds	Techtronic Industries Co Ltd	Hong Kong	Industrial	Shares	2026-04-30	4.746.997	x1	EUR	https://www.pmepensioen.nl/en/investments/we-do-invest-in
PME pensioenfonds	Teco Electric and Machinery Co Ltd	Taiwan	Industrial	Shares	2026-04-30	1.353.573	x1	EUR	https://www.pmepensioen.nl/en/investments/we-do-invest-in
PME pensioenfonds	Tele2 AB	Sweden	Communications	Corporate bonds	2026-04-30	5.902.991	x1	EUR	https://www.pmepensioen.nl/en/investments/we-do-invest-in
PME pensioenfonds	Tele2 AB	Sweden	Communications	Shares	2026-04-30	1.303.745	x1	EUR	https://www.pmepensioen.nl/en/investments/we-do-invest-in
PME pensioenfonds	Telecom Italia Capital SA	Italy	Communications	Corporate bonds	2026-04-30	2.450.837	x1	EUR	https://www.pmepensioen.nl/en/investments/we-do-invest-in
PME pensioenfonds	Telecom Italia Finance SA	Italy	Communications	Corporate bonds	2026-04-30	8.994.836	x1	EUR	https://www.pmepensioen.nl/en/investments/we-do-invest-in
PME pensioenfonds	Telecom Italia SpA/Milano	Italy	Communications	Shares	2026-04-30	871.828	x1	EUR	https://www.pmepensioen.nl/en/investments/we-do-invest-in
PME pensioenfonds	Telecom Italia SpA/Milano	Italy	Communications	Corporate bonds	2026-04-30	23.917.362	x1	EUR	https://www.pmepensioen.nl/en/investments/we-do-invest-in
PME pensioenfonds	Teledyne Technologies Inc	United States	Industrial	Shares	2026-04-30	5.529.210	x1	EUR	https://www.pmepensioen.nl/en/investments/we-do-invest-in
PME pensioenfonds	Teleflex Inc	United States	Consumer, non-cyclical	Corporate bonds	2026-04-30	10.217.817	x1	EUR	https://www.pmepensioen.nl/en/investments/we-do-invest-in
PME pensioenfonds	Telefonaktiebolaget LM Ericsson	Sweden	Communications	Shares	2026-04-30	3.647.698	x1	EUR	https://www.pmepensioen.nl/en/investments/we-do-invest-in
PME pensioenfonds	Telefonica Brasil SA	Brazil	Communications	Shares	2026-04-30	3.675.457	x1	EUR	https://www.pmepensioen.nl/en/investments/we-do-invest-in
PME pensioenfonds	Telefonica Emisiones SAU	Spain	Communications	Corporate bonds	2026-04-30	37.543.363	x1	EUR	https://www.pmepensioen.nl/en/investments/we-do-invest-in
PME pensioenfonds	Telefonica Europe BV	Spain	Communications	Corporate bonds	2026-04-30	56.168.604	x1	EUR	https://www.pmepensioen.nl/en/investments/we-do-invest-in
PME pensioenfonds	Telefonica SA	Spain	Communications	Shares	2026-04-30	1.878.810	x1	EUR	https://www.pmepensioen.nl/en/investments/we-do-invest-in
PME pensioenfonds	Telenet Finance Luxembourg Notes Sarl	Belgium	Communications	Corporate bonds	2026-04-30	6.477.774	x1	EUR	https://www.pmepensioen.nl/en/investments/we-do-invest-in
PME pensioenfonds	Telenor ASA	Norway	Communications	Corporate bonds	2026-04-30	24.032.316	x1	EUR	https://www.pmepensioen.nl/en/investments/we-do-invest-in
PME pensioenfonds	Telenor ASA	Norway	Communications	Shares	2026-04-30	1.255.042	x1	EUR	https://www.pmepensioen.nl/en/investments/we-do-invest-in
PME pensioenfonds	Teleperformance SE	France	Technology	Corporate bonds	2026-04-30	13.392.541	x1	EUR	https://www.pmepensioen.nl/en/investments/we-do-invest-in
PME pensioenfonds	Telia Co AB	Sweden	Communications	Corporate bonds	2026-04-30	14.631.655	x1	EUR	https://www.pmepensioen.nl/en/investments/we-do-invest-in
PME pensioenfonds	Telia Co AB	Sweden	Communications	Shares	2026-04-30	1.405.925	x1	EUR	https://www.pmepensioen.nl/en/investments/we-do-invest-in
PME pensioenfonds	Telkom Indonesia Persero Tbk PT	Indonesia	Communications	Shares	2026-04-30	5.075.058	x1	EUR	https://www.pmepensioen.nl/en/investments/we-do-invest-in
PME pensioenfonds	Telstra Group Ltd	Australia	Communications	Shares	2026-04-30	3.653.333	x1	EUR	https://www.pmepensioen.nl/en/investments/we-do-invest-in
PME pensioenfonds	Telstra Group Ltd	Australia	Communications	Corporate bonds	2026-04-30	7.605.830	x1	EUR	https://www.pmepensioen.nl/en/investments/we-do-invest-in
PME pensioenfonds	TELUS Corp	Canada	Communications	Shares	2026-04-30	1.166.473	x1	EUR	https://www.pmepensioen.nl/en/investments/we-do-invest-in
PME pensioenfonds	TELUS Corp	Canada	Communications	Corporate bonds	2026-04-30	3.187.600	x1	EUR	https://www.pmepensioen.nl/en/investments/we-do-invest-in
PME pensioenfonds	Tencent Holdings Ltd	China	Communications	Shares	2026-04-30	63.195.661	x1	EUR	https://www.pmepensioen.nl/en/investments/we-do-invest-in
PME pensioenfonds	Tencent Music Entertainment Group	China	Communications	Shares	2026-04-30	2.916.193	x1	EUR	https://www.pmepensioen.nl/en/investments/we-do-invest-in
PME pensioenfonds	Tenet Healthcare Corp	United States	Consumer, non-cyclical	Corporate bonds	2026-04-30	22.402.198	x1	EUR	https://www.pmepensioen.nl/en/investments/we-do-invest-in
PME pensioenfonds	Tenneco Inc	United States	Consumer, cyclical	Corporate bonds	2026-04-30	3.057.915	x1	EUR	https://www.pmepensioen.nl/en/investments/we-do-invest-in
PME pensioenfonds	TenneT Holding BV	Netherlands	Utilities	Corporate bonds	2026-04-30	26.162.032	x1	EUR	https://www.pmepensioen.nl/en/investments/we-do-invest-in
PME pensioenfonds	Tennet Netherlands BV	Netherlands	Utilities	Corporate bonds	2026-04-30	43.602.372	x1	EUR	https://www.pmepensioen.nl/en/investments/we-do-invest-in
PME pensioenfonds	Teollisuuden Voima Oyj	Finland	Utilities	Corporate bonds	2026-04-30	13.146.411	x1	EUR	https://www.pmepensioen.nl/en/investments/we-do-invest-in
PME pensioenfonds	Teradyne Inc	United States	Technology	Shares	2026-04-30	9.396.305	x1	EUR	https://www.pmepensioen.nl/en/investments/we-do-invest-in
PME pensioenfonds	Terega SA	France	Utilities	Corporate bonds	2026-04-30	6.306.007	x1	EUR	https://www.pmepensioen.nl/en/investments/we-do-invest-in
PME pensioenfonds	Terex Corp	United States	Industrial	Corporate bonds	2026-04-30	3.251.513	x1	EUR	https://www.pmepensioen.nl/en/investments/we-do-invest-in
PME pensioenfonds	Terna - Rete Elettrica Nazionale	Italy	Utilities	Shares	2026-04-30	1.864.266	x1	EUR	https://www.pmepensioen.nl/en/investments/we-do-invest-in
PME pensioenfonds	Terna - Rete Elettrica Nazionale	Italy	Utilities	Corporate bonds	2026-04-30	42.668.254	x1	EUR	https://www.pmepensioen.nl/en/investments/we-do-invest-in
PME pensioenfonds	TerraForm Power Operating LLC	United States	Energy	Corporate bonds	2026-04-30	4.048.628	x1	EUR	https://www.pmepensioen.nl/en/investments/we-do-invest-in
PME pensioenfonds	Terumo Corp	Japan	Consumer, non-cyclical	Shares	2026-04-30	4.399.920	x1	EUR	https://www.pmepensioen.nl/en/investments/we-do-invest-in
PME pensioenfonds	Tesco Corporate Treasury Services PLC	United Kingdom	Consumer, non-cyclical	Corporate bonds	2026-04-30	70.380.264	x1	EUR	https://www.pmepensioen.nl/en/investments/we-do-invest-in
PME pensioenfonds	Tesco PLC	United Kingdom	Consumer, non-cyclical	Shares	2026-04-30	4.954.446	x1	EUR	https://www.pmepensioen.nl/en/investments/we-do-invest-in
PME pensioenfonds	Tesla Inc	United States	Consumer, cyclical	Shares	2026-04-30	212.440.187	x1	EUR	https://www.pmepensioen.nl/en/investments/we-do-invest-in
PME pensioenfonds	Texas Instruments Inc	United States	Technology	Shares	2026-04-30	47.731.784	x1	EUR	https://www.pmepensioen.nl/en/investments/we-do-invest-in
PME pensioenfonds	Thermo Fisher Scientific Inc	United States	Consumer, non-cyclical	Shares	2026-04-30	66.341.619	x1	EUR	https://www.pmepensioen.nl/en/investments/we-do-invest-in
PME pensioenfonds	Thomson Reuters Corp	United States	Communications	Shares	2026-04-30	2.762.484	x1	EUR	https://www.pmepensioen.nl/en/investments/we-do-invest-in
PME pensioenfonds	Thor Industries Inc	United States	Consumer, cyclical	Corporate bonds	2026-04-30	9.138.547	x1	EUR	https://www.pmepensioen.nl/en/investments/we-do-invest-in
PME pensioenfonds	Tianqi Lithium Corp	China	Basic materials	Shares	2026-04-30	213.287	x1	EUR	https://www.pmepensioen.nl/en/investments/we-do-invest-in
PME pensioenfonds	TIM SA/Brazil	Brazil	Communications	Shares	2026-04-30	2.742.486	x1	EUR	https://www.pmepensioen.nl/en/investments/we-do-invest-in
PME pensioenfonds	Timken Co/The	United States	Industrial	Corporate bonds	2026-04-30	10.997.076	x1	EUR	https://www.pmepensioen.nl/en/investments/we-do-invest-in
PME pensioenfonds	Tingyi Cayman Islands Holding Corp	China	Consumer, non-cyclical	Shares	2026-04-30	1.945.527	x1	EUR	https://www.pmepensioen.nl/en/investments/we-do-invest-in
PME pensioenfonds	TIS Inc	Japan	Technology	Shares	2026-04-30	1.100.143	x1	EUR	https://www.pmepensioen.nl/en/investments/we-do-invest-in
PME pensioenfonds	Titan Co Ltd	India	Consumer, cyclical	Shares	2026-04-30	8.184.159	x1	EUR	https://www.pmepensioen.nl/en/investments/we-do-invest-in
PME pensioenfonds	Titan Global Finance PLC	Greece	Industrial	Corporate bonds	2026-04-30	2.924.326	x1	EUR	https://www.pmepensioen.nl/en/investments/we-do-invest-in
PME pensioenfonds	TMBThanachart Bank PCL	Thailand	Financial	Shares	2026-04-30	970.056	x1	EUR	https://www.pmepensioen.nl/en/investments/we-do-invest-in
PME pensioenfonds	TMX Group Ltd	Canada	Financial	Shares	2026-04-30	1.831.372	x1	EUR	https://www.pmepensioen.nl/en/investments/we-do-invest-in
PME pensioenfonds	Toast Inc	United States	Consumer, non-cyclical	Shares	2026-04-30	2.249.807	x1	EUR	https://www.pmepensioen.nl/en/investments/we-do-invest-in
PME pensioenfonds	Toho Co Ltd/Tokyo	Japan	Consumer, cyclical	Shares	2026-04-30	1.427.791	x1	EUR	https://www.pmepensioen.nl/en/investments/we-do-invest-in
PME pensioenfonds	Tokio Marine Holdings Inc	Japan	Financial	Shares	2026-04-30	20.998.637	x1	EUR	https://www.pmepensioen.nl/en/investments/we-do-invest-in
PME pensioenfonds	Tokyo Electron Ltd	Japan	Technology	Shares	2026-04-30	26.038.161	x1	EUR	https://www.pmepensioen.nl/en/investments/we-do-invest-in
PME pensioenfonds	Tokyu Corp	Japan	Industrial	Shares	2026-04-30	1.439.004	x1	EUR	https://www.pmepensioen.nl/en/investments/we-do-invest-in
PME pensioenfonds	Tongcheng Travel Holdings Ltd	China	Communications	Shares	2026-04-30	1.778.978	x1	EUR	https://www.pmepensioen.nl/en/investments/we-do-invest-in
PME pensioenfonds	TopBuild Corp	United States	Industrial	Corporate bonds	2026-04-30	9.156.765	x1	EUR	https://www.pmepensioen.nl/en/investments/we-do-invest-in
PME pensioenfonds	TOPPAN Holdings Inc	Japan	Consumer, non-cyclical	Shares	2026-04-30	1.522.830	x1	EUR	https://www.pmepensioen.nl/en/investments/we-do-invest-in
PME pensioenfonds	Toray Industries Inc	Japan	Basic materials	Shares	2026-04-30	2.391.275	x1	EUR	https://www.pmepensioen.nl/en/investments/we-do-invest-in
PME pensioenfonds	Toromont Industries Ltd	Canada	Consumer, cyclical	Shares	2026-04-30	2.152.238	x1	EUR	https://www.pmepensioen.nl/en/investments/we-do-invest-in
PME pensioenfonds	Toronto-Dominion Bank/The	Canada	Financial	Corporate bonds	2026-04-30	27.810.916	x1	EUR	https://www.pmepensioen.nl/en/investments/we-do-invest-in
PME pensioenfonds	Toronto-Dominion Bank/The	Canada	Financial	Shares	2026-04-30	32.480.202	x1	EUR	https://www.pmepensioen.nl/en/investments/we-do-invest-in
PME pensioenfonds	Torrent Pharmaceuticals Ltd	India	Consumer, non-cyclical	Shares	2026-04-30	2.738.571	x1	EUR	https://www.pmepensioen.nl/en/investments/we-do-invest-in
PME pensioenfonds	Torrent Power Ltd	India	Utilities	Shares	2026-04-30	1.023.900	x1	EUR	https://www.pmepensioen.nl/en/investments/we-do-invest-in
PME pensioenfonds	TOTVS SA	Brazil	Technology	Shares	2026-04-30	1.833.324	x1	EUR	https://www.pmepensioen.nl/en/investments/we-do-invest-in
PME pensioenfonds	Toucan FinCo Ltd/Toucan FinCo Can Inc/Toucan FinCo US LLC	Canada	Industrial	Corporate bonds	2026-04-30	5.517.947	x1	EUR	https://www.pmepensioen.nl/en/investments/we-do-invest-in
PME pensioenfonds	Toyota Finance Australia Ltd	Australia	Consumer, cyclical	Corporate bonds	2026-04-30	14.390.982	x1	EUR	https://www.pmepensioen.nl/en/investments/we-do-invest-in
PME pensioenfonds	Toyota Motor Corp	Japan	Consumer, cyclical	Shares	2026-04-30	46.749.441	x1	EUR	https://www.pmepensioen.nl/en/investments/we-do-invest-in
PME pensioenfonds	Toyota Motor Credit Corp	United States	Consumer, cyclical	Corporate bonds	2026-04-30	22.987.412	x1	EUR	https://www.pmepensioen.nl/en/investments/we-do-invest-in
PME pensioenfonds	Toyota Motor Finance Netherlands BV	Japan	Consumer, cyclical	Corporate bonds	2026-04-30	26.179.054	x1	EUR	https://www.pmepensioen.nl/en/investments/we-do-invest-in
PME pensioenfonds	Toyota Tsusho Corp	Japan	Consumer, cyclical	Shares	2026-04-30	5.888.213	x1	EUR	https://www.pmepensioen.nl/en/investments/we-do-invest-in
PME pensioenfonds	Tractor Supply Co	United States	Consumer, cyclical	Shares	2026-04-30	8.615.217	x1	EUR	https://www.pmepensioen.nl/en/investments/we-do-invest-in
PME pensioenfonds	Trade Desk Inc/The	United States	Communications	Shares	2026-04-30	1.963.408	x1	EUR	https://www.pmepensioen.nl/en/investments/we-do-invest-in
PME pensioenfonds	Tradeweb Markets Inc	United States	Financial	Shares	2026-04-30	2.610.332	x1	EUR	https://www.pmepensioen.nl/en/investments/we-do-invest-in
PME pensioenfonds	Trane Technologies plc	United States	Industrial	Shares	2026-04-30	54.249.262	x1	EUR	https://www.pmepensioen.nl/en/investments/we-do-invest-in
PME pensioenfonds	TransAlta Corp	Canada	Utilities	Corporate bonds	2026-04-30	937.411	x1	EUR	https://www.pmepensioen.nl/en/investments/we-do-invest-in
PME pensioenfonds	TransDigm Group Inc	United States	Industrial	Shares	2026-04-30	12.753.388	x1	EUR	https://www.pmepensioen.nl/en/investments/we-do-invest-in
PME pensioenfonds	TransDigm Inc	United States	Industrial	Corporate bonds	2026-04-30	52.609.848	x1	EUR	https://www.pmepensioen.nl/en/investments/we-do-invest-in
PME pensioenfonds	Transmission Finance DAC	Finland	Utilities	Corporate bonds	2026-04-30	7.516.307	x1	EUR	https://www.pmepensioen.nl/en/investments/we-do-invest-in
PME pensioenfonds	TransUnion	United States	Consumer, non-cyclical	Shares	2026-04-30	2.628.764	x1	EUR	https://www.pmepensioen.nl/en/investments/we-do-invest-in
PME pensioenfonds	Transurban Finance Co Pty Ltd	Australia	Consumer, non-cyclical	Corporate bonds	2026-04-30	24.120.794	x1	EUR	https://www.pmepensioen.nl/en/investments/we-do-invest-in
PME pensioenfonds	Transurban Group	Australia	Consumer, non-cyclical	Shares	2026-04-30	7.343.912	x1	EUR	https://www.pmepensioen.nl/en/investments/we-do-invest-in
PME pensioenfonds	Travelers Cos Inc/The	United States	Financial	Shares	2026-04-30	13.325.083	x1	EUR	https://www.pmepensioen.nl/en/investments/we-do-invest-in
PME pensioenfonds	Trelleborg AB	Sweden	Industrial	Shares	2026-04-30	863.948	x1	EUR	https://www.pmepensioen.nl/en/investments/we-do-invest-in
PME pensioenfonds	Trent Ltd	India	Consumer, cyclical	Shares	2026-04-30	3.502.843	x1	EUR	https://www.pmepensioen.nl/en/investments/we-do-invest-in
PME pensioenfonds	TriMas Corp	United States	Industrial	Corporate bonds	2026-04-30	5.315.332	x1	EUR	https://www.pmepensioen.nl/en/investments/we-do-invest-in
PME pensioenfonds	Trimble Inc	United States	Industrial	Shares	2026-04-30	11.347.087	x1	EUR	https://www.pmepensioen.nl/en/investments/we-do-invest-in
PME pensioenfonds	TriNet Group Inc	United States	Consumer, non-cyclical	Corporate bonds	2026-04-30	7.784.276	x1	EUR	https://www.pmepensioen.nl/en/investments/we-do-invest-in
PME pensioenfonds	Trinity Industries Inc	United States	Industrial	Corporate bonds	2026-04-30	2.711.496	x1	EUR	https://www.pmepensioen.nl/en/investments/we-do-invest-in
PME pensioenfonds	Trip.com Group Ltd	China	Communications	Shares	2026-04-30	16.739.434	x1	EUR	https://www.pmepensioen.nl/en/investments/we-do-invest-in
PME pensioenfonds	Trivium Packaging Finance BV	Netherlands	Industrial	Corporate bonds	2026-04-30	9.464.753	x1	EUR	https://www.pmepensioen.nl/en/investments/we-do-invest-in
PME pensioenfonds	True Corp PCL	Thailand	Communications	Shares	2026-04-30	2.148.554	x1	EUR	https://www.pmepensioen.nl/en/investments/we-do-invest-in
PME pensioenfonds	Truist Financial Corp	United States	Financial	Shares	2026-04-30	11.804.699	x1	EUR	https://www.pmepensioen.nl/en/investments/we-do-invest-in
PME pensioenfonds	Tryg A/S	Denmark	Financial	Shares	2026-04-30	940.155	x1	EUR	https://www.pmepensioen.nl/en/investments/we-do-invest-in
PME pensioenfonds	TS Financial Holding Co Ltd	Taiwan	Financial	Shares	2026-04-30	8.364.724	x1	EUR	https://www.pmepensioen.nl/en/investments/we-do-invest-in
PME pensioenfonds	TTM Technologies Inc	United States	Industrial	Corporate bonds	2026-04-30	5.403.102	x1	EUR	https://www.pmepensioen.nl/en/investments/we-do-invest-in
PME pensioenfonds	Tube Investments of India Ltd	India	Industrial	Shares	2026-04-30	1.323.990	x1	EUR	https://www.pmepensioen.nl/en/investments/we-do-invest-in
PME pensioenfonds	TUI AG	Germany	Consumer, cyclical	Corporate bonds	2026-04-30	6.926.813	x1	EUR	https://www.pmepensioen.nl/en/investments/we-do-invest-in
PME pensioenfonds	Turk Hava Yollari AO	Turkey	Consumer, cyclical	Shares	2026-04-30	2.162.781	x1	EUR	https://www.pmepensioen.nl/en/investments/we-do-invest-in
PME pensioenfonds	Turkcell Iletisim Hizmetleri AS	Turkey	Communications	Shares	2026-04-30	1.728.729	x1	EUR	https://www.pmepensioen.nl/en/investments/we-do-invest-in
PME pensioenfonds	Turkiye Is Bankasi AS	Turkey	Financial	Shares	2026-04-30	1.572.169	x1	EUR	https://www.pmepensioen.nl/en/investments/we-do-invest-in
PME pensioenfonds	Twilio Inc	United States	Technology	Shares	2026-04-30	3.491.991	x1	EUR	https://www.pmepensioen.nl/en/investments/we-do-invest-in
PME pensioenfonds	Twilio Inc	United States	Technology	Corporate bonds	2026-04-30	6.716.686	x1	EUR	https://www.pmepensioen.nl/en/investments/we-do-invest-in
PME pensioenfonds	Tyco Electronics Group SA	Switzerland	Industrial	Corporate bonds	2026-04-30	14.452.740	x1	EUR	https://www.pmepensioen.nl/en/investments/we-do-invest-in
PME pensioenfonds	Tyler Technologies Inc	United States	Technology	Shares	2026-04-30	11.245.468	x1	EUR	https://www.pmepensioen.nl/en/investments/we-do-invest-in
PME pensioenfonds	Uber Technologies Inc	United States	Communications	Shares	2026-04-30	36.279.077	x1	EUR	https://www.pmepensioen.nl/en/investments/we-do-invest-in
PME pensioenfonds	UBS AG/London	Switzerland	Financial	Corporate bonds	2026-04-30	32.030.760	x1	EUR	https://www.pmepensioen.nl/en/investments/we-do-invest-in
PME pensioenfonds	UBS Group AG	Switzerland	Financial	Corporate bonds	2026-04-30	47.334.007	x1	EUR	https://www.pmepensioen.nl/en/investments/we-do-invest-in
PME pensioenfonds	UBS Group AG	Switzerland	Financial	Shares	2026-04-30	14.861.989	x1	EUR	https://www.pmepensioen.nl/en/investments/we-do-invest-in
PME pensioenfonds	UGI International LLC	United States	Utilities	Corporate bonds	2026-04-30	7.877.416	x1	EUR	https://www.pmepensioen.nl/en/investments/we-do-invest-in
PME pensioenfonds	UKG Inc	United States	Technology	Corporate bonds	2026-04-30	4.567.994	x1	EUR	https://www.pmepensioen.nl/en/investments/we-do-invest-in
PME pensioenfonds	Ulta Beauty Inc	United States	Consumer, cyclical	Shares	2026-04-30	4.703.573	x1	EUR	https://www.pmepensioen.nl/en/investments/we-do-invest-in
PME pensioenfonds	Ultrapar Participacoes SA	Brazil	Energy	Shares	2026-04-30	2.267.833	x1	EUR	https://www.pmepensioen.nl/en/investments/we-do-invest-in
PME pensioenfonds	Uni-President Enterprises Corp	Taiwan	Consumer, non-cyclical	Shares	2026-04-30	5.977.085	x1	EUR	https://www.pmepensioen.nl/en/investments/we-do-invest-in
PME pensioenfonds	Unibail-Rodamco-Westfield SE	France	Financial	Corporate bonds	2026-04-30	27.458.176	x1	EUR	https://www.pmepensioen.nl/en/investments/we-do-invest-in
PME pensioenfonds	UniCredit SpA	Italy	Financial	Shares	2026-04-30	11.627.060	x1	EUR	https://www.pmepensioen.nl/en/investments/we-do-invest-in
PME pensioenfonds	UniCredit SpA	Italy	Financial	Corporate bonds	2026-04-30	18.023.517	x1	EUR	https://www.pmepensioen.nl/en/investments/we-do-invest-in
PME pensioenfonds	Unilever Capital Corp	United Kingdom	Consumer, non-cyclical	Corporate bonds	2026-04-30	14.655.897	x1	EUR	https://www.pmepensioen.nl/en/investments/we-do-invest-in
PME pensioenfonds	Unilever Finance Netherlands BV	United Kingdom	Consumer, non-cyclical	Corporate bonds	2026-04-30	31.435.076	x1	EUR	https://www.pmepensioen.nl/en/investments/we-do-invest-in
PME pensioenfonds	Unilever PLC	United Kingdom	Consumer, non-cyclical	Shares	2026-04-30	44.406.407	x1	EUR	https://www.pmepensioen.nl/en/investments/we-do-invest-in
PME pensioenfonds	Unimicron Technology Corp	Taiwan	Industrial	Shares	2026-04-30	7.726.061	x1	EUR	https://www.pmepensioen.nl/en/investments/we-do-invest-in
PME pensioenfonds	Union Bank of India Ltd	India	Financial	Shares	2026-04-30	1.676.403	x1	EUR	https://www.pmepensioen.nl/en/investments/we-do-invest-in
PME pensioenfonds	Union Pacific Corp	United States	Industrial	Shares	2026-04-30	43.128.958	x1	EUR	https://www.pmepensioen.nl/en/investments/we-do-invest-in
PME pensioenfonds	Unipol Assicurazioni SPA	Italy	Financial	Shares	2026-04-30	943.491	x1	EUR	https://www.pmepensioen.nl/en/investments/we-do-invest-in
PME pensioenfonds	UNIQA Insurance Group AG	Austria	Financial	Corporate bonds	2026-04-30	14.302.148	x1	EUR	https://www.pmepensioen.nl/en/investments/we-do-invest-in
PME pensioenfonds	United Airlines Holdings Inc	United States	Consumer, cyclical	Shares	2026-04-30	1.437.305	x1	EUR	https://www.pmepensioen.nl/en/investments/we-do-invest-in
PME pensioenfonds	United Airlines Inc	United States	Consumer, cyclical	Corporate bonds	2026-04-30	1.561.817	x1	EUR	https://www.pmepensioen.nl/en/investments/we-do-invest-in
PME pensioenfonds	United Microelectronics Corp	Taiwan	Technology	Shares	2026-04-30	8.451.414	x1	EUR	https://www.pmepensioen.nl/en/investments/we-do-invest-in
PME pensioenfonds	United Overseas Bank Ltd	Singapore	Financial	Shares	2026-04-30	8.875.883	x1	EUR	https://www.pmepensioen.nl/en/investments/we-do-invest-in
PME pensioenfonds	United Parcel Service Inc	United States	Industrial	Shares	2026-04-30	14.264.929	x1	EUR	https://www.pmepensioen.nl/en/investments/we-do-invest-in
PME pensioenfonds	United Parcel Service Inc	United States	Industrial	Corporate bonds	2026-04-30	2.199.767	x1	EUR	https://www.pmepensioen.nl/en/investments/we-do-invest-in
PME pensioenfonds	United Rentals Inc	United States	Consumer, non-cyclical	Shares	2026-04-30	18.282.291	x1	EUR	https://www.pmepensioen.nl/en/investments/we-do-invest-in
PME pensioenfonds	United Rentals North America Inc	United States	Consumer, non-cyclical	Corporate bonds	2026-04-30	17.767.973	x1	EUR	https://www.pmepensioen.nl/en/investments/we-do-invest-in
PME pensioenfonds	United Spirits Ltd	India	Consumer, non-cyclical	Shares	2026-04-30	1.981.000	x1	EUR	https://www.pmepensioen.nl/en/investments/we-do-invest-in
PME pensioenfonds	United Utilities Group PLC	United Kingdom	Utilities	Shares	2026-04-30	1.378.650	x1	EUR	https://www.pmepensioen.nl/en/investments/we-do-invest-in
PME pensioenfonds	UnitedHealth Group Inc	United States	Consumer, non-cyclical	Shares	2026-04-30	59.516.649	x1	EUR	https://www.pmepensioen.nl/en/investments/we-do-invest-in
PME pensioenfonds	Uniti Group LP / Uniti Group Finance Inc / CSL Capital LLC	United States	Communications	Corporate bonds	2026-04-30	3.706.084	x1	EUR	https://www.pmepensioen.nl/en/investments/we-do-invest-in
PME pensioenfonds	Universal Music Group NV	Netherlands	Consumer, cyclical	Corporate bonds	2026-04-30	14.510.596	x1	EUR	https://www.pmepensioen.nl/en/investments/we-do-invest-in
PME pensioenfonds	Universal Music Group NV	Netherlands	Consumer, cyclical	Shares	2026-04-30	2.481.593	x1	EUR	https://www.pmepensioen.nl/en/investments/we-do-invest-in
PME pensioenfonds	Upbound Group Inc	United States	Consumer, non-cyclical	Corporate bonds	2026-04-30	2.989.517	x1	EUR	https://www.pmepensioen.nl/en/investments/we-do-invest-in
PME pensioenfonds	Upjohn Finance BV	United States	Consumer, non-cyclical	Corporate bonds	2026-04-30	5.573.094	x1	EUR	https://www.pmepensioen.nl/en/investments/we-do-invest-in
PME pensioenfonds	UPL Ltd	India	Basic materials	Shares	2026-04-30	1.638.155	x1	EUR	https://www.pmepensioen.nl/en/investments/we-do-invest-in
PME pensioenfonds	UPM-Kymmene OYJ	Finland	Basic materials	Corporate bonds	2026-04-30	9.054.255	x1	EUR	https://www.pmepensioen.nl/en/investments/we-do-invest-in
PME pensioenfonds	UPM-Kymmene OYJ	Finland	Basic materials	Shares	2026-04-30	1.921.426	x1	EUR	https://www.pmepensioen.nl/en/investments/we-do-invest-in
PME pensioenfonds	Urenco Finance NV	United Kingdom	Basic materials	Corporate bonds	2026-04-30	8.864.051	x1	EUR	https://www.pmepensioen.nl/en/investments/we-do-invest-in
PME pensioenfonds	US Bancorp	United States	Financial	Shares	2026-04-30	24.144.160	x1	EUR	https://www.pmepensioen.nl/en/investments/we-do-invest-in
PME pensioenfonds	US Foods Holding Corp	United States	Consumer, non-cyclical	Shares	2026-04-30	11.457.425	x1	EUR	https://www.pmepensioen.nl/en/investments/we-do-invest-in
PME pensioenfonds	US Foods Inc	United States	Consumer, non-cyclical	Corporate bonds	2026-04-30	14.905.129	x1	EUR	https://www.pmepensioen.nl/en/investments/we-do-invest-in
PME pensioenfonds	Vail Resorts Inc	United States	Consumer, cyclical	Corporate bonds	2026-04-30	7.282.306	x1	EUR	https://www.pmepensioen.nl/en/investments/we-do-invest-in
PME pensioenfonds	Vale SA	Brazil	Basic materials	Shares	2026-04-30	31.962.765	x1	EUR	https://www.pmepensioen.nl/en/investments/we-do-invest-in
PME pensioenfonds	Valeo SE	France	Consumer, cyclical	Corporate bonds	2026-04-30	38.913.612	x1	EUR	https://www.pmepensioen.nl/en/investments/we-do-invest-in
PME pensioenfonds	Vallourec SACA	France	Industrial	Corporate bonds	2026-04-30	1.549.040	x1	EUR	https://www.pmepensioen.nl/en/investments/we-do-invest-in
PME pensioenfonds	Valterra Platinum Ltd	South Africa	Basic materials	Shares	2026-04-30	11.866.137	x1	EUR	https://www.pmepensioen.nl/en/investments/we-do-invest-in
PME pensioenfonds	Vanguard International Semiconductor Corp	Taiwan	Technology	Shares	2026-04-30	1.816.477	x1	EUR	https://www.pmepensioen.nl/en/investments/we-do-invest-in
PME pensioenfonds	Varun Beverages Ltd	India	Consumer, non-cyclical	Shares	2026-04-30	3.094.909	x1	EUR	https://www.pmepensioen.nl/en/investments/we-do-invest-in
PME pensioenfonds	VAT Group AG	Switzerland	Industrial	Shares	2026-04-30	1.895.277	x1	EUR	https://www.pmepensioen.nl/en/investments/we-do-invest-in
PME pensioenfonds	Vattenfall AB	Sweden	Utilities	Corporate bonds	2026-04-30	1.998.831	x1	EUR	https://www.pmepensioen.nl/en/investments/we-do-invest-in
PME pensioenfonds	Veeva Systems Inc	United States	Technology	Shares	2026-04-30	5.285.351	x1	EUR	https://www.pmepensioen.nl/en/investments/we-do-invest-in
PME pensioenfonds	Veolia Environnement SA	France	Utilities	Corporate bonds	2026-04-30	97.493.491	x1	EUR	https://www.pmepensioen.nl/en/investments/we-do-invest-in
PME pensioenfonds	Veolia Environnement SA	France	Utilities	Shares	2026-04-30	22.235.516	x1	EUR	https://www.pmepensioen.nl/en/investments/we-do-invest-in
PME pensioenfonds	Verallia SA	France	Industrial	Corporate bonds	2026-04-30	2.341.570	x1	EUR	https://www.pmepensioen.nl/en/investments/we-do-invest-in
PME pensioenfonds	Veralto Corp	United States	Industrial	Shares	2026-04-30	14.854.130	x1	EUR	https://www.pmepensioen.nl/en/investments/we-do-invest-in
PME pensioenfonds	Verbund AG	Austria	Utilities	Shares	2026-04-30	602.667	x1	EUR	https://www.pmepensioen.nl/en/investments/we-do-invest-in
PME pensioenfonds	VeriSign Inc	United States	Communications	Shares	2026-04-30	4.024.587	x1	EUR	https://www.pmepensioen.nl/en/investments/we-do-invest-in
PME pensioenfonds	Verisk Analytics Inc	United States	Consumer, non-cyclical	Shares	2026-04-30	13.990.151	x1	EUR	https://www.pmepensioen.nl/en/investments/we-do-invest-in
PME pensioenfonds	Verizon Communications Inc	United States	Communications	Shares	2026-04-30	41.876.437	x1	EUR	https://www.pmepensioen.nl/en/investments/we-do-invest-in
PME pensioenfonds	Verizon Communications Inc	United States	Communications	Corporate bonds	2026-04-30	55.004.032	x1	EUR	https://www.pmepensioen.nl/en/investments/we-do-invest-in
PME pensioenfonds	Versant Media Group Inc	United States	Communications	Corporate bonds	2026-04-30	2.451.148	x1	EUR	https://www.pmepensioen.nl/en/investments/we-do-invest-in
PME pensioenfonds	Vestas Wind Systems A/S	Denmark	Energy	Shares	2026-04-30	3.512.219	x1	EUR	https://www.pmepensioen.nl/en/investments/we-do-invest-in
PME pensioenfonds	Vesteda Finance BV	Netherlands	Financial	Corporate bonds	2026-04-30	15.197.505	x1	EUR	https://www.pmepensioen.nl/en/investments/we-do-invest-in
PME pensioenfonds	VF Corp	United States	Consumer, cyclical	Corporate bonds	2026-04-30	10.638.462	x1	EUR	https://www.pmepensioen.nl/en/investments/we-do-invest-in
PME pensioenfonds	VGP NV	Belgium	Financial	Corporate bonds	2026-04-30	3.286.391	x1	EUR	https://www.pmepensioen.nl/en/investments/we-do-invest-in
PME pensioenfonds	Vibra Energia SA	Brazil	Energy	Shares	2026-04-30	3.850.764	x1	EUR	https://www.pmepensioen.nl/en/investments/we-do-invest-in
PME pensioenfonds	Vicinity Centres Trust	Australia	Financial	Corporate bonds	2026-04-30	20.126.135	x1	EUR	https://www.pmepensioen.nl/en/investments/we-do-invest-in
PME pensioenfonds	Victory Giant Technology Huizhou Co Ltd	China	Industrial	Shares	2026-04-30	674.829	x1	EUR	https://www.pmepensioen.nl/en/investments/we-do-invest-in
PME pensioenfonds	Victra Holdings LLC / Victra Finance Corp	United States	Consumer, cyclical	Corporate bonds	2026-04-30	2.825.429	x1	EUR	https://www.pmepensioen.nl/en/investments/we-do-invest-in
PME pensioenfonds	Vier Gas Transport GmbH	Germany	Utilities	Corporate bonds	2026-04-30	11.821.232	x1	EUR	https://www.pmepensioen.nl/en/investments/we-do-invest-in
PME pensioenfonds	Vinci SA	France	Industrial	Shares	2026-04-30	8.645.143	x1	EUR	https://www.pmepensioen.nl/en/investments/we-do-invest-in
PME pensioenfonds	Vipshop Holdings Ltd	China	Communications	Shares	2026-04-30	2.676.425	x1	EUR	https://www.pmepensioen.nl/en/investments/we-do-invest-in
PME pensioenfonds	Virgin Media Secured Finance PLC	United Kingdom	Communications	Corporate bonds	2026-04-30	1.105.550	x1	EUR	https://www.pmepensioen.nl/en/investments/we-do-invest-in
PME pensioenfonds	Visa Inc	United States	Financial	Corporate bonds	2026-04-30	66.418.494	x1	EUR	https://www.pmepensioen.nl/en/investments/we-do-invest-in
PME pensioenfonds	Visa Inc	United States	Financial	Shares	2026-04-30	150.444.013	x1	EUR	https://www.pmepensioen.nl/en/investments/we-do-invest-in
PME pensioenfonds	Vishal Mega Mart Ltd	India	Communications	Shares	2026-04-30	1.058.051	x1	EUR	https://www.pmepensioen.nl/en/investments/we-do-invest-in
PME pensioenfonds	Vivion Investments Sarl	Luxembourg	Financial	Corporate bonds	2026-04-30	4.126.902	x1	EUR	https://www.pmepensioen.nl/en/investments/we-do-invest-in
PME pensioenfonds	VM Consolidated Inc	United States	Consumer, non-cyclical	Corporate bonds	2026-04-30	4.945.024	x1	EUR	https://www.pmepensioen.nl/en/investments/we-do-invest-in
PME pensioenfonds	Vmed O2 UK Financing I PLC	United Kingdom	Communications	Corporate bonds	2026-04-30	6.630.095	x1	EUR	https://www.pmepensioen.nl/en/investments/we-do-invest-in
PME pensioenfonds	Vodacom Group Ltd	South Africa	Communications	Shares	2026-04-30	2.825.614	x1	EUR	https://www.pmepensioen.nl/en/investments/we-do-invest-in
PME pensioenfonds	Vodafone Group PLC	United Kingdom	Communications	Corporate bonds	2026-04-30	52.930.353	x1	EUR	https://www.pmepensioen.nl/en/investments/we-do-invest-in
PME pensioenfonds	Vodafone Group PLC	United Kingdom	Communications	Shares	2026-04-30	3.507.161	x1	EUR	https://www.pmepensioen.nl/en/investments/we-do-invest-in
PME pensioenfonds	Vodafone International Financing DAC	United Kingdom	Communications	Corporate bonds	2026-04-30	19.481.373	x1	EUR	https://www.pmepensioen.nl/en/investments/we-do-invest-in
PME pensioenfonds	VoltaGrid LLC	United States	Utilities	Corporate bonds	2026-04-30	2.997.023	x1	EUR	https://www.pmepensioen.nl/en/investments/we-do-invest-in
PME pensioenfonds	Voltas Ltd	India	Industrial	Shares	2026-04-30	1.333.250	x1	EUR	https://www.pmepensioen.nl/en/investments/we-do-invest-in
PME pensioenfonds	Volvo AB	Sweden	Consumer, cyclical	Shares	2026-04-30	6.000.143	x1	EUR	https://www.pmepensioen.nl/en/investments/we-do-invest-in
PME pensioenfonds	Volvo Car AB	Sweden	Consumer, cyclical	Corporate bonds	2026-04-30	10.988.957	x1	EUR	https://www.pmepensioen.nl/en/investments/we-do-invest-in
PME pensioenfonds	Volvo Treasury AB	Sweden	Consumer, cyclical	Corporate bonds	2026-04-30	45.651.457	x1	EUR	https://www.pmepensioen.nl/en/investments/we-do-invest-in
PME pensioenfonds	Vonovia SE	Germany	Financial	Corporate bonds	2026-04-30	27.012.177	x1	EUR	https://www.pmepensioen.nl/en/investments/we-do-invest-in
PME pensioenfonds	Vornado Realty LP	United States	Financial	Corporate bonds	2026-04-30	2.300.914	x1	EUR	https://www.pmepensioen.nl/en/investments/we-do-invest-in
PME pensioenfonds	VT Topco Inc	United States	Consumer, non-cyclical	Corporate bonds	2026-04-30	2.943.023	x1	EUR	https://www.pmepensioen.nl/en/investments/we-do-invest-in
PME pensioenfonds	Vulcan Materials Co	United States	Industrial	Shares	2026-04-30	7.000.818	x1	EUR	https://www.pmepensioen.nl/en/investments/we-do-invest-in
PME pensioenfonds	VZ Secured Financing BV	Netherlands	Communications	Corporate bonds	2026-04-30	15.468.143	x1	EUR	https://www.pmepensioen.nl/en/investments/we-do-invest-in
PME pensioenfonds	VZ Vendor Financing II BV	Netherlands	Communications	Corporate bonds	2026-04-30	1.558.619	x1	EUR	https://www.pmepensioen.nl/en/investments/we-do-invest-in
PME pensioenfonds	W R Berkley Corp	United States	Financial	Shares	2026-04-30	3.947.232	x1	EUR	https://www.pmepensioen.nl/en/investments/we-do-invest-in
PME pensioenfonds	Walmart Inc	United States	Consumer, cyclical	Corporate bonds	2026-04-30	377.493	x1	EUR	https://www.pmepensioen.nl/en/investments/we-do-invest-in
PME pensioenfonds	WALT DISNEY CO/THE	United States	Communications	Shares	2026-04-30	34.657.318	x1	EUR	https://www.pmepensioen.nl/en/investments/we-do-invest-in
PME pensioenfonds	Wand NewCo 3 Inc	United States	Consumer, non-cyclical	Corporate bonds	2026-04-30	516.614	x1	EUR	https://www.pmepensioen.nl/en/investments/we-do-invest-in
PME pensioenfonds	Want Want China Holdings Ltd	China	Consumer, non-cyclical	Shares	2026-04-30	1.717.746	x1	EUR	https://www.pmepensioen.nl/en/investments/we-do-invest-in
PME pensioenfonds	Warehouses De Pauw CVA	Belgium	Financial	Corporate bonds	2026-04-30	5.043.792	x1	EUR	https://www.pmepensioen.nl/en/investments/we-do-invest-in
PME pensioenfonds	Warner Bros Discovery Inc	United States	Communications	Shares	2026-04-30	12.662.416	x1	EUR	https://www.pmepensioen.nl/en/investments/we-do-invest-in
PME pensioenfonds	Waste Connections Inc	United States	Industrial	Shares	2026-04-30	8.172.754	x1	EUR	https://www.pmepensioen.nl/en/investments/we-do-invest-in
PME pensioenfonds	Waste Management Inc	United States	Industrial	Shares	2026-04-30	45.161.653	x1	EUR	https://www.pmepensioen.nl/en/investments/we-do-invest-in
PME pensioenfonds	Waste Pro USA Inc	United States	Industrial	Corporate bonds	2026-04-30	4.749.704	x1	EUR	https://www.pmepensioen.nl/en/investments/we-do-invest-in
PME pensioenfonds	Waters Corp	United States	Consumer, non-cyclical	Shares	2026-04-30	5.810.486	x1	EUR	https://www.pmepensioen.nl/en/investments/we-do-invest-in
PME pensioenfonds	Watsco Inc	United States	Consumer, cyclical	Shares	2026-04-30	2.423.267	x1	EUR	https://www.pmepensioen.nl/en/investments/we-do-invest-in
PME pensioenfonds	Watts Water Technologies Inc	United States	Industrial	Shares	2026-04-30	9.878.728	x1	EUR	https://www.pmepensioen.nl/en/investments/we-do-invest-in
PME pensioenfonds	Wayfair LLC	United States	Communications	Corporate bonds	2026-04-30	2.460.321	x1	EUR	https://www.pmepensioen.nl/en/investments/we-do-invest-in
PME pensioenfonds	Wells Fargo & Co	United States	Financial	Shares	2026-04-30	51.328.551	x1	EUR	https://www.pmepensioen.nl/en/investments/we-do-invest-in
PME pensioenfonds	WESCO Distribution Inc	United States	Industrial	Corporate bonds	2026-04-30	12.952.714	x1	EUR	https://www.pmepensioen.nl/en/investments/we-do-invest-in
PME pensioenfonds	Wesfarmers Ltd	Australia	Consumer, cyclical	Corporate bonds	2026-04-30	11.487.935	x1	EUR	https://www.pmepensioen.nl/en/investments/we-do-invest-in
PME pensioenfonds	Wesfarmers Ltd	Australia	Consumer, cyclical	Shares	2026-04-30	14.082.599	x1	EUR	https://www.pmepensioen.nl/en/investments/we-do-invest-in
PME pensioenfonds	West Japan Railway Co	Japan	Industrial	Shares	2026-04-30	2.143.313	x1	EUR	https://www.pmepensioen.nl/en/investments/we-do-invest-in
PME pensioenfonds	West Pharmaceutical Services Inc	United States	Consumer, non-cyclical	Shares	2026-04-30	3.703.259	x1	EUR	https://www.pmepensioen.nl/en/investments/we-do-invest-in
PME pensioenfonds	Western Digital Corp	United States	Technology	Shares	2026-04-30	18.352.331	x1	EUR	https://www.pmepensioen.nl/en/investments/we-do-invest-in
PME pensioenfonds	Westinghouse Air Brake Technologies Corp	United States	Industrial	Shares	2026-04-30	26.571.970	x1	EUR	https://www.pmepensioen.nl/en/investments/we-do-invest-in
PME pensioenfonds	Westpac Banking Corp	Australia	Financial	Shares	2026-04-30	22.969.931	x1	EUR	https://www.pmepensioen.nl/en/investments/we-do-invest-in
PME pensioenfonds	Westpac Securities NZ Ltd/London	New Zealand	Financial	Corporate bonds	2026-04-30	8.287.785	x1	EUR	https://www.pmepensioen.nl/en/investments/we-do-invest-in
PME pensioenfonds	Wheaton Precious Metals Corp	Brazil	Basic materials	Shares	2026-04-30	11.731.052	x1	EUR	https://www.pmepensioen.nl/en/investments/we-do-invest-in
PME pensioenfonds	Whirlpool Corp	United States	Consumer, cyclical	Corporate bonds	2026-04-30	2.774.719	x1	EUR	https://www.pmepensioen.nl/en/investments/we-do-invest-in
PME pensioenfonds	Whirlpool Finance Luxembourg Sarl	United States	Consumer, cyclical	Corporate bonds	2026-04-30	5.366.895	x1	EUR	https://www.pmepensioen.nl/en/investments/we-do-invest-in
PME pensioenfonds	Whitbread PLC	United Kingdom	Consumer, cyclical	Shares	2026-04-30	614.798	x1	EUR	https://www.pmepensioen.nl/en/investments/we-do-invest-in
PME pensioenfonds	William Carter Co/The	United States	Consumer, cyclical	Corporate bonds	2026-04-30	655.028	x1	EUR	https://www.pmepensioen.nl/en/investments/we-do-invest-in
PME pensioenfonds	Williams Scotsman Inc	United States	Consumer, non-cyclical	Corporate bonds	2026-04-30	8.912.044	x1	EUR	https://www.pmepensioen.nl/en/investments/we-do-invest-in
PME pensioenfonds	Williams-Sonoma Inc	United States	Consumer, cyclical	Shares	2026-04-30	4.456.024	x1	EUR	https://www.pmepensioen.nl/en/investments/we-do-invest-in
PME pensioenfonds	Willis Towers Watson PLC	United States	Financial	Shares	2026-04-30	5.573.810	x1	EUR	https://www.pmepensioen.nl/en/investments/we-do-invest-in
PME pensioenfonds	Windstream Services LLC / Windstream Escrow Finance Corp	United States	Communications	Corporate bonds	2026-04-30	4.148.751	x1	EUR	https://www.pmepensioen.nl/en/investments/we-do-invest-in
PME pensioenfonds	Winnebago Industries Inc	United States	Consumer, cyclical	Corporate bonds	2026-04-30	789.101	x1	EUR	https://www.pmepensioen.nl/en/investments/we-do-invest-in
PME pensioenfonds	Wipro Ltd	India	Technology	Shares	2026-04-30	2.233.919	x1	EUR	https://www.pmepensioen.nl/en/investments/we-do-invest-in
PME pensioenfonds	Wise PLC	United Kingdom	Consumer, non-cyclical	Shares	2026-04-30	925.004	x1	EUR	https://www.pmepensioen.nl/en/investments/we-do-invest-in
PME pensioenfonds	WiseTech Global Ltd	Australia	Technology	Shares	2026-04-30	1.329.288	x1	EUR	https://www.pmepensioen.nl/en/investments/we-do-invest-in
PME pensioenfonds	Wistron Corp	Taiwan	Technology	Shares	2026-04-30	4.861.975	x1	EUR	https://www.pmepensioen.nl/en/investments/we-do-invest-in
PME pensioenfonds	Wiwynn Corp	Taiwan	Technology	Shares	2026-04-30	4.837.679	x1	EUR	https://www.pmepensioen.nl/en/investments/we-do-invest-in
PME pensioenfonds	Wolters Kluwer NV	Netherlands	Consumer, non-cyclical	Shares	2026-04-30	2.070.360	x1	EUR	https://www.pmepensioen.nl/en/investments/we-do-invest-in
PME pensioenfonds	Wolters Kluwer NV	Netherlands	Consumer, non-cyclical	Corporate bonds	2026-04-30	35.205.225	x1	EUR	https://www.pmepensioen.nl/en/investments/we-do-invest-in
PME pensioenfonds	Woolworths Group Ltd	Australia	Consumer, non-cyclical	Corporate bonds	2026-04-30	16.203.828	x1	EUR	https://www.pmepensioen.nl/en/investments/we-do-invest-in
PME pensioenfonds	Woolworths Group Ltd	Australia	Consumer, non-cyclical	Shares	2026-04-30	7.569.202	x1	EUR	https://www.pmepensioen.nl/en/investments/we-do-invest-in
PME pensioenfonds	Woori Financial Group Inc	Korea	Financial	Shares	2026-04-30	7.512.785	x1	EUR	https://www.pmepensioen.nl/en/investments/we-do-invest-in
PME pensioenfonds	Workday Inc	United States	Technology	Shares	2026-04-30	5.454.114	x1	EUR	https://www.pmepensioen.nl/en/investments/we-do-invest-in
PME pensioenfonds	WP Carey Inc	United States	Financial	Corporate bonds	2026-04-30	18.415.719	x1	EUR	https://www.pmepensioen.nl/en/investments/we-do-invest-in
PME pensioenfonds	WPC Eurobond BV	United States	Financial	Corporate bonds	2026-04-30	5.637.089	x1	EUR	https://www.pmepensioen.nl/en/investments/we-do-invest-in
PME pensioenfonds	WPP Finance 2013	United Kingdom	Communications	Corporate bonds	2026-04-30	12.303.581	x1	EUR	https://www.pmepensioen.nl/en/investments/we-do-invest-in
PME pensioenfonds	WPP Finance Deutschland GmbH	United Kingdom	Communications	Corporate bonds	2026-04-30	1.823.701	x1	EUR	https://www.pmepensioen.nl/en/investments/we-do-invest-in
PME pensioenfonds	WPP Finance SA	United Kingdom	Communications	Corporate bonds	2026-04-30	4.798.359	x1	EUR	https://www.pmepensioen.nl/en/investments/we-do-invest-in
PME pensioenfonds	WSP Global Inc	Canada	Industrial	Shares	2026-04-30	4.133.824	x1	EUR	https://www.pmepensioen.nl/en/investments/we-do-invest-in
PME pensioenfonds	WuXi AppTec Co Ltd	China	Consumer, non-cyclical	Shares	2026-04-30	4.336.226	x1	EUR	https://www.pmepensioen.nl/en/investments/we-do-invest-in
PME pensioenfonds	Wuxi Biologics Cayman Inc	China	Consumer, non-cyclical	Shares	2026-04-30	8.089.142	x1	EUR	https://www.pmepensioen.nl/en/investments/we-do-invest-in
PME pensioenfonds	WuXi XDC Cayman Inc	China	Consumer, non-cyclical	Shares	2026-04-30	1.488.260	x1	EUR	https://www.pmepensioen.nl/en/investments/we-do-invest-in
PME pensioenfonds	WW Grainger Inc	United States	Consumer, cyclical	Shares	2026-04-30	9.741.742	x1	EUR	https://www.pmepensioen.nl/en/investments/we-do-invest-in
PME pensioenfonds	Wyndham Hotels & Resorts Inc	United States	Consumer, cyclical	Corporate bonds	2026-04-30	3.836.570	x1	EUR	https://www.pmepensioen.nl/en/investments/we-do-invest-in
PME pensioenfonds	Xcel Energy Inc	United States	Utilities	Shares	2026-04-30	8.921.453	x1	EUR	https://www.pmepensioen.nl/en/investments/we-do-invest-in
PME pensioenfonds	Xero Ltd	New Zealand	Technology	Shares	2026-04-30	1.882.666	x1	EUR	https://www.pmepensioen.nl/en/investments/we-do-invest-in
PME pensioenfonds	XHR LP	United States	Financial	Corporate bonds	2026-04-30	4.579.610	x1	EUR	https://www.pmepensioen.nl/en/investments/we-do-invest-in
PME pensioenfonds	Xiaomi Corp	China	Communications	Shares	2026-04-30	29.896.976	x1	EUR	https://www.pmepensioen.nl/en/investments/we-do-invest-in
PME pensioenfonds	XP Inc	Brazil	Financial	Shares	2026-04-30	3.995.723	x1	EUR	https://www.pmepensioen.nl/en/investments/we-do-invest-in
PME pensioenfonds	Xylem Inc/NY	United States	Industrial	Shares	2026-04-30	25.813.535	x1	EUR	https://www.pmepensioen.nl/en/investments/we-do-invest-in
PME pensioenfonds	Yadea Group Holdings Ltd	China	Consumer, cyclical	Shares	2026-04-30	1.402.225	x1	EUR	https://www.pmepensioen.nl/en/investments/we-do-invest-in
PME pensioenfonds	Yageo Corp	Taiwan	Industrial	Shares	2026-04-30	5.807.138	x1	EUR	https://www.pmepensioen.nl/en/investments/we-do-invest-in
PME pensioenfonds	Yamaha Motor Co Ltd	Japan	Consumer, cyclical	Shares	2026-04-30	1.645.544	x1	EUR	https://www.pmepensioen.nl/en/investments/we-do-invest-in
PME pensioenfonds	Yara International ASA	Brazil	Basic materials	Shares	2026-04-30	1.114.377	x1	EUR	https://www.pmepensioen.nl/en/investments/we-do-invest-in
PME pensioenfonds	Yealink Network Technology Corp Ltd	China	Communications	Shares	2026-04-30	232.810	x1	EUR	https://www.pmepensioen.nl/en/investments/we-do-invest-in
PME pensioenfonds	Yes Bank Ltd	India	Financial	Shares	2026-04-30	1.487.238	x1	EUR	https://www.pmepensioen.nl/en/investments/we-do-invest-in
PME pensioenfonds	Yokogawa Electric Corp	Japan	Industrial	Shares	2026-04-30	1.671.885	x1	EUR	https://www.pmepensioen.nl/en/investments/we-do-invest-in
PME pensioenfonds	Yokohama Financial Group Inc	Japan	Financial	Shares	2026-04-30	2.235.237	x1	EUR	https://www.pmepensioen.nl/en/investments/we-do-invest-in
PME pensioenfonds	Yorkshire Building Society	United Kingdom	Financial	Corporate bonds	2026-04-30	848.203	x1	EUR	https://www.pmepensioen.nl/en/investments/we-do-invest-in
PME pensioenfonds	Yuanta Financial Holding Co Ltd	Taiwan	Financial	Shares	2026-04-30	8.294.563	x1	EUR	https://www.pmepensioen.nl/en/investments/we-do-invest-in
PME pensioenfonds	Yuhan Corp	Korea	Consumer, non-cyclical	Shares	2026-04-30	2.081.739	x1	EUR	https://www.pmepensioen.nl/en/investments/we-do-invest-in
PME pensioenfonds	Yum China Holdings Inc	China	Consumer, cyclical	Shares	2026-04-30	10.269.896	x1	EUR	https://www.pmepensioen.nl/en/investments/we-do-invest-in
PME pensioenfonds	Brands Inc	United States	Consumer, cyclical	Corporate bonds	2026-04-30	23.556.119	x1	EUR	https://www.pmepensioen.nl/en/investments/we-do-invest-in
PME pensioenfonds	Brands Inc	United States	Consumer, cyclical	Shares	2026-04-30	8.432.246	x1	EUR	https://www.pmepensioen.nl/en/investments/we-do-invest-in
PME pensioenfonds	Zalando SE	Germany	Consumer, cyclical	Shares	2026-04-30	613.315	x1	EUR	https://www.pmepensioen.nl/en/investments/we-do-invest-in
PME pensioenfonds	Zangge Mining Co Ltd	China	Basic materials	Shares	2026-04-30	388.400	x1	EUR	https://www.pmepensioen.nl/en/investments/we-do-invest-in
PME pensioenfonds	Zebra Technologies Corp	United States	Technology	Shares	2026-04-30	2.238.691	x1	EUR	https://www.pmepensioen.nl/en/investments/we-do-invest-in
PME pensioenfonds	Zebra Technologies Corp	United States	Technology	Corporate bonds	2026-04-30	3.267.008	x1	EUR	https://www.pmepensioen.nl/en/investments/we-do-invest-in
PME pensioenfonds	Zegona Finance PLC	United Kingdom	Communications	Corporate bonds	2026-04-30	6.437.535	x1	EUR	https://www.pmepensioen.nl/en/investments/we-do-invest-in
PME pensioenfonds	Zhejiang Jingsheng Mechanical & Electrical Co Ltd	China	Technology	Shares	2026-04-30	315.053	x1	EUR	https://www.pmepensioen.nl/en/investments/we-do-invest-in
PME pensioenfonds	Zhejiang NHU Co Ltd	China	Consumer, non-cyclical	Shares	2026-04-30	750.497	x1	EUR	https://www.pmepensioen.nl/en/investments/we-do-invest-in
PME pensioenfonds	Zhejiang Sanhua Intelligent Controls Co Ltd	China	Industrial	Shares	2026-04-30	316.852	x1	EUR	https://www.pmepensioen.nl/en/investments/we-do-invest-in
PME pensioenfonds	Zhen Ding Technology Holding Ltd	Taiwan	Industrial	Shares	2026-04-30	2.119.050	x1	EUR	https://www.pmepensioen.nl/en/investments/we-do-invest-in
PME pensioenfonds	Zhongji Innolight Co Ltd	China	Communications	Shares	2026-04-30	2.696.947	x1	EUR	https://www.pmepensioen.nl/en/investments/we-do-invest-in
PME pensioenfonds	Ziggo Bond Co BV	Netherlands	Communications	Corporate bonds	2026-04-30	4.703.106	x1	EUR	https://www.pmepensioen.nl/en/investments/we-do-invest-in
PME pensioenfonds	Ziggo BV	Netherlands	Communications	Corporate bonds	2026-04-30	9.176.801	x1	EUR	https://www.pmepensioen.nl/en/investments/we-do-invest-in
PME pensioenfonds	Zimmer Biomet Holdings Inc	United States	Consumer, non-cyclical	Corporate bonds	2026-04-30	37.292.533	x1	EUR	https://www.pmepensioen.nl/en/investments/we-do-invest-in
PME pensioenfonds	Zimmer Biomet Holdings Inc	United States	Consumer, non-cyclical	Shares	2026-04-30	3.511.328	x1	EUR	https://www.pmepensioen.nl/en/investments/we-do-invest-in
PME pensioenfonds	Zoetis Inc	United States	Consumer, non-cyclical	Shares	2026-04-30	10.266.275	x1	EUR	https://www.pmepensioen.nl/en/investments/we-do-invest-in
PME pensioenfonds	Zoom Communications Inc	United States	Technology	Shares	2026-04-30	3.861.888	x1	EUR	https://www.pmepensioen.nl/en/investments/we-do-invest-in
PME pensioenfonds	ZoomInfo Technologies LLC/ZoomInfo Finance Corp	United States	Technology	Corporate bonds	2026-04-30	3.086.351	x1	EUR	https://www.pmepensioen.nl/en/investments/we-do-invest-in
PME pensioenfonds	ZOZO Inc	Japan	Communications	Shares	2026-04-30	730.022	x1	EUR	https://www.pmepensioen.nl/en/investments/we-do-invest-in
PME pensioenfonds	Zscaler Inc	United States	Technology	Shares	2026-04-30	2.770.977	x1	EUR	https://www.pmepensioen.nl/en/investments/we-do-invest-in
PME pensioenfonds	ZTO Express Cayman Inc	China	Industrial	Shares	2026-04-30	5.686.196	x1	EUR	https://www.pmepensioen.nl/en/investments/we-do-invest-in
PME pensioenfonds	Zuercher Kantonalbank	Switzerland	Financial	Corporate bonds	2026-04-30	15.044.163	x1	EUR	https://www.pmepensioen.nl/en/investments/we-do-invest-in
PME pensioenfonds	Zurich Insurance Group AG	Switzerland	Financial	Shares	2026-04-30	12.093.278	x1	EUR	https://www.pmepensioen.nl/en/investments/we-do-invest-in
PME pensioenfonds	Zydus Lifesciences Ltd	India	Consumer, non-cyclical	Shares	2026-04-30	1.325.143	x1	EUR	https://www.pmepensioen.nl/en/investments/we-do-invest-in
