Shareholder - Name	Issuer - Name	Security - Report Date	Security - Market Value - Amount	Security - Market Value - Multiplier	Security - Market Value - Currency Code	Data Source URL
Pensioenfonds Vervoer	Apple Inc	2024-12-31	353.689	x1	EUR	https://www.pfvervoer.nl/over-ons/beleggen/spreiden-van-beleggingen
Pensioenfonds Vervoer	Microsoft Corp	2024-12-31	305.495	x1	EUR	https://www.pfvervoer.nl/over-ons/beleggen/spreiden-van-beleggingen
Pensioenfonds Vervoer	NVIDIA CORP	2024-12-31	274.670	x1	EUR	https://www.pfvervoer.nl/over-ons/beleggen/spreiden-van-beleggingen
Pensioenfonds Vervoer	Taiwan Semiconductor Manufacturing	2024-12-31	241.295	x1	EUR	https://www.pfvervoer.nl/over-ons/beleggen/spreiden-van-beleggingen
Pensioenfonds Vervoer	Amazoncom Inc	2024-12-31	224.131	x1	EUR	https://www.pfvervoer.nl/over-ons/beleggen/spreiden-van-beleggingen
Pensioenfonds Vervoer	A P MOLLER - MAERSK A/S	2024-12-31	1.204	x1	EUR	https://www.pfvervoer.nl/over-ons/beleggen/spreiden-van-beleggingen
Pensioenfonds Vervoer	ABB India Ltd	2024-12-31	4.956	x1	EUR	https://www.pfvervoer.nl/over-ons/beleggen/spreiden-van-beleggingen
Pensioenfonds Vervoer	ABB LTD	2024-12-31	13.058	x1	EUR	https://www.pfvervoer.nl/over-ons/beleggen/spreiden-van-beleggingen
Pensioenfonds Vervoer	Abbott Laboratories	2024-12-31	8.586	x1	EUR	https://www.pfvervoer.nl/over-ons/beleggen/spreiden-van-beleggingen
Pensioenfonds Vervoer	AbbVie Inc	2024-12-31	25.546	x1	EUR	https://www.pfvervoer.nl/over-ons/beleggen/spreiden-van-beleggingen
Pensioenfonds Vervoer	Abertis Infraestructuras SA	2024-12-31	9.740	x1	EUR	https://www.pfvervoer.nl/over-ons/beleggen/spreiden-van-beleggingen
Pensioenfonds Vervoer	Absa Group Ltd	2024-12-31	4.049	x1	EUR	https://www.pfvervoer.nl/over-ons/beleggen/spreiden-van-beleggingen
Pensioenfonds Vervoer	Academy Sports & Outdoors Inc	2024-12-31	2.845	x1	EUR	https://www.pfvervoer.nl/over-ons/beleggen/spreiden-van-beleggingen
Pensioenfonds Vervoer	Accenture PLC	2024-12-31	15.959	x1	EUR	https://www.pfvervoer.nl/over-ons/beleggen/spreiden-van-beleggingen
Pensioenfonds Vervoer	Accton Technology Corp	2024-12-31	12.068	x1	EUR	https://www.pfvervoer.nl/over-ons/beleggen/spreiden-van-beleggingen
Pensioenfonds Vervoer	ACS Actividades de Construccio	2024-12-31	3.796	x1	EUR	https://www.pfvervoer.nl/over-ons/beleggen/spreiden-van-beleggingen
Pensioenfonds Vervoer	Acuity Brands Inc	2024-12-31	3.921	x1	EUR	https://www.pfvervoer.nl/over-ons/beleggen/spreiden-van-beleggingen
Pensioenfonds Vervoer	Adidas AG	2024-12-31	5.767	x1	EUR	https://www.pfvervoer.nl/over-ons/beleggen/spreiden-van-beleggingen
Pensioenfonds Vervoer	Admiral Group PLC	2024-12-31	348	x1	EUR	https://www.pfvervoer.nl/over-ons/beleggen/spreiden-van-beleggingen
Pensioenfonds Vervoer	ADOBE SYSTEMS INC	2024-12-31	17.569	x1	EUR	https://www.pfvervoer.nl/over-ons/beleggen/spreiden-van-beleggingen
Pensioenfonds Vervoer	Adp	2024-12-31	3.956	x1	EUR	https://www.pfvervoer.nl/over-ons/beleggen/spreiden-van-beleggingen
Pensioenfonds Vervoer	Adtalem Global Education Inc	2024-12-31	2.650	x1	EUR	https://www.pfvervoer.nl/over-ons/beleggen/spreiden-van-beleggingen
Pensioenfonds Vervoer	Advanced Micro Devices Inc	2024-12-31	7.870	x1	EUR	https://www.pfvervoer.nl/over-ons/beleggen/spreiden-van-beleggingen
Pensioenfonds Vervoer	Advantest Corp	2024-12-31	6.547	x1	EUR	https://www.pfvervoer.nl/over-ons/beleggen/spreiden-van-beleggingen
Pensioenfonds Vervoer	Adyen NV	2024-12-31	507	x1	EUR	https://www.pfvervoer.nl/over-ons/beleggen/spreiden-van-beleggingen
Pensioenfonds Vervoer	Aena SA	2024-12-31	2.850	x1	EUR	https://www.pfvervoer.nl/over-ons/beleggen/spreiden-van-beleggingen
Pensioenfonds Vervoer	Aeon Co Ltd	2024-12-31	1.950	x1	EUR	https://www.pfvervoer.nl/over-ons/beleggen/spreiden-van-beleggingen
Pensioenfonds Vervoer	Affiliated Managers Group Inc	2024-12-31	2.211	x1	EUR	https://www.pfvervoer.nl/over-ons/beleggen/spreiden-van-beleggingen
Pensioenfonds Vervoer	Aflac Inc	2024-12-31	16.983	x1	EUR	https://www.pfvervoer.nl/over-ons/beleggen/spreiden-van-beleggingen
Pensioenfonds Vervoer	Agco Corp	2024-12-31	11.741	x1	EUR	https://www.pfvervoer.nl/over-ons/beleggen/spreiden-van-beleggingen
Pensioenfonds Vervoer	Ageas Hybrid Financing SA	2024-12-31	154	x1	EUR	https://www.pfvervoer.nl/over-ons/beleggen/spreiden-van-beleggingen
Pensioenfonds Vervoer	AGILENT TECHNOLOGIES INC	2024-12-31	2.618	x1	EUR	https://www.pfvervoer.nl/over-ons/beleggen/spreiden-van-beleggingen
Pensioenfonds Vervoer	Agnico-Eagle Mines Ltd	2024-12-31	347	x1	EUR	https://www.pfvervoer.nl/over-ons/beleggen/spreiden-van-beleggingen
Pensioenfonds Vervoer	AIA Group Ltd	2024-12-31	21.649	x1	EUR	https://www.pfvervoer.nl/over-ons/beleggen/spreiden-van-beleggingen
Pensioenfonds Vervoer	Air Liquide SA	2024-12-31	20.661	x1	EUR	https://www.pfvervoer.nl/over-ons/beleggen/spreiden-van-beleggingen
Pensioenfonds Vervoer	AIRBNB INC	2024-12-31	1.675	x1	EUR	https://www.pfvervoer.nl/over-ons/beleggen/spreiden-van-beleggingen
Pensioenfonds Vervoer	Aisin Seiki Co Ltd	2024-12-31	2.617	x1	EUR	https://www.pfvervoer.nl/over-ons/beleggen/spreiden-van-beleggingen
Pensioenfonds Vervoer	Ajinomoto Co Inc	2024-12-31	2.385	x1	EUR	https://www.pfvervoer.nl/over-ons/beleggen/spreiden-van-beleggingen
Pensioenfonds Vervoer	Aker BP ASA	2024-12-31	9.602	x1	EUR	https://www.pfvervoer.nl/over-ons/beleggen/spreiden-van-beleggingen
Pensioenfonds Vervoer	Akzo Nobel NV	2024-12-31	6.196	x1	EUR	https://www.pfvervoer.nl/over-ons/beleggen/spreiden-van-beleggingen
Pensioenfonds Vervoer	Albertsons Cos Inc	2024-12-31	3.977	x1	EUR	https://www.pfvervoer.nl/over-ons/beleggen/spreiden-van-beleggingen
Pensioenfonds Vervoer	ALCON INC	2024-12-31	19.994	x1	EUR	https://www.pfvervoer.nl/over-ons/beleggen/spreiden-van-beleggingen
Pensioenfonds Vervoer	Alexandria Real Estate	2024-12-31	1.803	x1	EUR	https://www.pfvervoer.nl/over-ons/beleggen/spreiden-van-beleggingen
Pensioenfonds Vervoer	Alfa SAB de CV	2024-12-31	1.947	x1	EUR	https://www.pfvervoer.nl/over-ons/beleggen/spreiden-van-beleggingen
Pensioenfonds Vervoer	Alfresa Holdings Corp	2024-12-31	745	x1	EUR	https://www.pfvervoer.nl/over-ons/beleggen/spreiden-van-beleggingen
Pensioenfonds Vervoer	Alibaba Group Holding Ltd	2024-12-31	33.442	x1	EUR	https://www.pfvervoer.nl/over-ons/beleggen/spreiden-van-beleggingen
Pensioenfonds Vervoer	Align Technology Inc	2024-12-31	153	x1	EUR	https://www.pfvervoer.nl/over-ons/beleggen/spreiden-van-beleggingen
Pensioenfonds Vervoer	Alior Bank SA	2024-12-31	213	x1	EUR	https://www.pfvervoer.nl/over-ons/beleggen/spreiden-van-beleggingen
Pensioenfonds Vervoer	All Nippon Airways Co Ltd	2024-12-31	354	x1	EUR	https://www.pfvervoer.nl/over-ons/beleggen/spreiden-van-beleggingen
Pensioenfonds Vervoer	Allfunds Group Plc	2024-12-31	6.867	x1	EUR	https://www.pfvervoer.nl/over-ons/beleggen/spreiden-van-beleggingen
Pensioenfonds Vervoer	Allianz SE	2024-12-31	1.209	x1	EUR	https://www.pfvervoer.nl/over-ons/beleggen/spreiden-van-beleggingen
Pensioenfonds Vervoer	Allison Transmission Holdings	2024-12-31	8.536	x1	EUR	https://www.pfvervoer.nl/over-ons/beleggen/spreiden-van-beleggingen
Pensioenfonds Vervoer	ALLSTATE CORP	2024-12-31	8.778	x1	EUR	https://www.pfvervoer.nl/over-ons/beleggen/spreiden-van-beleggingen
Pensioenfonds Vervoer	ALLY FINANCIAL INC	2024-12-31	2.194	x1	EUR	https://www.pfvervoer.nl/over-ons/beleggen/spreiden-van-beleggingen
Pensioenfonds Vervoer	Alnylam Pharmaceuticals Inc	2024-12-31	678	x1	EUR	https://www.pfvervoer.nl/over-ons/beleggen/spreiden-van-beleggingen
Pensioenfonds Vervoer	Alphabet Inc	2024-12-31	176.529	x1	EUR	https://www.pfvervoer.nl/over-ons/beleggen/spreiden-van-beleggingen
Pensioenfonds Vervoer	ALS Ltd/ Queensland	2024-12-31	2.759	x1	EUR	https://www.pfvervoer.nl/over-ons/beleggen/spreiden-van-beleggingen
Pensioenfonds Vervoer	Alstom SA	2024-12-31	4.282	x1	EUR	https://www.pfvervoer.nl/over-ons/beleggen/spreiden-van-beleggingen
Pensioenfonds Vervoer	Amada Co Ltd	2024-12-31	1.428	x1	EUR	https://www.pfvervoer.nl/over-ons/beleggen/spreiden-van-beleggingen
Pensioenfonds Vervoer	Amadeus Capital Markets	2024-12-31	28.583	x1	EUR	https://www.pfvervoer.nl/over-ons/beleggen/spreiden-van-beleggingen
Pensioenfonds Vervoer	Amazoncom Inc	2024-12-31	224.131	x1	EUR	https://www.pfvervoer.nl/over-ons/beleggen/spreiden-van-beleggingen
Pensioenfonds Vervoer	Amdocs Ltd	2024-12-31	4.169	x1	EUR	https://www.pfvervoer.nl/over-ons/beleggen/spreiden-van-beleggingen
Pensioenfonds Vervoer	America Movil SAB de CV	2024-12-31	9.748	x1	EUR	https://www.pfvervoer.nl/over-ons/beleggen/spreiden-van-beleggingen
Pensioenfonds Vervoer	American Apparel Inc	2024-12-31	16.191	x1	EUR	https://www.pfvervoer.nl/over-ons/beleggen/spreiden-van-beleggingen
Pensioenfonds Vervoer	American Express Bk Fsb	2024-12-31	20.026	x1	EUR	https://www.pfvervoer.nl/over-ons/beleggen/spreiden-van-beleggingen
Pensioenfonds Vervoer	American Financial Group	2024-12-31	4.778	x1	EUR	https://www.pfvervoer.nl/over-ons/beleggen/spreiden-van-beleggingen
Pensioenfonds Vervoer	American Tower Corp	2024-12-31	503	x1	EUR	https://www.pfvervoer.nl/over-ons/beleggen/spreiden-van-beleggingen
Pensioenfonds Vervoer	Ameriprise Financial Inc	2024-12-31	9.134	x1	EUR	https://www.pfvervoer.nl/over-ons/beleggen/spreiden-van-beleggingen
Pensioenfonds Vervoer	Amerisourcebergen Corp	2024-12-31	4.081	x1	EUR	https://www.pfvervoer.nl/over-ons/beleggen/spreiden-van-beleggingen
Pensioenfonds Vervoer	Ametek Inc	2024-12-31	8.579	x1	EUR	https://www.pfvervoer.nl/over-ons/beleggen/spreiden-van-beleggingen
Pensioenfonds Vervoer	Amgen Inc	2024-12-31	3.558	x1	EUR	https://www.pfvervoer.nl/over-ons/beleggen/spreiden-van-beleggingen
Pensioenfonds Vervoer	AMMB Holdings Bhd	2024-12-31	1.193	x1	EUR	https://www.pfvervoer.nl/over-ons/beleggen/spreiden-van-beleggingen
Pensioenfonds Vervoer	Amphenol Corp	2024-12-31	22.099	x1	EUR	https://www.pfvervoer.nl/over-ons/beleggen/spreiden-van-beleggingen
Pensioenfonds Vervoer	Amplifon S,p,A,	2024-12-31	487	x1	EUR	https://www.pfvervoer.nl/over-ons/beleggen/spreiden-van-beleggingen
Pensioenfonds Vervoer	Amvis Holdings Inc	2024-12-31	745	x1	EUR	https://www.pfvervoer.nl/over-ons/beleggen/spreiden-van-beleggingen
Pensioenfonds Vervoer	ANALOG DEVICES	2024-12-31	16.518	x1	EUR	https://www.pfvervoer.nl/over-ons/beleggen/spreiden-van-beleggingen
Pensioenfonds Vervoer	Andritz AG	2024-12-31	935	x1	EUR	https://www.pfvervoer.nl/over-ons/beleggen/spreiden-van-beleggingen
Pensioenfonds Vervoer	Anglogold Ashanti Plc	2024-12-31	2.991	x1	EUR	https://www.pfvervoer.nl/over-ons/beleggen/spreiden-van-beleggingen
Pensioenfonds Vervoer	Anheuser Busch InBev NV	2024-12-31	17.333	x1	EUR	https://www.pfvervoer.nl/over-ons/beleggen/spreiden-van-beleggingen
Pensioenfonds Vervoer	Annaly Capital Management Inc	2024-12-31	1.909	x1	EUR	https://www.pfvervoer.nl/over-ons/beleggen/spreiden-van-beleggingen
Pensioenfonds Vervoer	ANTOFAGASTA PLC	2024-12-31	268	x1	EUR	https://www.pfvervoer.nl/over-ons/beleggen/spreiden-van-beleggingen
Pensioenfonds Vervoer	Aon PLC	2024-12-31	2.388	x1	EUR	https://www.pfvervoer.nl/over-ons/beleggen/spreiden-van-beleggingen
Pensioenfonds Vervoer	APA Group	2024-12-31	1.394	x1	EUR	https://www.pfvervoer.nl/over-ons/beleggen/spreiden-van-beleggingen
Pensioenfonds Vervoer	Apollo Investment Management LLC	2024-12-31	9.209	x1	EUR	https://www.pfvervoer.nl/over-ons/beleggen/spreiden-van-beleggingen
Pensioenfonds Vervoer	Apple Inc	2024-12-31	353.689	x1	EUR	https://www.pfvervoer.nl/over-ons/beleggen/spreiden-van-beleggingen
Pensioenfonds Vervoer	Applied Materials Inc	2024-12-31	7.661	x1	EUR	https://www.pfvervoer.nl/over-ons/beleggen/spreiden-van-beleggingen
Pensioenfonds Vervoer	Arch Capital Group LTD	2024-12-31	8.514	x1	EUR	https://www.pfvervoer.nl/over-ons/beleggen/spreiden-van-beleggingen
Pensioenfonds Vervoer	Archer-Daniels-Midland Co	2024-12-31	5.095	x1	EUR	https://www.pfvervoer.nl/over-ons/beleggen/spreiden-van-beleggingen
Pensioenfonds Vervoer	Ares Management LP	2024-12-31	10.223	x1	EUR	https://www.pfvervoer.nl/over-ons/beleggen/spreiden-van-beleggingen
Pensioenfonds Vervoer	Argenx SE	2024-12-31	10.935	x1	EUR	https://www.pfvervoer.nl/over-ons/beleggen/spreiden-van-beleggingen
Pensioenfonds Vervoer	Arista Networks Inc	2024-12-31	20.857	x1	EUR	https://www.pfvervoer.nl/over-ons/beleggen/spreiden-van-beleggingen
Pensioenfonds Vervoer	Aristocrat Leisure Ltd	2024-12-31	3.065	x1	EUR	https://www.pfvervoer.nl/over-ons/beleggen/spreiden-van-beleggingen
Pensioenfonds Vervoer	ARROW ELECTRONICS INC	2024-12-31	4.861	x1	EUR	https://www.pfvervoer.nl/over-ons/beleggen/spreiden-van-beleggingen
Pensioenfonds Vervoer	Arthur J Gallagher & Co	2024-12-31	9.822	x1	EUR	https://www.pfvervoer.nl/over-ons/beleggen/spreiden-van-beleggingen
Pensioenfonds Vervoer	Asahi Breweries Ltd	2024-12-31	1.949	x1	EUR	https://www.pfvervoer.nl/over-ons/beleggen/spreiden-van-beleggingen
Pensioenfonds Vervoer	Asahi Glass Co	2024-12-31	887	x1	EUR	https://www.pfvervoer.nl/over-ons/beleggen/spreiden-van-beleggingen
Pensioenfonds Vervoer	Asahi Kasei Corp	2024-12-31	1.001	x1	EUR	https://www.pfvervoer.nl/over-ons/beleggen/spreiden-van-beleggingen
Pensioenfonds Vervoer	ASE Industrial Holding Co Ltd	2024-12-31	25.067	x1	EUR	https://www.pfvervoer.nl/over-ons/beleggen/spreiden-van-beleggingen
Pensioenfonds Vervoer	Ashtead Group PLC	2024-12-31	8.551	x1	EUR	https://www.pfvervoer.nl/over-ons/beleggen/spreiden-van-beleggingen
Pensioenfonds Vervoer	Asia Commercial Bank JSC	2024-12-31	1.069	x1	EUR	https://www.pfvervoer.nl/over-ons/beleggen/spreiden-van-beleggingen
Pensioenfonds Vervoer	Asics Corp	2024-12-31	5.177	x1	EUR	https://www.pfvervoer.nl/over-ons/beleggen/spreiden-van-beleggingen
Pensioenfonds Vervoer	ASM International NV	2024-12-31	2	x1	EUR	https://www.pfvervoer.nl/over-ons/beleggen/spreiden-van-beleggingen
Pensioenfonds Vervoer	ASM PACIFIC TECHNOLOGY LIMITED	2024-12-31	3.986	x1	EUR	https://www.pfvervoer.nl/over-ons/beleggen/spreiden-van-beleggingen
Pensioenfonds Vervoer	ASML Holding N,V,	2024-12-31	101.246	x1	EUR	https://www.pfvervoer.nl/over-ons/beleggen/spreiden-van-beleggingen
Pensioenfonds Vervoer	Aspen Technology Inc	2024-12-31	184	x1	EUR	https://www.pfvervoer.nl/over-ons/beleggen/spreiden-van-beleggingen
Pensioenfonds Vervoer	Assoc Banc-Corp	2024-12-31	2.550	x1	EUR	https://www.pfvervoer.nl/over-ons/beleggen/spreiden-van-beleggingen
Pensioenfonds Vervoer	AstraZeneca	2024-12-31	49.777	x1	EUR	https://www.pfvervoer.nl/over-ons/beleggen/spreiden-van-beleggingen
Pensioenfonds Vervoer	Asustek Computer Inc	2024-12-31	2.958	x1	EUR	https://www.pfvervoer.nl/over-ons/beleggen/spreiden-van-beleggingen
Pensioenfonds Vervoer	ASX Ltd	2024-12-31	1.167	x1	EUR	https://www.pfvervoer.nl/over-ons/beleggen/spreiden-van-beleggingen
Pensioenfonds Vervoer	AT&T Inc	2024-12-31	25.555	x1	EUR	https://www.pfvervoer.nl/over-ons/beleggen/spreiden-van-beleggingen
Pensioenfonds Vervoer	Atlas Copco AB	2024-12-31	20.392	x1	EUR	https://www.pfvervoer.nl/over-ons/beleggen/spreiden-van-beleggingen
Pensioenfonds Vervoer	Atlassian Corp PLC	2024-12-31	16.927	x1	EUR	https://www.pfvervoer.nl/over-ons/beleggen/spreiden-van-beleggingen
Pensioenfonds Vervoer	Australian & New Zealand Banking Group Ltd	2024-12-31	6.247	x1	EUR	https://www.pfvervoer.nl/over-ons/beleggen/spreiden-van-beleggingen
Pensioenfonds Vervoer	Autodesk Inc	2024-12-31	27.323	x1	EUR	https://www.pfvervoer.nl/over-ons/beleggen/spreiden-van-beleggingen
Pensioenfonds Vervoer	Autohome Inc	2024-12-31	2.012	x1	EUR	https://www.pfvervoer.nl/over-ons/beleggen/spreiden-van-beleggingen
Pensioenfonds Vervoer	Autoliv Inc	2024-12-31	4.752	x1	EUR	https://www.pfvervoer.nl/over-ons/beleggen/spreiden-van-beleggingen
Pensioenfonds Vervoer	AUTONATION INC	2024-12-31	2.887	x1	EUR	https://www.pfvervoer.nl/over-ons/beleggen/spreiden-van-beleggingen
Pensioenfonds Vervoer	Autozone Inc	2024-12-31	8.467	x1	EUR	https://www.pfvervoer.nl/over-ons/beleggen/spreiden-van-beleggingen
Pensioenfonds Vervoer	Avalonbay Communities	2024-12-31	16.688	x1	EUR	https://www.pfvervoer.nl/over-ons/beleggen/spreiden-van-beleggingen
Pensioenfonds Vervoer	AVANTOR INC	2024-12-31	419	x1	EUR	https://www.pfvervoer.nl/over-ons/beleggen/spreiden-van-beleggingen
Pensioenfonds Vervoer	AVARY HOLDING SHENZHEN CO LTD	2024-12-31	174	x1	EUR	https://www.pfvervoer.nl/over-ons/beleggen/spreiden-van-beleggingen
Pensioenfonds Vervoer	Aviva PLC	2024-12-31	761	x1	EUR	https://www.pfvervoer.nl/over-ons/beleggen/spreiden-van-beleggingen
Pensioenfonds Vervoer	AXA Equitable Holdings Inc	2024-12-31	11.031	x1	EUR	https://www.pfvervoer.nl/over-ons/beleggen/spreiden-van-beleggingen
Pensioenfonds Vervoer	Axis Bank Ltd	2024-12-31	13.066	x1	EUR	https://www.pfvervoer.nl/over-ons/beleggen/spreiden-van-beleggingen
Pensioenfonds Vervoer	Axon Enterprise Inc	2024-12-31	1.390	x1	EUR	https://www.pfvervoer.nl/over-ons/beleggen/spreiden-van-beleggingen
Pensioenfonds Vervoer	Ayala Land Inc	2024-12-31	262	x1	EUR	https://www.pfvervoer.nl/over-ons/beleggen/spreiden-van-beleggingen
Pensioenfonds Vervoer	Azrieli Group	2024-12-31	1.045	x1	EUR	https://www.pfvervoer.nl/over-ons/beleggen/spreiden-van-beleggingen
Pensioenfonds Vervoer	Bachem Holding AG	2024-12-31	140	x1	EUR	https://www.pfvervoer.nl/over-ons/beleggen/spreiden-van-beleggingen
Pensioenfonds Vervoer	Back office	2024-12-31	6.104	x1	EUR	https://www.pfvervoer.nl/over-ons/beleggen/spreiden-van-beleggingen
Pensioenfonds Vervoer	Bajaj Auto Ltd	2024-12-31	1.499	x1	EUR	https://www.pfvervoer.nl/over-ons/beleggen/spreiden-van-beleggingen
Pensioenfonds Vervoer	Baker Hughes Co	2024-12-31	1.455	x1	EUR	https://www.pfvervoer.nl/over-ons/beleggen/spreiden-van-beleggingen
Pensioenfonds Vervoer	Baloise Holding AG	2024-12-31	4.355	x1	EUR	https://www.pfvervoer.nl/over-ons/beleggen/spreiden-van-beleggingen
Pensioenfonds Vervoer	Banca Mediolanum SpA	2024-12-31	1.483	x1	EUR	https://www.pfvervoer.nl/over-ons/beleggen/spreiden-van-beleggingen
Pensioenfonds Vervoer	Banco Bilbao Vizcaya Argent, SA	2024-12-31	4.953	x1	EUR	https://www.pfvervoer.nl/over-ons/beleggen/spreiden-van-beleggingen
Pensioenfonds Vervoer	Banco BPM SpA	2024-12-31	1.409	x1	EUR	https://www.pfvervoer.nl/over-ons/beleggen/spreiden-van-beleggingen
Pensioenfonds Vervoer	Banco Bradesco SA	2024-12-31	5.542	x1	EUR	https://www.pfvervoer.nl/over-ons/beleggen/spreiden-van-beleggingen
Pensioenfonds Vervoer	Banco de Chile	2024-12-31	3.630	x1	EUR	https://www.pfvervoer.nl/over-ons/beleggen/spreiden-van-beleggingen
Pensioenfonds Vervoer	Banco del Bajio SA	2024-12-31	356	x1	EUR	https://www.pfvervoer.nl/over-ons/beleggen/spreiden-van-beleggingen
Pensioenfonds Vervoer	Banco do Brasil SA	2024-12-31	20.366	x1	EUR	https://www.pfvervoer.nl/over-ons/beleggen/spreiden-van-beleggingen
Pensioenfonds Vervoer	Banco Santander SA	2024-12-31	22.730	x1	EUR	https://www.pfvervoer.nl/over-ons/beleggen/spreiden-van-beleggingen
Pensioenfonds Vervoer	Bangkok Bank PCL	2024-12-31	4.011	x1	EUR	https://www.pfvervoer.nl/over-ons/beleggen/spreiden-van-beleggingen
Pensioenfonds Vervoer	Bank Central Asia Tbk PT	2024-12-31	16.879	x1	EUR	https://www.pfvervoer.nl/over-ons/beleggen/spreiden-van-beleggingen
Pensioenfonds Vervoer	Bank for Foreign Trade of Viet	2024-12-31	1.460	x1	EUR	https://www.pfvervoer.nl/over-ons/beleggen/spreiden-van-beleggingen
Pensioenfonds Vervoer	Bank Mandiri Persero Tbk PT	2024-12-31	7.085	x1	EUR	https://www.pfvervoer.nl/over-ons/beleggen/spreiden-van-beleggingen
Pensioenfonds Vervoer	Bank of America Corp	2024-12-31	28.932	x1	EUR	https://www.pfvervoer.nl/over-ons/beleggen/spreiden-van-beleggingen
Pensioenfonds Vervoer	Bank of Beijing Co Ltd	2024-12-31	632	x1	EUR	https://www.pfvervoer.nl/over-ons/beleggen/spreiden-van-beleggingen
Pensioenfonds Vervoer	Bank of Communications Co Ltd	2024-12-31	5.283	x1	EUR	https://www.pfvervoer.nl/over-ons/beleggen/spreiden-van-beleggingen
Pensioenfonds Vervoer	Bank of Hangzhou Co Ltd	2024-12-31	256	x1	EUR	https://www.pfvervoer.nl/over-ons/beleggen/spreiden-van-beleggingen
Pensioenfonds Vervoer	Bank of Ireland Group PLC	2024-12-31	10.481	x1	EUR	https://www.pfvervoer.nl/over-ons/beleggen/spreiden-van-beleggingen
Pensioenfonds Vervoer	Bank Of New York Mellon	2024-12-31	22.113	x1	EUR	https://www.pfvervoer.nl/over-ons/beleggen/spreiden-van-beleggingen
Pensioenfonds Vervoer	Bank of the Philippine Islands	2024-12-31	3.961	x1	EUR	https://www.pfvervoer.nl/over-ons/beleggen/spreiden-van-beleggingen
Pensioenfonds Vervoer	Bank Rakyat Indonesia Persero	2024-12-31	3.658	x1	EUR	https://www.pfvervoer.nl/over-ons/beleggen/spreiden-van-beleggingen
Pensioenfonds Vervoer	BankUnited Inc	2024-12-31	2.160	x1	EUR	https://www.pfvervoer.nl/over-ons/beleggen/spreiden-van-beleggingen
Pensioenfonds Vervoer	Banque Cantonale Vaudoise	2024-12-31	1.455	x1	EUR	https://www.pfvervoer.nl/over-ons/beleggen/spreiden-van-beleggingen
Pensioenfonds Vervoer	BARCLAYS BANK PLC	2024-12-31	13.056	x1	EUR	https://www.pfvervoer.nl/over-ons/beleggen/spreiden-van-beleggingen
Pensioenfonds Vervoer	BAWAG GROUP AG	2024-12-31	2.575	x1	EUR	https://www.pfvervoer.nl/over-ons/beleggen/spreiden-van-beleggingen
Pensioenfonds Vervoer	Baxter International Inc	2024-12-31	10.525	x1	EUR	https://www.pfvervoer.nl/over-ons/beleggen/spreiden-van-beleggingen
Pensioenfonds Vervoer	Bayerische Motoren Werke	2024-12-31	289	x1	EUR	https://www.pfvervoer.nl/over-ons/beleggen/spreiden-van-beleggingen
Pensioenfonds Vervoer	BCE Inc	2024-12-31	998	x1	EUR	https://www.pfvervoer.nl/over-ons/beleggen/spreiden-van-beleggingen
Pensioenfonds Vervoer	BDO Unibank Inc	2024-12-31	3.063	x1	EUR	https://www.pfvervoer.nl/over-ons/beleggen/spreiden-van-beleggingen
Pensioenfonds Vervoer	Beazley PLC	2024-12-31	17.347	x1	EUR	https://www.pfvervoer.nl/over-ons/beleggen/spreiden-van-beleggingen
Pensioenfonds Vervoer	Becton Dickinson	2024-12-31	15.737	x1	EUR	https://www.pfvervoer.nl/over-ons/beleggen/spreiden-van-beleggingen
Pensioenfonds Vervoer	Beiersdorf AG	2024-12-31	2.707	x1	EUR	https://www.pfvervoer.nl/over-ons/beleggen/spreiden-van-beleggingen
Pensioenfonds Vervoer	Beijing Kingsoft Office Softwa	2024-12-31	136	x1	EUR	https://www.pfvervoer.nl/over-ons/beleggen/spreiden-van-beleggingen
Pensioenfonds Vervoer	Bentley Systems Inc	2024-12-31	341	x1	EUR	https://www.pfvervoer.nl/over-ons/beleggen/spreiden-van-beleggingen
Pensioenfonds Vervoer	Berkeley Group Holdings PLC	2024-12-31	2.764	x1	EUR	https://www.pfvervoer.nl/over-ons/beleggen/spreiden-van-beleggingen
Pensioenfonds Vervoer	BERRY PLASTICS CORP	2024-12-31	4.640	x1	EUR	https://www.pfvervoer.nl/over-ons/beleggen/spreiden-van-beleggingen
Pensioenfonds Vervoer	Best Buy Co	2024-12-31	6.076	x1	EUR	https://www.pfvervoer.nl/over-ons/beleggen/spreiden-van-beleggingen
Pensioenfonds Vervoer	Bharat Electronics Ltd	2024-12-31	3.975	x1	EUR	https://www.pfvervoer.nl/over-ons/beleggen/spreiden-van-beleggingen
Pensioenfonds Vervoer	Bharat Petroleum Corp Ltd	2024-12-31	2.273	x1	EUR	https://www.pfvervoer.nl/over-ons/beleggen/spreiden-van-beleggingen
Pensioenfonds Vervoer	Bharti Airtel Ltd	2024-12-31	16.254	x1	EUR	https://www.pfvervoer.nl/over-ons/beleggen/spreiden-van-beleggingen
Pensioenfonds Vervoer	Bidvest Group Ltd	2024-12-31	8.948	x1	EUR	https://www.pfvervoer.nl/over-ons/beleggen/spreiden-van-beleggingen
Pensioenfonds Vervoer	Big Yellow Group PLC	2024-12-31	2.767	x1	EUR	https://www.pfvervoer.nl/over-ons/beleggen/spreiden-van-beleggingen
Pensioenfonds Vervoer	Bilibili Inc	2024-12-31	5.480	x1	EUR	https://www.pfvervoer.nl/over-ons/beleggen/spreiden-van-beleggingen
Pensioenfonds Vervoer	BIM Birlesik Magazalar AS	2024-12-31	4.988	x1	EUR	https://www.pfvervoer.nl/over-ons/beleggen/spreiden-van-beleggingen
Pensioenfonds Vervoer	Biogen Idec Inc	2024-12-31	2.636	x1	EUR	https://www.pfvervoer.nl/over-ons/beleggen/spreiden-van-beleggingen
Pensioenfonds Vervoer	BioMarin Pharmaceutical Inc	2024-12-31	214	x1	EUR	https://www.pfvervoer.nl/over-ons/beleggen/spreiden-van-beleggingen
Pensioenfonds Vervoer	Blackrock Inc	2024-12-31	5.671	x1	EUR	https://www.pfvervoer.nl/over-ons/beleggen/spreiden-van-beleggingen
Pensioenfonds Vervoer	Blackstone Inc	2024-12-31	3.359	x1	EUR	https://www.pfvervoer.nl/over-ons/beleggen/spreiden-van-beleggingen
Pensioenfonds Vervoer	BleuScope Steel Limited	2024-12-31	2.102	x1	EUR	https://www.pfvervoer.nl/over-ons/beleggen/spreiden-van-beleggingen
Pensioenfonds Vervoer	Bloomin' Brands Inc	2024-12-31	768	x1	EUR	https://www.pfvervoer.nl/over-ons/beleggen/spreiden-van-beleggingen
Pensioenfonds Vervoer	BLUE OWL CAPITAL CORP	2024-12-31	2.465	x1	EUR	https://www.pfvervoer.nl/over-ons/beleggen/spreiden-van-beleggingen
Pensioenfonds Vervoer	BNI Tbk PT	2024-12-31	2.484	x1	EUR	https://www.pfvervoer.nl/over-ons/beleggen/spreiden-van-beleggingen
Pensioenfonds Vervoer	BNP Paribas	2024-12-31	19.857	x1	EUR	https://www.pfvervoer.nl/over-ons/beleggen/spreiden-van-beleggingen
Pensioenfonds Vervoer	Booking Holdings Inc	2024-12-31	33.395	x1	EUR	https://www.pfvervoer.nl/over-ons/beleggen/spreiden-van-beleggingen
Pensioenfonds Vervoer	Borgwarner Inc	2024-12-31	2.944	x1	EUR	https://www.pfvervoer.nl/over-ons/beleggen/spreiden-van-beleggingen
Pensioenfonds Vervoer	Boston Properties LP	2024-12-31	6.206	x1	EUR	https://www.pfvervoer.nl/over-ons/beleggen/spreiden-van-beleggingen
Pensioenfonds Vervoer	BOSTON SCIENTIFIC CORP	2024-12-31	49.615	x1	EUR	https://www.pfvervoer.nl/over-ons/beleggen/spreiden-van-beleggingen
Pensioenfonds Vervoer	BP Captial Markets PLC	2024-12-31	5.333	x1	EUR	https://www.pfvervoer.nl/over-ons/beleggen/spreiden-van-beleggingen
Pensioenfonds Vervoer	Brambles Finance PLC	2024-12-31	5.577	x1	EUR	https://www.pfvervoer.nl/over-ons/beleggen/spreiden-van-beleggingen
Pensioenfonds Vervoer	Bread Financial Holdings Inc	2024-12-31	3.432	x1	EUR	https://www.pfvervoer.nl/over-ons/beleggen/spreiden-van-beleggingen
Pensioenfonds Vervoer	Brenntag AG	2024-12-31	2	x1	EUR	https://www.pfvervoer.nl/over-ons/beleggen/spreiden-van-beleggingen
Pensioenfonds Vervoer	Bridgestone Corp	2024-12-31	9.506	x1	EUR	https://www.pfvervoer.nl/over-ons/beleggen/spreiden-van-beleggingen
Pensioenfonds Vervoer	Brink's Co/The	2024-12-31	2.869	x1	EUR	https://www.pfvervoer.nl/over-ons/beleggen/spreiden-van-beleggingen
Pensioenfonds Vervoer	Bristol Myers Squibb Company	2024-12-31	28.633	x1	EUR	https://www.pfvervoer.nl/over-ons/beleggen/spreiden-van-beleggingen
Pensioenfonds Vervoer	BRITISH LAND CO PLC	2024-12-31	7	x1	EUR	https://www.pfvervoer.nl/over-ons/beleggen/spreiden-van-beleggingen
Pensioenfonds Vervoer	Broadcom Inc	2024-12-31	55.037	x1	EUR	https://www.pfvervoer.nl/over-ons/beleggen/spreiden-van-beleggingen
Pensioenfonds Vervoer	Broadridge Financial Solutions	2024-12-31	1.687	x1	EUR	https://www.pfvervoer.nl/over-ons/beleggen/spreiden-van-beleggingen
Pensioenfonds Vervoer	Brother Industries Ltd	2024-12-31	2.347	x1	EUR	https://www.pfvervoer.nl/over-ons/beleggen/spreiden-van-beleggingen
Pensioenfonds Vervoer	Brown & Brown Inc	2024-12-31	6.006	x1	EUR	https://www.pfvervoer.nl/over-ons/beleggen/spreiden-van-beleggingen
Pensioenfonds Vervoer	Brown-Forman Corporation	2024-12-31	1.055	x1	EUR	https://www.pfvervoer.nl/over-ons/beleggen/spreiden-van-beleggingen
Pensioenfonds Vervoer	BUMRUNGRAD HOSPITAL PCL-NVDR	2024-12-31	7.129	x1	EUR	https://www.pfvervoer.nl/over-ons/beleggen/spreiden-van-beleggingen
Pensioenfonds Vervoer	BUNGE GLOBAL SA	2024-12-31	3.019	x1	EUR	https://www.pfvervoer.nl/over-ons/beleggen/spreiden-van-beleggingen
Pensioenfonds Vervoer	BURBERRY GROUP PLC	2024-12-31	3.238	x1	EUR	https://www.pfvervoer.nl/over-ons/beleggen/spreiden-van-beleggingen
Pensioenfonds Vervoer	CA Immobilien Anlagen AG	2024-12-31	645	x1	EUR	https://www.pfvervoer.nl/over-ons/beleggen/spreiden-van-beleggingen
Pensioenfonds Vervoer	Caitong Securities Co Ltd	2024-12-31	149	x1	EUR	https://www.pfvervoer.nl/over-ons/beleggen/spreiden-van-beleggingen
Pensioenfonds Vervoer	Caja Ahorros Barcelona	2024-12-31	2.540	x1	EUR	https://www.pfvervoer.nl/over-ons/beleggen/spreiden-van-beleggingen
Pensioenfonds Vervoer	Canadian National Railway Co	2024-12-31	2.271	x1	EUR	https://www.pfvervoer.nl/over-ons/beleggen/spreiden-van-beleggingen
Pensioenfonds Vervoer	Canadian Pacific Railway Ltd	2024-12-31	1.746	x1	EUR	https://www.pfvervoer.nl/over-ons/beleggen/spreiden-van-beleggingen
Pensioenfonds Vervoer	Canadian Tire Corp-Class A	2024-12-31	2.059	x1	EUR	https://www.pfvervoer.nl/over-ons/beleggen/spreiden-van-beleggingen
Pensioenfonds Vervoer	Canara Bank	2024-12-31	1.113	x1	EUR	https://www.pfvervoer.nl/over-ons/beleggen/spreiden-van-beleggingen
Pensioenfonds Vervoer	Canon Electronics Inc	2024-12-31	8.430	x1	EUR	https://www.pfvervoer.nl/over-ons/beleggen/spreiden-van-beleggingen
Pensioenfonds Vervoer	Capcom Co Ltd	2024-12-31	1.354	x1	EUR	https://www.pfvervoer.nl/over-ons/beleggen/spreiden-van-beleggingen
Pensioenfonds Vervoer	Capgemini SE	2024-12-31	8.886	x1	EUR	https://www.pfvervoer.nl/over-ons/beleggen/spreiden-van-beleggingen
Pensioenfonds Vervoer	Capital One Bank Usa Na	2024-12-31	9.773	x1	EUR	https://www.pfvervoer.nl/over-ons/beleggen/spreiden-van-beleggingen
Pensioenfonds Vervoer	CapitaLand Integrated Commerci	2024-12-31	4.621	x1	EUR	https://www.pfvervoer.nl/over-ons/beleggen/spreiden-van-beleggingen
Pensioenfonds Vervoer	CapLand Ascendas REIT	2024-12-31	3.952	x1	EUR	https://www.pfvervoer.nl/over-ons/beleggen/spreiden-van-beleggingen
Pensioenfonds Vervoer	Capri Holdings Ltd	2024-12-31	683	x1	EUR	https://www.pfvervoer.nl/over-ons/beleggen/spreiden-van-beleggingen
Pensioenfonds Vervoer	CAR Group Ltd	2024-12-31	953	x1	EUR	https://www.pfvervoer.nl/over-ons/beleggen/spreiden-van-beleggingen
Pensioenfonds Vervoer	Cardinal Health Inc	2024-12-31	10.700	x1	EUR	https://www.pfvervoer.nl/over-ons/beleggen/spreiden-van-beleggingen
Pensioenfonds Vervoer	Carlisle Companies Inc	2024-12-31	664	x1	EUR	https://www.pfvervoer.nl/over-ons/beleggen/spreiden-van-beleggingen
Pensioenfonds Vervoer	Catcher Technology Co Ltd	2024-12-31	1.709	x1	EUR	https://www.pfvervoer.nl/over-ons/beleggen/spreiden-van-beleggingen
Pensioenfonds Vervoer	Cathay Financial Holding Co Lt	2024-12-31	11.621	x1	EUR	https://www.pfvervoer.nl/over-ons/beleggen/spreiden-van-beleggingen
Pensioenfonds Vervoer	CATL	2024-12-31	7.831	x1	EUR	https://www.pfvervoer.nl/over-ons/beleggen/spreiden-van-beleggingen
Pensioenfonds Vervoer	CBOE GLOBAL MKTS INC	2024-12-31	671	x1	EUR	https://www.pfvervoer.nl/over-ons/beleggen/spreiden-van-beleggingen
Pensioenfonds Vervoer	CCHN	2024-12-31	116	x1	EUR	https://www.pfvervoer.nl/over-ons/beleggen/spreiden-van-beleggingen
Pensioenfonds Vervoer	CCR SA	2024-12-31	5.086	x1	EUR	https://www.pfvervoer.nl/over-ons/beleggen/spreiden-van-beleggingen
Pensioenfonds Vervoer	CDW CORP	2024-12-31	1.170	x1	EUR	https://www.pfvervoer.nl/over-ons/beleggen/spreiden-van-beleggingen
Pensioenfonds Vervoer	Cellebrite DI Ltd	2024-12-31	1.140	x1	EUR	https://www.pfvervoer.nl/over-ons/beleggen/spreiden-van-beleggingen
Pensioenfonds Vervoer	Cencosud SA	2024-12-31	2.136	x1	EUR	https://www.pfvervoer.nl/over-ons/beleggen/spreiden-van-beleggingen
Pensioenfonds Vervoer	Centene Corp	2024-12-31	9.002	x1	EUR	https://www.pfvervoer.nl/over-ons/beleggen/spreiden-van-beleggingen
Pensioenfonds Vervoer	Central Japan Railway Co	2024-12-31	9.870	x1	EUR	https://www.pfvervoer.nl/over-ons/beleggen/spreiden-van-beleggingen
Pensioenfonds Vervoer	CF Industries Holdings Inc	2024-12-31	12.374	x1	EUR	https://www.pfvervoer.nl/over-ons/beleggen/spreiden-van-beleggingen
Pensioenfonds Vervoer	CGI Group Inc	2024-12-31	2.319	x1	EUR	https://www.pfvervoer.nl/over-ons/beleggen/spreiden-van-beleggingen
Pensioenfonds Vervoer	Chailease Holding Co Ltd	2024-12-31	1.702	x1	EUR	https://www.pfvervoer.nl/over-ons/beleggen/spreiden-van-beleggingen
Pensioenfonds Vervoer	Changjiang Securities Co Ltd	2024-12-31	139	x1	EUR	https://www.pfvervoer.nl/over-ons/beleggen/spreiden-van-beleggingen
Pensioenfonds Vervoer	Charles Schwab Corp	2024-12-31	20.064	x1	EUR	https://www.pfvervoer.nl/over-ons/beleggen/spreiden-van-beleggingen
Pensioenfonds Vervoer	CHARTER COMMUNICATIONS INC	2024-12-31	3.322	x1	EUR	https://www.pfvervoer.nl/over-ons/beleggen/spreiden-van-beleggingen
Pensioenfonds Vervoer	Check Point Software Technolog	2024-12-31	4.005	x1	EUR	https://www.pfvervoer.nl/over-ons/beleggen/spreiden-van-beleggingen
Pensioenfonds Vervoer	Chennai Petroleum Corp Ltd	2024-12-31	4.134	x1	EUR	https://www.pfvervoer.nl/over-ons/beleggen/spreiden-van-beleggingen
Pensioenfonds Vervoer	Chiba Bank Ltd	2024-12-31	437	x1	EUR	https://www.pfvervoer.nl/over-ons/beleggen/spreiden-van-beleggingen
Pensioenfonds Vervoer	China Lodging Group Ltd	2024-12-31	3.028	x1	EUR	https://www.pfvervoer.nl/over-ons/beleggen/spreiden-van-beleggingen
Pensioenfonds Vervoer	China Medical System Holdings	2024-12-31	6.855	x1	EUR	https://www.pfvervoer.nl/over-ons/beleggen/spreiden-van-beleggingen
Pensioenfonds Vervoer	China Merchants Bank Co Ltd	2024-12-31	19.738	x1	EUR	https://www.pfvervoer.nl/over-ons/beleggen/spreiden-van-beleggingen
Pensioenfonds Vervoer	China Minsheng Banking Corp Lt	2024-12-31	173	x1	EUR	https://www.pfvervoer.nl/over-ons/beleggen/spreiden-van-beleggingen
Pensioenfonds Vervoer	China Minsheng Banking Corp LtD	2024-12-31	5.999	x1	EUR	https://www.pfvervoer.nl/over-ons/beleggen/spreiden-van-beleggingen
Pensioenfonds Vervoer	China Molybdenum Co Ltd	2024-12-31	230	x1	EUR	https://www.pfvervoer.nl/over-ons/beleggen/spreiden-van-beleggingen
Pensioenfonds Vervoer	China Resources Mixc Lifestyle	2024-12-31	5.777	x1	EUR	https://www.pfvervoer.nl/over-ons/beleggen/spreiden-van-beleggingen
Pensioenfonds Vervoer	Chipotle Mexican Grill Inc	2024-12-31	9.596	x1	EUR	https://www.pfvervoer.nl/over-ons/beleggen/spreiden-van-beleggingen
Pensioenfonds Vervoer	Chroma ATE Inc	2024-12-31	7.650	x1	EUR	https://www.pfvervoer.nl/over-ons/beleggen/spreiden-van-beleggingen
Pensioenfonds Vervoer	Chubb Corporation	2024-12-31	30.470	x1	EUR	https://www.pfvervoer.nl/over-ons/beleggen/spreiden-van-beleggingen
Pensioenfonds Vervoer	Chuo Mitsui Trust & Banking Co, Ltd,	2024-12-31	12.805	x1	EUR	https://www.pfvervoer.nl/over-ons/beleggen/spreiden-van-beleggingen
Pensioenfonds Vervoer	Church & Dwight Co Inc	2024-12-31	1.546	x1	EUR	https://www.pfvervoer.nl/over-ons/beleggen/spreiden-van-beleggingen
Pensioenfonds Vervoer	Ciba Special Chem Fin Lux	2024-12-31	3.024	x1	EUR	https://www.pfvervoer.nl/over-ons/beleggen/spreiden-van-beleggingen
Pensioenfonds Vervoer	Cie Financiere Richemont SA	2024-12-31	15.944	x1	EUR	https://www.pfvervoer.nl/over-ons/beleggen/spreiden-van-beleggingen
Pensioenfonds Vervoer	CIGNA CORP	2024-12-31	10.322	x1	EUR	https://www.pfvervoer.nl/over-ons/beleggen/spreiden-van-beleggingen
Pensioenfonds Vervoer	CIMB Group Holdings Bhd	2024-12-31	6.564	x1	EUR	https://www.pfvervoer.nl/over-ons/beleggen/spreiden-van-beleggingen
Pensioenfonds Vervoer	Cincinnati Finl Corp	2024-12-31	1.764	x1	EUR	https://www.pfvervoer.nl/over-ons/beleggen/spreiden-van-beleggingen
Pensioenfonds Vervoer	Cirrus Logic Inc	2024-12-31	2.921	x1	EUR	https://www.pfvervoer.nl/over-ons/beleggen/spreiden-van-beleggingen
Pensioenfonds Vervoer	Cisco Systems Inc	2024-12-31	19.823	x1	EUR	https://www.pfvervoer.nl/over-ons/beleggen/spreiden-van-beleggingen
Pensioenfonds Vervoer	Citigroup Inc	2024-12-31	24.379	x1	EUR	https://www.pfvervoer.nl/over-ons/beleggen/spreiden-van-beleggingen
Pensioenfonds Vervoer	Citizens Financial Group Inc	2024-12-31	5.908	x1	EUR	https://www.pfvervoer.nl/over-ons/beleggen/spreiden-van-beleggingen
Pensioenfonds Vervoer	CJ CheilJedang Corp	2024-12-31	887	x1	EUR	https://www.pfvervoer.nl/over-ons/beleggen/spreiden-van-beleggingen
Pensioenfonds Vervoer	CK Hutchison Holdings Ltd	2024-12-31	1.623	x1	EUR	https://www.pfvervoer.nl/over-ons/beleggen/spreiden-van-beleggingen
Pensioenfonds Vervoer	Clayton Dubilier & Rice LLC	2024-12-31	2.434	x1	EUR	https://www.pfvervoer.nl/over-ons/beleggen/spreiden-van-beleggingen
Pensioenfonds Vervoer	Clorox Company	2024-12-31	3.416	x1	EUR	https://www.pfvervoer.nl/over-ons/beleggen/spreiden-van-beleggingen
Pensioenfonds Vervoer	CLOUDFLARE INC	2024-12-31	5.278	x1	EUR	https://www.pfvervoer.nl/over-ons/beleggen/spreiden-van-beleggingen
Pensioenfonds Vervoer	Cme Group Inc	2024-12-31	2.868	x1	EUR	https://www.pfvervoer.nl/over-ons/beleggen/spreiden-van-beleggingen
Pensioenfonds Vervoer	CNH INDUSTRIAL FIN EUR S	2024-12-31	5.323	x1	EUR	https://www.pfvervoer.nl/over-ons/beleggen/spreiden-van-beleggingen
Pensioenfonds Vervoer	CNOOC Energy Technology & Serv	2024-12-31	496	x1	EUR	https://www.pfvervoer.nl/over-ons/beleggen/spreiden-van-beleggingen
Pensioenfonds Vervoer	Coca-Cola Co	2024-12-31	24.981	x1	EUR	https://www.pfvervoer.nl/over-ons/beleggen/spreiden-van-beleggingen
Pensioenfonds Vervoer	Cochlear Ltd	2024-12-31	3.508	x1	EUR	https://www.pfvervoer.nl/over-ons/beleggen/spreiden-van-beleggingen
Pensioenfonds Vervoer	Cognizant Technology Solutions	2024-12-31	3.257	x1	EUR	https://www.pfvervoer.nl/over-ons/beleggen/spreiden-van-beleggingen
Pensioenfonds Vervoer	COINBASE GLOBAL INC	2024-12-31	1.335	x1	EUR	https://www.pfvervoer.nl/over-ons/beleggen/spreiden-van-beleggingen
Pensioenfonds Vervoer	Coles Group Ltd	2024-12-31	1.896	x1	EUR	https://www.pfvervoer.nl/over-ons/beleggen/spreiden-van-beleggingen
Pensioenfonds Vervoer	Colgate-Palmolive Co	2024-12-31	31.107	x1	EUR	https://www.pfvervoer.nl/over-ons/beleggen/spreiden-van-beleggingen
Pensioenfonds Vervoer	Coloplast A/S	2024-12-31	214	x1	EUR	https://www.pfvervoer.nl/over-ons/beleggen/spreiden-van-beleggingen
Pensioenfonds Vervoer	Comcast Cable Comm Hldgs	2024-12-31	34.860	x1	EUR	https://www.pfvervoer.nl/over-ons/beleggen/spreiden-van-beleggingen
Pensioenfonds Vervoer	Comerica Bank	2024-12-31	3.835	x1	EUR	https://www.pfvervoer.nl/over-ons/beleggen/spreiden-van-beleggingen
Pensioenfonds Vervoer	Commercial Bank of Qatar QSC/T	2024-12-31	925	x1	EUR	https://www.pfvervoer.nl/over-ons/beleggen/spreiden-van-beleggingen
Pensioenfonds Vervoer	Commercial International Bank	2024-12-31	5.802	x1	EUR	https://www.pfvervoer.nl/over-ons/beleggen/spreiden-van-beleggingen
Pensioenfonds Vervoer	Commerzbank AG	2024-12-31	1	x1	EUR	https://www.pfvervoer.nl/over-ons/beleggen/spreiden-van-beleggingen
Pensioenfonds Vervoer	Commonwealth Bank Australia	2024-12-31	20.795	x1	EUR	https://www.pfvervoer.nl/over-ons/beleggen/spreiden-van-beleggingen
Pensioenfonds Vervoer	Compagnie de Saint-Gobain S,A,	2024-12-31	4.306	x1	EUR	https://www.pfvervoer.nl/over-ons/beleggen/spreiden-van-beleggingen
Pensioenfonds Vervoer	Compal Electronics Inc	2024-12-31	4.139	x1	EUR	https://www.pfvervoer.nl/over-ons/beleggen/spreiden-van-beleggingen
Pensioenfonds Vervoer	COMPASS GROUP PLC	2024-12-31	12.464	x1	EUR	https://www.pfvervoer.nl/over-ons/beleggen/spreiden-van-beleggingen
Pensioenfonds Vervoer	Computershare Ltd,	2024-12-31	1.257	x1	EUR	https://www.pfvervoer.nl/over-ons/beleggen/spreiden-van-beleggingen
Pensioenfonds Vervoer	Comsys Holdings Corp	2024-12-31	1.247	x1	EUR	https://www.pfvervoer.nl/over-ons/beleggen/spreiden-van-beleggingen
Pensioenfonds Vervoer	CONAGRA FOODS INC	2024-12-31	9.600	x1	EUR	https://www.pfvervoer.nl/over-ons/beleggen/spreiden-van-beleggingen
Pensioenfonds Vervoer	Concordia Financial Group Ltd	2024-12-31	726	x1	EUR	https://www.pfvervoer.nl/over-ons/beleggen/spreiden-van-beleggingen
Pensioenfonds Vervoer	CONSTELLATION BRANDS INC	2024-12-31	1.370	x1	EUR	https://www.pfvervoer.nl/over-ons/beleggen/spreiden-van-beleggingen
Pensioenfonds Vervoer	Constellation Energy Corp	2024-12-31	7.704	x1	EUR	https://www.pfvervoer.nl/over-ons/beleggen/spreiden-van-beleggingen
Pensioenfonds Vervoer	Constellation Software Inc/Can	2024-12-31	588	x1	EUR	https://www.pfvervoer.nl/over-ons/beleggen/spreiden-van-beleggingen
Pensioenfonds Vervoer	CONTACT ENERGY LTD	2024-12-31	904	x1	EUR	https://www.pfvervoer.nl/over-ons/beleggen/spreiden-van-beleggingen
Pensioenfonds Vervoer	ConvaTec Group PLC	2024-12-31	6.138	x1	EUR	https://www.pfvervoer.nl/over-ons/beleggen/spreiden-van-beleggingen
Pensioenfonds Vervoer	Copart Inc	2024-12-31	726	x1	EUR	https://www.pfvervoer.nl/over-ons/beleggen/spreiden-van-beleggingen
Pensioenfonds Vervoer	Corebridge Financial Inc	2024-12-31	3.074	x1	EUR	https://www.pfvervoer.nl/over-ons/beleggen/spreiden-van-beleggingen
Pensioenfonds Vervoer	CORNING INC	2024-12-31	5.827	x1	EUR	https://www.pfvervoer.nl/over-ons/beleggen/spreiden-van-beleggingen
Pensioenfonds Vervoer	Corpay Inc	2024-12-31	5.425	x1	EUR	https://www.pfvervoer.nl/over-ons/beleggen/spreiden-van-beleggingen
Pensioenfonds Vervoer	COSCO SHIPPING Holdings Co Ltd	2024-12-31	740	x1	EUR	https://www.pfvervoer.nl/over-ons/beleggen/spreiden-van-beleggingen
Pensioenfonds Vervoer	CoStar Group Inc	2024-12-31	5.816	x1	EUR	https://www.pfvervoer.nl/over-ons/beleggen/spreiden-van-beleggingen
Pensioenfonds Vervoer	Costco Wholesale Corp	2024-12-31	19.353	x1	EUR	https://www.pfvervoer.nl/over-ons/beleggen/spreiden-van-beleggingen
Pensioenfonds Vervoer	Coupang Inc	2024-12-31	1.856	x1	EUR	https://www.pfvervoer.nl/over-ons/beleggen/spreiden-van-beleggingen
Pensioenfonds Vervoer	Coway Co Ltd	2024-12-31	5.968	x1	EUR	https://www.pfvervoer.nl/over-ons/beleggen/spreiden-van-beleggingen
Pensioenfonds Vervoer	Credicorp Ltd	2024-12-31	7.267	x1	EUR	https://www.pfvervoer.nl/over-ons/beleggen/spreiden-van-beleggingen
Pensioenfonds Vervoer	CREDIT AGRICOLE SA	2024-12-31	11.635	x1	EUR	https://www.pfvervoer.nl/over-ons/beleggen/spreiden-van-beleggingen
Pensioenfonds Vervoer	Croda International Plc	2024-12-31	4.972	x1	EUR	https://www.pfvervoer.nl/over-ons/beleggen/spreiden-van-beleggingen
Pensioenfonds Vervoer	Crowdstrike Holdings Inc	2024-12-31	9.836	x1	EUR	https://www.pfvervoer.nl/over-ons/beleggen/spreiden-van-beleggingen
Pensioenfonds Vervoer	CSL Ltd	2024-12-31	19.583	x1	EUR	https://www.pfvervoer.nl/over-ons/beleggen/spreiden-van-beleggingen
Pensioenfonds Vervoer	CSX CORP	2024-12-31	753	x1	EUR	https://www.pfvervoer.nl/over-ons/beleggen/spreiden-van-beleggingen
Pensioenfonds Vervoer	Cukurova Finance International	2024-12-31	1.749	x1	EUR	https://www.pfvervoer.nl/over-ons/beleggen/spreiden-van-beleggingen
Pensioenfonds Vervoer	Cummins Inc	2024-12-31	26.153	x1	EUR	https://www.pfvervoer.nl/over-ons/beleggen/spreiden-van-beleggingen
Pensioenfonds Vervoer	Cummins India Ltd	2024-12-31	2.103	x1	EUR	https://www.pfvervoer.nl/over-ons/beleggen/spreiden-van-beleggingen
Pensioenfonds Vervoer	CVS Health Corp	2024-12-31	13.842	x1	EUR	https://www.pfvervoer.nl/over-ons/beleggen/spreiden-van-beleggingen
Pensioenfonds Vervoer	CyberArk Software Ltd	2024-12-31	14.845	x1	EUR	https://www.pfvervoer.nl/over-ons/beleggen/spreiden-van-beleggingen
Pensioenfonds Vervoer	DAHUA INC	2024-12-31	193	x1	EUR	https://www.pfvervoer.nl/over-ons/beleggen/spreiden-van-beleggingen
Pensioenfonds Vervoer	Dai - Ichi Mutual Life	2024-12-31	2.650	x1	EUR	https://www.pfvervoer.nl/over-ons/beleggen/spreiden-van-beleggingen
Pensioenfonds Vervoer	Dai Nippon Printing Co Ltd	2024-12-31	2.056	x1	EUR	https://www.pfvervoer.nl/over-ons/beleggen/spreiden-van-beleggingen
Pensioenfonds Vervoer	Daifuku Co Ltd	2024-12-31	6.796	x1	EUR	https://www.pfvervoer.nl/over-ons/beleggen/spreiden-van-beleggingen
Pensioenfonds Vervoer	Daimaru Inc	2024-12-31	1.940	x1	EUR	https://www.pfvervoer.nl/over-ons/beleggen/spreiden-van-beleggingen
Pensioenfonds Vervoer	Dainippon Screen Manufacturing	2024-12-31	543	x1	EUR	https://www.pfvervoer.nl/over-ons/beleggen/spreiden-van-beleggingen
Pensioenfonds Vervoer	Daito Trust Construction Co Lt	2024-12-31	1.983	x1	EUR	https://www.pfvervoer.nl/over-ons/beleggen/spreiden-van-beleggingen
Pensioenfonds Vervoer	Daiwa House Industry Co Ltd	2024-12-31	15.083	x1	EUR	https://www.pfvervoer.nl/over-ons/beleggen/spreiden-van-beleggingen
Pensioenfonds Vervoer	Daiwa Securities Group Inc	2024-12-31	3.085	x1	EUR	https://www.pfvervoer.nl/over-ons/beleggen/spreiden-van-beleggingen
Pensioenfonds Vervoer	Danone Groupe	2024-12-31	31.861	x1	EUR	https://www.pfvervoer.nl/over-ons/beleggen/spreiden-van-beleggingen
Pensioenfonds Vervoer	Danske Bank A/S	2024-12-31	6.250	x1	EUR	https://www.pfvervoer.nl/over-ons/beleggen/spreiden-van-beleggingen
Pensioenfonds Vervoer	DASHENLIN PHARMACEUTICAL GROUP	2024-12-31	5.312	x1	EUR	https://www.pfvervoer.nl/over-ons/beleggen/spreiden-van-beleggingen
Pensioenfonds Vervoer	Dassault Systemes SE	2024-12-31	19.992	x1	EUR	https://www.pfvervoer.nl/over-ons/beleggen/spreiden-van-beleggingen
Pensioenfonds Vervoer	DATADOG INC	2024-12-31	15.222	x1	EUR	https://www.pfvervoer.nl/over-ons/beleggen/spreiden-van-beleggingen
Pensioenfonds Vervoer	Davide Campari-Milano SpA	2024-12-31	145	x1	EUR	https://www.pfvervoer.nl/over-ons/beleggen/spreiden-van-beleggingen
Pensioenfonds Vervoer	DAVITA HEALTHCARE PARTNE	2024-12-31	2.715	x1	EUR	https://www.pfvervoer.nl/over-ons/beleggen/spreiden-van-beleggingen
Pensioenfonds Vervoer	DBS Group Holdings Ltd	2024-12-31	22.477	x1	EUR	https://www.pfvervoer.nl/over-ons/beleggen/spreiden-van-beleggingen
Pensioenfonds Vervoer	Deckers Outdoor Corp	2024-12-31	467	x1	EUR	https://www.pfvervoer.nl/over-ons/beleggen/spreiden-van-beleggingen
Pensioenfonds Vervoer	DEERE & CO	2024-12-31	521	x1	EUR	https://www.pfvervoer.nl/over-ons/beleggen/spreiden-van-beleggingen
Pensioenfonds Vervoer	Dell Technologies Inc	2024-12-31	7.234	x1	EUR	https://www.pfvervoer.nl/over-ons/beleggen/spreiden-van-beleggingen
Pensioenfonds Vervoer	Delta Air Lines	2024-12-31	4.908	x1	EUR	https://www.pfvervoer.nl/over-ons/beleggen/spreiden-van-beleggingen
Pensioenfonds Vervoer	Delta Electronics Inc	2024-12-31	11.578	x1	EUR	https://www.pfvervoer.nl/over-ons/beleggen/spreiden-van-beleggingen
Pensioenfonds Vervoer	DELUXE CORP	2024-12-31	2.031	x1	EUR	https://www.pfvervoer.nl/over-ons/beleggen/spreiden-van-beleggingen
Pensioenfonds Vervoer	Denso Corp	2024-12-31	14.281	x1	EUR	https://www.pfvervoer.nl/over-ons/beleggen/spreiden-van-beleggingen
Pensioenfonds Vervoer	Dentsu Inc	2024-12-31	836	x1	EUR	https://www.pfvervoer.nl/over-ons/beleggen/spreiden-van-beleggingen
Pensioenfonds Vervoer	Deutsche Bank AG	2024-12-31	2	x1	EUR	https://www.pfvervoer.nl/over-ons/beleggen/spreiden-van-beleggingen
Pensioenfonds Vervoer	Deutsche Boerse AG	2024-12-31	36.567	x1	EUR	https://www.pfvervoer.nl/over-ons/beleggen/spreiden-van-beleggingen
Pensioenfonds Vervoer	Deutsche Telekom AG	2024-12-31	32.595	x1	EUR	https://www.pfvervoer.nl/over-ons/beleggen/spreiden-van-beleggingen
Pensioenfonds Vervoer	DexCom Inc	2024-12-31	695	x1	EUR	https://www.pfvervoer.nl/over-ons/beleggen/spreiden-van-beleggingen
Pensioenfonds Vervoer	Dfds A/S	2024-12-31	6	x1	EUR	https://www.pfvervoer.nl/over-ons/beleggen/spreiden-van-beleggingen
Pensioenfonds Vervoer	DH Europe Finance SA	2024-12-31	25.158	x1	EUR	https://www.pfvervoer.nl/over-ons/beleggen/spreiden-van-beleggingen
Pensioenfonds Vervoer	DHL Group	2024-12-31	4.806	x1	EUR	https://www.pfvervoer.nl/over-ons/beleggen/spreiden-van-beleggingen
Pensioenfonds Vervoer	Diageo PLC	2024-12-31	16.933	x1	EUR	https://www.pfvervoer.nl/over-ons/beleggen/spreiden-van-beleggingen
Pensioenfonds Vervoer	D'Ieteren SA	2024-12-31	2.550	x1	EUR	https://www.pfvervoer.nl/over-ons/beleggen/spreiden-van-beleggingen
Pensioenfonds Vervoer	Digital Realty Trust Lp	2024-12-31	17.641	x1	EUR	https://www.pfvervoer.nl/over-ons/beleggen/spreiden-van-beleggingen
Pensioenfonds Vervoer	DINEEQUITY INC	2024-12-31	805	x1	EUR	https://www.pfvervoer.nl/over-ons/beleggen/spreiden-van-beleggingen
Pensioenfonds Vervoer	Disco Corp	2024-12-31	14.789	x1	EUR	https://www.pfvervoer.nl/over-ons/beleggen/spreiden-van-beleggingen
Pensioenfonds Vervoer	Discover Financial Services	2024-12-31	15.979	x1	EUR	https://www.pfvervoer.nl/over-ons/beleggen/spreiden-van-beleggingen
Pensioenfonds Vervoer	DLF Ltd	2024-12-31	1.334	x1	EUR	https://www.pfvervoer.nl/over-ons/beleggen/spreiden-van-beleggingen
Pensioenfonds Vervoer	DMG Mori Seiki Co Ltd	2024-12-31	3.939	x1	EUR	https://www.pfvervoer.nl/over-ons/beleggen/spreiden-van-beleggingen
Pensioenfonds Vervoer	Dollarama Inc	2024-12-31	6.372	x1	EUR	https://www.pfvervoer.nl/over-ons/beleggen/spreiden-van-beleggingen
Pensioenfonds Vervoer	Don Quijote Co Ltd	2024-12-31	1.143	x1	EUR	https://www.pfvervoer.nl/over-ons/beleggen/spreiden-van-beleggingen
Pensioenfonds Vervoer	Dongbu Insurance Co Ltd	2024-12-31	7.755	x1	EUR	https://www.pfvervoer.nl/over-ons/beleggen/spreiden-van-beleggingen
Pensioenfonds Vervoer	DOORDASH INC	2024-12-31	25.008	x1	EUR	https://www.pfvervoer.nl/over-ons/beleggen/spreiden-van-beleggingen
Pensioenfonds Vervoer	Doosan Bobcat Inc	2024-12-31	1.654	x1	EUR	https://www.pfvervoer.nl/over-ons/beleggen/spreiden-van-beleggingen
Pensioenfonds Vervoer	Dr Ing hc F Porsche AG	2024-12-31	2.269	x1	EUR	https://www.pfvervoer.nl/over-ons/beleggen/spreiden-van-beleggingen
Pensioenfonds Vervoer	DRAFTKINGS INC	2024-12-31	333	x1	EUR	https://www.pfvervoer.nl/over-ons/beleggen/spreiden-van-beleggingen
Pensioenfonds Vervoer	Dropbox Inc	2024-12-31	3.261	x1	EUR	https://www.pfvervoer.nl/over-ons/beleggen/spreiden-van-beleggingen
Pensioenfonds Vervoer	DSBJ	2024-12-31	246	x1	EUR	https://www.pfvervoer.nl/over-ons/beleggen/spreiden-van-beleggingen
Pensioenfonds Vervoer	DSM-FIRMENICH AG	2024-12-31	18.035	x1	EUR	https://www.pfvervoer.nl/over-ons/beleggen/spreiden-van-beleggingen
Pensioenfonds Vervoer	DXC Technology Co	2024-12-31	1.692	x1	EUR	https://www.pfvervoer.nl/over-ons/beleggen/spreiden-van-beleggingen
Pensioenfonds Vervoer	EAST JAPAN RAILWAY CO	2024-12-31	25.028	x1	EUR	https://www.pfvervoer.nl/over-ons/beleggen/spreiden-van-beleggingen
Pensioenfonds Vervoer	EAST MONEY INFORMATION CO LTD	2024-12-31	447	x1	EUR	https://www.pfvervoer.nl/over-ons/beleggen/spreiden-van-beleggingen
Pensioenfonds Vervoer	East West Bancorp Inc	2024-12-31	3.560	x1	EUR	https://www.pfvervoer.nl/over-ons/beleggen/spreiden-van-beleggingen
Pensioenfonds Vervoer	eBay Inc	2024-12-31	15.488	x1	EUR	https://www.pfvervoer.nl/over-ons/beleggen/spreiden-van-beleggingen
Pensioenfonds Vervoer	Ecolab Inc	2024-12-31	3.719	x1	EUR	https://www.pfvervoer.nl/over-ons/beleggen/spreiden-van-beleggingen
Pensioenfonds Vervoer	Edison International	2024-12-31	17.160	x1	EUR	https://www.pfvervoer.nl/over-ons/beleggen/spreiden-van-beleggingen
Pensioenfonds Vervoer	Edwards Lifesciences Corp	2024-12-31	1.554	x1	EUR	https://www.pfvervoer.nl/over-ons/beleggen/spreiden-van-beleggingen
Pensioenfonds Vervoer	Eisai Co	2024-12-31	3.212	x1	EUR	https://www.pfvervoer.nl/over-ons/beleggen/spreiden-van-beleggingen
Pensioenfonds Vervoer	Electronic Arts Inc	2024-12-31	5.519	x1	EUR	https://www.pfvervoer.nl/over-ons/beleggen/spreiden-van-beleggingen
Pensioenfonds Vervoer	Element Fleet Management Corp	2024-12-31	3.740	x1	EUR	https://www.pfvervoer.nl/over-ons/beleggen/spreiden-van-beleggingen
Pensioenfonds Vervoer	ELEVANCE HEALTH INC	2024-12-31	16.028	x1	EUR	https://www.pfvervoer.nl/over-ons/beleggen/spreiden-van-beleggingen
Pensioenfonds Vervoer	Eli Lilly & Co	2024-12-31	30.934	x1	EUR	https://www.pfvervoer.nl/over-ons/beleggen/spreiden-van-beleggingen
Pensioenfonds Vervoer	Elia System Operator SA/NV	2024-12-31	1.279	x1	EUR	https://www.pfvervoer.nl/over-ons/beleggen/spreiden-van-beleggingen
Pensioenfonds Vervoer	Elisa OYJ	2024-12-31	1.169	x1	EUR	https://www.pfvervoer.nl/over-ons/beleggen/spreiden-van-beleggingen
Pensioenfonds Vervoer	Embraer SA	2024-12-31	2.451	x1	EUR	https://www.pfvervoer.nl/over-ons/beleggen/spreiden-van-beleggingen
Pensioenfonds Vervoer	Emcor Group Inc	2024-12-31	12.411	x1	EUR	https://www.pfvervoer.nl/over-ons/beleggen/spreiden-van-beleggingen
Pensioenfonds Vervoer	eMemory Technology Inc	2024-12-31	593	x1	EUR	https://www.pfvervoer.nl/over-ons/beleggen/spreiden-van-beleggingen
Pensioenfonds Vervoer	Empire Co Ltd 'A'	2024-12-31	1	x1	EUR	https://www.pfvervoer.nl/over-ons/beleggen/spreiden-van-beleggingen
Pensioenfonds Vervoer	Empresas CMPC SA	2024-12-31	496	x1	EUR	https://www.pfvervoer.nl/over-ons/beleggen/spreiden-van-beleggingen
Pensioenfonds Vervoer	Empresas Juan Yarur SAC	2024-12-31	262	x1	EUR	https://www.pfvervoer.nl/over-ons/beleggen/spreiden-van-beleggingen
Pensioenfonds Vervoer	Endeavour Group Ltd/Australia	2024-12-31	2.140	x1	EUR	https://www.pfvervoer.nl/over-ons/beleggen/spreiden-van-beleggingen
Pensioenfonds Vervoer	Energizer Holdings Inc	2024-12-31	2.729	x1	EUR	https://www.pfvervoer.nl/over-ons/beleggen/spreiden-van-beleggingen
Pensioenfonds Vervoer	Eni SpA	2024-12-31	19.290	x1	EUR	https://www.pfvervoer.nl/over-ons/beleggen/spreiden-van-beleggingen
Pensioenfonds Vervoer	ENN NATURAL GAS CO LTD	2024-12-31	434	x1	EUR	https://www.pfvervoer.nl/over-ons/beleggen/spreiden-van-beleggingen
Pensioenfonds Vervoer	Enphase Energy Inc	2024-12-31	5.209	x1	EUR	https://www.pfvervoer.nl/over-ons/beleggen/spreiden-van-beleggingen
Pensioenfonds Vervoer	EON AG	2024-12-31	9.586	x1	EUR	https://www.pfvervoer.nl/over-ons/beleggen/spreiden-van-beleggingen
Pensioenfonds Vervoer	EPAM Systems Inc	2024-12-31	249	x1	EUR	https://www.pfvervoer.nl/over-ons/beleggen/spreiden-van-beleggingen
Pensioenfonds Vervoer	EPIROC AB	2024-12-31	11.017	x1	EUR	https://www.pfvervoer.nl/over-ons/beleggen/spreiden-van-beleggingen
Pensioenfonds Vervoer	Equifax Inc	2024-12-31	442	x1	EUR	https://www.pfvervoer.nl/over-ons/beleggen/spreiden-van-beleggingen
Pensioenfonds Vervoer	Equinix Inc	2024-12-31	23.038	x1	EUR	https://www.pfvervoer.nl/over-ons/beleggen/spreiden-van-beleggingen
Pensioenfonds Vervoer	Equinor ASA	2024-12-31	2.287	x1	EUR	https://www.pfvervoer.nl/over-ons/beleggen/spreiden-van-beleggingen
Pensioenfonds Vervoer	Equity Residential	2024-12-31	1.216	x1	EUR	https://www.pfvervoer.nl/over-ons/beleggen/spreiden-van-beleggingen
Pensioenfonds Vervoer	Erie Indemnity Co	2024-12-31	1.156	x1	EUR	https://www.pfvervoer.nl/over-ons/beleggen/spreiden-van-beleggingen
Pensioenfonds Vervoer	Essent Group Ltd	2024-12-31	1.714	x1	EUR	https://www.pfvervoer.nl/over-ons/beleggen/spreiden-van-beleggingen
Pensioenfonds Vervoer	EssilorLuxottica	2024-12-31	30.321	x1	EUR	https://www.pfvervoer.nl/over-ons/beleggen/spreiden-van-beleggingen
Pensioenfonds Vervoer	Essity AB	2024-12-31	3.494	x1	EUR	https://www.pfvervoer.nl/over-ons/beleggen/spreiden-van-beleggingen
Pensioenfonds Vervoer	Estee Lauder Cos Inc / The	2024-12-31	938	x1	EUR	https://www.pfvervoer.nl/over-ons/beleggen/spreiden-van-beleggingen
Pensioenfonds Vervoer	Eurofins Scientific SE	2024-12-31	14.927	x1	EUR	https://www.pfvervoer.nl/over-ons/beleggen/spreiden-van-beleggingen
Pensioenfonds Vervoer	EURONEXT NV	2024-12-31	12.048	x1	EUR	https://www.pfvervoer.nl/over-ons/beleggen/spreiden-van-beleggingen
Pensioenfonds Vervoer	EVE ENERGY CO LTD	2024-12-31	120	x1	EUR	https://www.pfvervoer.nl/over-ons/beleggen/spreiden-van-beleggingen
Pensioenfonds Vervoer	Everbright Securities Co Ltd	2024-12-31	122	x1	EUR	https://www.pfvervoer.nl/over-ons/beleggen/spreiden-van-beleggingen
Pensioenfonds Vervoer	Everest Group Ltd	2024-12-31	3.755	x1	EUR	https://www.pfvervoer.nl/over-ons/beleggen/spreiden-van-beleggingen
Pensioenfonds Vervoer	EVN AG	2024-12-31	4	x1	EUR	https://www.pfvervoer.nl/over-ons/beleggen/spreiden-van-beleggingen
Pensioenfonds Vervoer	Exel Ltd	2024-12-31	153	x1	EUR	https://www.pfvervoer.nl/over-ons/beleggen/spreiden-van-beleggingen
Pensioenfonds Vervoer	Exelixis Inc	2024-12-31	2.605	x1	EUR	https://www.pfvervoer.nl/over-ons/beleggen/spreiden-van-beleggingen
Pensioenfonds Vervoer	EXOR NV	2024-12-31	2.694	x1	EUR	https://www.pfvervoer.nl/over-ons/beleggen/spreiden-van-beleggingen
Pensioenfonds Vervoer	Experian Finance PLC	2024-12-31	35.623	x1	EUR	https://www.pfvervoer.nl/over-ons/beleggen/spreiden-van-beleggingen
Pensioenfonds Vervoer	Export Finance & Insurance Corp, Sydney	2024-12-31	2.383	x1	EUR	https://www.pfvervoer.nl/over-ons/beleggen/spreiden-van-beleggingen
Pensioenfonds Vervoer	Exxon Mobil Corp	2024-12-31	40.615	x1	EUR	https://www.pfvervoer.nl/over-ons/beleggen/spreiden-van-beleggingen
Pensioenfonds Vervoer	Factset Research Systems Inc	2024-12-31	173	x1	EUR	https://www.pfvervoer.nl/over-ons/beleggen/spreiden-van-beleggingen
Pensioenfonds Vervoer	Fair Isaac Corp	2024-12-31	6.874	x1	EUR	https://www.pfvervoer.nl/over-ons/beleggen/spreiden-van-beleggingen
Pensioenfonds Vervoer	Fairfax Financial Holdings Ltd	2024-12-31	4.943	x1	EUR	https://www.pfvervoer.nl/over-ons/beleggen/spreiden-van-beleggingen
Pensioenfonds Vervoer	Fanuc	2024-12-31	18.952	x1	EUR	https://www.pfvervoer.nl/over-ons/beleggen/spreiden-van-beleggingen
Pensioenfonds Vervoer	FAR EAST HORIZON LTD	2024-12-31	2.094	x1	EUR	https://www.pfvervoer.nl/over-ons/beleggen/spreiden-van-beleggingen
Pensioenfonds Vervoer	Far Eastern New Century Corp	2024-12-31	1.356	x1	EUR	https://www.pfvervoer.nl/over-ons/beleggen/spreiden-van-beleggingen
Pensioenfonds Vervoer	Fast Retailing Co Ltd	2024-12-31	13.667	x1	EUR	https://www.pfvervoer.nl/over-ons/beleggen/spreiden-van-beleggingen
Pensioenfonds Vervoer	FASTENAL CO	2024-12-31	8.903	x1	EUR	https://www.pfvervoer.nl/over-ons/beleggen/spreiden-van-beleggingen
Pensioenfonds Vervoer	FED HOME LN DISCOUNT NT	2024-12-31	10.200	x1	EUR	https://www.pfvervoer.nl/over-ons/beleggen/spreiden-van-beleggingen
Pensioenfonds Vervoer	Federal National Mortgage Asso	2024-12-31	16.654	x1	EUR	https://www.pfvervoer.nl/over-ons/beleggen/spreiden-van-beleggingen
Pensioenfonds Vervoer	Federative Republic of Brazil	2024-12-31	15.277	x1	EUR	https://www.pfvervoer.nl/over-ons/beleggen/spreiden-van-beleggingen
Pensioenfonds Vervoer	FedEx Corp	2024-12-31	13.238	x1	EUR	https://www.pfvervoer.nl/over-ons/beleggen/spreiden-van-beleggingen
Pensioenfonds Vervoer	Ferguson PLC	2024-12-31	4.954	x1	EUR	https://www.pfvervoer.nl/over-ons/beleggen/spreiden-van-beleggingen
Pensioenfonds Vervoer	Ferrari NV	2024-12-31	3.660	x1	EUR	https://www.pfvervoer.nl/over-ons/beleggen/spreiden-van-beleggingen
Pensioenfonds Vervoer	Ferrovial SA	2024-12-31	11.222	x1	EUR	https://www.pfvervoer.nl/over-ons/beleggen/spreiden-van-beleggingen
Pensioenfonds Vervoer	Fidelis Insurance Holdings Ltd	2024-12-31	1.770	x1	EUR	https://www.pfvervoer.nl/over-ons/beleggen/spreiden-van-beleggingen
Pensioenfonds Vervoer	Fifth Third Ban Corp	2024-12-31	11.530	x1	EUR	https://www.pfvervoer.nl/over-ons/beleggen/spreiden-van-beleggingen
Pensioenfonds Vervoer	First	2024-12-31	158	x1	EUR	https://www.pfvervoer.nl/over-ons/beleggen/spreiden-van-beleggingen
Pensioenfonds Vervoer	First Citizens BancShares Inc/NC	2024-12-31	520	x1	EUR	https://www.pfvervoer.nl/over-ons/beleggen/spreiden-van-beleggingen
Pensioenfonds Vervoer	First Horizon National Corp	2024-12-31	6.271	x1	EUR	https://www.pfvervoer.nl/over-ons/beleggen/spreiden-van-beleggingen
Pensioenfonds Vervoer	First Solar Inc	2024-12-31	7.220	x1	EUR	https://www.pfvervoer.nl/over-ons/beleggen/spreiden-van-beleggingen
Pensioenfonds Vervoer	FISERV INC	2024-12-31	39.461	x1	EUR	https://www.pfvervoer.nl/over-ons/beleggen/spreiden-van-beleggingen
Pensioenfonds Vervoer	Fisher & Paykel Healthcare Cor	2024-12-31	3.156	x1	EUR	https://www.pfvervoer.nl/over-ons/beleggen/spreiden-van-beleggingen
Pensioenfonds Vervoer	FLEXTRONICS INTL LTD	2024-12-31	4.549	x1	EUR	https://www.pfvervoer.nl/over-ons/beleggen/spreiden-van-beleggingen
Pensioenfonds Vervoer	FLUSH INFO	2024-12-31	133	x1	EUR	https://www.pfvervoer.nl/over-ons/beleggen/spreiden-van-beleggingen
Pensioenfonds Vervoer	FLUTTER ENTERTAINMENT PLC	2024-12-31	16.386	x1	EUR	https://www.pfvervoer.nl/over-ons/beleggen/spreiden-van-beleggingen
Pensioenfonds Vervoer	FONCIERE DES REGIONS	2024-12-31	1.605	x1	EUR	https://www.pfvervoer.nl/over-ons/beleggen/spreiden-van-beleggingen
Pensioenfonds Vervoer	FORD MOTOR COMPANY	2024-12-31	4.699	x1	EUR	https://www.pfvervoer.nl/over-ons/beleggen/spreiden-van-beleggingen
Pensioenfonds Vervoer	Fortinet Inc	2024-12-31	9.087	x1	EUR	https://www.pfvervoer.nl/over-ons/beleggen/spreiden-van-beleggingen
Pensioenfonds Vervoer	Fortis Healthcare Ltd	2024-12-31	2.883	x1	EUR	https://www.pfvervoer.nl/over-ons/beleggen/spreiden-van-beleggingen
Pensioenfonds Vervoer	Fox Entertainment Group Inc	2024-12-31	9.544	x1	EUR	https://www.pfvervoer.nl/over-ons/beleggen/spreiden-van-beleggingen
Pensioenfonds Vervoer	Foxconn Industrial Internet Co	2024-12-31	265	x1	EUR	https://www.pfvervoer.nl/over-ons/beleggen/spreiden-van-beleggingen
Pensioenfonds Vervoer	Freee KK	2024-12-31	3.200	x1	EUR	https://www.pfvervoer.nl/over-ons/beleggen/spreiden-van-beleggingen
Pensioenfonds Vervoer	Fresenius Medical Care AG & Co	2024-12-31	2.723	x1	EUR	https://www.pfvervoer.nl/over-ons/beleggen/spreiden-van-beleggingen
Pensioenfonds Vervoer	Fresenius SE	2024-12-31	3.730	x1	EUR	https://www.pfvervoer.nl/over-ons/beleggen/spreiden-van-beleggingen
Pensioenfonds Vervoer	Fuji Electric Holdings Co Ltd	2024-12-31	1.132	x1	EUR	https://www.pfvervoer.nl/over-ons/beleggen/spreiden-van-beleggingen
Pensioenfonds Vervoer	FUJIFILM Holdings Corp	2024-12-31	16.060	x1	EUR	https://www.pfvervoer.nl/over-ons/beleggen/spreiden-van-beleggingen
Pensioenfonds Vervoer	Fujikura Ltd	2024-12-31	1.143	x1	EUR	https://www.pfvervoer.nl/over-ons/beleggen/spreiden-van-beleggingen
Pensioenfonds Vervoer	Fujisawa Pharmaceutical Co Ltd	2024-12-31	3.837	x1	EUR	https://www.pfvervoer.nl/over-ons/beleggen/spreiden-van-beleggingen
Pensioenfonds Vervoer	Fuori dal Sacco	2024-12-31	1.551	x1	EUR	https://www.pfvervoer.nl/over-ons/beleggen/spreiden-van-beleggingen
Pensioenfonds Vervoer	Futu Holdings Ltd	2024-12-31	314	x1	EUR	https://www.pfvervoer.nl/over-ons/beleggen/spreiden-van-beleggingen
Pensioenfonds Vervoer	Galp Energia SGPS SA	2024-12-31	697	x1	EUR	https://www.pfvervoer.nl/over-ons/beleggen/spreiden-van-beleggingen
Pensioenfonds Vervoer	GARMIN LTD	2024-12-31	7.352	x1	EUR	https://www.pfvervoer.nl/over-ons/beleggen/spreiden-van-beleggingen
Pensioenfonds Vervoer	Gartner Inc	2024-12-31	27.328	x1	EUR	https://www.pfvervoer.nl/over-ons/beleggen/spreiden-van-beleggingen
Pensioenfonds Vervoer	GDK Family Trust	2024-12-31	4.078	x1	EUR	https://www.pfvervoer.nl/over-ons/beleggen/spreiden-van-beleggingen
Pensioenfonds Vervoer	GE Vernova LLC	2024-12-31	10.942	x1	EUR	https://www.pfvervoer.nl/over-ons/beleggen/spreiden-van-beleggingen
Pensioenfonds Vervoer	GEA GROUP AG	2024-12-31	8.509	x1	EUR	https://www.pfvervoer.nl/over-ons/beleggen/spreiden-van-beleggingen
Pensioenfonds Vervoer	Geberit AG	2024-12-31	10.024	x1	EUR	https://www.pfvervoer.nl/over-ons/beleggen/spreiden-van-beleggingen
Pensioenfonds Vervoer	Gecina	2024-12-31	2.444	x1	EUR	https://www.pfvervoer.nl/over-ons/beleggen/spreiden-van-beleggingen
Pensioenfonds Vervoer	Geely Automobile Holdings Ltd	2024-12-31	1.620	x1	EUR	https://www.pfvervoer.nl/over-ons/beleggen/spreiden-van-beleggingen
Pensioenfonds Vervoer	General Electric Co	2024-12-31	39.037	x1	EUR	https://www.pfvervoer.nl/over-ons/beleggen/spreiden-van-beleggingen
Pensioenfonds Vervoer	General Mills Inc	2024-12-31	9.880	x1	EUR	https://www.pfvervoer.nl/over-ons/beleggen/spreiden-van-beleggingen
Pensioenfonds Vervoer	GENERAL MOTORS FINL CO	2024-12-31	18.267	x1	EUR	https://www.pfvervoer.nl/over-ons/beleggen/spreiden-van-beleggingen
Pensioenfonds Vervoer	GEORGE WESTON LTD	2024-12-31	883	x1	EUR	https://www.pfvervoer.nl/over-ons/beleggen/spreiden-van-beleggingen
Pensioenfonds Vervoer	GF Securities Co Ltd	2024-12-31	345	x1	EUR	https://www.pfvervoer.nl/over-ons/beleggen/spreiden-van-beleggingen
Pensioenfonds Vervoer	GFL Environmental Inc	2024-12-31	2.160	x1	EUR	https://www.pfvervoer.nl/over-ons/beleggen/spreiden-van-beleggingen
Pensioenfonds Vervoer	Gilead Sciences Inc	2024-12-31	26.467	x1	EUR	https://www.pfvervoer.nl/over-ons/beleggen/spreiden-van-beleggingen
Pensioenfonds Vervoer	Givaudan SA	2024-12-31	5.750	x1	EUR	https://www.pfvervoer.nl/over-ons/beleggen/spreiden-van-beleggingen
Pensioenfonds Vervoer	Gjensidige Forsikring ASA	2024-12-31	1.749	x1	EUR	https://www.pfvervoer.nl/over-ons/beleggen/spreiden-van-beleggingen
Pensioenfonds Vervoer	GlaxoSmithKline PLC	2024-12-31	8.652	x1	EUR	https://www.pfvervoer.nl/over-ons/beleggen/spreiden-van-beleggingen
Pensioenfonds Vervoer	GLOBAL PAYMENTS INC	2024-12-31	2.486	x1	EUR	https://www.pfvervoer.nl/over-ons/beleggen/spreiden-van-beleggingen
Pensioenfonds Vervoer	Global-e Online Ltd	2024-12-31	284	x1	EUR	https://www.pfvervoer.nl/over-ons/beleggen/spreiden-van-beleggingen
Pensioenfonds Vervoer	Globalwafers Co Ltd	2024-12-31	4.731	x1	EUR	https://www.pfvervoer.nl/over-ons/beleggen/spreiden-van-beleggingen
Pensioenfonds Vervoer	Globant SA	2024-12-31	11.414	x1	EUR	https://www.pfvervoer.nl/over-ons/beleggen/spreiden-van-beleggingen
Pensioenfonds Vervoer	GMO internet Inc	2024-12-31	6.373	x1	EUR	https://www.pfvervoer.nl/over-ons/beleggen/spreiden-van-beleggingen
Pensioenfonds Vervoer	GMS Inc	2024-12-31	1.974	x1	EUR	https://www.pfvervoer.nl/over-ons/beleggen/spreiden-van-beleggingen
Pensioenfonds Vervoer	GoDaddy Inc	2024-12-31	685	x1	EUR	https://www.pfvervoer.nl/over-ons/beleggen/spreiden-van-beleggingen
Pensioenfonds Vervoer	Godrej Properties Ltd	2024-12-31	5.286	x1	EUR	https://www.pfvervoer.nl/over-ons/beleggen/spreiden-van-beleggingen
Pensioenfonds Vervoer	GoerTek Inc	2024-12-31	244	x1	EUR	https://www.pfvervoer.nl/over-ons/beleggen/spreiden-van-beleggingen
Pensioenfonds Vervoer	Goldman Sachs Group Inc	2024-12-31	16.094	x1	EUR	https://www.pfvervoer.nl/over-ons/beleggen/spreiden-van-beleggingen
Pensioenfonds Vervoer	GoTo Gojek Tokopedia Tbk PT	2024-12-31	4.092	x1	EUR	https://www.pfvervoer.nl/over-ons/beleggen/spreiden-van-beleggingen
Pensioenfonds Vervoer	GPT GROUP	2024-12-31	1.698	x1	EUR	https://www.pfvervoer.nl/over-ons/beleggen/spreiden-van-beleggingen
Pensioenfonds Vervoer	GRAB HOLDINGS LTD	2024-12-31	833	x1	EUR	https://www.pfvervoer.nl/over-ons/beleggen/spreiden-van-beleggingen
Pensioenfonds Vervoer	Graco Inc	2024-12-31	1.581	x1	EUR	https://www.pfvervoer.nl/over-ons/beleggen/spreiden-van-beleggingen
Pensioenfonds Vervoer	Graphic Packaging Holding Co	2024-12-31	2.704	x1	EUR	https://www.pfvervoer.nl/over-ons/beleggen/spreiden-van-beleggingen
Pensioenfonds Vervoer	Gree Electric Appliances Inc	2024-12-31	6.344	x1	EUR	https://www.pfvervoer.nl/over-ons/beleggen/spreiden-van-beleggingen
Pensioenfonds Vervoer	Greentown Service Group Co Ltd	2024-12-31	778	x1	EUR	https://www.pfvervoer.nl/over-ons/beleggen/spreiden-van-beleggingen
Pensioenfonds Vervoer	Griffon Corp	2024-12-31	2.712	x1	EUR	https://www.pfvervoer.nl/over-ons/beleggen/spreiden-van-beleggingen
Pensioenfonds Vervoer	GROUPE BRUXELLES LAMBERT SA	2024-12-31	142	x1	EUR	https://www.pfvervoer.nl/over-ons/beleggen/spreiden-van-beleggingen
Pensioenfonds Vervoer	Groupe Eurotunnel SA	2024-12-31	2.654	x1	EUR	https://www.pfvervoer.nl/over-ons/beleggen/spreiden-van-beleggingen
Pensioenfonds Vervoer	Grupo Aeroportuario del CentroV	2024-12-31	551	x1	EUR	https://www.pfvervoer.nl/over-ons/beleggen/spreiden-van-beleggingen
Pensioenfonds Vervoer	Grupo Aeroportuario del Pacifi	2024-12-31	5.965	x1	EUR	https://www.pfvervoer.nl/over-ons/beleggen/spreiden-van-beleggingen
Pensioenfonds Vervoer	Grupo Aeroportuario del Surest	2024-12-31	2.482	x1	EUR	https://www.pfvervoer.nl/over-ons/beleggen/spreiden-van-beleggingen
Pensioenfonds Vervoer	Grupo Financiero Banorte SAB d	2024-12-31	16.770	x1	EUR	https://www.pfvervoer.nl/over-ons/beleggen/spreiden-van-beleggingen
Pensioenfonds Vervoer	Grupo Financiero Inbursa SAB d	2024-12-31	211	x1	EUR	https://www.pfvervoer.nl/over-ons/beleggen/spreiden-van-beleggingen
Pensioenfonds Vervoer	Grupo Mexico SAB de CV	2024-12-31	3.289	x1	EUR	https://www.pfvervoer.nl/over-ons/beleggen/spreiden-van-beleggingen
Pensioenfonds Vervoer	GUIDEWIRE SOFTWARE INC	2024-12-31	2.034	x1	EUR	https://www.pfvervoer.nl/over-ons/beleggen/spreiden-van-beleggingen
Pensioenfonds Vervoer	H LUNDBECK A/S	2024-12-31	8	x1	EUR	https://www.pfvervoer.nl/over-ons/beleggen/spreiden-van-beleggingen
Pensioenfonds Vervoer	Haleon PLC	2024-12-31	3.889	x1	EUR	https://www.pfvervoer.nl/over-ons/beleggen/spreiden-van-beleggingen
Pensioenfonds Vervoer	HALLIBURTON CO	2024-12-31	6.764	x1	EUR	https://www.pfvervoer.nl/over-ons/beleggen/spreiden-van-beleggingen
Pensioenfonds Vervoer	Hamamatsu Photonics KK	2024-12-31	2.742	x1	EUR	https://www.pfvervoer.nl/over-ons/beleggen/spreiden-van-beleggingen
Pensioenfonds Vervoer	Hana Financial Group Inc	2024-12-31	10.070	x1	EUR	https://www.pfvervoer.nl/over-ons/beleggen/spreiden-van-beleggingen
Pensioenfonds Vervoer	Hankook Tire Co Ltd	2024-12-31	4.290	x1	EUR	https://www.pfvervoer.nl/over-ons/beleggen/spreiden-van-beleggingen
Pensioenfonds Vervoer	Hankyu Hanshin Holdings Inc	2024-12-31	588	x1	EUR	https://www.pfvervoer.nl/over-ons/beleggen/spreiden-van-beleggingen
Pensioenfonds Vervoer	Hanmi Semiconductor Co Ltd	2024-12-31	1.223	x1	EUR	https://www.pfvervoer.nl/over-ons/beleggen/spreiden-van-beleggingen
Pensioenfonds Vervoer	Hannover Rueckversicherung AG	2024-12-31	3.216	x1	EUR	https://www.pfvervoer.nl/over-ons/beleggen/spreiden-van-beleggingen
Pensioenfonds Vervoer	HARLEY-DAVIDSON INC	2024-12-31	1.973	x1	EUR	https://www.pfvervoer.nl/over-ons/beleggen/spreiden-van-beleggingen
Pensioenfonds Vervoer	Harmony Gold Mining Co Ltd	2024-12-31	588	x1	EUR	https://www.pfvervoer.nl/over-ons/beleggen/spreiden-van-beleggingen
Pensioenfonds Vervoer	Havells India Ltd	2024-12-31	230	x1	EUR	https://www.pfvervoer.nl/over-ons/beleggen/spreiden-van-beleggingen
Pensioenfonds Vervoer	HCL Technologies Ltd	2024-12-31	7.460	x1	EUR	https://www.pfvervoer.nl/over-ons/beleggen/spreiden-van-beleggingen
Pensioenfonds Vervoer	HDFC Asset Management Co Ltd	2024-12-31	5.320	x1	EUR	https://www.pfvervoer.nl/over-ons/beleggen/spreiden-van-beleggingen
Pensioenfonds Vervoer	HDFC LIFE INSURANCE CO LTD	2024-12-31	6.849	x1	EUR	https://www.pfvervoer.nl/over-ons/beleggen/spreiden-van-beleggingen
Pensioenfonds Vervoer	Healthpeak Properties Inc	2024-12-31	1.938	x1	EUR	https://www.pfvervoer.nl/over-ons/beleggen/spreiden-van-beleggingen
Pensioenfonds Vervoer	Heineken Holding NV	2024-12-31	11.725	x1	EUR	https://www.pfvervoer.nl/over-ons/beleggen/spreiden-van-beleggingen
Pensioenfonds Vervoer	Helmerich & Payne Inc	2024-12-31	1.698	x1	EUR	https://www.pfvervoer.nl/over-ons/beleggen/spreiden-van-beleggingen
Pensioenfonds Vervoer	Henderson Land Development Co	2024-12-31	2.453	x1	EUR	https://www.pfvervoer.nl/over-ons/beleggen/spreiden-van-beleggingen
Pensioenfonds Vervoer	Hengan International Group Co	2024-12-31	7.077	x1	EUR	https://www.pfvervoer.nl/over-ons/beleggen/spreiden-van-beleggingen
Pensioenfonds Vervoer	Hengtong Optic-electric Co Ltd	2024-12-31	167	x1	EUR	https://www.pfvervoer.nl/over-ons/beleggen/spreiden-van-beleggingen
Pensioenfonds Vervoer	HENKEL AG & CO KGAA	2024-12-31	2.394	x1	EUR	https://www.pfvervoer.nl/over-ons/beleggen/spreiden-van-beleggingen
Pensioenfonds Vervoer	HERMES INTERNATIONAL	2024-12-31	1.458	x1	EUR	https://www.pfvervoer.nl/over-ons/beleggen/spreiden-van-beleggingen
Pensioenfonds Vervoer	Hero MotoCorp Ltd	2024-12-31	2.097	x1	EUR	https://www.pfvervoer.nl/over-ons/beleggen/spreiden-van-beleggingen
Pensioenfonds Vervoer	HERSHEY CO	2024-12-31	1.220	x1	EUR	https://www.pfvervoer.nl/over-ons/beleggen/spreiden-van-beleggingen
Pensioenfonds Vervoer	Hexagon AB	2024-12-31	171	x1	EUR	https://www.pfvervoer.nl/over-ons/beleggen/spreiden-van-beleggingen
Pensioenfonds Vervoer	Hikari Tsushin Inc	2024-12-31	594	x1	EUR	https://www.pfvervoer.nl/over-ons/beleggen/spreiden-van-beleggingen
Pensioenfonds Vervoer	Hilton Worldwide Finance	2024-12-31	14.629	x1	EUR	https://www.pfvervoer.nl/over-ons/beleggen/spreiden-van-beleggingen
Pensioenfonds Vervoer	Hindalco Industries Ltd	2024-12-31	5.232	x1	EUR	https://www.pfvervoer.nl/over-ons/beleggen/spreiden-van-beleggingen
Pensioenfonds Vervoer	Hindustan Aeronautics Ltd	2024-12-31	9.892	x1	EUR	https://www.pfvervoer.nl/over-ons/beleggen/spreiden-van-beleggingen
Pensioenfonds Vervoer	Hiscox Ltd	2024-12-31	8.586	x1	EUR	https://www.pfvervoer.nl/over-ons/beleggen/spreiden-van-beleggingen
Pensioenfonds Vervoer	Hisense HA	2024-12-31	278	x1	EUR	https://www.pfvervoer.nl/over-ons/beleggen/spreiden-van-beleggingen
Pensioenfonds Vervoer	Hitachi Construction Machinery	2024-12-31	308	x1	EUR	https://www.pfvervoer.nl/over-ons/beleggen/spreiden-van-beleggingen
Pensioenfonds Vervoer	Hitachi Ltd	2024-12-31	49.542	x1	EUR	https://www.pfvervoer.nl/over-ons/beleggen/spreiden-van-beleggingen
Pensioenfonds Vervoer	HKT Trust / HKT Ltd	2024-12-31	1.827	x1	EUR	https://www.pfvervoer.nl/over-ons/beleggen/spreiden-van-beleggingen
Pensioenfonds Vervoer	Hoa Phat Group JSC	2024-12-31	2.900	x1	EUR	https://www.pfvervoer.nl/over-ons/beleggen/spreiden-van-beleggingen
Pensioenfonds Vervoer	Hochtief AG	2024-12-31	3	x1	EUR	https://www.pfvervoer.nl/over-ons/beleggen/spreiden-van-beleggingen
Pensioenfonds Vervoer	Holmen AB	2024-12-31	1.592	x1	EUR	https://www.pfvervoer.nl/over-ons/beleggen/spreiden-van-beleggingen
Pensioenfonds Vervoer	HOLOGIC INC	2024-12-31	4.692	x1	EUR	https://www.pfvervoer.nl/over-ons/beleggen/spreiden-van-beleggingen
Pensioenfonds Vervoer	Home Depot Inc	2024-12-31	35.192	x1	EUR	https://www.pfvervoer.nl/over-ons/beleggen/spreiden-van-beleggingen
Pensioenfonds Vervoer	Hon Hai Precision Industry Co	2024-12-31	13.414	x1	EUR	https://www.pfvervoer.nl/over-ons/beleggen/spreiden-van-beleggingen
Pensioenfonds Vervoer	Honda Motor Co Ltd	2024-12-31	4.839	x1	EUR	https://www.pfvervoer.nl/over-ons/beleggen/spreiden-van-beleggingen
Pensioenfonds Vervoer	Hong Kong Exchanges and Clearing	2024-12-31	6.847	x1	EUR	https://www.pfvervoer.nl/over-ons/beleggen/spreiden-van-beleggingen
Pensioenfonds Vervoer	Hongfa Technology Co Ltd	2024-12-31	4.980	x1	EUR	https://www.pfvervoer.nl/over-ons/beleggen/spreiden-van-beleggingen
Pensioenfonds Vervoer	Hongkong Land Holdings Ltd	2024-12-31	3.419	x1	EUR	https://www.pfvervoer.nl/over-ons/beleggen/spreiden-van-beleggingen
Pensioenfonds Vervoer	Horiba Ltd	2024-12-31	2.328	x1	EUR	https://www.pfvervoer.nl/over-ons/beleggen/spreiden-van-beleggingen
Pensioenfonds Vervoer	Hoshizaki Electric Co Ltd	2024-12-31	735	x1	EUR	https://www.pfvervoer.nl/over-ons/beleggen/spreiden-van-beleggingen
Pensioenfonds Vervoer	Host Hotels & Resorts Inc	2024-12-31	4.797	x1	EUR	https://www.pfvervoer.nl/over-ons/beleggen/spreiden-van-beleggingen
Pensioenfonds Vervoer	Howmet Aerospace Inc	2024-12-31	15.603	x1	EUR	https://www.pfvervoer.nl/over-ons/beleggen/spreiden-van-beleggingen
Pensioenfonds Vervoer	Hoya Corp	2024-12-31	9.633	x1	EUR	https://www.pfvervoer.nl/over-ons/beleggen/spreiden-van-beleggingen
Pensioenfonds Vervoer	HP Inc	2024-12-31	20.814	x1	EUR	https://www.pfvervoer.nl/over-ons/beleggen/spreiden-van-beleggingen
Pensioenfonds Vervoer	HSBC HOLDINGS PLC	2024-12-31	1.727	x1	EUR	https://www.pfvervoer.nl/over-ons/beleggen/spreiden-van-beleggingen
Pensioenfonds Vervoer	Huatai Securities Co Ltd	2024-12-31	645	x1	EUR	https://www.pfvervoer.nl/over-ons/beleggen/spreiden-van-beleggingen
Pensioenfonds Vervoer	Hubbell Inc	2024-12-31	1.774	x1	EUR	https://www.pfvervoer.nl/over-ons/beleggen/spreiden-van-beleggingen
Pensioenfonds Vervoer	HubSpot Inc	2024-12-31	5.139	x1	EUR	https://www.pfvervoer.nl/over-ons/beleggen/spreiden-van-beleggingen
Pensioenfonds Vervoer	Hulic Co Ltd	2024-12-31	460	x1	EUR	https://www.pfvervoer.nl/over-ons/beleggen/spreiden-van-beleggingen
Pensioenfonds Vervoer	Hundsun Technologies Inc	2024-12-31	166	x1	EUR	https://www.pfvervoer.nl/over-ons/beleggen/spreiden-van-beleggingen
Pensioenfonds Vervoer	Huntington Bancshares Inc / OH	2024-12-31	9.269	x1	EUR	https://www.pfvervoer.nl/over-ons/beleggen/spreiden-van-beleggingen
Pensioenfonds Vervoer	Hydro One Ltd	2024-12-31	5.671	x1	EUR	https://www.pfvervoer.nl/over-ons/beleggen/spreiden-van-beleggingen
Pensioenfonds Vervoer	Hyundai Electric & Energy Syst	2024-12-31	3.774	x1	EUR	https://www.pfvervoer.nl/over-ons/beleggen/spreiden-van-beleggingen
Pensioenfonds Vervoer	Hyundai Glovis Co Ltd	2024-12-31	961	x1	EUR	https://www.pfvervoer.nl/over-ons/beleggen/spreiden-van-beleggingen
Pensioenfonds Vervoer	Hyundai Heavy Industries Co Ltd	2024-12-31	6.842	x1	EUR	https://www.pfvervoer.nl/over-ons/beleggen/spreiden-van-beleggingen
Pensioenfonds Vervoer	Hyundai Marine & Fire Insuranc	2024-12-31	587	x1	EUR	https://www.pfvervoer.nl/over-ons/beleggen/spreiden-van-beleggingen
Pensioenfonds Vervoer	Hyundai Merchant Marine Co Ltd	2024-12-31	1.190	x1	EUR	https://www.pfvervoer.nl/over-ons/beleggen/spreiden-van-beleggingen
Pensioenfonds Vervoer	Hyundai Mobis	2024-12-31	10.333	x1	EUR	https://www.pfvervoer.nl/over-ons/beleggen/spreiden-van-beleggingen
Pensioenfonds Vervoer	iA Financial Corp Inc	2024-12-31	718	x1	EUR	https://www.pfvervoer.nl/over-ons/beleggen/spreiden-van-beleggingen
Pensioenfonds Vervoer	Iberdrola International BV	2024-12-31	13.369	x1	EUR	https://www.pfvervoer.nl/over-ons/beleggen/spreiden-van-beleggingen
Pensioenfonds Vervoer	Icici Bank Ltd	2024-12-31	20.745	x1	EUR	https://www.pfvervoer.nl/over-ons/beleggen/spreiden-van-beleggingen
Pensioenfonds Vervoer	ICICI Lombard General Insuranc	2024-12-31	7.344	x1	EUR	https://www.pfvervoer.nl/over-ons/beleggen/spreiden-van-beleggingen
Pensioenfonds Vervoer	Idex Corp	2024-12-31	2.534	x1	EUR	https://www.pfvervoer.nl/over-ons/beleggen/spreiden-van-beleggingen
Pensioenfonds Vervoer	IDEXX Laboratories Inc	2024-12-31	1.268	x1	EUR	https://www.pfvervoer.nl/over-ons/beleggen/spreiden-van-beleggingen
Pensioenfonds Vervoer	IG Group Holdings PLC	2024-12-31	11.487	x1	EUR	https://www.pfvervoer.nl/over-ons/beleggen/spreiden-van-beleggingen
Pensioenfonds Vervoer	IGM Financial Inc	2024-12-31	1.892	x1	EUR	https://www.pfvervoer.nl/over-ons/beleggen/spreiden-van-beleggingen
Pensioenfonds Vervoer	Illinois Tool Works Inc	2024-12-31	13.617	x1	EUR	https://www.pfvervoer.nl/over-ons/beleggen/spreiden-van-beleggingen
Pensioenfonds Vervoer	Illumina Inc	2024-12-31	4.875	x1	EUR	https://www.pfvervoer.nl/over-ons/beleggen/spreiden-van-beleggingen
Pensioenfonds Vervoer	Incyte Corp Ltd	2024-12-31	5.116	x1	EUR	https://www.pfvervoer.nl/over-ons/beleggen/spreiden-van-beleggingen
Pensioenfonds Vervoer	Indian Hotels Co Ltd	2024-12-31	5.771	x1	EUR	https://www.pfvervoer.nl/over-ons/beleggen/spreiden-van-beleggingen
Pensioenfonds Vervoer	Inditex SA	2024-12-31	1.361	x1	EUR	https://www.pfvervoer.nl/over-ons/beleggen/spreiden-van-beleggingen
Pensioenfonds Vervoer	Indraprastha Gas Ltd	2024-12-31	3.683	x1	EUR	https://www.pfvervoer.nl/over-ons/beleggen/spreiden-van-beleggingen
Pensioenfonds Vervoer	Indus Towers Ltd	2024-12-31	13.397	x1	EUR	https://www.pfvervoer.nl/over-ons/beleggen/spreiden-van-beleggingen
Pensioenfonds Vervoer	Industrial Bank Co Ltd	2024-12-31	768	x1	EUR	https://www.pfvervoer.nl/over-ons/beleggen/spreiden-van-beleggingen
Pensioenfonds Vervoer	Industrial Bank of Korea	2024-12-31	8.150	x1	EUR	https://www.pfvervoer.nl/over-ons/beleggen/spreiden-van-beleggingen
Pensioenfonds Vervoer	Industrivarden AB	2024-12-31	302	x1	EUR	https://www.pfvervoer.nl/over-ons/beleggen/spreiden-van-beleggingen
Pensioenfonds Vervoer	Info Edge India Ltd	2024-12-31	13.660	x1	EUR	https://www.pfvervoer.nl/over-ons/beleggen/spreiden-van-beleggingen
Pensioenfonds Vervoer	INFORMA PLC	2024-12-31	2.884	x1	EUR	https://www.pfvervoer.nl/over-ons/beleggen/spreiden-van-beleggingen
Pensioenfonds Vervoer	Infosys Ltd	2024-12-31	32.422	x1	EUR	https://www.pfvervoer.nl/over-ons/beleggen/spreiden-van-beleggingen
Pensioenfonds Vervoer	ING Groep NV	2024-12-31	1.895	x1	EUR	https://www.pfvervoer.nl/over-ons/beleggen/spreiden-van-beleggingen
Pensioenfonds Vervoer	Ingersoll Rand Inc	2024-12-31	1.495	x1	EUR	https://www.pfvervoer.nl/over-ons/beleggen/spreiden-van-beleggingen
Pensioenfonds Vervoer	Ingredion Inc,	2024-12-31	5.367	x1	EUR	https://www.pfvervoer.nl/over-ons/beleggen/spreiden-van-beleggingen
Pensioenfonds Vervoer	Inmode Ltd	2024-12-31	1.222	x1	EUR	https://www.pfvervoer.nl/over-ons/beleggen/spreiden-van-beleggingen
Pensioenfonds Vervoer	INOVANCE	2024-12-31	4.701	x1	EUR	https://www.pfvervoer.nl/over-ons/beleggen/spreiden-van-beleggingen
Pensioenfonds Vervoer	Inpex Corp	2024-12-31	10.895	x1	EUR	https://www.pfvervoer.nl/over-ons/beleggen/spreiden-van-beleggingen
Pensioenfonds Vervoer	InPost SA	2024-12-31	161	x1	EUR	https://www.pfvervoer.nl/over-ons/beleggen/spreiden-van-beleggingen
Pensioenfonds Vervoer	INSULET CORP	2024-12-31	401	x1	EUR	https://www.pfvervoer.nl/over-ons/beleggen/spreiden-van-beleggingen
Pensioenfonds Vervoer	Insurance Australia Group Ltd	2024-12-31	8.087	x1	EUR	https://www.pfvervoer.nl/over-ons/beleggen/spreiden-van-beleggingen
Pensioenfonds Vervoer	Intact Financial Corp	2024-12-31	8.365	x1	EUR	https://www.pfvervoer.nl/over-ons/beleggen/spreiden-van-beleggingen
Pensioenfonds Vervoer	Interactive Brokers Group Inc	2024-12-31	4.219	x1	EUR	https://www.pfvervoer.nl/over-ons/beleggen/spreiden-van-beleggingen
Pensioenfonds Vervoer	Intercontinental Hotels Group	2024-12-31	3.077	x1	EUR	https://www.pfvervoer.nl/over-ons/beleggen/spreiden-van-beleggingen
Pensioenfonds Vervoer	IntercontinentalExchange Inc	2024-12-31	2.420	x1	EUR	https://www.pfvervoer.nl/over-ons/beleggen/spreiden-van-beleggingen
Pensioenfonds Vervoer	Intermediate Capital Group PLC	2024-12-31	2.465	x1	EUR	https://www.pfvervoer.nl/over-ons/beleggen/spreiden-van-beleggingen
Pensioenfonds Vervoer	International Container Termin	2024-12-31	1.614	x1	EUR	https://www.pfvervoer.nl/over-ons/beleggen/spreiden-van-beleggingen
Pensioenfonds Vervoer	Intl Paper Co	2024-12-31	9.222	x1	EUR	https://www.pfvervoer.nl/over-ons/beleggen/spreiden-van-beleggingen
Pensioenfonds Vervoer	Intrawest Resorts Holdings Inc	2024-12-31	2.092	x1	EUR	https://www.pfvervoer.nl/over-ons/beleggen/spreiden-van-beleggingen
Pensioenfonds Vervoer	INTUIT INC	2024-12-31	23.031	x1	EUR	https://www.pfvervoer.nl/over-ons/beleggen/spreiden-van-beleggingen
Pensioenfonds Vervoer	Intuitive Surgical Inc	2024-12-31	39.791	x1	EUR	https://www.pfvervoer.nl/over-ons/beleggen/spreiden-van-beleggingen
Pensioenfonds Vervoer	Ipsen SA	2024-12-31	270	x1	EUR	https://www.pfvervoer.nl/over-ons/beleggen/spreiden-van-beleggingen
Pensioenfonds Vervoer	IQVIA Holdings Inc	2024-12-31	2.096	x1	EUR	https://www.pfvervoer.nl/over-ons/beleggen/spreiden-van-beleggingen
Pensioenfonds Vervoer	Isetan Mitsukoshi Holdings Ltd	2024-12-31	1.770	x1	EUR	https://www.pfvervoer.nl/over-ons/beleggen/spreiden-van-beleggingen
Pensioenfonds Vervoer	ISUZU MOTORS LTD	2024-12-31	825	x1	EUR	https://www.pfvervoer.nl/over-ons/beleggen/spreiden-van-beleggingen
Pensioenfonds Vervoer	Itau Unibanco Holding SA	2024-12-31	4.488	x1	EUR	https://www.pfvervoer.nl/over-ons/beleggen/spreiden-van-beleggingen
Pensioenfonds Vervoer	ITOCHU Corp	2024-12-31	6.601	x1	EUR	https://www.pfvervoer.nl/over-ons/beleggen/spreiden-van-beleggingen
Pensioenfonds Vervoer	Ivanhoe Mines Ltd	2024-12-31	1.727	x1	EUR	https://www.pfvervoer.nl/over-ons/beleggen/spreiden-van-beleggingen
Pensioenfonds Vervoer	JABIL CIRCUIT INC	2024-12-31	5.753	x1	EUR	https://www.pfvervoer.nl/over-ons/beleggen/spreiden-van-beleggingen
Pensioenfonds Vervoer	Jack in the Box Inc	2024-12-31	861	x1	EUR	https://www.pfvervoer.nl/over-ons/beleggen/spreiden-van-beleggingen
Pensioenfonds Vervoer	James Hardie Industries SE	2024-12-31	5.856	x1	EUR	https://www.pfvervoer.nl/over-ons/beleggen/spreiden-van-beleggingen
Pensioenfonds Vervoer	Japan Airlines Co Ltd	2024-12-31	287	x1	EUR	https://www.pfvervoer.nl/over-ons/beleggen/spreiden-van-beleggingen
Pensioenfonds Vervoer	Japan Post Bank Co Ltd	2024-12-31	1.675	x1	EUR	https://www.pfvervoer.nl/over-ons/beleggen/spreiden-van-beleggingen
Pensioenfonds Vervoer	JAPAN POST HOLDINGS CO LTD	2024-12-31	2.160	x1	EUR	https://www.pfvervoer.nl/over-ons/beleggen/spreiden-van-beleggingen
Pensioenfonds Vervoer	Japan Post Insurance Co Ltd	2024-12-31	467	x1	EUR	https://www.pfvervoer.nl/over-ons/beleggen/spreiden-van-beleggingen
Pensioenfonds Vervoer	Japan Real Estate Investment C	2024-12-31	2.904	x1	EUR	https://www.pfvervoer.nl/over-ons/beleggen/spreiden-van-beleggingen
Pensioenfonds Vervoer	Jazz Pharmaceuticals Plc	2024-12-31	5.019	x1	EUR	https://www.pfvervoer.nl/over-ons/beleggen/spreiden-van-beleggingen
Pensioenfonds Vervoer	JB Hi-Fi Ltd	2024-12-31	4.194	x1	EUR	https://www.pfvervoer.nl/over-ons/beleggen/spreiden-van-beleggingen
Pensioenfonds Vervoer	JCET Group Co Ltd	2024-12-31	409	x1	EUR	https://www.pfvervoer.nl/over-ons/beleggen/spreiden-van-beleggingen
Pensioenfonds Vervoer	JD,COM INC	2024-12-31	16.676	x1	EUR	https://www.pfvervoer.nl/over-ons/beleggen/spreiden-van-beleggingen
Pensioenfonds Vervoer	Jeronimo Martins SGPS SA	2024-12-31	25.977	x1	EUR	https://www.pfvervoer.nl/over-ons/beleggen/spreiden-van-beleggingen
Pensioenfonds Vervoer	JFE HOLDINGS INC	2024-12-31	665	x1	EUR	https://www.pfvervoer.nl/over-ons/beleggen/spreiden-van-beleggingen
Pensioenfonds Vervoer	JFrog Ltd	2024-12-31	1.187	x1	EUR	https://www.pfvervoer.nl/over-ons/beleggen/spreiden-van-beleggingen
Pensioenfonds Vervoer	Johnson & Johnson	2024-12-31	44.809	x1	EUR	https://www.pfvervoer.nl/over-ons/beleggen/spreiden-van-beleggingen
Pensioenfonds Vervoer	JP Morgan Chase & Co	2024-12-31	44.976	x1	EUR	https://www.pfvervoer.nl/over-ons/beleggen/spreiden-van-beleggingen
Pensioenfonds Vervoer	JS Group Corp	2024-12-31	1.544	x1	EUR	https://www.pfvervoer.nl/over-ons/beleggen/spreiden-van-beleggingen
Pensioenfonds Vervoer	Julius Baer Group Ltd	2024-12-31	205	x1	EUR	https://www.pfvervoer.nl/over-ons/beleggen/spreiden-van-beleggingen
Pensioenfonds Vervoer	JUMPCAN PHARMACEUTICAL CO,, LT	2024-12-31	258	x1	EUR	https://www.pfvervoer.nl/over-ons/beleggen/spreiden-van-beleggingen
Pensioenfonds Vervoer	Juniper Networks Inc	2024-12-31	3.171	x1	EUR	https://www.pfvervoer.nl/over-ons/beleggen/spreiden-van-beleggingen
Pensioenfonds Vervoer	JYP Entertainment Corp	2024-12-31	4.178	x1	EUR	https://www.pfvervoer.nl/over-ons/beleggen/spreiden-van-beleggingen
Pensioenfonds Vervoer	Kajima Corp	2024-12-31	987	x1	EUR	https://www.pfvervoer.nl/over-ons/beleggen/spreiden-van-beleggingen
Pensioenfonds Vervoer	Kakaku,com Inc	2024-12-31	10.201	x1	EUR	https://www.pfvervoer.nl/over-ons/beleggen/spreiden-van-beleggingen
Pensioenfonds Vervoer	Kansai Paint Co Ltd	2024-12-31	5.200	x1	EUR	https://www.pfvervoer.nl/over-ons/beleggen/spreiden-van-beleggingen
Pensioenfonds Vervoer	KAO CORP	2024-12-31	8.286	x1	EUR	https://www.pfvervoer.nl/over-ons/beleggen/spreiden-van-beleggingen
Pensioenfonds Vervoer	Kasikornbank PCL	2024-12-31	16.835	x1	EUR	https://www.pfvervoer.nl/over-ons/beleggen/spreiden-van-beleggingen
Pensioenfonds Vervoer	Kawassaki Kisen Kaisha	2024-12-31	713	x1	EUR	https://www.pfvervoer.nl/over-ons/beleggen/spreiden-van-beleggingen
Pensioenfonds Vervoer	KB Financial Group Inc	2024-12-31	23.760	x1	EUR	https://www.pfvervoer.nl/over-ons/beleggen/spreiden-van-beleggingen
Pensioenfonds Vervoer	KBC GROEP NV	2024-12-31	238	x1	EUR	https://www.pfvervoer.nl/over-ons/beleggen/spreiden-van-beleggingen
Pensioenfonds Vervoer	KDDI Corp	2024-12-31	9.441	x1	EUR	https://www.pfvervoer.nl/over-ons/beleggen/spreiden-van-beleggingen
Pensioenfonds Vervoer	KE Holdings Inc	2024-12-31	7.246	x1	EUR	https://www.pfvervoer.nl/over-ons/beleggen/spreiden-van-beleggingen
Pensioenfonds Vervoer	Keisei Electric Railway Co Ltd	2024-12-31	2	x1	EUR	https://www.pfvervoer.nl/over-ons/beleggen/spreiden-van-beleggingen
Pensioenfonds Vervoer	Kellanova	2024-12-31	4.686	x1	EUR	https://www.pfvervoer.nl/over-ons/beleggen/spreiden-van-beleggingen
Pensioenfonds Vervoer	Kenvue Inc	2024-12-31	20.186	x1	EUR	https://www.pfvervoer.nl/over-ons/beleggen/spreiden-van-beleggingen
Pensioenfonds Vervoer	KESKO OYJ-B SHS	2024-12-31	3.911	x1	EUR	https://www.pfvervoer.nl/over-ons/beleggen/spreiden-van-beleggingen
Pensioenfonds Vervoer	KEURIG DR PEPPER INC	2024-12-31	1.289	x1	EUR	https://www.pfvervoer.nl/over-ons/beleggen/spreiden-van-beleggingen
Pensioenfonds Vervoer	Key Corp	2024-12-31	149	x1	EUR	https://www.pfvervoer.nl/over-ons/beleggen/spreiden-van-beleggingen
Pensioenfonds Vervoer	Keyence Corp	2024-12-31	23.003	x1	EUR	https://www.pfvervoer.nl/over-ons/beleggen/spreiden-van-beleggingen
Pensioenfonds Vervoer	KGHM Polska Miedz SA	2024-12-31	3	x1	EUR	https://www.pfvervoer.nl/over-ons/beleggen/spreiden-van-beleggingen
Pensioenfonds Vervoer	Kikkoman Corp	2024-12-31	976	x1	EUR	https://www.pfvervoer.nl/over-ons/beleggen/spreiden-van-beleggingen
Pensioenfonds Vervoer	Kilroy Realty Corporation	2024-12-31	2.859	x1	EUR	https://www.pfvervoer.nl/over-ons/beleggen/spreiden-van-beleggingen
Pensioenfonds Vervoer	Kimberly-Clark Corp	2024-12-31	16.075	x1	EUR	https://www.pfvervoer.nl/over-ons/beleggen/spreiden-van-beleggingen
Pensioenfonds Vervoer	Kimberly-Clark de Mexico SAB d	2024-12-31	4.801	x1	EUR	https://www.pfvervoer.nl/over-ons/beleggen/spreiden-van-beleggingen
Pensioenfonds Vervoer	KINGDEE INT'L	2024-12-31	3.645	x1	EUR	https://www.pfvervoer.nl/over-ons/beleggen/spreiden-van-beleggingen
Pensioenfonds Vervoer	Kingdom of Thailand	2024-12-31	5.456	x1	EUR	https://www.pfvervoer.nl/over-ons/beleggen/spreiden-van-beleggingen
Pensioenfonds Vervoer	Kingdom of the Netherlands	2024-12-31	11.092	x1	EUR	https://www.pfvervoer.nl/over-ons/beleggen/spreiden-van-beleggingen
Pensioenfonds Vervoer	Kingfisher PLC	2024-12-31	2.251	x1	EUR	https://www.pfvervoer.nl/over-ons/beleggen/spreiden-van-beleggingen
Pensioenfonds Vervoer	Kingsoft Corp Ltd	2024-12-31	7.046	x1	EUR	https://www.pfvervoer.nl/over-ons/beleggen/spreiden-van-beleggingen
Pensioenfonds Vervoer	KINGSPAN GROUP PLC	2024-12-31	3.588	x1	EUR	https://www.pfvervoer.nl/over-ons/beleggen/spreiden-van-beleggingen
Pensioenfonds Vervoer	Kinross Gold Corp	2024-12-31	3.249	x1	EUR	https://www.pfvervoer.nl/over-ons/beleggen/spreiden-van-beleggingen
Pensioenfonds Vervoer	Kirin Holdings Co Ltd	2024-12-31	1.884	x1	EUR	https://www.pfvervoer.nl/over-ons/beleggen/spreiden-van-beleggingen
Pensioenfonds Vervoer	KKR & Co LP	2024-12-31	37.131	x1	EUR	https://www.pfvervoer.nl/over-ons/beleggen/spreiden-van-beleggingen
Pensioenfonds Vervoer	KLA-Tencor Corp	2024-12-31	16.321	x1	EUR	https://www.pfvervoer.nl/over-ons/beleggen/spreiden-van-beleggingen
Pensioenfonds Vervoer	Kleppiere	2024-12-31	3.442	x1	EUR	https://www.pfvervoer.nl/over-ons/beleggen/spreiden-van-beleggingen
Pensioenfonds Vervoer	Knorr-Bremse AG	2024-12-31	2.886	x1	EUR	https://www.pfvervoer.nl/over-ons/beleggen/spreiden-van-beleggingen
Pensioenfonds Vervoer	Kobe Bussan Co Ltd	2024-12-31	637	x1	EUR	https://www.pfvervoer.nl/over-ons/beleggen/spreiden-van-beleggingen
Pensioenfonds Vervoer	Koc Financial Services AS	2024-12-31	1.839	x1	EUR	https://www.pfvervoer.nl/over-ons/beleggen/spreiden-van-beleggingen
Pensioenfonds Vervoer	Kohl's Corp	2024-12-31	896	x1	EUR	https://www.pfvervoer.nl/over-ons/beleggen/spreiden-van-beleggingen
Pensioenfonds Vervoer	Koito Manufacturing Co Ltd	2024-12-31	4.686	x1	EUR	https://www.pfvervoer.nl/over-ons/beleggen/spreiden-van-beleggingen
Pensioenfonds Vervoer	KOKUSAI ELECTRIC CORP	2024-12-31	209	x1	EUR	https://www.pfvervoer.nl/over-ons/beleggen/spreiden-van-beleggingen
Pensioenfonds Vervoer	Konami Corp	2024-12-31	1.547	x1	EUR	https://www.pfvervoer.nl/over-ons/beleggen/spreiden-van-beleggingen
Pensioenfonds Vervoer	Koninklijke Ahold Delhaize NV	2024-12-31	4.604	x1	EUR	https://www.pfvervoer.nl/over-ons/beleggen/spreiden-van-beleggingen
Pensioenfonds Vervoer	KONINKLIJKE KPN NV	2024-12-31	8.176	x1	EUR	https://www.pfvervoer.nl/over-ons/beleggen/spreiden-van-beleggingen
Pensioenfonds Vervoer	Koninklijke Philips NV	2024-12-31	3.853	x1	EUR	https://www.pfvervoer.nl/over-ons/beleggen/spreiden-van-beleggingen
Pensioenfonds Vervoer	Koninklijke Vopak NV	2024-12-31	5	x1	EUR	https://www.pfvervoer.nl/over-ons/beleggen/spreiden-van-beleggingen
Pensioenfonds Vervoer	Korea Investment Holdings Co L	2024-12-31	4.373	x1	EUR	https://www.pfvervoer.nl/over-ons/beleggen/spreiden-van-beleggingen
Pensioenfonds Vervoer	Kose Corp	2024-12-31	2.289	x1	EUR	https://www.pfvervoer.nl/over-ons/beleggen/spreiden-van-beleggingen
Pensioenfonds Vervoer	Kraft Heinz Co/The	2024-12-31	6.331	x1	EUR	https://www.pfvervoer.nl/over-ons/beleggen/spreiden-van-beleggingen
Pensioenfonds Vervoer	Kroger Co	2024-12-31	16.563	x1	EUR	https://www.pfvervoer.nl/over-ons/beleggen/spreiden-van-beleggingen
Pensioenfonds Vervoer	KT Corp	2024-12-31	5.663	x1	EUR	https://www.pfvervoer.nl/over-ons/beleggen/spreiden-van-beleggingen
Pensioenfonds Vervoer	KUBOTA CORP	2024-12-31	7.270	x1	EUR	https://www.pfvervoer.nl/over-ons/beleggen/spreiden-van-beleggingen
Pensioenfonds Vervoer	Kumba Iron Ore Ltd	2024-12-31	1.962	x1	EUR	https://www.pfvervoer.nl/over-ons/beleggen/spreiden-van-beleggingen
Pensioenfonds Vervoer	Kuraray Co Ltd	2024-12-31	2.115	x1	EUR	https://www.pfvervoer.nl/over-ons/beleggen/spreiden-van-beleggingen
Pensioenfonds Vervoer	KYOCERA CORP	2024-12-31	1.375	x1	EUR	https://www.pfvervoer.nl/over-ons/beleggen/spreiden-van-beleggingen
Pensioenfonds Vervoer	Labcorp Holdings Inc	2024-12-31	3.945	x1	EUR	https://www.pfvervoer.nl/over-ons/beleggen/spreiden-van-beleggingen
Pensioenfonds Vervoer	LAM RESEARCH CORP	2024-12-31	2.136	x1	EUR	https://www.pfvervoer.nl/over-ons/beleggen/spreiden-van-beleggingen
Pensioenfonds Vervoer	LAND SECURITIES GROUP PLC	2024-12-31	2.921	x1	EUR	https://www.pfvervoer.nl/over-ons/beleggen/spreiden-van-beleggingen
Pensioenfonds Vervoer	LAS VEGAS SANDS CORP	2024-12-31	8.705	x1	EUR	https://www.pfvervoer.nl/over-ons/beleggen/spreiden-van-beleggingen
Pensioenfonds Vervoer	Lasertec Corp	2024-12-31	1.054	x1	EUR	https://www.pfvervoer.nl/over-ons/beleggen/spreiden-van-beleggingen
Pensioenfonds Vervoer	Latam Airlines Group SA	2024-12-31	538	x1	EUR	https://www.pfvervoer.nl/over-ons/beleggen/spreiden-van-beleggingen
Pensioenfonds Vervoer	Legrand SA	2024-12-31	14.722	x1	EUR	https://www.pfvervoer.nl/over-ons/beleggen/spreiden-van-beleggingen
Pensioenfonds Vervoer	LENNAR CORP	2024-12-31	12.264	x1	EUR	https://www.pfvervoer.nl/over-ons/beleggen/spreiden-van-beleggingen
Pensioenfonds Vervoer	Lenovo Group Ltd	2024-12-31	26.053	x1	EUR	https://www.pfvervoer.nl/over-ons/beleggen/spreiden-van-beleggingen
Pensioenfonds Vervoer	Lens Technology Co Ltd	2024-12-31	301	x1	EUR	https://www.pfvervoer.nl/over-ons/beleggen/spreiden-van-beleggingen
Pensioenfonds Vervoer	LG Uplus Corp	2024-12-31	1.346	x1	EUR	https://www.pfvervoer.nl/over-ons/beleggen/spreiden-van-beleggingen
Pensioenfonds Vervoer	Liberty Media Corp-Liberty For	2024-12-31	6.879	x1	EUR	https://www.pfvervoer.nl/over-ons/beleggen/spreiden-van-beleggingen
Pensioenfonds Vervoer	Life Healthcare Group Holdings	2024-12-31	5.443	x1	EUR	https://www.pfvervoer.nl/over-ons/beleggen/spreiden-van-beleggingen
Pensioenfonds Vervoer	Light Yield Ltd	2024-12-31	1.447	x1	EUR	https://www.pfvervoer.nl/over-ons/beleggen/spreiden-van-beleggingen
Pensioenfonds Vervoer	Lincoln National Corp	2024-12-31	1.706	x1	EUR	https://www.pfvervoer.nl/over-ons/beleggen/spreiden-van-beleggingen
Pensioenfonds Vervoer	Linde AG	2024-12-31	177	x1	EUR	https://www.pfvervoer.nl/over-ons/beleggen/spreiden-van-beleggingen
Pensioenfonds Vervoer	Lion Corp	2024-12-31	850	x1	EUR	https://www.pfvervoer.nl/over-ons/beleggen/spreiden-van-beleggingen
Pensioenfonds Vervoer	LLOYDS BANK PLC	2024-12-31	19.414	x1	EUR	https://www.pfvervoer.nl/over-ons/beleggen/spreiden-van-beleggingen
Pensioenfonds Vervoer	Loblaw Cos Ltd	2024-12-31	3.246	x1	EUR	https://www.pfvervoer.nl/over-ons/beleggen/spreiden-van-beleggingen
Pensioenfonds Vervoer	Loews Corp	2024-12-31	3.260	x1	EUR	https://www.pfvervoer.nl/over-ons/beleggen/spreiden-van-beleggingen
Pensioenfonds Vervoer	London Stock Exchange Group PL	2024-12-31	17.551	x1	EUR	https://www.pfvervoer.nl/over-ons/beleggen/spreiden-van-beleggingen
Pensioenfonds Vervoer	LONZA GROUP AG	2024-12-31	14.324	x1	EUR	https://www.pfvervoer.nl/over-ons/beleggen/spreiden-van-beleggingen
Pensioenfonds Vervoer	L'Oreal SA	2024-12-31	29.519	x1	EUR	https://www.pfvervoer.nl/over-ons/beleggen/spreiden-van-beleggingen
Pensioenfonds Vervoer	Lottery Corp Ltd/The	2024-12-31	783	x1	EUR	https://www.pfvervoer.nl/over-ons/beleggen/spreiden-van-beleggingen
Pensioenfonds Vervoer	Lowe's Cos Inc	2024-12-31	11.941	x1	EUR	https://www.pfvervoer.nl/over-ons/beleggen/spreiden-van-beleggingen
Pensioenfonds Vervoer	Lululemon Athletica Inc	2024-12-31	5.601	x1	EUR	https://www.pfvervoer.nl/over-ons/beleggen/spreiden-van-beleggingen
Pensioenfonds Vervoer	Lundbergforetagen AB	2024-12-31	1.907	x1	EUR	https://www.pfvervoer.nl/over-ons/beleggen/spreiden-van-beleggingen
Pensioenfonds Vervoer	Lundin Mining Corp	2024-12-31	144	x1	EUR	https://www.pfvervoer.nl/over-ons/beleggen/spreiden-van-beleggingen
Pensioenfonds Vervoer	Lupin Ltd	2024-12-31	1.927	x1	EUR	https://www.pfvervoer.nl/over-ons/beleggen/spreiden-van-beleggingen
Pensioenfonds Vervoer	LVMH Moet Hennessy Louis Vuitt	2024-12-31	2.419	x1	EUR	https://www.pfvervoer.nl/over-ons/beleggen/spreiden-van-beleggingen
Pensioenfonds Vervoer	LVMH Moet Hennessy Louis Vuitton	2024-12-31	55.953	x1	EUR	https://www.pfvervoer.nl/over-ons/beleggen/spreiden-van-beleggingen
Pensioenfonds Vervoer	LXJM	2024-12-31	331	x1	EUR	https://www.pfvervoer.nl/over-ons/beleggen/spreiden-van-beleggingen
Pensioenfonds Vervoer	Lyondell Chemical Co	2024-12-31	2.909	x1	EUR	https://www.pfvervoer.nl/over-ons/beleggen/spreiden-van-beleggingen
Pensioenfonds Vervoer	M&T Bank Corp	2024-12-31	1.732	x1	EUR	https://www.pfvervoer.nl/over-ons/beleggen/spreiden-van-beleggingen
Pensioenfonds Vervoer	Macquarie Group Ltd	2024-12-31	8.529	x1	EUR	https://www.pfvervoer.nl/over-ons/beleggen/spreiden-van-beleggingen
Pensioenfonds Vervoer	MACROTECH DEVELOPERS LTD	2024-12-31	668	x1	EUR	https://www.pfvervoer.nl/over-ons/beleggen/spreiden-van-beleggingen
Pensioenfonds Vervoer	Macy's Inc	2024-12-31	1.991	x1	EUR	https://www.pfvervoer.nl/over-ons/beleggen/spreiden-van-beleggingen
Pensioenfonds Vervoer	Magna International Inc	2024-12-31	7	x1	EUR	https://www.pfvervoer.nl/over-ons/beleggen/spreiden-van-beleggingen
Pensioenfonds Vervoer	MAKITA CORP	2024-12-31	14.115	x1	EUR	https://www.pfvervoer.nl/over-ons/beleggen/spreiden-van-beleggingen
Pensioenfonds Vervoer	Malaysia Airports Holdings Bhd	2024-12-31	533	x1	EUR	https://www.pfvervoer.nl/over-ons/beleggen/spreiden-van-beleggingen
Pensioenfonds Vervoer	Manhattan Associates Inc	2024-12-31	4.263	x1	EUR	https://www.pfvervoer.nl/over-ons/beleggen/spreiden-van-beleggingen
Pensioenfonds Vervoer	Manulife Financial Corp	2024-12-31	2.138	x1	EUR	https://www.pfvervoer.nl/over-ons/beleggen/spreiden-van-beleggingen
Pensioenfonds Vervoer	Markel Corp	2024-12-31	5.968	x1	EUR	https://www.pfvervoer.nl/over-ons/beleggen/spreiden-van-beleggingen
Pensioenfonds Vervoer	MarketAxess Holdings Inc	2024-12-31	205	x1	EUR	https://www.pfvervoer.nl/over-ons/beleggen/spreiden-van-beleggingen
Pensioenfonds Vervoer	MARKS & SPENCER GROUP PLC	2024-12-31	2.906	x1	EUR	https://www.pfvervoer.nl/over-ons/beleggen/spreiden-van-beleggingen
Pensioenfonds Vervoer	Marsh & McLennan Cos Inc	2024-12-31	12.527	x1	EUR	https://www.pfvervoer.nl/over-ons/beleggen/spreiden-van-beleggingen
Pensioenfonds Vervoer	MARUBENI CORP	2024-12-31	2.628	x1	EUR	https://www.pfvervoer.nl/over-ons/beleggen/spreiden-van-beleggingen
Pensioenfonds Vervoer	Marvell Technology Inc	2024-12-31	20.419	x1	EUR	https://www.pfvervoer.nl/over-ons/beleggen/spreiden-van-beleggingen
Pensioenfonds Vervoer	Mastercard Inc	2024-12-31	51.323	x1	EUR	https://www.pfvervoer.nl/over-ons/beleggen/spreiden-van-beleggingen
Pensioenfonds Vervoer	Matsumotokiyoshi Holdings Co L	2024-12-31	5.771	x1	EUR	https://www.pfvervoer.nl/over-ons/beleggen/spreiden-van-beleggingen
Pensioenfonds Vervoer	Mazda Motor Corp	2024-12-31	2	x1	EUR	https://www.pfvervoer.nl/over-ons/beleggen/spreiden-van-beleggingen
Pensioenfonds Vervoer	MCAFEE INC	2024-12-31	8.408	x1	EUR	https://www.pfvervoer.nl/over-ons/beleggen/spreiden-van-beleggingen
Pensioenfonds Vervoer	McDonald's Corp	2024-12-31	7.387	x1	EUR	https://www.pfvervoer.nl/over-ons/beleggen/spreiden-van-beleggingen
Pensioenfonds Vervoer	McKesson Corp	2024-12-31	13.234	x1	EUR	https://www.pfvervoer.nl/over-ons/beleggen/spreiden-van-beleggingen
Pensioenfonds Vervoer	MediaTek Inc	2024-12-31	41.723	x1	EUR	https://www.pfvervoer.nl/over-ons/beleggen/spreiden-van-beleggingen
Pensioenfonds Vervoer	Medibank Pvt Ltd	2024-12-31	3.301	x1	EUR	https://www.pfvervoer.nl/over-ons/beleggen/spreiden-van-beleggingen
Pensioenfonds Vervoer	Mediobanca	2024-12-31	2.439	x1	EUR	https://www.pfvervoer.nl/over-ons/beleggen/spreiden-van-beleggingen
Pensioenfonds Vervoer	MEDIPAL HOLDINGS Corp	2024-12-31	812	x1	EUR	https://www.pfvervoer.nl/over-ons/beleggen/spreiden-van-beleggingen
Pensioenfonds Vervoer	Medtronic Inc	2024-12-31	7.345	x1	EUR	https://www.pfvervoer.nl/over-ons/beleggen/spreiden-van-beleggingen
Pensioenfonds Vervoer	MEIJI Holdings Co Ltd	2024-12-31	814	x1	EUR	https://www.pfvervoer.nl/over-ons/beleggen/spreiden-van-beleggingen
Pensioenfonds Vervoer	Meituan Dianping	2024-12-31	22.526	x1	EUR	https://www.pfvervoer.nl/over-ons/beleggen/spreiden-van-beleggingen
Pensioenfonds Vervoer	MercadoLibre Inc	2024-12-31	14.346	x1	EUR	https://www.pfvervoer.nl/over-ons/beleggen/spreiden-van-beleggingen
Pensioenfonds Vervoer	Mercari Inc	2024-12-31	1.854	x1	EUR	https://www.pfvervoer.nl/over-ons/beleggen/spreiden-van-beleggingen
Pensioenfonds Vervoer	MERCEDES-BENZ GROUP AG	2024-12-31	210	x1	EUR	https://www.pfvervoer.nl/over-ons/beleggen/spreiden-van-beleggingen
Pensioenfonds Vervoer	Merck & Co, Inc,	2024-12-31	31.536	x1	EUR	https://www.pfvervoer.nl/over-ons/beleggen/spreiden-van-beleggingen
Pensioenfonds Vervoer	MERCK KGaA	2024-12-31	1	x1	EUR	https://www.pfvervoer.nl/over-ons/beleggen/spreiden-van-beleggingen
Pensioenfonds Vervoer	Meridian Energy Ltd	2024-12-31	2.459	x1	EUR	https://www.pfvervoer.nl/over-ons/beleggen/spreiden-van-beleggingen
Pensioenfonds Vervoer	META PLATFORMS INC	2024-12-31	207.054	x1	EUR	https://www.pfvervoer.nl/over-ons/beleggen/spreiden-van-beleggingen
Pensioenfonds Vervoer	Metavante Technologies Inc	2024-12-31	6.976	x1	EUR	https://www.pfvervoer.nl/over-ons/beleggen/spreiden-van-beleggingen
Pensioenfonds Vervoer	Metlen Energy & Metals SA	2024-12-31	4.579	x1	EUR	https://www.pfvervoer.nl/over-ons/beleggen/spreiden-van-beleggingen
Pensioenfonds Vervoer	MetLife Inc	2024-12-31	18.345	x1	EUR	https://www.pfvervoer.nl/over-ons/beleggen/spreiden-van-beleggingen
Pensioenfonds Vervoer	Metro Inc	2024-12-31	3.155	x1	EUR	https://www.pfvervoer.nl/over-ons/beleggen/spreiden-van-beleggingen
Pensioenfonds Vervoer	Metropolitan Bank & Trust Co	2024-12-31	457	x1	EUR	https://www.pfvervoer.nl/over-ons/beleggen/spreiden-van-beleggingen
Pensioenfonds Vervoer	Mettler-Toledo International I	2024-12-31	5.495	x1	EUR	https://www.pfvervoer.nl/over-ons/beleggen/spreiden-van-beleggingen
Pensioenfonds Vervoer	MGIC INVESTMENT CORP	2024-12-31	5.232	x1	EUR	https://www.pfvervoer.nl/over-ons/beleggen/spreiden-van-beleggingen
Pensioenfonds Vervoer	MGM RESORTS INTL	2024-12-31	2.734	x1	EUR	https://www.pfvervoer.nl/over-ons/beleggen/spreiden-van-beleggingen
Pensioenfonds Vervoer	Michelin	2024-12-31	33.549	x1	EUR	https://www.pfvervoer.nl/over-ons/beleggen/spreiden-van-beleggingen
Pensioenfonds Vervoer	MICROCHIP TECHNOLOGY INC	2024-12-31	2.499	x1	EUR	https://www.pfvervoer.nl/over-ons/beleggen/spreiden-van-beleggingen
Pensioenfonds Vervoer	Micron Technologies	2024-12-31	6.738	x1	EUR	https://www.pfvervoer.nl/over-ons/beleggen/spreiden-van-beleggingen
Pensioenfonds Vervoer	Microsoft Corp	2024-12-31	305.495	x1	EUR	https://www.pfvervoer.nl/over-ons/beleggen/spreiden-van-beleggingen
Pensioenfonds Vervoer	MicroStrategy Inc	2024-12-31	1.152	x1	EUR	https://www.pfvervoer.nl/over-ons/beleggen/spreiden-van-beleggingen
Pensioenfonds Vervoer	Midea Group Co Ltd	2024-12-31	19.987	x1	EUR	https://www.pfvervoer.nl/over-ons/beleggen/spreiden-van-beleggingen
Pensioenfonds Vervoer	Military Commercial Joint Stoc	2024-12-31	1.033	x1	EUR	https://www.pfvervoer.nl/over-ons/beleggen/spreiden-van-beleggingen
Pensioenfonds Vervoer	Minebea Co Ltd	2024-12-31	807	x1	EUR	https://www.pfvervoer.nl/over-ons/beleggen/spreiden-van-beleggingen
Pensioenfonds Vervoer	Mineral Resources Ltd	2024-12-31	1.974	x1	EUR	https://www.pfvervoer.nl/over-ons/beleggen/spreiden-van-beleggingen
Pensioenfonds Vervoer	Mirvac Group	2024-12-31	3.432	x1	EUR	https://www.pfvervoer.nl/over-ons/beleggen/spreiden-van-beleggingen
Pensioenfonds Vervoer	MISUMI Group Inc	2024-12-31	4.486	x1	EUR	https://www.pfvervoer.nl/over-ons/beleggen/spreiden-van-beleggingen
Pensioenfonds Vervoer	Mitsubishi Corp	2024-12-31	23.734	x1	EUR	https://www.pfvervoer.nl/over-ons/beleggen/spreiden-van-beleggingen
Pensioenfonds Vervoer	Mitsubishi Estate Co Ltd	2024-12-31	4.123	x1	EUR	https://www.pfvervoer.nl/over-ons/beleggen/spreiden-van-beleggingen
Pensioenfonds Vervoer	Mitsubishi Heavy Industries Lt	2024-12-31	5.314	x1	EUR	https://www.pfvervoer.nl/over-ons/beleggen/spreiden-van-beleggingen
Pensioenfonds Vervoer	Mitsubishi Logistics Corp	2024-12-31	3.688	x1	EUR	https://www.pfvervoer.nl/over-ons/beleggen/spreiden-van-beleggingen
Pensioenfonds Vervoer	Mitsubishi Rayon Co Ltd	2024-12-31	735	x1	EUR	https://www.pfvervoer.nl/over-ons/beleggen/spreiden-van-beleggingen
Pensioenfonds Vervoer	Mitsubishi UFJ Lease & Finance	2024-12-31	699	x1	EUR	https://www.pfvervoer.nl/over-ons/beleggen/spreiden-van-beleggingen
Pensioenfonds Vervoer	Mitsui & Co Ltd	2024-12-31	6.244	x1	EUR	https://www.pfvervoer.nl/over-ons/beleggen/spreiden-van-beleggingen
Pensioenfonds Vervoer	Mitsui Chemicals Inc	2024-12-31	3.778	x1	EUR	https://www.pfvervoer.nl/over-ons/beleggen/spreiden-van-beleggingen
Pensioenfonds Vervoer	Mitsui Fudosan Co Ltd	2024-12-31	12.761	x1	EUR	https://www.pfvervoer.nl/over-ons/beleggen/spreiden-van-beleggingen
Pensioenfonds Vervoer	Mitsui OSK Lines Ltd	2024-12-31	1.619	x1	EUR	https://www.pfvervoer.nl/over-ons/beleggen/spreiden-van-beleggingen
Pensioenfonds Vervoer	Mitsui Sumitomo Insurance Group Holdings Inc	2024-12-31	18.628	x1	EUR	https://www.pfvervoer.nl/over-ons/beleggen/spreiden-van-beleggingen
Pensioenfonds Vervoer	Mixi Inc	2024-12-31	458	x1	EUR	https://www.pfvervoer.nl/over-ons/beleggen/spreiden-van-beleggingen
Pensioenfonds Vervoer	Mizuho Bank Ltd	2024-12-31	31.814	x1	EUR	https://www.pfvervoer.nl/over-ons/beleggen/spreiden-van-beleggingen
Pensioenfonds Vervoer	Moderna Inc	2024-12-31	253	x1	EUR	https://www.pfvervoer.nl/over-ons/beleggen/spreiden-van-beleggingen
Pensioenfonds Vervoer	MOL Hungarian Oil & Gas PLC	2024-12-31	4.592	x1	EUR	https://www.pfvervoer.nl/over-ons/beleggen/spreiden-van-beleggingen
Pensioenfonds Vervoer	Molson Coors Brewing Co	2024-12-31	7.329	x1	EUR	https://www.pfvervoer.nl/over-ons/beleggen/spreiden-van-beleggingen
Pensioenfonds Vervoer	MONDAY,COM LTD	2024-12-31	2.246	x1	EUR	https://www.pfvervoer.nl/over-ons/beleggen/spreiden-van-beleggingen
Pensioenfonds Vervoer	Money Forward Inc	2024-12-31	3.571	x1	EUR	https://www.pfvervoer.nl/over-ons/beleggen/spreiden-van-beleggingen
Pensioenfonds Vervoer	MONGODB INC	2024-12-31	185	x1	EUR	https://www.pfvervoer.nl/over-ons/beleggen/spreiden-van-beleggingen
Pensioenfonds Vervoer	MONOLITHIC POWER SYSTEMS INC	2024-12-31	4.451	x1	EUR	https://www.pfvervoer.nl/over-ons/beleggen/spreiden-van-beleggingen
Pensioenfonds Vervoer	MonotaRO Co Ltd	2024-12-31	6.182	x1	EUR	https://www.pfvervoer.nl/over-ons/beleggen/spreiden-van-beleggingen
Pensioenfonds Vervoer	Monster Beverage Corp	2024-12-31	1.730	x1	EUR	https://www.pfvervoer.nl/over-ons/beleggen/spreiden-van-beleggingen
Pensioenfonds Vervoer	Moody's Corp	2024-12-31	9.702	x1	EUR	https://www.pfvervoer.nl/over-ons/beleggen/spreiden-van-beleggingen
Pensioenfonds Vervoer	MORGAN STANLEY	2024-12-31	4.304	x1	EUR	https://www.pfvervoer.nl/over-ons/beleggen/spreiden-van-beleggingen
Pensioenfonds Vervoer	Motorola Inc	2024-12-31	36.897	x1	EUR	https://www.pfvervoer.nl/over-ons/beleggen/spreiden-van-beleggingen
Pensioenfonds Vervoer	Mphasis Ltd	2024-12-31	476	x1	EUR	https://www.pfvervoer.nl/over-ons/beleggen/spreiden-van-beleggingen
Pensioenfonds Vervoer	MSCI Inc	2024-12-31	6.133	x1	EUR	https://www.pfvervoer.nl/over-ons/beleggen/spreiden-van-beleggingen
Pensioenfonds Vervoer	MTU Aero Engines Holding AG	2024-12-31	16.414	x1	EUR	https://www.pfvervoer.nl/over-ons/beleggen/spreiden-van-beleggingen
Pensioenfonds Vervoer	MUELLER INDUSTRIES INC	2024-12-31	2.874	x1	EUR	https://www.pfvervoer.nl/over-ons/beleggen/spreiden-van-beleggingen
Pensioenfonds Vervoer	Muenchener Rueckversicherungs	2024-12-31	7.533	x1	EUR	https://www.pfvervoer.nl/over-ons/beleggen/spreiden-van-beleggingen
Pensioenfonds Vervoer	MURATA MANUFACTURING CO LTD	2024-12-31	19.225	x1	EUR	https://www.pfvervoer.nl/over-ons/beleggen/spreiden-van-beleggingen
Pensioenfonds Vervoer	Nakanishi Inc	2024-12-31	2.583	x1	EUR	https://www.pfvervoer.nl/over-ons/beleggen/spreiden-van-beleggingen
Pensioenfonds Vervoer	Namco Bandai Holdings Inc	2024-12-31	1.531	x1	EUR	https://www.pfvervoer.nl/over-ons/beleggen/spreiden-van-beleggingen
Pensioenfonds Vervoer	NANSHAN ALUMINIUM	2024-12-31	327	x1	EUR	https://www.pfvervoer.nl/over-ons/beleggen/spreiden-van-beleggingen
Pensioenfonds Vervoer	Nasdaq Inc	2024-12-31	1.450	x1	EUR	https://www.pfvervoer.nl/over-ons/beleggen/spreiden-van-beleggingen
Pensioenfonds Vervoer	Naspers Ltd	2024-12-31	5.104	x1	EUR	https://www.pfvervoer.nl/over-ons/beleggen/spreiden-van-beleggingen
Pensioenfonds Vervoer	National Bank of Australia	2024-12-31	9.305	x1	EUR	https://www.pfvervoer.nl/over-ons/beleggen/spreiden-van-beleggingen
Pensioenfonds Vervoer	National Bank of Greece SA	2024-12-31	8.515	x1	EUR	https://www.pfvervoer.nl/over-ons/beleggen/spreiden-van-beleggingen
Pensioenfonds Vervoer	NATIONAL GRID PLC	2024-12-31	14.488	x1	EUR	https://www.pfvervoer.nl/over-ons/beleggen/spreiden-van-beleggingen
Pensioenfonds Vervoer	Natwest Group PLC	2024-12-31	20.923	x1	EUR	https://www.pfvervoer.nl/over-ons/beleggen/spreiden-van-beleggingen
Pensioenfonds Vervoer	NCR Atleos Corp	2024-12-31	1.397	x1	EUR	https://www.pfvervoer.nl/over-ons/beleggen/spreiden-van-beleggingen
Pensioenfonds Vervoer	NEC CORP	2024-12-31	7.560	x1	EUR	https://www.pfvervoer.nl/over-ons/beleggen/spreiden-van-beleggingen
Pensioenfonds Vervoer	NEC ELECTRONICS CORP	2024-12-31	2.741	x1	EUR	https://www.pfvervoer.nl/over-ons/beleggen/spreiden-van-beleggingen
Pensioenfonds Vervoer	NEPI Rockcastle PLC	2024-12-31	926	x1	EUR	https://www.pfvervoer.nl/over-ons/beleggen/spreiden-van-beleggingen
Pensioenfonds Vervoer	NESTE OIL OYJ	2024-12-31	10.110	x1	EUR	https://www.pfvervoer.nl/over-ons/beleggen/spreiden-van-beleggingen
Pensioenfonds Vervoer	Nestle SA	2024-12-31	44.212	x1	EUR	https://www.pfvervoer.nl/over-ons/beleggen/spreiden-van-beleggingen
Pensioenfonds Vervoer	NetApp Inc	2024-12-31	5.672	x1	EUR	https://www.pfvervoer.nl/over-ons/beleggen/spreiden-van-beleggingen
Pensioenfonds Vervoer	NetEase Inc	2024-12-31	11.415	x1	EUR	https://www.pfvervoer.nl/over-ons/beleggen/spreiden-van-beleggingen
Pensioenfonds Vervoer	NetFlix Inc	2024-12-31	63.659	x1	EUR	https://www.pfvervoer.nl/over-ons/beleggen/spreiden-van-beleggingen
Pensioenfonds Vervoer	New China Life Insurance Co Lt	2024-12-31	551	x1	EUR	https://www.pfvervoer.nl/over-ons/beleggen/spreiden-van-beleggingen
Pensioenfonds Vervoer	New Linde PLC	2024-12-31	51.991	x1	EUR	https://www.pfvervoer.nl/over-ons/beleggen/spreiden-van-beleggingen
Pensioenfonds Vervoer	New Oriental Education & Techn	2024-12-31	9.422	x1	EUR	https://www.pfvervoer.nl/over-ons/beleggen/spreiden-van-beleggingen
Pensioenfonds Vervoer	Newmarket Corp	2024-12-31	2.857	x1	EUR	https://www.pfvervoer.nl/over-ons/beleggen/spreiden-van-beleggingen
Pensioenfonds Vervoer	Newmont Mining Corp	2024-12-31	641	x1	EUR	https://www.pfvervoer.nl/over-ons/beleggen/spreiden-van-beleggingen
Pensioenfonds Vervoer	Nexi SpA	2024-12-31	315	x1	EUR	https://www.pfvervoer.nl/over-ons/beleggen/spreiden-van-beleggingen
Pensioenfonds Vervoer	Nexon Co Ltd	2024-12-31	1.124	x1	EUR	https://www.pfvervoer.nl/over-ons/beleggen/spreiden-van-beleggingen
Pensioenfonds Vervoer	Nexstar Broadcasting Group Inc	2024-12-31	2.682	x1	EUR	https://www.pfvervoer.nl/over-ons/beleggen/spreiden-van-beleggingen
Pensioenfonds Vervoer	NEXT PLC	2024-12-31	15.755	x1	EUR	https://www.pfvervoer.nl/over-ons/beleggen/spreiden-van-beleggingen
Pensioenfonds Vervoer	Nextera Energy Capital	2024-12-31	1.871	x1	EUR	https://www.pfvervoer.nl/over-ons/beleggen/spreiden-van-beleggingen
Pensioenfonds Vervoer	NGK INSULATORS LTD	2024-12-31	1.732	x1	EUR	https://www.pfvervoer.nl/over-ons/beleggen/spreiden-van-beleggingen
Pensioenfonds Vervoer	Nibe Industrier AB	2024-12-31	982	x1	EUR	https://www.pfvervoer.nl/over-ons/beleggen/spreiden-van-beleggingen
Pensioenfonds Vervoer	NICE Systems Ltd	2024-12-31	2.004	x1	EUR	https://www.pfvervoer.nl/over-ons/beleggen/spreiden-van-beleggingen
Pensioenfonds Vervoer	Nidec Corp	2024-12-31	4.796	x1	EUR	https://www.pfvervoer.nl/over-ons/beleggen/spreiden-van-beleggingen
Pensioenfonds Vervoer	Nihon Kohden Corp	2024-12-31	2.056	x1	EUR	https://www.pfvervoer.nl/over-ons/beleggen/spreiden-van-beleggingen
Pensioenfonds Vervoer	Nihon M&A Center Inc	2024-12-31	1.846	x1	EUR	https://www.pfvervoer.nl/over-ons/beleggen/spreiden-van-beleggingen
Pensioenfonds Vervoer	Nihon Unisys Ltd	2024-12-31	1.352	x1	EUR	https://www.pfvervoer.nl/over-ons/beleggen/spreiden-van-beleggingen
Pensioenfonds Vervoer	NIIT Technologies Ltd	2024-12-31	1.826	x1	EUR	https://www.pfvervoer.nl/over-ons/beleggen/spreiden-van-beleggingen
Pensioenfonds Vervoer	NIKE INC	2024-12-31	2.207	x1	EUR	https://www.pfvervoer.nl/over-ons/beleggen/spreiden-van-beleggingen
Pensioenfonds Vervoer	Nippon	2024-12-31	3.914	x1	EUR	https://www.pfvervoer.nl/over-ons/beleggen/spreiden-van-beleggingen
Pensioenfonds Vervoer	Nippon Express Holdings Co Ltd	2024-12-31	790	x1	EUR	https://www.pfvervoer.nl/over-ons/beleggen/spreiden-van-beleggingen
Pensioenfonds Vervoer	Nippon Oil Corp	2024-12-31	2.011	x1	EUR	https://www.pfvervoer.nl/over-ons/beleggen/spreiden-van-beleggingen
Pensioenfonds Vervoer	Nippon Paint Co Ltd	2024-12-31	667	x1	EUR	https://www.pfvervoer.nl/over-ons/beleggen/spreiden-van-beleggingen
Pensioenfonds Vervoer	Nippon Steel & Sumitomo Metal	2024-12-31	1.991	x1	EUR	https://www.pfvervoer.nl/over-ons/beleggen/spreiden-van-beleggingen
Pensioenfonds Vervoer	Nippon Telegraph & Telephone C	2024-12-31	21.207	x1	EUR	https://www.pfvervoer.nl/over-ons/beleggen/spreiden-van-beleggingen
Pensioenfonds Vervoer	Nippon Yusen Kabushiki	2024-12-31	1.971	x1	EUR	https://www.pfvervoer.nl/over-ons/beleggen/spreiden-van-beleggingen
Pensioenfonds Vervoer	Nissan Chemical Industries Ltd	2024-12-31	2.292	x1	EUR	https://www.pfvervoer.nl/over-ons/beleggen/spreiden-van-beleggingen
Pensioenfonds Vervoer	NISSAN MOTOR CO LTD	2024-12-31	840	x1	EUR	https://www.pfvervoer.nl/over-ons/beleggen/spreiden-van-beleggingen
Pensioenfonds Vervoer	Nissin Foods Holdings Co Ltd	2024-12-31	689	x1	EUR	https://www.pfvervoer.nl/over-ons/beleggen/spreiden-van-beleggingen
Pensioenfonds Vervoer	Niterra Co Ltd	2024-12-31	1.361	x1	EUR	https://www.pfvervoer.nl/over-ons/beleggen/spreiden-van-beleggingen
Pensioenfonds Vervoer	Nitori Co Ltd	2024-12-31	12.574	x1	EUR	https://www.pfvervoer.nl/over-ons/beleggen/spreiden-van-beleggingen
Pensioenfonds Vervoer	Nitto Denko Corp	2024-12-31	9.978	x1	EUR	https://www.pfvervoer.nl/over-ons/beleggen/spreiden-van-beleggingen
Pensioenfonds Vervoer	NNIT A/S	2024-12-31	95.087	x1	EUR	https://www.pfvervoer.nl/over-ons/beleggen/spreiden-van-beleggingen
Pensioenfonds Vervoer	Nokia OYJ	2024-12-31	4.621	x1	EUR	https://www.pfvervoer.nl/over-ons/beleggen/spreiden-van-beleggingen
Pensioenfonds Vervoer	Nomura International PLC	2024-12-31	11.606	x1	EUR	https://www.pfvervoer.nl/over-ons/beleggen/spreiden-van-beleggingen
Pensioenfonds Vervoer	Nomura Real Estate Master Fund	2024-12-31	9	x1	EUR	https://www.pfvervoer.nl/over-ons/beleggen/spreiden-van-beleggingen
Pensioenfonds Vervoer	Nomura Research Institute Ltd	2024-12-31	13.416	x1	EUR	https://www.pfvervoer.nl/over-ons/beleggen/spreiden-van-beleggingen
Pensioenfonds Vervoer	NORDEA BANK ABP	2024-12-31	11.804	x1	EUR	https://www.pfvervoer.nl/over-ons/beleggen/spreiden-van-beleggingen
Pensioenfonds Vervoer	NORFOLK SOUTHERN CORP	2024-12-31	11.763	x1	EUR	https://www.pfvervoer.nl/over-ons/beleggen/spreiden-van-beleggingen
Pensioenfonds Vervoer	Northern Star Resources Ltd	2024-12-31	2.217	x1	EUR	https://www.pfvervoer.nl/over-ons/beleggen/spreiden-van-beleggingen
Pensioenfonds Vervoer	NORTHERN TRUST COMPANY LONDON	2024-12-31	27.026	x1	EUR	https://www.pfvervoer.nl/over-ons/beleggen/spreiden-van-beleggingen
Pensioenfonds Vervoer	Northern Trust Corp	2024-12-31	566	x1	EUR	https://www.pfvervoer.nl/over-ons/beleggen/spreiden-van-beleggingen
Pensioenfonds Vervoer	Northern Trust Global Funds PL	2024-12-31	67.349	x1	EUR	https://www.pfvervoer.nl/over-ons/beleggen/spreiden-van-beleggingen
Pensioenfonds Vervoer	NORTHERN TRUST INTERN BANK	2024-12-31	107.259	x1	EUR	https://www.pfvervoer.nl/over-ons/beleggen/spreiden-van-beleggingen
Pensioenfonds Vervoer	Novartis AG	2024-12-31	18.274	x1	EUR	https://www.pfvervoer.nl/over-ons/beleggen/spreiden-van-beleggingen
Pensioenfonds Vervoer	Novatek Microelectronics Corp	2024-12-31	8.089	x1	EUR	https://www.pfvervoer.nl/over-ons/beleggen/spreiden-van-beleggingen
Pensioenfonds Vervoer	NOVO NORDISK A/S	2024-12-31	503	x1	EUR	https://www.pfvervoer.nl/over-ons/beleggen/spreiden-van-beleggingen
Pensioenfonds Vervoer	NSK Ltd	2024-12-31	566	x1	EUR	https://www.pfvervoer.nl/over-ons/beleggen/spreiden-van-beleggingen
Pensioenfonds Vervoer	NTT Data Corp	2024-12-31	1.552	x1	EUR	https://www.pfvervoer.nl/over-ons/beleggen/spreiden-van-beleggingen
Pensioenfonds Vervoer	NVR INC	2024-12-31	4.589	x1	EUR	https://www.pfvervoer.nl/over-ons/beleggen/spreiden-van-beleggingen
Pensioenfonds Vervoer	NXP Semiconductor NV	2024-12-31	5.405	x1	EUR	https://www.pfvervoer.nl/over-ons/beleggen/spreiden-van-beleggingen
Pensioenfonds Vervoer	Obayashi Corp	2024-12-31	4.053	x1	EUR	https://www.pfvervoer.nl/over-ons/beleggen/spreiden-van-beleggingen
Pensioenfonds Vervoer	Obic Co Ltd	2024-12-31	1.819	x1	EUR	https://www.pfvervoer.nl/over-ons/beleggen/spreiden-van-beleggingen
Pensioenfonds Vervoer	ODP Corp/The	2024-12-31	797	x1	EUR	https://www.pfvervoer.nl/over-ons/beleggen/spreiden-van-beleggingen
Pensioenfonds Vervoer	Okamura Corp	2024-12-31	2.892	x1	EUR	https://www.pfvervoer.nl/over-ons/beleggen/spreiden-van-beleggingen
Pensioenfonds Vervoer	OKTA INC	2024-12-31	157	x1	EUR	https://www.pfvervoer.nl/over-ons/beleggen/spreiden-van-beleggingen
Pensioenfonds Vervoer	Old Dominion Freight Line Inc	2024-12-31	14.652	x1	EUR	https://www.pfvervoer.nl/over-ons/beleggen/spreiden-van-beleggingen
Pensioenfonds Vervoer	Old Mutual Ltd	2024-12-31	5.109	x1	EUR	https://www.pfvervoer.nl/over-ons/beleggen/spreiden-van-beleggingen
Pensioenfonds Vervoer	Old Mutual PLC	2024-12-31	15.206	x1	EUR	https://www.pfvervoer.nl/over-ons/beleggen/spreiden-van-beleggingen
Pensioenfonds Vervoer	OLYMPUS CORP	2024-12-31	5.749	x1	EUR	https://www.pfvervoer.nl/over-ons/beleggen/spreiden-van-beleggingen
Pensioenfonds Vervoer	OMEGA HLTHCARE INVESTORS	2024-12-31	2.427	x1	EUR	https://www.pfvervoer.nl/over-ons/beleggen/spreiden-van-beleggingen
Pensioenfonds Vervoer	Omron Corp	2024-12-31	2.632	x1	EUR	https://www.pfvervoer.nl/over-ons/beleggen/spreiden-van-beleggingen
Pensioenfonds Vervoer	Onex Corporation	2024-12-31	1.145	x1	EUR	https://www.pfvervoer.nl/over-ons/beleggen/spreiden-van-beleggingen
Pensioenfonds Vervoer	Ono Pharmaceutical Co Ltd	2024-12-31	1.990	x1	EUR	https://www.pfvervoer.nl/over-ons/beleggen/spreiden-van-beleggingen
Pensioenfonds Vervoer	OPAP SA	2024-12-31	5.720	x1	EUR	https://www.pfvervoer.nl/over-ons/beleggen/spreiden-van-beleggingen
Pensioenfonds Vervoer	Oracle Corp	2024-12-31	16.093	x1	EUR	https://www.pfvervoer.nl/over-ons/beleggen/spreiden-van-beleggingen
Pensioenfonds Vervoer	Oracle Financial Services Soft	2024-12-31	5.807	x1	EUR	https://www.pfvervoer.nl/over-ons/beleggen/spreiden-van-beleggingen
Pensioenfonds Vervoer	Orange SA	2024-12-31	4.099	x1	EUR	https://www.pfvervoer.nl/over-ons/beleggen/spreiden-van-beleggingen
Pensioenfonds Vervoer	ORGANON & CO	2024-12-31	1.627	x1	EUR	https://www.pfvervoer.nl/over-ons/beleggen/spreiden-van-beleggingen
Pensioenfonds Vervoer	Orica Ltd	2024-12-31	1.128	x1	EUR	https://www.pfvervoer.nl/over-ons/beleggen/spreiden-van-beleggingen
Pensioenfonds Vervoer	Oriental Land Co Ltd	2024-12-31	3.147	x1	EUR	https://www.pfvervoer.nl/over-ons/beleggen/spreiden-van-beleggingen
Pensioenfonds Vervoer	ORION OYJ	2024-12-31	947	x1	EUR	https://www.pfvervoer.nl/over-ons/beleggen/spreiden-van-beleggingen
Pensioenfonds Vervoer	ORIX Corp	2024-12-31	16.213	x1	EUR	https://www.pfvervoer.nl/over-ons/beleggen/spreiden-van-beleggingen
Pensioenfonds Vervoer	ORLEN SA	2024-12-31	158	x1	EUR	https://www.pfvervoer.nl/over-ons/beleggen/spreiden-van-beleggingen
Pensioenfonds Vervoer	ORSTED A/S	2024-12-31	3.716	x1	EUR	https://www.pfvervoer.nl/over-ons/beleggen/spreiden-van-beleggingen
Pensioenfonds Vervoer	Osaka Securities Exchange Co L	2024-12-31	8.445	x1	EUR	https://www.pfvervoer.nl/over-ons/beleggen/spreiden-van-beleggingen
Pensioenfonds Vervoer	Oshkosh Corp	2024-12-31	3.957	x1	EUR	https://www.pfvervoer.nl/over-ons/beleggen/spreiden-van-beleggingen
Pensioenfonds Vervoer	OTP BANK PLC	2024-12-31	17.449	x1	EUR	https://www.pfvervoer.nl/over-ons/beleggen/spreiden-van-beleggingen
Pensioenfonds Vervoer	Otsuka Corp	2024-12-31	2.927	x1	EUR	https://www.pfvervoer.nl/over-ons/beleggen/spreiden-van-beleggingen
Pensioenfonds Vervoer	Otsuka Holdings Co Ltd	2024-12-31	7.726	x1	EUR	https://www.pfvervoer.nl/over-ons/beleggen/spreiden-van-beleggingen
Pensioenfonds Vervoer	OUTsurance Group Ltd	2024-12-31	1.645	x1	EUR	https://www.pfvervoer.nl/over-ons/beleggen/spreiden-van-beleggingen
Pensioenfonds Vervoer	Oversea-Chinese Banking Corp L	2024-12-31	1.813	x1	EUR	https://www.pfvervoer.nl/over-ons/beleggen/spreiden-van-beleggingen
Pensioenfonds Vervoer	Owens Corning Inc	2024-12-31	8.317	x1	EUR	https://www.pfvervoer.nl/over-ons/beleggen/spreiden-van-beleggingen
Pensioenfonds Vervoer	PALANTIR TECHNOLOGIES INC	2024-12-31	25.316	x1	EUR	https://www.pfvervoer.nl/over-ons/beleggen/spreiden-van-beleggingen
Pensioenfonds Vervoer	Palo Alto Networks Inc	2024-12-31	2.593	x1	EUR	https://www.pfvervoer.nl/over-ons/beleggen/spreiden-van-beleggingen
Pensioenfonds Vervoer	Panasonic Corp	2024-12-31	2.918	x1	EUR	https://www.pfvervoer.nl/over-ons/beleggen/spreiden-van-beleggingen
Pensioenfonds Vervoer	Parker Hannifin Corp	2024-12-31	1.170	x1	EUR	https://www.pfvervoer.nl/over-ons/beleggen/spreiden-van-beleggingen
Pensioenfonds Vervoer	Partners Group Holding AG	2024-12-31	4.389	x1	EUR	https://www.pfvervoer.nl/over-ons/beleggen/spreiden-van-beleggingen
Pensioenfonds Vervoer	PAYCHEX INC	2024-12-31	4.833	x1	EUR	https://www.pfvervoer.nl/over-ons/beleggen/spreiden-van-beleggingen
Pensioenfonds Vervoer	PayPal Holdings Inc	2024-12-31	20.141	x1	EUR	https://www.pfvervoer.nl/over-ons/beleggen/spreiden-van-beleggingen
Pensioenfonds Vervoer	Pearson Plc	2024-12-31	2.278	x1	EUR	https://www.pfvervoer.nl/over-ons/beleggen/spreiden-van-beleggingen
Pensioenfonds Vervoer	Pegatron Corp	2024-12-31	4.006	x1	EUR	https://www.pfvervoer.nl/over-ons/beleggen/spreiden-van-beleggingen
Pensioenfonds Vervoer	PENTAIR INC	2024-12-31	2.112	x1	EUR	https://www.pfvervoer.nl/over-ons/beleggen/spreiden-van-beleggingen
Pensioenfonds Vervoer	PeptiDream Inc	2024-12-31	2.171	x1	EUR	https://www.pfvervoer.nl/over-ons/beleggen/spreiden-van-beleggingen
Pensioenfonds Vervoer	PERNOD RICARD	2024-12-31	596	x1	EUR	https://www.pfvervoer.nl/over-ons/beleggen/spreiden-van-beleggingen
Pensioenfonds Vervoer	Pernod Ricard SA	2024-12-31	3	x1	EUR	https://www.pfvervoer.nl/over-ons/beleggen/spreiden-van-beleggingen
Pensioenfonds Vervoer	Petroleo Brasileiro SA	2024-12-31	4.368	x1	EUR	https://www.pfvervoer.nl/over-ons/beleggen/spreiden-van-beleggingen
Pensioenfonds Vervoer	Petronet LNG Ltd	2024-12-31	7.012	x1	EUR	https://www.pfvervoer.nl/over-ons/beleggen/spreiden-van-beleggingen
Pensioenfonds Vervoer	Pfizer Inc,	2024-12-31	13.984	x1	EUR	https://www.pfvervoer.nl/over-ons/beleggen/spreiden-van-beleggingen
Pensioenfonds Vervoer	PHARMAESSENTIA CORP	2024-12-31	4.964	x1	EUR	https://www.pfvervoer.nl/over-ons/beleggen/spreiden-van-beleggingen
Pensioenfonds Vervoer	PHINIA INC	2024-12-31	832	x1	EUR	https://www.pfvervoer.nl/over-ons/beleggen/spreiden-van-beleggingen
Pensioenfonds Vervoer	Phoenix Mills Ltd/The	2024-12-31	2.462	x1	EUR	https://www.pfvervoer.nl/over-ons/beleggen/spreiden-van-beleggingen
Pensioenfonds Vervoer	Pidilite Industries Ltd	2024-12-31	3.023	x1	EUR	https://www.pfvervoer.nl/over-ons/beleggen/spreiden-van-beleggingen
Pensioenfonds Vervoer	Piedmont Office Realty Trust I	2024-12-31	1.660	x1	EUR	https://www.pfvervoer.nl/over-ons/beleggen/spreiden-van-beleggingen
Pensioenfonds Vervoer	Pinduoduo Inc	2024-12-31	10.209	x1	EUR	https://www.pfvervoer.nl/over-ons/beleggen/spreiden-van-beleggingen
Pensioenfonds Vervoer	PING AN	2024-12-31	768	x1	EUR	https://www.pfvervoer.nl/over-ons/beleggen/spreiden-van-beleggingen
Pensioenfonds Vervoer	Ping An Bank Co Ltd	2024-12-31	230	x1	EUR	https://www.pfvervoer.nl/over-ons/beleggen/spreiden-van-beleggingen
Pensioenfonds Vervoer	Ping An Insurance Group Co of	2024-12-31	12.515	x1	EUR	https://www.pfvervoer.nl/over-ons/beleggen/spreiden-van-beleggingen
Pensioenfonds Vervoer	PLAYTIKA HOLDING CORP	2024-12-31	1.300	x1	EUR	https://www.pfvervoer.nl/over-ons/beleggen/spreiden-van-beleggingen
Pensioenfonds Vervoer	Pluxee France SA	2024-12-31	2.767	x1	EUR	https://www.pfvervoer.nl/over-ons/beleggen/spreiden-van-beleggingen
Pensioenfonds Vervoer	PNC Financial Services Group I	2024-12-31	2.368	x1	EUR	https://www.pfvervoer.nl/over-ons/beleggen/spreiden-van-beleggingen
Pensioenfonds Vervoer	Pool Corp	2024-12-31	375	x1	EUR	https://www.pfvervoer.nl/over-ons/beleggen/spreiden-van-beleggingen
Pensioenfonds Vervoer	Pop Mart International Group L	2024-12-31	1.115	x1	EUR	https://www.pfvervoer.nl/over-ons/beleggen/spreiden-van-beleggingen
Pensioenfonds Vervoer	Porsche Automobil Holding SE	2024-12-31	108	x1	EUR	https://www.pfvervoer.nl/over-ons/beleggen/spreiden-van-beleggingen
Pensioenfonds Vervoer	Pou Chen Corp	2024-12-31	1.729	x1	EUR	https://www.pfvervoer.nl/over-ons/beleggen/spreiden-van-beleggingen
Pensioenfonds Vervoer	Powszechna Kasa Oszczednosci B	2024-12-31	5.788	x1	EUR	https://www.pfvervoer.nl/over-ons/beleggen/spreiden-van-beleggingen
Pensioenfonds Vervoer	Powszechny Zaklad Ubezpieczen	2024-12-31	3.278	x1	EUR	https://www.pfvervoer.nl/over-ons/beleggen/spreiden-van-beleggingen
Pensioenfonds Vervoer	Poya International Co Ltd	2024-12-31	1.846	x1	EUR	https://www.pfvervoer.nl/over-ons/beleggen/spreiden-van-beleggingen
Pensioenfonds Vervoer	Prada SpA	2024-12-31	1.615	x1	EUR	https://www.pfvervoer.nl/over-ons/beleggen/spreiden-van-beleggingen
Pensioenfonds Vervoer	Press Metal Aluminium Holdings	2024-12-31	332	x1	EUR	https://www.pfvervoer.nl/over-ons/beleggen/spreiden-van-beleggingen
Pensioenfonds Vervoer	Pro Medicus Ltd	2024-12-31	4.968	x1	EUR	https://www.pfvervoer.nl/over-ons/beleggen/spreiden-van-beleggingen
Pensioenfonds Vervoer	PROCTER & GAMBLE CO	2024-12-31	33.741	x1	EUR	https://www.pfvervoer.nl/over-ons/beleggen/spreiden-van-beleggingen
Pensioenfonds Vervoer	PROGRESSIVE CORP	2024-12-31	29.965	x1	EUR	https://www.pfvervoer.nl/over-ons/beleggen/spreiden-van-beleggingen
Pensioenfonds Vervoer	Prologis LP	2024-12-31	2.368	x1	EUR	https://www.pfvervoer.nl/over-ons/beleggen/spreiden-van-beleggingen
Pensioenfonds Vervoer	Promotora y Operadora de Infra	2024-12-31	1.438	x1	EUR	https://www.pfvervoer.nl/over-ons/beleggen/spreiden-van-beleggingen
Pensioenfonds Vervoer	PROSUS NV	2024-12-31	22.648	x1	EUR	https://www.pfvervoer.nl/over-ons/beleggen/spreiden-van-beleggingen
Pensioenfonds Vervoer	PRUDENTIAL PLC	2024-12-31	15.510	x1	EUR	https://www.pfvervoer.nl/over-ons/beleggen/spreiden-van-beleggingen
Pensioenfonds Vervoer	PRYSMIAN SPA	2024-12-31	4.075	x1	EUR	https://www.pfvervoer.nl/over-ons/beleggen/spreiden-van-beleggingen
Pensioenfonds Vervoer	PUBLICIS GROUP	2024-12-31	4.574	x1	EUR	https://www.pfvervoer.nl/over-ons/beleggen/spreiden-van-beleggingen
Pensioenfonds Vervoer	PULTE GROUP INC	2024-12-31	16.221	x1	EUR	https://www.pfvervoer.nl/over-ons/beleggen/spreiden-van-beleggingen
Pensioenfonds Vervoer	Pure Storage Inc	2024-12-31	324	x1	EUR	https://www.pfvervoer.nl/over-ons/beleggen/spreiden-van-beleggingen
Pensioenfonds Vervoer	Qantas Airways Ltd	2024-12-31	663	x1	EUR	https://www.pfvervoer.nl/over-ons/beleggen/spreiden-van-beleggingen
Pensioenfonds Vervoer	QBE Insurance Group Ltd	2024-12-31	2.046	x1	EUR	https://www.pfvervoer.nl/over-ons/beleggen/spreiden-van-beleggingen
Pensioenfonds Vervoer	QIAGEN NV	2024-12-31	10.551	x1	EUR	https://www.pfvervoer.nl/over-ons/beleggen/spreiden-van-beleggingen
Pensioenfonds Vervoer	Qimonda AG	2024-12-31	260	x1	EUR	https://www.pfvervoer.nl/over-ons/beleggen/spreiden-van-beleggingen
Pensioenfonds Vervoer	QNB Finance Ltd	2024-12-31	4.106	x1	EUR	https://www.pfvervoer.nl/over-ons/beleggen/spreiden-van-beleggingen
Pensioenfonds Vervoer	QUALCOMM Inc	2024-12-31	37.029	x1	EUR	https://www.pfvervoer.nl/over-ons/beleggen/spreiden-van-beleggingen
Pensioenfonds Vervoer	Quanta Services Inc	2024-12-31	4.264	x1	EUR	https://www.pfvervoer.nl/over-ons/beleggen/spreiden-van-beleggingen
Pensioenfonds Vervoer	Quebecor Inc	2024-12-31	390	x1	EUR	https://www.pfvervoer.nl/over-ons/beleggen/spreiden-van-beleggingen
Pensioenfonds Vervoer	Radian Group Inc	2024-12-31	4.748	x1	EUR	https://www.pfvervoer.nl/over-ons/beleggen/spreiden-van-beleggingen
Pensioenfonds Vervoer	Raiffeisen Bank International	2024-12-31	1.559	x1	EUR	https://www.pfvervoer.nl/over-ons/beleggen/spreiden-van-beleggingen
Pensioenfonds Vervoer	RAKUTEN INC	2024-12-31	9.117	x1	EUR	https://www.pfvervoer.nl/over-ons/beleggen/spreiden-van-beleggingen
Pensioenfonds Vervoer	Ramsay Health Care Ltd	2024-12-31	566	x1	EUR	https://www.pfvervoer.nl/over-ons/beleggen/spreiden-van-beleggingen
Pensioenfonds Vervoer	Ranbaxy Laboratories Ltd	2024-12-31	7.334	x1	EUR	https://www.pfvervoer.nl/over-ons/beleggen/spreiden-van-beleggingen
Pensioenfonds Vervoer	Range Technology	2024-12-31	199	x1	EUR	https://www.pfvervoer.nl/over-ons/beleggen/spreiden-van-beleggingen
Pensioenfonds Vervoer	Raymond James Financial	2024-12-31	813	x1	EUR	https://www.pfvervoer.nl/over-ons/beleggen/spreiden-van-beleggingen
Pensioenfonds Vervoer	REA Group Ltd	2024-12-31	830	x1	EUR	https://www.pfvervoer.nl/over-ons/beleggen/spreiden-van-beleggingen
Pensioenfonds Vervoer	Realtek Semiconductor Corp	2024-12-31	11.862	x1	EUR	https://www.pfvervoer.nl/over-ons/beleggen/spreiden-van-beleggingen
Pensioenfonds Vervoer	Reckitt Benckiser Group PLC	2024-12-31	27.852	x1	EUR	https://www.pfvervoer.nl/over-ons/beleggen/spreiden-van-beleggingen
Pensioenfonds Vervoer	Recordati SpA	2024-12-31	551	x1	EUR	https://www.pfvervoer.nl/over-ons/beleggen/spreiden-van-beleggingen
Pensioenfonds Vervoer	Recruit Holdings Co Ltd	2024-12-31	49.052	x1	EUR	https://www.pfvervoer.nl/over-ons/beleggen/spreiden-van-beleggingen
Pensioenfonds Vervoer	Red Electrica Corp SA	2024-12-31	4.023	x1	EUR	https://www.pfvervoer.nl/over-ons/beleggen/spreiden-van-beleggingen
Pensioenfonds Vervoer	Reece Ltd	2024-12-31	763	x1	EUR	https://www.pfvervoer.nl/over-ons/beleggen/spreiden-van-beleggingen
Pensioenfonds Vervoer	Regeneron Pharmaceuticals Inc	2024-12-31	2.561	x1	EUR	https://www.pfvervoer.nl/over-ons/beleggen/spreiden-van-beleggingen
Pensioenfonds Vervoer	REGIONS FINANCIAL CORP	2024-12-31	4.906	x1	EUR	https://www.pfvervoer.nl/over-ons/beleggen/spreiden-van-beleggingen
Pensioenfonds Vervoer	Reliance Industries Ltd	2024-12-31	6.463	x1	EUR	https://www.pfvervoer.nl/over-ons/beleggen/spreiden-van-beleggingen
Pensioenfonds Vervoer	RELX PLC	2024-12-31	1.980	x1	EUR	https://www.pfvervoer.nl/over-ons/beleggen/spreiden-van-beleggingen
Pensioenfonds Vervoer	RENTOKIL INITIAL PLC	2024-12-31	147	x1	EUR	https://www.pfvervoer.nl/over-ons/beleggen/spreiden-van-beleggingen
Pensioenfonds Vervoer	Repros Therapeutics Inc	2024-12-31	1.622	x1	EUR	https://www.pfvervoer.nl/over-ons/beleggen/spreiden-van-beleggingen
Pensioenfonds Vervoer	REPSOL INTL FINANCE	2024-12-31	120	x1	EUR	https://www.pfvervoer.nl/over-ons/beleggen/spreiden-van-beleggingen
Pensioenfonds Vervoer	Republic of India	2024-12-31	1.566	x1	EUR	https://www.pfvervoer.nl/over-ons/beleggen/spreiden-van-beleggingen
Pensioenfonds Vervoer	Republic of Singapore	2024-12-31	9.874	x1	EUR	https://www.pfvervoer.nl/over-ons/beleggen/spreiden-van-beleggingen
Pensioenfonds Vervoer	Republic of Turkey	2024-12-31	1.348	x1	EUR	https://www.pfvervoer.nl/over-ons/beleggen/spreiden-van-beleggingen
Pensioenfonds Vervoer	Republic Services Inc	2024-12-31	6.297	x1	EUR	https://www.pfvervoer.nl/over-ons/beleggen/spreiden-van-beleggingen
Pensioenfonds Vervoer	ResMed Inc	2024-12-31	5.865	x1	EUR	https://www.pfvervoer.nl/over-ons/beleggen/spreiden-van-beleggingen
Pensioenfonds Vervoer	Resona Bank Ltd	2024-12-31	15.960	x1	EUR	https://www.pfvervoer.nl/over-ons/beleggen/spreiden-van-beleggingen
Pensioenfonds Vervoer	Restaurant Brands International	2024-12-31	256	x1	EUR	https://www.pfvervoer.nl/over-ons/beleggen/spreiden-van-beleggingen
Pensioenfonds Vervoer	Revvity Inc	2024-12-31	688	x1	EUR	https://www.pfvervoer.nl/over-ons/beleggen/spreiden-van-beleggingen
Pensioenfonds Vervoer	Rexford Industrial Realty Inc	2024-12-31	5.955	x1	EUR	https://www.pfvervoer.nl/over-ons/beleggen/spreiden-van-beleggingen
Pensioenfonds Vervoer	RHB Bank Bhd	2024-12-31	6.321	x1	EUR	https://www.pfvervoer.nl/over-ons/beleggen/spreiden-van-beleggingen
Pensioenfonds Vervoer	RICOH CO LTD	2024-12-31	3.321	x1	EUR	https://www.pfvervoer.nl/over-ons/beleggen/spreiden-van-beleggingen
Pensioenfonds Vervoer	Rinnai Corp	2024-12-31	6.063	x1	EUR	https://www.pfvervoer.nl/over-ons/beleggen/spreiden-van-beleggingen
Pensioenfonds Vervoer	Rio Tinto Ltd	2024-12-31	10.870	x1	EUR	https://www.pfvervoer.nl/over-ons/beleggen/spreiden-van-beleggingen
Pensioenfonds Vervoer	Robinhood Markets Inc	2024-12-31	842	x1	EUR	https://www.pfvervoer.nl/over-ons/beleggen/spreiden-van-beleggingen
Pensioenfonds Vervoer	ROBLOX Corp	2024-12-31	611	x1	EUR	https://www.pfvervoer.nl/over-ons/beleggen/spreiden-van-beleggingen
Pensioenfonds Vervoer	Rocca & Partners Stichting Adm	2024-12-31	4.040	x1	EUR	https://www.pfvervoer.nl/over-ons/beleggen/spreiden-van-beleggingen
Pensioenfonds Vervoer	Roche Holding AG	2024-12-31	56.421	x1	EUR	https://www.pfvervoer.nl/over-ons/beleggen/spreiden-van-beleggingen
Pensioenfonds Vervoer	Rockwell Automation Inc /DE	2024-12-31	10.612	x1	EUR	https://www.pfvervoer.nl/over-ons/beleggen/spreiden-van-beleggingen
Pensioenfonds Vervoer	Rockwool International AS	2024-12-31	1.867	x1	EUR	https://www.pfvervoer.nl/over-ons/beleggen/spreiden-van-beleggingen
Pensioenfonds Vervoer	Rogers Communications Inc	2024-12-31	179	x1	EUR	https://www.pfvervoer.nl/over-ons/beleggen/spreiden-van-beleggingen
Pensioenfonds Vervoer	ROHM CO LTD	2024-12-31	3.529	x1	EUR	https://www.pfvervoer.nl/over-ons/beleggen/spreiden-van-beleggingen
Pensioenfonds Vervoer	Rollins Inc	2024-12-31	3.151	x1	EUR	https://www.pfvervoer.nl/over-ons/beleggen/spreiden-van-beleggingen
Pensioenfonds Vervoer	ROPER INDUSTRIES INC	2024-12-31	1.352	x1	EUR	https://www.pfvervoer.nl/over-ons/beleggen/spreiden-van-beleggingen
Pensioenfonds Vervoer	Ross Stores Inc	2024-12-31	2.426	x1	EUR	https://www.pfvervoer.nl/over-ons/beleggen/spreiden-van-beleggingen
Pensioenfonds Vervoer	ROYAL BK CANADA	2024-12-31	3.875	x1	EUR	https://www.pfvervoer.nl/over-ons/beleggen/spreiden-van-beleggingen
Pensioenfonds Vervoer	Rpm International Inc	2024-12-31	6.165	x1	EUR	https://www.pfvervoer.nl/over-ons/beleggen/spreiden-van-beleggingen
Pensioenfonds Vervoer	Ryder System Inc	2024-12-31	4.423	x1	EUR	https://www.pfvervoer.nl/over-ons/beleggen/spreiden-van-beleggingen
Pensioenfonds Vervoer	Ryohin Keikaku Co Ltd	2024-12-31	1.631	x1	EUR	https://www.pfvervoer.nl/over-ons/beleggen/spreiden-van-beleggingen
Pensioenfonds Vervoer	S&P Global Inc	2024-12-31	21.042	x1	EUR	https://www.pfvervoer.nl/over-ons/beleggen/spreiden-van-beleggingen
Pensioenfonds Vervoer	Safestore Holdings PLC	2024-12-31	3.962	x1	EUR	https://www.pfvervoer.nl/over-ons/beleggen/spreiden-van-beleggingen
Pensioenfonds Vervoer	Sage Group PLC/The	2024-12-31	3.879	x1	EUR	https://www.pfvervoer.nl/over-ons/beleggen/spreiden-van-beleggingen
Pensioenfonds Vervoer	Sally Beauty Holdings Inc	2024-12-31	2.258	x1	EUR	https://www.pfvervoer.nl/over-ons/beleggen/spreiden-van-beleggingen
Pensioenfonds Vervoer	Salmar ASA	2024-12-31	3.095	x1	EUR	https://www.pfvervoer.nl/over-ons/beleggen/spreiden-van-beleggingen
Pensioenfonds Vervoer	Sampo OYJ	2024-12-31	23.716	x1	EUR	https://www.pfvervoer.nl/over-ons/beleggen/spreiden-van-beleggingen
Pensioenfonds Vervoer	Samsung Biologics Co Ltd	2024-12-31	4.571	x1	EUR	https://www.pfvervoer.nl/over-ons/beleggen/spreiden-van-beleggingen
Pensioenfonds Vervoer	Samsung Electronics Co Ltd	2024-12-31	38.120	x1	EUR	https://www.pfvervoer.nl/over-ons/beleggen/spreiden-van-beleggingen
Pensioenfonds Vervoer	Samsung Life Insurance Co Ltd	2024-12-31	6.118	x1	EUR	https://www.pfvervoer.nl/over-ons/beleggen/spreiden-van-beleggingen
Pensioenfonds Vervoer	Samsung Securities Co Ltd	2024-12-31	1.131	x1	EUR	https://www.pfvervoer.nl/over-ons/beleggen/spreiden-van-beleggingen
Pensioenfonds Vervoer	SANDOZ GROUP AG	2024-12-31	365	x1	EUR	https://www.pfvervoer.nl/over-ons/beleggen/spreiden-van-beleggingen
Pensioenfonds Vervoer	Sanlam Ltd	2024-12-31	12.177	x1	EUR	https://www.pfvervoer.nl/over-ons/beleggen/spreiden-van-beleggingen
Pensioenfonds Vervoer	Sanmina-SCI Corp	2024-12-31	2.192	x1	EUR	https://www.pfvervoer.nl/over-ons/beleggen/spreiden-van-beleggingen
Pensioenfonds Vervoer	Sanofi	2024-12-31	37.922	x1	EUR	https://www.pfvervoer.nl/over-ons/beleggen/spreiden-van-beleggingen
Pensioenfonds Vervoer	SanPaolo IMI SpA	2024-12-31	21.533	x1	EUR	https://www.pfvervoer.nl/over-ons/beleggen/spreiden-van-beleggingen
Pensioenfonds Vervoer	SANQI HUYU	2024-12-31	247	x1	EUR	https://www.pfvervoer.nl/over-ons/beleggen/spreiden-van-beleggingen
Pensioenfonds Vervoer	Santander Bank Polska SA	2024-12-31	1.736	x1	EUR	https://www.pfvervoer.nl/over-ons/beleggen/spreiden-van-beleggingen
Pensioenfonds Vervoer	Santen Pharmaceutical Co Ltd	2024-12-31	1.058	x1	EUR	https://www.pfvervoer.nl/over-ons/beleggen/spreiden-van-beleggingen
Pensioenfonds Vervoer	Sanwa Holdings Corp	2024-12-31	2.978	x1	EUR	https://www.pfvervoer.nl/over-ons/beleggen/spreiden-van-beleggingen
Pensioenfonds Vervoer	SAP AG	2024-12-31	49.274	x1	EUR	https://www.pfvervoer.nl/over-ons/beleggen/spreiden-van-beleggingen
Pensioenfonds Vervoer	Sasol Ltd	2024-12-31	2.041	x1	EUR	https://www.pfvervoer.nl/over-ons/beleggen/spreiden-van-beleggingen
Pensioenfonds Vervoer	SBI Holdings Inc /Japan	2024-12-31	13.971	x1	EUR	https://www.pfvervoer.nl/over-ons/beleggen/spreiden-van-beleggingen
Pensioenfonds Vervoer	SBI Life Insurance Co Ltd	2024-12-31	6.257	x1	EUR	https://www.pfvervoer.nl/over-ons/beleggen/spreiden-van-beleggingen
Pensioenfonds Vervoer	SBS Holdings Inc	2024-12-31	2.502	x1	EUR	https://www.pfvervoer.nl/over-ons/beleggen/spreiden-van-beleggingen
Pensioenfonds Vervoer	SCHIBSTED ASA	2024-12-31	2.936	x1	EUR	https://www.pfvervoer.nl/over-ons/beleggen/spreiden-van-beleggingen
Pensioenfonds Vervoer	Schindler Holding AG	2024-12-31	515	x1	EUR	https://www.pfvervoer.nl/over-ons/beleggen/spreiden-van-beleggingen
Pensioenfonds Vervoer	Schneider Electric SA	2024-12-31	74.269	x1	EUR	https://www.pfvervoer.nl/over-ons/beleggen/spreiden-van-beleggingen
Pensioenfonds Vervoer	Scorpio Tankers Inc	2024-12-31	2.189	x1	EUR	https://www.pfvervoer.nl/over-ons/beleggen/spreiden-van-beleggingen
Pensioenfonds Vervoer	SCSK Corp	2024-12-31	695	x1	EUR	https://www.pfvervoer.nl/over-ons/beleggen/spreiden-van-beleggingen
Pensioenfonds Vervoer	Sea Ltd	2024-12-31	2.238	x1	EUR	https://www.pfvervoer.nl/over-ons/beleggen/spreiden-van-beleggingen
Pensioenfonds Vervoer	Secom	2024-12-31	1.725	x1	EUR	https://www.pfvervoer.nl/over-ons/beleggen/spreiden-van-beleggingen
Pensioenfonds Vervoer	Seek Ltd	2024-12-31	542	x1	EUR	https://www.pfvervoer.nl/over-ons/beleggen/spreiden-van-beleggingen
Pensioenfonds Vervoer	Segro PLC	2024-12-31	6.320	x1	EUR	https://www.pfvervoer.nl/over-ons/beleggen/spreiden-van-beleggingen
Pensioenfonds Vervoer	SEI Investments Co	2024-12-31	571	x1	EUR	https://www.pfvervoer.nl/over-ons/beleggen/spreiden-van-beleggingen
Pensioenfonds Vervoer	Seibu Holdings Inc	2024-12-31	5	x1	EUR	https://www.pfvervoer.nl/over-ons/beleggen/spreiden-van-beleggingen
Pensioenfonds Vervoer	Seiko Epson Corp	2024-12-31	3.031	x1	EUR	https://www.pfvervoer.nl/over-ons/beleggen/spreiden-van-beleggingen
Pensioenfonds Vervoer	SEKISUI CHEMICAL CO LTD	2024-12-31	2.150	x1	EUR	https://www.pfvervoer.nl/over-ons/beleggen/spreiden-van-beleggingen
Pensioenfonds Vervoer	Sekisui House Ltd	2024-12-31	1.522	x1	EUR	https://www.pfvervoer.nl/over-ons/beleggen/spreiden-van-beleggingen
Pensioenfonds Vervoer	Semen Indonesia Persero Tbk PT	2024-12-31	1.510	x1	EUR	https://www.pfvervoer.nl/over-ons/beleggen/spreiden-van-beleggingen
Pensioenfonds Vervoer	Sempra Energy	2024-12-31	21.734	x1	EUR	https://www.pfvervoer.nl/over-ons/beleggen/spreiden-van-beleggingen
Pensioenfonds Vervoer	SERES GROUP CO LTD	2024-12-31	353	x1	EUR	https://www.pfvervoer.nl/over-ons/beleggen/spreiden-van-beleggingen
Pensioenfonds Vervoer	ServiceNow Inc	2024-12-31	51.247	x1	EUR	https://www.pfvervoer.nl/over-ons/beleggen/spreiden-van-beleggingen
Pensioenfonds Vervoer	Seven & I Holdings Co Ltd	2024-12-31	18.164	x1	EUR	https://www.pfvervoer.nl/over-ons/beleggen/spreiden-van-beleggingen
Pensioenfonds Vervoer	SF Holding Co Ltd	2024-12-31	214	x1	EUR	https://www.pfvervoer.nl/over-ons/beleggen/spreiden-van-beleggingen
Pensioenfonds Vervoer	SG Holdings Co Ltd	2024-12-31	331	x1	EUR	https://www.pfvervoer.nl/over-ons/beleggen/spreiden-van-beleggingen
Pensioenfonds Vervoer	SGS SA	2024-12-31	3.195	x1	EUR	https://www.pfvervoer.nl/over-ons/beleggen/spreiden-van-beleggingen
Pensioenfonds Vervoer	SHENHUO CO,LTD	2024-12-31	138	x1	EUR	https://www.pfvervoer.nl/over-ons/beleggen/spreiden-van-beleggingen
Pensioenfonds Vervoer	Shenzhen Mindray Bio-Medical E	2024-12-31	6.558	x1	EUR	https://www.pfvervoer.nl/over-ons/beleggen/spreiden-van-beleggingen
Pensioenfonds Vervoer	Shenzhen Transsion Holdings Co	2024-12-31	107	x1	EUR	https://www.pfvervoer.nl/over-ons/beleggen/spreiden-van-beleggingen
Pensioenfonds Vervoer	Sherwin-Williams Co	2024-12-31	17.975	x1	EUR	https://www.pfvervoer.nl/over-ons/beleggen/spreiden-van-beleggingen
Pensioenfonds Vervoer	SHIFT INC	2024-12-31	2.451	x1	EUR	https://www.pfvervoer.nl/over-ons/beleggen/spreiden-van-beleggingen
Pensioenfonds Vervoer	Shimadzu Corp	2024-12-31	691	x1	EUR	https://www.pfvervoer.nl/over-ons/beleggen/spreiden-van-beleggingen
Pensioenfonds Vervoer	Shimamura Co Ltd	2024-12-31	1.421	x1	EUR	https://www.pfvervoer.nl/over-ons/beleggen/spreiden-van-beleggingen
Pensioenfonds Vervoer	Shimizu Corp	2024-12-31	8.894	x1	EUR	https://www.pfvervoer.nl/over-ons/beleggen/spreiden-van-beleggingen
Pensioenfonds Vervoer	SHIN-ETSU CHEMICAL CO LTD	2024-12-31	23.903	x1	EUR	https://www.pfvervoer.nl/over-ons/beleggen/spreiden-van-beleggingen
Pensioenfonds Vervoer	Shinhan Financial Group Co Ltd	2024-12-31	16.118	x1	EUR	https://www.pfvervoer.nl/over-ons/beleggen/spreiden-van-beleggingen
Pensioenfonds Vervoer	Shionogi & Co Ltd	2024-12-31	2.242	x1	EUR	https://www.pfvervoer.nl/over-ons/beleggen/spreiden-van-beleggingen
Pensioenfonds Vervoer	Shiseido Co Ltd	2024-12-31	3.484	x1	EUR	https://www.pfvervoer.nl/over-ons/beleggen/spreiden-van-beleggingen
Pensioenfonds Vervoer	Shizuoka Financial Group Inc	2024-12-31	1.868	x1	EUR	https://www.pfvervoer.nl/over-ons/beleggen/spreiden-van-beleggingen
Pensioenfonds Vervoer	SHOPIFY INC	2024-12-31	7.123	x1	EUR	https://www.pfvervoer.nl/over-ons/beleggen/spreiden-van-beleggingen
Pensioenfonds Vervoer	Shriram Finance Ltd	2024-12-31	4.444	x1	EUR	https://www.pfvervoer.nl/over-ons/beleggen/spreiden-van-beleggingen
Pensioenfonds Vervoer	Shutterstock Inc	2024-12-31	1.438	x1	EUR	https://www.pfvervoer.nl/over-ons/beleggen/spreiden-van-beleggingen
Pensioenfonds Vervoer	Siam Commercial Bank PCL/The	2024-12-31	3.313	x1	EUR	https://www.pfvervoer.nl/over-ons/beleggen/spreiden-van-beleggingen
Pensioenfonds Vervoer	Siemens AG	2024-12-31	55.195	x1	EUR	https://www.pfvervoer.nl/over-ons/beleggen/spreiden-van-beleggingen
Pensioenfonds Vervoer	Siemens Healthineers AG	2024-12-31	3	x1	EUR	https://www.pfvervoer.nl/over-ons/beleggen/spreiden-van-beleggingen
Pensioenfonds Vervoer	Sika AG	2024-12-31	2	x1	EUR	https://www.pfvervoer.nl/over-ons/beleggen/spreiden-van-beleggingen
Pensioenfonds Vervoer	Silergy Corp	2024-12-31	2.116	x1	EUR	https://www.pfvervoer.nl/over-ons/beleggen/spreiden-van-beleggingen
Pensioenfonds Vervoer	SINGAPORE EXCHANGE LTD	2024-12-31	1.113	x1	EUR	https://www.pfvervoer.nl/over-ons/beleggen/spreiden-van-beleggingen
Pensioenfonds Vervoer	Singapore Technologies Engineering	2024-12-31	3.388	x1	EUR	https://www.pfvervoer.nl/over-ons/beleggen/spreiden-van-beleggingen
Pensioenfonds Vervoer	Sino Land Co Ltd	2024-12-31	747	x1	EUR	https://www.pfvervoer.nl/over-ons/beleggen/spreiden-van-beleggingen
Pensioenfonds Vervoer	SIRIUS XM HOLDINGS INC	2024-12-31	1.711	x1	EUR	https://www.pfvervoer.nl/over-ons/beleggen/spreiden-van-beleggingen
Pensioenfonds Vervoer	SITC International Holdings Co	2024-12-31	1.812	x1	EUR	https://www.pfvervoer.nl/over-ons/beleggen/spreiden-van-beleggingen
Pensioenfonds Vervoer	SK Hynix Inc	2024-12-31	31.673	x1	EUR	https://www.pfvervoer.nl/over-ons/beleggen/spreiden-van-beleggingen
Pensioenfonds Vervoer	SK Square Co Ltd	2024-12-31	3.694	x1	EUR	https://www.pfvervoer.nl/over-ons/beleggen/spreiden-van-beleggingen
Pensioenfonds Vervoer	Skandinaviska Enskilda Banken AB	2024-12-31	1.604	x1	EUR	https://www.pfvervoer.nl/over-ons/beleggen/spreiden-van-beleggingen
Pensioenfonds Vervoer	Sky Treasure Capital Ltd	2024-12-31	3.245	x1	EUR	https://www.pfvervoer.nl/over-ons/beleggen/spreiden-van-beleggingen
Pensioenfonds Vervoer	Skylark Co Ltd	2024-12-31	893	x1	EUR	https://www.pfvervoer.nl/over-ons/beleggen/spreiden-van-beleggingen
Pensioenfonds Vervoer	Skyworks Solutions Inc	2024-12-31	1.730	x1	EUR	https://www.pfvervoer.nl/over-ons/beleggen/spreiden-van-beleggingen
Pensioenfonds Vervoer	Slater & Gordon Ltd	2024-12-31	885	x1	EUR	https://www.pfvervoer.nl/over-ons/beleggen/spreiden-van-beleggingen
Pensioenfonds Vervoer	SM Investments Corp	2024-12-31	3.524	x1	EUR	https://www.pfvervoer.nl/over-ons/beleggen/spreiden-van-beleggingen
Pensioenfonds Vervoer	SMC Corp/Japan	2024-12-31	19.164	x1	EUR	https://www.pfvervoer.nl/over-ons/beleggen/spreiden-van-beleggingen
Pensioenfonds Vervoer	Smith International Inc	2024-12-31	17.730	x1	EUR	https://www.pfvervoer.nl/over-ons/beleggen/spreiden-van-beleggingen
Pensioenfonds Vervoer	SNAP INC	2024-12-31	253	x1	EUR	https://www.pfvervoer.nl/over-ons/beleggen/spreiden-van-beleggingen
Pensioenfonds Vervoer	Snap-On Inc	2024-12-31	4.091	x1	EUR	https://www.pfvervoer.nl/over-ons/beleggen/spreiden-van-beleggingen
Pensioenfonds Vervoer	Socionext Inc	2024-12-31	1.450	x1	EUR	https://www.pfvervoer.nl/over-ons/beleggen/spreiden-van-beleggingen
Pensioenfonds Vervoer	Sodexo	2024-12-31	11.587	x1	EUR	https://www.pfvervoer.nl/over-ons/beleggen/spreiden-van-beleggingen
Pensioenfonds Vervoer	Sofina SA	2024-12-31	1.550	x1	EUR	https://www.pfvervoer.nl/over-ons/beleggen/spreiden-van-beleggingen
Pensioenfonds Vervoer	SOFTBANK CORP	2024-12-31	48.455	x1	EUR	https://www.pfvervoer.nl/over-ons/beleggen/spreiden-van-beleggingen
Pensioenfonds Vervoer	Sohgo Security Services Co Ltd	2024-12-31	1.442	x1	EUR	https://www.pfvervoer.nl/over-ons/beleggen/spreiden-van-beleggingen
Pensioenfonds Vervoer	SOLVENTUM CORP	2024-12-31	320	x1	EUR	https://www.pfvervoer.nl/over-ons/beleggen/spreiden-van-beleggingen
Pensioenfonds Vervoer	Sompo Holdings Inc	2024-12-31	7.715	x1	EUR	https://www.pfvervoer.nl/over-ons/beleggen/spreiden-van-beleggingen
Pensioenfonds Vervoer	Sonae	2024-12-31	3	x1	EUR	https://www.pfvervoer.nl/over-ons/beleggen/spreiden-van-beleggingen
Pensioenfonds Vervoer	Sonic Healthcare Ltd	2024-12-31	1.060	x1	EUR	https://www.pfvervoer.nl/over-ons/beleggen/spreiden-van-beleggingen
Pensioenfonds Vervoer	SONOCO PRODUCTS CO	2024-12-31	2.632	x1	EUR	https://www.pfvervoer.nl/over-ons/beleggen/spreiden-van-beleggingen
Pensioenfonds Vervoer	Sonova Holding AG	2024-12-31	318	x1	EUR	https://www.pfvervoer.nl/over-ons/beleggen/spreiden-van-beleggingen
Pensioenfonds Vervoer	Sony Financial Holdings Inc	2024-12-31	61.386	x1	EUR	https://www.pfvervoer.nl/over-ons/beleggen/spreiden-van-beleggingen
Pensioenfonds Vervoer	Southwest Airlines Co	2024-12-31	5.066	x1	EUR	https://www.pfvervoer.nl/over-ons/beleggen/spreiden-van-beleggingen
Pensioenfonds Vervoer	SpareBank	2024-12-31	1	x1	EUR	https://www.pfvervoer.nl/over-ons/beleggen/spreiden-van-beleggingen
Pensioenfonds Vervoer	SPD BANK	2024-12-31	167	x1	EUR	https://www.pfvervoer.nl/over-ons/beleggen/spreiden-van-beleggingen
Pensioenfonds Vervoer	Spectra Systems Corp	2024-12-31	473	x1	EUR	https://www.pfvervoer.nl/over-ons/beleggen/spreiden-van-beleggingen
Pensioenfonds Vervoer	Spectrum Brands Holdings Inc	2024-12-31	1.485	x1	EUR	https://www.pfvervoer.nl/over-ons/beleggen/spreiden-van-beleggingen
Pensioenfonds Vervoer	Spirax-Sarco Engineering PLC	2024-12-31	218	x1	EUR	https://www.pfvervoer.nl/over-ons/beleggen/spreiden-van-beleggingen
Pensioenfonds Vervoer	Splendid Steed Investments Ltd	2024-12-31	3.310	x1	EUR	https://www.pfvervoer.nl/over-ons/beleggen/spreiden-van-beleggingen
Pensioenfonds Vervoer	Spotify Technology SA	2024-12-31	36.057	x1	EUR	https://www.pfvervoer.nl/over-ons/beleggen/spreiden-van-beleggingen
Pensioenfonds Vervoer	Square Enix Holdings Co Ltd	2024-12-31	8.210	x1	EUR	https://www.pfvervoer.nl/over-ons/beleggen/spreiden-van-beleggingen
Pensioenfonds Vervoer	Square Inc	2024-12-31	4.278	x1	EUR	https://www.pfvervoer.nl/over-ons/beleggen/spreiden-van-beleggingen
Pensioenfonds Vervoer	Standard Bank Group Ltd	2024-12-31	10.254	x1	EUR	https://www.pfvervoer.nl/over-ons/beleggen/spreiden-van-beleggingen
Pensioenfonds Vervoer	Standard Chartered PLC	2024-12-31	14.651	x1	EUR	https://www.pfvervoer.nl/over-ons/beleggen/spreiden-van-beleggingen
Pensioenfonds Vervoer	Stanley Black & Decker Inc,	2024-12-31	11.225	x1	EUR	https://www.pfvervoer.nl/over-ons/beleggen/spreiden-van-beleggingen
Pensioenfonds Vervoer	Stanley Electric Co Ltd	2024-12-31	1.077	x1	EUR	https://www.pfvervoer.nl/over-ons/beleggen/spreiden-van-beleggingen
Pensioenfonds Vervoer	Stantec Inc	2024-12-31	5.996	x1	EUR	https://www.pfvervoer.nl/over-ons/beleggen/spreiden-van-beleggingen
Pensioenfonds Vervoer	Starbucks Corp	2024-12-31	1.661	x1	EUR	https://www.pfvervoer.nl/over-ons/beleggen/spreiden-van-beleggingen
Pensioenfonds Vervoer	Start Today Co Ltd	2024-12-31	751	x1	EUR	https://www.pfvervoer.nl/over-ons/beleggen/spreiden-van-beleggingen
Pensioenfonds Vervoer	State Bank of India	2024-12-31	5.644	x1	EUR	https://www.pfvervoer.nl/over-ons/beleggen/spreiden-van-beleggingen
Pensioenfonds Vervoer	State of Qatar	2024-12-31	565	x1	EUR	https://www.pfvervoer.nl/over-ons/beleggen/spreiden-van-beleggingen
Pensioenfonds Vervoer	STATE STREET CORP	2024-12-31	9.649	x1	EUR	https://www.pfvervoer.nl/over-ons/beleggen/spreiden-van-beleggingen
Pensioenfonds Vervoer	Stellantis NV	2024-12-31	427	x1	EUR	https://www.pfvervoer.nl/over-ons/beleggen/spreiden-van-beleggingen
Pensioenfonds Vervoer	Stifel Financial Corp	2024-12-31	323	x1	EUR	https://www.pfvervoer.nl/over-ons/beleggen/spreiden-van-beleggingen
Pensioenfonds Vervoer	Stockland	2024-12-31	2.888	x1	EUR	https://www.pfvervoer.nl/over-ons/beleggen/spreiden-van-beleggingen
Pensioenfonds Vervoer	Strabag SE	2024-12-31	1	x1	EUR	https://www.pfvervoer.nl/over-ons/beleggen/spreiden-van-beleggingen
Pensioenfonds Vervoer	Stryker Corp	2024-12-31	4.541	x1	EUR	https://www.pfvervoer.nl/over-ons/beleggen/spreiden-van-beleggingen
Pensioenfonds Vervoer	Sumber Alfaria Trijaya Tbk PT	2024-12-31	3.261	x1	EUR	https://www.pfvervoer.nl/over-ons/beleggen/spreiden-van-beleggingen
Pensioenfonds Vervoer	Sumitomo Corp	2024-12-31	2.744	x1	EUR	https://www.pfvervoer.nl/over-ons/beleggen/spreiden-van-beleggingen
Pensioenfonds Vervoer	Sumitomo Electric Industries L	2024-12-31	5.248	x1	EUR	https://www.pfvervoer.nl/over-ons/beleggen/spreiden-van-beleggingen
Pensioenfonds Vervoer	Sumitomo Forestry Co Ltd	2024-12-31	8.305	x1	EUR	https://www.pfvervoer.nl/over-ons/beleggen/spreiden-van-beleggingen
Pensioenfonds Vervoer	Sumitomo Metal Mining Co Ltd	2024-12-31	5.239	x1	EUR	https://www.pfvervoer.nl/over-ons/beleggen/spreiden-van-beleggingen
Pensioenfonds Vervoer	Sumitomo Mitsui Banking Corp	2024-12-31	37.581	x1	EUR	https://www.pfvervoer.nl/over-ons/beleggen/spreiden-van-beleggingen
Pensioenfonds Vervoer	Sumitomo Realty & Development	2024-12-31	1.084	x1	EUR	https://www.pfvervoer.nl/over-ons/beleggen/spreiden-van-beleggingen
Pensioenfonds Vervoer	Sun Life Financial Inc	2024-12-31	3.354	x1	EUR	https://www.pfvervoer.nl/over-ons/beleggen/spreiden-van-beleggingen
Pensioenfonds Vervoer	Suncorp-Metway Ltd	2024-12-31	2.483	x1	EUR	https://www.pfvervoer.nl/over-ons/beleggen/spreiden-van-beleggingen
Pensioenfonds Vervoer	Sundrug Co Ltd	2024-12-31	2	x1	EUR	https://www.pfvervoer.nl/over-ons/beleggen/spreiden-van-beleggingen
Pensioenfonds Vervoer	Sungrow Power Supply Co Ltd	2024-12-31	7	x1	EUR	https://www.pfvervoer.nl/over-ons/beleggen/spreiden-van-beleggingen
Pensioenfonds Vervoer	SUNNY OPTICAL	2024-12-31	5.577	x1	EUR	https://www.pfvervoer.nl/over-ons/beleggen/spreiden-van-beleggingen
Pensioenfonds Vervoer	Suntory Beverage & Food Ltd	2024-12-31	767	x1	EUR	https://www.pfvervoer.nl/over-ons/beleggen/spreiden-van-beleggingen
Pensioenfonds Vervoer	Super Micro Computer Inc	2024-12-31	1.265	x1	EUR	https://www.pfvervoer.nl/over-ons/beleggen/spreiden-van-beleggingen
Pensioenfonds Vervoer	Supreme Industries Ltd	2024-12-31	2.015	x1	EUR	https://www.pfvervoer.nl/over-ons/beleggen/spreiden-van-beleggingen
Pensioenfonds Vervoer	Suzuki Motor Corporation	2024-12-31	16.349	x1	EUR	https://www.pfvervoer.nl/over-ons/beleggen/spreiden-van-beleggingen
Pensioenfonds Vervoer	Svenska Cellulosa AB	2024-12-31	4.301	x1	EUR	https://www.pfvervoer.nl/over-ons/beleggen/spreiden-van-beleggingen
Pensioenfonds Vervoer	Svenska Handelsbanken AB	2024-12-31	1.469	x1	EUR	https://www.pfvervoer.nl/over-ons/beleggen/spreiden-van-beleggingen
Pensioenfonds Vervoer	Swiss Prime Site AG	2024-12-31	4.736	x1	EUR	https://www.pfvervoer.nl/over-ons/beleggen/spreiden-van-beleggingen
Pensioenfonds Vervoer	Swiss Re AG	2024-12-31	9	x1	EUR	https://www.pfvervoer.nl/over-ons/beleggen/spreiden-van-beleggingen
Pensioenfonds Vervoer	Symrise AG	2024-12-31	23.400	x1	EUR	https://www.pfvervoer.nl/over-ons/beleggen/spreiden-van-beleggingen
Pensioenfonds Vervoer	SYNNEX Corp	2024-12-31	4.151	x1	EUR	https://www.pfvervoer.nl/over-ons/beleggen/spreiden-van-beleggingen
Pensioenfonds Vervoer	Synopsys Inc	2024-12-31	8.629	x1	EUR	https://www.pfvervoer.nl/over-ons/beleggen/spreiden-van-beleggingen
Pensioenfonds Vervoer	Sysmex Corp	2024-12-31	7.176	x1	EUR	https://www.pfvervoer.nl/over-ons/beleggen/spreiden-van-beleggingen
Pensioenfonds Vervoer	T Rowe Price Group Inc	2024-12-31	1.056	x1	EUR	https://www.pfvervoer.nl/over-ons/beleggen/spreiden-van-beleggingen
Pensioenfonds Vervoer	T&D HOLDINGS INC	2024-12-31	1.124	x1	EUR	https://www.pfvervoer.nl/over-ons/beleggen/spreiden-van-beleggingen
Pensioenfonds Vervoer	Taisei Corp	2024-12-31	731	x1	EUR	https://www.pfvervoer.nl/over-ons/beleggen/spreiden-van-beleggingen
Pensioenfonds Vervoer	Taiwan Semiconductor Manufacturing	2024-12-31	241.295	x1	EUR	https://www.pfvervoer.nl/over-ons/beleggen/spreiden-van-beleggingen
Pensioenfonds Vervoer	Taiyo Nippon Sanso Corp	2024-12-31	6.146	x1	EUR	https://www.pfvervoer.nl/over-ons/beleggen/spreiden-van-beleggingen
Pensioenfonds Vervoer	Takeda Pharmaceutical Co Ltd	2024-12-31	27.214	x1	EUR	https://www.pfvervoer.nl/over-ons/beleggen/spreiden-van-beleggingen
Pensioenfonds Vervoer	TAKE-TWO INTERACTIVE SOFTWARE	2024-12-31	7.885	x1	EUR	https://www.pfvervoer.nl/over-ons/beleggen/spreiden-van-beleggingen
Pensioenfonds Vervoer	Tandberg Television ASA	2024-12-31	4.898	x1	EUR	https://www.pfvervoer.nl/over-ons/beleggen/spreiden-van-beleggingen
Pensioenfonds Vervoer	Target Corp	2024-12-31	6.515	x1	EUR	https://www.pfvervoer.nl/over-ons/beleggen/spreiden-van-beleggingen
Pensioenfonds Vervoer	Tata Consultancy Services Ltd,	2024-12-31	32.743	x1	EUR	https://www.pfvervoer.nl/over-ons/beleggen/spreiden-van-beleggingen
Pensioenfonds Vervoer	TD Bank US Holding Co	2024-12-31	1.279	x1	EUR	https://www.pfvervoer.nl/over-ons/beleggen/spreiden-van-beleggingen
Pensioenfonds Vervoer	TDK CORP	2024-12-31	22.229	x1	EUR	https://www.pfvervoer.nl/over-ons/beleggen/spreiden-van-beleggingen
Pensioenfonds Vervoer	TE CONNECTIVITY PLC	2024-12-31	13.862	x1	EUR	https://www.pfvervoer.nl/over-ons/beleggen/spreiden-van-beleggingen
Pensioenfonds Vervoer	Tech Mahindra Ltd	2024-12-31	9.868	x1	EUR	https://www.pfvervoer.nl/over-ons/beleggen/spreiden-van-beleggingen
Pensioenfonds Vervoer	Techne Corp	2024-12-31	805	x1	EUR	https://www.pfvervoer.nl/over-ons/beleggen/spreiden-van-beleggingen
Pensioenfonds Vervoer	Techtronic Industries Co	2024-12-31	3.823	x1	EUR	https://www.pfvervoer.nl/over-ons/beleggen/spreiden-van-beleggingen
Pensioenfonds Vervoer	TEGNA Inc	2024-12-31	2.158	x1	EUR	https://www.pfvervoer.nl/over-ons/beleggen/spreiden-van-beleggingen
Pensioenfonds Vervoer	Telecom Corp of New Zealand Lt	2024-12-31	591	x1	EUR	https://www.pfvervoer.nl/over-ons/beleggen/spreiden-van-beleggingen
Pensioenfonds Vervoer	Telecom Italia Spa	2024-12-31	10.688	x1	EUR	https://www.pfvervoer.nl/over-ons/beleggen/spreiden-van-beleggingen
Pensioenfonds Vervoer	Telefonica Brasil SA	2024-12-31	6.543	x1	EUR	https://www.pfvervoer.nl/over-ons/beleggen/spreiden-van-beleggingen
Pensioenfonds Vervoer	TELEFONICA EUROPE BV	2024-12-31	3.804	x1	EUR	https://www.pfvervoer.nl/over-ons/beleggen/spreiden-van-beleggingen
Pensioenfonds Vervoer	TELEKOM MALAYSIA BHD	2024-12-31	2.752	x1	EUR	https://www.pfvervoer.nl/over-ons/beleggen/spreiden-van-beleggingen
Pensioenfonds Vervoer	TELEKOMUNIK INDONESIA-SP ADR	2024-12-31	7.876	x1	EUR	https://www.pfvervoer.nl/over-ons/beleggen/spreiden-van-beleggingen
Pensioenfonds Vervoer	Telekomunikasi Indonesia Perse	2024-12-31	4.674	x1	EUR	https://www.pfvervoer.nl/over-ons/beleggen/spreiden-van-beleggingen
Pensioenfonds Vervoer	TELENOR ASA	2024-12-31	2.139	x1	EUR	https://www.pfvervoer.nl/over-ons/beleggen/spreiden-van-beleggingen
Pensioenfonds Vervoer	Telia Company AB	2024-12-31	2.111	x1	EUR	https://www.pfvervoer.nl/over-ons/beleggen/spreiden-van-beleggingen
Pensioenfonds Vervoer	TELSTRA CORP LTD	2024-12-31	3.687	x1	EUR	https://www.pfvervoer.nl/over-ons/beleggen/spreiden-van-beleggingen
Pensioenfonds Vervoer	Temp Holdings Co Ltd	2024-12-31	1.134	x1	EUR	https://www.pfvervoer.nl/over-ons/beleggen/spreiden-van-beleggingen
Pensioenfonds Vervoer	Tenaris SA	2024-12-31	7.768	x1	EUR	https://www.pfvervoer.nl/over-ons/beleggen/spreiden-van-beleggingen
Pensioenfonds Vervoer	Tencent holdings ltd	2024-12-31	96.027	x1	EUR	https://www.pfvervoer.nl/over-ons/beleggen/spreiden-van-beleggingen
Pensioenfonds Vervoer	TERADYNE INC	2024-12-31	837	x1	EUR	https://www.pfvervoer.nl/over-ons/beleggen/spreiden-van-beleggingen
Pensioenfonds Vervoer	TERNA SPA	2024-12-31	11.965	x1	EUR	https://www.pfvervoer.nl/over-ons/beleggen/spreiden-van-beleggingen
Pensioenfonds Vervoer	TERUMO CORP	2024-12-31	3.671	x1	EUR	https://www.pfvervoer.nl/over-ons/beleggen/spreiden-van-beleggingen
Pensioenfonds Vervoer	TESCO PLC	2024-12-31	17.933	x1	EUR	https://www.pfvervoer.nl/over-ons/beleggen/spreiden-van-beleggingen
Pensioenfonds Vervoer	Texas Instruments Inc	2024-12-31	13.355	x1	EUR	https://www.pfvervoer.nl/over-ons/beleggen/spreiden-van-beleggingen
Pensioenfonds Vervoer	THAI OIL PCL	2024-12-31	621	x1	EUR	https://www.pfvervoer.nl/over-ons/beleggen/spreiden-van-beleggingen
Pensioenfonds Vervoer	The Hartford Insurance Group Inc	2024-12-31	32.909	x1	EUR	https://www.pfvervoer.nl/over-ons/beleggen/spreiden-van-beleggingen
Pensioenfonds Vervoer	The Weir Group Plc	2024-12-31	7.678	x1	EUR	https://www.pfvervoer.nl/over-ons/beleggen/spreiden-van-beleggingen
Pensioenfonds Vervoer	Thermo Fisher Scientific Inc	2024-12-31	30.275	x1	EUR	https://www.pfvervoer.nl/over-ons/beleggen/spreiden-van-beleggingen
Pensioenfonds Vervoer	THK Co Ltd	2024-12-31	7.489	x1	EUR	https://www.pfvervoer.nl/over-ons/beleggen/spreiden-van-beleggingen
Pensioenfonds Vervoer	Thomson Reuters Corp	2024-12-31	5.942	x1	EUR	https://www.pfvervoer.nl/over-ons/beleggen/spreiden-van-beleggingen
Pensioenfonds Vervoer	TIM SA/Brazil	2024-12-31	2.803	x1	EUR	https://www.pfvervoer.nl/over-ons/beleggen/spreiden-van-beleggingen
Pensioenfonds Vervoer	Timken Co	2024-12-31	1.496	x1	EUR	https://www.pfvervoer.nl/over-ons/beleggen/spreiden-van-beleggingen
Pensioenfonds Vervoer	Tingyi Cayman Islands Holding	2024-12-31	9.924	x1	EUR	https://www.pfvervoer.nl/over-ons/beleggen/spreiden-van-beleggingen
Pensioenfonds Vervoer	TIS Inc	2024-12-31	2.762	x1	EUR	https://www.pfvervoer.nl/over-ons/beleggen/spreiden-van-beleggingen
Pensioenfonds Vervoer	TJX COMPANIES INC	2024-12-31	5.244	x1	EUR	https://www.pfvervoer.nl/over-ons/beleggen/spreiden-van-beleggingen
Pensioenfonds Vervoer	TMB Bank PCL	2024-12-31	825	x1	EUR	https://www.pfvervoer.nl/over-ons/beleggen/spreiden-van-beleggingen
Pensioenfonds Vervoer	T-Mobile US Inc	2024-12-31	11.538	x1	EUR	https://www.pfvervoer.nl/over-ons/beleggen/spreiden-van-beleggingen
Pensioenfonds Vervoer	TMX Group Inc	2024-12-31	1.954	x1	EUR	https://www.pfvervoer.nl/over-ons/beleggen/spreiden-van-beleggingen
Pensioenfonds Vervoer	Toast Inc	2024-12-31	552	x1	EUR	https://www.pfvervoer.nl/over-ons/beleggen/spreiden-van-beleggingen
Pensioenfonds Vervoer	Toho Co Ltd/Tokyo	2024-12-31	999	x1	EUR	https://www.pfvervoer.nl/over-ons/beleggen/spreiden-van-beleggingen
Pensioenfonds Vervoer	TOKIO MARINE HOLDINGS INC	2024-12-31	36.666	x1	EUR	https://www.pfvervoer.nl/over-ons/beleggen/spreiden-van-beleggingen
Pensioenfonds Vervoer	Tokyo Broadcasting System Hold	2024-12-31	5.504	x1	EUR	https://www.pfvervoer.nl/over-ons/beleggen/spreiden-van-beleggingen
Pensioenfonds Vervoer	Tokyo Electron Ltd	2024-12-31	27.983	x1	EUR	https://www.pfvervoer.nl/over-ons/beleggen/spreiden-van-beleggingen
Pensioenfonds Vervoer	Tokyo Gas Co Ltd	2024-12-31	4.778	x1	EUR	https://www.pfvervoer.nl/over-ons/beleggen/spreiden-van-beleggingen
Pensioenfonds Vervoer	Tokyu Corp	2024-12-31	634	x1	EUR	https://www.pfvervoer.nl/over-ons/beleggen/spreiden-van-beleggingen
Pensioenfonds Vervoer	Toppan Printing Co Ltd	2024-12-31	2.723	x1	EUR	https://www.pfvervoer.nl/over-ons/beleggen/spreiden-van-beleggingen
Pensioenfonds Vervoer	Topsports International Holdin	2024-12-31	551	x1	EUR	https://www.pfvervoer.nl/over-ons/beleggen/spreiden-van-beleggingen
Pensioenfonds Vervoer	TORAY INDUSTRIES INC	2024-12-31	1.116	x1	EUR	https://www.pfvervoer.nl/over-ons/beleggen/spreiden-van-beleggingen
Pensioenfonds Vervoer	Toyota Industries Corp	2024-12-31	1.860	x1	EUR	https://www.pfvervoer.nl/over-ons/beleggen/spreiden-van-beleggingen
Pensioenfonds Vervoer	Toyota Motor Corp	2024-12-31	45.802	x1	EUR	https://www.pfvervoer.nl/over-ons/beleggen/spreiden-van-beleggingen
Pensioenfonds Vervoer	Toyota Tsusho Corp	2024-12-31	7.006	x1	EUR	https://www.pfvervoer.nl/over-ons/beleggen/spreiden-van-beleggingen
Pensioenfonds Vervoer	Tractor Supply Co	2024-12-31	3.271	x1	EUR	https://www.pfvervoer.nl/over-ons/beleggen/spreiden-van-beleggingen
Pensioenfonds Vervoer	Trade Desk Inc/The	2024-12-31	1.078	x1	EUR	https://www.pfvervoer.nl/over-ons/beleggen/spreiden-van-beleggingen
Pensioenfonds Vervoer	Tradeweb Markets Inc	2024-12-31	18.358	x1	EUR	https://www.pfvervoer.nl/over-ons/beleggen/spreiden-van-beleggingen
Pensioenfonds Vervoer	Trane Inc	2024-12-31	1.021	x1	EUR	https://www.pfvervoer.nl/over-ons/beleggen/spreiden-van-beleggingen
Pensioenfonds Vervoer	Trane Technologies plc	2024-12-31	21.668	x1	EUR	https://www.pfvervoer.nl/over-ons/beleggen/spreiden-van-beleggingen
Pensioenfonds Vervoer	Transurban Group	2024-12-31	5.794	x1	EUR	https://www.pfvervoer.nl/over-ons/beleggen/spreiden-van-beleggingen
Pensioenfonds Vervoer	TRAVELERS COS INC	2024-12-31	10.891	x1	EUR	https://www.pfvervoer.nl/over-ons/beleggen/spreiden-van-beleggingen
Pensioenfonds Vervoer	Treasury Wine Estates Ltd	2024-12-31	716	x1	EUR	https://www.pfvervoer.nl/over-ons/beleggen/spreiden-van-beleggingen
Pensioenfonds Vervoer	Trend Micro Inc	2024-12-31	3.364	x1	EUR	https://www.pfvervoer.nl/over-ons/beleggen/spreiden-van-beleggingen
Pensioenfonds Vervoer	Trent Ltd	2024-12-31	6.411	x1	EUR	https://www.pfvervoer.nl/over-ons/beleggen/spreiden-van-beleggingen
Pensioenfonds Vervoer	Trimble Navigation Ltd	2024-12-31	2.883	x1	EUR	https://www.pfvervoer.nl/over-ons/beleggen/spreiden-van-beleggingen
Pensioenfonds Vervoer	Trip,com Group Ltd	2024-12-31	14.494	x1	EUR	https://www.pfvervoer.nl/over-ons/beleggen/spreiden-van-beleggingen
Pensioenfonds Vervoer	True Corp PCL	2024-12-31	3.314	x1	EUR	https://www.pfvervoer.nl/over-ons/beleggen/spreiden-van-beleggingen
Pensioenfonds Vervoer	Truist Financial Corp	2024-12-31	3.059	x1	EUR	https://www.pfvervoer.nl/over-ons/beleggen/spreiden-van-beleggingen
Pensioenfonds Vervoer	Tryg A/S	2024-12-31	3.038	x1	EUR	https://www.pfvervoer.nl/over-ons/beleggen/spreiden-van-beleggingen
Pensioenfonds Vervoer	Tsuruha Holdings Inc	2024-12-31	1.005	x1	EUR	https://www.pfvervoer.nl/over-ons/beleggen/spreiden-van-beleggingen
Pensioenfonds Vervoer	Twenty-First Century Fox Inc	2024-12-31	9.226	x1	EUR	https://www.pfvervoer.nl/over-ons/beleggen/spreiden-van-beleggingen
Pensioenfonds Vervoer	UBER TECHNOLOGIES INC	2024-12-31	2.884	x1	EUR	https://www.pfvervoer.nl/over-ons/beleggen/spreiden-van-beleggingen
Pensioenfonds Vervoer	UBS Group AG	2024-12-31	14.040	x1	EUR	https://www.pfvervoer.nl/over-ons/beleggen/spreiden-van-beleggingen
Pensioenfonds Vervoer	UCB SA	2024-12-31	6.392	x1	EUR	https://www.pfvervoer.nl/over-ons/beleggen/spreiden-van-beleggingen
Pensioenfonds Vervoer	UGI Corp	2024-12-31	3.353	x1	EUR	https://www.pfvervoer.nl/over-ons/beleggen/spreiden-van-beleggingen
Pensioenfonds Vervoer	Ulta Salon Cosmetics & Fragran	2024-12-31	4.760	x1	EUR	https://www.pfvervoer.nl/over-ons/beleggen/spreiden-van-beleggingen
Pensioenfonds Vervoer	Ultratech Cement Ltd	2024-12-31	4.214	x1	EUR	https://www.pfvervoer.nl/over-ons/beleggen/spreiden-van-beleggingen
Pensioenfonds Vervoer	Unibail-Rodamco-Westfield	2024-12-31	4.970	x1	EUR	https://www.pfvervoer.nl/over-ons/beleggen/spreiden-van-beleggingen
Pensioenfonds Vervoer	Unicharm Corp	2024-12-31	6.394	x1	EUR	https://www.pfvervoer.nl/over-ons/beleggen/spreiden-van-beleggingen
Pensioenfonds Vervoer	UniCredit SpA	2024-12-31	16.013	x1	EUR	https://www.pfvervoer.nl/over-ons/beleggen/spreiden-van-beleggingen
Pensioenfonds Vervoer	Unilever PLC	2024-12-31	13.720	x1	EUR	https://www.pfvervoer.nl/over-ons/beleggen/spreiden-van-beleggingen
Pensioenfonds Vervoer	Union Pacific Corp	2024-12-31	11.221	x1	EUR	https://www.pfvervoer.nl/over-ons/beleggen/spreiden-van-beleggingen
Pensioenfonds Vervoer	UnionBanCal Corp	2024-12-31	46.375	x1	EUR	https://www.pfvervoer.nl/over-ons/beleggen/spreiden-van-beleggingen
Pensioenfonds Vervoer	UNITED AIRLINES INC	2024-12-31	6.348	x1	EUR	https://www.pfvervoer.nl/over-ons/beleggen/spreiden-van-beleggingen
Pensioenfonds Vervoer	United Internet AG	2024-12-31	3	x1	EUR	https://www.pfvervoer.nl/over-ons/beleggen/spreiden-van-beleggingen
Pensioenfonds Vervoer	United Parcel Service Inc	2024-12-31	11.633	x1	EUR	https://www.pfvervoer.nl/over-ons/beleggen/spreiden-van-beleggingen
Pensioenfonds Vervoer	UNITED RENTALS NORTH AM	2024-12-31	1.778	x1	EUR	https://www.pfvervoer.nl/over-ons/beleggen/spreiden-van-beleggingen
Pensioenfonds Vervoer	United Therapeutics Corp	2024-12-31	3.987	x1	EUR	https://www.pfvervoer.nl/over-ons/beleggen/spreiden-van-beleggingen
Pensioenfonds Vervoer	Unitedhealth Group Inc	2024-12-31	51.073	x1	EUR	https://www.pfvervoer.nl/over-ons/beleggen/spreiden-van-beleggingen
Pensioenfonds Vervoer	Uniti Group Inc	2024-12-31	848	x1	EUR	https://www.pfvervoer.nl/over-ons/beleggen/spreiden-van-beleggingen
Pensioenfonds Vervoer	Universal Health Services Inc	2024-12-31	4.141	x1	EUR	https://www.pfvervoer.nl/over-ons/beleggen/spreiden-van-beleggingen
Pensioenfonds Vervoer	Universal Music Group BV	2024-12-31	15.849	x1	EUR	https://www.pfvervoer.nl/over-ons/beleggen/spreiden-van-beleggingen
Pensioenfonds Vervoer	Universal Robina Corp	2024-12-31	977	x1	EUR	https://www.pfvervoer.nl/over-ons/beleggen/spreiden-van-beleggingen
Pensioenfonds Vervoer	Unum Group	2024-12-31	6.390	x1	EUR	https://www.pfvervoer.nl/over-ons/beleggen/spreiden-van-beleggingen
Pensioenfonds Vervoer	UPL Ltd	2024-12-31	15.372	x1	EUR	https://www.pfvervoer.nl/over-ons/beleggen/spreiden-van-beleggingen
Pensioenfonds Vervoer	UPM-KYMMENE	2024-12-31	2.890	x1	EUR	https://www.pfvervoer.nl/over-ons/beleggen/spreiden-van-beleggingen
Pensioenfonds Vervoer	US BANK NA	2024-12-31	9.311	x1	EUR	https://www.pfvervoer.nl/over-ons/beleggen/spreiden-van-beleggingen
Pensioenfonds Vervoer	USISH	2024-12-31	208	x1	EUR	https://www.pfvervoer.nl/over-ons/beleggen/spreiden-van-beleggingen
Pensioenfonds Vervoer	Veeva Systems Inc	2024-12-31	4.972	x1	EUR	https://www.pfvervoer.nl/over-ons/beleggen/spreiden-van-beleggingen
Pensioenfonds Vervoer	VERALTO CORP	2024-12-31	3.565	x1	EUR	https://www.pfvervoer.nl/over-ons/beleggen/spreiden-van-beleggingen
Pensioenfonds Vervoer	VeriSign Inc	2024-12-31	3.495	x1	EUR	https://www.pfvervoer.nl/over-ons/beleggen/spreiden-van-beleggingen
Pensioenfonds Vervoer	Verisk Analytics Inc	2024-12-31	19.059	x1	EUR	https://www.pfvervoer.nl/over-ons/beleggen/spreiden-van-beleggingen
Pensioenfonds Vervoer	Verizon Communications	2024-12-31	27.812	x1	EUR	https://www.pfvervoer.nl/over-ons/beleggen/spreiden-van-beleggingen
Pensioenfonds Vervoer	VERTEX PHARMACEUTICALS INC	2024-12-31	12.572	x1	EUR	https://www.pfvervoer.nl/over-ons/beleggen/spreiden-van-beleggingen
Pensioenfonds Vervoer	Vertiv Holdings Co	2024-12-31	14.305	x1	EUR	https://www.pfvervoer.nl/over-ons/beleggen/spreiden-van-beleggingen
Pensioenfonds Vervoer	VESTAS WIND SYSTEMS A/S	2024-12-31	7.651	x1	EUR	https://www.pfvervoer.nl/over-ons/beleggen/spreiden-van-beleggingen
Pensioenfonds Vervoer	VGT	2024-12-31	127	x1	EUR	https://www.pfvervoer.nl/over-ons/beleggen/spreiden-van-beleggingen
Pensioenfonds Vervoer	Viatris Inc	2024-12-31	4.974	x1	EUR	https://www.pfvervoer.nl/over-ons/beleggen/spreiden-van-beleggingen
Pensioenfonds Vervoer	Vibra Energia SA	2024-12-31	6.053	x1	EUR	https://www.pfvervoer.nl/over-ons/beleggen/spreiden-van-beleggingen
Pensioenfonds Vervoer	Vicinity Centres	2024-12-31	3.604	x1	EUR	https://www.pfvervoer.nl/over-ons/beleggen/spreiden-van-beleggingen
Pensioenfonds Vervoer	Vinci SA	2024-12-31	8.216	x1	EUR	https://www.pfvervoer.nl/over-ons/beleggen/spreiden-van-beleggingen
Pensioenfonds Vervoer	Vipshop Holdings Ltd	2024-12-31	676	x1	EUR	https://www.pfvervoer.nl/over-ons/beleggen/spreiden-van-beleggingen
Pensioenfonds Vervoer	Visa Inc	2024-12-31	66.228	x1	EUR	https://www.pfvervoer.nl/over-ons/beleggen/spreiden-van-beleggingen
Pensioenfonds Vervoer	Vodacom Group Ltd	2024-12-31	7.704	x1	EUR	https://www.pfvervoer.nl/over-ons/beleggen/spreiden-van-beleggingen
Pensioenfonds Vervoer	Vodafone Group PLC	2024-12-31	3.433	x1	EUR	https://www.pfvervoer.nl/over-ons/beleggen/spreiden-van-beleggingen
Pensioenfonds Vervoer	VOESTALPINE AG	2024-12-31	5	x1	EUR	https://www.pfvervoer.nl/over-ons/beleggen/spreiden-van-beleggingen
Pensioenfonds Vervoer	Volcan Investments Ltd	2024-12-31	9.904	x1	EUR	https://www.pfvervoer.nl/over-ons/beleggen/spreiden-van-beleggingen
Pensioenfonds Vervoer	Volkswagen AG	2024-12-31	152	x1	EUR	https://www.pfvervoer.nl/over-ons/beleggen/spreiden-van-beleggingen
Pensioenfonds Vervoer	Voltronic Power Technology Cor	2024-12-31	384	x1	EUR	https://www.pfvervoer.nl/over-ons/beleggen/spreiden-van-beleggingen
Pensioenfonds Vervoer	Voya Financial Inc	2024-12-31	3.304	x1	EUR	https://www.pfvervoer.nl/over-ons/beleggen/spreiden-van-beleggingen
Pensioenfonds Vervoer	VULCAN MATERIALS CO	2024-12-31	12.660	x1	EUR	https://www.pfvervoer.nl/over-ons/beleggen/spreiden-van-beleggingen
Pensioenfonds Vervoer	Wabtec Corp/DE	2024-12-31	7.869	x1	EUR	https://www.pfvervoer.nl/over-ons/beleggen/spreiden-van-beleggingen
Pensioenfonds Vervoer	Walgreens Boots Alliance Inc	2024-12-31	644	x1	EUR	https://www.pfvervoer.nl/over-ons/beleggen/spreiden-van-beleggingen
Pensioenfonds Vervoer	WAL-MART STORES INC	2024-12-31	30.663	x1	EUR	https://www.pfvervoer.nl/over-ons/beleggen/spreiden-van-beleggingen
Pensioenfonds Vervoer	Walt Disney Co	2024-12-31	14.361	x1	EUR	https://www.pfvervoer.nl/over-ons/beleggen/spreiden-van-beleggingen
Pensioenfonds Vervoer	Want Want China Holdings Ltd	2024-12-31	5.481	x1	EUR	https://www.pfvervoer.nl/over-ons/beleggen/spreiden-van-beleggingen
Pensioenfonds Vervoer	Warehouses De Pauw CVA	2024-12-31	1.979	x1	EUR	https://www.pfvervoer.nl/over-ons/beleggen/spreiden-van-beleggingen
Pensioenfonds Vervoer	Warner Bros Discovery Inc	2024-12-31	5.412	x1	EUR	https://www.pfvervoer.nl/over-ons/beleggen/spreiden-van-beleggingen
Pensioenfonds Vervoer	Waters Corp	2024-12-31	1.229	x1	EUR	https://www.pfvervoer.nl/over-ons/beleggen/spreiden-van-beleggingen
Pensioenfonds Vervoer	Weichai Power Co Ltd	2024-12-31	11.821	x1	EUR	https://www.pfvervoer.nl/over-ons/beleggen/spreiden-van-beleggingen
Pensioenfonds Vervoer	Weigao Holding Co Ltd	2024-12-31	1.050	x1	EUR	https://www.pfvervoer.nl/over-ons/beleggen/spreiden-van-beleggingen
Pensioenfonds Vervoer	Welcia Holdings Co Ltd	2024-12-31	684	x1	EUR	https://www.pfvervoer.nl/over-ons/beleggen/spreiden-van-beleggingen
Pensioenfonds Vervoer	Wells Fargo & Co	2024-12-31	26.502	x1	EUR	https://www.pfvervoer.nl/over-ons/beleggen/spreiden-van-beleggingen
Pensioenfonds Vervoer	Wesfarmers Ltd	2024-12-31	12.423	x1	EUR	https://www.pfvervoer.nl/over-ons/beleggen/spreiden-van-beleggingen
Pensioenfonds Vervoer	West Japan Railway Co	2024-12-31	5.302	x1	EUR	https://www.pfvervoer.nl/over-ons/beleggen/spreiden-van-beleggingen
Pensioenfonds Vervoer	West Pharmaceutical Services I	2024-12-31	650	x1	EUR	https://www.pfvervoer.nl/over-ons/beleggen/spreiden-van-beleggingen
Pensioenfonds Vervoer	WESTERN DIGITAL CORP	2024-12-31	6.427	x1	EUR	https://www.pfvervoer.nl/over-ons/beleggen/spreiden-van-beleggingen
Pensioenfonds Vervoer	Western Mining Co Ltd	2024-12-31	202	x1	EUR	https://www.pfvervoer.nl/over-ons/beleggen/spreiden-van-beleggingen
Pensioenfonds Vervoer	Westfield Corp	2024-12-31	1.952	x1	EUR	https://www.pfvervoer.nl/over-ons/beleggen/spreiden-van-beleggingen
Pensioenfonds Vervoer	Westpac Banking Corp	2024-12-31	7.968	x1	EUR	https://www.pfvervoer.nl/over-ons/beleggen/spreiden-van-beleggingen
Pensioenfonds Vervoer	WEYERHAEUSER CO	2024-12-31	20.430	x1	EUR	https://www.pfvervoer.nl/over-ons/beleggen/spreiden-van-beleggingen
Pensioenfonds Vervoer	WHA Corp PCL	2024-12-31	1.329	x1	EUR	https://www.pfvervoer.nl/over-ons/beleggen/spreiden-van-beleggingen
Pensioenfonds Vervoer	Whirlpool Corp	2024-12-31	3.383	x1	EUR	https://www.pfvervoer.nl/over-ons/beleggen/spreiden-van-beleggingen
Pensioenfonds Vervoer	WHITBREAD PLC	2024-12-31	9.564	x1	EUR	https://www.pfvervoer.nl/over-ons/beleggen/spreiden-van-beleggingen
Pensioenfonds Vervoer	WILLIAMS COS INC	2024-12-31	13.401	x1	EUR	https://www.pfvervoer.nl/over-ons/beleggen/spreiden-van-beleggingen
Pensioenfonds Vervoer	Willis Towers Watson PLC	2024-12-31	1.788	x1	EUR	https://www.pfvervoer.nl/over-ons/beleggen/spreiden-van-beleggingen
Pensioenfonds Vervoer	Wingtech Technology Co Ltd	2024-12-31	129	x1	EUR	https://www.pfvervoer.nl/over-ons/beleggen/spreiden-van-beleggingen
Pensioenfonds Vervoer	WISE PLC	2024-12-31	2.580	x1	EUR	https://www.pfvervoer.nl/over-ons/beleggen/spreiden-van-beleggingen
Pensioenfonds Vervoer	WiseTech Global Ltd	2024-12-31	1.455	x1	EUR	https://www.pfvervoer.nl/over-ons/beleggen/spreiden-van-beleggingen
Pensioenfonds Vervoer	Wix,com Ltd	2024-12-31	4.489	x1	EUR	https://www.pfvervoer.nl/over-ons/beleggen/spreiden-van-beleggingen
Pensioenfonds Vervoer	Wolters kluwer NV	2024-12-31	39.420	x1	EUR	https://www.pfvervoer.nl/over-ons/beleggen/spreiden-van-beleggingen
Pensioenfonds Vervoer	WOODSIDE ENERGY GROUP LTD	2024-12-31	4.995	x1	EUR	https://www.pfvervoer.nl/over-ons/beleggen/spreiden-van-beleggingen
Pensioenfonds Vervoer	Woolworths Limited	2024-12-31	6.038	x1	EUR	https://www.pfvervoer.nl/over-ons/beleggen/spreiden-van-beleggingen
Pensioenfonds Vervoer	Woori Financial Group Inc	2024-12-31	9.864	x1	EUR	https://www.pfvervoer.nl/over-ons/beleggen/spreiden-van-beleggingen
Pensioenfonds Vervoer	Workday Inc	2024-12-31	4.541	x1	EUR	https://www.pfvervoer.nl/over-ons/beleggen/spreiden-van-beleggingen
Pensioenfonds Vervoer	WPP PLC	2024-12-31	1.747	x1	EUR	https://www.pfvervoer.nl/over-ons/beleggen/spreiden-van-beleggingen
Pensioenfonds Vervoer	WR Berkley Corp	2024-12-31	2.748	x1	EUR	https://www.pfvervoer.nl/over-ons/beleggen/spreiden-van-beleggingen
Pensioenfonds Vervoer	WuXi AppTec Co Ltd	2024-12-31	149	x1	EUR	https://www.pfvervoer.nl/over-ons/beleggen/spreiden-van-beleggingen
Pensioenfonds Vervoer	WW GRAINGER INC	2024-12-31	6.786	x1	EUR	https://www.pfvervoer.nl/over-ons/beleggen/spreiden-van-beleggingen
Pensioenfonds Vervoer	Xero Ltd	2024-12-31	5.277	x1	EUR	https://www.pfvervoer.nl/over-ons/beleggen/spreiden-van-beleggingen
Pensioenfonds Vervoer	Xerox Corp	2024-12-31	1.582	x1	EUR	https://www.pfvervoer.nl/over-ons/beleggen/spreiden-van-beleggingen
Pensioenfonds Vervoer	Xiamen C & D Inc	2024-12-31	117	x1	EUR	https://www.pfvervoer.nl/over-ons/beleggen/spreiden-van-beleggingen
Pensioenfonds Vervoer	Xiaomi Corp	2024-12-31	8.023	x1	EUR	https://www.pfvervoer.nl/over-ons/beleggen/spreiden-van-beleggingen
Pensioenfonds Vervoer	Xylem Inc/NY	2024-12-31	15.696	x1	EUR	https://www.pfvervoer.nl/over-ons/beleggen/spreiden-van-beleggingen
Pensioenfonds Vervoer	Yadea Group Holdings Ltd	2024-12-31	1.837	x1	EUR	https://www.pfvervoer.nl/over-ons/beleggen/spreiden-van-beleggingen
Pensioenfonds Vervoer	Yageo Corp	2024-12-31	7.412	x1	EUR	https://www.pfvervoer.nl/over-ons/beleggen/spreiden-van-beleggingen
Pensioenfonds Vervoer	Yakult Honsha	2024-12-31	12.049	x1	EUR	https://www.pfvervoer.nl/over-ons/beleggen/spreiden-van-beleggingen
Pensioenfonds Vervoer	Yamada Denki Co Ltd	2024-12-31	1.080	x1	EUR	https://www.pfvervoer.nl/over-ons/beleggen/spreiden-van-beleggingen
Pensioenfonds Vervoer	YAMAHA CORP	2024-12-31	4.002	x1	EUR	https://www.pfvervoer.nl/over-ons/beleggen/spreiden-van-beleggingen
Pensioenfonds Vervoer	Yamaha Motor Co Ltd	2024-12-31	848	x1	EUR	https://www.pfvervoer.nl/over-ons/beleggen/spreiden-van-beleggingen
Pensioenfonds Vervoer	Yaskawa Electric Corp	2024-12-31	4.549	x1	EUR	https://www.pfvervoer.nl/over-ons/beleggen/spreiden-van-beleggingen
Pensioenfonds Vervoer	YEALINK NETWORK	2024-12-31	257	x1	EUR	https://www.pfvervoer.nl/over-ons/beleggen/spreiden-van-beleggingen
Pensioenfonds Vervoer	Yokogawa Electric Corp	2024-12-31	4.428	x1	EUR	https://www.pfvervoer.nl/over-ons/beleggen/spreiden-van-beleggingen
Pensioenfonds Vervoer	Yokohama Rubber Co Ltd/The	2024-12-31	694	x1	EUR	https://www.pfvervoer.nl/over-ons/beleggen/spreiden-van-beleggingen
Pensioenfonds Vervoer	Yue Yuen Industrial Hldg	2024-12-31	3.089	x1	EUR	https://www.pfvervoer.nl/over-ons/beleggen/spreiden-van-beleggingen
Pensioenfonds Vervoer	Yum China Holdings Inc	2024-12-31	11.702	x1	EUR	https://www.pfvervoer.nl/over-ons/beleggen/spreiden-van-beleggingen
Pensioenfonds Vervoer	Yunnan Tin Co Ltd	2024-12-31	100	x1	EUR	https://www.pfvervoer.nl/over-ons/beleggen/spreiden-van-beleggingen
Pensioenfonds Vervoer	Yunnan Yuntianhua Co Ltd	2024-12-31	467	x1	EUR	https://www.pfvervoer.nl/over-ons/beleggen/spreiden-van-beleggingen
Pensioenfonds Vervoer	Zensho Co Ltd	2024-12-31	634	x1	EUR	https://www.pfvervoer.nl/over-ons/beleggen/spreiden-van-beleggingen
Pensioenfonds Vervoer	Zhejiang Dingli	2024-12-31	139	x1	EUR	https://www.pfvervoer.nl/over-ons/beleggen/spreiden-van-beleggingen
Pensioenfonds Vervoer	Zhongji Innolight Co Ltd	2024-12-31	7	x1	EUR	https://www.pfvervoer.nl/over-ons/beleggen/spreiden-van-beleggingen
Pensioenfonds Vervoer	ZILLOW INC	2024-12-31	176	x1	EUR	https://www.pfvervoer.nl/over-ons/beleggen/spreiden-van-beleggingen
Pensioenfonds Vervoer	Zimmer Biomet Holdings Inc	2024-12-31	15.399	x1	EUR	https://www.pfvervoer.nl/over-ons/beleggen/spreiden-van-beleggingen
Pensioenfonds Vervoer	Zions Ban Corp	2024-12-31	3.542	x1	EUR	https://www.pfvervoer.nl/over-ons/beleggen/spreiden-van-beleggingen
Pensioenfonds Vervoer	Zoetis Inc	2024-12-31	3.700	x1	EUR	https://www.pfvervoer.nl/over-ons/beleggen/spreiden-van-beleggingen
Pensioenfonds Vervoer	Zomato Ltd	2024-12-31	1.509	x1	EUR	https://www.pfvervoer.nl/over-ons/beleggen/spreiden-van-beleggingen
Pensioenfonds Vervoer	Zon Optimus SGPS SA	2024-12-31	5	x1	EUR	https://www.pfvervoer.nl/over-ons/beleggen/spreiden-van-beleggingen
Pensioenfonds Vervoer	Zoom Video Communications Inc	2024-12-31	6.867	x1	EUR	https://www.pfvervoer.nl/over-ons/beleggen/spreiden-van-beleggingen
Pensioenfonds Vervoer	ZSCALER INC	2024-12-31	3.344	x1	EUR	https://www.pfvervoer.nl/over-ons/beleggen/spreiden-van-beleggingen
Pensioenfonds Vervoer	ZTE Corp	2024-12-31	725	x1	EUR	https://www.pfvervoer.nl/over-ons/beleggen/spreiden-van-beleggingen
Pensioenfonds Vervoer	ZTT	2024-12-31	266	x1	EUR	https://www.pfvervoer.nl/over-ons/beleggen/spreiden-van-beleggingen
Pensioenfonds Vervoer	Zurich Insurance Group AG	2024-12-31	512	x1	EUR	https://www.pfvervoer.nl/over-ons/beleggen/spreiden-van-beleggingen
Pensioenfonds Vervoer	Federal Republic of Germany	2024-12-31	4	x1	EUR	https://www.pfvervoer.nl/over-ons/beleggen/spreiden-van-beleggingen
Pensioenfonds Vervoer	Staat der Nederlanden	2024-12-31	4	x1	EUR	https://www.pfvervoer.nl/over-ons/beleggen/spreiden-van-beleggingen
Pensioenfonds Vervoer	South Africa Government Bond	2024-12-31	127.107	x1	EUR	https://www.pfvervoer.nl/over-ons/beleggen/spreiden-van-beleggingen
Pensioenfonds Vervoer	Czech Republic Government Bond	2024-12-31	115.647	x1	EUR	https://www.pfvervoer.nl/over-ons/beleggen/spreiden-van-beleggingen
Pensioenfonds Vervoer	Malaysia Government Bond	2024-12-31	98.996	x1	EUR	https://www.pfvervoer.nl/over-ons/beleggen/spreiden-van-beleggingen
Pensioenfonds Vervoer	AAR Corp	2024-12-31	1.916	x1	EUR	https://www.pfvervoer.nl/over-ons/beleggen/spreiden-van-beleggingen
Pensioenfonds Vervoer	AbbVie Inc	2024-12-31	6.701	x1	EUR	https://www.pfvervoer.nl/over-ons/beleggen/spreiden-van-beleggingen
Pensioenfonds Vervoer	Abertis Infraestructuras	2024-12-31	5.366	x1	EUR	https://www.pfvervoer.nl/over-ons/beleggen/spreiden-van-beleggingen
Pensioenfonds Vervoer	ABN AMRO Bank NV	2024-12-31	21.650	x1	EUR	https://www.pfvervoer.nl/over-ons/beleggen/spreiden-van-beleggingen
Pensioenfonds Vervoer	ACADEMY LTD	2024-12-31	5.048	x1	EUR	https://www.pfvervoer.nl/over-ons/beleggen/spreiden-van-beleggingen
Pensioenfonds Vervoer	ACADIA HEALTHCARE CO INC	2024-12-31	5.086	x1	EUR	https://www.pfvervoer.nl/over-ons/beleggen/spreiden-van-beleggingen
Pensioenfonds Vervoer	ACCO Brands Corp	2024-12-31	5.162	x1	EUR	https://www.pfvervoer.nl/over-ons/beleggen/spreiden-van-beleggingen
Pensioenfonds Vervoer	Accor SA	2024-12-31	2.076	x1	EUR	https://www.pfvervoer.nl/over-ons/beleggen/spreiden-van-beleggingen
Pensioenfonds Vervoer	ACCORINVEST GROUP SA	2024-12-31	3.392	x1	EUR	https://www.pfvervoer.nl/over-ons/beleggen/spreiden-van-beleggingen
Pensioenfonds Vervoer	ACEF HOLDING SCA	2024-12-31	1.539	x1	EUR	https://www.pfvervoer.nl/over-ons/beleggen/spreiden-van-beleggingen
Pensioenfonds Vervoer	Achmea Hypotheekbank NV	2024-12-31	4.461	x1	EUR	https://www.pfvervoer.nl/over-ons/beleggen/spreiden-van-beleggingen
Pensioenfonds Vervoer	Acrisure Llc / Fin Inc	2024-12-31	11.690	x1	EUR	https://www.pfvervoer.nl/over-ons/beleggen/spreiden-van-beleggingen
Pensioenfonds Vervoer	ACTION LOGEMENT SERVICES	2024-12-31	3.827	x1	EUR	https://www.pfvervoer.nl/over-ons/beleggen/spreiden-van-beleggingen
Pensioenfonds Vervoer	ACTION NEDERLAND	2024-12-31	2.067	x1	EUR	https://www.pfvervoer.nl/over-ons/beleggen/spreiden-van-beleggingen
Pensioenfonds Vervoer	ACURIS FIN US/ACURIS FIN	2024-12-31	2.717	x1	EUR	https://www.pfvervoer.nl/over-ons/beleggen/spreiden-van-beleggingen
Pensioenfonds Vervoer	ACUSHNET CO	2024-12-31	2.497	x1	EUR	https://www.pfvervoer.nl/over-ons/beleggen/spreiden-van-beleggingen
Pensioenfonds Vervoer	Adient Plc	2024-12-31	703	x1	EUR	https://www.pfvervoer.nl/over-ons/beleggen/spreiden-van-beleggingen
Pensioenfonds Vervoer	ADIF Alta Velocidad	2024-12-31	2.950	x1	EUR	https://www.pfvervoer.nl/over-ons/beleggen/spreiden-van-beleggingen
Pensioenfonds Vervoer	ADLER FINANCING SARL	2024-12-31	3.110	x1	EUR	https://www.pfvervoer.nl/over-ons/beleggen/spreiden-van-beleggingen
Pensioenfonds Vervoer	ADLER Real Estate AG	2024-12-31	195	x1	EUR	https://www.pfvervoer.nl/over-ons/beleggen/spreiden-van-beleggingen
Pensioenfonds Vervoer	Adp	2024-12-31	3.600	x1	EUR	https://www.pfvervoer.nl/over-ons/beleggen/spreiden-van-beleggingen
Pensioenfonds Vervoer	ADRIA BIDCO BV	2024-12-31	11.675	x1	EUR	https://www.pfvervoer.nl/over-ons/beleggen/spreiden-van-beleggingen
Pensioenfonds Vervoer	ADT CORP	2024-12-31	1.352	x1	EUR	https://www.pfvervoer.nl/over-ons/beleggen/spreiden-van-beleggingen
Pensioenfonds Vervoer	ADVANZ PHARMA CORP LTD	2024-12-31	1.019	x1	EUR	https://www.pfvervoer.nl/over-ons/beleggen/spreiden-van-beleggingen
Pensioenfonds Vervoer	Advent International	2024-12-31	2.840	x1	EUR	https://www.pfvervoer.nl/over-ons/beleggen/spreiden-van-beleggingen
Pensioenfonds Vervoer	ADVOCATE HEALTH CORP	2024-12-31	2.456	x1	EUR	https://www.pfvervoer.nl/over-ons/beleggen/spreiden-van-beleggingen
Pensioenfonds Vervoer	AEDAS HOMES OPCO SLU	2024-12-31	752	x1	EUR	https://www.pfvervoer.nl/over-ons/beleggen/spreiden-van-beleggingen
Pensioenfonds Vervoer	AerCap Holdings NV	2024-12-31	2.322	x1	EUR	https://www.pfvervoer.nl/over-ons/beleggen/spreiden-van-beleggingen
Pensioenfonds Vervoer	Aerocast Inc / CA	2024-12-31	970	x1	EUR	https://www.pfvervoer.nl/over-ons/beleggen/spreiden-van-beleggingen
Pensioenfonds Vervoer	Aetna Inc	2024-12-31	1.011	x1	EUR	https://www.pfvervoer.nl/over-ons/beleggen/spreiden-van-beleggingen
Pensioenfonds Vervoer	Agence Francaise de Developement	2024-12-31	2.357	x1	EUR	https://www.pfvervoer.nl/over-ons/beleggen/spreiden-van-beleggingen
Pensioenfonds Vervoer	Aggreko PLC	2024-12-31	5.937	x1	EUR	https://www.pfvervoer.nl/over-ons/beleggen/spreiden-van-beleggingen
Pensioenfonds Vervoer	AHEAD DB HOLDINGS LLC	2024-12-31	1.341	x1	EUR	https://www.pfvervoer.nl/over-ons/beleggen/spreiden-van-beleggingen
Pensioenfonds Vervoer	AHS HOSPITAL CORP	2024-12-31	1.388	x1	EUR	https://www.pfvervoer.nl/over-ons/beleggen/spreiden-van-beleggingen
Pensioenfonds Vervoer	AIA Group Ltd	2024-12-31	4.607	x1	EUR	https://www.pfvervoer.nl/over-ons/beleggen/spreiden-van-beleggingen
Pensioenfonds Vervoer	Air Canada	2024-12-31	3.976	x1	EUR	https://www.pfvervoer.nl/over-ons/beleggen/spreiden-van-beleggingen
Pensioenfonds Vervoer	Aircastle Ltd	2024-12-31	958	x1	EUR	https://www.pfvervoer.nl/over-ons/beleggen/spreiden-van-beleggingen
Pensioenfonds Vervoer	Aker BP ASA	2024-12-31	10.375	x1	EUR	https://www.pfvervoer.nl/over-ons/beleggen/spreiden-van-beleggingen
Pensioenfonds Vervoer	ALCON FINANCE CORP	2024-12-31	1.874	x1	EUR	https://www.pfvervoer.nl/over-ons/beleggen/spreiden-van-beleggingen
Pensioenfonds Vervoer	Alexandria Real Estate	2024-12-31	9.271	x1	EUR	https://www.pfvervoer.nl/over-ons/beleggen/spreiden-van-beleggingen
Pensioenfonds Vervoer	ALGONQUIN POWER CO	2024-12-31	3.530	x1	EUR	https://www.pfvervoer.nl/over-ons/beleggen/spreiden-van-beleggingen
Pensioenfonds Vervoer	ALIMENTATION COUCHE-TARD	2024-12-31	979	x1	EUR	https://www.pfvervoer.nl/over-ons/beleggen/spreiden-van-beleggingen
Pensioenfonds Vervoer	Alliander Finance BV	2024-12-31	6.756	x1	EUR	https://www.pfvervoer.nl/over-ons/beleggen/spreiden-van-beleggingen
Pensioenfonds Vervoer	Allianz Finance II B,V,	2024-12-31	1.686	x1	EUR	https://www.pfvervoer.nl/over-ons/beleggen/spreiden-van-beleggingen
Pensioenfonds Vervoer	ALLIED IRISH BANKS PLC	2024-12-31	9.939	x1	EUR	https://www.pfvervoer.nl/over-ons/beleggen/spreiden-van-beleggingen
Pensioenfonds Vervoer	ALLIED UNIVERSAL HOLDCO	2024-12-31	11.636	x1	EUR	https://www.pfvervoer.nl/over-ons/beleggen/spreiden-van-beleggingen
Pensioenfonds Vervoer	ALLY FINANCIAL INC	2024-12-31	4.390	x1	EUR	https://www.pfvervoer.nl/over-ons/beleggen/spreiden-van-beleggingen
Pensioenfonds Vervoer	ALPHA GENERATION LLC	2024-12-31	5.598	x1	EUR	https://www.pfvervoer.nl/over-ons/beleggen/spreiden-van-beleggingen
Pensioenfonds Vervoer	Alstom SA	2024-12-31	748	x1	EUR	https://www.pfvervoer.nl/over-ons/beleggen/spreiden-van-beleggingen
Pensioenfonds Vervoer	ALTA EQUIPMENT GROUP	2024-12-31	2.038	x1	EUR	https://www.pfvervoer.nl/over-ons/beleggen/spreiden-van-beleggingen
Pensioenfonds Vervoer	ALTICE FRANCE SA	2024-12-31	4.590	x1	EUR	https://www.pfvervoer.nl/over-ons/beleggen/spreiden-van-beleggingen
Pensioenfonds Vervoer	AMBER FINCO PLC	2024-12-31	4.744	x1	EUR	https://www.pfvervoer.nl/over-ons/beleggen/spreiden-van-beleggingen
Pensioenfonds Vervoer	AMC NETWORKS INC	2024-12-31	13.385	x1	EUR	https://www.pfvervoer.nl/over-ons/beleggen/spreiden-van-beleggingen
Pensioenfonds Vervoer	AMER SPORTS COMPANY	2024-12-31	3.426	x1	EUR	https://www.pfvervoer.nl/over-ons/beleggen/spreiden-van-beleggingen
Pensioenfonds Vervoer	AMERICAN APP INC	2024-12-31	4.120	x1	EUR	https://www.pfvervoer.nl/over-ons/beleggen/spreiden-van-beleggingen
Pensioenfonds Vervoer	AMERICAN AXLE & MFG INC	2024-12-31	2.247	x1	EUR	https://www.pfvervoer.nl/over-ons/beleggen/spreiden-van-beleggingen
Pensioenfonds Vervoer	American Express Bk Fsb	2024-12-31	6.446	x1	EUR	https://www.pfvervoer.nl/over-ons/beleggen/spreiden-van-beleggingen
Pensioenfonds Vervoer	American Tower Corp	2024-12-31	11.448	x1	EUR	https://www.pfvervoer.nl/over-ons/beleggen/spreiden-van-beleggingen
Pensioenfonds Vervoer	AMERIGAS FINANCE LLC/COR	2024-12-31	3.230	x1	EUR	https://www.pfvervoer.nl/over-ons/beleggen/spreiden-van-beleggingen
Pensioenfonds Vervoer	AMFAM HOLDINGS INC	2024-12-31	1.821	x1	EUR	https://www.pfvervoer.nl/over-ons/beleggen/spreiden-van-beleggingen
Pensioenfonds Vervoer	Amgen Inc	2024-12-31	8.963	x1	EUR	https://www.pfvervoer.nl/over-ons/beleggen/spreiden-van-beleggingen
Pensioenfonds Vervoer	AMN HEALTHCARE INC	2024-12-31	2.855	x1	EUR	https://www.pfvervoer.nl/over-ons/beleggen/spreiden-van-beleggingen
Pensioenfonds Vervoer	Amphenol Corp	2024-12-31	241	x1	EUR	https://www.pfvervoer.nl/over-ons/beleggen/spreiden-van-beleggingen
Pensioenfonds Vervoer	AMPRION GMBH	2024-12-31	16.426	x1	EUR	https://www.pfvervoer.nl/over-ons/beleggen/spreiden-van-beleggingen
Pensioenfonds Vervoer	AMSTED INDUSTRIES	2024-12-31	2.980	x1	EUR	https://www.pfvervoer.nl/over-ons/beleggen/spreiden-van-beleggingen
Pensioenfonds Vervoer	ANCESTRY,COM INC	2024-12-31	4.859	x1	EUR	https://www.pfvervoer.nl/over-ons/beleggen/spreiden-van-beleggingen
Pensioenfonds Vervoer	ANGLIAN WATER OSPREY FIN	2024-12-31	5.588	x1	EUR	https://www.pfvervoer.nl/over-ons/beleggen/spreiden-van-beleggingen
Pensioenfonds Vervoer	Anheuser Busch InBev NV	2024-12-31	7.257	x1	EUR	https://www.pfvervoer.nl/over-ons/beleggen/spreiden-van-beleggingen
Pensioenfonds Vervoer	ANTARES HOLDINGS	2024-12-31	4.977	x1	EUR	https://www.pfvervoer.nl/over-ons/beleggen/spreiden-van-beleggingen
Pensioenfonds Vervoer	ANTOFAGASTA PLC	2024-12-31	3.256	x1	EUR	https://www.pfvervoer.nl/over-ons/beleggen/spreiden-van-beleggingen
Pensioenfonds Vervoer	Aon Corp	2024-12-31	3.513	x1	EUR	https://www.pfvervoer.nl/over-ons/beleggen/spreiden-van-beleggingen
Pensioenfonds Vervoer	APA Group	2024-12-31	1.975	x1	EUR	https://www.pfvervoer.nl/over-ons/beleggen/spreiden-van-beleggingen
Pensioenfonds Vervoer	Apollo Swedish Bidco AB	2024-12-31	3.497	x1	EUR	https://www.pfvervoer.nl/over-ons/beleggen/spreiden-van-beleggingen
Pensioenfonds Vervoer	APPF COMMERCIAL FINAN	2024-12-31	1.122	x1	EUR	https://www.pfvervoer.nl/over-ons/beleggen/spreiden-van-beleggingen
Pensioenfonds Vervoer	APPLIED SYSTEMS INC	2024-12-31	4.728	x1	EUR	https://www.pfvervoer.nl/over-ons/beleggen/spreiden-van-beleggingen
Pensioenfonds Vervoer	Aptiv PLC	2024-12-31	900	x1	EUR	https://www.pfvervoer.nl/over-ons/beleggen/spreiden-van-beleggingen
Pensioenfonds Vervoer	ARAMARK SERVICES INC	2024-12-31	7.878	x1	EUR	https://www.pfvervoer.nl/over-ons/beleggen/spreiden-van-beleggingen
Pensioenfonds Vervoer	Arcadis NV	2024-12-31	1.630	x1	EUR	https://www.pfvervoer.nl/over-ons/beleggen/spreiden-van-beleggingen
Pensioenfonds Vervoer	ARCH COAL INC	2024-12-31	2.853	x1	EUR	https://www.pfvervoer.nl/over-ons/beleggen/spreiden-van-beleggingen
Pensioenfonds Vervoer	ARCHROCK PARTNERS LP/FIN	2024-12-31	5.387	x1	EUR	https://www.pfvervoer.nl/over-ons/beleggen/spreiden-van-beleggingen
Pensioenfonds Vervoer	Arconic Inc	2024-12-31	12.680	x1	EUR	https://www.pfvervoer.nl/over-ons/beleggen/spreiden-van-beleggingen
Pensioenfonds Vervoer	ARDAGH GLASS FINANCE	2024-12-31	7.630	x1	EUR	https://www.pfvervoer.nl/over-ons/beleggen/spreiden-van-beleggingen
Pensioenfonds Vervoer	ARDAGH METAL PACKAGING	2024-12-31	8.690	x1	EUR	https://www.pfvervoer.nl/over-ons/beleggen/spreiden-van-beleggingen
Pensioenfonds Vervoer	ARDONAGH FINCO LTD	2024-12-31	10.122	x1	EUR	https://www.pfvervoer.nl/over-ons/beleggen/spreiden-van-beleggingen
Pensioenfonds Vervoer	Ares Capital Corp	2024-12-31	1.563	x1	EUR	https://www.pfvervoer.nl/over-ons/beleggen/spreiden-van-beleggingen
Pensioenfonds Vervoer	ARES FINANCE CO II LLC	2024-12-31	1.085	x1	EUR	https://www.pfvervoer.nl/over-ons/beleggen/spreiden-van-beleggingen
Pensioenfonds Vervoer	ARGENTA SPAARBANK	2024-12-31	502	x1	EUR	https://www.pfvervoer.nl/over-ons/beleggen/spreiden-van-beleggingen
Pensioenfonds Vervoer	Aroundtown SA	2024-12-31	1.942	x1	EUR	https://www.pfvervoer.nl/over-ons/beleggen/spreiden-van-beleggingen
Pensioenfonds Vervoer	ARROW GLOBAL FINANCE	2024-12-31	2.301	x1	EUR	https://www.pfvervoer.nl/over-ons/beleggen/spreiden-van-beleggingen
Pensioenfonds Vervoer	Arthur J Gallagher & Co	2024-12-31	1.717	x1	EUR	https://www.pfvervoer.nl/over-ons/beleggen/spreiden-van-beleggingen
Pensioenfonds Vervoer	ASBURY AUTOMOTIVE GROUP	2024-12-31	979	x1	EUR	https://www.pfvervoer.nl/over-ons/beleggen/spreiden-van-beleggingen
Pensioenfonds Vervoer	Ascend learning llc	2024-12-31	700	x1	EUR	https://www.pfvervoer.nl/over-ons/beleggen/spreiden-van-beleggingen
Pensioenfonds Vervoer	Ascension health	2024-12-31	863	x1	EUR	https://www.pfvervoer.nl/over-ons/beleggen/spreiden-van-beleggingen
Pensioenfonds Vervoer	ASGN INCORPORATED	2024-12-31	2.631	x1	EUR	https://www.pfvervoer.nl/over-ons/beleggen/spreiden-van-beleggingen
Pensioenfonds Vervoer	ASHLAND INC	2024-12-31	6.241	x1	EUR	https://www.pfvervoer.nl/over-ons/beleggen/spreiden-van-beleggingen
Pensioenfonds Vervoer	ASHTEAD CAPITAL INC	2024-12-31	935	x1	EUR	https://www.pfvervoer.nl/over-ons/beleggen/spreiden-van-beleggingen
Pensioenfonds Vervoer	ASHTON WOODS USA/FINANCE	2024-12-31	1.940	x1	EUR	https://www.pfvervoer.nl/over-ons/beleggen/spreiden-van-beleggingen
Pensioenfonds Vervoer	ASK CHEM DE HOLD GMBH	2024-12-31	1.674	x1	EUR	https://www.pfvervoer.nl/over-ons/beleggen/spreiden-van-beleggingen
Pensioenfonds Vervoer	ASMODEE GROUP AB	2024-12-31	1.875	x1	EUR	https://www.pfvervoer.nl/over-ons/beleggen/spreiden-van-beleggingen
Pensioenfonds Vervoer	Asr Nederland Nv	2024-12-31	5.280	x1	EUR	https://www.pfvervoer.nl/over-ons/beleggen/spreiden-van-beleggingen
Pensioenfonds Vervoer	Asset Management Co S,p,A,	2024-12-31	1.773	x1	EUR	https://www.pfvervoer.nl/over-ons/beleggen/spreiden-van-beleggingen
Pensioenfonds Vervoer	ASSUREDPARTNERS INC	2024-12-31	2.102	x1	EUR	https://www.pfvervoer.nl/over-ons/beleggen/spreiden-van-beleggingen
Pensioenfonds Vervoer	ASTON MARTIN CAPITAL LTD	2024-12-31	6.982	x1	EUR	https://www.pfvervoer.nl/over-ons/beleggen/spreiden-van-beleggingen
Pensioenfonds Vervoer	Asurion, LLC	2024-12-31	13.934	x1	EUR	https://www.pfvervoer.nl/over-ons/beleggen/spreiden-van-beleggingen
Pensioenfonds Vervoer	AT&T Inc	2024-12-31	11.558	x1	EUR	https://www.pfvervoer.nl/over-ons/beleggen/spreiden-van-beleggingen
Pensioenfonds Vervoer	ATHENE HOLDING LTD	2024-12-31	1.722	x1	EUR	https://www.pfvervoer.nl/over-ons/beleggen/spreiden-van-beleggingen
Pensioenfonds Vervoer	Atlantia SpA	2024-12-31	5.391	x1	EUR	https://www.pfvervoer.nl/over-ons/beleggen/spreiden-van-beleggingen
Pensioenfonds Vervoer	ATLANTICA SUSTAIN INFRA	2024-12-31	4.841	x1	EUR	https://www.pfvervoer.nl/over-ons/beleggen/spreiden-van-beleggingen
Pensioenfonds Vervoer	Atmos Energy Corp	2024-12-31	2.132	x1	EUR	https://www.pfvervoer.nl/over-ons/beleggen/spreiden-van-beleggingen
Pensioenfonds Vervoer	Auris Luxembourg III Sarl	2024-12-31	1.086	x1	EUR	https://www.pfvervoer.nl/over-ons/beleggen/spreiden-van-beleggingen
Pensioenfonds Vervoer	Australia Government Bond	2024-12-31	16.299	x1	EUR	https://www.pfvervoer.nl/over-ons/beleggen/spreiden-van-beleggingen
Pensioenfonds Vervoer	Australian & New Zealand Banking Group Ltd	2024-12-31	3.291	x1	EUR	https://www.pfvervoer.nl/over-ons/beleggen/spreiden-van-beleggingen
Pensioenfonds Vervoer	Autodesk Inc	2024-12-31	386	x1	EUR	https://www.pfvervoer.nl/over-ons/beleggen/spreiden-van-beleggingen
Pensioenfonds Vervoer	Autodis SA	2024-12-31	1.493	x1	EUR	https://www.pfvervoer.nl/over-ons/beleggen/spreiden-van-beleggingen
Pensioenfonds Vervoer	AUTONATION INC	2024-12-31	3.622	x1	EUR	https://www.pfvervoer.nl/over-ons/beleggen/spreiden-van-beleggingen
Pensioenfonds Vervoer	AUTOSTRADE PER L'ITALIA	2024-12-31	1.136	x1	EUR	https://www.pfvervoer.nl/over-ons/beleggen/spreiden-van-beleggingen
Pensioenfonds Vervoer	Autozone Inc	2024-12-31	1.622	x1	EUR	https://www.pfvervoer.nl/over-ons/beleggen/spreiden-van-beleggingen
Pensioenfonds Vervoer	AVAGO TECHNOLGIES CAYMA	2024-12-31	9.075	x1	EUR	https://www.pfvervoer.nl/over-ons/beleggen/spreiden-van-beleggingen
Pensioenfonds Vervoer	AVANGRID INC	2024-12-31	15.955	x1	EUR	https://www.pfvervoer.nl/over-ons/beleggen/spreiden-van-beleggingen
Pensioenfonds Vervoer	AVANTOR FUNDING INC	2024-12-31	3.082	x1	EUR	https://www.pfvervoer.nl/over-ons/beleggen/spreiden-van-beleggingen
Pensioenfonds Vervoer	AVIATION CAPITAL GROUP	2024-12-31	1.303	x1	EUR	https://www.pfvervoer.nl/over-ons/beleggen/spreiden-van-beleggingen
Pensioenfonds Vervoer	AYVENS SA	2024-12-31	2.380	x1	EUR	https://www.pfvervoer.nl/over-ons/beleggen/spreiden-van-beleggingen
Pensioenfonds Vervoer	AZELIS FINANCE NV	2024-12-31	4.775	x1	EUR	https://www.pfvervoer.nl/over-ons/beleggen/spreiden-van-beleggingen
Pensioenfonds Vervoer	AZORRA FINANCE	2024-12-31	6.434	x1	EUR	https://www.pfvervoer.nl/over-ons/beleggen/spreiden-van-beleggingen
Pensioenfonds Vervoer	B&G FOODS INC	2024-12-31	6.253	x1	EUR	https://www.pfvervoer.nl/over-ons/beleggen/spreiden-van-beleggingen
Pensioenfonds Vervoer	B&M EUROPEAN VALUE RET	2024-12-31	3.195	x1	EUR	https://www.pfvervoer.nl/over-ons/beleggen/spreiden-van-beleggingen
Pensioenfonds Vervoer	Back office	2024-12-31	6.679	x1	EUR	https://www.pfvervoer.nl/over-ons/beleggen/spreiden-van-beleggingen
Pensioenfonds Vervoer	Baden-Wuerttemberg	2024-12-31	3.229	x1	EUR	https://www.pfvervoer.nl/over-ons/beleggen/spreiden-van-beleggingen
Pensioenfonds Vervoer	Baltimore Gas & Electric	2024-12-31	2.774	x1	EUR	https://www.pfvervoer.nl/over-ons/beleggen/spreiden-van-beleggingen
Pensioenfonds Vervoer	BANC OF AMERICA FUNDING CORPOR	2024-12-31	1	x1	EUR	https://www.pfvervoer.nl/over-ons/beleggen/spreiden-van-beleggingen
Pensioenfonds Vervoer	Banca Monte dei Paschi di Sien	2024-12-31	2.766	x1	EUR	https://www.pfvervoer.nl/over-ons/beleggen/spreiden-van-beleggingen
Pensioenfonds Vervoer	Banco Bilbao Vizcaya Argent, SA	2024-12-31	2.765	x1	EUR	https://www.pfvervoer.nl/over-ons/beleggen/spreiden-van-beleggingen
Pensioenfonds Vervoer	Banco Comercial Portugues SA	2024-12-31	1.030	x1	EUR	https://www.pfvervoer.nl/over-ons/beleggen/spreiden-van-beleggingen
Pensioenfonds Vervoer	Banco de Sabadell SA	2024-12-31	12.100	x1	EUR	https://www.pfvervoer.nl/over-ons/beleggen/spreiden-van-beleggingen
Pensioenfonds Vervoer	Banco Espirito Santo SA	2024-12-31	247	x1	EUR	https://www.pfvervoer.nl/over-ons/beleggen/spreiden-van-beleggingen
Pensioenfonds Vervoer	Banco General Sa	2024-12-31	190	x1	EUR	https://www.pfvervoer.nl/over-ons/beleggen/spreiden-van-beleggingen
Pensioenfonds Vervoer	Banco Santander SA	2024-12-31	31.543	x1	EUR	https://www.pfvervoer.nl/over-ons/beleggen/spreiden-van-beleggingen
Pensioenfonds Vervoer	BANIJAY ENTERTAINMENT	2024-12-31	1.800	x1	EUR	https://www.pfvervoer.nl/over-ons/beleggen/spreiden-van-beleggingen
Pensioenfonds Vervoer	Bank Nederlandse Gemeenten N,V	2024-12-31	9.601	x1	EUR	https://www.pfvervoer.nl/over-ons/beleggen/spreiden-van-beleggingen
Pensioenfonds Vervoer	Bank of America Corp	2024-12-31	71.573	x1	EUR	https://www.pfvervoer.nl/over-ons/beleggen/spreiden-van-beleggingen
Pensioenfonds Vervoer	BANK OF IRELAND	2024-12-31	6.310	x1	EUR	https://www.pfvervoer.nl/over-ons/beleggen/spreiden-van-beleggingen
Pensioenfonds Vervoer	Bank of Montreal	2024-12-31	3.166	x1	EUR	https://www.pfvervoer.nl/over-ons/beleggen/spreiden-van-beleggingen
Pensioenfonds Vervoer	Bank Of New York Mellon	2024-12-31	189	x1	EUR	https://www.pfvervoer.nl/over-ons/beleggen/spreiden-van-beleggingen
Pensioenfonds Vervoer	Bank of Nova Scotia	2024-12-31	3.231	x1	EUR	https://www.pfvervoer.nl/over-ons/beleggen/spreiden-van-beleggingen
Pensioenfonds Vervoer	Banque Federative Credit Mutuel	2024-12-31	22.913	x1	EUR	https://www.pfvervoer.nl/over-ons/beleggen/spreiden-van-beleggingen
Pensioenfonds Vervoer	Barcardi Ltd	2024-12-31	663	x1	EUR	https://www.pfvervoer.nl/over-ons/beleggen/spreiden-van-beleggingen
Pensioenfonds Vervoer	BARCLAYS BANK PLC	2024-12-31	18.731	x1	EUR	https://www.pfvervoer.nl/over-ons/beleggen/spreiden-van-beleggingen
Pensioenfonds Vervoer	Barrick Gold Corp	2024-12-31	1.970	x1	EUR	https://www.pfvervoer.nl/over-ons/beleggen/spreiden-van-beleggingen
Pensioenfonds Vervoer	BARRY CALLEBAUT SVCS NV	2024-12-31	3.015	x1	EUR	https://www.pfvervoer.nl/over-ons/beleggen/spreiden-van-beleggingen
Pensioenfonds Vervoer	Bausch Health Cos Inc	2024-12-31	14.574	x1	EUR	https://www.pfvervoer.nl/over-ons/beleggen/spreiden-van-beleggingen
Pensioenfonds Vervoer	BAY AREA CA TOLL AUTH TOLL BRI	2024-12-31	1.578	x1	EUR	https://www.pfvervoer.nl/over-ons/beleggen/spreiden-van-beleggingen
Pensioenfonds Vervoer	BAYCARE HEALTH SYSTEM	2024-12-31	243	x1	EUR	https://www.pfvervoer.nl/over-ons/beleggen/spreiden-van-beleggingen
Pensioenfonds Vervoer	BCP MODULAR SERVICES	2024-12-31	5.186	x1	EUR	https://www.pfvervoer.nl/over-ons/beleggen/spreiden-van-beleggingen
Pensioenfonds Vervoer	BEACON ROOFING SUPPLY IN	2024-12-31	779	x1	EUR	https://www.pfvervoer.nl/over-ons/beleggen/spreiden-van-beleggingen
Pensioenfonds Vervoer	Becton Dickinson	2024-12-31	1.654	x1	EUR	https://www.pfvervoer.nl/over-ons/beleggen/spreiden-van-beleggingen
Pensioenfonds Vervoer	BELDEN INC	2024-12-31	952	x1	EUR	https://www.pfvervoer.nl/over-ons/beleggen/spreiden-van-beleggingen
Pensioenfonds Vervoer	Belfius Bank SA/NV	2024-12-31	2.866	x1	EUR	https://www.pfvervoer.nl/over-ons/beleggen/spreiden-van-beleggingen
Pensioenfonds Vervoer	BELFOR HOLDINGS INC	2024-12-31	1.337	x1	EUR	https://www.pfvervoer.nl/over-ons/beleggen/spreiden-van-beleggingen
Pensioenfonds Vervoer	BELLRING BRANDS INC	2024-12-31	6.241	x1	EUR	https://www.pfvervoer.nl/over-ons/beleggen/spreiden-van-beleggingen
Pensioenfonds Vervoer	BELRON	2024-12-31	3.741	x1	EUR	https://www.pfvervoer.nl/over-ons/beleggen/spreiden-van-beleggingen
Pensioenfonds Vervoer	BENTELER INTERNATIONAL A	2024-12-31	303	x1	EUR	https://www.pfvervoer.nl/over-ons/beleggen/spreiden-van-beleggingen
Pensioenfonds Vervoer	Berkeley Group Holdings PLC	2024-12-31	587	x1	EUR	https://www.pfvervoer.nl/over-ons/beleggen/spreiden-van-beleggingen
Pensioenfonds Vervoer	BERKSHIRE HATHAWAY ENERG	2024-12-31	624	x1	EUR	https://www.pfvervoer.nl/over-ons/beleggen/spreiden-van-beleggingen
Pensioenfonds Vervoer	BERRY PLASTICS CORP	2024-12-31	6.771	x1	EUR	https://www.pfvervoer.nl/over-ons/beleggen/spreiden-van-beleggingen
Pensioenfonds Vervoer	BERTRAND FRANCHISE	2024-12-31	368	x1	EUR	https://www.pfvervoer.nl/over-ons/beleggen/spreiden-van-beleggingen
Pensioenfonds Vervoer	BEVCO LUX SARL	2024-12-31	3.573	x1	EUR	https://www.pfvervoer.nl/over-ons/beleggen/spreiden-van-beleggingen
Pensioenfonds Vervoer	BIOCON BIOLOGICS GLOBAL	2024-12-31	3.081	x1	EUR	https://www.pfvervoer.nl/over-ons/beleggen/spreiden-van-beleggingen
Pensioenfonds Vervoer	Blackrock Inc	2024-12-31	384	x1	EUR	https://www.pfvervoer.nl/over-ons/beleggen/spreiden-van-beleggingen
Pensioenfonds Vervoer	BLACKSTONE CQP HOLDCO LP	2024-12-31	7.700	x1	EUR	https://www.pfvervoer.nl/over-ons/beleggen/spreiden-van-beleggingen
Pensioenfonds Vervoer	Blackstone Holdings Fina	2024-12-31	1.893	x1	EUR	https://www.pfvervoer.nl/over-ons/beleggen/spreiden-van-beleggingen
Pensioenfonds Vervoer	BLACKSTONE PP EUR HOLD	2024-12-31	8.710	x1	EUR	https://www.pfvervoer.nl/over-ons/beleggen/spreiden-van-beleggingen
Pensioenfonds Vervoer	BLACKSTONE PRIVATE CRE	2024-12-31	3.706	x1	EUR	https://www.pfvervoer.nl/over-ons/beleggen/spreiden-van-beleggingen
Pensioenfonds Vervoer	BLOCK COMMUNICATIONS INC	2024-12-31	5.224	x1	EUR	https://www.pfvervoer.nl/over-ons/beleggen/spreiden-van-beleggingen
Pensioenfonds Vervoer	BLOOMIN' BRANDS INC/OSI	2024-12-31	1.607	x1	EUR	https://www.pfvervoer.nl/over-ons/beleggen/spreiden-van-beleggingen
Pensioenfonds Vervoer	BLUE OWL FINANCE LLC	2024-12-31	1.730	x1	EUR	https://www.pfvervoer.nl/over-ons/beleggen/spreiden-van-beleggingen
Pensioenfonds Vervoer	BLUE RACER MID LLC/FINAN	2024-12-31	2.541	x1	EUR	https://www.pfvervoer.nl/over-ons/beleggen/spreiden-van-beleggingen
Pensioenfonds Vervoer	BLUELINX HOLDING	2024-12-31	4.662	x1	EUR	https://www.pfvervoer.nl/over-ons/beleggen/spreiden-van-beleggingen
Pensioenfonds Vervoer	BNP Paribas	2024-12-31	42.349	x1	EUR	https://www.pfvervoer.nl/over-ons/beleggen/spreiden-van-beleggingen
Pensioenfonds Vervoer	BOE MERGER CORP	2024-12-31	3.536	x1	EUR	https://www.pfvervoer.nl/over-ons/beleggen/spreiden-van-beleggingen
Pensioenfonds Vervoer	Boels Topholding BV	2024-12-31	1.559	x1	EUR	https://www.pfvervoer.nl/over-ons/beleggen/spreiden-van-beleggingen
Pensioenfonds Vervoer	BOMBARDIER INC	2024-12-31	11.432	x1	EUR	https://www.pfvervoer.nl/over-ons/beleggen/spreiden-van-beleggingen
Pensioenfonds Vervoer	Booking Holdings Inc	2024-12-31	2.105	x1	EUR	https://www.pfvervoer.nl/over-ons/beleggen/spreiden-van-beleggingen
Pensioenfonds Vervoer	Boral Ltd	2024-12-31	1.215	x1	EUR	https://www.pfvervoer.nl/over-ons/beleggen/spreiden-van-beleggingen
Pensioenfonds Vervoer	Boston Properties LP	2024-12-31	2.913	x1	EUR	https://www.pfvervoer.nl/over-ons/beleggen/spreiden-van-beleggingen
Pensioenfonds Vervoer	BOSTON SCIENTIFIC CORP	2024-12-31	3.477	x1	EUR	https://www.pfvervoer.nl/over-ons/beleggen/spreiden-van-beleggingen
Pensioenfonds Vervoer	Boston University	2024-12-31	879	x1	EUR	https://www.pfvervoer.nl/over-ons/beleggen/spreiden-van-beleggingen
Pensioenfonds Vervoer	BP Captial Markets PLC	2024-12-31	11.167	x1	EUR	https://www.pfvervoer.nl/over-ons/beleggen/spreiden-van-beleggingen
Pensioenfonds Vervoer	BPCE Home Loans FCT	2024-12-31	2.315	x1	EUR	https://www.pfvervoer.nl/over-ons/beleggen/spreiden-van-beleggingen
Pensioenfonds Vervoer	Bpce Sa	2024-12-31	15.126	x1	EUR	https://www.pfvervoer.nl/over-ons/beleggen/spreiden-van-beleggingen
Pensioenfonds Vervoer	BPCE Sfh - Societe de Fi	2024-12-31	6.689	x1	EUR	https://www.pfvervoer.nl/over-ons/beleggen/spreiden-van-beleggingen
Pensioenfonds Vervoer	BRACKEN MIDCO ONE	2024-12-31	1.322	x1	EUR	https://www.pfvervoer.nl/over-ons/beleggen/spreiden-van-beleggingen
Pensioenfonds Vervoer	BRANICKS Group AG	2024-12-31	856	x1	EUR	https://www.pfvervoer.nl/over-ons/beleggen/spreiden-van-beleggingen
Pensioenfonds Vervoer	BREAD FINANCIAL HLDGS	2024-12-31	7.675	x1	EUR	https://www.pfvervoer.nl/over-ons/beleggen/spreiden-van-beleggingen
Pensioenfonds Vervoer	Brenntag AG	2024-12-31	1.779	x1	EUR	https://www.pfvervoer.nl/over-ons/beleggen/spreiden-van-beleggingen
Pensioenfonds Vervoer	Brinker International Inc	2024-12-31	1.722	x1	EUR	https://www.pfvervoer.nl/over-ons/beleggen/spreiden-van-beleggingen
Pensioenfonds Vervoer	Brink's Co/The	2024-12-31	2.588	x1	EUR	https://www.pfvervoer.nl/over-ons/beleggen/spreiden-van-beleggingen
Pensioenfonds Vervoer	Bristol Myers Squibb Company	2024-12-31	5.508	x1	EUR	https://www.pfvervoer.nl/over-ons/beleggen/spreiden-van-beleggingen
Pensioenfonds Vervoer	BRITISH AIRWAYS PLC	2024-12-31	2.941	x1	EUR	https://www.pfvervoer.nl/over-ons/beleggen/spreiden-van-beleggingen
Pensioenfonds Vervoer	British Columbia Province oF	2024-12-31	2.025	x1	EUR	https://www.pfvervoer.nl/over-ons/beleggen/spreiden-van-beleggingen
Pensioenfonds Vervoer	British Telecommunications PLC	2024-12-31	2.381	x1	EUR	https://www.pfvervoer.nl/over-ons/beleggen/spreiden-van-beleggingen
Pensioenfonds Vervoer	BRIXMOR LLC	2024-12-31	8.641	x1	EUR	https://www.pfvervoer.nl/over-ons/beleggen/spreiden-van-beleggingen
Pensioenfonds Vervoer	Brown & Brown Inc	2024-12-31	8	x1	EUR	https://www.pfvervoer.nl/over-ons/beleggen/spreiden-van-beleggingen
Pensioenfonds Vervoer	BUBBLES BIDCO SPA	2024-12-31	1.588	x1	EUR	https://www.pfvervoer.nl/over-ons/beleggen/spreiden-van-beleggingen
Pensioenfonds Vervoer	Buckeye Partners LP	2024-12-31	9.031	x1	EUR	https://www.pfvervoer.nl/over-ons/beleggen/spreiden-van-beleggingen
Pensioenfonds Vervoer	BUILDING MATERIALS CORP	2024-12-31	3.037	x1	EUR	https://www.pfvervoer.nl/over-ons/beleggen/spreiden-van-beleggingen
Pensioenfonds Vervoer	BURBERRY GROUP PLC	2024-12-31	4.939	x1	EUR	https://www.pfvervoer.nl/over-ons/beleggen/spreiden-van-beleggingen
Pensioenfonds Vervoer	BURFORD CAPITAL PLC	2024-12-31	8.727	x1	EUR	https://www.pfvervoer.nl/over-ons/beleggen/spreiden-van-beleggingen
Pensioenfonds Vervoer	Cable One Inc	2024-12-31	4.713	x1	EUR	https://www.pfvervoer.nl/over-ons/beleggen/spreiden-van-beleggingen
Pensioenfonds Vervoer	CABLEVISION LIGHTPATH	2024-12-31	6.970	x1	EUR	https://www.pfvervoer.nl/over-ons/beleggen/spreiden-van-beleggingen
Pensioenfonds Vervoer	CABOT FINANCIAL LUX SA	2024-12-31	1.614	x1	EUR	https://www.pfvervoer.nl/over-ons/beleggen/spreiden-van-beleggingen
Pensioenfonds Vervoer	CADENT FINANCE PLC	2024-12-31	5.340	x1	EUR	https://www.pfvervoer.nl/over-ons/beleggen/spreiden-van-beleggingen
Pensioenfonds Vervoer	CADILLAC FAIRVIEW PRP TR	2024-12-31	5.246	x1	EUR	https://www.pfvervoer.nl/over-ons/beleggen/spreiden-van-beleggingen
Pensioenfonds Vervoer	CAESARS ENTERTAINMENT OP	2024-12-31	12.723	x1	EUR	https://www.pfvervoer.nl/over-ons/beleggen/spreiden-van-beleggingen
Pensioenfonds Vervoer	Caisse d'Amortissement de la Dette Sociale	2024-12-31	1.597	x1	EUR	https://www.pfvervoer.nl/over-ons/beleggen/spreiden-van-beleggingen
Pensioenfonds Vervoer	Caisse National D'Autoroutes	2024-12-31	870	x1	EUR	https://www.pfvervoer.nl/over-ons/beleggen/spreiden-van-beleggingen
Pensioenfonds Vervoer	Cajamar Caja Rural SCC	2024-12-31	1.530	x1	EUR	https://www.pfvervoer.nl/over-ons/beleggen/spreiden-van-beleggingen
Pensioenfonds Vervoer	CALDERYS FINANCING LLC	2024-12-31	3.632	x1	EUR	https://www.pfvervoer.nl/over-ons/beleggen/spreiden-van-beleggingen
Pensioenfonds Vervoer	California Institute of Technology	2024-12-31	357	x1	EUR	https://www.pfvervoer.nl/over-ons/beleggen/spreiden-van-beleggingen
Pensioenfonds Vervoer	CALIFORNIA ST	2024-12-31	3.499	x1	EUR	https://www.pfvervoer.nl/over-ons/beleggen/spreiden-van-beleggingen
Pensioenfonds Vervoer	CALPINE CORP	2024-12-31	13.719	x1	EUR	https://www.pfvervoer.nl/over-ons/beleggen/spreiden-van-beleggingen
Pensioenfonds Vervoer	CALRIV SCI HLD CORP	2024-12-31	2.426	x1	EUR	https://www.pfvervoer.nl/over-ons/beleggen/spreiden-van-beleggingen
Pensioenfonds Vervoer	Canadian National Railway Co	2024-12-31	1.179	x1	EUR	https://www.pfvervoer.nl/over-ons/beleggen/spreiden-van-beleggingen
Pensioenfonds Vervoer	CANPCK	2024-12-31	8.386	x1	EUR	https://www.pfvervoer.nl/over-ons/beleggen/spreiden-van-beleggingen
Pensioenfonds Vervoer	CANTOR FITZGERALD LP	2024-12-31	4.638	x1	EUR	https://www.pfvervoer.nl/over-ons/beleggen/spreiden-van-beleggingen
Pensioenfonds Vervoer	Capital & Regional PLC	2024-12-31	875	x1	EUR	https://www.pfvervoer.nl/over-ons/beleggen/spreiden-van-beleggingen
Pensioenfonds Vervoer	Capital One Bank Usa Na	2024-12-31	6.839	x1	EUR	https://www.pfvervoer.nl/over-ons/beleggen/spreiden-van-beleggingen
Pensioenfonds Vervoer	Carnival Corp	2024-12-31	16.462	x1	EUR	https://www.pfvervoer.nl/over-ons/beleggen/spreiden-van-beleggingen
Pensioenfonds Vervoer	Carrefour SA	2024-12-31	1.515	x1	EUR	https://www.pfvervoer.nl/over-ons/beleggen/spreiden-van-beleggingen
Pensioenfonds Vervoer	Cas Depositi E Prestiti	2024-12-31	1.092	x1	EUR	https://www.pfvervoer.nl/over-ons/beleggen/spreiden-van-beleggingen
Pensioenfonds Vervoer	Cascades Inc	2024-12-31	3.636	x1	EUR	https://www.pfvervoer.nl/over-ons/beleggen/spreiden-van-beleggingen
Pensioenfonds Vervoer	Cassa di Risparmio di Parma e Piacenza SpA	2024-12-31	2.625	x1	EUR	https://www.pfvervoer.nl/over-ons/beleggen/spreiden-van-beleggingen
Pensioenfonds Vervoer	CAST & CREW PAYROLL LLC	2024-12-31	2.430	x1	EUR	https://www.pfvervoer.nl/over-ons/beleggen/spreiden-van-beleggingen
Pensioenfonds Vervoer	CASTLE UK FINCO PLC	2024-12-31	2.056	x1	EUR	https://www.pfvervoer.nl/over-ons/beleggen/spreiden-van-beleggingen
Pensioenfonds Vervoer	Catalyst Paper Corp	2024-12-31	1.279	x1	EUR	https://www.pfvervoer.nl/over-ons/beleggen/spreiden-van-beleggingen
Pensioenfonds Vervoer	CATAWBA NATION GAMING AU	2024-12-31	3.144	x1	EUR	https://www.pfvervoer.nl/over-ons/beleggen/spreiden-van-beleggingen
Pensioenfonds Vervoer	Catholic Health Initiati	2024-12-31	787	x1	EUR	https://www.pfvervoer.nl/over-ons/beleggen/spreiden-van-beleggingen
Pensioenfonds Vervoer	CBRE GI OPEN END FUND	2024-12-31	6.281	x1	EUR	https://www.pfvervoer.nl/over-ons/beleggen/spreiden-van-beleggingen
Pensioenfonds Vervoer	CBRE SERVICES INC	2024-12-31	713	x1	EUR	https://www.pfvervoer.nl/over-ons/beleggen/spreiden-van-beleggingen
Pensioenfonds Vervoer	CCO HLDGS LLC/CAP CORP	2024-12-31	61.987	x1	EUR	https://www.pfvervoer.nl/over-ons/beleggen/spreiden-van-beleggingen
Pensioenfonds Vervoer	CD&R FIREFLY BIDCO LTD	2024-12-31	6.205	x1	EUR	https://www.pfvervoer.nl/over-ons/beleggen/spreiden-van-beleggingen
Pensioenfonds Vervoer	CDK GLOBAL INC	2024-12-31	17.465	x1	EUR	https://www.pfvervoer.nl/over-ons/beleggen/spreiden-van-beleggingen
Pensioenfonds Vervoer	CDW CORP	2024-12-31	7.103	x1	EUR	https://www.pfvervoer.nl/over-ons/beleggen/spreiden-van-beleggingen
Pensioenfonds Vervoer	CELLNEX TELECOM	2024-12-31	3.417	x1	EUR	https://www.pfvervoer.nl/over-ons/beleggen/spreiden-van-beleggingen
Pensioenfonds Vervoer	CENTRAL GARDEN & PET CO	2024-12-31	2.935	x1	EUR	https://www.pfvervoer.nl/over-ons/beleggen/spreiden-van-beleggingen
Pensioenfonds Vervoer	CENTRAL NIPPON EXPRESSWY	2024-12-31	4.006	x1	EUR	https://www.pfvervoer.nl/over-ons/beleggen/spreiden-van-beleggingen
Pensioenfonds Vervoer	CF Industries Inc	2024-12-31	3.167	x1	EUR	https://www.pfvervoer.nl/over-ons/beleggen/spreiden-van-beleggingen
Pensioenfonds Vervoer	CGI INC	2024-12-31	918	x1	EUR	https://www.pfvervoer.nl/over-ons/beleggen/spreiden-van-beleggingen
Pensioenfonds Vervoer	CHAMPIONS FINANCING INC	2024-12-31	4.554	x1	EUR	https://www.pfvervoer.nl/over-ons/beleggen/spreiden-van-beleggingen
Pensioenfonds Vervoer	CHANEL CERES PLC	2024-12-31	2.579	x1	EUR	https://www.pfvervoer.nl/over-ons/beleggen/spreiden-van-beleggingen
Pensioenfonds Vervoer	Charles Schwab Corp	2024-12-31	1.099	x1	EUR	https://www.pfvervoer.nl/over-ons/beleggen/spreiden-van-beleggingen
Pensioenfonds Vervoer	Chart Industries Inc	2024-12-31	9.349	x1	EUR	https://www.pfvervoer.nl/over-ons/beleggen/spreiden-van-beleggingen
Pensioenfonds Vervoer	CHEPLAPHARM ARZNEIMITTEL	2024-12-31	4.977	x1	EUR	https://www.pfvervoer.nl/over-ons/beleggen/spreiden-van-beleggingen
Pensioenfonds Vervoer	CHOBANI LLC/FINANCE CORP	2024-12-31	3.064	x1	EUR	https://www.pfvervoer.nl/over-ons/beleggen/spreiden-van-beleggingen
Pensioenfonds Vervoer	Chorus Ltd	2024-12-31	954	x1	EUR	https://www.pfvervoer.nl/over-ons/beleggen/spreiden-van-beleggingen
Pensioenfonds Vervoer	CHS/COMMUNITY HEALTH SYS	2024-12-31	14.663	x1	EUR	https://www.pfvervoer.nl/over-ons/beleggen/spreiden-van-beleggingen
Pensioenfonds Vervoer	Chubb Corporation	2024-12-31	5.194	x1	EUR	https://www.pfvervoer.nl/over-ons/beleggen/spreiden-van-beleggingen
Pensioenfonds Vervoer	Churchill Downs Inc	2024-12-31	5.809	x1	EUR	https://www.pfvervoer.nl/over-ons/beleggen/spreiden-van-beleggingen
Pensioenfonds Vervoer	CINEMARK USA INC	2024-12-31	13.068	x1	EUR	https://www.pfvervoer.nl/over-ons/beleggen/spreiden-van-beleggingen
Pensioenfonds Vervoer	Cineworld Group PLC	2024-12-31	6.866	x1	EUR	https://www.pfvervoer.nl/over-ons/beleggen/spreiden-van-beleggingen
Pensioenfonds Vervoer	Citigroup Global Markets Ltd	2024-12-31	219	x1	EUR	https://www.pfvervoer.nl/over-ons/beleggen/spreiden-van-beleggingen
Pensioenfonds Vervoer	Citigroup Inc	2024-12-31	49.665	x1	EUR	https://www.pfvervoer.nl/over-ons/beleggen/spreiden-van-beleggingen
Pensioenfonds Vervoer	CITIGROUP MORTGAGE LOAN TRUST	2024-12-31	7	x1	EUR	https://www.pfvervoer.nl/over-ons/beleggen/spreiden-van-beleggingen
Pensioenfonds Vervoer	Clean Harbors Inc	2024-12-31	2.540	x1	EUR	https://www.pfvervoer.nl/over-ons/beleggen/spreiden-van-beleggingen
Pensioenfonds Vervoer	CLEAR CHANNEL WORLDWIDE	2024-12-31	5.058	x1	EUR	https://www.pfvervoer.nl/over-ons/beleggen/spreiden-van-beleggingen
Pensioenfonds Vervoer	CLEARWAY ENERGY OPERATIN	2024-12-31	9.908	x1	EUR	https://www.pfvervoer.nl/over-ons/beleggen/spreiden-van-beleggingen
Pensioenfonds Vervoer	Cleveland-Cliffs Inc	2024-12-31	9.979	x1	EUR	https://www.pfvervoer.nl/over-ons/beleggen/spreiden-van-beleggingen
Pensioenfonds Vervoer	CLYDESDALE ACQUISITION	2024-12-31	2.707	x1	EUR	https://www.pfvervoer.nl/over-ons/beleggen/spreiden-van-beleggingen
Pensioenfonds Vervoer	Cma Cgm Sa	2024-12-31	993	x1	EUR	https://www.pfvervoer.nl/over-ons/beleggen/spreiden-van-beleggingen
Pensioenfonds Vervoer	CNP Assurances	2024-12-31	2.936	x1	EUR	https://www.pfvervoer.nl/over-ons/beleggen/spreiden-van-beleggingen
Pensioenfonds Vervoer	CNTL AMR BOTTLING CORP	2024-12-31	4.064	x1	EUR	https://www.pfvervoer.nl/over-ons/beleggen/spreiden-van-beleggingen
Pensioenfonds Vervoer	Coca-Cola Co	2024-12-31	1.498	x1	EUR	https://www.pfvervoer.nl/over-ons/beleggen/spreiden-van-beleggingen
Pensioenfonds Vervoer	COLONIAL PIPELINE CO	2024-12-31	5.436	x1	EUR	https://www.pfvervoer.nl/over-ons/beleggen/spreiden-van-beleggingen
Pensioenfonds Vervoer	Columbia Pipeline Group Inc	2024-12-31	7.560	x1	EUR	https://www.pfvervoer.nl/over-ons/beleggen/spreiden-van-beleggingen
Pensioenfonds Vervoer	COLUMBIA UNIVERSITY	2024-12-31	497	x1	EUR	https://www.pfvervoer.nl/over-ons/beleggen/spreiden-van-beleggingen
Pensioenfonds Vervoer	Comcast Cable Comm Hldgs	2024-12-31	10.271	x1	EUR	https://www.pfvervoer.nl/over-ons/beleggen/spreiden-van-beleggingen
Pensioenfonds Vervoer	Comerica Bank	2024-12-31	1.456	x1	EUR	https://www.pfvervoer.nl/over-ons/beleggen/spreiden-van-beleggingen
Pensioenfonds Vervoer	Commerzbank AG	2024-12-31	18.140	x1	EUR	https://www.pfvervoer.nl/over-ons/beleggen/spreiden-van-beleggingen
Pensioenfonds Vervoer	Commonwealth Bank Australia	2024-12-31	2.183	x1	EUR	https://www.pfvervoer.nl/over-ons/beleggen/spreiden-van-beleggingen
Pensioenfonds Vervoer	COMMSCOPE TECH FINANCE L	2024-12-31	3.133	x1	EUR	https://www.pfvervoer.nl/over-ons/beleggen/spreiden-van-beleggingen
Pensioenfonds Vervoer	Compagnie de Saint-Gobain S,A,	2024-12-31	6.338	x1	EUR	https://www.pfvervoer.nl/over-ons/beleggen/spreiden-van-beleggingen
Pensioenfonds Vervoer	COMPASS DIVERSIFIED HOLD	2024-12-31	5.926	x1	EUR	https://www.pfvervoer.nl/over-ons/beleggen/spreiden-van-beleggingen
Pensioenfonds Vervoer	COMPOSITE RESINS SUBHOLD	2024-12-31	2.687	x1	EUR	https://www.pfvervoer.nl/over-ons/beleggen/spreiden-van-beleggingen
Pensioenfonds Vervoer	Comunidad De Madrid	2024-12-31	1.755	x1	EUR	https://www.pfvervoer.nl/over-ons/beleggen/spreiden-van-beleggingen
Pensioenfonds Vervoer	CONCENTRA INC	2024-12-31	1.191	x1	EUR	https://www.pfvervoer.nl/over-ons/beleggen/spreiden-van-beleggingen
Pensioenfonds Vervoer	CONDOR MERGER SUB INC	2024-12-31	1.217	x1	EUR	https://www.pfvervoer.nl/over-ons/beleggen/spreiden-van-beleggingen
Pensioenfonds Vervoer	CONNECT FINCO SARL	2024-12-31	4.425	x1	EUR	https://www.pfvervoer.nl/over-ons/beleggen/spreiden-van-beleggingen
Pensioenfonds Vervoer	CONNECT PLUS ISSUER	2024-12-31	412	x1	EUR	https://www.pfvervoer.nl/over-ons/beleggen/spreiden-van-beleggingen
Pensioenfonds Vervoer	CONSOLIDATEC COMM FIN CO	2024-12-31	4.006	x1	EUR	https://www.pfvervoer.nl/over-ons/beleggen/spreiden-van-beleggingen
Pensioenfonds Vervoer	CONSOLIDATED ENERGY FIN	2024-12-31	505	x1	EUR	https://www.pfvervoer.nl/over-ons/beleggen/spreiden-van-beleggingen
Pensioenfonds Vervoer	CONSTELLATION BRANDS INC	2024-12-31	660	x1	EUR	https://www.pfvervoer.nl/over-ons/beleggen/spreiden-van-beleggingen
Pensioenfonds Vervoer	CONSTELLIS HOLDINGS LLC	2024-12-31	4.352	x1	EUR	https://www.pfvervoer.nl/over-ons/beleggen/spreiden-van-beleggingen
Pensioenfonds Vervoer	CONSTELLIUM NV	2024-12-31	8.577	x1	EUR	https://www.pfvervoer.nl/over-ons/beleggen/spreiden-van-beleggingen
Pensioenfonds Vervoer	CO-OPERATIVE BANK PLC	2024-12-31	7.703	x1	EUR	https://www.pfvervoer.nl/over-ons/beleggen/spreiden-van-beleggingen
Pensioenfonds Vervoer	Corebridge Financial Inc	2024-12-31	1.763	x1	EUR	https://www.pfvervoer.nl/over-ons/beleggen/spreiden-van-beleggingen
Pensioenfonds Vervoer	CoStar Group Inc	2024-12-31	941	x1	EUR	https://www.pfvervoer.nl/over-ons/beleggen/spreiden-van-beleggingen
Pensioenfonds Vervoer	Coty Inc	2024-12-31	6.376	x1	EUR	https://www.pfvervoer.nl/over-ons/beleggen/spreiden-van-beleggingen
Pensioenfonds Vervoer	Council of Europe Development Bank	2024-12-31	1.643	x1	EUR	https://www.pfvervoer.nl/over-ons/beleggen/spreiden-van-beleggingen
Pensioenfonds Vervoer	COUNTRYWIDE ALTERNATIVE LOAN T	2024-12-31	147	x1	EUR	https://www.pfvervoer.nl/over-ons/beleggen/spreiden-van-beleggingen
Pensioenfonds Vervoer	Covanta Holding Corp	2024-12-31	2.243	x1	EUR	https://www.pfvervoer.nl/over-ons/beleggen/spreiden-van-beleggingen
Pensioenfonds Vervoer	Coventry Building Society	2024-12-31	7.629	x1	EUR	https://www.pfvervoer.nl/over-ons/beleggen/spreiden-van-beleggingen
Pensioenfonds Vervoer	Cox Communications Inc	2024-12-31	6.524	x1	EUR	https://www.pfvervoer.nl/over-ons/beleggen/spreiden-van-beleggingen
Pensioenfonds Vervoer	CPI Property Group SA	2024-12-31	2.684	x1	EUR	https://www.pfvervoer.nl/over-ons/beleggen/spreiden-van-beleggingen
Pensioenfonds Vervoer	CPUK FINANCE LTD	2024-12-31	246	x1	EUR	https://www.pfvervoer.nl/over-ons/beleggen/spreiden-van-beleggingen
Pensioenfonds Vervoer	CREDIT ACCEPTANC	2024-12-31	6.502	x1	EUR	https://www.pfvervoer.nl/over-ons/beleggen/spreiden-van-beleggingen
Pensioenfonds Vervoer	CREDIT AGRICOLE SA	2024-12-31	27.442	x1	EUR	https://www.pfvervoer.nl/over-ons/beleggen/spreiden-van-beleggingen
Pensioenfonds Vervoer	CREDIT-BASED ASSET SERVICING A	2024-12-31	2	x1	EUR	https://www.pfvervoer.nl/over-ons/beleggen/spreiden-van-beleggingen
Pensioenfonds Vervoer	CRELAN SA	2024-12-31	9.772	x1	EUR	https://www.pfvervoer.nl/over-ons/beleggen/spreiden-van-beleggingen
Pensioenfonds Vervoer	Crescent Point Energy Corp	2024-12-31	2.426	x1	EUR	https://www.pfvervoer.nl/over-ons/beleggen/spreiden-van-beleggingen
Pensioenfonds Vervoer	CROMWELL EREIT LU FINCO	2024-12-31	2.971	x1	EUR	https://www.pfvervoer.nl/over-ons/beleggen/spreiden-van-beleggingen
Pensioenfonds Vervoer	CROWN CASTLE TOWERS LLC	2024-12-31	1.021	x1	EUR	https://www.pfvervoer.nl/over-ons/beleggen/spreiden-van-beleggingen
Pensioenfonds Vervoer	CROWN EURO HOLDINGS SA	2024-12-31	2.578	x1	EUR	https://www.pfvervoer.nl/over-ons/beleggen/spreiden-van-beleggingen
Pensioenfonds Vervoer	CSC HOLDINGS LLC	2024-12-31	10.183	x1	EUR	https://www.pfvervoer.nl/over-ons/beleggen/spreiden-van-beleggingen
Pensioenfonds Vervoer	Csn Islands Xi Corp	2024-12-31	4.261	x1	EUR	https://www.pfvervoer.nl/over-ons/beleggen/spreiden-van-beleggingen
Pensioenfonds Vervoer	CTP NV	2024-12-31	2.758	x1	EUR	https://www.pfvervoer.nl/over-ons/beleggen/spreiden-van-beleggingen
Pensioenfonds Vervoer	CULLINAN HOLDCO	2024-12-31	1.964	x1	EUR	https://www.pfvervoer.nl/over-ons/beleggen/spreiden-van-beleggingen
Pensioenfonds Vervoer	Cushman & Wakefield PLC	2024-12-31	3.365	x1	EUR	https://www.pfvervoer.nl/over-ons/beleggen/spreiden-van-beleggingen
Pensioenfonds Vervoer	Cvent Inc	2024-12-31	5.494	x1	EUR	https://www.pfvervoer.nl/over-ons/beleggen/spreiden-van-beleggingen
Pensioenfonds Vervoer	CVS Health Corp	2024-12-31	9.256	x1	EUR	https://www.pfvervoer.nl/over-ons/beleggen/spreiden-van-beleggingen
Pensioenfonds Vervoer	CVS PASS-THROUGH TRUST	2024-12-31	579	x1	EUR	https://www.pfvervoer.nl/over-ons/beleggen/spreiden-van-beleggingen
Pensioenfonds Vervoer	Dana Holding Corp	2024-12-31	2.601	x1	EUR	https://www.pfvervoer.nl/over-ons/beleggen/spreiden-van-beleggingen
Pensioenfonds Vervoer	Danske Bank A/S	2024-12-31	23.651	x1	EUR	https://www.pfvervoer.nl/over-ons/beleggen/spreiden-van-beleggingen
Pensioenfonds Vervoer	DARLING INGREDIENTS INC	2024-12-31	6.103	x1	EUR	https://www.pfvervoer.nl/over-ons/beleggen/spreiden-van-beleggingen
Pensioenfonds Vervoer	Davide Campari-Milano SpA	2024-12-31	377	x1	EUR	https://www.pfvervoer.nl/over-ons/beleggen/spreiden-van-beleggingen
Pensioenfonds Vervoer	DAVITA HEALTHCARE PARTNE	2024-12-31	6.827	x1	EUR	https://www.pfvervoer.nl/over-ons/beleggen/spreiden-van-beleggingen
Pensioenfonds Vervoer	De Volksbank N,V,	2024-12-31	19.972	x1	EUR	https://www.pfvervoer.nl/over-ons/beleggen/spreiden-van-beleggingen
Pensioenfonds Vervoer	DECK CHASSIS ACQ INC	2024-12-31	3.033	x1	EUR	https://www.pfvervoer.nl/over-ons/beleggen/spreiden-van-beleggingen
Pensioenfonds Vervoer	Delta Air Lines	2024-12-31	5.281	x1	EUR	https://www.pfvervoer.nl/over-ons/beleggen/spreiden-van-beleggingen
Pensioenfonds Vervoer	DELUXE CORP	2024-12-31	8.716	x1	EUR	https://www.pfvervoer.nl/over-ons/beleggen/spreiden-van-beleggingen
Pensioenfonds Vervoer	Denso Corp	2024-12-31	1.824	x1	EUR	https://www.pfvervoer.nl/over-ons/beleggen/spreiden-van-beleggingen
Pensioenfonds Vervoer	DEUCE FINCO	2024-12-31	3.508	x1	EUR	https://www.pfvervoer.nl/over-ons/beleggen/spreiden-van-beleggingen
Pensioenfonds Vervoer	Deutsche Ann Fin BV	2024-12-31	9.553	x1	EUR	https://www.pfvervoer.nl/over-ons/beleggen/spreiden-van-beleggingen
Pensioenfonds Vervoer	Deutsche Bahn Finance BV	2024-12-31	8.259	x1	EUR	https://www.pfvervoer.nl/over-ons/beleggen/spreiden-van-beleggingen
Pensioenfonds Vervoer	Deutsche Bank AG	2024-12-31	37.233	x1	EUR	https://www.pfvervoer.nl/over-ons/beleggen/spreiden-van-beleggingen
Pensioenfonds Vervoer	Deutsche Boerse AG	2024-12-31	1.487	x1	EUR	https://www.pfvervoer.nl/over-ons/beleggen/spreiden-van-beleggingen
Pensioenfonds Vervoer	Deutsche Telekom AG	2024-12-31	1.710	x1	EUR	https://www.pfvervoer.nl/over-ons/beleggen/spreiden-van-beleggingen
Pensioenfonds Vervoer	Diageo PLC	2024-12-31	1.762	x1	EUR	https://www.pfvervoer.nl/over-ons/beleggen/spreiden-van-beleggingen
Pensioenfonds Vervoer	Diebold Inc	2024-12-31	3.891	x1	EUR	https://www.pfvervoer.nl/over-ons/beleggen/spreiden-van-beleggingen
Pensioenfonds Vervoer	Digital Realty Trust Lp	2024-12-31	12.394	x1	EUR	https://www.pfvervoer.nl/over-ons/beleggen/spreiden-van-beleggingen
Pensioenfonds Vervoer	Directv Holdings/Fing	2024-12-31	9.651	x1	EUR	https://www.pfvervoer.nl/over-ons/beleggen/spreiden-van-beleggingen
Pensioenfonds Vervoer	DISH DBS CORP	2024-12-31	13.115	x1	EUR	https://www.pfvervoer.nl/over-ons/beleggen/spreiden-van-beleggingen
Pensioenfonds Vervoer	DIST OF COLUMBIA WTR & SWR AUT	2024-12-31	570	x1	EUR	https://www.pfvervoer.nl/over-ons/beleggen/spreiden-van-beleggingen
Pensioenfonds Vervoer	DnB ASA	2024-12-31	9.871	x1	EUR	https://www.pfvervoer.nl/over-ons/beleggen/spreiden-van-beleggingen
Pensioenfonds Vervoer	DRAWBRIDGE SPEC OPPOR FU	2024-12-31	1.903	x1	EUR	https://www.pfvervoer.nl/over-ons/beleggen/spreiden-van-beleggingen
Pensioenfonds Vervoer	Drax Group PLC	2024-12-31	2.158	x1	EUR	https://www.pfvervoer.nl/over-ons/beleggen/spreiden-van-beleggingen
Pensioenfonds Vervoer	DS Smith PLC	2024-12-31	1.789	x1	EUR	https://www.pfvervoer.nl/over-ons/beleggen/spreiden-van-beleggingen
Pensioenfonds Vervoer	DSB	2024-12-31	1.780	x1	EUR	https://www.pfvervoer.nl/over-ons/beleggen/spreiden-van-beleggingen
Pensioenfonds Vervoer	DSV A/S	2024-12-31	3.750	x1	EUR	https://www.pfvervoer.nl/over-ons/beleggen/spreiden-van-beleggingen
Pensioenfonds Vervoer	Dufry AG	2024-12-31	8.527	x1	EUR	https://www.pfvervoer.nl/over-ons/beleggen/spreiden-van-beleggingen
Pensioenfonds Vervoer	DUKE UNIVERSITY HEALTH	2024-12-31	381	x1	EUR	https://www.pfvervoer.nl/over-ons/beleggen/spreiden-van-beleggingen
Pensioenfonds Vervoer	DUOMO BIDCO SPA	2024-12-31	1.688	x1	EUR	https://www.pfvervoer.nl/over-ons/beleggen/spreiden-van-beleggingen
Pensioenfonds Vervoer	DYE & DURHAM LIMITED	2024-12-31	10.554	x1	EUR	https://www.pfvervoer.nl/over-ons/beleggen/spreiden-van-beleggingen
Pensioenfonds Vervoer	DYNAMO NEWCO II GMBH	2024-12-31	5.414	x1	EUR	https://www.pfvervoer.nl/over-ons/beleggen/spreiden-van-beleggingen
Pensioenfonds Vervoer	EAST JAPAN RAILWAY CO	2024-12-31	6.755	x1	EUR	https://www.pfvervoer.nl/over-ons/beleggen/spreiden-van-beleggingen
Pensioenfonds Vervoer	ECO MATERIAL TECH INC	2024-12-31	4.179	x1	EUR	https://www.pfvervoer.nl/over-ons/beleggen/spreiden-van-beleggingen
Pensioenfonds Vervoer	EDGE FINCO PLC	2024-12-31	4.992	x1	EUR	https://www.pfvervoer.nl/over-ons/beleggen/spreiden-van-beleggingen
Pensioenfonds Vervoer	Edgewell Personal Care Co	2024-12-31	5.330	x1	EUR	https://www.pfvervoer.nl/over-ons/beleggen/spreiden-van-beleggingen
Pensioenfonds Vervoer	Edison International	2024-12-31	18.651	x1	EUR	https://www.pfvervoer.nl/over-ons/beleggen/spreiden-van-beleggingen
Pensioenfonds Vervoer	EI du Pont de Nemours & Co	2024-12-31	2.633	x1	EUR	https://www.pfvervoer.nl/over-ons/beleggen/spreiden-van-beleggingen
Pensioenfonds Vervoer	EIRCOM FINANCE DAC	2024-12-31	6.030	x1	EUR	https://www.pfvervoer.nl/over-ons/beleggen/spreiden-van-beleggingen
Pensioenfonds Vervoer	Elastic NV	2024-12-31	2.343	x1	EUR	https://www.pfvervoer.nl/over-ons/beleggen/spreiden-van-beleggingen
Pensioenfonds Vervoer	ELECTRICITE DE FRANCE	2024-12-31	21.358	x1	EUR	https://www.pfvervoer.nl/over-ons/beleggen/spreiden-van-beleggingen
Pensioenfonds Vervoer	ELEVANCE HEALTH INC	2024-12-31	14.236	x1	EUR	https://www.pfvervoer.nl/over-ons/beleggen/spreiden-van-beleggingen
Pensioenfonds Vervoer	Eli Lilly & Co	2024-12-31	647	x1	EUR	https://www.pfvervoer.nl/over-ons/beleggen/spreiden-van-beleggingen
Pensioenfonds Vervoer	Elia System Operator SA/NV	2024-12-31	3.823	x1	EUR	https://www.pfvervoer.nl/over-ons/beleggen/spreiden-van-beleggingen
Pensioenfonds Vervoer	Elia Transmission BE	2024-12-31	1.377	x1	EUR	https://www.pfvervoer.nl/over-ons/beleggen/spreiden-van-beleggingen
Pensioenfonds Vervoer	Elior SCA	2024-12-31	1.637	x1	EUR	https://www.pfvervoer.nl/over-ons/beleggen/spreiden-van-beleggingen
Pensioenfonds Vervoer	Elis SA	2024-12-31	516	x1	EUR	https://www.pfvervoer.nl/over-ons/beleggen/spreiden-van-beleggingen
Pensioenfonds Vervoer	ELO SACA	2024-12-31	3.105	x1	EUR	https://www.pfvervoer.nl/over-ons/beleggen/spreiden-van-beleggingen
Pensioenfonds Vervoer	EMERALD DEBT MERGER	2024-12-31	8.893	x1	EUR	https://www.pfvervoer.nl/over-ons/beleggen/spreiden-van-beleggingen
Pensioenfonds Vervoer	EMPIRE COMMUNITIES CORP	2024-12-31	6.457	x1	EUR	https://www.pfvervoer.nl/over-ons/beleggen/spreiden-van-beleggingen
Pensioenfonds Vervoer	ENBW International Finance BV	2024-12-31	14.235	x1	EUR	https://www.pfvervoer.nl/over-ons/beleggen/spreiden-van-beleggingen
Pensioenfonds Vervoer	Encompass Health Corp	2024-12-31	6.619	x1	EUR	https://www.pfvervoer.nl/over-ons/beleggen/spreiden-van-beleggingen
Pensioenfonds Vervoer	ENDO HEALTH SOLUTIONS IN	2024-12-31	6.734	x1	EUR	https://www.pfvervoer.nl/over-ons/beleggen/spreiden-van-beleggingen
Pensioenfonds Vervoer	Enel SpA	2024-12-31	12.073	x1	EUR	https://www.pfvervoer.nl/over-ons/beleggen/spreiden-van-beleggingen
Pensioenfonds Vervoer	EnergySolutions Inc	2024-12-31	9.601	x1	EUR	https://www.pfvervoer.nl/over-ons/beleggen/spreiden-van-beleggingen
Pensioenfonds Vervoer	EnerSys	2024-12-31	2.056	x1	EUR	https://www.pfvervoer.nl/over-ons/beleggen/spreiden-van-beleggingen
Pensioenfonds Vervoer	Engie	2024-12-31	21.982	x1	EUR	https://www.pfvervoer.nl/over-ons/beleggen/spreiden-van-beleggingen
Pensioenfonds Vervoer	ENGINEERING SPA	2024-12-31	975	x1	EUR	https://www.pfvervoer.nl/over-ons/beleggen/spreiden-van-beleggingen
Pensioenfonds Vervoer	Eni SpA	2024-12-31	10.354	x1	EUR	https://www.pfvervoer.nl/over-ons/beleggen/spreiden-van-beleggingen
Pensioenfonds Vervoer	Enlink Midstream Partner	2024-12-31	1.587	x1	EUR	https://www.pfvervoer.nl/over-ons/beleggen/spreiden-van-beleggingen
Pensioenfonds Vervoer	ENTERCOM MEDIA CORP	2024-12-31	3.073	x1	EUR	https://www.pfvervoer.nl/over-ons/beleggen/spreiden-van-beleggingen
Pensioenfonds Vervoer	Entertainment Properties	2024-12-31	1.811	x1	EUR	https://www.pfvervoer.nl/over-ons/beleggen/spreiden-van-beleggingen
Pensioenfonds Vervoer	EON AG	2024-12-31	15.836	x1	EUR	https://www.pfvervoer.nl/over-ons/beleggen/spreiden-van-beleggingen
Pensioenfonds Vervoer	EPH FIN INTERNATIONAL AS	2024-12-31	1.296	x1	EUR	https://www.pfvervoer.nl/over-ons/beleggen/spreiden-van-beleggingen
Pensioenfonds Vervoer	EPHIOS SUBCO SARL	2024-12-31	3.101	x1	EUR	https://www.pfvervoer.nl/over-ons/beleggen/spreiden-van-beleggingen
Pensioenfonds Vervoer	EPIROC AB	2024-12-31	1.473	x1	EUR	https://www.pfvervoer.nl/over-ons/beleggen/spreiden-van-beleggingen
Pensioenfonds Vervoer	EQT MIDSTREAM PARTNERS L	2024-12-31	3.631	x1	EUR	https://www.pfvervoer.nl/over-ons/beleggen/spreiden-van-beleggingen
Pensioenfonds Vervoer	Equifax Inc	2024-12-31	3.069	x1	EUR	https://www.pfvervoer.nl/over-ons/beleggen/spreiden-van-beleggingen
Pensioenfonds Vervoer	Equinix Inc	2024-12-31	5.429	x1	EUR	https://www.pfvervoer.nl/over-ons/beleggen/spreiden-van-beleggingen
Pensioenfonds Vervoer	Equinor ASA	2024-12-31	1.645	x1	EUR	https://www.pfvervoer.nl/over-ons/beleggen/spreiden-van-beleggingen
Pensioenfonds Vervoer	EQUIPMENTSHARE,COM INC	2024-12-31	17.104	x1	EUR	https://www.pfvervoer.nl/over-ons/beleggen/spreiden-van-beleggingen
Pensioenfonds Vervoer	Eroski S Coop	2024-12-31	1.768	x1	EUR	https://www.pfvervoer.nl/over-ons/beleggen/spreiden-van-beleggingen
Pensioenfonds Vervoer	Erste Bank der Oestereichische Sparkassen	2024-12-31	974	x1	EUR	https://www.pfvervoer.nl/over-ons/beleggen/spreiden-van-beleggingen
Pensioenfonds Vervoer	ETSA UTILITIES FINANCE	2024-12-31	797	x1	EUR	https://www.pfvervoer.nl/over-ons/beleggen/spreiden-van-beleggingen
Pensioenfonds Vervoer	Eurofins Scientific	2024-12-31	5.553	x1	EUR	https://www.pfvervoer.nl/over-ons/beleggen/spreiden-van-beleggingen
Pensioenfonds Vervoer	Eurogrid GMBH	2024-12-31	25.705	x1	EUR	https://www.pfvervoer.nl/over-ons/beleggen/spreiden-van-beleggingen
Pensioenfonds Vervoer	EUROPCAR GROUPE SA	2024-12-31	1.334	x1	EUR	https://www.pfvervoer.nl/over-ons/beleggen/spreiden-van-beleggingen
Pensioenfonds Vervoer	European Bk Recon & Dev	2024-12-31	5.421	x1	EUR	https://www.pfvervoer.nl/over-ons/beleggen/spreiden-van-beleggingen
Pensioenfonds Vervoer	European Union	2024-12-31	75.601	x1	EUR	https://www.pfvervoer.nl/over-ons/beleggen/spreiden-van-beleggingen
Pensioenfonds Vervoer	Europese Investeringsbank	2024-12-31	65.937	x1	EUR	https://www.pfvervoer.nl/over-ons/beleggen/spreiden-van-beleggingen
Pensioenfonds Vervoer	Eutelsat SA	2024-12-31	1.024	x1	EUR	https://www.pfvervoer.nl/over-ons/beleggen/spreiden-van-beleggingen
Pensioenfonds Vervoer	Everest Re Group Ltd	2024-12-31	3.054	x1	EUR	https://www.pfvervoer.nl/over-ons/beleggen/spreiden-van-beleggingen
Pensioenfonds Vervoer	Everi Payments Inc	2024-12-31	11.069	x1	EUR	https://www.pfvervoer.nl/over-ons/beleggen/spreiden-van-beleggingen
Pensioenfonds Vervoer	Exelon Corp	2024-12-31	4.413	x1	EUR	https://www.pfvervoer.nl/over-ons/beleggen/spreiden-van-beleggingen
Pensioenfonds Vervoer	Experian Finance PLC	2024-12-31	734	x1	EUR	https://www.pfvervoer.nl/over-ons/beleggen/spreiden-van-beleggingen
Pensioenfonds Vervoer	Exxon Mobil Corp	2024-12-31	1.110	x1	EUR	https://www.pfvervoer.nl/over-ons/beleggen/spreiden-van-beleggingen
Pensioenfonds Vervoer	EYECARE PARTNERS LLC	2024-12-31	1.285	x1	EUR	https://www.pfvervoer.nl/over-ons/beleggen/spreiden-van-beleggingen
Pensioenfonds Vervoer	FABBRICA ITA SINTETICI	2024-12-31	2.745	x1	EUR	https://www.pfvervoer.nl/over-ons/beleggen/spreiden-van-beleggingen
Pensioenfonds Vervoer	Fairfax Financial Holdings Ltd	2024-12-31	11.388	x1	EUR	https://www.pfvervoer.nl/over-ons/beleggen/spreiden-van-beleggingen
Pensioenfonds Vervoer	Fastighets AB Balder	2024-12-31	2.964	x1	EUR	https://www.pfvervoer.nl/over-ons/beleggen/spreiden-van-beleggingen
Pensioenfonds Vervoer	FAURECIA	2024-12-31	16.400	x1	EUR	https://www.pfvervoer.nl/over-ons/beleggen/spreiden-van-beleggingen
Pensioenfonds Vervoer	FERGUSON ENTERPRISES INC	2024-12-31	4.224	x1	EUR	https://www.pfvervoer.nl/over-ons/beleggen/spreiden-van-beleggingen
Pensioenfonds Vervoer	FERGUSON FINANCE PLC	2024-12-31	1.561	x1	EUR	https://www.pfvervoer.nl/over-ons/beleggen/spreiden-van-beleggingen
Pensioenfonds Vervoer	Ferrovie Dello Stato	2024-12-31	5.660	x1	EUR	https://www.pfvervoer.nl/over-ons/beleggen/spreiden-van-beleggingen
Pensioenfonds Vervoer	FHLMC Multifamily Structured P	2024-12-31	1.621	x1	EUR	https://www.pfvervoer.nl/over-ons/beleggen/spreiden-van-beleggingen
Pensioenfonds Vervoer	Fibercop S,P,A,	2024-12-31	18.032	x1	EUR	https://www.pfvervoer.nl/over-ons/beleggen/spreiden-van-beleggingen
Pensioenfonds Vervoer	Fifth Third Ban Corp	2024-12-31	3.982	x1	EUR	https://www.pfvervoer.nl/over-ons/beleggen/spreiden-van-beleggingen
Pensioenfonds Vervoer	Fingrid OYJ	2024-12-31	3.893	x1	EUR	https://www.pfvervoer.nl/over-ons/beleggen/spreiden-van-beleggingen
Pensioenfonds Vervoer	FIRE BC SPA	2024-12-31	727	x1	EUR	https://www.pfvervoer.nl/over-ons/beleggen/spreiden-van-beleggingen
Pensioenfonds Vervoer	FIRST BRANDS GROUP LLC	2024-12-31	9.657	x1	EUR	https://www.pfvervoer.nl/over-ons/beleggen/spreiden-van-beleggingen
Pensioenfonds Vervoer	First Cash Financial Sercives	2024-12-31	3.510	x1	EUR	https://www.pfvervoer.nl/over-ons/beleggen/spreiden-van-beleggingen
Pensioenfonds Vervoer	First Industrial Realty Trust	2024-12-31	146	x1	EUR	https://www.pfvervoer.nl/over-ons/beleggen/spreiden-van-beleggingen
Pensioenfonds Vervoer	First Quantum Minerals LTD	2024-12-31	4.489	x1	EUR	https://www.pfvervoer.nl/over-ons/beleggen/spreiden-van-beleggingen
Pensioenfonds Vervoer	Flemish Community	2024-12-31	2.315	x1	EUR	https://www.pfvervoer.nl/over-ons/beleggen/spreiden-van-beleggingen
Pensioenfonds Vervoer	FLORIDA ST HURRICANE CATASTROP	2024-12-31	3.153	x1	EUR	https://www.pfvervoer.nl/over-ons/beleggen/spreiden-van-beleggingen
Pensioenfonds Vervoer	Flowserve Corp	2024-12-31	728	x1	EUR	https://www.pfvervoer.nl/over-ons/beleggen/spreiden-van-beleggingen
Pensioenfonds Vervoer	FLUTTER TREASURY DAC	2024-12-31	1.283	x1	EUR	https://www.pfvervoer.nl/over-ons/beleggen/spreiden-van-beleggingen
Pensioenfonds Vervoer	Fluviu System OP	2024-12-31	6.262	x1	EUR	https://www.pfvervoer.nl/over-ons/beleggen/spreiden-van-beleggingen
Pensioenfonds Vervoer	FMC Corp	2024-12-31	6.960	x1	EUR	https://www.pfvervoer.nl/over-ons/beleggen/spreiden-van-beleggingen
Pensioenfonds Vervoer	FMC FINANCE VII SA	2024-12-31	3.092	x1	EUR	https://www.pfvervoer.nl/over-ons/beleggen/spreiden-van-beleggingen
Pensioenfonds Vervoer	FMG RESOURCES AUG	2024-12-31	2006	x1	EUR	https://www.pfvervoer.nl/over-ons/beleggen/spreiden-van-beleggingen
Pensioenfonds Vervoer	FONCIA MANAGEMENT SASU	2024-12-31	3.711	x1	EUR	https://www.pfvervoer.nl/over-ons/beleggen/spreiden-van-beleggingen
Pensioenfonds Vervoer	FORD MOTOR COMPANY	2024-12-31	42.075	x1	EUR	https://www.pfvervoer.nl/over-ons/beleggen/spreiden-van-beleggingen
Pensioenfonds Vervoer	FORTRESS TRANS & INFRAST	2024-12-31	11.616	x1	EUR	https://www.pfvervoer.nl/over-ons/beleggen/spreiden-van-beleggingen
Pensioenfonds Vervoer	Fortum OYJ	2024-12-31	2.364	x1	EUR	https://www.pfvervoer.nl/over-ons/beleggen/spreiden-van-beleggingen
Pensioenfonds Vervoer	French Republic Government	2024-12-31	3.594	x1	EUR	https://www.pfvervoer.nl/over-ons/beleggen/spreiden-van-beleggingen
Pensioenfonds Vervoer	FRESSNAPF HOLDING SE	2024-12-31	4.653	x1	EUR	https://www.pfvervoer.nl/over-ons/beleggen/spreiden-van-beleggingen
Pensioenfonds Vervoer	FRONTIER COMMUNICATIONS	2024-12-31	8.519	x1	EUR	https://www.pfvervoer.nl/over-ons/beleggen/spreiden-van-beleggingen
Pensioenfonds Vervoer	FS KKR CAPITAL CORP	2024-12-31	555	x1	EUR	https://www.pfvervoer.nl/over-ons/beleggen/spreiden-van-beleggingen
Pensioenfonds Vervoer	GAMENET SPA	2024-12-31	7.566	x1	EUR	https://www.pfvervoer.nl/over-ons/beleggen/spreiden-van-beleggingen
Pensioenfonds Vervoer	GARDEN SPINCO CORP	2024-12-31	3.863	x1	EUR	https://www.pfvervoer.nl/over-ons/beleggen/spreiden-van-beleggingen
Pensioenfonds Vervoer	GARRETT BORROWING LLC	2024-12-31	7.847	x1	EUR	https://www.pfvervoer.nl/over-ons/beleggen/spreiden-van-beleggingen
Pensioenfonds Vervoer	GATWICK AIRPORT FINANCE	2024-12-31	1.192	x1	EUR	https://www.pfvervoer.nl/over-ons/beleggen/spreiden-van-beleggingen
Pensioenfonds Vervoer	General Electric Co	2024-12-31	4.137	x1	EUR	https://www.pfvervoer.nl/over-ons/beleggen/spreiden-van-beleggingen
Pensioenfonds Vervoer	General Mills Inc	2024-12-31	852	x1	EUR	https://www.pfvervoer.nl/over-ons/beleggen/spreiden-van-beleggingen
Pensioenfonds Vervoer	GENERAL MOTORS FINL CO	2024-12-31	24.159	x1	EUR	https://www.pfvervoer.nl/over-ons/beleggen/spreiden-van-beleggingen
Pensioenfonds Vervoer	GENESIS ENERGY LP/GENESI	2024-12-31	5.645	x1	EUR	https://www.pfvervoer.nl/over-ons/beleggen/spreiden-van-beleggingen
Pensioenfonds Vervoer	GENON ENERGY INC	2024-12-31	5.768	x1	EUR	https://www.pfvervoer.nl/over-ons/beleggen/spreiden-van-beleggingen
Pensioenfonds Vervoer	GENTING NY LLC/GENNY CAP	2024-12-31	5.139	x1	EUR	https://www.pfvervoer.nl/over-ons/beleggen/spreiden-van-beleggingen
Pensioenfonds Vervoer	Genuine Parts Co	2024-12-31	1.579	x1	EUR	https://www.pfvervoer.nl/over-ons/beleggen/spreiden-van-beleggingen
Pensioenfonds Vervoer	GEO GROUP INC/THE	2024-12-31	7.021	x1	EUR	https://www.pfvervoer.nl/over-ons/beleggen/spreiden-van-beleggingen
Pensioenfonds Vervoer	GEORGETOWN UNIVERSITY	2024-12-31	2.612	x1	EUR	https://www.pfvervoer.nl/over-ons/beleggen/spreiden-van-beleggingen
Pensioenfonds Vervoer	GEWOBAG WOHNUNGSBAU-AG B	2024-12-31	558	x1	EUR	https://www.pfvervoer.nl/over-ons/beleggen/spreiden-van-beleggingen
Pensioenfonds Vervoer	Gilead Sciences Inc	2024-12-31	3.736	x1	EUR	https://www.pfvervoer.nl/over-ons/beleggen/spreiden-van-beleggingen
Pensioenfonds Vervoer	GLOBAL ATLANTIC FIN CO	2024-12-31	1.660	x1	EUR	https://www.pfvervoer.nl/over-ons/beleggen/spreiden-van-beleggingen
Pensioenfonds Vervoer	GLOBAL INFRASTRUCTURE SO	2024-12-31	8.275	x1	EUR	https://www.pfvervoer.nl/over-ons/beleggen/spreiden-van-beleggingen
Pensioenfonds Vervoer	GLOBAL PAYMENTS INC	2024-12-31	8.889	x1	EUR	https://www.pfvervoer.nl/over-ons/beleggen/spreiden-van-beleggingen
Pensioenfonds Vervoer	GLOBALWORTH REAL ESTATE	2024-12-31	351	x1	EUR	https://www.pfvervoer.nl/over-ons/beleggen/spreiden-van-beleggingen
Pensioenfonds Vervoer	GLP CAPITAL LP / FIN II	2024-12-31	8.362	x1	EUR	https://www.pfvervoer.nl/over-ons/beleggen/spreiden-van-beleggingen
Pensioenfonds Vervoer	GO DADDY OPCO/FINCO	2024-12-31	5.908	x1	EUR	https://www.pfvervoer.nl/over-ons/beleggen/spreiden-van-beleggingen
Pensioenfonds Vervoer	Goeasy Ltd	2024-12-31	3.203	x1	EUR	https://www.pfvervoer.nl/over-ons/beleggen/spreiden-van-beleggingen
Pensioenfonds Vervoer	GOLDEN GOOSE SPA	2024-12-31	1.646	x1	EUR	https://www.pfvervoer.nl/over-ons/beleggen/spreiden-van-beleggingen
Pensioenfonds Vervoer	Goldman Sachs Group Inc	2024-12-31	45.179	x1	EUR	https://www.pfvervoer.nl/over-ons/beleggen/spreiden-van-beleggingen
Pensioenfonds Vervoer	Goodman Funding Pty Ltd	2024-12-31	3.234	x1	EUR	https://www.pfvervoer.nl/over-ons/beleggen/spreiden-van-beleggingen
Pensioenfonds Vervoer	GOODYEAR TIRE & RUBBER	2024-12-31	2.284	x1	EUR	https://www.pfvervoer.nl/over-ons/beleggen/spreiden-van-beleggingen
Pensioenfonds Vervoer	Gov of Quebec	2024-12-31	1.240	x1	EUR	https://www.pfvervoer.nl/over-ons/beleggen/spreiden-van-beleggingen
Pensioenfonds Vervoer	Government National Mortgage A	2024-12-31	7	x1	EUR	https://www.pfvervoer.nl/over-ons/beleggen/spreiden-van-beleggingen
Pensioenfonds Vervoer	Government Of Bermuda	2024-12-31	1.747	x1	EUR	https://www.pfvervoer.nl/over-ons/beleggen/spreiden-van-beleggingen
Pensioenfonds Vervoer	GRAHAM PACKAGING/GPC CAP	2024-12-31	2.512	x1	EUR	https://www.pfvervoer.nl/over-ons/beleggen/spreiden-van-beleggingen
Pensioenfonds Vervoer	Grainger PLC	2024-12-31	571	x1	EUR	https://www.pfvervoer.nl/over-ons/beleggen/spreiden-van-beleggingen
Pensioenfonds Vervoer	GRAND CITY PROPERTIES SA	2024-12-31	1.734	x1	EUR	https://www.pfvervoer.nl/over-ons/beleggen/spreiden-van-beleggingen
Pensioenfonds Vervoer	GRAND PARKWAY TRANSPRTN CORP T	2024-12-31	1.047	x1	EUR	https://www.pfvervoer.nl/over-ons/beleggen/spreiden-van-beleggingen
Pensioenfonds Vervoer	GRAPHIC PACKAGING INTL	2024-12-31	5.882	x1	EUR	https://www.pfvervoer.nl/over-ons/beleggen/spreiden-van-beleggingen
Pensioenfonds Vervoer	GRAY TELEVISION INC	2024-12-31	9.383	x1	EUR	https://www.pfvervoer.nl/over-ons/beleggen/spreiden-van-beleggingen
Pensioenfonds Vervoer	GREAT LAKES DREDGE&DOCK	2024-12-31	2.889	x1	EUR	https://www.pfvervoer.nl/over-ons/beleggen/spreiden-van-beleggingen
Pensioenfonds Vervoer	Great-West Lifeco Inc	2024-12-31	1.404	x1	EUR	https://www.pfvervoer.nl/over-ons/beleggen/spreiden-van-beleggingen
Pensioenfonds Vervoer	GREEN BIDCO SAU	2024-12-31	371	x1	EUR	https://www.pfvervoer.nl/over-ons/beleggen/spreiden-van-beleggingen
Pensioenfonds Vervoer	Green Lion	2024-12-31	2.916	x1	EUR	https://www.pfvervoer.nl/over-ons/beleggen/spreiden-van-beleggingen
Pensioenfonds Vervoer	GREYSTAR REAL ESTATE PAR	2024-12-31	904	x1	EUR	https://www.pfvervoer.nl/over-ons/beleggen/spreiden-van-beleggingen
Pensioenfonds Vervoer	Group	2024-12-31	1	x1	EUR	https://www.pfvervoer.nl/over-ons/beleggen/spreiden-van-beleggingen
Pensioenfonds Vervoer	Groupe Eurotunnel SA	2024-12-31	805	x1	EUR	https://www.pfvervoer.nl/over-ons/beleggen/spreiden-van-beleggingen
Pensioenfonds Vervoer	GRUENENTHAL GMBH	2024-12-31	8.546	x1	EUR	https://www.pfvervoer.nl/over-ons/beleggen/spreiden-van-beleggingen
Pensioenfonds Vervoer	GRUPO-ANTOLIN IRAUSA SA	2024-12-31	3.469	x1	EUR	https://www.pfvervoer.nl/over-ons/beleggen/spreiden-van-beleggingen
Pensioenfonds Vervoer	GS Mortgage Securities Trust	2024-12-31	1.845	x1	EUR	https://www.pfvervoer.nl/over-ons/beleggen/spreiden-van-beleggingen
Pensioenfonds Vervoer	GSK CONSUMER HEALTHCARE	2024-12-31	1.545	x1	EUR	https://www.pfvervoer.nl/over-ons/beleggen/spreiden-van-beleggingen
Pensioenfonds Vervoer	GSR MORTGAGE LOAN TRUST	2024-12-31	7	x1	EUR	https://www.pfvervoer.nl/over-ons/beleggen/spreiden-van-beleggingen
Pensioenfonds Vervoer	GTA FINANCE CO PTY LTD	2024-12-31	1.339	x1	EUR	https://www.pfvervoer.nl/over-ons/beleggen/spreiden-van-beleggingen
Pensioenfonds Vervoer	GUARDIAN LIFE GLOB FUND	2024-12-31	1.443	x1	EUR	https://www.pfvervoer.nl/over-ons/beleggen/spreiden-van-beleggingen
Pensioenfonds Vervoer	HANESBRANDS INC	2024-12-31	3.305	x1	EUR	https://www.pfvervoer.nl/over-ons/beleggen/spreiden-van-beleggingen
Pensioenfonds Vervoer	HARBORVIEW MORTGAGE LOAN TRUST	2024-12-31	1	x1	EUR	https://www.pfvervoer.nl/over-ons/beleggen/spreiden-van-beleggingen
Pensioenfonds Vervoer	HARVEST MIDSTREAM I LP	2024-12-31	9.959	x1	EUR	https://www.pfvervoer.nl/over-ons/beleggen/spreiden-van-beleggingen
Pensioenfonds Vervoer	HAT HOLDINGS I LLC/HAT	2024-12-31	22.448	x1	EUR	https://www.pfvervoer.nl/over-ons/beleggen/spreiden-van-beleggingen
Pensioenfonds Vervoer	Health Care Svcs Corp	2024-12-31	1.149	x1	EUR	https://www.pfvervoer.nl/over-ons/beleggen/spreiden-van-beleggingen
Pensioenfonds Vervoer	Heathrow Funding Ltd	2024-12-31	6.692	x1	EUR	https://www.pfvervoer.nl/over-ons/beleggen/spreiden-van-beleggingen
Pensioenfonds Vervoer	Heimstaden Bostad	2024-12-31	5.422	x1	EUR	https://www.pfvervoer.nl/over-ons/beleggen/spreiden-van-beleggingen
Pensioenfonds Vervoer	HEIMSTADEN BOSTAD AB	2024-12-31	2.250	x1	EUR	https://www.pfvervoer.nl/over-ons/beleggen/spreiden-van-beleggingen
Pensioenfonds Vervoer	HELIOS SOFTWARE HOLDINGS	2024-12-31	5.371	x1	EUR	https://www.pfvervoer.nl/over-ons/beleggen/spreiden-van-beleggingen
Pensioenfonds Vervoer	HERTZ CORP	2024-12-31	3.173	x1	EUR	https://www.pfvervoer.nl/over-ons/beleggen/spreiden-van-beleggingen
Pensioenfonds Vervoer	HESS MIDSTREAM PARTNERS	2024-12-31	3.346	x1	EUR	https://www.pfvervoer.nl/over-ons/beleggen/spreiden-van-beleggingen
Pensioenfonds Vervoer	Hessen	2024-12-31	824	x1	EUR	https://www.pfvervoer.nl/over-ons/beleggen/spreiden-van-beleggingen
Pensioenfonds Vervoer	Highwoods Realty Limited	2024-12-31	408	x1	EUR	https://www.pfvervoer.nl/over-ons/beleggen/spreiden-van-beleggingen
Pensioenfonds Vervoer	HILTON GRAND VAC BORROWER	2024-12-31	3.673	x1	EUR	https://www.pfvervoer.nl/over-ons/beleggen/spreiden-van-beleggingen
Pensioenfonds Vervoer	HILTON GRAND VACA LLC/IN	2024-12-31	6.041	x1	EUR	https://www.pfvervoer.nl/over-ons/beleggen/spreiden-van-beleggingen
Pensioenfonds Vervoer	HLDNG D'INFRA METIERS	2024-12-31	1.388	x1	EUR	https://www.pfvervoer.nl/over-ons/beleggen/spreiden-van-beleggingen
Pensioenfonds Vervoer	HLF FIN SARL LLC/HERBALI	2024-12-31	3.384	x1	EUR	https://www.pfvervoer.nl/over-ons/beleggen/spreiden-van-beleggingen
Pensioenfonds Vervoer	Home Depot Inc	2024-12-31	3.047	x1	EUR	https://www.pfvervoer.nl/over-ons/beleggen/spreiden-van-beleggingen
Pensioenfonds Vervoer	HONG KONG	2024-12-31	2.555	x1	EUR	https://www.pfvervoer.nl/over-ons/beleggen/spreiden-van-beleggingen
Pensioenfonds Vervoer	Host Hotels & Resorts Inc	2024-12-31	13.759	x1	EUR	https://www.pfvervoer.nl/over-ons/beleggen/spreiden-van-beleggingen
Pensioenfonds Vervoer	HOUSE OF FINANCE NV/THE	2024-12-31	2.027	x1	EUR	https://www.pfvervoer.nl/over-ons/beleggen/spreiden-van-beleggingen
Pensioenfonds Vervoer	HOWDEN UK REFINANCE / US	2024-12-31	8.255	x1	EUR	https://www.pfvervoer.nl/over-ons/beleggen/spreiden-van-beleggingen
Pensioenfonds Vervoer	HSBC HOLDINGS PLC	2024-12-31	19.478	x1	EUR	https://www.pfvervoer.nl/over-ons/beleggen/spreiden-van-beleggingen
Pensioenfonds Vervoer	HTA GROUP LTD	2024-12-31	3.701	x1	EUR	https://www.pfvervoer.nl/over-ons/beleggen/spreiden-van-beleggingen
Pensioenfonds Vervoer	Hubbell Inc	2024-12-31	7	x1	EUR	https://www.pfvervoer.nl/over-ons/beleggen/spreiden-van-beleggingen
Pensioenfonds Vervoer	HUDSON AUTOMOTIVE GROUP	2024-12-31	3.496	x1	EUR	https://www.pfvervoer.nl/over-ons/beleggen/spreiden-van-beleggingen
Pensioenfonds Vervoer	Humana Inc	2024-12-31	4.922	x1	EUR	https://www.pfvervoer.nl/over-ons/beleggen/spreiden-van-beleggingen
Pensioenfonds Vervoer	HUNT COS INC	2024-12-31	5.401	x1	EUR	https://www.pfvervoer.nl/over-ons/beleggen/spreiden-van-beleggingen
Pensioenfonds Vervoer	Huntington Bancshares Inc / OH	2024-12-31	2.159	x1	EUR	https://www.pfvervoer.nl/over-ons/beleggen/spreiden-van-beleggingen
Pensioenfonds Vervoer	HUNTSMAN INTERNATIONAL L	2024-12-31	1.717	x1	EUR	https://www.pfvervoer.nl/over-ons/beleggen/spreiden-van-beleggingen
Pensioenfonds Vervoer	HYPERION INSURANCE GROUP	2024-12-31	2.774	x1	EUR	https://www.pfvervoer.nl/over-ons/beleggen/spreiden-van-beleggingen
Pensioenfonds Vervoer	Hyundai Capital America	2024-12-31	6.644	x1	EUR	https://www.pfvervoer.nl/over-ons/beleggen/spreiden-van-beleggingen
Pensioenfonds Vervoer	Iberdrola International BV	2024-12-31	11.506	x1	EUR	https://www.pfvervoer.nl/over-ons/beleggen/spreiden-van-beleggingen
Pensioenfonds Vervoer	IBM CORP	2024-12-31	235	x1	EUR	https://www.pfvervoer.nl/over-ons/beleggen/spreiden-van-beleggingen
Pensioenfonds Vervoer	ICAHN ENTERPRISES/FIN	2024-12-31	14.139	x1	EUR	https://www.pfvervoer.nl/over-ons/beleggen/spreiden-van-beleggingen
Pensioenfonds Vervoer	ICE Clear Europe - CCP Clearinghouse	2024-12-31	734	x1	EUR	https://www.pfvervoer.nl/over-ons/beleggen/spreiden-van-beleggingen
Pensioenfonds Vervoer	IH MERGER SUB LLC	2024-12-31	1.278	x1	EUR	https://www.pfvervoer.nl/over-ons/beleggen/spreiden-van-beleggingen
Pensioenfonds Vervoer	IHS INC	2024-12-31	5.929	x1	EUR	https://www.pfvervoer.nl/over-ons/beleggen/spreiden-van-beleggingen
Pensioenfonds Vervoer	ILE DE FRANCE MOBILITES	2024-12-31	1.442	x1	EUR	https://www.pfvervoer.nl/over-ons/beleggen/spreiden-van-beleggingen
Pensioenfonds Vervoer	ILIAD SA	2024-12-31	36.835	x1	EUR	https://www.pfvervoer.nl/over-ons/beleggen/spreiden-van-beleggingen
Pensioenfonds Vervoer	Illinois Tool Works Inc	2024-12-31	3.234	x1	EUR	https://www.pfvervoer.nl/over-ons/beleggen/spreiden-van-beleggingen
Pensioenfonds Vervoer	Illumina Inc	2024-12-31	1.538	x1	EUR	https://www.pfvervoer.nl/over-ons/beleggen/spreiden-van-beleggingen
Pensioenfonds Vervoer	IMA INDUSTRIA MACCHINE	2024-12-31	1.460	x1	EUR	https://www.pfvervoer.nl/over-ons/beleggen/spreiden-van-beleggingen
Pensioenfonds Vervoer	IMCD NV	2024-12-31	2.639	x1	EUR	https://www.pfvervoer.nl/over-ons/beleggen/spreiden-van-beleggingen
Pensioenfonds Vervoer	INCEPTION FINCO SARL	2024-12-31	1.134	x1	EUR	https://www.pfvervoer.nl/over-ons/beleggen/spreiden-van-beleggingen
Pensioenfonds Vervoer	INDIGO MERGER SUB INC	2024-12-31	1.106	x1	EUR	https://www.pfvervoer.nl/over-ons/beleggen/spreiden-van-beleggingen
Pensioenfonds Vervoer	INEOS GROUP HOLDINGS SA	2024-12-31	7.241	x1	EUR	https://www.pfvervoer.nl/over-ons/beleggen/spreiden-van-beleggingen
Pensioenfonds Vervoer	INFINEON TECHNOLOGIES AG	2024-12-31	1.834	x1	EUR	https://www.pfvervoer.nl/over-ons/beleggen/spreiden-van-beleggingen
Pensioenfonds Vervoer	INFORMA PLC	2024-12-31	6.223	x1	EUR	https://www.pfvervoer.nl/over-ons/beleggen/spreiden-van-beleggingen
Pensioenfonds Vervoer	ING Groep NV	2024-12-31	25.241	x1	EUR	https://www.pfvervoer.nl/over-ons/beleggen/spreiden-van-beleggingen
Pensioenfonds Vervoer	Ingram Micro Inc	2024-12-31	5.626	x1	EUR	https://www.pfvervoer.nl/over-ons/beleggen/spreiden-van-beleggingen
Pensioenfonds Vervoer	Inmarsat PLC	2024-12-31	5.005	x1	EUR	https://www.pfvervoer.nl/over-ons/beleggen/spreiden-van-beleggingen
Pensioenfonds Vervoer	INNOVATE CORP	2024-12-31	5.230	x1	EUR	https://www.pfvervoer.nl/over-ons/beleggen/spreiden-van-beleggingen
Pensioenfonds Vervoer	INPOST NA	2024-12-31	3.744	x1	EUR	https://www.pfvervoer.nl/over-ons/beleggen/spreiden-van-beleggingen
Pensioenfonds Vervoer	INSPIRED ENTERTAINMENT	2024-12-31	1.503	x1	EUR	https://www.pfvervoer.nl/over-ons/beleggen/spreiden-van-beleggingen
Pensioenfonds Vervoer	Int, Bank for Rec, and Dev,	2024-12-31	3.299	x1	EUR	https://www.pfvervoer.nl/over-ons/beleggen/spreiden-van-beleggingen
Pensioenfonds Vervoer	INTELLIGENT PACKAGING	2024-12-31	4.120	x1	EUR	https://www.pfvervoer.nl/over-ons/beleggen/spreiden-van-beleggingen
Pensioenfonds Vervoer	INTELSAT LUXEMBOURG SA	2024-12-31	5.471	x1	EUR	https://www.pfvervoer.nl/over-ons/beleggen/spreiden-van-beleggingen
Pensioenfonds Vervoer	Intercontinental Hotels Group	2024-12-31	1.525	x1	EUR	https://www.pfvervoer.nl/over-ons/beleggen/spreiden-van-beleggingen
Pensioenfonds Vervoer	IntercontinentalExchange Inc	2024-12-31	2.037	x1	EUR	https://www.pfvervoer.nl/over-ons/beleggen/spreiden-van-beleggingen
Pensioenfonds Vervoer	INTERFACE INC	2024-12-31	2.429	x1	EUR	https://www.pfvervoer.nl/over-ons/beleggen/spreiden-van-beleggingen
Pensioenfonds Vervoer	International Game Technology	2024-12-31	3.684	x1	EUR	https://www.pfvervoer.nl/over-ons/beleggen/spreiden-van-beleggingen
Pensioenfonds Vervoer	Interpublic Group of Cos Inc	2024-12-31	346	x1	EUR	https://www.pfvervoer.nl/over-ons/beleggen/spreiden-van-beleggingen
Pensioenfonds Vervoer	INTL DESIGN GROUP	2024-12-31	814	x1	EUR	https://www.pfvervoer.nl/over-ons/beleggen/spreiden-van-beleggingen
Pensioenfonds Vervoer	Intl development assoc	2024-12-31	928	x1	EUR	https://www.pfvervoer.nl/over-ons/beleggen/spreiden-van-beleggingen
Pensioenfonds Vervoer	ION TRADING FINANCE LTD	2024-12-31	2.090	x1	EUR	https://www.pfvervoer.nl/over-ons/beleggen/spreiden-van-beleggingen
Pensioenfonds Vervoer	IPD	2024-12-31	3	x1	EUR	https://www.pfvervoer.nl/over-ons/beleggen/spreiden-van-beleggingen
Pensioenfonds Vervoer	IQVIA INC	2024-12-31	11.610	x1	EUR	https://www.pfvervoer.nl/over-ons/beleggen/spreiden-van-beleggingen
Pensioenfonds Vervoer	IRB HOLDING CORP	2024-12-31	1.942	x1	EUR	https://www.pfvervoer.nl/over-ons/beleggen/spreiden-van-beleggingen
Pensioenfonds Vervoer	IRCA SPA	2024-12-31	395	x1	EUR	https://www.pfvervoer.nl/over-ons/beleggen/spreiden-van-beleggingen
Pensioenfonds Vervoer	IRON MOUNTAIN INC	2024-12-31	14.302	x1	EUR	https://www.pfvervoer.nl/over-ons/beleggen/spreiden-van-beleggingen
Pensioenfonds Vervoer	J,B, POINDEXTER & CO	2024-12-31	3.336	x1	EUR	https://www.pfvervoer.nl/over-ons/beleggen/spreiden-van-beleggingen
Pensioenfonds Vervoer	JAB HOLDINGS BV	2024-12-31	4.859	x1	EUR	https://www.pfvervoer.nl/over-ons/beleggen/spreiden-van-beleggingen
Pensioenfonds Vervoer	JAGUAR LAND ROVER AUTOMO	2024-12-31	3.765	x1	EUR	https://www.pfvervoer.nl/over-ons/beleggen/spreiden-van-beleggingen
Pensioenfonds Vervoer	JANE STREET GRP/JSG FIN	2024-12-31	3.313	x1	EUR	https://www.pfvervoer.nl/over-ons/beleggen/spreiden-van-beleggingen
Pensioenfonds Vervoer	JDE PEET'S NV	2024-12-31	7.689	x1	EUR	https://www.pfvervoer.nl/over-ons/beleggen/spreiden-van-beleggingen
Pensioenfonds Vervoer	Jefferies Group Inc	2024-12-31	6.691	x1	EUR	https://www.pfvervoer.nl/over-ons/beleggen/spreiden-van-beleggingen
Pensioenfonds Vervoer	JEFFERSON CAPITAL HOLDIN	2024-12-31	5.220	x1	EUR	https://www.pfvervoer.nl/over-ons/beleggen/spreiden-van-beleggingen
Pensioenfonds Vervoer	Jeld-Wen Inc	2024-12-31	2.184	x1	EUR	https://www.pfvervoer.nl/over-ons/beleggen/spreiden-van-beleggingen
Pensioenfonds Vervoer	JERROLD FINCO PLC	2024-12-31	4.579	x1	EUR	https://www.pfvervoer.nl/over-ons/beleggen/spreiden-van-beleggingen
Pensioenfonds Vervoer	JOBSOHIO BEVERAGE SYS STWD LIQ	2024-12-31	591	x1	EUR	https://www.pfvervoer.nl/over-ons/beleggen/spreiden-van-beleggingen
Pensioenfonds Vervoer	JOHN LEWIS PLC	2024-12-31	4.263	x1	EUR	https://www.pfvervoer.nl/over-ons/beleggen/spreiden-van-beleggingen
Pensioenfonds Vervoer	Johnson & Johnson	2024-12-31	2.087	x1	EUR	https://www.pfvervoer.nl/over-ons/beleggen/spreiden-van-beleggingen
Pensioenfonds Vervoer	Johnson Controls International	2024-12-31	5.095	x1	EUR	https://www.pfvervoer.nl/over-ons/beleggen/spreiden-van-beleggingen
Pensioenfonds Vervoer	JP Morgan Chase & Co	2024-12-31	73.212	x1	EUR	https://www.pfvervoer.nl/over-ons/beleggen/spreiden-van-beleggingen
Pensioenfonds Vervoer	JP MORGAN CHASE COMMERCIAL MOR	2024-12-31	1.333	x1	EUR	https://www.pfvervoer.nl/over-ons/beleggen/spreiden-van-beleggingen
Pensioenfonds Vervoer	JYSKE REALKREDIT A/S	2024-12-31	7	x1	EUR	https://www.pfvervoer.nl/over-ons/beleggen/spreiden-van-beleggingen
Pensioenfonds Vervoer	Kaiser Foundation Hospital	2024-12-31	1.691	x1	EUR	https://www.pfvervoer.nl/over-ons/beleggen/spreiden-van-beleggingen
Pensioenfonds Vervoer	KANE BIDCO LTD	2024-12-31	3.452	x1	EUR	https://www.pfvervoer.nl/over-ons/beleggen/spreiden-van-beleggingen
Pensioenfonds Vervoer	Katokichi Co Ltd	2024-12-31	1.615	x1	EUR	https://www.pfvervoer.nl/over-ons/beleggen/spreiden-van-beleggingen
Pensioenfonds Vervoer	KBC GROEP NV	2024-12-31	9.945	x1	EUR	https://www.pfvervoer.nl/over-ons/beleggen/spreiden-van-beleggingen
Pensioenfonds Vervoer	Keb Hana Ban	2024-12-31	989	x1	EUR	https://www.pfvervoer.nl/over-ons/beleggen/spreiden-van-beleggingen
Pensioenfonds Vervoer	KELDA FINANCE	2024-12-31	3	x1	EUR	https://www.pfvervoer.nl/over-ons/beleggen/spreiden-van-beleggingen
Pensioenfonds Vervoer	KENBOURNE INVEST SA	2024-12-31	1.718	x1	EUR	https://www.pfvervoer.nl/over-ons/beleggen/spreiden-van-beleggingen
Pensioenfonds Vervoer	KENNEDY-WILSON INC	2024-12-31	11.082	x1	EUR	https://www.pfvervoer.nl/over-ons/beleggen/spreiden-van-beleggingen
Pensioenfonds Vervoer	Kering	2024-12-31	2.249	x1	EUR	https://www.pfvervoer.nl/over-ons/beleggen/spreiden-van-beleggingen
Pensioenfonds Vervoer	Key Corp	2024-12-31	989	x1	EUR	https://www.pfvervoer.nl/over-ons/beleggen/spreiden-van-beleggingen
Pensioenfonds Vervoer	KIMCO REALTY CORP	2024-12-31	6.022	x1	EUR	https://www.pfvervoer.nl/over-ons/beleggen/spreiden-van-beleggingen
Pensioenfonds Vervoer	KINETIK HOLDINGS LP	2024-12-31	2.453	x1	EUR	https://www.pfvervoer.nl/over-ons/beleggen/spreiden-van-beleggingen
Pensioenfonds Vervoer	Kinross Gold Corp	2024-12-31	7.242	x1	EUR	https://www.pfvervoer.nl/over-ons/beleggen/spreiden-van-beleggingen
Pensioenfonds Vervoer	KNORR BREMSE AG	2024-12-31	2.046	x1	EUR	https://www.pfvervoer.nl/over-ons/beleggen/spreiden-van-beleggingen
Pensioenfonds Vervoer	Kommunalbanken AS	2024-12-31	1.015	x1	EUR	https://www.pfvervoer.nl/over-ons/beleggen/spreiden-van-beleggingen
Pensioenfonds Vervoer	Kommuninvest I Sverige	2024-12-31	2.355	x1	EUR	https://www.pfvervoer.nl/over-ons/beleggen/spreiden-van-beleggingen
Pensioenfonds Vervoer	Koninklijke Ahold Delhaize NV	2024-12-31	6.579	x1	EUR	https://www.pfvervoer.nl/over-ons/beleggen/spreiden-van-beleggingen
Pensioenfonds Vervoer	KONINKLIJKE KPN NV	2024-12-31	2.731	x1	EUR	https://www.pfvervoer.nl/over-ons/beleggen/spreiden-van-beleggingen
Pensioenfonds Vervoer	Koninklijke Philips NV	2024-12-31	3.446	x1	EUR	https://www.pfvervoer.nl/over-ons/beleggen/spreiden-van-beleggingen
Pensioenfonds Vervoer	Kookmin Bank	2024-12-31	5.307	x1	EUR	https://www.pfvervoer.nl/over-ons/beleggen/spreiden-van-beleggingen
Pensioenfonds Vervoer	KOREA HOUSING FINANCE CO	2024-12-31	1.946	x1	EUR	https://www.pfvervoer.nl/over-ons/beleggen/spreiden-van-beleggingen
Pensioenfonds Vervoer	Korea Land & Housing Co	2024-12-31	1.967	x1	EUR	https://www.pfvervoer.nl/over-ons/beleggen/spreiden-van-beleggingen
Pensioenfonds Vervoer	Kraft Heinz Foods Co	2024-12-31	1.504	x1	EUR	https://www.pfvervoer.nl/over-ons/beleggen/spreiden-van-beleggingen
Pensioenfonds Vervoer	Kredietanstalt fur Wiederaufbau	2024-12-31	88.982	x1	EUR	https://www.pfvervoer.nl/over-ons/beleggen/spreiden-van-beleggingen
Pensioenfonds Vervoer	LABORATOIRE EIMER SELARL	2024-12-31	4.221	x1	EUR	https://www.pfvervoer.nl/over-ons/beleggen/spreiden-van-beleggingen
Pensioenfonds Vervoer	Laboratory Corp of America Hol	2024-12-31	1.405	x1	EUR	https://www.pfvervoer.nl/over-ons/beleggen/spreiden-van-beleggingen
Pensioenfonds Vervoer	LADDER CAP FIN LLLP/CORP	2024-12-31	3.515	x1	EUR	https://www.pfvervoer.nl/over-ons/beleggen/spreiden-van-beleggingen
Pensioenfonds Vervoer	LafargeHolcim Ltd	2024-12-31	4.182	x1	EUR	https://www.pfvervoer.nl/over-ons/beleggen/spreiden-van-beleggingen
Pensioenfonds Vervoer	Lamb Weston Holdings Inc	2024-12-31	1.278	x1	EUR	https://www.pfvervoer.nl/over-ons/beleggen/spreiden-van-beleggingen
Pensioenfonds Vervoer	LAND O LAKES CAP TRST I	2024-12-31	4.366	x1	EUR	https://www.pfvervoer.nl/over-ons/beleggen/spreiden-van-beleggingen
Pensioenfonds Vervoer	Landwirtschaft Rentenbank	2024-12-31	15.846	x1	EUR	https://www.pfvervoer.nl/over-ons/beleggen/spreiden-van-beleggingen
Pensioenfonds Vervoer	Lazard Group Llc	2024-12-31	666	x1	EUR	https://www.pfvervoer.nl/over-ons/beleggen/spreiden-van-beleggingen
Pensioenfonds Vervoer	LCM INVESTMENTS HOLDINGS	2024-12-31	7.092	x1	EUR	https://www.pfvervoer.nl/over-ons/beleggen/spreiden-van-beleggingen
Pensioenfonds Vervoer	Leaseplan Corporation NV	2024-12-31	4.409	x1	EUR	https://www.pfvervoer.nl/over-ons/beleggen/spreiden-van-beleggingen
Pensioenfonds Vervoer	LEASYS SPA	2024-12-31	2.035	x1	EUR	https://www.pfvervoer.nl/over-ons/beleggen/spreiden-van-beleggingen
Pensioenfonds Vervoer	Lecta SA	2024-12-31	1.020	x1	EUR	https://www.pfvervoer.nl/over-ons/beleggen/spreiden-van-beleggingen
Pensioenfonds Vervoer	LEEWARD RENEWABL	2024-12-31	4.813	x1	EUR	https://www.pfvervoer.nl/over-ons/beleggen/spreiden-van-beleggingen
Pensioenfonds Vervoer	LEG Immobilien AG	2024-12-31	1.775	x1	EUR	https://www.pfvervoer.nl/over-ons/beleggen/spreiden-van-beleggingen
Pensioenfonds Vervoer	Legal & General Group	2024-12-31	3.064	x1	EUR	https://www.pfvervoer.nl/over-ons/beleggen/spreiden-van-beleggingen
Pensioenfonds Vervoer	Lehman Brothers Holdings Inc	2024-12-31	3	x1	EUR	https://www.pfvervoer.nl/over-ons/beleggen/spreiden-van-beleggingen
Pensioenfonds Vervoer	LEIA FINCO US LLC	2024-12-31	8.938	x1	EUR	https://www.pfvervoer.nl/over-ons/beleggen/spreiden-van-beleggingen
Pensioenfonds Vervoer	Lend Lease Group	2024-12-31	813	x1	EUR	https://www.pfvervoer.nl/over-ons/beleggen/spreiden-van-beleggingen
Pensioenfonds Vervoer	LEND PROC SER/BLK KNGHT	2024-12-31	2.052	x1	EUR	https://www.pfvervoer.nl/over-ons/beleggen/spreiden-van-beleggingen
Pensioenfonds Vervoer	LEVEL	2024-12-31	3	x1	EUR	https://www.pfvervoer.nl/over-ons/beleggen/spreiden-van-beleggingen
Pensioenfonds Vervoer	LHMC FINCO SARL	2024-12-31	10.294	x1	EUR	https://www.pfvervoer.nl/over-ons/beleggen/spreiden-van-beleggingen
Pensioenfonds Vervoer	LIBERTY COSTA RICA SR SF	2024-12-31	3.485	x1	EUR	https://www.pfvervoer.nl/over-ons/beleggen/spreiden-van-beleggingen
Pensioenfonds Vervoer	LIBERTY MUTUAL GROUP INC	2024-12-31	6.603	x1	EUR	https://www.pfvervoer.nl/over-ons/beleggen/spreiden-van-beleggingen
Pensioenfonds Vervoer	LOARRE INVESTMENTS SARL	2024-12-31	2.526	x1	EUR	https://www.pfvervoer.nl/over-ons/beleggen/spreiden-van-beleggingen
Pensioenfonds Vervoer	LOGICOR FINANCING SARL	2024-12-31	9.126	x1	EUR	https://www.pfvervoer.nl/over-ons/beleggen/spreiden-van-beleggingen
Pensioenfonds Vervoer	LONDON POWER NETWORKS	2024-12-31	1.813	x1	EUR	https://www.pfvervoer.nl/over-ons/beleggen/spreiden-van-beleggingen
Pensioenfonds Vervoer	London Stock Exchange Group PL	2024-12-31	3.826	x1	EUR	https://www.pfvervoer.nl/over-ons/beleggen/spreiden-van-beleggingen
Pensioenfonds Vervoer	LORCA FINCO PLC	2024-12-31	1.970	x1	EUR	https://www.pfvervoer.nl/over-ons/beleggen/spreiden-van-beleggingen
Pensioenfonds Vervoer	LORCA TELECOM BONDCO	2024-12-31	15.149	x1	EUR	https://www.pfvervoer.nl/over-ons/beleggen/spreiden-van-beleggingen
Pensioenfonds Vervoer	Louis Dreyfus Commodities B,V,	2024-12-31	3.625	x1	EUR	https://www.pfvervoer.nl/over-ons/beleggen/spreiden-van-beleggingen
Pensioenfonds Vervoer	LOXAM SAS	2024-12-31	6.880	x1	EUR	https://www.pfvervoer.nl/over-ons/beleggen/spreiden-van-beleggingen
Pensioenfonds Vervoer	LPL Financial Holdings Inc	2024-12-31	1.370	x1	EUR	https://www.pfvervoer.nl/over-ons/beleggen/spreiden-van-beleggingen
Pensioenfonds Vervoer	LUCKY BUCKS LLC	2024-12-31	2.083	x1	EUR	https://www.pfvervoer.nl/over-ons/beleggen/spreiden-van-beleggingen
Pensioenfonds Vervoer	Lumen Technologies Inc	2024-12-31	5.714	x1	EUR	https://www.pfvervoer.nl/over-ons/beleggen/spreiden-van-beleggingen
Pensioenfonds Vervoer	LUNE HOLDINGS SARL	2024-12-31	611	x1	EUR	https://www.pfvervoer.nl/over-ons/beleggen/spreiden-van-beleggingen
Pensioenfonds Vervoer	M&G PLC	2024-12-31	480	x1	EUR	https://www.pfvervoer.nl/over-ons/beleggen/spreiden-van-beleggingen
Pensioenfonds Vervoer	M&T Bank Corp	2024-12-31	8.511	x1	EUR	https://www.pfvervoer.nl/over-ons/beleggen/spreiden-van-beleggingen
Pensioenfonds Vervoer	Macquarie Group Ltd	2024-12-31	903	x1	EUR	https://www.pfvervoer.nl/over-ons/beleggen/spreiden-van-beleggingen
Pensioenfonds Vervoer	MADISON IAQ LLC	2024-12-31	2.607	x1	EUR	https://www.pfvervoer.nl/over-ons/beleggen/spreiden-van-beleggingen
Pensioenfonds Vervoer	MAGNERA CORP	2024-12-31	5.816	x1	EUR	https://www.pfvervoer.nl/over-ons/beleggen/spreiden-van-beleggingen
Pensioenfonds Vervoer	MAHLE GmbH	2024-12-31	3.195	x1	EUR	https://www.pfvervoer.nl/over-ons/beleggen/spreiden-van-beleggingen
Pensioenfonds Vervoer	MARCOLIN SPA	2024-12-31	394	x1	EUR	https://www.pfvervoer.nl/over-ons/beleggen/spreiden-van-beleggingen
Pensioenfonds Vervoer	Markel Corp	2024-12-31	4.011	x1	EUR	https://www.pfvervoer.nl/over-ons/beleggen/spreiden-van-beleggingen
Pensioenfonds Vervoer	MARRIOTT VACATION WORLDW	2024-12-31	7.769	x1	EUR	https://www.pfvervoer.nl/over-ons/beleggen/spreiden-van-beleggingen
Pensioenfonds Vervoer	MARS INC	2024-12-31	1.250	x1	EUR	https://www.pfvervoer.nl/over-ons/beleggen/spreiden-van-beleggingen
Pensioenfonds Vervoer	Marsh & McLennan Cos Inc	2024-12-31	13.892	x1	EUR	https://www.pfvervoer.nl/over-ons/beleggen/spreiden-van-beleggingen
Pensioenfonds Vervoer	MARVELL TECHNOLOGY GROUP	2024-12-31	2.038	x1	EUR	https://www.pfvervoer.nl/over-ons/beleggen/spreiden-van-beleggingen
Pensioenfonds Vervoer	MARYLAND ST ECON DEV CORP	2024-12-31	1.703	x1	EUR	https://www.pfvervoer.nl/over-ons/beleggen/spreiden-van-beleggingen
Pensioenfonds Vervoer	Mass Institute Of Tech	2024-12-31	4.841	x1	EUR	https://www.pfvervoer.nl/over-ons/beleggen/spreiden-van-beleggingen
Pensioenfonds Vervoer	Masterbrand Inc	2024-12-31	5.112	x1	EUR	https://www.pfvervoer.nl/over-ons/beleggen/spreiden-van-beleggingen
Pensioenfonds Vervoer	Match Group Inc	2024-12-31	3.029	x1	EUR	https://www.pfvervoer.nl/over-ons/beleggen/spreiden-van-beleggingen
Pensioenfonds Vervoer	Mativ Holdings Inc	2024-12-31	1.589	x1	EUR	https://www.pfvervoer.nl/over-ons/beleggen/spreiden-van-beleggingen
Pensioenfonds Vervoer	MATTERHORN MOBILE HLDGS	2024-12-31	5.085	x1	EUR	https://www.pfvervoer.nl/over-ons/beleggen/spreiden-van-beleggingen
Pensioenfonds Vervoer	MCAFEE INC	2024-12-31	3.861	x1	EUR	https://www.pfvervoer.nl/over-ons/beleggen/spreiden-van-beleggingen
Pensioenfonds Vervoer	Mce Finance Ltd	2024-12-31	9.174	x1	EUR	https://www.pfvervoer.nl/over-ons/beleggen/spreiden-van-beleggingen
Pensioenfonds Vervoer	Mdc Holdings Inc	2024-12-31	1.489	x1	EUR	https://www.pfvervoer.nl/over-ons/beleggen/spreiden-van-beleggingen
Pensioenfonds Vervoer	MEDNAX Inc	2024-12-31	2.104	x1	EUR	https://www.pfvervoer.nl/over-ons/beleggen/spreiden-van-beleggingen
Pensioenfonds Vervoer	Medtronic Inc	2024-12-31	1.931	x1	EUR	https://www.pfvervoer.nl/over-ons/beleggen/spreiden-van-beleggingen
Pensioenfonds Vervoer	MEIJI YASUDA LIFE INSURA	2024-12-31	579	x1	EUR	https://www.pfvervoer.nl/over-ons/beleggen/spreiden-van-beleggingen
Pensioenfonds Vervoer	MERCEDES-BENZ CA FIN INC	2024-12-31	842	x1	EUR	https://www.pfvervoer.nl/over-ons/beleggen/spreiden-van-beleggingen
Pensioenfonds Vervoer	MERCER INTL INC	2024-12-31	2.490	x1	EUR	https://www.pfvervoer.nl/over-ons/beleggen/spreiden-van-beleggingen
Pensioenfonds Vervoer	Merck & Co, Inc,	2024-12-31	3.313	x1	EUR	https://www.pfvervoer.nl/over-ons/beleggen/spreiden-van-beleggingen
Pensioenfonds Vervoer	MERLIN ENTERTAINMENTS PL	2024-12-31	1.741	x1	EUR	https://www.pfvervoer.nl/over-ons/beleggen/spreiden-van-beleggingen
Pensioenfonds Vervoer	META PLATFORMS INC	2024-12-31	222	x1	EUR	https://www.pfvervoer.nl/over-ons/beleggen/spreiden-van-beleggingen
Pensioenfonds Vervoer	METHODIST HOSPITAL/THE	2024-12-31	1.651	x1	EUR	https://www.pfvervoer.nl/over-ons/beleggen/spreiden-van-beleggingen
Pensioenfonds Vervoer	MetLife Inc	2024-12-31	4.050	x1	EUR	https://www.pfvervoer.nl/over-ons/beleggen/spreiden-van-beleggingen
Pensioenfonds Vervoer	METROPCS WIRELESS INC	2024-12-31	2.780	x1	EUR	https://www.pfvervoer.nl/over-ons/beleggen/spreiden-van-beleggingen
Pensioenfonds Vervoer	MGIC INVESTMENT CORP	2024-12-31	4.582	x1	EUR	https://www.pfvervoer.nl/over-ons/beleggen/spreiden-van-beleggingen
Pensioenfonds Vervoer	MGM RESORTS INTL	2024-12-31	3.218	x1	EUR	https://www.pfvervoer.nl/over-ons/beleggen/spreiden-van-beleggingen
Pensioenfonds Vervoer	MI WINDOWS & DOORS INC	2024-12-31	4.739	x1	EUR	https://www.pfvervoer.nl/over-ons/beleggen/spreiden-van-beleggingen
Pensioenfonds Vervoer	MICROCHIP TECHNOLOGY INC	2024-12-31	1.828	x1	EUR	https://www.pfvervoer.nl/over-ons/beleggen/spreiden-van-beleggingen
Pensioenfonds Vervoer	Microsoft Corp	2024-12-31	641	x1	EUR	https://www.pfvervoer.nl/over-ons/beleggen/spreiden-van-beleggingen
Pensioenfonds Vervoer	MIDCAP FINANCIAL ISSR TR	2024-12-31	4.115	x1	EUR	https://www.pfvervoer.nl/over-ons/beleggen/spreiden-van-beleggingen
Pensioenfonds Vervoer	Mineral Resources Ltd	2024-12-31	3.979	x1	EUR	https://www.pfvervoer.nl/over-ons/beleggen/spreiden-van-beleggingen
Pensioenfonds Vervoer	Minerals Technologies Inc	2024-12-31	3.831	x1	EUR	https://www.pfvervoer.nl/over-ons/beleggen/spreiden-van-beleggingen
Pensioenfonds Vervoer	MINERVA MERGER SUB INC	2024-12-31	4.160	x1	EUR	https://www.pfvervoer.nl/over-ons/beleggen/spreiden-van-beleggingen
Pensioenfonds Vervoer	Mirvac Group	2024-12-31	1.022	x1	EUR	https://www.pfvervoer.nl/over-ons/beleggen/spreiden-van-beleggingen
Pensioenfonds Vervoer	MISA INVESTMENTS LTD	2024-12-31	6.211	x1	EUR	https://www.pfvervoer.nl/over-ons/beleggen/spreiden-van-beleggingen
Pensioenfonds Vervoer	MISSOURI ST HLTH & EDUCTNL FAC	2024-12-31	725	x1	EUR	https://www.pfvervoer.nl/over-ons/beleggen/spreiden-van-beleggingen
Pensioenfonds Vervoer	Mitsubishi UFJ Financial Group	2024-12-31	7.311	x1	EUR	https://www.pfvervoer.nl/over-ons/beleggen/spreiden-van-beleggingen
Pensioenfonds Vervoer	Mizuho Bank Ltd	2024-12-31	15.269	x1	EUR	https://www.pfvervoer.nl/over-ons/beleggen/spreiden-van-beleggingen
Pensioenfonds Vervoer	MODENA BUYER LLC	2024-12-31	1.624	x1	EUR	https://www.pfvervoer.nl/over-ons/beleggen/spreiden-van-beleggingen
Pensioenfonds Vervoer	MOHEGAN TRIBAL GAMING AU	2024-12-31	5.405	x1	EUR	https://www.pfvervoer.nl/over-ons/beleggen/spreiden-van-beleggingen
Pensioenfonds Vervoer	MOLINA HEALTHCARE INC	2024-12-31	1.636	x1	EUR	https://www.pfvervoer.nl/over-ons/beleggen/spreiden-van-beleggingen
Pensioenfonds Vervoer	Mondelez International Inc	2024-12-31	2.365	x1	EUR	https://www.pfvervoer.nl/over-ons/beleggen/spreiden-van-beleggingen
Pensioenfonds Vervoer	MONDI PLC	2024-12-31	1.975	x1	EUR	https://www.pfvervoer.nl/over-ons/beleggen/spreiden-van-beleggingen
Pensioenfonds Vervoer	Moody's Corp	2024-12-31	576	x1	EUR	https://www.pfvervoer.nl/over-ons/beleggen/spreiden-van-beleggingen
Pensioenfonds Vervoer	MORGAN STANLEY	2024-12-31	41.931	x1	EUR	https://www.pfvervoer.nl/over-ons/beleggen/spreiden-van-beleggingen
Pensioenfonds Vervoer	Motability Operations Group Plc	2024-12-31	8.504	x1	EUR	https://www.pfvervoer.nl/over-ons/beleggen/spreiden-van-beleggingen
Pensioenfonds Vervoer	MOZART DEBT MERGER SUB	2024-12-31	7.068	x1	EUR	https://www.pfvervoer.nl/over-ons/beleggen/spreiden-van-beleggingen
Pensioenfonds Vervoer	MPT OPER PARTNERSP/FINL	2024-12-31	13.880	x1	EUR	https://www.pfvervoer.nl/over-ons/beleggen/spreiden-van-beleggingen
Pensioenfonds Vervoer	MSCI Inc	2024-12-31	450	x1	EUR	https://www.pfvervoer.nl/over-ons/beleggen/spreiden-van-beleggingen
Pensioenfonds Vervoer	MT SINAI HOSPITAL	2024-12-31	1.092	x1	EUR	https://www.pfvervoer.nl/over-ons/beleggen/spreiden-van-beleggingen
Pensioenfonds Vervoer	Multi-Color Corp	2024-12-31	5.192	x1	EUR	https://www.pfvervoer.nl/over-ons/beleggen/spreiden-van-beleggingen
Pensioenfonds Vervoer	MULTIVERSITY SRL	2024-12-31	2.108	x1	EUR	https://www.pfvervoer.nl/over-ons/beleggen/spreiden-van-beleggingen
Pensioenfonds Vervoer	Municipality Finance Plc	2024-12-31	2.054	x1	EUR	https://www.pfvervoer.nl/over-ons/beleggen/spreiden-van-beleggingen
Pensioenfonds Vervoer	National Bank of Australia	2024-12-31	1.643	x1	EUR	https://www.pfvervoer.nl/over-ons/beleggen/spreiden-van-beleggingen
Pensioenfonds Vervoer	NATIONAL GRID PLC	2024-12-31	17.155	x1	EUR	https://www.pfvervoer.nl/over-ons/beleggen/spreiden-van-beleggingen
Pensioenfonds Vervoer	NATIONSTAR MTG HLD INC	2024-12-31	12.845	x1	EUR	https://www.pfvervoer.nl/over-ons/beleggen/spreiden-van-beleggingen
Pensioenfonds Vervoer	NATL GAS TRANSMISSION	2024-12-31	6.792	x1	EUR	https://www.pfvervoer.nl/over-ons/beleggen/spreiden-van-beleggingen
Pensioenfonds Vervoer	Naturgy Capital Markets	2024-12-31	1.982	x1	EUR	https://www.pfvervoer.nl/over-ons/beleggen/spreiden-van-beleggingen
Pensioenfonds Vervoer	Natwest Group PLC	2024-12-31	20.643	x1	EUR	https://www.pfvervoer.nl/over-ons/beleggen/spreiden-van-beleggingen
Pensioenfonds Vervoer	NBN CO LTD	2024-12-31	11.993	x1	EUR	https://www.pfvervoer.nl/over-ons/beleggen/spreiden-van-beleggingen
Pensioenfonds Vervoer	NCR ATLEOS ESCROW CORP	2024-12-31	3.347	x1	EUR	https://www.pfvervoer.nl/over-ons/beleggen/spreiden-van-beleggingen
Pensioenfonds Vervoer	NCR Voyix Corp	2024-12-31	980	x1	EUR	https://www.pfvervoer.nl/over-ons/beleggen/spreiden-van-beleggingen
Pensioenfonds Vervoer	NECESS RETAIL/AFIN OP LP	2024-12-31	5.082	x1	EUR	https://www.pfvervoer.nl/over-ons/beleggen/spreiden-van-beleggingen
Pensioenfonds Vervoer	Nederlandse Fin,Mij, voor Ontwikkelingslanden	2024-12-31	1.864	x1	EUR	https://www.pfvervoer.nl/over-ons/beleggen/spreiden-van-beleggingen
Pensioenfonds Vervoer	Nederlandse Gasunie NV	2024-12-31	1.606	x1	EUR	https://www.pfvervoer.nl/over-ons/beleggen/spreiden-van-beleggingen
Pensioenfonds Vervoer	NESCO HOLDINGS II INC	2024-12-31	4.492	x1	EUR	https://www.pfvervoer.nl/over-ons/beleggen/spreiden-van-beleggingen
Pensioenfonds Vervoer	NESTE OIL OYJ	2024-12-31	2.986	x1	EUR	https://www.pfvervoer.nl/over-ons/beleggen/spreiden-van-beleggingen
Pensioenfonds Vervoer	Nestle SA	2024-12-31	7.325	x1	EUR	https://www.pfvervoer.nl/over-ons/beleggen/spreiden-van-beleggingen
Pensioenfonds Vervoer	NEW ENTERPRISE STONE & L	2024-12-31	5.100	x1	EUR	https://www.pfvervoer.nl/over-ons/beleggen/spreiden-van-beleggingen
Pensioenfonds Vervoer	New Europe Property Investment Plc	2024-12-31	5.548	x1	EUR	https://www.pfvervoer.nl/over-ons/beleggen/spreiden-van-beleggingen
Pensioenfonds Vervoer	New Fortress Energy Inc	2024-12-31	3.302	x1	EUR	https://www.pfvervoer.nl/over-ons/beleggen/spreiden-van-beleggingen
Pensioenfonds Vervoer	NEW JERSEY ST TRANSPRTN TRUST	2024-12-31	2.230	x1	EUR	https://www.pfvervoer.nl/over-ons/beleggen/spreiden-van-beleggingen
Pensioenfonds Vervoer	NEW YORK NY	2024-12-31	1.229	x1	EUR	https://www.pfvervoer.nl/over-ons/beleggen/spreiden-van-beleggingen
Pensioenfonds Vervoer	NEW YORK ST URBAN DEV CORP REV	2024-12-31	3.108	x1	EUR	https://www.pfvervoer.nl/over-ons/beleggen/spreiden-van-beleggingen
Pensioenfonds Vervoer	Nexi SpA	2024-12-31	8.333	x1	EUR	https://www.pfvervoer.nl/over-ons/beleggen/spreiden-van-beleggingen
Pensioenfonds Vervoer	Nextera Energy Capital	2024-12-31	6.915	x1	EUR	https://www.pfvervoer.nl/over-ons/beleggen/spreiden-van-beleggingen
Pensioenfonds Vervoer	NEXUS CO LTD	2024-12-31	11.233	x1	EUR	https://www.pfvervoer.nl/over-ons/beleggen/spreiden-van-beleggingen
Pensioenfonds Vervoer	NGL ENRGY PART LP/FIN CO	2024-12-31	2.473	x1	EUR	https://www.pfvervoer.nl/over-ons/beleggen/spreiden-van-beleggingen
Pensioenfonds Vervoer	NH HOTELES SA	2024-12-31	1.668	x1	EUR	https://www.pfvervoer.nl/over-ons/beleggen/spreiden-van-beleggingen
Pensioenfonds Vervoer	NIELSEN FINANCE LLC/CO	2024-12-31	6.690	x1	EUR	https://www.pfvervoer.nl/over-ons/beleggen/spreiden-van-beleggingen
Pensioenfonds Vervoer	Nippon life insurance	2024-12-31	357	x1	EUR	https://www.pfvervoer.nl/over-ons/beleggen/spreiden-van-beleggingen
Pensioenfonds Vervoer	NN GROUP NV	2024-12-31	10.581	x1	EUR	https://www.pfvervoer.nl/over-ons/beleggen/spreiden-van-beleggingen
Pensioenfonds Vervoer	NOBEL BIDCO BV	2024-12-31	1.536	x1	EUR	https://www.pfvervoer.nl/over-ons/beleggen/spreiden-van-beleggingen
Pensioenfonds Vervoer	Nokia OYJ	2024-12-31	2.900	x1	EUR	https://www.pfvervoer.nl/over-ons/beleggen/spreiden-van-beleggingen
Pensioenfonds Vervoer	Nomura International PLC	2024-12-31	4.809	x1	EUR	https://www.pfvervoer.nl/over-ons/beleggen/spreiden-van-beleggingen
Pensioenfonds Vervoer	NORDEA KREDIT REALKREDIT	2024-12-31	2.787	x1	EUR	https://www.pfvervoer.nl/over-ons/beleggen/spreiden-van-beleggingen
Pensioenfonds Vervoer	Nordic Investment Bank	2024-12-31	1.205	x1	EUR	https://www.pfvervoer.nl/over-ons/beleggen/spreiden-van-beleggingen
Pensioenfonds Vervoer	Nordson Corp	2024-12-31	2.577	x1	EUR	https://www.pfvervoer.nl/over-ons/beleggen/spreiden-van-beleggingen
Pensioenfonds Vervoer	NORFOLK SOUTHERN CORP	2024-12-31	3.180	x1	EUR	https://www.pfvervoer.nl/over-ons/beleggen/spreiden-van-beleggingen
Pensioenfonds Vervoer	NORTHERN TRUST COMPANY LONDON	2024-12-31	13.398	x1	EUR	https://www.pfvervoer.nl/over-ons/beleggen/spreiden-van-beleggingen
Pensioenfonds Vervoer	Northern Trust Global Funds PL	2024-12-31	27.436	x1	EUR	https://www.pfvervoer.nl/over-ons/beleggen/spreiden-van-beleggingen
Pensioenfonds Vervoer	NORTHERN TRUST INTERN BANK	2024-12-31	64.436	x1	EUR	https://www.pfvervoer.nl/over-ons/beleggen/spreiden-van-beleggingen
Pensioenfonds Vervoer	Northumbrian Water Group PLC	2024-12-31	1.280	x1	EUR	https://www.pfvervoer.nl/over-ons/beleggen/spreiden-van-beleggingen
Pensioenfonds Vervoer	Norwegian Cruise Line HoldingsNCLH	2024-12-31	5.619	x1	EUR	https://www.pfvervoer.nl/over-ons/beleggen/spreiden-van-beleggingen
Pensioenfonds Vervoer	NOVA CHEMICALS CORP	2024-12-31	2.873	x1	EUR	https://www.pfvervoer.nl/over-ons/beleggen/spreiden-van-beleggingen
Pensioenfonds Vervoer	NOVELIS INC	2024-12-31	12.288	x1	EUR	https://www.pfvervoer.nl/over-ons/beleggen/spreiden-van-beleggingen
Pensioenfonds Vervoer	NRG ENERGY INC	2024-12-31	878	x1	EUR	https://www.pfvervoer.nl/over-ons/beleggen/spreiden-van-beleggingen
Pensioenfonds Vervoer	NTT Data Corp	2024-12-31	13.379	x1	EUR	https://www.pfvervoer.nl/over-ons/beleggen/spreiden-van-beleggingen
Pensioenfonds Vervoer	Nufarm Ltd	2024-12-31	2.550	x1	EUR	https://www.pfvervoer.nl/over-ons/beleggen/spreiden-van-beleggingen
Pensioenfonds Vervoer	Nustar Pipeline Oper	2024-12-31	3.701	x1	EUR	https://www.pfvervoer.nl/over-ons/beleggen/spreiden-van-beleggingen
Pensioenfonds Vervoer	NVR INC	2024-12-31	3.934	x1	EUR	https://www.pfvervoer.nl/over-ons/beleggen/spreiden-van-beleggingen
Pensioenfonds Vervoer	NXP Semiconductor NV	2024-12-31	3.981	x1	EUR	https://www.pfvervoer.nl/over-ons/beleggen/spreiden-van-beleggingen
Pensioenfonds Vervoer	Nykredit	2024-12-31	124	x1	EUR	https://www.pfvervoer.nl/over-ons/beleggen/spreiden-van-beleggingen
Pensioenfonds Vervoer	Oceaneering Intl Inc	2024-12-31	2.057	x1	EUR	https://www.pfvervoer.nl/over-ons/beleggen/spreiden-van-beleggingen
Pensioenfonds Vervoer	OHIO NAT FINANCIAL SRVS	2024-12-31	4.387	x1	EUR	https://www.pfvervoer.nl/over-ons/beleggen/spreiden-van-beleggingen
Pensioenfonds Vervoer	OHIO ST UNIV	2024-12-31	910	x1	EUR	https://www.pfvervoer.nl/over-ons/beleggen/spreiden-van-beleggingen
Pensioenfonds Vervoer	OHIOHEALTH CORP	2024-12-31	2.392	x1	EUR	https://www.pfvervoer.nl/over-ons/beleggen/spreiden-van-beleggingen
Pensioenfonds Vervoer	OI EUROPEAN GROUP BV	2024-12-31	7.639	x1	EUR	https://www.pfvervoer.nl/over-ons/beleggen/spreiden-van-beleggingen
Pensioenfonds Vervoer	Oncor Electric Delivery	2024-12-31	7.398	x1	EUR	https://www.pfvervoer.nl/over-ons/beleggen/spreiden-van-beleggingen
Pensioenfonds Vervoer	ONE HOTEL GMBH	2024-12-31	3.743	x1	EUR	https://www.pfvervoer.nl/over-ons/beleggen/spreiden-van-beleggingen
Pensioenfonds Vervoer	ONEMAIN FINANCE CORP	2024-12-31	23.143	x1	EUR	https://www.pfvervoer.nl/over-ons/beleggen/spreiden-van-beleggingen
Pensioenfonds Vervoer	ONTARIO TEACHERS FINANCE TRUST	2024-12-31	4.241	x1	EUR	https://www.pfvervoer.nl/over-ons/beleggen/spreiden-van-beleggingen
Pensioenfonds Vervoer	OP Corporate Bank PLC	2024-12-31	3.446	x1	EUR	https://www.pfvervoer.nl/over-ons/beleggen/spreiden-van-beleggingen
Pensioenfonds Vervoer	OPEN TEXT CORP	2024-12-31	6.316	x1	EUR	https://www.pfvervoer.nl/over-ons/beleggen/spreiden-van-beleggingen
Pensioenfonds Vervoer	Optics Bidco SpA	2024-12-31	1.217	x1	EUR	https://www.pfvervoer.nl/over-ons/beleggen/spreiden-van-beleggingen
Pensioenfonds Vervoer	Oracle Corp	2024-12-31	17.938	x1	EUR	https://www.pfvervoer.nl/over-ons/beleggen/spreiden-van-beleggingen
Pensioenfonds Vervoer	Orange SA	2024-12-31	5.679	x1	EUR	https://www.pfvervoer.nl/over-ons/beleggen/spreiden-van-beleggingen
Pensioenfonds Vervoer	ORBIA ADVANCE CORP SAB	2024-12-31	2.871	x1	EUR	https://www.pfvervoer.nl/over-ons/beleggen/spreiden-van-beleggingen
Pensioenfonds Vervoer	ORCHESTRA BORROWER/CO-IS	2024-12-31	3.288	x1	EUR	https://www.pfvervoer.nl/over-ons/beleggen/spreiden-van-beleggingen
Pensioenfonds Vervoer	ORGANON & CO	2024-12-31	16.434	x1	EUR	https://www.pfvervoer.nl/over-ons/beleggen/spreiden-van-beleggingen
Pensioenfonds Vervoer	ORLANDO HEALTH OBL GRP	2024-12-31	1.011	x1	EUR	https://www.pfvervoer.nl/over-ons/beleggen/spreiden-van-beleggingen
Pensioenfonds Vervoer	ORSTED A/S	2024-12-31	7.225	x1	EUR	https://www.pfvervoer.nl/over-ons/beleggen/spreiden-van-beleggingen
Pensioenfonds Vervoer	OSCAR ACQUISITIONCO LLC	2024-12-31	2.554	x1	EUR	https://www.pfvervoer.nl/over-ons/beleggen/spreiden-van-beleggingen
Pensioenfonds Vervoer	Otis Worldwide Corp	2024-12-31	2.858	x1	EUR	https://www.pfvervoer.nl/over-ons/beleggen/spreiden-van-beleggingen
Pensioenfonds Vervoer	OUTFRONT MEDIA CAP LLC/C	2024-12-31	11.851	x1	EUR	https://www.pfvervoer.nl/over-ons/beleggen/spreiden-van-beleggingen
Pensioenfonds Vervoer	Owens & Minor Inc	2024-12-31	2.156	x1	EUR	https://www.pfvervoer.nl/over-ons/beleggen/spreiden-van-beleggingen
Pensioenfonds Vervoer	Owens Corning Inc	2024-12-31	3.434	x1	EUR	https://www.pfvervoer.nl/over-ons/beleggen/spreiden-van-beleggingen
Pensioenfonds Vervoer	OXFORD FIN LLC/CO-ISS II	2024-12-31	6.209	x1	EUR	https://www.pfvervoer.nl/over-ons/beleggen/spreiden-van-beleggingen
Pensioenfonds Vervoer	Pacific Life Corp	2024-12-31	260	x1	EUR	https://www.pfvervoer.nl/over-ons/beleggen/spreiden-van-beleggingen
Pensioenfonds Vervoer	PAETEC HOLDING CORP	2024-12-31	8.788	x1	EUR	https://www.pfvervoer.nl/over-ons/beleggen/spreiden-van-beleggingen
Pensioenfonds Vervoer	Pandora A/S	2024-12-31	3.448	x1	EUR	https://www.pfvervoer.nl/over-ons/beleggen/spreiden-van-beleggingen
Pensioenfonds Vervoer	PANTHER BF AGGREGATOR	2024-12-31	2	x1	EUR	https://www.pfvervoer.nl/over-ons/beleggen/spreiden-van-beleggingen
Pensioenfonds Vervoer	PANTHER ESCROW ISSUER	2024-12-31	6.208	x1	EUR	https://www.pfvervoer.nl/over-ons/beleggen/spreiden-van-beleggingen
Pensioenfonds Vervoer	PAPREC HOLDING	2024-12-31	9.023	x1	EUR	https://www.pfvervoer.nl/over-ons/beleggen/spreiden-van-beleggingen
Pensioenfonds Vervoer	PARAMOUNT GLOBAL	2024-12-31	3.758	x1	EUR	https://www.pfvervoer.nl/over-ons/beleggen/spreiden-van-beleggingen
Pensioenfonds Vervoer	Park intermed holdings	2024-12-31	9.088	x1	EUR	https://www.pfvervoer.nl/over-ons/beleggen/spreiden-van-beleggingen
Pensioenfonds Vervoer	Parkland Fuel Corp	2024-12-31	2.726	x1	EUR	https://www.pfvervoer.nl/over-ons/beleggen/spreiden-van-beleggingen
Pensioenfonds Vervoer	Pattern Energy Group Inc	2024-12-31	3.143	x1	EUR	https://www.pfvervoer.nl/over-ons/beleggen/spreiden-van-beleggingen
Pensioenfonds Vervoer	PEABODY CAPITAL NO TWO	2024-12-31	391	x1	EUR	https://www.pfvervoer.nl/over-ons/beleggen/spreiden-van-beleggingen
Pensioenfonds Vervoer	PEACEHEALTH OBLIGATED GR	2024-12-31	292	x1	EUR	https://www.pfvervoer.nl/over-ons/beleggen/spreiden-van-beleggingen
Pensioenfonds Vervoer	Pearson Plc	2024-12-31	1.852	x1	EUR	https://www.pfvervoer.nl/over-ons/beleggen/spreiden-van-beleggingen
Pensioenfonds Vervoer	Pebblebrook Hotel Trust	2024-12-31	6.057	x1	EUR	https://www.pfvervoer.nl/over-ons/beleggen/spreiden-van-beleggingen
Pensioenfonds Vervoer	PENINSULA GAMING LLC	2024-12-31	5.520	x1	EUR	https://www.pfvervoer.nl/over-ons/beleggen/spreiden-van-beleggingen
Pensioenfonds Vervoer	Pennon Group PLC	2024-12-31	2.060	x1	EUR	https://www.pfvervoer.nl/over-ons/beleggen/spreiden-van-beleggingen
Pensioenfonds Vervoer	PENNSYLVANIA ST UNIV	2024-12-31	1.529	x1	EUR	https://www.pfvervoer.nl/over-ons/beleggen/spreiden-van-beleggingen
Pensioenfonds Vervoer	PENSION INSURANCE	2024-12-31	1.971	x1	EUR	https://www.pfvervoer.nl/over-ons/beleggen/spreiden-van-beleggingen
Pensioenfonds Vervoer	Penske Truck Leasing / Ptl	2024-12-31	8.701	x1	EUR	https://www.pfvervoer.nl/over-ons/beleggen/spreiden-van-beleggingen
Pensioenfonds Vervoer	PepsiCo Inc /NC	2024-12-31	8.190	x1	EUR	https://www.pfvervoer.nl/over-ons/beleggen/spreiden-van-beleggingen
Pensioenfonds Vervoer	PERFORMANCE FOOD GROUP I	2024-12-31	8.982	x1	EUR	https://www.pfvervoer.nl/over-ons/beleggen/spreiden-van-beleggingen
Pensioenfonds Vervoer	Pertamina Pt	2024-12-31	1.175	x1	EUR	https://www.pfvervoer.nl/over-ons/beleggen/spreiden-van-beleggingen
Pensioenfonds Vervoer	PERU BONO SOBERANO	2024-12-31	633	x1	EUR	https://www.pfvervoer.nl/over-ons/beleggen/spreiden-van-beleggingen
Pensioenfonds Vervoer	PEU FIN LTD	2024-12-31	1.992	x1	EUR	https://www.pfvervoer.nl/over-ons/beleggen/spreiden-van-beleggingen
Pensioenfonds Vervoer	PG&E Corp	2024-12-31	16.253	x1	EUR	https://www.pfvervoer.nl/over-ons/beleggen/spreiden-van-beleggingen
Pensioenfonds Vervoer	PHI Group Inc/DE	2024-12-31	4.101	x1	EUR	https://www.pfvervoer.nl/over-ons/beleggen/spreiden-van-beleggingen
Pensioenfonds Vervoer	PHILLIPS EDISON GROCERY	2024-12-31	2.349	x1	EUR	https://www.pfvervoer.nl/over-ons/beleggen/spreiden-van-beleggingen
Pensioenfonds Vervoer	PHINIA INC	2024-12-31	4.943	x1	EUR	https://www.pfvervoer.nl/over-ons/beleggen/spreiden-van-beleggingen
Pensioenfonds Vervoer	PHYSICIANS REALTY LP	2024-12-31	2.640	x1	EUR	https://www.pfvervoer.nl/over-ons/beleggen/spreiden-van-beleggingen
Pensioenfonds Vervoer	Pike Corp	2024-12-31	4.209	x1	EUR	https://www.pfvervoer.nl/over-ons/beleggen/spreiden-van-beleggingen
Pensioenfonds Vervoer	PINEWOOD FINCO PLC	2024-12-31	5.308	x1	EUR	https://www.pfvervoer.nl/over-ons/beleggen/spreiden-van-beleggingen
Pensioenfonds Vervoer	PINNACLE BIDCO PLC	2024-12-31	9.638	x1	EUR	https://www.pfvervoer.nl/over-ons/beleggen/spreiden-van-beleggingen
Pensioenfonds Vervoer	PIRAEUS BANK S,A,	2024-12-31	1.610	x1	EUR	https://www.pfvervoer.nl/over-ons/beleggen/spreiden-van-beleggingen
Pensioenfonds Vervoer	PLACES FOR PEOPLE TREAS	2024-12-31	5.161	x1	EUR	https://www.pfvervoer.nl/over-ons/beleggen/spreiden-van-beleggingen
Pensioenfonds Vervoer	Playtech Ltd	2024-12-31	1.010	x1	EUR	https://www.pfvervoer.nl/over-ons/beleggen/spreiden-van-beleggingen
Pensioenfonds Vervoer	PLAYTIKA HOLDING CORP	2024-12-31	8.213	x1	EUR	https://www.pfvervoer.nl/over-ons/beleggen/spreiden-van-beleggingen
Pensioenfonds Vervoer	PLT VII Finance SARL	2024-12-31	784	x1	EUR	https://www.pfvervoer.nl/over-ons/beleggen/spreiden-van-beleggingen
Pensioenfonds Vervoer	PNC Financial Services Group I	2024-12-31	2.600	x1	EUR	https://www.pfvervoer.nl/over-ons/beleggen/spreiden-van-beleggingen
Pensioenfonds Vervoer	PORT AUTH OF NEW YORK & NEW JE	2024-12-31	1.928	x1	EUR	https://www.pfvervoer.nl/over-ons/beleggen/spreiden-van-beleggingen
Pensioenfonds Vervoer	PPF TELECOM GROUP BV	2024-12-31	4.331	x1	EUR	https://www.pfvervoer.nl/over-ons/beleggen/spreiden-van-beleggingen
Pensioenfonds Vervoer	PRAIRIE ECI ACQUIROR LP	2024-12-31	4.658	x1	EUR	https://www.pfvervoer.nl/over-ons/beleggen/spreiden-van-beleggingen
Pensioenfonds Vervoer	PREMIER FOODS PLC	2024-12-31	3.395	x1	EUR	https://www.pfvervoer.nl/over-ons/beleggen/spreiden-van-beleggingen
Pensioenfonds Vervoer	PRESIDIO HOLDING INC	2024-12-31	4.613	x1	EUR	https://www.pfvervoer.nl/over-ons/beleggen/spreiden-van-beleggingen
Pensioenfonds Vervoer	PRIME SECSRVC BRW/FINANC	2024-12-31	8.006	x1	EUR	https://www.pfvervoer.nl/over-ons/beleggen/spreiden-van-beleggingen
Pensioenfonds Vervoer	Primo Water Corp	2024-12-31	6.095	x1	EUR	https://www.pfvervoer.nl/over-ons/beleggen/spreiden-van-beleggingen
Pensioenfonds Vervoer	Principal Financial Group Inc	2024-12-31	1.149	x1	EUR	https://www.pfvervoer.nl/over-ons/beleggen/spreiden-van-beleggingen
Pensioenfonds Vervoer	PROG HOLDINGS INC	2024-12-31	5.875	x1	EUR	https://www.pfvervoer.nl/over-ons/beleggen/spreiden-van-beleggingen
Pensioenfonds Vervoer	Prologis International Fund II	2024-12-31	17.824	x1	EUR	https://www.pfvervoer.nl/over-ons/beleggen/spreiden-van-beleggingen
Pensioenfonds Vervoer	Prologis LP	2024-12-31	4.834	x1	EUR	https://www.pfvervoer.nl/over-ons/beleggen/spreiden-van-beleggingen
Pensioenfonds Vervoer	PROV ST JOSEPH HLTH OBL	2024-12-31	2.349	x1	EUR	https://www.pfvervoer.nl/over-ons/beleggen/spreiden-van-beleggingen
Pensioenfonds Vervoer	Province of Ontario	2024-12-31	9.596	x1	EUR	https://www.pfvervoer.nl/over-ons/beleggen/spreiden-van-beleggingen
Pensioenfonds Vervoer	Proximus	2024-12-31	6.126	x1	EUR	https://www.pfvervoer.nl/over-ons/beleggen/spreiden-van-beleggingen
Pensioenfonds Vervoer	PRYSMIAN SPA	2024-12-31	2.429	x1	EUR	https://www.pfvervoer.nl/over-ons/beleggen/spreiden-van-beleggingen
Pensioenfonds Vervoer	Public Service Enterprise Grou	2024-12-31	8.887	x1	EUR	https://www.pfvervoer.nl/over-ons/beleggen/spreiden-van-beleggingen
Pensioenfonds Vervoer	PUNCH FINANCE PL	2024-12-31	724	x1	EUR	https://www.pfvervoer.nl/over-ons/beleggen/spreiden-van-beleggingen
Pensioenfonds Vervoer	PVH Corp	2024-12-31	1.048	x1	EUR	https://www.pfvervoer.nl/over-ons/beleggen/spreiden-van-beleggingen
Pensioenfonds Vervoer	PVTPL NEW COTAI PARTIICIPATION CORP CL BCOM STK	2024-12-31	8	x1	EUR	https://www.pfvervoer.nl/over-ons/beleggen/spreiden-van-beleggingen
Pensioenfonds Vervoer	Q-PARK HOLDING BV	2024-12-31	3.525	x1	EUR	https://www.pfvervoer.nl/over-ons/beleggen/spreiden-van-beleggingen
Pensioenfonds Vervoer	QUALCOMM Inc	2024-12-31	6.183	x1	EUR	https://www.pfvervoer.nl/over-ons/beleggen/spreiden-van-beleggingen
Pensioenfonds Vervoer	QUEENS HEALTH SYSTEMS	2024-12-31	916	x1	EUR	https://www.pfvervoer.nl/over-ons/beleggen/spreiden-van-beleggingen
Pensioenfonds Vervoer	Quest Diagnostics Inc /DE	2024-12-31	2.257	x1	EUR	https://www.pfvervoer.nl/over-ons/beleggen/spreiden-van-beleggingen
Pensioenfonds Vervoer	QUINTIS AUS PTY LTD	2024-12-31	105	x1	EUR	https://www.pfvervoer.nl/over-ons/beleggen/spreiden-van-beleggingen
Pensioenfonds Vervoer	QVC INC	2024-12-31	8.028	x1	EUR	https://www.pfvervoer.nl/over-ons/beleggen/spreiden-van-beleggingen
Pensioenfonds Vervoer	R,R, DONNELLEY & SONS	2024-12-31	5.984	x1	EUR	https://www.pfvervoer.nl/over-ons/beleggen/spreiden-van-beleggingen
Pensioenfonds Vervoer	Rabobank Nederland NV	2024-12-31	2.805	x1	EUR	https://www.pfvervoer.nl/over-ons/beleggen/spreiden-van-beleggingen
Pensioenfonds Vervoer	RAILWORKS HOLDINGS LP/R	2024-12-31	2.224	x1	EUR	https://www.pfvervoer.nl/over-ons/beleggen/spreiden-van-beleggingen
Pensioenfonds Vervoer	RAISING CANE'S RESTAURAN	2024-12-31	3.586	x1	EUR	https://www.pfvervoer.nl/over-ons/beleggen/spreiden-van-beleggingen
Pensioenfonds Vervoer	RAKUTEN INC	2024-12-31	7.074	x1	EUR	https://www.pfvervoer.nl/over-ons/beleggen/spreiden-van-beleggingen
Pensioenfonds Vervoer	RAYONIER INC	2024-12-31	1.067	x1	EUR	https://www.pfvervoer.nl/over-ons/beleggen/spreiden-van-beleggingen
Pensioenfonds Vervoer	REALKREDIT DANMARK	2024-12-31	111	x1	EUR	https://www.pfvervoer.nl/over-ons/beleggen/spreiden-van-beleggingen
Pensioenfonds Vervoer	REALOGY GROUP/CO-ISSUER	2024-12-31	4.551	x1	EUR	https://www.pfvervoer.nl/over-ons/beleggen/spreiden-van-beleggingen
Pensioenfonds Vervoer	Realty Income Corp	2024-12-31	12.486	x1	EUR	https://www.pfvervoer.nl/over-ons/beleggen/spreiden-van-beleggingen
Pensioenfonds Vervoer	Reckitt Benckiser Group PLC	2024-12-31	2.935	x1	EUR	https://www.pfvervoer.nl/over-ons/beleggen/spreiden-van-beleggingen
Pensioenfonds Vervoer	Regal Rexnord Corp	2024-12-31	1.206	x1	EUR	https://www.pfvervoer.nl/over-ons/beleggen/spreiden-van-beleggingen
Pensioenfonds Vervoer	Regie Autonome Des Trans	2024-12-31	1.216	x1	EUR	https://www.pfvervoer.nl/over-ons/beleggen/spreiden-van-beleggingen
Pensioenfonds Vervoer	REGIONALCARE HOSPITAL PR	2024-12-31	13.383	x1	EUR	https://www.pfvervoer.nl/over-ons/beleggen/spreiden-van-beleggingen
Pensioenfonds Vervoer	Reinsurance Group of America Inc	2024-12-31	1.109	x1	EUR	https://www.pfvervoer.nl/over-ons/beleggen/spreiden-van-beleggingen
Pensioenfonds Vervoer	Relx Capital Inc,	2024-12-31	1.031	x1	EUR	https://www.pfvervoer.nl/over-ons/beleggen/spreiden-van-beleggingen
Pensioenfonds Vervoer	RENAULT S,A,	2024-12-31	13.815	x1	EUR	https://www.pfvervoer.nl/over-ons/beleggen/spreiden-van-beleggingen
Pensioenfonds Vervoer	RENTOKIL INITIAL PLC	2024-12-31	1.233	x1	EUR	https://www.pfvervoer.nl/over-ons/beleggen/spreiden-van-beleggingen
Pensioenfonds Vervoer	REPSOL INTL FINANCE	2024-12-31	9.265	x1	EUR	https://www.pfvervoer.nl/over-ons/beleggen/spreiden-van-beleggingen
Pensioenfonds Vervoer	Republic of Chile	2024-12-31	8.575	x1	EUR	https://www.pfvervoer.nl/over-ons/beleggen/spreiden-van-beleggingen
Pensioenfonds Vervoer	Republic of Hungary	2024-12-31	13.847	x1	EUR	https://www.pfvervoer.nl/over-ons/beleggen/spreiden-van-beleggingen
Pensioenfonds Vervoer	Republic of Indonesia	2024-12-31	1.908	x1	EUR	https://www.pfvervoer.nl/over-ons/beleggen/spreiden-van-beleggingen
Pensioenfonds Vervoer	Republic of Italy	2024-12-31	4.210	x1	EUR	https://www.pfvervoer.nl/over-ons/beleggen/spreiden-van-beleggingen
Pensioenfonds Vervoer	Republic Of Philippines	2024-12-31	592	x1	EUR	https://www.pfvervoer.nl/over-ons/beleggen/spreiden-van-beleggingen
Pensioenfonds Vervoer	Republic Of Poland	2024-12-31	10.767	x1	EUR	https://www.pfvervoer.nl/over-ons/beleggen/spreiden-van-beleggingen
Pensioenfonds Vervoer	RESA SA BELGIUM	2024-12-31	390	x1	EUR	https://www.pfvervoer.nl/over-ons/beleggen/spreiden-van-beleggingen
Pensioenfonds Vervoer	RESEAU FERRE DE FRANCE	2024-12-31	224	x1	EUR	https://www.pfvervoer.nl/over-ons/beleggen/spreiden-van-beleggingen
Pensioenfonds Vervoer	REXEL SA	2024-12-31	4.096	x1	EUR	https://www.pfvervoer.nl/over-ons/beleggen/spreiden-van-beleggingen
Pensioenfonds Vervoer	RHP HOTEL PPTY/RHP FINAN	2024-12-31	5.017	x1	EUR	https://www.pfvervoer.nl/over-ons/beleggen/spreiden-van-beleggingen
Pensioenfonds Vervoer	RIMINI BIDCO SPA	2024-12-31	1.249	x1	EUR	https://www.pfvervoer.nl/over-ons/beleggen/spreiden-van-beleggingen
Pensioenfonds Vervoer	RingCentral Inc	2024-12-31	2.238	x1	EUR	https://www.pfvervoer.nl/over-ons/beleggen/spreiden-van-beleggingen
Pensioenfonds Vervoer	Ritchie Bros Auctioneers Inc	2024-12-31	5.729	x1	EUR	https://www.pfvervoer.nl/over-ons/beleggen/spreiden-van-beleggingen
Pensioenfonds Vervoer	RLJ LODGING TRUST LP	2024-12-31	4.793	x1	EUR	https://www.pfvervoer.nl/over-ons/beleggen/spreiden-van-beleggingen
Pensioenfonds Vervoer	Roche Holding AG	2024-12-31	6.991	x1	EUR	https://www.pfvervoer.nl/over-ons/beleggen/spreiden-van-beleggingen
Pensioenfonds Vervoer	ROCKET SOFTWARE INC	2024-12-31	4.284	x1	EUR	https://www.pfvervoer.nl/over-ons/beleggen/spreiden-van-beleggingen
Pensioenfonds Vervoer	Rogers Communications Inc	2024-12-31	11.351	x1	EUR	https://www.pfvervoer.nl/over-ons/beleggen/spreiden-van-beleggingen
Pensioenfonds Vervoer	Rohm and Haas Co	2024-12-31	1.317	x1	EUR	https://www.pfvervoer.nl/over-ons/beleggen/spreiden-van-beleggingen
Pensioenfonds Vervoer	Romania	2024-12-31	4.971	x1	EUR	https://www.pfvervoer.nl/over-ons/beleggen/spreiden-van-beleggingen
Pensioenfonds Vervoer	ROPER INDUSTRIAL PRODUCT	2024-12-31	1.390	x1	EUR	https://www.pfvervoer.nl/over-ons/beleggen/spreiden-van-beleggingen
Pensioenfonds Vervoer	ROQUETTE FRERES SA	2024-12-31	1.536	x1	EUR	https://www.pfvervoer.nl/over-ons/beleggen/spreiden-van-beleggingen
Pensioenfonds Vervoer	Royal Caribbean Cruises Ltd	2024-12-31	7.259	x1	EUR	https://www.pfvervoer.nl/over-ons/beleggen/spreiden-van-beleggingen
Pensioenfonds Vervoer	RRD PARENT INC	2024-12-31	4.999	x1	EUR	https://www.pfvervoer.nl/over-ons/beleggen/spreiden-van-beleggingen
Pensioenfonds Vervoer	Ryder System Inc	2024-12-31	6.649	x1	EUR	https://www.pfvervoer.nl/over-ons/beleggen/spreiden-van-beleggingen
Pensioenfonds Vervoer	Sagax AB	2024-12-31	4.496	x1	EUR	https://www.pfvervoer.nl/over-ons/beleggen/spreiden-van-beleggingen
Pensioenfonds Vervoer	SAKS GLOBAL ENTERPRISES	2024-12-31	3.463	x1	EUR	https://www.pfvervoer.nl/over-ons/beleggen/spreiden-van-beleggingen
Pensioenfonds Vervoer	Sally Beauty Holdings Inc	2024-12-31	3.908	x1	EUR	https://www.pfvervoer.nl/over-ons/beleggen/spreiden-van-beleggingen
Pensioenfonds Vervoer	Sampo OYJ	2024-12-31	1.377	x1	EUR	https://www.pfvervoer.nl/over-ons/beleggen/spreiden-van-beleggingen
Pensioenfonds Vervoer	SAN ANTONIO TX ELEC & GAS REVE	2024-12-31	1.125	x1	EUR	https://www.pfvervoer.nl/over-ons/beleggen/spreiden-van-beleggingen
Pensioenfonds Vervoer	SANI/IKOS FINANCIAL HLDG	2024-12-31	2.075	x1	EUR	https://www.pfvervoer.nl/over-ons/beleggen/spreiden-van-beleggingen
Pensioenfonds Vervoer	SanPaolo IMI SpA	2024-12-31	25.233	x1	EUR	https://www.pfvervoer.nl/over-ons/beleggen/spreiden-van-beleggingen
Pensioenfonds Vervoer	Santander UK Plc	2024-12-31	9.938	x1	EUR	https://www.pfvervoer.nl/over-ons/beleggen/spreiden-van-beleggingen
Pensioenfonds Vervoer	SAZKA GROUP AS	2024-12-31	3.065	x1	EUR	https://www.pfvervoer.nl/over-ons/beleggen/spreiden-van-beleggingen
Pensioenfonds Vervoer	SC GAMES HOLDIN/US FINCO	2024-12-31	5.270	x1	EUR	https://www.pfvervoer.nl/over-ons/beleggen/spreiden-van-beleggingen
Pensioenfonds Vervoer	SCENTRE MGMT LTD	2024-12-31	546	x1	EUR	https://www.pfvervoer.nl/over-ons/beleggen/spreiden-van-beleggingen
Pensioenfonds Vervoer	Scottish & Southern Energy PLC	2024-12-31	9.255	x1	EUR	https://www.pfvervoer.nl/over-ons/beleggen/spreiden-van-beleggingen
Pensioenfonds Vervoer	SEALED AIR CORP	2024-12-31	4.709	x1	EUR	https://www.pfvervoer.nl/over-ons/beleggen/spreiden-van-beleggingen
Pensioenfonds Vervoer	Segro PLC	2024-12-31	1.612	x1	EUR	https://www.pfvervoer.nl/over-ons/beleggen/spreiden-van-beleggingen
Pensioenfonds Vervoer	SELP FINANCE SARL	2024-12-31	11.282	x1	EUR	https://www.pfvervoer.nl/over-ons/beleggen/spreiden-van-beleggingen
Pensioenfonds Vervoer	Sempra Energy	2024-12-31	11.453	x1	EUR	https://www.pfvervoer.nl/over-ons/beleggen/spreiden-van-beleggingen
Pensioenfonds Vervoer	Sensata Technologies Holding N	2024-12-31	2.972	x1	EUR	https://www.pfvervoer.nl/over-ons/beleggen/spreiden-van-beleggingen
Pensioenfonds Vervoer	SERVICE CORP INTL	2024-12-31	6.769	x1	EUR	https://www.pfvervoer.nl/over-ons/beleggen/spreiden-van-beleggingen
Pensioenfonds Vervoer	SES SA	2024-12-31	1.127	x1	EUR	https://www.pfvervoer.nl/over-ons/beleggen/spreiden-van-beleggingen
Pensioenfonds Vervoer	Severn Trent PLC	2024-12-31	5.234	x1	EUR	https://www.pfvervoer.nl/over-ons/beleggen/spreiden-van-beleggingen
Pensioenfonds Vervoer	SHEA HOMES LP/FNDG CP	2024-12-31	2.830	x1	EUR	https://www.pfvervoer.nl/over-ons/beleggen/spreiden-van-beleggingen
Pensioenfonds Vervoer	SHEARER'S FOODS LLC	2024-12-31	9.259	x1	EUR	https://www.pfvervoer.nl/over-ons/beleggen/spreiden-van-beleggingen
Pensioenfonds Vervoer	Sherwin-Williams Co	2024-12-31	1.824	x1	EUR	https://www.pfvervoer.nl/over-ons/beleggen/spreiden-van-beleggingen
Pensioenfonds Vervoer	Shinhan Bank	2024-12-31	6.497	x1	EUR	https://www.pfvervoer.nl/over-ons/beleggen/spreiden-van-beleggingen
Pensioenfonds Vervoer	Siemens AG	2024-12-31	4.941	x1	EUR	https://www.pfvervoer.nl/over-ons/beleggen/spreiden-van-beleggingen
Pensioenfonds Vervoer	SIEMENS ENERGY FINAN BV	2024-12-31	936	x1	EUR	https://www.pfvervoer.nl/over-ons/beleggen/spreiden-van-beleggingen
Pensioenfonds Vervoer	SILFIN NV	2024-12-31	2.017	x1	EUR	https://www.pfvervoer.nl/over-ons/beleggen/spreiden-van-beleggingen
Pensioenfonds Vervoer	Silgan Holdings Inc	2024-12-31	826	x1	EUR	https://www.pfvervoer.nl/over-ons/beleggen/spreiden-van-beleggingen
Pensioenfonds Vervoer	SIMMONS FOODS INC	2024-12-31	2.265	x1	EUR	https://www.pfvervoer.nl/over-ons/beleggen/spreiden-van-beleggingen
Pensioenfonds Vervoer	SINCLAIR TELEVISION GROU	2024-12-31	6.277	x1	EUR	https://www.pfvervoer.nl/over-ons/beleggen/spreiden-van-beleggingen
Pensioenfonds Vervoer	Sirius Real Estate Ltd	2024-12-31	1.074	x1	EUR	https://www.pfvervoer.nl/over-ons/beleggen/spreiden-van-beleggingen
Pensioenfonds Vervoer	SIRIUS XM HOLDINGS INC	2024-12-31	19.000	x1	EUR	https://www.pfvervoer.nl/over-ons/beleggen/spreiden-van-beleggingen
Pensioenfonds Vervoer	SK Hynix Inc	2024-12-31	4.687	x1	EUR	https://www.pfvervoer.nl/over-ons/beleggen/spreiden-van-beleggingen
Pensioenfonds Vervoer	Skandinaviska Enskilda Banken AB	2024-12-31	6.631	x1	EUR	https://www.pfvervoer.nl/over-ons/beleggen/spreiden-van-beleggingen
Pensioenfonds Vervoer	Sky Deutschland AG	2024-12-31	7.838	x1	EUR	https://www.pfvervoer.nl/over-ons/beleggen/spreiden-van-beleggingen
Pensioenfonds Vervoer	SLM CORP	2024-12-31	4.086	x1	EUR	https://www.pfvervoer.nl/over-ons/beleggen/spreiden-van-beleggingen
Pensioenfonds Vervoer	SMEDVIG ASA	2024-12-31	3.790	x1	EUR	https://www.pfvervoer.nl/over-ons/beleggen/spreiden-van-beleggingen
Pensioenfonds Vervoer	Smith International Inc	2024-12-31	5.032	x1	EUR	https://www.pfvervoer.nl/over-ons/beleggen/spreiden-van-beleggingen
Pensioenfonds Vervoer	SMURFIT KAPPA TREASURY	2024-12-31	5.003	x1	EUR	https://www.pfvervoer.nl/over-ons/beleggen/spreiden-van-beleggingen
Pensioenfonds Vervoer	Snam Spa	2024-12-31	6.691	x1	EUR	https://www.pfvervoer.nl/over-ons/beleggen/spreiden-van-beleggingen
Pensioenfonds Vervoer	SNCF	2024-12-31	602	x1	EUR	https://www.pfvervoer.nl/over-ons/beleggen/spreiden-van-beleggingen
Pensioenfonds Vervoer	SOCIETE DU GRAND PARIS	2024-12-31	4.288	x1	EUR	https://www.pfvervoer.nl/over-ons/beleggen/spreiden-van-beleggingen
Pensioenfonds Vervoer	Societe Generale	2024-12-31	28.924	x1	EUR	https://www.pfvervoer.nl/over-ons/beleggen/spreiden-van-beleggingen
Pensioenfonds Vervoer	Sofina SA	2024-12-31	4.426	x1	EUR	https://www.pfvervoer.nl/over-ons/beleggen/spreiden-van-beleggingen
Pensioenfonds Vervoer	SOFTBANK CORP	2024-12-31	10.825	x1	EUR	https://www.pfvervoer.nl/over-ons/beleggen/spreiden-van-beleggingen
Pensioenfonds Vervoer	SOGECAP SA	2024-12-31	3.653	x1	EUR	https://www.pfvervoer.nl/over-ons/beleggen/spreiden-van-beleggingen
Pensioenfonds Vervoer	SOLENIS INTERNATIONAL LP	2024-12-31	12.571	x1	EUR	https://www.pfvervoer.nl/over-ons/beleggen/spreiden-van-beleggingen
Pensioenfonds Vervoer	SOPHIA LP/FIN INC	2024-12-31	2.337	x1	EUR	https://www.pfvervoer.nl/over-ons/beleggen/spreiden-van-beleggingen
Pensioenfonds Vervoer	SOTHEBY'S	2024-12-31	8.763	x1	EUR	https://www.pfvervoer.nl/over-ons/beleggen/spreiden-van-beleggingen
Pensioenfonds Vervoer	SOUND INPATIENT PHYSICIA	2024-12-31	1.297	x1	EUR	https://www.pfvervoer.nl/over-ons/beleggen/spreiden-van-beleggingen
Pensioenfonds Vervoer	SOUTHERN GAS NETWORK PLC	2024-12-31	2.612	x1	EUR	https://www.pfvervoer.nl/over-ons/beleggen/spreiden-van-beleggingen
Pensioenfonds Vervoer	SP Plus Corp	2024-12-31	3.786	x1	EUR	https://www.pfvervoer.nl/over-ons/beleggen/spreiden-van-beleggingen
Pensioenfonds Vervoer	SPECIALTY BUILDINGS PROD	2024-12-31	8.835	x1	EUR	https://www.pfvervoer.nl/over-ons/beleggen/spreiden-van-beleggingen
Pensioenfonds Vervoer	Spectrum Brands Inc	2024-12-31	7	x1	EUR	https://www.pfvervoer.nl/over-ons/beleggen/spreiden-van-beleggingen
Pensioenfonds Vervoer	SPEEDWAY MOTORSPORTS INC	2024-12-31	2.906	x1	EUR	https://www.pfvervoer.nl/over-ons/beleggen/spreiden-van-beleggingen
Pensioenfonds Vervoer	SPIE SA	2024-12-31	806	x1	EUR	https://www.pfvervoer.nl/over-ons/beleggen/spreiden-van-beleggingen
Pensioenfonds Vervoer	SPRINT CAPITAL CORP	2024-12-31	1.116	x1	EUR	https://www.pfvervoer.nl/over-ons/beleggen/spreiden-van-beleggingen
Pensioenfonds Vervoer	SRM ESCROW ISSUER LLC	2024-12-31	6.410	x1	EUR	https://www.pfvervoer.nl/over-ons/beleggen/spreiden-van-beleggingen
Pensioenfonds Vervoer	SS&C TECH HOLDINGS INC	2024-12-31	8.906	x1	EUR	https://www.pfvervoer.nl/over-ons/beleggen/spreiden-van-beleggingen
Pensioenfonds Vervoer	Staat der Nederlanden	2024-12-31	1.661	x1	EUR	https://www.pfvervoer.nl/over-ons/beleggen/spreiden-van-beleggingen
Pensioenfonds Vervoer	STADA Arzneimittel AG	2024-12-31	7.630	x1	EUR	https://www.pfvervoer.nl/over-ons/beleggen/spreiden-van-beleggingen
Pensioenfonds Vervoer	Standard Charted London	2024-12-31	2.563	x1	EUR	https://www.pfvervoer.nl/over-ons/beleggen/spreiden-van-beleggingen
Pensioenfonds Vervoer	Standard Chartered PLC	2024-12-31	11.331	x1	EUR	https://www.pfvervoer.nl/over-ons/beleggen/spreiden-van-beleggingen
Pensioenfonds Vervoer	STANFORD HEALTH CARE	2024-12-31	424	x1	EUR	https://www.pfvervoer.nl/over-ons/beleggen/spreiden-van-beleggingen
Pensioenfonds Vervoer	Staples Inc	2024-12-31	2.237	x1	EUR	https://www.pfvervoer.nl/over-ons/beleggen/spreiden-van-beleggingen
Pensioenfonds Vervoer	State of Israel	2024-12-31	962	x1	EUR	https://www.pfvervoer.nl/over-ons/beleggen/spreiden-van-beleggingen
Pensioenfonds Vervoer	State of Qatar	2024-12-31	1.417	x1	EUR	https://www.pfvervoer.nl/over-ons/beleggen/spreiden-van-beleggingen
Pensioenfonds Vervoer	STATKRAFT AS	2024-12-31	6.383	x1	EUR	https://www.pfvervoer.nl/over-ons/beleggen/spreiden-van-beleggingen
Pensioenfonds Vervoer	Stedin	2024-12-31	1.836	x1	EUR	https://www.pfvervoer.nl/over-ons/beleggen/spreiden-van-beleggingen
Pensioenfonds Vervoer	STENA AB	2024-12-31	3.319	x1	EUR	https://www.pfvervoer.nl/over-ons/beleggen/spreiden-van-beleggingen
Pensioenfonds Vervoer	STERIGENICS-NORDION HOLD	2024-12-31	9.098	x1	EUR	https://www.pfvervoer.nl/over-ons/beleggen/spreiden-van-beleggingen
Pensioenfonds Vervoer	STONEGATE PUB FIN	2024-12-31	770	x1	EUR	https://www.pfvervoer.nl/over-ons/beleggen/spreiden-van-beleggingen
Pensioenfonds Vervoer	StoneX Group Inc	2024-12-31	5.895	x1	EUR	https://www.pfvervoer.nl/over-ons/beleggen/spreiden-van-beleggingen
Pensioenfonds Vervoer	Storm BV	2024-12-31	1.301	x1	EUR	https://www.pfvervoer.nl/over-ons/beleggen/spreiden-van-beleggingen
Pensioenfonds Vervoer	STRETFORD SEVENTY NINE	2024-12-31	1.606	x1	EUR	https://www.pfvervoer.nl/over-ons/beleggen/spreiden-van-beleggingen
Pensioenfonds Vervoer	STRUCTURED ADJUSTABLE RATE MOR	2024-12-31	2	x1	EUR	https://www.pfvervoer.nl/over-ons/beleggen/spreiden-van-beleggingen
Pensioenfonds Vervoer	STRUCTURED ASSET MORTGAGE INVE	2024-12-31	7	x1	EUR	https://www.pfvervoer.nl/over-ons/beleggen/spreiden-van-beleggingen
Pensioenfonds Vervoer	STRUCTURED ASSET SECURITIES CO	2024-12-31	3	x1	EUR	https://www.pfvervoer.nl/over-ons/beleggen/spreiden-van-beleggingen
Pensioenfonds Vervoer	STX Fixed Income B,V,	2024-12-31	2.891	x1	EUR	https://www.pfvervoer.nl/over-ons/beleggen/spreiden-van-beleggingen
Pensioenfonds Vervoer	STYROLUTION GROUP GMBH	2024-12-31	7.136	x1	EUR	https://www.pfvervoer.nl/over-ons/beleggen/spreiden-van-beleggingen
Pensioenfonds Vervoer	SUBURBAN PROPANE PARTNRS	2024-12-31	3.288	x1	EUR	https://www.pfvervoer.nl/over-ons/beleggen/spreiden-van-beleggingen
Pensioenfonds Vervoer	SUEZ	2024-12-31	1.930	x1	EUR	https://www.pfvervoer.nl/over-ons/beleggen/spreiden-van-beleggingen
Pensioenfonds Vervoer	Sumitomo Mitsui Banking Corp	2024-12-31	12.701	x1	EUR	https://www.pfvervoer.nl/over-ons/beleggen/spreiden-van-beleggingen
Pensioenfonds Vervoer	Sumitomo Mitsui Trust Holdings	2024-12-31	13.732	x1	EUR	https://www.pfvervoer.nl/over-ons/beleggen/spreiden-van-beleggingen
Pensioenfonds Vervoer	SUMMER BC HOLDCO B SARL	2024-12-31	3.163	x1	EUR	https://www.pfvervoer.nl/over-ons/beleggen/spreiden-van-beleggingen
Pensioenfonds Vervoer	SUMMIT MATERIALS LLC/FIN	2024-12-31	2.966	x1	EUR	https://www.pfvervoer.nl/over-ons/beleggen/spreiden-van-beleggingen
Pensioenfonds Vervoer	SUN COMMUNITIES	2024-12-31	10.167	x1	EUR	https://www.pfvervoer.nl/over-ons/beleggen/spreiden-van-beleggingen
Pensioenfonds Vervoer	SUTTER HEALTH	2024-12-31	867	x1	EUR	https://www.pfvervoer.nl/over-ons/beleggen/spreiden-van-beleggingen
Pensioenfonds Vervoer	Suzano Trading Ltd	2024-12-31	4.798	x1	EUR	https://www.pfvervoer.nl/over-ons/beleggen/spreiden-van-beleggingen
Pensioenfonds Vervoer	Svenska Handelsbanken AB	2024-12-31	6.466	x1	EUR	https://www.pfvervoer.nl/over-ons/beleggen/spreiden-van-beleggingen
Pensioenfonds Vervoer	Swedbank AB	2024-12-31	4.876	x1	EUR	https://www.pfvervoer.nl/over-ons/beleggen/spreiden-van-beleggingen
Pensioenfonds Vervoer	SWISSCOM AG	2024-12-31	3.817	x1	EUR	https://www.pfvervoer.nl/over-ons/beleggen/spreiden-van-beleggingen
Pensioenfonds Vervoer	Syensqo SA	2024-12-31	1.108	x1	EUR	https://www.pfvervoer.nl/over-ons/beleggen/spreiden-van-beleggingen
Pensioenfonds Vervoer	Synthomer PLC	2024-12-31	2.245	x1	EUR	https://www.pfvervoer.nl/over-ons/beleggen/spreiden-van-beleggingen
Pensioenfonds Vervoer	TALLGRASS NRG PRTNR/FIN	2024-12-31	2.718	x1	EUR	https://www.pfvervoer.nl/over-ons/beleggen/spreiden-van-beleggingen
Pensioenfonds Vervoer	TALOS PRODUCTION INC	2024-12-31	6.247	x1	EUR	https://www.pfvervoer.nl/over-ons/beleggen/spreiden-van-beleggingen
Pensioenfonds Vervoer	TD Bank US Holding Co	2024-12-31	3.842	x1	EUR	https://www.pfvervoer.nl/over-ons/beleggen/spreiden-van-beleggingen
Pensioenfonds Vervoer	TDC A/S	2024-12-31	5.278	x1	EUR	https://www.pfvervoer.nl/over-ons/beleggen/spreiden-van-beleggingen
Pensioenfonds Vervoer	TDF Infrastructure SAS	2024-12-31	6.931	x1	EUR	https://www.pfvervoer.nl/over-ons/beleggen/spreiden-van-beleggingen
Pensioenfonds Vervoer	Teachers Insurance & Annuity Ass, of America	2024-12-31	347	x1	EUR	https://www.pfvervoer.nl/over-ons/beleggen/spreiden-van-beleggingen
Pensioenfonds Vervoer	Techem Energy Metering Service GmbH & Co KG	2024-12-31	9.780	x1	EUR	https://www.pfvervoer.nl/over-ons/beleggen/spreiden-van-beleggingen
Pensioenfonds Vervoer	TEIDE LTD	2024-12-31	595	x1	EUR	https://www.pfvervoer.nl/over-ons/beleggen/spreiden-van-beleggingen
Pensioenfonds Vervoer	TELE COLUMBUS AG	2024-12-31	1.465	x1	EUR	https://www.pfvervoer.nl/over-ons/beleggen/spreiden-van-beleggingen
Pensioenfonds Vervoer	TELEFONICA EUROPE BV	2024-12-31	32.901	x1	EUR	https://www.pfvervoer.nl/over-ons/beleggen/spreiden-van-beleggingen
Pensioenfonds Vervoer	TELENET FINANCE LUX	2024-12-31	1.513	x1	EUR	https://www.pfvervoer.nl/over-ons/beleggen/spreiden-van-beleggingen
Pensioenfonds Vervoer	TELESAT CANADA/TELESAT L	2024-12-31	4.131	x1	EUR	https://www.pfvervoer.nl/over-ons/beleggen/spreiden-van-beleggingen
Pensioenfonds Vervoer	TELUS CORP	2024-12-31	1.411	x1	EUR	https://www.pfvervoer.nl/over-ons/beleggen/spreiden-van-beleggingen
Pensioenfonds Vervoer	Tema Pharmaceutical	2024-12-31	5.424	x1	EUR	https://www.pfvervoer.nl/over-ons/beleggen/spreiden-van-beleggingen
Pensioenfonds Vervoer	Temasek Financial I Ltd	2024-12-31	5.109	x1	EUR	https://www.pfvervoer.nl/over-ons/beleggen/spreiden-van-beleggingen
Pensioenfonds Vervoer	TENET HEALTHCARE CORP	2024-12-31	9.607	x1	EUR	https://www.pfvervoer.nl/over-ons/beleggen/spreiden-van-beleggingen
Pensioenfonds Vervoer	Tenneco Inc	2024-12-31	4.893	x1	EUR	https://www.pfvervoer.nl/over-ons/beleggen/spreiden-van-beleggingen
Pensioenfonds Vervoer	Tennet BV	2024-12-31	19.992	x1	EUR	https://www.pfvervoer.nl/over-ons/beleggen/spreiden-van-beleggingen
Pensioenfonds Vervoer	TEREGA SASU	2024-12-31	4.386	x1	EUR	https://www.pfvervoer.nl/over-ons/beleggen/spreiden-van-beleggingen
Pensioenfonds Vervoer	TEREX CORP	2024-12-31	2.524	x1	EUR	https://www.pfvervoer.nl/over-ons/beleggen/spreiden-van-beleggingen
Pensioenfonds Vervoer	TERNA SPA	2024-12-31	2.239	x1	EUR	https://www.pfvervoer.nl/over-ons/beleggen/spreiden-van-beleggingen
Pensioenfonds Vervoer	TESCO PLC	2024-12-31	2.731	x1	EUR	https://www.pfvervoer.nl/over-ons/beleggen/spreiden-van-beleggingen
Pensioenfonds Vervoer	TESCO PROPERTY FIN	2024-12-31	2	x1	EUR	https://www.pfvervoer.nl/over-ons/beleggen/spreiden-van-beleggingen
Pensioenfonds Vervoer	TEXAS HEALTH RESOURCES	2024-12-31	840	x1	EUR	https://www.pfvervoer.nl/over-ons/beleggen/spreiden-van-beleggingen
Pensioenfonds Vervoer	TEXAS ST TRANSPRTN COMMISSIONS	2024-12-31	772	x1	EUR	https://www.pfvervoer.nl/over-ons/beleggen/spreiden-van-beleggingen
Pensioenfonds Vervoer	THE DOCTORS CO	2024-12-31	1.833	x1	EUR	https://www.pfvervoer.nl/over-ons/beleggen/spreiden-van-beleggingen
Pensioenfonds Vervoer	Thermo Fisher Scientific Inc	2024-12-31	4.059	x1	EUR	https://www.pfvervoer.nl/over-ons/beleggen/spreiden-van-beleggingen
Pensioenfonds Vervoer	THFC FUNDING NO	2024-12-31	3	x1	EUR	https://www.pfvervoer.nl/over-ons/beleggen/spreiden-van-beleggingen
Pensioenfonds Vervoer	THOM EUROPE SAS	2024-12-31	2.365	x1	EUR	https://www.pfvervoer.nl/over-ons/beleggen/spreiden-van-beleggingen
Pensioenfonds Vervoer	TIBCO Software Inc	2024-12-31	7.505	x1	EUR	https://www.pfvervoer.nl/over-ons/beleggen/spreiden-van-beleggingen
Pensioenfonds Vervoer	Ticketmaster Entertainment Inc	2024-12-31	5.139	x1	EUR	https://www.pfvervoer.nl/over-ons/beleggen/spreiden-van-beleggingen
Pensioenfonds Vervoer	TIM SPA	2024-12-31	17.483	x1	EUR	https://www.pfvervoer.nl/over-ons/beleggen/spreiden-van-beleggingen
Pensioenfonds Vervoer	Tokyo Metropolitan Govt	2024-12-31	2.308	x1	EUR	https://www.pfvervoer.nl/over-ons/beleggen/spreiden-van-beleggingen
Pensioenfonds Vervoer	Toronto Dominion Bank	2024-12-31	332	x1	EUR	https://www.pfvervoer.nl/over-ons/beleggen/spreiden-van-beleggingen
Pensioenfonds Vervoer	Toyota Motor Corp	2024-12-31	4.109	x1	EUR	https://www.pfvervoer.nl/over-ons/beleggen/spreiden-van-beleggingen
Pensioenfonds Vervoer	TP ICAP PLC	2024-12-31	2.275	x1	EUR	https://www.pfvervoer.nl/over-ons/beleggen/spreiden-van-beleggingen
Pensioenfonds Vervoer	Trane Inc	2024-12-31	1.439	x1	EUR	https://www.pfvervoer.nl/over-ons/beleggen/spreiden-van-beleggingen
Pensioenfonds Vervoer	TRANSDIGM INC	2024-12-31	21.092	x1	EUR	https://www.pfvervoer.nl/over-ons/beleggen/spreiden-van-beleggingen
Pensioenfonds Vervoer	Transocean Ltd	2024-12-31	11.193	x1	EUR	https://www.pfvervoer.nl/over-ons/beleggen/spreiden-van-beleggingen
Pensioenfonds Vervoer	Transurban Group	2024-12-31	2.399	x1	EUR	https://www.pfvervoer.nl/over-ons/beleggen/spreiden-van-beleggingen
Pensioenfonds Vervoer	TREASURY BILL	2024-12-31	98.289	x1	EUR	https://www.pfvervoer.nl/over-ons/beleggen/spreiden-van-beleggingen
Pensioenfonds Vervoer	TriNet Group Inc	2024-12-31	2.477	x1	EUR	https://www.pfvervoer.nl/over-ons/beleggen/spreiden-van-beleggingen
Pensioenfonds Vervoer	TRIVIUM PACKAGING FIN	2024-12-31	6.807	x1	EUR	https://www.pfvervoer.nl/over-ons/beleggen/spreiden-van-beleggingen
Pensioenfonds Vervoer	TRONOX FINANCE LLC	2024-12-31	642	x1	EUR	https://www.pfvervoer.nl/over-ons/beleggen/spreiden-van-beleggingen
Pensioenfonds Vervoer	TRUIST BANK	2024-12-31	6.360	x1	EUR	https://www.pfvervoer.nl/over-ons/beleggen/spreiden-van-beleggingen
Pensioenfonds Vervoer	Tsy Infl IX N/B	2024-12-31	27.295	x1	EUR	https://www.pfvervoer.nl/over-ons/beleggen/spreiden-van-beleggingen
Pensioenfonds Vervoer	TUI AG	2024-12-31	1.813	x1	EUR	https://www.pfvervoer.nl/over-ons/beleggen/spreiden-van-beleggingen
Pensioenfonds Vervoer	TUI CRUISES GMBH	2024-12-31	4.518	x1	EUR	https://www.pfvervoer.nl/over-ons/beleggen/spreiden-van-beleggingen
Pensioenfonds Vervoer	Twenty-First Century Fox Inc	2024-12-31	1.452	x1	EUR	https://www.pfvervoer.nl/over-ons/beleggen/spreiden-van-beleggingen
Pensioenfonds Vervoer	Twilio Inc	2024-12-31	3.398	x1	EUR	https://www.pfvervoer.nl/over-ons/beleggen/spreiden-van-beleggingen
Pensioenfonds Vervoer	UBER TECHNOLOGIES INC	2024-12-31	7.908	x1	EUR	https://www.pfvervoer.nl/over-ons/beleggen/spreiden-van-beleggingen
Pensioenfonds Vervoer	UBS	2024-12-31	53.880	x1	EUR	https://www.pfvervoer.nl/over-ons/beleggen/spreiden-van-beleggingen
Pensioenfonds Vervoer	UCB SA	2024-12-31	6.016	x1	EUR	https://www.pfvervoer.nl/over-ons/beleggen/spreiden-van-beleggingen
Pensioenfonds Vervoer	UDR Inc	2024-12-31	2.622	x1	EUR	https://www.pfvervoer.nl/over-ons/beleggen/spreiden-van-beleggingen
Pensioenfonds Vervoer	ULTIMATE SOFTWARE GROUP INC	2024-12-31	8.232	x1	EUR	https://www.pfvervoer.nl/over-ons/beleggen/spreiden-van-beleggingen
Pensioenfonds Vervoer	UNICREDIT BK AUSTRIA AG	2024-12-31	1.618	x1	EUR	https://www.pfvervoer.nl/over-ons/beleggen/spreiden-van-beleggingen
Pensioenfonds Vervoer	UniCredit SpA	2024-12-31	14.246	x1	EUR	https://www.pfvervoer.nl/over-ons/beleggen/spreiden-van-beleggingen
Pensioenfonds Vervoer	UNIFRAX I LLC/UNIFRAX HO	2024-12-31	1.463	x1	EUR	https://www.pfvervoer.nl/over-ons/beleggen/spreiden-van-beleggingen
Pensioenfonds Vervoer	UNITED AIRLINES INC	2024-12-31	11.906	x1	EUR	https://www.pfvervoer.nl/over-ons/beleggen/spreiden-van-beleggingen
Pensioenfonds Vervoer	UNITED MEXICAN STATES	2024-12-31	19.058	x1	EUR	https://www.pfvervoer.nl/over-ons/beleggen/spreiden-van-beleggingen
Pensioenfonds Vervoer	United States Treasury	2024-12-31	3.509	x1	EUR	https://www.pfvervoer.nl/over-ons/beleggen/spreiden-van-beleggingen
Pensioenfonds Vervoer	UNITED UTILIT WATER PLC	2024-12-31	3.823	x1	EUR	https://www.pfvervoer.nl/over-ons/beleggen/spreiden-van-beleggingen
Pensioenfonds Vervoer	UNITED WHOLESALE MTGE LL	2024-12-31	1.596	x1	EUR	https://www.pfvervoer.nl/over-ons/beleggen/spreiden-van-beleggingen
Pensioenfonds Vervoer	Unitedhealth Group Inc	2024-12-31	15.976	x1	EUR	https://www.pfvervoer.nl/over-ons/beleggen/spreiden-van-beleggingen
Pensioenfonds Vervoer	UNIV OF CALIFORNIA CA RGTS MED	2024-12-31	335	x1	EUR	https://www.pfvervoer.nl/over-ons/beleggen/spreiden-van-beleggingen
Pensioenfonds Vervoer	Univ Of Southern Califor	2024-12-31	465	x1	EUR	https://www.pfvervoer.nl/over-ons/beleggen/spreiden-van-beleggingen
Pensioenfonds Vervoer	UNIV OF VIRGINIA VA UNIV REVEN	2024-12-31	185	x1	EUR	https://www.pfvervoer.nl/over-ons/beleggen/spreiden-van-beleggingen
Pensioenfonds Vervoer	UNIVAR SOLUTIONS USA INC	2024-12-31	2.952	x1	EUR	https://www.pfvervoer.nl/over-ons/beleggen/spreiden-van-beleggingen
Pensioenfonds Vervoer	UNIVERSITY OF CHICAGO	2024-12-31	555	x1	EUR	https://www.pfvervoer.nl/over-ons/beleggen/spreiden-van-beleggingen
Pensioenfonds Vervoer	UNIVERSITY OF OXFORD	2024-12-31	711	x1	EUR	https://www.pfvervoer.nl/over-ons/beleggen/spreiden-van-beleggingen
Pensioenfonds Vervoer	University of Pennsylvania	2024-12-31	1.434	x1	EUR	https://www.pfvervoer.nl/over-ons/beleggen/spreiden-van-beleggingen
Pensioenfonds Vervoer	UNIVISION COMMUNICATIONS	2024-12-31	7.236	x1	EUR	https://www.pfvervoer.nl/over-ons/beleggen/spreiden-van-beleggingen
Pensioenfonds Vervoer	Unum Group	2024-12-31	5.076	x1	EUR	https://www.pfvervoer.nl/over-ons/beleggen/spreiden-van-beleggingen
Pensioenfonds Vervoer	Upbound Group Inc	2024-12-31	6.032	x1	EUR	https://www.pfvervoer.nl/over-ons/beleggen/spreiden-van-beleggingen
Pensioenfonds Vervoer	UPJOHN FINANCE BV	2024-12-31	7.952	x1	EUR	https://www.pfvervoer.nl/over-ons/beleggen/spreiden-van-beleggingen
Pensioenfonds Vervoer	UPMC HEALTH SYSTEM	2024-12-31	584	x1	EUR	https://www.pfvervoer.nl/over-ons/beleggen/spreiden-van-beleggingen
Pensioenfonds Vervoer	UPM-KYMMENE OYJ	2024-12-31	3.731	x1	EUR	https://www.pfvervoer.nl/over-ons/beleggen/spreiden-van-beleggingen
Pensioenfonds Vervoer	US ACUTE CARE SOLUTIONS	2024-12-31	2.093	x1	EUR	https://www.pfvervoer.nl/over-ons/beleggen/spreiden-van-beleggingen
Pensioenfonds Vervoer	US BANK NA	2024-12-31	198	x1	EUR	https://www.pfvervoer.nl/over-ons/beleggen/spreiden-van-beleggingen
Pensioenfonds Vervoer	UWM HOLDINGS LLC	2024-12-31	3.399	x1	EUR	https://www.pfvervoer.nl/over-ons/beleggen/spreiden-van-beleggingen
Pensioenfonds Vervoer	Valeo SA	2024-12-31	7.429	x1	EUR	https://www.pfvervoer.nl/over-ons/beleggen/spreiden-van-beleggingen
Pensioenfonds Vervoer	VARSITY BRANDS LLC	2024-12-31	657	x1	EUR	https://www.pfvervoer.nl/over-ons/beleggen/spreiden-van-beleggingen
Pensioenfonds Vervoer	VELOCITY VEHICLE GROUP	2024-12-31	4.406	x1	EUR	https://www.pfvervoer.nl/over-ons/beleggen/spreiden-van-beleggingen
Pensioenfonds Vervoer	VENTURE GLOBAL LNG INC	2024-12-31	22.409	x1	EUR	https://www.pfvervoer.nl/over-ons/beleggen/spreiden-van-beleggingen
Pensioenfonds Vervoer	Verallia SA	2024-12-31	1.403	x1	EUR	https://www.pfvervoer.nl/over-ons/beleggen/spreiden-van-beleggingen
Pensioenfonds Vervoer	VERALTO CORP	2024-12-31	992	x1	EUR	https://www.pfvervoer.nl/over-ons/beleggen/spreiden-van-beleggingen
Pensioenfonds Vervoer	Verbund AG	2024-12-31	624	x1	EUR	https://www.pfvervoer.nl/over-ons/beleggen/spreiden-van-beleggingen
Pensioenfonds Vervoer	VERISURE HOLDING AB	2024-12-31	20.177	x1	EUR	https://www.pfvervoer.nl/over-ons/beleggen/spreiden-van-beleggingen
Pensioenfonds Vervoer	Verizon Communications	2024-12-31	20.909	x1	EUR	https://www.pfvervoer.nl/over-ons/beleggen/spreiden-van-beleggingen
Pensioenfonds Vervoer	VERTICAL HOLDCO GMBH	2024-12-31	1.197	x1	EUR	https://www.pfvervoer.nl/over-ons/beleggen/spreiden-van-beleggingen
Pensioenfonds Vervoer	VESTEDA FINANCE BV	2024-12-31	506	x1	EUR	https://www.pfvervoer.nl/over-ons/beleggen/spreiden-van-beleggingen
Pensioenfonds Vervoer	VF Corp	2024-12-31	2.171	x1	EUR	https://www.pfvervoer.nl/over-ons/beleggen/spreiden-van-beleggingen
Pensioenfonds Vervoer	VIA OUTLETS BV	2024-12-31	1.137	x1	EUR	https://www.pfvervoer.nl/over-ons/beleggen/spreiden-van-beleggingen
Pensioenfonds Vervoer	VIASAT INC	2024-12-31	7.700	x1	EUR	https://www.pfvervoer.nl/over-ons/beleggen/spreiden-van-beleggingen
Pensioenfonds Vervoer	VICI PROP	2024-12-31	1	x1	EUR	https://www.pfvervoer.nl/over-ons/beleggen/spreiden-van-beleggingen
Pensioenfonds Vervoer	VICTORIA PLC	2024-12-31	1.282	x1	EUR	https://www.pfvervoer.nl/over-ons/beleggen/spreiden-van-beleggingen
Pensioenfonds Vervoer	Victra Holdings	2024-12-31	5.087	x1	EUR	https://www.pfvervoer.nl/over-ons/beleggen/spreiden-van-beleggingen
Pensioenfonds Vervoer	Vier Gas Transport Gmbh	2024-12-31	5.686	x1	EUR	https://www.pfvervoer.nl/over-ons/beleggen/spreiden-van-beleggingen
Pensioenfonds Vervoer	VILMORIE ET COMP	2024-12-31	2.352	x1	EUR	https://www.pfvervoer.nl/over-ons/beleggen/spreiden-van-beleggingen
Pensioenfonds Vervoer	VIRGIN MEDIA FINANCE PLC	2024-12-31	52.907	x1	EUR	https://www.pfvervoer.nl/over-ons/beleggen/spreiden-van-beleggingen
Pensioenfonds Vervoer	VIRGIN MONEY UK PLC	2024-12-31	15.432	x1	EUR	https://www.pfvervoer.nl/over-ons/beleggen/spreiden-van-beleggingen
Pensioenfonds Vervoer	VISTAJET MALTA FIN / VIS	2024-12-31	4.149	x1	EUR	https://www.pfvervoer.nl/over-ons/beleggen/spreiden-van-beleggingen
Pensioenfonds Vervoer	VIVION INVESTMENTS	2024-12-31	1.595	x1	EUR	https://www.pfvervoer.nl/over-ons/beleggen/spreiden-van-beleggingen
Pensioenfonds Vervoer	VMWARE, INC,	2024-12-31	7.116	x1	EUR	https://www.pfvervoer.nl/over-ons/beleggen/spreiden-van-beleggingen
Pensioenfonds Vervoer	Volvo AB	2024-12-31	3.260	x1	EUR	https://www.pfvervoer.nl/over-ons/beleggen/spreiden-van-beleggingen
Pensioenfonds Vervoer	Voyage Bidco Ltd	2024-12-31	801	x1	EUR	https://www.pfvervoer.nl/over-ons/beleggen/spreiden-van-beleggingen
Pensioenfonds Vervoer	VT TOPCO INC	2024-12-31	7.203	x1	EUR	https://www.pfvervoer.nl/over-ons/beleggen/spreiden-van-beleggingen
Pensioenfonds Vervoer	VULCAN MATERIALS CO	2024-12-31	255	x1	EUR	https://www.pfvervoer.nl/over-ons/beleggen/spreiden-van-beleggingen
Pensioenfonds Vervoer	VW Credit Inc	2024-12-31	68.184	x1	EUR	https://www.pfvervoer.nl/over-ons/beleggen/spreiden-van-beleggingen
Pensioenfonds Vervoer	Wabtec Corp/DE	2024-12-31	857	x1	EUR	https://www.pfvervoer.nl/over-ons/beleggen/spreiden-van-beleggingen
Pensioenfonds Vervoer	Walgreens Boots Alliance Inc	2024-12-31	2.852	x1	EUR	https://www.pfvervoer.nl/over-ons/beleggen/spreiden-van-beleggingen
Pensioenfonds Vervoer	WAL-MART STORES INC	2024-12-31	646	x1	EUR	https://www.pfvervoer.nl/over-ons/beleggen/spreiden-van-beleggingen
Pensioenfonds Vervoer	WAMU MORTGAGE PASS-THROUGH CER	2024-12-31	186	x1	EUR	https://www.pfvervoer.nl/over-ons/beleggen/spreiden-van-beleggingen
Pensioenfonds Vervoer	WAND NEWCO	2024-12-31	3	x1	EUR	https://www.pfvervoer.nl/over-ons/beleggen/spreiden-van-beleggingen
Pensioenfonds Vervoer	Warner Bros Discovery Inc	2024-12-31	5.491	x1	EUR	https://www.pfvervoer.nl/over-ons/beleggen/spreiden-van-beleggingen
Pensioenfonds Vervoer	WASH MULTIFAMILY LAUNDRY SYS	2024-12-31	5.801	x1	EUR	https://www.pfvervoer.nl/over-ons/beleggen/spreiden-van-beleggingen
Pensioenfonds Vervoer	WASHINGTON UNIVERSITY	2024-12-31	1.933	x1	EUR	https://www.pfvervoer.nl/over-ons/beleggen/spreiden-van-beleggingen
Pensioenfonds Vervoer	WATCO COS LLC/FINANCE CO	2024-12-31	7.777	x1	EUR	https://www.pfvervoer.nl/over-ons/beleggen/spreiden-van-beleggingen
Pensioenfonds Vervoer	WAYNE MERGER SUB LLC	2024-12-31	13.568	x1	EUR	https://www.pfvervoer.nl/over-ons/beleggen/spreiden-van-beleggingen
Pensioenfonds Vervoer	WEATHERFORD INTERNATIONA	2024-12-31	6.074	x1	EUR	https://www.pfvervoer.nl/over-ons/beleggen/spreiden-van-beleggingen
Pensioenfonds Vervoer	WEEKLEY HOMES LLC/ FINAN	2024-12-31	3.165	x1	EUR	https://www.pfvervoer.nl/over-ons/beleggen/spreiden-van-beleggingen
Pensioenfonds Vervoer	Weight Watchers International	2024-12-31	1.154	x1	EUR	https://www.pfvervoer.nl/over-ons/beleggen/spreiden-van-beleggingen
Pensioenfonds Vervoer	WEIGHT WATCHERS INTL INC	2024-12-31	2.268	x1	EUR	https://www.pfvervoer.nl/over-ons/beleggen/spreiden-van-beleggingen
Pensioenfonds Vervoer	Wellington Management International Ltd	2024-12-31	5.468	x1	EUR	https://www.pfvervoer.nl/over-ons/beleggen/spreiden-van-beleggingen
Pensioenfonds Vervoer	Wells Fargo & Co	2024-12-31	27.514	x1	EUR	https://www.pfvervoer.nl/over-ons/beleggen/spreiden-van-beleggingen
Pensioenfonds Vervoer	WELLS FARGO COMMERCIAL MORTGAG	2024-12-31	3.781	x1	EUR	https://www.pfvervoer.nl/over-ons/beleggen/spreiden-van-beleggingen
Pensioenfonds Vervoer	WEPA HYGIENEPRODUKTE GMB	2024-12-31	1.921	x1	EUR	https://www.pfvervoer.nl/over-ons/beleggen/spreiden-van-beleggingen
Pensioenfonds Vervoer	WERFENLIFE SA	2024-12-31	1.394	x1	EUR	https://www.pfvervoer.nl/over-ons/beleggen/spreiden-van-beleggingen
Pensioenfonds Vervoer	WESCO DISTRIBUTION INC	2024-12-31	8.873	x1	EUR	https://www.pfvervoer.nl/over-ons/beleggen/spreiden-van-beleggingen
Pensioenfonds Vervoer	Wesfarmers Ltd	2024-12-31	1.068	x1	EUR	https://www.pfvervoer.nl/over-ons/beleggen/spreiden-van-beleggingen
Pensioenfonds Vervoer	WESSEX WATER SERVS FIN	2024-12-31	3.436	x1	EUR	https://www.pfvervoer.nl/over-ons/beleggen/spreiden-van-beleggingen
Pensioenfonds Vervoer	Western Gas Partners	2024-12-31	8.716	x1	EUR	https://www.pfvervoer.nl/over-ons/beleggen/spreiden-van-beleggingen
Pensioenfonds Vervoer	WEYERHAEUSER CO	2024-12-31	4.444	x1	EUR	https://www.pfvervoer.nl/over-ons/beleggen/spreiden-van-beleggingen
Pensioenfonds Vervoer	WILLIAMS COS INC	2024-12-31	10.999	x1	EUR	https://www.pfvervoer.nl/over-ons/beleggen/spreiden-van-beleggingen
Pensioenfonds Vervoer	Sor-Norge ASA	2024-12-31	2	x1	EUR	https://www.pfvervoer.nl/over-ons/beleggen/spreiden-van-beleggingen
Pensioenfonds Vervoer	WIPRO IT SERVICE	2024-12-31	4.570	x1	EUR	https://www.pfvervoer.nl/over-ons/beleggen/spreiden-van-beleggingen
Pensioenfonds Vervoer	WM Morrison Supermarkets PLC	2024-12-31	7.356	x1	EUR	https://www.pfvervoer.nl/over-ons/beleggen/spreiden-van-beleggingen
Pensioenfonds Vervoer	WORKSPACE GROUP PLC	2024-12-31	2.979	x1	EUR	https://www.pfvervoer.nl/over-ons/beleggen/spreiden-van-beleggingen
Pensioenfonds Vervoer	WORLDLINE SA/FRANCE	2024-12-31	9.588	x1	EUR	https://www.pfvervoer.nl/over-ons/beleggen/spreiden-van-beleggingen
Pensioenfonds Vervoer	WorleyParsons Ltd	2024-12-31	677	x1	EUR	https://www.pfvervoer.nl/over-ons/beleggen/spreiden-van-beleggingen
Pensioenfonds Vervoer	WP Carey Inc	2024-12-31	9.526	x1	EUR	https://www.pfvervoer.nl/over-ons/beleggen/spreiden-van-beleggingen
Pensioenfonds Vervoer	WP/AP TELECOM HOLDINGS	2024-12-31	874	x1	EUR	https://www.pfvervoer.nl/over-ons/beleggen/spreiden-van-beleggingen
Pensioenfonds Vervoer	WR Berkley Corp	2024-12-31	1.940	x1	EUR	https://www.pfvervoer.nl/over-ons/beleggen/spreiden-van-beleggingen
Pensioenfonds Vervoer	WYNN RESORTS FINANCE LLC	2024-12-31	6.919	x1	EUR	https://www.pfvervoer.nl/over-ons/beleggen/spreiden-van-beleggingen
Pensioenfonds Vervoer	Xerox Corp	2024-12-31	5.240	x1	EUR	https://www.pfvervoer.nl/over-ons/beleggen/spreiden-van-beleggingen
Pensioenfonds Vervoer	XPLR INFRAST OPERATING	2024-12-31	2.807	x1	EUR	https://www.pfvervoer.nl/over-ons/beleggen/spreiden-van-beleggingen
Pensioenfonds Vervoer	Xylem Inc	2024-12-31	998	x1	EUR	https://www.pfvervoer.nl/over-ons/beleggen/spreiden-van-beleggingen
Pensioenfonds Vervoer	Yale University	2024-12-31	942	x1	EUR	https://www.pfvervoer.nl/over-ons/beleggen/spreiden-van-beleggingen
Pensioenfonds Vervoer	Yamana Gold Inc	2024-12-31	6.338	x1	EUR	https://www.pfvervoer.nl/over-ons/beleggen/spreiden-van-beleggingen
Pensioenfonds Vervoer	Yara International Asa	2024-12-31	4.193	x1	EUR	https://www.pfvervoer.nl/over-ons/beleggen/spreiden-van-beleggingen
Pensioenfonds Vervoer	ZAYO GROUP HOLDINGS INC	2024-12-31	215	x1	EUR	https://www.pfvervoer.nl/over-ons/beleggen/spreiden-van-beleggingen
Pensioenfonds Vervoer	ZAYO GROUP LLC	2024-12-31	4.294	x1	EUR	https://www.pfvervoer.nl/over-ons/beleggen/spreiden-van-beleggingen
Pensioenfonds Vervoer	ZEGONA FINANCE PLC	2024-12-31	3.727	x1	EUR	https://www.pfvervoer.nl/over-ons/beleggen/spreiden-van-beleggingen
Pensioenfonds Vervoer	ZF NA CAPITAL	2024-12-31	24.117	x1	EUR	https://www.pfvervoer.nl/over-ons/beleggen/spreiden-van-beleggingen
Pensioenfonds Vervoer	ZI TECH LLC/ZI FIN CORP	2024-12-31	7.326	x1	EUR	https://www.pfvervoer.nl/over-ons/beleggen/spreiden-van-beleggingen
Pensioenfonds Vervoer	ZIGGO BOND CO	2024-12-31	16.143	x1	EUR	https://www.pfvervoer.nl/over-ons/beleggen/spreiden-van-beleggingen
Pensioenfonds Vervoer	ZIPRECRUITER INC	2024-12-31	3.936	x1	EUR	https://www.pfvervoer.nl/over-ons/beleggen/spreiden-van-beleggingen
Pensioenfonds Vervoer	ZUERCHER KANTONALBANK	2024-12-31	2.521	x1	EUR	https://www.pfvervoer.nl/over-ons/beleggen/spreiden-van-beleggingen
Pensioenfonds Vervoer	LIMA METRO LINE	2024-12-31	2	x1	EUR	https://www.pfvervoer.nl/over-ons/beleggen/spreiden-van-beleggingen
Pensioenfonds Vervoer	NBK TIER	2024-12-31	1	x1	EUR	https://www.pfvervoer.nl/over-ons/beleggen/spreiden-van-beleggingen
